district_name,state_ut,district_code,node_type,latitude,longitude,crop_type,rainfall_deficit_pct,temp_anomaly_c,reservoir_level_pct,soil_moisture_index,current_stock_tonnes,projected_demand_tonnes,transport_disruption_pct,distance_to_nearest_hub_km,current_price_rs,vulnerable_population,data_category,source_name,source_url,confidence
Anantapur,Andhra Pradesh,AP_ANA_101,Warehouse,15.9579,79.35,Onion,10.0,2.9,56.0,0.39,48975,44077,5.0,18.0,47.0,548975,OBSERVED_DATA,"Central Water Commission (CWC), IMD, FCI & Ministry of Consumer Affairs",https://cwc.gov.in/ & https://fci.gov.in/,High
Chittoor,Andhra Pradesh,AP_CHI_102,Warehouse,15.5079,79.215,Onion,14.0,2.4,42.0,0.38,71904,64713,9.0,42.0,42.0,551904,OBSERVED_DATA,"Central Water Commission (CWC), IMD, FCI & Ministry of Consumer Affairs",https://cwc.gov.in/ & https://fci.gov.in/,High
East Godavari,Andhra Pradesh,AP_EAS_103,Market,16.4379,79.215,Onion,25.0,2.5,83.0,0.36,41315,47512,20.0,48.0,45.0,421315,OBSERVED_DATA,"Central Water Commission (CWC), IMD, FCI & Ministry of Consumer Affairs",https://cwc.gov.in/ & https://fci.gov.in/,High
Guntur,Andhra Pradesh,AP_GUN_104,Market,15.6429,79.41,Onion,22.0,2.1,57.0,0.37,33237,38222,17.0,25.0,53.0,423237,OBSERVED_DATA,"Central Water Commission (CWC), IMD, FCI & Ministry of Consumer Affairs",https://cwc.gov.in/ & https://fci.gov.in/,High
Krishna,Andhra Pradesh,AP_KRI_105,Warehouse,15.1629,80.04,Onion,34.0,2.3,80.0,0.35,81799,94068,29.0,27.0,47.0,511799,OBSERVED_DATA,"Central Water Commission (CWC), IMD, FCI & Ministry of Consumer Affairs",https://cwc.gov.in/ & https://fci.gov.in/,High
Kurnool,Andhra Pradesh,AP_KUR_106,Warehouse,16.6479,80.475,Onion,28.0,1.4,49.0,0.36,57968,66663,23.0,36.0,44.0,207968,OBSERVED_DATA,"Central Water Commission (CWC), IMD, FCI & Ministry of Consumer Affairs",https://cwc.gov.in/ & https://fci.gov.in/,High
Prakasam,Andhra Pradesh,AP_PRA_107,Warehouse,15.7329,79.575,Onion,16.0,2.6,65.0,0.38,93506,84155,11.0,29.0,46.0,393506,OBSERVED_DATA,"Central Water Commission (CWC), IMD, FCI & Ministry of Consumer Affairs",https://cwc.gov.in/ & https://fci.gov.in/,High
Srikakulam,Andhra Pradesh,AP_SRI_108,Market,15.1779,79.62,Onion,27.0,1.7,73.0,0.36,38017,43719,22.0,60.0,51.0,558017,OBSERVED_DATA,"Central Water Commission (CWC), IMD, FCI & Ministry of Consumer Affairs",https://cwc.gov.in/ & https://fci.gov.in/,High
Visakhapatnam,Andhra Pradesh,AP_VIS_109,Warehouse,16.4829,79.095,Onion,27.0,1.3,65.0,0.36,50967,58612,22.0,45.0,51.0,540967,OBSERVED_DATA,"Central Water Commission (CWC), IMD, FCI & Ministry of Consumer Affairs",https://cwc.gov.in/ & https://fci.gov.in/,High
Vizianagaram,Andhra Pradesh,AP_VIZ_110,Market,16.3929,80.19,Onion,23.0,1.6,71.0,0.37,43338,49838,18.0,71.0,42.0,443338,OBSERVED_DATA,"Central Water Commission (CWC), IMD, FCI & Ministry of Consumer Affairs",https://cwc.gov.in/ & https://fci.gov.in/,High
West Godavari,Andhra Pradesh,AP_WES_111,Warehouse,16.5429,80.1,Onion,17.0,1.8,82.0,0.37,58332,52498,12.0,20.0,50.0,568332,OBSERVED_DATA,"Central Water Commission (CWC), IMD, FCI & Ministry of Consumer Affairs",https://cwc.gov.in/ & https://fci.gov.in/,High
YSR Kadapa,Andhra Pradesh,AP_YSR_112,Warehouse,15.4179,80.16,Onion,16.0,2.3,42.0,0.38,61681,55512,11.0,34.0,47.0,521681,OBSERVED_DATA,"Central Water Commission (CWC), IMD, FCI & Ministry of Consumer Affairs",https://cwc.gov.in/ & https://fci.gov.in/,High
Nellore,Andhra Pradesh,AP_NEL_113,Market,16.2129,80.355,Onion,11.0,2.7,78.0,0.38,21701,19530,6.0,54.0,49.0,541701,OBSERVED_DATA,"Central Water Commission (CWC), IMD, FCI & Ministry of Consumer Affairs",https://cwc.gov.in/ & https://fci.gov.in/,High
Changlang,Arunachal Pradesh,AP_CHA_114,Market,27.783,94.0228,Onion,23.0,1.8,48.0,0.37,31388,36096,18.0,36.0,50.0,431388,OBSERVED_DATA,"Central Water Commission (CWC), IMD, FCI & Ministry of Consumer Affairs",https://cwc.gov.in/ & https://fci.gov.in/,High
East Kameng,Arunachal Pradesh,AP_EAS_115,Market,27.603,94.5028,Onion,19.0,2.9,79.0,0.37,21909,19718,14.0,37.0,53.0,461909,OBSERVED_DATA,"Central Water Commission (CWC), IMD, FCI & Ministry of Consumer Affairs",https://cwc.gov.in/ & https://fci.gov.in/,High
East Siang,Arunachal Pradesh,AP_EAS_116,Market,28.788,94.8778,Onion,17.0,2.1,41.0,0.37,39757,35781,12.0,45.0,53.0,479757,OBSERVED_DATA,"Central Water Commission (CWC), IMD, FCI & Ministry of Consumer Affairs",https://cwc.gov.in/ & https://fci.gov.in/,High
Lohit,Arunachal Pradesh,AP_LOH_117,Warehouse,27.753,95.3878,Onion,24.0,1.9,71.0,0.36,82939,95379,19.0,42.0,43.0,412939,OBSERVED_DATA,"Central Water Commission (CWC), IMD, FCI & Ministry of Consumer Affairs",https://cwc.gov.in/ & https://fci.gov.in/,High
Papum Pare,Arunachal Pradesh,AP_PAP_118,Warehouse,27.588,95.3428,Onion,28.0,1.2,67.0,0.36,61568,70803,23.0,66.0,42.0,371568,OBSERVED_DATA,"Central Water Commission (CWC), IMD, FCI & Ministry of Consumer Affairs",https://cwc.gov.in/ & https://fci.gov.in/,High
Tawang,Arunachal Pradesh,AP_TAW_119,Warehouse,27.978,94.9078,Onion,11.0,2.6,46.0,0.38,83626,75263,6.0,64.0,50.0,183626,OBSERVED_DATA,"Central Water Commission (CWC), IMD, FCI & Ministry of Consumer Affairs",https://cwc.gov.in/ & https://fci.gov.in/,High
Tirap,Arunachal Pradesh,AP_TIR_120,Market,28.608,95.1328,Onion,23.0,2.4,43.0,0.37,38438,44203,18.0,21.0,44.0,198438,OBSERVED_DATA,"Central Water Commission (CWC), IMD, FCI & Ministry of Consumer Affairs",https://cwc.gov.in/ & https://fci.gov.in/,High
West Kameng,Arunachal Pradesh,AP_WES_121,Warehouse,28.218,94.7878,Onion,23.0,2.1,62.0,0.37,73363,84367,18.0,71.0,47.0,333363,OBSERVED_DATA,"Central Water Commission (CWC), IMD, FCI & Ministry of Consumer Affairs",https://cwc.gov.in/ & https://fci.gov.in/,High
Baksa,Assam,A_BAK_122,Warehouse,26.7706,93.5976,Onion,32.0,2.9,75.0,0.35,80247,92284,27.0,30.0,53.0,520247,OBSERVED_DATA,"Central Water Commission (CWC), IMD, FCI & Ministry of Consumer Affairs",https://cwc.gov.in/ & https://fci.gov.in/,High
Barpeta,Assam,A_BAR_123,Warehouse,26.9056,93.0126,Onion,15.0,1.7,70.0,0.38,71155,64039,10.0,43.0,51.0,231155,OBSERVED_DATA,"Central Water Commission (CWC), IMD, FCI & Ministry of Consumer Affairs",https://cwc.gov.in/ & https://fci.gov.in/,High
Cachar,Assam,A_CAC_124,Warehouse,26.8156,92.2476,Onion,33.0,1.8,45.0,0.35,94248,108385,28.0,36.0,44.0,184248,OBSERVED_DATA,"Central Water Commission (CWC), IMD, FCI & Ministry of Consumer Affairs",https://cwc.gov.in/ & https://fci.gov.in/,High
Darrang,Assam,A_DAR_125,Warehouse,26.1106,92.6826,Onion,32.0,2.0,42.0,0.35,98672,113472,27.0,60.0,48.0,428672,OBSERVED_DATA,"Central Water Commission (CWC), IMD, FCI & Ministry of Consumer Affairs",https://cwc.gov.in/ & https://fci.gov.in/,High
Dhubri,Assam,A_DHU_126,Warehouse,25.6306,92.6826,Onion,29.0,2.8,52.0,0.36,61644,70890,24.0,27.0,48.0,401644,OBSERVED_DATA,"Central Water Commission (CWC), IMD, FCI & Ministry of Consumer Affairs",https://cwc.gov.in/ & https://fci.gov.in/,High
Dibrugarh,Assam,A_DIB_127,Warehouse,26.0806,93.5076,Onion,31.0,1.9,46.0,0.35,51721,59479,26.0,69.0,55.0,441721,OBSERVED_DATA,"Central Water Commission (CWC), IMD, FCI & Ministry of Consumer Affairs",https://cwc.gov.in/ & https://fci.gov.in/,High
Goalpara,Assam,A_GOA_128,Warehouse,26.7106,92.8176,Onion,25.0,1.8,67.0,0.36,58190,66918,20.0,48.0,50.0,548190,OBSERVED_DATA,"Central Water Commission (CWC), IMD, FCI & Ministry of Consumer Affairs",https://cwc.gov.in/ & https://fci.gov.in/,High
Golaghat,Assam,A_GOL_129,Market,25.7506,92.2926,Onion,22.0,2.0,51.0,0.37,36912,42448,17.0,20.0,46.0,566912,OBSERVED_DATA,"Central Water Commission (CWC), IMD, FCI & Ministry of Consumer Affairs",https://cwc.gov.in/ & https://fci.gov.in/,High
Jorhat,Assam,A_JOR_130,Warehouse,26.3056,92.3226,Onion,18.0,1.5,76.0,0.37,59383,53444,13.0,31.0,53.0,379383,OBSERVED_DATA,"Central Water Commission (CWC), IMD, FCI & Ministry of Consumer Affairs",https://cwc.gov.in/ & https://fci.gov.in/,High
Kamrup,Assam,A_KAM_131,Market,26.6956,93.1026,Onion,18.0,1.8,76.0,0.37,40708,36637,13.0,41.0,48.0,480708,OBSERVED_DATA,"Central Water Commission (CWC), IMD, FCI & Ministry of Consumer Affairs",https://cwc.gov.in/ & https://fci.gov.in/,High
Kamrup Metropolitan,Assam,A_KAM_132,Warehouse,25.9306,93.6126,Onion,11.0,2.3,76.0,0.38,72951,65655,6.0,29.0,53.0,152951,OBSERVED_DATA,"Central Water Commission (CWC), IMD, FCI & Ministry of Consumer Affairs",https://cwc.gov.in/ & https://fci.gov.in/,High
Karbi Anglong,Assam,A_KAR_133,Warehouse,26.4706,93.1776,Onion,31.0,2.6,53.0,0.35,92296,106140,26.0,24.0,46.0,432296,OBSERVED_DATA,"Central Water Commission (CWC), IMD, FCI & Ministry of Consumer Affairs",https://cwc.gov.in/ & https://fci.gov.in/,High
Karimganj,Assam,A_KAR_134,Warehouse,25.8406,92.8626,Onion,34.0,2.3,44.0,0.35,98199,112928,29.0,57.0,43.0,328199,OBSERVED_DATA,"Central Water Commission (CWC), IMD, FCI & Ministry of Consumer Affairs",https://cwc.gov.in/ & https://fci.gov.in/,High
Kokrajhar,Assam,A_KOK_135,Market,25.4806,92.7126,Onion,32.0,1.2,41.0,0.35,29322,33720,27.0,35.0,48.0,239322,OBSERVED_DATA,"Central Water Commission (CWC), IMD, FCI & Ministry of Consumer Affairs",https://cwc.gov.in/ & https://fci.gov.in/,High
Nagaon,Assam,A_NAG_136,Warehouse,25.5256,93.5976,Onion,24.0,2.8,43.0,0.36,50664,58263,19.0,37.0,50.0,300664,OBSERVED_DATA,"Central Water Commission (CWC), IMD, FCI & Ministry of Consumer Affairs",https://cwc.gov.in/ & https://fci.gov.in/,High
Sivasagar,Assam,A_SIV_137,Warehouse,26.7556,93.3426,Onion,18.0,1.3,54.0,0.37,70583,63524,13.0,51.0,45.0,510583,OBSERVED_DATA,"Central Water Commission (CWC), IMD, FCI & Ministry of Consumer Affairs",https://cwc.gov.in/ & https://fci.gov.in/,High
Sonitpur,Assam,A_SON_138,Warehouse,26.8306,92.3826,Onion,26.0,1.3,66.0,0.36,88791,102109,21.0,54.0,47.0,248791,OBSERVED_DATA,"Central Water Commission (CWC), IMD, FCI & Ministry of Consumer Affairs",https://cwc.gov.in/ & https://fci.gov.in/,High
Tinsukia,Assam,A_TIN_139,Warehouse,26.5606,93.6576,Onion,11.0,1.3,66.0,0.38,77551,69795,6.0,34.0,55.0,497551,OBSERVED_DATA,"Central Water Commission (CWC), IMD, FCI & Ministry of Consumer Affairs",https://cwc.gov.in/ & https://fci.gov.in/,High
Araria,Bihar,B_ARA_140,Market,25.3661,85.7481,Onion,10.0,2.6,64.0,0.39,40150,36135,5.0,58.0,52.0,470150,OBSERVED_DATA,"Central Water Commission (CWC), IMD, FCI & Ministry of Consumer Affairs",https://cwc.gov.in/ & https://fci.gov.in/,High
Aurangabad,Bihar,B_AUR_141,Warehouse,25.6361,85.9881,Onion,13.0,1.9,71.0,0.38,90703,81632,8.0,36.0,51.0,540703,OBSERVED_DATA,"Central Water Commission (CWC), IMD, FCI & Ministry of Consumer Affairs",https://cwc.gov.in/ & https://fci.gov.in/,High
Banka,Bihar,B_BAN_142,Market,25.2011,85.7631,Onion,10.0,2.9,64.0,0.39,22875,20587,5.0,28.0,55.0,432875,OBSERVED_DATA,"Central Water Commission (CWC), IMD, FCI & Ministry of Consumer Affairs",https://cwc.gov.in/ & https://fci.gov.in/,High
Begusarai,Bihar,B_BEG_143,Warehouse,24.9611,84.6381,Onion,24.0,1.4,75.0,0.36,52814,60736,19.0,37.0,46.0,532814,OBSERVED_DATA,"Central Water Commission (CWC), IMD, FCI & Ministry of Consumer Affairs",https://cwc.gov.in/ & https://fci.gov.in/,High
Bhagalpur,Bihar,B_BHA_144,Warehouse,25.6511,84.6381,Onion,12.0,2.5,64.0,0.38,70827,63744,7.0,70.0,51.0,350827,OBSERVED_DATA,"Central Water Commission (CWC), IMD, FCI & Ministry of Consumer Affairs",https://cwc.gov.in/ & https://fci.gov.in/,High
Bhojpur,Bihar,B_BHO_145,Market,25.8011,84.8631,Onion,13.0,1.9,67.0,0.38,43103,38792,8.0,31.0,47.0,213103,OBSERVED_DATA,"Central Water Commission (CWC), IMD, FCI & Ministry of Consumer Affairs",https://cwc.gov.in/ & https://fci.gov.in/,High
Buxar,Bihar,B_BUX_146,Warehouse,24.6011,85.9581,Onion,14.0,2.1,72.0,0.38,71429,64286,9.0,57.0,53.0,411429,OBSERVED_DATA,"Central Water Commission (CWC), IMD, FCI & Ministry of Consumer Affairs",https://cwc.gov.in/ & https://fci.gov.in/,High
Darbhanga,Bihar,B_DAR_147,Market,25.6061,85.8681,Onion,23.0,2.5,73.0,0.37,44013,50614,18.0,36.0,45.0,534013,OBSERVED_DATA,"Central Water Commission (CWC), IMD, FCI & Ministry of Consumer Affairs",https://cwc.gov.in/ & https://fci.gov.in/,High
Gaya,Bihar,B_GAY_148,Warehouse,24.3611,85.7931,Onion,28.0,2.4,78.0,0.36,56718,65225,23.0,66.0,54.0,296718,OBSERVED_DATA,"Central Water Commission (CWC), IMD, FCI & Ministry of Consumer Affairs",https://cwc.gov.in/ & https://fci.gov.in/,High
Gopalganj,Bihar,B_GOP_149,Warehouse,24.8711,85.5531,Onion,10.0,1.3,81.0,0.39,82125,73912,5.0,48.0,43.0,212125,OBSERVED_DATA,"Central Water Commission (CWC), IMD, FCI & Ministry of Consumer Affairs",https://cwc.gov.in/ & https://fci.gov.in/,High
Jamui,Bihar,B_JAM_150,Warehouse,24.6911,85.3431,Onion,24.0,2.3,76.0,0.36,62289,71632,19.0,57.0,53.0,472289,OBSERVED_DATA,"Central Water Commission (CWC), IMD, FCI & Ministry of Consumer Affairs",https://cwc.gov.in/ & https://fci.gov.in/,High
Jehanabad,Bihar,B_JEH_151,Warehouse,25.2461,85.5681,Onion,26.0,1.7,67.0,0.36,99341,114242,21.0,69.0,43.0,549341,OBSERVED_DATA,"Central Water Commission (CWC), IMD, FCI & Ministry of Consumer Affairs",https://cwc.gov.in/ & https://fci.gov.in/,High
Katihar,Bihar,B_KAT_152,Warehouse,24.6761,86.0181,Onion,15.0,1.3,81.0,0.38,68655,61789,10.0,23.0,45.0,438655,OBSERVED_DATA,"Central Water Commission (CWC), IMD, FCI & Ministry of Consumer Affairs",https://cwc.gov.in/ & https://fci.gov.in/,High
Khagaria,Bihar,B_KHA_153,Market,25.3811,85.5531,Onion,24.0,1.5,40.0,0.36,21339,24539,19.0,52.0,43.0,351339,OBSERVED_DATA,"Central Water Commission (CWC), IMD, FCI & Ministry of Consumer Affairs",https://cwc.gov.in/ & https://fci.gov.in/,High
KishanGanj,Bihar,B_KIS_154,Warehouse,25.3961,85.7931,Onion,30.0,2.3,40.0,0.36,52645,60541,25.0,63.0,55.0,242645,OBSERVED_DATA,"Central Water Commission (CWC), IMD, FCI & Ministry of Consumer Affairs",https://cwc.gov.in/ & https://fci.gov.in/,High
Lakhisarai,Bihar,B_LAK_155,Warehouse,24.7811,84.9681,Onion,27.0,1.2,47.0,0.36,76792,88310,22.0,30.0,54.0,246792,OBSERVED_DATA,"Central Water Commission (CWC), IMD, FCI & Ministry of Consumer Affairs",https://cwc.gov.in/ & https://fci.gov.in/,High
Madhepura,Bihar,B_MAD_156,Warehouse,25.0361,84.8481,Onion,25.0,1.4,69.0,0.36,88790,102108,20.0,53.0,50.0,448790,OBSERVED_DATA,"Central Water Commission (CWC), IMD, FCI & Ministry of Consumer Affairs",https://cwc.gov.in/ & https://fci.gov.in/,High
Madhubani,Bihar,B_MAD_157,Warehouse,24.7061,85.8681,Onion,25.0,1.6,70.0,0.36,94990,109238,20.0,48.0,48.0,394990,OBSERVED_DATA,"Central Water Commission (CWC), IMD, FCI & Ministry of Consumer Affairs",https://cwc.gov.in/ & https://fci.gov.in/,High
Munger,Bihar,B_MUN_158,Market,25.2461,84.6231,Onion,23.0,2.9,80.0,0.37,25213,28994,18.0,56.0,45.0,545213,OBSERVED_DATA,"Central Water Commission (CWC), IMD, FCI & Ministry of Consumer Affairs",https://cwc.gov.in/ & https://fci.gov.in/,High
Muzaffarpur,Bihar,B_MUZ_159,Warehouse,24.5111,84.6231,Onion,21.0,1.5,59.0,0.37,50061,57570,16.0,39.0,53.0,530061,OBSERVED_DATA,"Central Water Commission (CWC), IMD, FCI & Ministry of Consumer Affairs",https://cwc.gov.in/ & https://fci.gov.in/,High
Nalanda,Bihar,B_NAL_160,Warehouse,25.4261,85.1181,Onion,27.0,2.3,79.0,0.36,75267,86557,22.0,60.0,43.0,305267,OBSERVED_DATA,"Central Water Commission (CWC), IMD, FCI & Ministry of Consumer Affairs",https://cwc.gov.in/ & https://fci.gov.in/,High
Nawada,Bihar,B_NAW_161,Warehouse,24.9161,85.0881,Onion,27.0,2.3,45.0,0.36,80067,92077,22.0,30.0,53.0,280067,OBSERVED_DATA,"Central Water Commission (CWC), IMD, FCI & Ministry of Consumer Affairs",https://cwc.gov.in/ & https://fci.gov.in/,High
Pashchim Champaran,Bihar,B_PAS_162,Market,24.6011,85.4481,Onion,28.0,1.4,65.0,0.36,32218,37050,23.0,21.0,44.0,462218,OBSERVED_DATA,"Central Water Commission (CWC), IMD, FCI & Ministry of Consumer Affairs",https://cwc.gov.in/ & https://fci.gov.in/,High
Patna,Bihar,B_PAT_163,Warehouse,25.5941,85.1376,Onion,11.0,2.4,47.0,0.38,89876,80888,6.0,69.0,52.0,399876,OBSERVED_DATA,"Central Water Commission (CWC), IMD, FCI & Ministry of Consumer Affairs",https://cwc.gov.in/ & https://fci.gov.in/,High
Purba Champaran,Bihar,B_PUR_164,Warehouse,25.4411,85.0281,Onion,21.0,1.5,55.0,0.37,73411,84422,16.0,59.0,49.0,333411,OBSERVED_DATA,"Central Water Commission (CWC), IMD, FCI & Ministry of Consumer Affairs",https://cwc.gov.in/ & https://fci.gov.in/,High
Purnia,Bihar,B_PUR_165,Warehouse,25.1861,85.6581,Onion,20.0,2.2,50.0,0.37,52960,47664,15.0,18.0,46.0,232960,OBSERVED_DATA,"Central Water Commission (CWC), IMD, FCI & Ministry of Consumer Affairs",https://cwc.gov.in/ & https://fci.gov.in/,High
Rohtas,Bihar,B_ROH_166,Warehouse,25.2011,84.8931,Onion,15.0,2.2,72.0,0.38,45080,40572,10.0,23.0,42.0,365080,OBSERVED_DATA,"Central Water Commission (CWC), IMD, FCI & Ministry of Consumer Affairs",https://cwc.gov.in/ & https://fci.gov.in/,High
Saharsa,Bihar,B_SAH_167,Warehouse,25.5311,84.6081,Onion,26.0,1.2,61.0,0.36,80866,92995,21.0,54.0,52.0,280866,OBSERVED_DATA,"Central Water Commission (CWC), IMD, FCI & Ministry of Consumer Affairs",https://cwc.gov.in/ & https://fci.gov.in/,High
Samastipur,Bihar,B_SAM_168,Market,25.0661,85.2681,Onion,16.0,1.9,50.0,0.38,33831,30447,11.0,64.0,45.0,133831,OBSERVED_DATA,"Central Water Commission (CWC), IMD, FCI & Ministry of Consumer Affairs",https://cwc.gov.in/ & https://fci.gov.in/,High
Saran,Bihar,B_SAR_169,Warehouse,25.0961,85.0431,Onion,19.0,1.2,43.0,0.37,65834,59250,14.0,47.0,44.0,285834,OBSERVED_DATA,"Central Water Commission (CWC), IMD, FCI & Ministry of Consumer Affairs",https://cwc.gov.in/ & https://fci.gov.in/,High
Sheikhpura,Bihar,B_SHE_170,Warehouse,24.6761,84.9531,Onion,17.0,1.9,74.0,0.37,71007,63906,12.0,50.0,47.0,381007,OBSERVED_DATA,"Central Water Commission (CWC), IMD, FCI & Ministry of Consumer Affairs",https://cwc.gov.in/ & https://fci.gov.in/,High
Sheohar,Bihar,B_SHE_171,Market,25.4711,85.5831,Onion,33.0,2.9,49.0,0.35,41823,48096,28.0,26.0,49.0,511823,OBSERVED_DATA,"Central Water Commission (CWC), IMD, FCI & Ministry of Consumer Affairs",https://cwc.gov.in/ & https://fci.gov.in/,High
Sitamarhi,Bihar,B_SIT_172,Market,24.9161,85.0131,Onion,33.0,2.1,59.0,0.35,20373,23428,28.0,71.0,43.0,350373,OBSERVED_DATA,"Central Water Commission (CWC), IMD, FCI & Ministry of Consumer Affairs",https://cwc.gov.in/ & https://fci.gov.in/,High
Siwan,Bihar,B_SIW_173,Warehouse,25.2761,84.5781,Onion,22.0,2.7,44.0,0.37,74587,85775,17.0,25.0,43.0,484587,OBSERVED_DATA,"Central Water Commission (CWC), IMD, FCI & Ministry of Consumer Affairs",https://cwc.gov.in/ & https://fci.gov.in/,High
Supaul,Bihar,B_SUP_174,Warehouse,24.3911,85.3281,Onion,10.0,1.5,73.0,0.39,53525,48172,5.0,53.0,43.0,453525,OBSERVED_DATA,"Central Water Commission (CWC), IMD, FCI & Ministry of Consumer Affairs",https://cwc.gov.in/ & https://fci.gov.in/,High
Vaishali,Bihar,B_VAI_175,Warehouse,25.2611,85.6281,Onion,16.0,2.1,83.0,0.38,64981,58482,11.0,69.0,43.0,264981,OBSERVED_DATA,"Central Water Commission (CWC), IMD, FCI & Ministry of Consumer Affairs",https://cwc.gov.in/ & https://fci.gov.in/,High
Bastar,Chhattisgarh,C_BAS_176,Market,20.9937,82.4361,Onion,22.0,2.5,51.0,0.37,32287,37130,17.0,30.0,55.0,152287,OBSERVED_DATA,"Central Water Commission (CWC), IMD, FCI & Ministry of Consumer Affairs",https://cwc.gov.in/ & https://fci.gov.in/,High
Bilaspur,Chhattisgarh,C_BIL_177,Warehouse,21.5637,82.0311,Onion,17.0,1.7,49.0,0.37,64107,57696,12.0,65.0,47.0,144107,OBSERVED_DATA,"Central Water Commission (CWC), IMD, FCI & Ministry of Consumer Affairs",https://cwc.gov.in/ & https://fci.gov.in/,High
Dantewada,Chhattisgarh,C_DAN_178,Market,20.5737,82.4211,Onion,24.0,2.6,62.0,0.36,21464,24683,19.0,67.0,42.0,381464,OBSERVED_DATA,"Central Water Commission (CWC), IMD, FCI & Ministry of Consumer Affairs",https://cwc.gov.in/ & https://fci.gov.in/,High
Dhamtari,Chhattisgarh,C_DHA_179,Market,21.6387,81.3411,Onion,33.0,2.4,83.0,0.35,33698,38752,28.0,41.0,50.0,523698,OBSERVED_DATA,"Central Water Commission (CWC), IMD, FCI & Ministry of Consumer Affairs",https://cwc.gov.in/ & https://fci.gov.in/,High
Durg,Chhattisgarh,C_DUR_180,Warehouse,21.8487,81.7311,Onion,33.0,1.7,68.0,0.35,62373,71728,28.0,41.0,43.0,472373,OBSERVED_DATA,"Central Water Commission (CWC), IMD, FCI & Ministry of Consumer Affairs",https://cwc.gov.in/ & https://fci.gov.in/,High
Janjgir-Champa,Chhattisgarh,C_JAN_181,Warehouse,21.6087,82.4361,Onion,28.0,1.8,75.0,0.36,97068,111628,23.0,36.0,42.0,157068,OBSERVED_DATA,"Central Water Commission (CWC), IMD, FCI & Ministry of Consumer Affairs",https://cwc.gov.in/ & https://fci.gov.in/,High
Jashpur,Chhattisgarh,C_JAS_182,Warehouse,21.1887,81.8361,Onion,19.0,2.7,80.0,0.37,75309,67778,14.0,47.0,51.0,375309,OBSERVED_DATA,"Central Water Commission (CWC), IMD, FCI & Ministry of Consumer Affairs",https://cwc.gov.in/ & https://fci.gov.in/,High
Kanker,Chhattisgarh,C_KAN_183,Warehouse,21.5787,81.7611,Onion,34.0,2.6,73.0,0.35,93374,107380,29.0,62.0,48.0,183374,OBSERVED_DATA,"Central Water Commission (CWC), IMD, FCI & Ministry of Consumer Affairs",https://cwc.gov.in/ & https://fci.gov.in/,High
Korba,Chhattisgarh,C_KOR_184,Warehouse,20.6787,81.2661,Onion,18.0,1.6,45.0,0.37,98958,89062,13.0,26.0,54.0,498958,OBSERVED_DATA,"Central Water Commission (CWC), IMD, FCI & Ministry of Consumer Affairs",https://cwc.gov.in/ & https://fci.gov.in/,High
Koriya,Chhattisgarh,C_KOR_185,Market,21.2787,81.9861,Onion,32.0,1.4,82.0,0.35,41372,47577,27.0,45.0,52.0,371372,OBSERVED_DATA,"Central Water Commission (CWC), IMD, FCI & Ministry of Consumer Affairs",https://cwc.gov.in/ & https://fci.gov.in/,High
Mahasamund,Chhattisgarh,C_MAH_186,Market,20.9937,81.9711,Onion,18.0,2.0,82.0,0.37,44558,40102,13.0,46.0,44.0,344558,OBSERVED_DATA,"Central Water Commission (CWC), IMD, FCI & Ministry of Consumer Affairs",https://cwc.gov.in/ & https://fci.gov.in/,High
Raigarh,Chhattisgarh,C_RAI_187,Warehouse,20.6337,81.8661,Onion,29.0,1.7,69.0,0.36,65769,75634,24.0,32.0,49.0,445769,OBSERVED_DATA,"Central Water Commission (CWC), IMD, FCI & Ministry of Consumer Affairs",https://cwc.gov.in/ & https://fci.gov.in/,High
Raipur,Chhattisgarh,C_RAI_188,Market,21.0087,81.4461,Onion,17.0,2.9,69.0,0.37,33407,30066,12.0,40.0,53.0,153407,OBSERVED_DATA,"Central Water Commission (CWC), IMD, FCI & Ministry of Consumer Affairs",https://cwc.gov.in/ & https://fci.gov.in/,High
Rajnandgaon,Chhattisgarh,C_RAJ_189,Warehouse,21.0087,81.4311,Onion,28.0,2.2,66.0,0.36,46918,53955,23.0,41.0,54.0,166918,OBSERVED_DATA,"Central Water Commission (CWC), IMD, FCI & Ministry of Consumer Affairs",https://cwc.gov.in/ & https://fci.gov.in/,High
Surguja,Chhattisgarh,C_SUR_190,Warehouse,20.7387,82.1811,Onion,11.0,2.3,83.0,0.38,86351,77715,6.0,39.0,53.0,356351,OBSERVED_DATA,"Central Water Commission (CWC), IMD, FCI & Ministry of Consumer Affairs",https://cwc.gov.in/ & https://fci.gov.in/,High
North Goa,Goa,G_NOR_191,Market,15.2393,74.829,Onion,32.0,2.0,65.0,0.35,20422,23485,27.0,65.0,50.0,120422,OBSERVED_DATA,"Central Water Commission (CWC), IMD, FCI & Ministry of Consumer Affairs",https://cwc.gov.in/ & https://fci.gov.in/,High
South Goa,Goa,G_SOU_192,Warehouse,15.5693,74.784,Onion,20.0,2.9,84.0,0.37,67135,60421,15.0,38.0,53.0,407135,OBSERVED_DATA,"Central Water Commission (CWC), IMD, FCI & Ministry of Consumer Affairs",https://cwc.gov.in/ & https://fci.gov.in/,High
Ahmedabad,Gujarat,G_AHM_193,Warehouse,23.0225,72.5714,Onion,21.0,1.9,60.0,0.37,54711,62917,16.0,19.0,47.0,334711,OBSERVED_DATA,"Central Water Commission (CWC), IMD, FCI & Ministry of Consumer Affairs",https://cwc.gov.in/ & https://fci.gov.in/,High
Amreli,Gujarat,G_AMR_194,Market,22.0937,71.2224,Onion,24.0,2.9,51.0,0.36,21089,24252,19.0,57.0,43.0,291089,OBSERVED_DATA,"Central Water Commission (CWC), IMD, FCI & Ministry of Consumer Affairs",https://cwc.gov.in/ & https://fci.gov.in/,High
Anand,Gujarat,G_ANA_195,Market,22.4837,71.7924,Onion,14.0,1.4,51.0,0.38,44404,39963,9.0,37.0,44.0,384404,OBSERVED_DATA,"Central Water Commission (CWC), IMD, FCI & Ministry of Consumer Affairs",https://cwc.gov.in/ & https://fci.gov.in/,High
Banaskantha,Gujarat,G_BAN_196,Market,22.7837,71.3574,Onion,22.0,1.2,71.0,0.37,22762,26176,17.0,65.0,48.0,312762,OBSERVED_DATA,"Central Water Commission (CWC), IMD, FCI & Ministry of Consumer Affairs",https://cwc.gov.in/ & https://fci.gov.in/,High
Bharuch,Gujarat,G_BHA_197,Market,21.7787,70.7124,Onion,10.0,1.3,81.0,0.39,30525,27472,5.0,33.0,51.0,460525,OBSERVED_DATA,"Central Water Commission (CWC), IMD, FCI & Ministry of Consumer Affairs",https://cwc.gov.in/ & https://fci.gov.in/,High
Bhavnagar,Gujarat,G_BHA_198,Warehouse,22.2737,71.8974,Onion,26.0,1.4,64.0,0.36,78966,90810,21.0,69.0,46.0,308966,OBSERVED_DATA,"Central Water Commission (CWC), IMD, FCI & Ministry of Consumer Affairs",https://cwc.gov.in/ & https://fci.gov.in/,High
Dahod,Gujarat,G_DAH_199,Warehouse,22.3787,71.2824,Onion,19.0,2.6,82.0,0.37,82134,73920,14.0,42.0,44.0,432134,OBSERVED_DATA,"Central Water Commission (CWC), IMD, FCI & Ministry of Consumer Affairs",https://cwc.gov.in/ & https://fci.gov.in/,High
Gandhinagar,Gujarat,G_GAN_200,Warehouse,22.4987,70.4574,Onion,23.0,1.9,59.0,0.37,70413,80974,18.0,41.0,45.0,470413,OBSERVED_DATA,"Central Water Commission (CWC), IMD, FCI & Ministry of Consumer Affairs",https://cwc.gov.in/ & https://fci.gov.in/,High
Jamnagar,Gujarat,G_JAM_201,Warehouse,22.3487,70.5174,Onion,17.0,2.0,63.0,0.37,95282,85753,12.0,25.0,52.0,395282,OBSERVED_DATA,"Central Water Commission (CWC), IMD, FCI & Ministry of Consumer Affairs",https://cwc.gov.in/ & https://fci.gov.in/,High
Junagadh,Gujarat,G_JUN_202,Warehouse,21.7337,70.7274,Onion,14.0,1.3,74.0,0.38,54279,48851,9.0,27.0,53.0,454279,OBSERVED_DATA,"Central Water Commission (CWC), IMD, FCI & Ministry of Consumer Affairs",https://cwc.gov.in/ & https://fci.gov.in/,High
Kheda,Gujarat,G_KHE_203,Warehouse,21.5387,71.2674,Onion,21.0,2.0,84.0,0.37,91886,105668,16.0,49.0,50.0,151886,OBSERVED_DATA,"Central Water Commission (CWC), IMD, FCI & Ministry of Consumer Affairs",https://cwc.gov.in/ & https://fci.gov.in/,High
Kutch,Gujarat,G_KUT_204,Market,22.2737,71.6124,Onion,31.0,1.3,42.0,0.35,34171,39296,26.0,64.0,53.0,454171,OBSERVED_DATA,"Central Water Commission (CWC), IMD, FCI & Ministry of Consumer Affairs",https://cwc.gov.in/ & https://fci.gov.in/,High
Mehsana,Gujarat,G_MEH_205,Market,22.9787,71.0424,Onion,16.0,2.7,53.0,0.38,42081,37872,11.0,29.0,53.0,252081,OBSERVED_DATA,"Central Water Commission (CWC), IMD, FCI & Ministry of Consumer Affairs",https://cwc.gov.in/ & https://fci.gov.in/,High
Narmada,Gujarat,G_NAR_206,Warehouse,22.4837,71.6874,Onion,13.0,2.6,52.0,0.38,65278,58750,8.0,46.0,44.0,225278,OBSERVED_DATA,"Central Water Commission (CWC), IMD, FCI & Ministry of Consumer Affairs",https://cwc.gov.in/ & https://fci.gov.in/,High
Navsari,Gujarat,G_NAV_207,Warehouse,21.8237,71.8674,Onion,29.0,1.7,81.0,0.36,78519,90296,24.0,62.0,49.0,488519,OBSERVED_DATA,"Central Water Commission (CWC), IMD, FCI & Ministry of Consumer Affairs",https://cwc.gov.in/ & https://fci.gov.in/,High
Panchmahal,Gujarat,G_PAN_208,Warehouse,22.0787,70.7274,Onion,25.0,2.6,62.0,0.36,53040,60995,20.0,68.0,52.0,283040,OBSERVED_DATA,"Central Water Commission (CWC), IMD, FCI & Ministry of Consumer Affairs",https://cwc.gov.in/ & https://fci.gov.in/,High
Patan,Gujarat,G_PAT_209,Warehouse,21.9887,71.4174,Onion,20.0,2.0,80.0,0.37,68610,61749,15.0,68.0,46.0,328610,OBSERVED_DATA,"Central Water Commission (CWC), IMD, FCI & Ministry of Consumer Affairs",https://cwc.gov.in/ & https://fci.gov.in/,High
Porbandar,Gujarat,G_POR_210,Warehouse,22.3037,71.7474,Onion,30.0,2.7,51.0,0.36,54445,62611,25.0,23.0,47.0,554445,OBSERVED_DATA,"Central Water Commission (CWC), IMD, FCI & Ministry of Consumer Affairs",https://cwc.gov.in/ & https://fci.gov.in/,High
Rajkot,Gujarat,G_RAJ_211,Warehouse,22.0337,71.8974,Onion,30.0,1.2,76.0,0.36,78320,90068,25.0,33.0,48.0,448320,OBSERVED_DATA,"Central Water Commission (CWC), IMD, FCI & Ministry of Consumer Affairs",https://cwc.gov.in/ & https://fci.gov.in/,High
Sabarkantha,Gujarat,G_SAB_212,Warehouse,22.0187,71.7924,Onion,11.0,2.3,69.0,0.38,62151,55935,6.0,29.0,51.0,322151,OBSERVED_DATA,"Central Water Commission (CWC), IMD, FCI & Ministry of Consumer Affairs",https://cwc.gov.in/ & https://fci.gov.in/,High
Surat,Gujarat,G_SUR_213,Market,22.9937,70.9074,Onion,16.0,2.3,50.0,0.38,34881,31392,11.0,19.0,43.0,384881,OBSERVED_DATA,"Central Water Commission (CWC), IMD, FCI & Ministry of Consumer Affairs",https://cwc.gov.in/ & https://fci.gov.in/,High
Surendranagar,Gujarat,G_SUR_214,Warehouse,21.6287,71.1624,Onion,31.0,2.4,52.0,0.35,57296,65890,26.0,49.0,48.0,187296,OBSERVED_DATA,"Central Water Commission (CWC), IMD, FCI & Ministry of Consumer Affairs",https://cwc.gov.in/ & https://fci.gov.in/,High
Tapi,Gujarat,G_TAP_215,Warehouse,22.2287,71.4024,Onion,14.0,1.8,44.0,0.38,70904,63813,9.0,22.0,50.0,320904,OBSERVED_DATA,"Central Water Commission (CWC), IMD, FCI & Ministry of Consumer Affairs",https://cwc.gov.in/ & https://fci.gov.in/,High
Vadodara,Gujarat,G_VAD_216,Warehouse,22.5287,71.4324,Onion,24.0,2.6,79.0,0.36,84714,97421,19.0,22.0,54.0,464714,OBSERVED_DATA,"Central Water Commission (CWC), IMD, FCI & Ministry of Consumer Affairs",https://cwc.gov.in/ & https://fci.gov.in/,High
Valsad,Gujarat,G_VAL_217,Warehouse,22.8137,71.5224,Onion,18.0,2.5,81.0,0.37,65183,58664,13.0,21.0,47.0,535183,OBSERVED_DATA,"Central Water Commission (CWC), IMD, FCI & Ministry of Consumer Affairs",https://cwc.gov.in/ & https://fci.gov.in/,High
Ambala,Haryana,H_AMB_218,Warehouse,29.2088,75.5756,Wheat,12.0,1.8,57.0,0.38,49852,44866,7.0,60.0,54.0,219852,OBSERVED_DATA,"Central Water Commission (CWC), IMD, FCI & Ministry of Consumer Affairs",https://cwc.gov.in/ & https://fci.gov.in/,High
Bhiwani,Haryana,H_BHI_219,Market,29.1488,76.6256,Wheat,34.0,1.2,51.0,0.35,23674,27225,29.0,57.0,48.0,283674,OBSERVED_DATA,"Central Water Commission (CWC), IMD, FCI & Ministry of Consumer Affairs",https://cwc.gov.in/ & https://fci.gov.in/,High
Faridabad,Haryana,H_FAR_220,Warehouse,29.7638,75.4856,Wheat,11.0,1.6,60.0,0.38,51526,46373,6.0,34.0,48.0,381526,OBSERVED_DATA,"Central Water Commission (CWC), IMD, FCI & Ministry of Consumer Affairs",https://cwc.gov.in/ & https://fci.gov.in/,High
Fatehabad,Haryana,H_FAT_221,Warehouse,28.9988,76.4906,Wheat,28.0,1.7,81.0,0.36,60493,69566,23.0,36.0,47.0,370493,OBSERVED_DATA,"Central Water Commission (CWC), IMD, FCI & Ministry of Consumer Affairs",https://cwc.gov.in/ & https://fci.gov.in/,High
Gurugram,Haryana,H_GUR_222,Warehouse,29.3738,76.6856,Wheat,16.0,2.1,64.0,0.38,96531,86877,11.0,44.0,55.0,426531,OBSERVED_DATA,"Central Water Commission (CWC), IMD, FCI & Ministry of Consumer Affairs",https://cwc.gov.in/ & https://fci.gov.in/,High
Hisar,Haryana,H_HIS_223,Warehouse,28.7138,76.0856,Wheat,15.0,1.5,58.0,0.38,97355,87619,10.0,63.0,53.0,317355,OBSERVED_DATA,"Central Water Commission (CWC), IMD, FCI & Ministry of Consumer Affairs",https://cwc.gov.in/ & https://fci.gov.in/,High
Jhajjar,Haryana,H_JHA_224,Market,28.8638,75.7256,Wheat,29.0,2.9,41.0,0.36,27019,31071,24.0,27.0,55.0,127019,OBSERVED_DATA,"Central Water Commission (CWC), IMD, FCI & Ministry of Consumer Affairs",https://cwc.gov.in/ & https://fci.gov.in/,High
Jind,Haryana,H_JIN_225,Market,29.7938,76.0706,Wheat,23.0,2.3,81.0,0.37,30613,35204,18.0,56.0,49.0,220613,OBSERVED_DATA,"Central Water Commission (CWC), IMD, FCI & Ministry of Consumer Affairs",https://cwc.gov.in/ & https://fci.gov.in/,High
Kaithal,Haryana,H_KAI_226,Warehouse,29.4188,75.8306,Wheat,25.0,2.0,61.0,0.36,56840,65365,20.0,23.0,54.0,296840,OBSERVED_DATA,"Central Water Commission (CWC), IMD, FCI & Ministry of Consumer Affairs",https://cwc.gov.in/ & https://fci.gov.in/,High
Karnal,Haryana,H_KAR_227,Warehouse,28.6088,76.7006,Wheat,15.0,2.8,51.0,0.38,80280,72252,10.0,53.0,50.0,180280,OBSERVED_DATA,"Central Water Commission (CWC), IMD, FCI & Ministry of Consumer Affairs",https://cwc.gov.in/ & https://fci.gov.in/,High
Kurukshetra,Haryana,H_KUR_228,Warehouse,28.6238,76.4456,Wheat,29.0,2.9,40.0,0.36,83769,96334,24.0,72.0,53.0,313769,OBSERVED_DATA,"Central Water Commission (CWC), IMD, FCI & Ministry of Consumer Affairs",https://cwc.gov.in/ & https://fci.gov.in/,High
Mahendragarh,Haryana,H_MAH_229,Warehouse,29.1188,75.7556,Wheat,16.0,2.5,72.0,0.38,74681,67212,11.0,49.0,53.0,244681,OBSERVED_DATA,"Central Water Commission (CWC), IMD, FCI & Ministry of Consumer Affairs",https://cwc.gov.in/ & https://fci.gov.in/,High
Nuh,Haryana,H_NUH_230,Warehouse,29.1938,75.9806,Wheat,26.0,2.3,82.0,0.36,98491,113264,21.0,39.0,43.0,198491,OBSERVED_DATA,"Central Water Commission (CWC), IMD, FCI & Ministry of Consumer Affairs",https://cwc.gov.in/ & https://fci.gov.in/,High
Palwal,Haryana,H_PAL_231,Warehouse,28.6838,75.5456,Wheat,20.0,2.6,82.0,0.37,57460,51714,15.0,43.0,44.0,277460,OBSERVED_DATA,"Central Water Commission (CWC), IMD, FCI & Ministry of Consumer Affairs",https://cwc.gov.in/ & https://fci.gov.in/,High
Panchkula,Haryana,H_PAN_232,Market,29.0888,75.8906,Wheat,15.0,1.7,67.0,0.38,41505,37354,10.0,63.0,51.0,241505,OBSERVED_DATA,"Central Water Commission (CWC), IMD, FCI & Ministry of Consumer Affairs",https://cwc.gov.in/ & https://fci.gov.in/,High
Panipat,Haryana,H_PAN_233,Market,29.3588,76.2356,Wheat,28.0,1.7,56.0,0.36,33793,38861,23.0,26.0,45.0,133793,OBSERVED_DATA,"Central Water Commission (CWC), IMD, FCI & Ministry of Consumer Affairs",https://cwc.gov.in/ & https://fci.gov.in/,High
Rewari,Haryana,H_REW_234,Market,28.3688,76.2206,Wheat,26.0,2.0,60.0,0.36,31066,35725,21.0,69.0,46.0,251066,OBSERVED_DATA,"Central Water Commission (CWC), IMD, FCI & Ministry of Consumer Affairs",https://cwc.gov.in/ & https://fci.gov.in/,High
Rohtak,Haryana,H_ROH_235,Warehouse,28.4288,75.3656,Wheat,14.0,2.7,84.0,0.38,76629,68966,9.0,32.0,53.0,406629,OBSERVED_DATA,"Central Water Commission (CWC), IMD, FCI & Ministry of Consumer Affairs",https://cwc.gov.in/ & https://fci.gov.in/,High
Sirsa,Haryana,H_SIR_236,Market,28.6988,76.1756,Wheat,28.0,1.2,40.0,0.36,43018,49470,23.0,41.0,44.0,543018,OBSERVED_DATA,"Central Water Commission (CWC), IMD, FCI & Ministry of Consumer Affairs",https://cwc.gov.in/ & https://fci.gov.in/,High
Sonipat,Haryana,H_SON_237,Warehouse,28.9538,76.6406,Wheat,29.0,2.2,54.0,0.36,55644,63990,24.0,72.0,50.0,485644,OBSERVED_DATA,"Central Water Commission (CWC), IMD, FCI & Ministry of Consumer Affairs",https://cwc.gov.in/ & https://fci.gov.in/,High
Yamunanagar,Haryana,H_YAM_238,Warehouse,29.4488,75.8456,Wheat,12.0,2.5,84.0,0.38,69977,62979,7.0,50.0,43.0,389977,OBSERVED_DATA,"Central Water Commission (CWC), IMD, FCI & Ministry of Consumer Affairs",https://cwc.gov.in/ & https://fci.gov.in/,High
Bilaspur,Himachal Pradesh,HP_BIL_239,Warehouse,31.3898,77.5484,Onion,17.0,1.7,81.0,0.37,64107,57696,12.0,65.0,47.0,144107,OBSERVED_DATA,"Central Water Commission (CWC), IMD, FCI & Ministry of Consumer Affairs",https://cwc.gov.in/ & https://fci.gov.in/,High
Chamba,Himachal Pradesh,HP_CHA_240,Market,31.6748,76.5134,Onion,12.0,2.6,54.0,0.38,40052,36046,7.0,55.0,46.0,190052,OBSERVED_DATA,"Central Water Commission (CWC), IMD, FCI & Ministry of Consumer Affairs",https://cwc.gov.in/ & https://fci.gov.in/,High
Hamirpur,Himachal Pradesh,HP_HAM_241,Market,31.1948,77.5784,Onion,16.0,1.2,41.0,0.38,26356,23720,11.0,39.0,50.0,286356,OBSERVED_DATA,"Central Water Commission (CWC), IMD, FCI & Ministry of Consumer Affairs",https://cwc.gov.in/ & https://fci.gov.in/,High
Kangra,Himachal Pradesh,HP_KAN_242,Warehouse,30.7598,76.4834,Onion,22.0,1.9,44.0,0.37,74337,85487,17.0,30.0,43.0,294337,OBSERVED_DATA,"Central Water Commission (CWC), IMD, FCI & Ministry of Consumer Affairs",https://cwc.gov.in/ & https://fci.gov.in/,High
Kinnaur,Himachal Pradesh,HP_KIN_243,Warehouse,31.6148,77.2034,Onion,22.0,1.6,53.0,0.37,60162,69186,17.0,70.0,50.0,520162,OBSERVED_DATA,"Central Water Commission (CWC), IMD, FCI & Ministry of Consumer Affairs",https://cwc.gov.in/ & https://fci.gov.in/,High
Kullu,Himachal Pradesh,HP_KUL_244,Warehouse,31.1498,77.5034,Onion,11.0,2.8,50.0,0.38,56076,50468,6.0,64.0,52.0,366076,OBSERVED_DATA,"Central Water Commission (CWC), IMD, FCI & Ministry of Consumer Affairs",https://cwc.gov.in/ & https://fci.gov.in/,High
Lahaul and Spiti,Himachal Pradesh,HP_LAH_245,Warehouse,31.7048,77.5934,Onion,24.0,1.5,82.0,0.36,85139,97909,19.0,37.0,49.0,155139,OBSERVED_DATA,"Central Water Commission (CWC), IMD, FCI & Ministry of Consumer Affairs",https://cwc.gov.in/ & https://fci.gov.in/,High
Mandi,Himachal Pradesh,HP_MAN_246,Market,30.9548,76.8284,Onion,19.0,2.8,64.0,0.37,39584,35625,14.0,42.0,54.0,299584,OBSERVED_DATA,"Central Water Commission (CWC), IMD, FCI & Ministry of Consumer Affairs",https://cwc.gov.in/ & https://fci.gov.in/,High
Shimla,Himachal Pradesh,HP_SHI_247,Market,30.8348,77.4434,Onion,14.0,1.5,66.0,0.38,43229,38906,9.0,22.0,47.0,263229,OBSERVED_DATA,"Central Water Commission (CWC), IMD, FCI & Ministry of Consumer Affairs",https://cwc.gov.in/ & https://fci.gov.in/,High
Sirmaur,Himachal Pradesh,HP_SIR_248,Warehouse,31.0148,77.0234,Onion,15.0,2.2,76.0,0.38,45730,41157,10.0,23.0,54.0,435730,OBSERVED_DATA,"Central Water Commission (CWC), IMD, FCI & Ministry of Consumer Affairs",https://cwc.gov.in/ & https://fci.gov.in/,High
Solan,Himachal Pradesh,HP_SOL_249,Warehouse,31.2548,76.6484,Onion,24.0,2.5,64.0,0.36,61389,70597,19.0,22.0,45.0,221389,OBSERVED_DATA,"Central Water Commission (CWC), IMD, FCI & Ministry of Consumer Affairs",https://cwc.gov.in/ & https://fci.gov.in/,High
Una,Himachal Pradesh,HP_UNA_250,Warehouse,31.1198,76.5884,Onion,21.0,1.5,48.0,0.37,52761,60675,16.0,29.0,47.0,532761,OBSERVED_DATA,"Central Water Commission (CWC), IMD, FCI & Ministry of Consumer Affairs",https://cwc.gov.in/ & https://fci.gov.in/,High
Bokaro,Jharkhand,J_BOK_251,Warehouse,24.0152,85.3999,Onion,31.0,1.2,68.0,0.35,89596,103035,26.0,64.0,54.0,469596,OBSERVED_DATA,"Central Water Commission (CWC), IMD, FCI & Ministry of Consumer Affairs",https://cwc.gov.in/ & https://fci.gov.in/,High
Chatra,Jharkhand,J_CHA_252,Warehouse,23.9102,85.9249,Onion,22.0,2.9,67.0,0.37,91637,105382,17.0,60.0,51.0,391637,OBSERVED_DATA,"Central Water Commission (CWC), IMD, FCI & Ministry of Consumer Affairs",https://cwc.gov.in/ & https://fci.gov.in/,High
Deoghar,Jharkhand,J_DEO_253,Market,23.7452,85.3099,Onion,24.0,2.9,43.0,0.36,42689,49092,19.0,57.0,51.0,222689,OBSERVED_DATA,"Central Water Commission (CWC), IMD, FCI & Ministry of Consumer Affairs",https://cwc.gov.in/ & https://fci.gov.in/,High
Dhanbad,Jharkhand,J_DHA_254,Warehouse,23.9402,85.5499,Onion,22.0,2.2,49.0,0.37,72662,83561,17.0,25.0,48.0,332662,OBSERVED_DATA,"Central Water Commission (CWC), IMD, FCI & Ministry of Consumer Affairs",https://cwc.gov.in/ & https://fci.gov.in/,High
Dumka,Jharkhand,J_DUM_255,Warehouse,23.8802,85.0399,Onion,22.0,1.8,84.0,0.37,71812,82583,17.0,35.0,48.0,421812,OBSERVED_DATA,"Central Water Commission (CWC), IMD, FCI & Ministry of Consumer Affairs",https://cwc.gov.in/ & https://fci.gov.in/,High
East Singhbhum,Jharkhand,J_EAS_256,Warehouse,22.9952,85.6549,Onion,18.0,1.6,79.0,0.37,50958,45862,13.0,51.0,52.0,480958,OBSERVED_DATA,"Central Water Commission (CWC), IMD, FCI & Ministry of Consumer Affairs",https://cwc.gov.in/ & https://fci.gov.in/,High
Garhwa,Jharkhand,J_GAR_257,Warehouse,24.0302,84.8299,Onion,22.0,1.6,74.0,0.37,72762,83676,17.0,30.0,48.0,352762,OBSERVED_DATA,"Central Water Commission (CWC), IMD, FCI & Ministry of Consumer Affairs",https://cwc.gov.in/ & https://fci.gov.in/,High
Giridih,Jharkhand,J_GIR_258,Warehouse,24.0002,84.7099,Onion,31.0,2.8,68.0,0.35,69196,79575,26.0,64.0,52.0,219196,OBSERVED_DATA,"Central Water Commission (CWC), IMD, FCI & Ministry of Consumer Affairs",https://cwc.gov.in/ & https://fci.gov.in/,High
Godda,Jharkhand,J_GOD_259,Warehouse,24.0902,85.3999,Onion,12.0,1.4,76.0,0.38,94652,85186,7.0,40.0,42.0,424652,OBSERVED_DATA,"Central Water Commission (CWC), IMD, FCI & Ministry of Consumer Affairs",https://cwc.gov.in/ & https://fci.gov.in/,High
Gumla,Jharkhand,J_GUM_260,Market,23.1902,84.8449,Onion,12.0,2.3,44.0,0.38,36177,32559,7.0,30.0,47.0,566177,OBSERVED_DATA,"Central Water Commission (CWC), IMD, FCI & Ministry of Consumer Affairs",https://cwc.gov.in/ & https://fci.gov.in/,High
Hazaribag,Jharkhand,J_HAZ_261,Warehouse,23.7452,84.8149,Onion,30.0,2.5,56.0,0.36,59695,68649,25.0,43.0,47.0,149695,OBSERVED_DATA,"Central Water Commission (CWC), IMD, FCI & Ministry of Consumer Affairs",https://cwc.gov.in/ & https://fci.gov.in/,High
Jamtara,Jharkhand,J_JAM_262,Warehouse,23.9252,85.7749,Onion,10.0,2.1,48.0,0.39,96375,86737,5.0,23.0,43.0,546375,OBSERVED_DATA,"Central Water Commission (CWC), IMD, FCI & Ministry of Consumer Affairs",https://cwc.gov.in/ & https://fci.gov.in/,High
Khunti,Jharkhand,J_KHU_263,Warehouse,23.4452,85.6849,Onion,17.0,2.1,61.0,0.37,82557,74301,12.0,30.0,47.0,472557,OBSERVED_DATA,"Central Water Commission (CWC), IMD, FCI & Ministry of Consumer Affairs",https://cwc.gov.in/ & https://fci.gov.in/,High
Koderma,Jharkhand,J_KOD_264,Warehouse,24.0752,85.8199,Onion,15.0,2.9,67.0,0.38,68455,61609,10.0,43.0,47.0,348455,OBSERVED_DATA,"Central Water Commission (CWC), IMD, FCI & Ministry of Consumer Affairs",https://cwc.gov.in/ & https://fci.gov.in/,High
Latehar,Jharkhand,J_LAT_265,Market,23.4752,85.0099,Onion,31.0,2.5,58.0,0.35,25471,29291,26.0,49.0,43.0,355471,OBSERVED_DATA,"Central Water Commission (CWC), IMD, FCI & Ministry of Consumer Affairs",https://cwc.gov.in/ & https://fci.gov.in/,High
Lohardaga,Jharkhand,J_LOH_266,Warehouse,24.2402,85.5349,Onion,24.0,1.6,42.0,0.36,80814,92936,19.0,57.0,46.0,480814,OBSERVED_DATA,"Central Water Commission (CWC), IMD, FCI & Ministry of Consumer Affairs",https://cwc.gov.in/ & https://fci.gov.in/,High
Pakur,Jharkhand,J_PAK_267,Warehouse,23.7452,85.9999,Onion,26.0,2.5,77.0,0.36,72391,83249,21.0,24.0,49.0,552391,OBSERVED_DATA,"Central Water Commission (CWC), IMD, FCI & Ministry of Consumer Affairs",https://cwc.gov.in/ & https://fci.gov.in/,High
Palamu,Jharkhand,J_PAL_268,Warehouse,23.3552,85.0249,Onion,17.0,1.3,59.0,0.37,99607,89646,12.0,50.0,51.0,279607,OBSERVED_DATA,"Central Water Commission (CWC), IMD, FCI & Ministry of Consumer Affairs",https://cwc.gov.in/ & https://fci.gov.in/,High
Ramgarh,Jharkhand,J_RAM_269,Warehouse,23.1602,85.9849,Onion,24.0,1.7,60.0,0.36,69089,79452,19.0,52.0,49.0,459089,OBSERVED_DATA,"Central Water Commission (CWC), IMD, FCI & Ministry of Consumer Affairs",https://cwc.gov.in/ & https://fci.gov.in/,High
Ranchi,Jharkhand,J_RAN_270,Warehouse,23.7452,84.7849,Onion,34.0,2.0,71.0,0.35,69224,79607,29.0,27.0,42.0,309224,OBSERVED_DATA,"Central Water Commission (CWC), IMD, FCI & Ministry of Consumer Affairs",https://cwc.gov.in/ & https://fci.gov.in/,High
Sahibganj,Jharkhand,J_SAH_271,Warehouse,24.2852,85.9699,Onion,10.0,2.3,53.0,0.39,92675,83407,5.0,33.0,43.0,482675,OBSERVED_DATA,"Central Water Commission (CWC), IMD, FCI & Ministry of Consumer Affairs",https://cwc.gov.in/ & https://fci.gov.in/,High
Saraikela Kharsawan,Jharkhand,J_SAR_272,Warehouse,23.4452,85.4899,Onion,32.0,2.9,53.0,0.35,80547,92629,27.0,65.0,45.0,490547,OBSERVED_DATA,"Central Water Commission (CWC), IMD, FCI & Ministry of Consumer Affairs",https://cwc.gov.in/ & https://fci.gov.in/,High
Simdega,Jharkhand,J_SIM_273,Warehouse,24.1802,85.8049,Onion,27.0,1.8,43.0,0.36,85492,98315,22.0,50.0,42.0,255492,OBSERVED_DATA,"Central Water Commission (CWC), IMD, FCI & Ministry of Consumer Affairs",https://cwc.gov.in/ & https://fci.gov.in/,High
West Singhbhum,Jharkhand,J_WES_274,Market,23.4602,84.7699,Onion,23.0,2.2,58.0,0.37,28238,32473,18.0,26.0,50.0,378238,OBSERVED_DATA,"Central Water Commission (CWC), IMD, FCI & Ministry of Consumer Affairs",https://cwc.gov.in/ & https://fci.gov.in/,High
Bagalkote,Karnataka,K_BAG_275,Warehouse,14.9423,75.7889,Onion,22.0,2.8,42.0,0.37,81062,93221,17.0,35.0,48.0,191062,OBSERVED_DATA,"Central Water Commission (CWC), IMD, FCI & Ministry of Consumer Affairs",https://cwc.gov.in/ & https://fci.gov.in/,High
Ballari,Karnataka,K_BAL_276,Market,15.4073,75.0539,Onion,29.0,2.5,68.0,0.36,44869,51599,24.0,22.0,45.0,434869,OBSERVED_DATA,"Central Water Commission (CWC), IMD, FCI & Ministry of Consumer Affairs",https://cwc.gov.in/ & https://fci.gov.in/,High
Belagavi,Karnataka,K_BEL_277,Warehouse,14.6123,75.5339,Onion,30.0,1.8,49.0,0.36,67320,77418,25.0,43.0,50.0,337320,OBSERVED_DATA,"Central Water Commission (CWC), IMD, FCI & Ministry of Consumer Affairs",https://cwc.gov.in/ & https://fci.gov.in/,High
Bengaluru Rural,Karnataka,K_BEN_278,Warehouse,15.3923,76.2689,Onion,34.0,1.8,74.0,0.35,95224,109507,29.0,62.0,48.0,415224,OBSERVED_DATA,"Central Water Commission (CWC), IMD, FCI & Ministry of Consumer Affairs",https://cwc.gov.in/ & https://fci.gov.in/,High
Bengaluru Urban,Karnataka,K_BEN_279,Market,12.9716,77.5946,Onion,22.0,2.5,78.0,0.37,28937,33277,17.0,55.0,45.0,348937,OBSERVED_DATA,"Central Water Commission (CWC), IMD, FCI & Ministry of Consumer Affairs",https://cwc.gov.in/ & https://fci.gov.in/,High
Bidar,Karnataka,K_BID_280,Warehouse,15.1523,76.0589,Onion,14.0,2.9,56.0,0.38,88379,79541,9.0,32.0,53.0,208379,OBSERVED_DATA,"Central Water Commission (CWC), IMD, FCI & Ministry of Consumer Affairs",https://cwc.gov.in/ & https://fci.gov.in/,High
Chamarajanagara,Karnataka,K_CHA_281,Warehouse,14.7323,75.0239,Onion,31.0,2.6,64.0,0.35,70746,81357,26.0,54.0,54.0,270746,OBSERVED_DATA,"Central Water Commission (CWC), IMD, FCI & Ministry of Consumer Affairs",https://cwc.gov.in/ & https://fci.gov.in/,High
Chikkaballapura,Karnataka,K_CHI_282,Warehouse,15.2873,75.2339,Onion,30.0,2.0,52.0,0.36,72970,83915,25.0,53.0,44.0,472970,OBSERVED_DATA,"Central Water Commission (CWC), IMD, FCI & Ministry of Consumer Affairs",https://cwc.gov.in/ & https://fci.gov.in/,High
Chikkamagaluru,Karnataka,K_CHI_283,Market,15.9473,76.2689,Onion,24.0,1.2,48.0,0.36,30214,34746,19.0,32.0,46.0,140214,OBSERVED_DATA,"Central Water Commission (CWC), IMD, FCI & Ministry of Consumer Affairs",https://cwc.gov.in/ & https://fci.gov.in/,High
Chitradurga,Karnataka,K_CHI_284,Warehouse,15.0173,75.5039,Onion,31.0,1.6,52.0,0.35,63696,73250,26.0,69.0,42.0,283696,OBSERVED_DATA,"Central Water Commission (CWC), IMD, FCI & Ministry of Consumer Affairs",https://cwc.gov.in/ & https://fci.gov.in/,High
Dakshina Kannada,Karnataka,K_DAK_285,Warehouse,14.9873,75.5039,Onion,31.0,2.2,48.0,0.35,53546,61577,26.0,44.0,54.0,313546,OBSERVED_DATA,"Central Water Commission (CWC), IMD, FCI & Ministry of Consumer Affairs",https://cwc.gov.in/ & https://fci.gov.in/,High
Davanagere,Karnataka,K_DAV_286,Warehouse,14.7323,75.7889,Onion,19.0,2.7,67.0,0.37,53759,48383,14.0,62.0,55.0,123759,OBSERVED_DATA,"Central Water Commission (CWC), IMD, FCI & Ministry of Consumer Affairs",https://cwc.gov.in/ & https://fci.gov.in/,High
Dharwad,Karnataka,K_DHA_287,Market,15.3473,75.1889,Onion,14.0,1.2,53.0,0.38,33254,29928,9.0,32.0,44.0,433254,OBSERVED_DATA,"Central Water Commission (CWC), IMD, FCI & Ministry of Consumer Affairs",https://cwc.gov.in/ & https://fci.gov.in/,High
Gadag,Karnataka,K_GAD_288,Warehouse,15.7673,76.2539,Onion,15.0,2.3,84.0,0.38,55355,49819,10.0,28.0,43.0,145355,OBSERVED_DATA,"Central Water Commission (CWC), IMD, FCI & Ministry of Consumer Affairs",https://cwc.gov.in/ & https://fci.gov.in/,High
Hassan,Karnataka,K_HAS_289,Warehouse,15.9923,75.7289,Onion,27.0,1.2,62.0,0.36,63592,73130,22.0,20.0,54.0,563592,OBSERVED_DATA,"Central Water Commission (CWC), IMD, FCI & Ministry of Consumer Affairs",https://cwc.gov.in/ & https://fci.gov.in/,High
Haveri,Karnataka,K_HAV_290,Warehouse,14.7623,76.3289,Onion,22.0,1.2,84.0,0.37,68762,79076,17.0,45.0,48.0,348762,OBSERVED_DATA,"Central Water Commission (CWC), IMD, FCI & Ministry of Consumer Affairs",https://cwc.gov.in/ & https://fci.gov.in/,High
Kalaburagi,Karnataka,K_KAL_291,Market,14.6873,75.6239,Onion,15.0,2.8,63.0,0.38,28730,25857,10.0,28.0,42.0,468730,OBSERVED_DATA,"Central Water Commission (CWC), IMD, FCI & Ministry of Consumer Affairs",https://cwc.gov.in/ & https://fci.gov.in/,High
Kodagu,Karnataka,K_KOD_292,Warehouse,14.8673,75.8039,Onion,25.0,1.6,74.0,0.36,52190,60018,20.0,48.0,44.0,222190,OBSERVED_DATA,"Central Water Commission (CWC), IMD, FCI & Ministry of Consumer Affairs",https://cwc.gov.in/ & https://fci.gov.in/,High
Kolar,Karnataka,K_KOL_293,Warehouse,15.8273,75.4139,Onion,27.0,2.1,56.0,0.36,58867,67697,22.0,30.0,43.0,288867,OBSERVED_DATA,"Central Water Commission (CWC), IMD, FCI & Ministry of Consumer Affairs",https://cwc.gov.in/ & https://fci.gov.in/,High
Koppal,Karnataka,K_KOP_294,Market,15.5423,75.3539,Onion,17.0,1.7,42.0,0.37,42557,38301,12.0,55.0,47.0,162557,OBSERVED_DATA,"Central Water Commission (CWC), IMD, FCI & Ministry of Consumer Affairs",https://cwc.gov.in/ & https://fci.gov.in/,High
Mandya,Karnataka,K_MAN_295,Warehouse,14.7473,75.3389,Onion,24.0,2.0,41.0,0.36,80164,92188,19.0,47.0,54.0,450164,OBSERVED_DATA,"Central Water Commission (CWC), IMD, FCI & Ministry of Consumer Affairs",https://cwc.gov.in/ & https://fci.gov.in/,High
Mysuru,Karnataka,K_MYS_296,Warehouse,14.6273,75.1739,Onion,22.0,1.5,84.0,0.37,93837,107912,17.0,30.0,55.0,483837,OBSERVED_DATA,"Central Water Commission (CWC), IMD, FCI & Ministry of Consumer Affairs",https://cwc.gov.in/ & https://fci.gov.in/,High
Raichur,Karnataka,K_RAI_297,Market,15.7373,75.9089,Onion,19.0,2.1,61.0,0.37,35309,31778,14.0,22.0,45.0,495309,OBSERVED_DATA,"Central Water Commission (CWC), IMD, FCI & Ministry of Consumer Affairs",https://cwc.gov.in/ & https://fci.gov.in/,High
Ramanagara,Karnataka,K_RAM_298,Warehouse,15.4073,76.3889,Onion,26.0,2.2,72.0,0.36,99866,114845,21.0,44.0,52.0,299866,OBSERVED_DATA,"Central Water Commission (CWC), IMD, FCI & Ministry of Consumer Affairs",https://cwc.gov.in/ & https://fci.gov.in/,High
Shivamogga,Karnataka,K_SHI_299,Warehouse,14.6873,76.2839,Onion,15.0,2.0,47.0,0.38,62480,56232,10.0,53.0,42.0,422480,OBSERVED_DATA,"Central Water Commission (CWC), IMD, FCI & Ministry of Consumer Affairs",https://cwc.gov.in/ & https://fci.gov.in/,High
Tumakuru,Karnataka,K_TUM_300,Warehouse,15.0473,76.1039,Onion,21.0,2.1,48.0,0.37,96461,110930,16.0,39.0,45.0,136461,OBSERVED_DATA,"Central Water Commission (CWC), IMD, FCI & Ministry of Consumer Affairs",https://cwc.gov.in/ & https://fci.gov.in/,High
Udupi,Karnataka,K_UDU_301,Warehouse,15.9473,75.9989,Onion,29.0,2.8,78.0,0.36,56794,65313,24.0,57.0,46.0,566794,OBSERVED_DATA,"Central Water Commission (CWC), IMD, FCI & Ministry of Consumer Affairs",https://cwc.gov.in/ & https://fci.gov.in/,High
Uttara Kannada,Karnataka,K_UTT_302,Warehouse,15.8423,76.2239,Onion,11.0,2.8,40.0,0.38,99626,89663,6.0,19.0,50.0,239626,OBSERVED_DATA,"Central Water Commission (CWC), IMD, FCI & Ministry of Consumer Affairs",https://cwc.gov.in/ & https://fci.gov.in/,High
Vijayapura,Karnataka,K_VIJ_303,Market,14.7323,76.1939,Onion,33.0,1.8,78.0,0.35,25048,28805,28.0,31.0,48.0,285048,OBSERVED_DATA,"Central Water Commission (CWC), IMD, FCI & Ministry of Consumer Affairs",https://cwc.gov.in/ & https://fci.gov.in/,High
Yadgir,Karnataka,K_YAD_304,Market,15.7223,75.2489,Onion,15.0,2.8,79.0,0.38,31480,28332,10.0,28.0,46.0,511480,OBSERVED_DATA,"Central Water Commission (CWC), IMD, FCI & Ministry of Consumer Affairs",https://cwc.gov.in/ & https://fci.gov.in/,High
Alappuzha,Kerala,K_ALA_305,Warehouse,10.6405,75.7011,Onion,34.0,1.6,77.0,0.35,91374,105080,29.0,32.0,50.0,371374,OBSERVED_DATA,"Central Water Commission (CWC), IMD, FCI & Ministry of Consumer Affairs",https://cwc.gov.in/ & https://fci.gov.in/,High
Ernakulam,Kerala,K_ERN_306,Warehouse,11.3305,76.0161,Onion,15.0,2.4,60.0,0.38,95030,85527,10.0,38.0,54.0,345030,OBSERVED_DATA,"Central Water Commission (CWC), IMD, FCI & Ministry of Consumer Affairs",https://cwc.gov.in/ & https://fci.gov.in/,High
Idukki,Kerala,K_IDU_307,Market,10.8355,76.5261,Onion,33.0,2.8,66.0,0.35,27448,31565,28.0,51.0,42.0,507448,OBSERVED_DATA,"Central Water Commission (CWC), IMD, FCI & Ministry of Consumer Affairs",https://cwc.gov.in/ & https://fci.gov.in/,High
Kannur,Kerala,K_KAN_308,Market,10.3255,76.2711,Onion,16.0,2.7,46.0,0.38,40281,36252,11.0,59.0,55.0,340281,OBSERVED_DATA,"Central Water Commission (CWC), IMD, FCI & Ministry of Consumer Affairs",https://cwc.gov.in/ & https://fci.gov.in/,High
Kasaragod,Kerala,K_KAS_309,Market,10.4905,76.0611,Onion,15.0,2.9,52.0,0.38,24955,22459,10.0,28.0,43.0,154955,OBSERVED_DATA,"Central Water Commission (CWC), IMD, FCI & Ministry of Consumer Affairs",https://cwc.gov.in/ & https://fci.gov.in/,High
Kollam,Kerala,K_KOL_310,Warehouse,10.5505,76.7961,Onion,27.0,2.1,44.0,0.36,91267,104957,22.0,70.0,49.0,141267,OBSERVED_DATA,"Central Water Commission (CWC), IMD, FCI & Ministry of Consumer Affairs",https://cwc.gov.in/ & https://fci.gov.in/,High
Kottayam,Kerala,K_KOT_311,Market,10.4605,76.8111,Onion,29.0,2.0,82.0,0.36,35144,40415,24.0,22.0,50.0,245144,OBSERVED_DATA,"Central Water Commission (CWC), IMD, FCI & Ministry of Consumer Affairs",https://cwc.gov.in/ & https://fci.gov.in/,High
Kozhikode,Kerala,K_KOZ_312,Market,11.1655,75.9561,Onion,10.0,2.1,84.0,0.39,41175,37057,5.0,23.0,55.0,431175,OBSERVED_DATA,"Central Water Commission (CWC), IMD, FCI & Ministry of Consumer Affairs",https://cwc.gov.in/ & https://fci.gov.in/,High
Malappuram,Kerala,K_MAL_313,Market,10.9855,77.0061,Onion,27.0,1.6,75.0,0.36,21942,25233,22.0,30.0,54.0,541942,OBSERVED_DATA,"Central Water Commission (CWC), IMD, FCI & Ministry of Consumer Affairs",https://cwc.gov.in/ & https://fci.gov.in/,High
Palakkad,Kerala,K_PAL_314,Warehouse,10.6855,75.7911,Onion,20.0,2.4,80.0,0.37,80960,72864,15.0,28.0,50.0,540960,OBSERVED_DATA,"Central Water Commission (CWC), IMD, FCI & Ministry of Consumer Affairs",https://cwc.gov.in/ & https://fci.gov.in/,High
Pathanamthitta,Kerala,K_PAT_315,Warehouse,10.2505,75.9711,Onion,34.0,1.2,58.0,0.35,53524,61552,29.0,57.0,48.0,163524,OBSERVED_DATA,"Central Water Commission (CWC), IMD, FCI & Ministry of Consumer Affairs",https://cwc.gov.in/ & https://fci.gov.in/,High
Thiruvananthapuram,Kerala,K_THI_316,Warehouse,8.5241,76.9366,Onion,28.0,1.2,44.0,0.36,80418,92480,23.0,56.0,48.0,350418,OBSERVED_DATA,"Central Water Commission (CWC), IMD, FCI & Ministry of Consumer Affairs",https://cwc.gov.in/ & https://fci.gov.in/,High
Thrissur,Kerala,K_THR_317,Warehouse,11.3155,76.2261,Onion,24.0,1.4,41.0,0.36,55214,63496,19.0,67.0,44.0,385214,OBSERVED_DATA,"Central Water Commission (CWC), IMD, FCI & Ministry of Consumer Affairs",https://cwc.gov.in/ & https://fci.gov.in/,High
Wayanad,Kerala,K_WAY_318,Market,10.2655,76.8561,Onion,28.0,1.4,41.0,0.36,26268,30208,23.0,21.0,44.0,376268,OBSERVED_DATA,"Central Water Commission (CWC), IMD, FCI & Ministry of Consumer Affairs",https://cwc.gov.in/ & https://fci.gov.in/,High
Anuppur,Madhya Pradesh,MP_ANU_319,Market,23.4534,77.9069,Onion,33.0,2.6,45.0,0.35,35998,41397,28.0,41.0,46.0,495998,OBSERVED_DATA,"Central Water Commission (CWC), IMD, FCI & Ministry of Consumer Affairs",https://cwc.gov.in/ & https://fci.gov.in/,High
Ashoknagar,Madhya Pradesh,MP_ASH_320,Warehouse,22.7634,78.7919,Onion,23.0,2.4,50.0,0.37,90338,103888,18.0,21.0,50.0,460338,OBSERVED_DATA,"Central Water Commission (CWC), IMD, FCI & Ministry of Consumer Affairs",https://cwc.gov.in/ & https://fci.gov.in/,High
Balaghat,Madhya Pradesh,MP_BAL_321,Warehouse,23.3034,79.3019,Onion,11.0,2.6,73.0,0.38,74076,66668,6.0,29.0,52.0,364076,OBSERVED_DATA,"Central Water Commission (CWC), IMD, FCI & Ministry of Consumer Affairs",https://cwc.gov.in/ & https://fci.gov.in/,High
Barwani,Madhya Pradesh,MP_BAR_322,Warehouse,22.9134,79.0319,Onion,33.0,2.4,58.0,0.35,50798,58417,28.0,31.0,50.0,270798,OBSERVED_DATA,"Central Water Commission (CWC), IMD, FCI & Ministry of Consumer Affairs",https://cwc.gov.in/ & https://fci.gov.in/,High
Betul,Madhya Pradesh,MP_BET_323,Market,22.3134,78.9269,Onion,18.0,2.6,84.0,0.37,35508,31957,13.0,51.0,42.0,175508,OBSERVED_DATA,"Central Water Commission (CWC), IMD, FCI & Ministry of Consumer Affairs",https://cwc.gov.in/ & https://fci.gov.in/,High
Bhind,Madhya Pradesh,MP_BHI_324,Market,23.3784,78.4169,Onion,18.0,2.9,48.0,0.37,33983,30584,13.0,71.0,47.0,333983,OBSERVED_DATA,"Central Water Commission (CWC), IMD, FCI & Ministry of Consumer Affairs",https://cwc.gov.in/ & https://fci.gov.in/,High
Bhopal,Madhya Pradesh,MP_BHO_325,Warehouse,23.2599,77.4126,Onion,12.0,2.5,48.0,0.38,66127,59514,7.0,60.0,45.0,366127,OBSERVED_DATA,"Central Water Commission (CWC), IMD, FCI & Ministry of Consumer Affairs",https://cwc.gov.in/ & https://fci.gov.in/,High
Burhanpur,Madhya Pradesh,MP_BUR_326,Warehouse,23.3484,79.0169,Onion,30.0,1.5,77.0,0.36,91695,105449,25.0,18.0,47.0,301695,OBSERVED_DATA,"Central Water Commission (CWC), IMD, FCI & Ministry of Consumer Affairs",https://cwc.gov.in/ & https://fci.gov.in/,High
Chhatarpur,Madhya Pradesh,MP_CHH_327,Warehouse,22.3884,78.5819,Onion,33.0,1.4,45.0,0.35,74198,85327,28.0,26.0,54.0,284198,OBSERVED_DATA,"Central Water Commission (CWC), IMD, FCI & Ministry of Consumer Affairs",https://cwc.gov.in/ & https://fci.gov.in/,High
Chhindwara,Madhya Pradesh,MP_CHH_328,Warehouse,22.5234,77.9069,Onion,12.0,2.6,84.0,0.38,94152,84736,7.0,45.0,44.0,414152,OBSERVED_DATA,"Central Water Commission (CWC), IMD, FCI & Ministry of Consumer Affairs",https://cwc.gov.in/ & https://fci.gov.in/,High
Damoh,Madhya Pradesh,MP_DAM_329,Warehouse,23.4534,78.3419,Onion,20.0,2.2,76.0,0.37,63310,56979,15.0,33.0,52.0,423310,OBSERVED_DATA,"Central Water Commission (CWC), IMD, FCI & Ministry of Consumer Affairs",https://cwc.gov.in/ & https://fci.gov.in/,High
Datia,Madhya Pradesh,MP_DAT_330,Market,22.7934,78.7619,Onion,34.0,2.8,79.0,0.35,27374,31480,29.0,52.0,44.0,437374,OBSERVED_DATA,"Central Water Commission (CWC), IMD, FCI & Ministry of Consumer Affairs",https://cwc.gov.in/ & https://fci.gov.in/,High
Dewas,Madhya Pradesh,MP_DEW_331,Warehouse,22.5534,79.2719,Onion,34.0,1.2,61.0,0.35,79624,91567,29.0,47.0,50.0,279624,OBSERVED_DATA,"Central Water Commission (CWC), IMD, FCI & Ministry of Consumer Affairs",https://cwc.gov.in/ & https://fci.gov.in/,High
Dhar,Madhya Pradesh,MP_DHA_332,Warehouse,22.7184,77.9069,Onion,21.0,2.6,71.0,0.37,92886,106818,16.0,49.0,50.0,292886,OBSERVED_DATA,"Central Water Commission (CWC), IMD, FCI & Ministry of Consumer Affairs",https://cwc.gov.in/ & https://fci.gov.in/,High
Dindori,Madhya Pradesh,MP_DIN_333,Warehouse,22.4334,78.9119,Onion,26.0,1.5,51.0,0.36,99141,114012,21.0,24.0,53.0,549141,OBSERVED_DATA,"Central Water Commission (CWC), IMD, FCI & Ministry of Consumer Affairs",https://cwc.gov.in/ & https://fci.gov.in/,High
Guna,Madhya Pradesh,MP_GUN_334,Warehouse,23.6934,78.1919,Onion,18.0,2.1,66.0,0.37,55183,49664,13.0,56.0,45.0,495183,OBSERVED_DATA,"Central Water Commission (CWC), IMD, FCI & Ministry of Consumer Affairs",https://cwc.gov.in/ & https://fci.gov.in/,High
Gwalior,Madhya Pradesh,MP_GWA_335,Warehouse,23.1684,79.1819,Onion,18.0,2.0,79.0,0.37,55708,50137,13.0,51.0,48.0,545708,OBSERVED_DATA,"Central Water Commission (CWC), IMD, FCI & Ministry of Consumer Affairs",https://cwc.gov.in/ & https://fci.gov.in/,High
Harda,Madhya Pradesh,MP_HAR_336,Warehouse,23.4084,78.1169,Onion,25.0,1.7,54.0,0.36,84815,97537,20.0,43.0,51.0,174815,OBSERVED_DATA,"Central Water Commission (CWC), IMD, FCI & Ministry of Consumer Affairs",https://cwc.gov.in/ & https://fci.gov.in/,High
Hoshangabad,Madhya Pradesh,MP_HOS_337,Market,23.0934,78.3569,Onion,25.0,1.4,49.0,0.36,30940,35581,20.0,68.0,48.0,190940,OBSERVED_DATA,"Central Water Commission (CWC), IMD, FCI & Ministry of Consumer Affairs",https://cwc.gov.in/ & https://fci.gov.in/,High
Indore,Madhya Pradesh,MP_IND_338,Warehouse,22.8234,77.9669,Onion,25.0,2.4,43.0,0.36,82140,94460,20.0,53.0,52.0,262140,OBSERVED_DATA,"Central Water Commission (CWC), IMD, FCI & Ministry of Consumer Affairs",https://cwc.gov.in/ & https://fci.gov.in/,High
Jabalpur,Madhya Pradesh,MP_JAB_339,Warehouse,22.2834,78.7169,Onion,10.0,2.0,50.0,0.39,91600,82440,5.0,63.0,50.0,491600,OBSERVED_DATA,"Central Water Commission (CWC), IMD, FCI & Ministry of Consumer Affairs",https://cwc.gov.in/ & https://fci.gov.in/,High
Jhabua,Madhya Pradesh,MP_JHA_340,Warehouse,22.7484,78.4019,Onion,17.0,1.7,61.0,0.37,59307,53376,12.0,45.0,45.0,349307,OBSERVED_DATA,"Central Water Commission (CWC), IMD, FCI & Ministry of Consumer Affairs",https://cwc.gov.in/ & https://fci.gov.in/,High
Katni,Madhya Pradesh,MP_KAT_341,Warehouse,23.1384,79.3619,Onion,14.0,1.8,68.0,0.38,88154,79338,9.0,32.0,42.0,278154,OBSERVED_DATA,"Central Water Commission (CWC), IMD, FCI & Ministry of Consumer Affairs",https://cwc.gov.in/ & https://fci.gov.in/,High
Khandwa,Madhya Pradesh,MP_KHA_342,Warehouse,23.2434,78.6569,Onion,11.0,2.0,56.0,0.38,63326,56993,6.0,34.0,48.0,513326,OBSERVED_DATA,"Central Water Commission (CWC), IMD, FCI & Ministry of Consumer Affairs",https://cwc.gov.in/ & https://fci.gov.in/,High
Khargone,Madhya Pradesh,MP_KHA_343,Warehouse,22.5234,78.3419,Onion,14.0,2.2,70.0,0.38,63204,56883,9.0,42.0,54.0,493204,OBSERVED_DATA,"Central Water Commission (CWC), IMD, FCI & Ministry of Consumer Affairs",https://cwc.gov.in/ & https://fci.gov.in/,High
Mandla,Madhya Pradesh,MP_MAN_344,Market,23.4084,78.9119,Onion,21.0,1.7,75.0,0.37,29561,33995,16.0,59.0,47.0,239561,OBSERVED_DATA,"Central Water Commission (CWC), IMD, FCI & Ministry of Consumer Affairs",https://cwc.gov.in/ & https://fci.gov.in/,High
Mandsaur,Madhya Pradesh,MP_MAN_345,Warehouse,23.1834,78.8969,Onion,10.0,1.4,45.0,0.39,57350,51615,5.0,28.0,54.0,537350,OBSERVED_DATA,"Central Water Commission (CWC), IMD, FCI & Ministry of Consumer Affairs",https://cwc.gov.in/ & https://fci.gov.in/,High
Morena,Madhya Pradesh,MP_MOR_346,Market,22.9284,79.0019,Onion,22.0,1.4,69.0,0.37,39362,45266,17.0,50.0,54.0,129362,OBSERVED_DATA,"Central Water Commission (CWC), IMD, FCI & Ministry of Consumer Affairs",https://cwc.gov.in/ & https://fci.gov.in/,High
Narsinghpur,Madhya Pradesh,MP_NAR_347,Warehouse,22.9284,78.9119,Onion,34.0,2.6,65.0,0.35,86924,99962,29.0,22.0,52.0,416924,OBSERVED_DATA,"Central Water Commission (CWC), IMD, FCI & Ministry of Consumer Affairs",https://cwc.gov.in/ & https://fci.gov.in/,High
Neemuch,Madhya Pradesh,MP_NEE_348,Warehouse,23.3034,78.7919,Onion,26.0,2.5,77.0,0.36,83191,95669,21.0,39.0,53.0,293191,OBSERVED_DATA,"Central Water Commission (CWC), IMD, FCI & Ministry of Consumer Affairs",https://cwc.gov.in/ & https://fci.gov.in/,High
Panna,Madhya Pradesh,MP_PAN_349,Warehouse,22.6284,78.1769,Onion,32.0,2.9,40.0,0.35,63697,73251,27.0,25.0,53.0,133697,OBSERVED_DATA,"Central Water Commission (CWC), IMD, FCI & Ministry of Consumer Affairs",https://cwc.gov.in/ & https://fci.gov.in/,High
Raisen,Madhya Pradesh,MP_RAI_350,Market,22.4634,78.6419,Onion,32.0,1.9,50.0,0.35,40547,46629,27.0,40.0,49.0,300547,OBSERVED_DATA,"Central Water Commission (CWC), IMD, FCI & Ministry of Consumer Affairs",https://cwc.gov.in/ & https://fci.gov.in/,High
Rajgarh,Madhya Pradesh,MP_RAJ_351,Warehouse,22.6884,78.9719,Onion,17.0,1.5,52.0,0.37,89807,80826,12.0,65.0,51.0,549807,OBSERVED_DATA,"Central Water Commission (CWC), IMD, FCI & Ministry of Consumer Affairs",https://cwc.gov.in/ & https://fci.gov.in/,High
Ratlam,Madhya Pradesh,MP_RAT_352,Market,23.5434,78.6719,Onion,31.0,2.8,83.0,0.35,44946,51687,26.0,19.0,54.0,234946,OBSERVED_DATA,"Central Water Commission (CWC), IMD, FCI & Ministry of Consumer Affairs",https://cwc.gov.in/ & https://fci.gov.in/,High
Rewa,Madhya Pradesh,MP_REW_353,Warehouse,22.3884,78.3269,Onion,11.0,2.9,70.0,0.38,98451,88605,6.0,19.0,43.0,568451,OBSERVED_DATA,"Central Water Commission (CWC), IMD, FCI & Ministry of Consumer Affairs",https://cwc.gov.in/ & https://fci.gov.in/,High
Sagar,Madhya Pradesh,MP_SAG_354,Warehouse,22.9734,78.7919,Onion,13.0,2.6,84.0,0.38,84028,75625,8.0,51.0,52.0,394028,OBSERVED_DATA,"Central Water Commission (CWC), IMD, FCI & Ministry of Consumer Affairs",https://cwc.gov.in/ & https://fci.gov.in/,High
Satna,Madhya Pradesh,MP_SAT_355,Warehouse,22.4334,78.8369,Onion,33.0,2.3,58.0,0.35,69973,80468,28.0,41.0,51.0,139973,OBSERVED_DATA,"Central Water Commission (CWC), IMD, FCI & Ministry of Consumer Affairs",https://cwc.gov.in/ & https://fci.gov.in/,High
Sehore,Madhya Pradesh,MP_SEH_356,Market,23.1834,78.0419,Onion,26.0,1.6,83.0,0.36,42466,48835,21.0,34.0,50.0,342466,OBSERVED_DATA,"Central Water Commission (CWC), IMD, FCI & Ministry of Consumer Affairs",https://cwc.gov.in/ & https://fci.gov.in/,High
Seoni,Madhya Pradesh,MP_SEO_357,Market,22.8234,78.3119,Onion,29.0,1.9,66.0,0.36,27219,31301,24.0,47.0,51.0,367219,OBSERVED_DATA,"Central Water Commission (CWC), IMD, FCI & Ministry of Consumer Affairs",https://cwc.gov.in/ & https://fci.gov.in/,High
Shahdol,Madhya Pradesh,MP_SHA_358,Warehouse,23.1234,78.2219,Onion,16.0,2.9,43.0,0.38,77631,69867,11.0,49.0,55.0,487631,OBSERVED_DATA,"Central Water Commission (CWC), IMD, FCI & Ministry of Consumer Affairs",https://cwc.gov.in/ & https://fci.gov.in/,High
Shajapur,Madhya Pradesh,MP_SHA_359,Warehouse,22.7184,78.4469,Onion,27.0,1.4,54.0,0.36,84842,97568,22.0,65.0,52.0,144842,OBSERVED_DATA,"Central Water Commission (CWC), IMD, FCI & Ministry of Consumer Affairs",https://cwc.gov.in/ & https://fci.gov.in/,High
Sheopur,Madhya Pradesh,MP_SHE_360,Warehouse,22.2984,79.3919,Onion,24.0,1.5,56.0,0.36,45589,52427,19.0,37.0,49.0,335589,OBSERVED_DATA,"Central Water Commission (CWC), IMD, FCI & Ministry of Consumer Affairs",https://cwc.gov.in/ & https://fci.gov.in/,High
Shivpuri,Madhya Pradesh,MP_SHI_361,Warehouse,23.4834,78.0869,Onion,15.0,1.4,65.0,0.38,77830,70047,10.0,18.0,54.0,507830,OBSERVED_DATA,"Central Water Commission (CWC), IMD, FCI & Ministry of Consumer Affairs",https://cwc.gov.in/ & https://fci.gov.in/,High
Sidhi,Madhya Pradesh,MP_SID_362,Market,22.7184,79.1369,Onion,29.0,1.3,80.0,0.36,22919,26356,24.0,62.0,47.0,462919,OBSERVED_DATA,"Central Water Commission (CWC), IMD, FCI & Ministry of Consumer Affairs",https://cwc.gov.in/ & https://fci.gov.in/,High
Singrauli,Madhya Pradesh,MP_SIN_363,Market,22.4484,78.1619,Onion,25.0,1.9,76.0,0.36,23365,26869,20.0,58.0,45.0,563365,OBSERVED_DATA,"Central Water Commission (CWC), IMD, FCI & Ministry of Consumer Affairs",https://cwc.gov.in/ & https://fci.gov.in/,High
Tikamgarh,Madhya Pradesh,MP_TIK_364,Warehouse,22.7634,79.2269,Onion,17.0,2.6,83.0,0.37,60532,54478,12.0,70.0,46.0,340532,OBSERVED_DATA,"Central Water Commission (CWC), IMD, FCI & Ministry of Consumer Affairs",https://cwc.gov.in/ & https://fci.gov.in/,High
Ujjain,Madhya Pradesh,MP_UJJ_365,Warehouse,22.7334,78.8969,Onion,30.0,2.1,55.0,0.36,89345,102746,25.0,43.0,45.0,369345,OBSERVED_DATA,"Central Water Commission (CWC), IMD, FCI & Ministry of Consumer Affairs",https://cwc.gov.in/ & https://fci.gov.in/,High
Umaria,Madhya Pradesh,MP_UMA_366,Market,22.3884,78.9419,Onion,23.0,1.5,72.0,0.37,33113,38079,18.0,51.0,53.0,433113,OBSERVED_DATA,"Central Water Commission (CWC), IMD, FCI & Ministry of Consumer Affairs",https://cwc.gov.in/ & https://fci.gov.in/,High
Vidisha,Madhya Pradesh,MP_VID_367,Warehouse,22.3584,78.9869,Onion,34.0,2.4,61.0,0.35,82274,94615,29.0,32.0,52.0,272274,OBSERVED_DATA,"Central Water Commission (CWC), IMD, FCI & Ministry of Consumer Affairs",https://cwc.gov.in/ & https://fci.gov.in/,High
Ahmednagar,Maharashtra,M_AHM_368,Market,19.5565,76.3289,Onion,20.0,2.6,42.0,0.37,35560,32004,15.0,38.0,52.0,285560,OBSERVED_DATA,"Central Water Commission (CWC), IMD, FCI & Ministry of Consumer Affairs",https://cwc.gov.in/ & https://fci.gov.in/,High
Akola,Maharashtra,M_AKO_369,Market,19.9015,75.8939,Onion,27.0,2.8,79.0,0.36,40742,46853,22.0,25.0,42.0,240742,OBSERVED_DATA,"Central Water Commission (CWC), IMD, FCI & Ministry of Consumer Affairs",https://cwc.gov.in/ & https://fci.gov.in/,High
Amravati,Maharashtra,M_AMR_370,Warehouse,19.3315,75.7739,Onion,29.0,2.2,77.0,0.36,46694,53698,24.0,47.0,54.0,156694,OBSERVED_DATA,"Central Water Commission (CWC), IMD, FCI & Ministry of Consumer Affairs",https://cwc.gov.in/ & https://fci.gov.in/,High
Aurangabad,Maharashtra,M_AUR_371,Warehouse,20.2915,74.9639,Onion,13.0,1.9,65.0,0.38,90703,81632,8.0,36.0,51.0,540703,OBSERVED_DATA,"Central Water Commission (CWC), IMD, FCI & Ministry of Consumer Affairs",https://cwc.gov.in/ & https://fci.gov.in/,High
Beed,Maharashtra,M_BEE_372,Warehouse,19.4965,76.3889,Onion,31.0,1.8,72.0,0.35,49746,57207,26.0,69.0,46.0,379746,OBSERVED_DATA,"Central Water Commission (CWC), IMD, FCI & Ministry of Consumer Affairs",https://cwc.gov.in/ & https://fci.gov.in/,High
Bhandara,Maharashtra,M_BHA_373,Warehouse,19.7815,76.3589,Onion,32.0,2.2,83.0,0.35,79572,91507,27.0,65.0,42.0,179572,OBSERVED_DATA,"Central Water Commission (CWC), IMD, FCI & Ministry of Consumer Affairs",https://cwc.gov.in/ & https://fci.gov.in/,High
Buldhana,Maharashtra,M_BUL_374,Market,20.3365,75.5639,Onion,28.0,1.7,60.0,0.36,39843,45819,23.0,21.0,45.0,479843,OBSERVED_DATA,"Central Water Commission (CWC), IMD, FCI & Ministry of Consumer Affairs",https://cwc.gov.in/ & https://fci.gov.in/,High
Chandrapur,Maharashtra,M_CHA_375,Market,19.9465,75.6089,Onion,17.0,2.7,52.0,0.37,30957,27861,12.0,20.0,55.0,420957,OBSERVED_DATA,"Central Water Commission (CWC), IMD, FCI & Ministry of Consumer Affairs",https://cwc.gov.in/ & https://fci.gov.in/,High
Dhule,Maharashtra,M_DHU_376,Warehouse,19.8565,75.7589,Onion,13.0,2.6,48.0,0.38,81278,73150,8.0,61.0,44.0,351278,OBSERVED_DATA,"Central Water Commission (CWC), IMD, FCI & Ministry of Consumer Affairs",https://cwc.gov.in/ & https://fci.gov.in/,High
Gadchiroli,Maharashtra,M_GAD_377,Market,20.4565,76.1939,Onion,32.0,1.9,75.0,0.35,21997,25296,27.0,60.0,47.0,201997,OBSERVED_DATA,"Central Water Commission (CWC), IMD, FCI & Ministry of Consumer Affairs",https://cwc.gov.in/ & https://fci.gov.in/,High
Gondia,Maharashtra,M_GON_378,Warehouse,19.6015,75.8189,Onion,26.0,2.6,41.0,0.36,76516,87993,21.0,29.0,54.0,176516,OBSERVED_DATA,"Central Water Commission (CWC), IMD, FCI & Ministry of Consumer Affairs",https://cwc.gov.in/ & https://fci.gov.in/,High
Hingoli,Maharashtra,M_HIN_379,Warehouse,19.1665,75.9389,Onion,20.0,1.4,65.0,0.37,68210,61389,15.0,48.0,54.0,218210,OBSERVED_DATA,"Central Water Commission (CWC), IMD, FCI & Ministry of Consumer Affairs",https://cwc.gov.in/ & https://fci.gov.in/,High
Jalgaon,Maharashtra,M_JAL_380,Warehouse,19.3615,75.3539,Onion,19.0,1.8,43.0,0.37,47284,42555,14.0,32.0,48.0,157284,OBSERVED_DATA,"Central Water Commission (CWC), IMD, FCI & Ministry of Consumer Affairs",https://cwc.gov.in/ & https://fci.gov.in/,High
Jalna,Maharashtra,M_JAL_381,Market,19.6465,75.2939,Onion,25.0,1.2,59.0,0.36,27240,31325,20.0,43.0,42.0,267240,OBSERVED_DATA,"Central Water Commission (CWC), IMD, FCI & Ministry of Consumer Affairs",https://cwc.gov.in/ & https://fci.gov.in/,High
Kolhapur,Maharashtra,M_KOL_382,Market,19.1065,76.4039,Onion,13.0,1.4,53.0,0.38,43278,38950,8.0,56.0,54.0,483278,OBSERVED_DATA,"Central Water Commission (CWC), IMD, FCI & Ministry of Consumer Affairs",https://cwc.gov.in/ & https://fci.gov.in/,High
Latur,Maharashtra,M_LAT_383,Market,19.5265,75.2339,Onion,14.0,2.2,54.0,0.38,41604,37443,9.0,47.0,54.0,561604,OBSERVED_DATA,"Central Water Commission (CWC), IMD, FCI & Ministry of Consumer Affairs",https://cwc.gov.in/ & https://fci.gov.in/,High
Mumbai City,Maharashtra,M_MUM_384,Warehouse,19.076,72.8777,Onion,15.0,1.5,47.0,0.38,84055,75649,10.0,23.0,51.0,554055,OBSERVED_DATA,"Central Water Commission (CWC), IMD, FCI & Ministry of Consumer Affairs",https://cwc.gov.in/ & https://fci.gov.in/,High
Mumbai Suburban,Maharashtra,M_MUM_385,Warehouse,19.8115,76.2689,Onion,32.0,2.1,67.0,0.35,49347,56749,27.0,50.0,47.0,349347,OBSERVED_DATA,"Central Water Commission (CWC), IMD, FCI & Ministry of Consumer Affairs",https://cwc.gov.in/ & https://fci.gov.in/,High
Nagpur,Maharashtra,M_NAG_386,Market,19.9765,75.5189,Onion,11.0,1.6,76.0,0.38,44376,39938,6.0,19.0,42.0,234376,OBSERVED_DATA,"Central Water Commission (CWC), IMD, FCI & Ministry of Consumer Affairs",https://cwc.gov.in/ & https://fci.gov.in/,High
Nanded,Maharashtra,M_NAN_387,Warehouse,20.1715,75.9539,Onion,25.0,1.6,74.0,0.36,62490,71863,20.0,63.0,50.0,192490,OBSERVED_DATA,"Central Water Commission (CWC), IMD, FCI & Ministry of Consumer Affairs",https://cwc.gov.in/ & https://fci.gov.in/,High
Nandurbar,Maharashtra,M_NAN_388,Warehouse,20.2465,76.4039,Onion,31.0,1.9,53.0,0.35,68621,78914,26.0,29.0,45.0,478621,OBSERVED_DATA,"Central Water Commission (CWC), IMD, FCI & Ministry of Consumer Affairs",https://cwc.gov.in/ & https://fci.gov.in/,High
Nashik,Maharashtra,M_NAS_389,Warehouse,19.9975,73.7898,Onion,18.0,1.7,56.0,0.37,51583,46424,13.0,61.0,51.0,361583,OBSERVED_DATA,"Central Water Commission (CWC), IMD, FCI & Ministry of Consumer Affairs",https://cwc.gov.in/ & https://fci.gov.in/,High
Osmanabad,Maharashtra,M_OSM_390,Warehouse,19.1515,75.7889,Onion,14.0,1.6,78.0,0.38,57854,52068,9.0,62.0,54.0,467854,OBSERVED_DATA,"Central Water Commission (CWC), IMD, FCI & Ministry of Consumer Affairs",https://cwc.gov.in/ & https://fci.gov.in/,High
Palghar,Maharashtra,M_PAL_391,Warehouse,19.2415,75.2789,Onion,26.0,1.7,47.0,0.36,90091,103604,21.0,34.0,49.0,250091,OBSERVED_DATA,"Central Water Commission (CWC), IMD, FCI & Ministry of Consumer Affairs",https://cwc.gov.in/ & https://fci.gov.in/,High
Parbhani,Maharashtra,M_PAR_392,Warehouse,20.3815,75.4289,Onion,28.0,2.6,40.0,0.36,66668,76668,23.0,56.0,48.0,546668,OBSERVED_DATA,"Central Water Commission (CWC), IMD, FCI & Ministry of Consumer Affairs",https://cwc.gov.in/ & https://fci.gov.in/,High
Pune,Maharashtra,M_PUN_393,Warehouse,18.5204,73.8567,Onion,18.0,1.3,50.0,0.37,66333,59699,13.0,71.0,55.0,436333,OBSERVED_DATA,"Central Water Commission (CWC), IMD, FCI & Ministry of Consumer Affairs",https://cwc.gov.in/ & https://fci.gov.in/,High
Raigad,Maharashtra,M_RAI_394,Warehouse,19.9015,76.1489,Onion,16.0,2.5,59.0,0.38,61581,55422,11.0,44.0,51.0,281581,OBSERVED_DATA,"Central Water Commission (CWC), IMD, FCI & Ministry of Consumer Affairs",https://cwc.gov.in/ & https://fci.gov.in/,High
Ratnagiri,Maharashtra,M_RAT_395,Market,20.1415,75.1289,Onion,16.0,2.3,42.0,0.38,25981,23382,11.0,29.0,47.0,185981,OBSERVED_DATA,"Central Water Commission (CWC), IMD, FCI & Ministry of Consumer Affairs",https://cwc.gov.in/ & https://fci.gov.in/,High
Sangli,Maharashtra,M_SAN_396,Warehouse,20.0815,76.4339,Onion,25.0,2.7,55.0,0.36,80815,92937,20.0,53.0,49.0,220815,OBSERVED_DATA,"Central Water Commission (CWC), IMD, FCI & Ministry of Consumer Affairs",https://cwc.gov.in/ & https://fci.gov.in/,High
Satara,Maharashtra,M_SAT_397,Market,20.2315,75.6239,Onion,34.0,2.3,58.0,0.35,20399,23458,29.0,32.0,47.0,470399,OBSERVED_DATA,"Central Water Commission (CWC), IMD, FCI & Ministry of Consumer Affairs",https://cwc.gov.in/ & https://fci.gov.in/,High
Sindhudurg,Maharashtra,M_SIN_398,Market,19.7815,75.0689,Onion,27.0,2.6,40.0,0.36,20442,23508,22.0,65.0,50.0,250442,OBSERVED_DATA,"Central Water Commission (CWC), IMD, FCI & Ministry of Consumer Affairs",https://cwc.gov.in/ & https://fci.gov.in/,High
Solapur,Maharashtra,M_SOL_399,Market,17.6599,75.9064,Onion,26.0,1.8,45.0,0.36,33066,38025,21.0,59.0,50.0,213066,OBSERVED_DATA,"Central Water Commission (CWC), IMD, FCI & Ministry of Consumer Affairs",https://cwc.gov.in/ & https://fci.gov.in/,High
Thane,Maharashtra,M_THA_400,Market,19.1065,76.0589,Onion,17.0,2.6,44.0,0.37,31382,28243,12.0,45.0,52.0,121382,OBSERVED_DATA,"Central Water Commission (CWC), IMD, FCI & Ministry of Consumer Affairs",https://cwc.gov.in/ & https://fci.gov.in/,High
Wardha,Maharashtra,M_WAR_401,Warehouse,19.3015,76.4489,Onion,33.0,1.3,40.0,0.35,56573,65058,28.0,61.0,53.0,286573,OBSERVED_DATA,"Central Water Commission (CWC), IMD, FCI & Ministry of Consumer Affairs",https://cwc.gov.in/ & https://fci.gov.in/,High
Yavatmal,Maharashtra,M_YAV_402,Market,19.2715,76.1189,Onion,27.0,1.2,41.0,0.36,38542,44323,22.0,50.0,42.0,478542,OBSERVED_DATA,"Central Water Commission (CWC), IMD, FCI & Ministry of Consumer Affairs",https://cwc.gov.in/ & https://fci.gov.in/,High
Bishnupur,Manipur,M_BIS_403,Market,24.5137,93.4413,Onion,25.0,1.5,75.0,0.36,23965,27559,20.0,48.0,55.0,463965,OBSERVED_DATA,"Central Water Commission (CWC), IMD, FCI & Ministry of Consumer Affairs",https://cwc.gov.in/ & https://fci.gov.in/,High
Chandel,Manipur,M_CHA_404,Warehouse,24.8137,93.3663,Onion,22.0,1.7,63.0,0.37,81487,93710,17.0,45.0,55.0,241487,OBSERVED_DATA,"Central Water Commission (CWC), IMD, FCI & Ministry of Consumer Affairs",https://cwc.gov.in/ & https://fci.gov.in/,High
Churachandpur,Manipur,M_CHU_405,Warehouse,25.3687,93.8613,Onion,13.0,1.5,70.0,0.38,46953,42257,8.0,56.0,47.0,286953,OBSERVED_DATA,"Central Water Commission (CWC), IMD, FCI & Ministry of Consumer Affairs",https://cwc.gov.in/ & https://fci.gov.in/,High
Imphal,Manipur,M_IMP_406,Warehouse,24.4687,94.4613,Onion,10.0,1.5,73.0,0.39,84425,75982,5.0,68.0,45.0,454425,OBSERVED_DATA,"Central Water Commission (CWC), IMD, FCI & Ministry of Consumer Affairs",https://cwc.gov.in/ & https://fci.gov.in/,High
East,Manipur,M_EAS_407,Warehouse,25.0387,93.1713,Onion,16.0,1.9,45.0,0.38,93031,83727,11.0,24.0,43.0,393031,OBSERVED_DATA,"Central Water Commission (CWC), IMD, FCI & Ministry of Consumer Affairs",https://cwc.gov.in/ & https://fci.gov.in/,High
Imphal,Manipur,M_IMP_408,Warehouse,24.4687,94.4613,Onion,10.0,1.5,73.0,0.39,84425,75982,5.0,68.0,45.0,454425,OBSERVED_DATA,"Central Water Commission (CWC), IMD, FCI & Ministry of Consumer Affairs",https://cwc.gov.in/ & https://fci.gov.in/,High
West,Manipur,M_WES_409,Warehouse,25.2787,93.6513,Onion,14.0,2.6,82.0,0.38,89604,80643,9.0,27.0,42.0,349604,OBSERVED_DATA,"Central Water Commission (CWC), IMD, FCI & Ministry of Consumer Affairs",https://cwc.gov.in/ & https://fci.gov.in/,High
Senapati,Manipur,M_SEN_410,Warehouse,24.2437,93.9063,Onion,22.0,2.4,52.0,0.37,97412,112023,17.0,30.0,48.0,287412,OBSERVED_DATA,"Central Water Commission (CWC), IMD, FCI & Ministry of Consumer Affairs",https://cwc.gov.in/ & https://fci.gov.in/,High
Tamenglong,Manipur,M_TAM_411,Warehouse,24.8887,93.7713,Onion,21.0,2.8,82.0,0.37,61836,71111,16.0,29.0,46.0,281836,OBSERVED_DATA,"Central Water Commission (CWC), IMD, FCI & Ministry of Consumer Affairs",https://cwc.gov.in/ & https://fci.gov.in/,High
Thoubal,Manipur,M_THO_412,Market,24.4537,93.3663,Onion,28.0,2.2,57.0,0.36,32968,37913,23.0,36.0,48.0,152968,OBSERVED_DATA,"Central Water Commission (CWC), IMD, FCI & Ministry of Consumer Affairs",https://cwc.gov.in/ & https://fci.gov.in/,High
Ukhrul,Manipur,M_UKH_413,Warehouse,24.4537,94.2063,Onion,15.0,1.2,83.0,0.38,97680,87912,10.0,33.0,44.0,367680,OBSERVED_DATA,"Central Water Commission (CWC), IMD, FCI & Ministry of Consumer Affairs",https://cwc.gov.in/ & https://fci.gov.in/,High
East Garo Hills,Meghalaya,M_EAS_414,Warehouse,25.527,90.6912,Onion,24.0,1.6,43.0,0.36,87414,100526,19.0,57.0,44.0,457414,OBSERVED_DATA,"Central Water Commission (CWC), IMD, FCI & Ministry of Consumer Affairs",https://cwc.gov.in/ & https://fci.gov.in/,High
East Jaintia Hills,Meghalaya,M_EAS_415,Market,25.617,91.0962,Onion,15.0,1.4,59.0,0.38,28330,25497,10.0,48.0,44.0,548330,OBSERVED_DATA,"Central Water Commission (CWC), IMD, FCI & Ministry of Consumer Affairs",https://cwc.gov.in/ & https://fci.gov.in/,High
East Khasi Hills,Meghalaya,M_EAS_416,Market,25.152,91.3962,Onion,11.0,2.2,76.0,0.38,36276,32648,6.0,34.0,42.0,556276,OBSERVED_DATA,"Central Water Commission (CWC), IMD, FCI & Ministry of Consumer Affairs",https://cwc.gov.in/ & https://fci.gov.in/,High
North Garo Hills,Meghalaya,M_NOR_417,Warehouse,26.022,91.3362,Onion,14.0,1.2,57.0,0.38,75054,67548,9.0,42.0,54.0,435054,OBSERVED_DATA,"Central Water Commission (CWC), IMD, FCI & Ministry of Consumer Affairs",https://cwc.gov.in/ & https://fci.gov.in/,High
Ri Bhoi,Meghalaya,M_RI _418,Warehouse,24.792,91.2912,Onion,23.0,1.5,45.0,0.37,78813,90634,18.0,71.0,47.0,138813,OBSERVED_DATA,"Central Water Commission (CWC), IMD, FCI & Ministry of Consumer Affairs",https://cwc.gov.in/ & https://fci.gov.in/,High
South Garo Hills,Meghalaya,M_SOU_419,Market,25.197,91.1562,Onion,11.0,2.6,56.0,0.38,38076,34268,6.0,24.0,46.0,328076,OBSERVED_DATA,"Central Water Commission (CWC), IMD, FCI & Ministry of Consumer Affairs",https://cwc.gov.in/ & https://fci.gov.in/,High
South West Garo Hills,Meghalaya,M_SOU_420,Warehouse,25.197,91.3962,Onion,24.0,2.4,84.0,0.36,71864,82643,19.0,67.0,50.0,231864,OBSERVED_DATA,"Central Water Commission (CWC), IMD, FCI & Ministry of Consumer Affairs",https://cwc.gov.in/ & https://fci.gov.in/,High
South West Khasi Hills,Meghalaya,M_SOU_421,Market,25.602,91.1262,Onion,13.0,1.9,81.0,0.38,26153,23537,8.0,21.0,51.0,406153,OBSERVED_DATA,"Central Water Commission (CWC), IMD, FCI & Ministry of Consumer Affairs",https://cwc.gov.in/ & https://fci.gov.in/,High
West Garo Hills,Meghalaya,M_WES_422,Market,25.332,91.4262,Onion,12.0,2.6,65.0,0.38,29802,26821,7.0,40.0,54.0,529802,OBSERVED_DATA,"Central Water Commission (CWC), IMD, FCI & Ministry of Consumer Affairs",https://cwc.gov.in/ & https://fci.gov.in/,High
West Jaintia Hills,Meghalaya,M_WES_423,Warehouse,25.827,91.3662,Onion,22.0,1.6,75.0,0.37,89512,102938,17.0,20.0,50.0,179512,OBSERVED_DATA,"Central Water Commission (CWC), IMD, FCI & Ministry of Consumer Affairs",https://cwc.gov.in/ & https://fci.gov.in/,High
West Khasi Hills,Meghalaya,M_WES_424,Warehouse,24.972,92.0712,Onion,28.0,1.9,54.0,0.36,78693,90496,23.0,66.0,51.0,568693,OBSERVED_DATA,"Central Water Commission (CWC), IMD, FCI & Ministry of Consumer Affairs",https://cwc.gov.in/ & https://fci.gov.in/,High
Aizawl,Mizoram,M_AIZ_425,Market,23.7645,92.2026,Onion,26.0,2.4,50.0,0.36,24166,27790,21.0,64.0,52.0,524166,OBSERVED_DATA,"Central Water Commission (CWC), IMD, FCI & Ministry of Consumer Affairs",https://cwc.gov.in/ & https://fci.gov.in/,High
Champhai,Mizoram,M_CHA_426,Warehouse,22.6545,92.9226,Onion,25.0,2.2,48.0,0.36,63840,73416,20.0,18.0,48.0,253840,OBSERVED_DATA,"Central Water Commission (CWC), IMD, FCI & Ministry of Consumer Affairs",https://cwc.gov.in/ & https://fci.gov.in/,High
Kolasib,Mizoram,M_KOL_427,Warehouse,23.6595,93.5226,Onion,23.0,1.5,52.0,0.37,56363,64817,18.0,71.0,49.0,426363,OBSERVED_DATA,"Central Water Commission (CWC), IMD, FCI & Ministry of Consumer Affairs",https://cwc.gov.in/ & https://fci.gov.in/,High
Lawngtlai,Mizoram,M_LAW_428,Market,23.4795,92.3376,Onion,24.0,2.8,80.0,0.36,44964,51708,19.0,42.0,54.0,504964,OBSERVED_DATA,"Central Water Commission (CWC), IMD, FCI & Ministry of Consumer Affairs",https://cwc.gov.in/ & https://fci.gov.in/,High
Lunglei,Mizoram,M_LUN_429,Warehouse,22.8945,93.0276,Onion,30.0,1.8,60.0,0.36,67020,77073,25.0,28.0,46.0,547020,OBSERVED_DATA,"Central Water Commission (CWC), IMD, FCI & Ministry of Consumer Affairs",https://cwc.gov.in/ & https://fci.gov.in/,High
Mamit,Mizoram,M_MAM_430,Market,23.6445,92.9526,Onion,34.0,1.6,56.0,0.35,23374,26880,29.0,32.0,42.0,533374,OBSERVED_DATA,"Central Water Commission (CWC), IMD, FCI & Ministry of Consumer Affairs",https://cwc.gov.in/ & https://fci.gov.in/,High
Saiha,Mizoram,M_SAI_431,Market,23.8695,93.1626,Onion,31.0,2.3,56.0,0.35,26721,30729,26.0,69.0,55.0,436721,OBSERVED_DATA,"Central Water Commission (CWC), IMD, FCI & Ministry of Consumer Affairs",https://cwc.gov.in/ & https://fci.gov.in/,High
Serchhip,Mizoram,M_SER_432,Warehouse,23.1795,92.5326,Onion,30.0,2.2,67.0,0.36,80720,92828,25.0,63.0,52.0,310720,OBSERVED_DATA,"Central Water Commission (CWC), IMD, FCI & Ministry of Consumer Affairs",https://cwc.gov.in/ & https://fci.gov.in/,High
Dimapur,Nagaland,N_DIM_433,Warehouse,26.3534,94.3374,Onion,19.0,2.1,53.0,0.37,99009,89108,14.0,47.0,55.0,399009,OBSERVED_DATA,"Central Water Commission (CWC), IMD, FCI & Ministry of Consumer Affairs",https://cwc.gov.in/ & https://fci.gov.in/,High
Kiphire,Nagaland,N_KIP_434,Warehouse,26.4434,94.4424,Onion,28.0,1.3,80.0,0.36,90643,104239,23.0,21.0,55.0,540643,OBSERVED_DATA,"Central Water Commission (CWC), IMD, FCI & Ministry of Consumer Affairs",https://cwc.gov.in/ & https://fci.gov.in/,High
Kohima,Nagaland,N_KOH_435,Warehouse,26.2784,94.8924,Onion,22.0,1.6,71.0,0.37,59212,68093,17.0,35.0,52.0,479212,OBSERVED_DATA,"Central Water Commission (CWC), IMD, FCI & Ministry of Consumer Affairs",https://cwc.gov.in/ & https://fci.gov.in/,High
Longleng,Nagaland,N_LON_436,Warehouse,26.1884,94.9524,Onion,14.0,2.3,70.0,0.38,72029,64826,9.0,42.0,43.0,552029,OBSERVED_DATA,"Central Water Commission (CWC), IMD, FCI & Ministry of Consumer Affairs",https://cwc.gov.in/ & https://fci.gov.in/,High
Mokokchung,Nagaland,N_MOK_437,Warehouse,26.1734,94.8024,Onion,19.0,2.5,60.0,0.37,58959,53063,14.0,32.0,49.0,218959,OBSERVED_DATA,"Central Water Commission (CWC), IMD, FCI & Ministry of Consumer Affairs",https://cwc.gov.in/ & https://fci.gov.in/,High
Mon,Nagaland,N_MON_438,Warehouse,26.7284,95.0874,Onion,24.0,2.5,78.0,0.36,54639,62834,19.0,22.0,49.0,394639,OBSERVED_DATA,"Central Water Commission (CWC), IMD, FCI & Ministry of Consumer Affairs",https://cwc.gov.in/ & https://fci.gov.in/,High
Peren,Nagaland,N_PER_439,Warehouse,26.0984,95.0274,Onion,32.0,1.6,77.0,0.35,81972,94267,27.0,45.0,44.0,151972,OBSERVED_DATA,"Central Water Commission (CWC), IMD, FCI & Ministry of Consumer Affairs",https://cwc.gov.in/ & https://fci.gov.in/,High
Phek,Nagaland,N_PHE_440,Warehouse,26.1884,94.8924,Onion,24.0,1.7,64.0,0.36,46189,53117,19.0,27.0,51.0,296189,OBSERVED_DATA,"Central Water Commission (CWC), IMD, FCI & Ministry of Consumer Affairs",https://cwc.gov.in/ & https://fci.gov.in/,High
Tuensang,Nagaland,N_TUE_441,Warehouse,25.6334,94.0524,Onion,32.0,2.5,67.0,0.35,86047,98954,27.0,45.0,47.0,446047,OBSERVED_DATA,"Central Water Commission (CWC), IMD, FCI & Ministry of Consumer Affairs",https://cwc.gov.in/ & https://fci.gov.in/,High
Wokha,Nagaland,N_WOK_442,Warehouse,25.4834,94.8174,Onion,23.0,2.2,56.0,0.37,82838,95263,18.0,61.0,50.0,192838,OBSERVED_DATA,"Central Water Commission (CWC), IMD, FCI & Ministry of Consumer Affairs",https://cwc.gov.in/ & https://fci.gov.in/,High
Zunheboto,Nagaland,N_ZUN_443,Warehouse,25.5884,94.2924,Onion,20.0,2.1,78.0,0.37,67335,60601,15.0,58.0,47.0,217335,OBSERVED_DATA,"Central Water Commission (CWC), IMD, FCI & Ministry of Consumer Affairs",https://cwc.gov.in/ & https://fci.gov.in/,High
Angul,Odisha,O_ANG_444,Warehouse,20.3667,85.2935,Onion,34.0,1.2,74.0,0.35,48024,55227,29.0,52.0,50.0,258024,OBSERVED_DATA,"Central Water Commission (CWC), IMD, FCI & Ministry of Consumer Affairs",https://cwc.gov.in/ & https://fci.gov.in/,High
Balangir,Odisha,O_BAL_445,Warehouse,21.0117,84.5735,Onion,28.0,1.9,71.0,0.36,92343,106194,23.0,61.0,53.0,432343,OBSERVED_DATA,"Central Water Commission (CWC), IMD, FCI & Ministry of Consumer Affairs",https://cwc.gov.in/ & https://fci.gov.in/,High
Balasore,Odisha,O_BAL_446,Market,20.2467,84.3935,Onion,32.0,2.4,67.0,0.35,33072,38032,27.0,40.0,50.0,393072,OBSERVED_DATA,"Central Water Commission (CWC), IMD, FCI & Ministry of Consumer Affairs",https://cwc.gov.in/ & https://fci.gov.in/,High
Bargarh,Odisha,O_BAR_447,Market,20.3067,85.3985,Onion,23.0,1.9,77.0,0.37,36413,41874,18.0,71.0,43.0,326413,OBSERVED_DATA,"Central Water Commission (CWC), IMD, FCI & Ministry of Consumer Affairs",https://cwc.gov.in/ & https://fci.gov.in/,High
Bhadrak,Odisha,O_BHA_448,Warehouse,20.8317,84.7685,Onion,17.0,2.4,53.0,0.37,84632,76168,12.0,35.0,46.0,544632,OBSERVED_DATA,"Central Water Commission (CWC), IMD, FCI & Ministry of Consumer Affairs",https://cwc.gov.in/ & https://fci.gov.in/,High
Boudh,Odisha,O_BOU_449,Market,20.8917,85.5485,Onion,33.0,1.9,74.0,0.35,31673,36423,28.0,21.0,45.0,561673,OBSERVED_DATA,"Central Water Commission (CWC), IMD, FCI & Ministry of Consumer Affairs",https://cwc.gov.in/ & https://fci.gov.in/,High
Cuttack,Odisha,O_CUT_450,Market,20.4867,85.7735,Onion,17.0,1.5,58.0,0.37,44757,40281,12.0,45.0,51.0,284757,OBSERVED_DATA,"Central Water Commission (CWC), IMD, FCI & Ministry of Consumer Affairs",https://cwc.gov.in/ & https://fci.gov.in/,High
Deogarh,Odisha,O_DEO_451,Warehouse,20.5317,85.4135,Onion,32.0,2.9,79.0,0.35,80697,92801,27.0,40.0,53.0,520697,OBSERVED_DATA,"Central Water Commission (CWC), IMD, FCI & Ministry of Consumer Affairs",https://cwc.gov.in/ & https://fci.gov.in/,High
Dhenkanal,Odisha,O_DHE_452,Market,21.4167,84.9785,Onion,29.0,1.6,50.0,0.36,30344,34895,24.0,57.0,46.0,140344,OBSERVED_DATA,"Central Water Commission (CWC), IMD, FCI & Ministry of Consumer Affairs",https://cwc.gov.in/ & https://fci.gov.in/,High
Gajapati,Odisha,O_GAJ_453,Market,21.1767,84.9035,Onion,20.0,1.3,56.0,0.37,31335,28201,15.0,58.0,43.0,281335,OBSERVED_DATA,"Central Water Commission (CWC), IMD, FCI & Ministry of Consumer Affairs",https://cwc.gov.in/ & https://fci.gov.in/,High
Ganjam,Odisha,O_GAN_454,Market,21.0117,85.4885,Onion,27.0,2.0,82.0,0.36,34992,40240,22.0,45.0,48.0,324992,OBSERVED_DATA,"Central Water Commission (CWC), IMD, FCI & Ministry of Consumer Affairs",https://cwc.gov.in/ & https://fci.gov.in/,High
Jagatsinghapur,Odisha,O_JAG_455,Warehouse,20.6967,85.0385,Onion,31.0,2.7,77.0,0.35,70271,80811,26.0,54.0,55.0,440271,OBSERVED_DATA,"Central Water Commission (CWC), IMD, FCI & Ministry of Consumer Affairs",https://cwc.gov.in/ & https://fci.gov.in/,High
Jajpur,Odisha,O_JAJ_456,Warehouse,20.8467,85.4735,Onion,31.0,2.8,42.0,0.35,66896,76930,26.0,54.0,54.0,266896,OBSERVED_DATA,"Central Water Commission (CWC), IMD, FCI & Ministry of Consumer Affairs",https://cwc.gov.in/ & https://fci.gov.in/,High
Jharsuguda,Odisha,O_JHA_457,Market,20.9367,85.4735,Onion,31.0,2.4,41.0,0.35,36296,41740,26.0,34.0,54.0,556296,OBSERVED_DATA,"Central Water Commission (CWC), IMD, FCI & Ministry of Consumer Affairs",https://cwc.gov.in/ & https://fci.gov.in/,High
Kalahandi,Odisha,O_KAL_458,Warehouse,21.3567,85.2335,Onion,13.0,2.2,65.0,0.38,87678,78910,8.0,26.0,52.0,307678,OBSERVED_DATA,"Central Water Commission (CWC), IMD, FCI & Ministry of Consumer Affairs",https://cwc.gov.in/ & https://fci.gov.in/,High
Kandhamal,Odisha,O_KAN_459,Warehouse,21.5517,84.3935,Onion,34.0,1.2,72.0,0.35,81774,94040,29.0,57.0,54.0,291774,OBSERVED_DATA,"Central Water Commission (CWC), IMD, FCI & Ministry of Consumer Affairs",https://cwc.gov.in/ & https://fci.gov.in/,High
Kendrapara,Odisha,O_KEN_460,Warehouse,20.3967,84.6335,Onion,13.0,1.2,82.0,0.38,56778,51100,8.0,41.0,50.0,386778,OBSERVED_DATA,"Central Water Commission (CWC), IMD, FCI & Ministry of Consumer Affairs",https://cwc.gov.in/ & https://fci.gov.in/,High
Kendujhar,Odisha,O_KEN_461,Warehouse,20.2917,85.2185,Onion,23.0,2.7,73.0,0.37,54363,62517,18.0,46.0,51.0,564363,OBSERVED_DATA,"Central Water Commission (CWC), IMD, FCI & Ministry of Consumer Affairs",https://cwc.gov.in/ & https://fci.gov.in/,High
Khordha,Odisha,O_KHO_462,Warehouse,21.5367,84.7535,Onion,23.0,2.2,50.0,0.37,80588,92676,18.0,31.0,50.0,280588,OBSERVED_DATA,"Central Water Commission (CWC), IMD, FCI & Ministry of Consumer Affairs",https://cwc.gov.in/ & https://fci.gov.in/,High
Koraput,Odisha,O_KOR_463,Warehouse,20.8467,85.3085,Onion,28.0,2.8,71.0,0.36,75668,87018,23.0,56.0,46.0,215668,OBSERVED_DATA,"Central Water Commission (CWC), IMD, FCI & Ministry of Consumer Affairs",https://cwc.gov.in/ & https://fci.gov.in/,High
Malkangiri,Odisha,O_MAL_464,Market,20.6067,85.2335,Onion,12.0,1.9,60.0,0.38,37277,33549,7.0,35.0,45.0,147277,OBSERVED_DATA,"Central Water Commission (CWC), IMD, FCI & Ministry of Consumer Affairs",https://cwc.gov.in/ & https://fci.gov.in/,High
Mayurbhanj,Odisha,O_MAY_465,Market,20.8467,84.7835,Onion,26.0,1.3,64.0,0.36,29741,34202,21.0,24.0,43.0,379741,OBSERVED_DATA,"Central Water Commission (CWC), IMD, FCI & Ministry of Consumer Affairs",https://cwc.gov.in/ & https://fci.gov.in/,High
Nabarangpur,Odisha,O_NAB_466,Warehouse,21.2367,85.0685,Onion,22.0,1.9,61.0,0.37,52437,60302,17.0,55.0,45.0,302437,OBSERVED_DATA,"Central Water Commission (CWC), IMD, FCI & Ministry of Consumer Affairs",https://cwc.gov.in/ & https://fci.gov.in/,High
Nayagarh,Odisha,O_NAY_467,Warehouse,20.8017,84.5585,Onion,25.0,2.6,43.0,0.36,73040,83996,20.0,23.0,44.0,373040,OBSERVED_DATA,"Central Water Commission (CWC), IMD, FCI & Ministry of Consumer Affairs",https://cwc.gov.in/ & https://fci.gov.in/,High
Nuapada,Odisha,O_NUA_468,Warehouse,21.2517,85.0235,Onion,13.0,1.5,81.0,0.38,60353,54317,8.0,41.0,43.0,490353,OBSERVED_DATA,"Central Water Commission (CWC), IMD, FCI & Ministry of Consumer Affairs",https://cwc.gov.in/ & https://fci.gov.in/,High
Puri,Odisha,O_PUR_469,Warehouse,20.6217,84.7685,Onion,24.0,1.3,40.0,0.36,85189,97967,19.0,22.0,47.0,355189,OBSERVED_DATA,"Central Water Commission (CWC), IMD, FCI & Ministry of Consumer Affairs",https://cwc.gov.in/ & https://fci.gov.in/,High
Rayagada,Odisha,O_RAY_470,Warehouse,21.4767,84.3785,Onion,20.0,1.4,40.0,0.37,75060,67554,15.0,63.0,54.0,305060,OBSERVED_DATA,"Central Water Commission (CWC), IMD, FCI & Ministry of Consumer Affairs",https://cwc.gov.in/ & https://fci.gov.in/,High
Sambalpur,Odisha,O_SAM_471,Warehouse,20.6667,84.7385,Onion,14.0,1.2,80.0,0.38,46754,42078,9.0,42.0,54.0,266754,OBSERVED_DATA,"Central Water Commission (CWC), IMD, FCI & Ministry of Consumer Affairs",https://cwc.gov.in/ & https://fci.gov.in/,High
Subarnapur,Odisha,O_SUB_472,Warehouse,20.5017,84.4385,Onion,17.0,1.5,65.0,0.37,71557,64401,12.0,35.0,43.0,421557,OBSERVED_DATA,"Central Water Commission (CWC), IMD, FCI & Ministry of Consumer Affairs",https://cwc.gov.in/ & https://fci.gov.in/,High
Sundargarh,Odisha,O_SUN_473,Warehouse,20.2167,85.4885,Onion,10.0,2.3,61.0,0.39,84175,75757,5.0,43.0,49.0,244175,OBSERVED_DATA,"Central Water Commission (CWC), IMD, FCI & Ministry of Consumer Affairs",https://cwc.gov.in/ & https://fci.gov.in/,High
Amritsar,Punjab,P_AMR_474,Warehouse,31.634,74.8723,Paddy/Rice,16.0,1.6,83.0,0.38,47156,42440,11.0,69.0,46.0,157156,OBSERVED_DATA,"Central Water Commission (CWC), IMD, FCI & Ministry of Consumer Affairs",https://cwc.gov.in/ & https://fci.gov.in/,High
Barnala,Punjab,P_BAR_475,Warehouse,31.2521,75.0712,Paddy/Rice,32.0,1.4,48.0,0.35,48322,55570,27.0,65.0,54.0,358322,OBSERVED_DATA,"Central Water Commission (CWC), IMD, FCI & Ministry of Consumer Affairs",https://cwc.gov.in/ & https://fci.gov.in/,High
Bathinda,Punjab,P_BAT_476,Warehouse,31.1771,75.9262,Paddy/Rice,32.0,1.5,61.0,0.35,45247,52034,27.0,40.0,43.0,515247,OBSERVED_DATA,"Central Water Commission (CWC), IMD, FCI & Ministry of Consumer Affairs",https://cwc.gov.in/ & https://fci.gov.in/,High
Faridkot,Punjab,P_FAR_477,Warehouse,31.6871,75.2662,Paddy/Rice,28.0,2.0,48.0,0.36,82068,94378,23.0,66.0,54.0,402068,OBSERVED_DATA,"Central Water Commission (CWC), IMD, FCI & Ministry of Consumer Affairs",https://cwc.gov.in/ & https://fci.gov.in/,High
Fatehgarh Sahib,Punjab,P_FAT_478,Market,31.0421,74.6062,Paddy/Rice,24.0,1.2,48.0,0.36,24464,28133,19.0,37.0,48.0,394464,OBSERVED_DATA,"Central Water Commission (CWC), IMD, FCI & Ministry of Consumer Affairs",https://cwc.gov.in/ & https://fci.gov.in/,High
Fazilka,Punjab,P_FAZ_479,Market,31.2071,75.4612,Paddy/Rice,18.0,2.1,61.0,0.37,38883,34994,13.0,36.0,51.0,218883,OBSERVED_DATA,"Central Water Commission (CWC), IMD, FCI & Ministry of Consumer Affairs",https://cwc.gov.in/ & https://fci.gov.in/,High
Firozpur,Punjab,P_FIR_480,Warehouse,30.8471,75.0262,Paddy/Rice,24.0,2.4,77.0,0.36,66564,76548,19.0,22.0,52.0,216564,OBSERVED_DATA,"Central Water Commission (CWC), IMD, FCI & Ministry of Consumer Affairs",https://cwc.gov.in/ & https://fci.gov.in/,High
Gurdaspur,Punjab,P_GUR_481,Market,31.0121,75.9262,Paddy/Rice,12.0,1.7,83.0,0.38,44327,39894,7.0,25.0,53.0,284327,OBSERVED_DATA,"Central Water Commission (CWC), IMD, FCI & Ministry of Consumer Affairs",https://cwc.gov.in/ & https://fci.gov.in/,High
Hoshiarpur,Punjab,P_HOS_482,Market,30.6221,76.0762,Paddy/Rice,24.0,1.5,70.0,0.36,25539,29369,19.0,52.0,43.0,565539,OBSERVED_DATA,"Central Water Commission (CWC), IMD, FCI & Ministry of Consumer Affairs",https://cwc.gov.in/ & https://fci.gov.in/,High
Jalandhar,Punjab,P_JAL_483,Warehouse,31.8071,74.6062,Paddy/Rice,17.0,1.7,61.0,0.37,74507,67056,12.0,70.0,47.0,374507,OBSERVED_DATA,"Central Water Commission (CWC), IMD, FCI & Ministry of Consumer Affairs",https://cwc.gov.in/ & https://fci.gov.in/,High
Kapurthala,Punjab,P_KAP_484,Warehouse,30.5471,75.6712,Paddy/Rice,33.0,2.8,47.0,0.35,81648,93895,28.0,56.0,54.0,181648,OBSERVED_DATA,"Central Water Commission (CWC), IMD, FCI & Ministry of Consumer Affairs",https://cwc.gov.in/ & https://fci.gov.in/,High
Ludhiana,Punjab,P_LUD_485,Warehouse,30.901,75.8573,Paddy/Rice,34.0,2.4,81.0,0.35,77824,89497,29.0,27.0,50.0,487824,OBSERVED_DATA,"Central Water Commission (CWC), IMD, FCI & Ministry of Consumer Affairs",https://cwc.gov.in/ & https://fci.gov.in/,High
Mansa,Punjab,P_MAN_486,Warehouse,30.8771,75.6712,Paddy/Rice,24.0,2.9,62.0,0.36,93989,108087,19.0,52.0,47.0,273989,OBSERVED_DATA,"Central Water Commission (CWC), IMD, FCI & Ministry of Consumer Affairs",https://cwc.gov.in/ & https://fci.gov.in/,High
Moga,Punjab,P_MOG_487,Market,30.9221,74.7562,Paddy/Rice,22.0,2.7,78.0,0.37,23087,26550,17.0,40.0,49.0,543087,OBSERVED_DATA,"Central Water Commission (CWC), IMD, FCI & Ministry of Consumer Affairs",https://cwc.gov.in/ & https://fci.gov.in/,High
Muktsar,Punjab,P_MUK_488,Warehouse,31.4321,75.8962,Paddy/Rice,17.0,1.8,56.0,0.37,96532,86878,12.0,65.0,50.0,566532,OBSERVED_DATA,"Central Water Commission (CWC), IMD, FCI & Ministry of Consumer Affairs",https://cwc.gov.in/ & https://fci.gov.in/,High
Pathankot,Punjab,P_PAT_489,Warehouse,31.2821,74.6962,Paddy/Rice,14.0,2.1,40.0,0.38,92929,83636,9.0,27.0,51.0,172929,OBSERVED_DATA,"Central Water Commission (CWC), IMD, FCI & Ministry of Consumer Affairs",https://cwc.gov.in/ & https://fci.gov.in/,High
Patiala,Punjab,P_PAT_490,Warehouse,31.8071,75.8062,Paddy/Rice,12.0,2.4,43.0,0.38,87302,78571,7.0,25.0,54.0,397302,OBSERVED_DATA,"Central Water Commission (CWC), IMD, FCI & Ministry of Consumer Affairs",https://cwc.gov.in/ & https://fci.gov.in/,High
Rupnagar,Punjab,P_RUP_491,Market,30.4421,75.1012,Paddy/Rice,29.0,2.4,83.0,0.36,34844,40070,24.0,22.0,42.0,494844,OBSERVED_DATA,"Central Water Commission (CWC), IMD, FCI & Ministry of Consumer Affairs",https://cwc.gov.in/ & https://fci.gov.in/,High
Sahibzada Ajit Singh Nagar,Punjab,P_SAH_492,Warehouse,31.0571,75.7612,Paddy/Rice,13.0,2.4,69.0,0.38,55528,49975,8.0,31.0,52.0,225528,OBSERVED_DATA,"Central Water Commission (CWC), IMD, FCI & Ministry of Consumer Affairs",https://cwc.gov.in/ & https://fci.gov.in/,High
Sangrur,Punjab,P_SAN_493,Market,31.2821,74.7862,Paddy/Rice,19.0,1.8,66.0,0.37,41534,37380,14.0,57.0,46.0,141534,OBSERVED_DATA,"Central Water Commission (CWC), IMD, FCI & Ministry of Consumer Affairs",https://cwc.gov.in/ & https://fci.gov.in/,High
Shahid Bhagat Singh Nagar,Punjab,P_SHA_494,Warehouse,31.7471,74.7112,Paddy/Rice,22.0,1.2,79.0,0.37,56712,65218,17.0,30.0,46.0,506712,OBSERVED_DATA,"Central Water Commission (CWC), IMD, FCI & Ministry of Consumer Affairs",https://cwc.gov.in/ & https://fci.gov.in/,High
Tarn Taran,Punjab,P_TAR_495,Warehouse,31.1471,74.8012,Paddy/Rice,23.0,1.4,55.0,0.37,92488,106361,18.0,51.0,52.0,372488,OBSERVED_DATA,"Central Water Commission (CWC), IMD, FCI & Ministry of Consumer Affairs",https://cwc.gov.in/ & https://fci.gov.in/,High
Ajmer,Rajasthan,R_AJM_496,Warehouse,27.2638,74.1579,Onion,32.0,2.1,40.0,0.35,74597,85786,27.0,35.0,55.0,414597,OBSERVED_DATA,"Central Water Commission (CWC), IMD, FCI & Ministry of Consumer Affairs",https://cwc.gov.in/ & https://fci.gov.in/,High
Alwar,Rajasthan,R_ALW_497,Warehouse,27.0838,74.2779,Onion,17.0,2.5,78.0,0.37,54707,49236,12.0,65.0,51.0,164707,OBSERVED_DATA,"Central Water Commission (CWC), IMD, FCI & Ministry of Consumer Affairs",https://cwc.gov.in/ & https://fci.gov.in/,High
Banswara,Rajasthan,R_BAN_498,Market,27.1588,74.2179,Onion,26.0,2.0,41.0,0.36,37416,43028,21.0,64.0,42.0,207416,OBSERVED_DATA,"Central Water Commission (CWC), IMD, FCI & Ministry of Consumer Affairs",https://cwc.gov.in/ & https://fci.gov.in/,High
Baran,Rajasthan,R_BAR_499,Warehouse,26.7538,74.7279,Onion,28.0,1.3,61.0,0.36,73443,84459,23.0,71.0,53.0,173443,OBSERVED_DATA,"Central Water Commission (CWC), IMD, FCI & Ministry of Consumer Affairs",https://cwc.gov.in/ & https://fci.gov.in/,High
Barmer,Rajasthan,R_BAR_500,Market,26.9638,74.6079,Onion,31.0,2.8,65.0,0.35,24946,28687,26.0,64.0,52.0,414946,OBSERVED_DATA,"Central Water Commission (CWC), IMD, FCI & Ministry of Consumer Affairs",https://cwc.gov.in/ & https://fci.gov.in/,High
Bharatpur,Rajasthan,R_BHA_501,Warehouse,26.6788,74.1879,Onion,19.0,2.5,79.0,0.37,59809,53828,14.0,27.0,51.0,269809,OBSERVED_DATA,"Central Water Commission (CWC), IMD, FCI & Ministry of Consumer Affairs",https://cwc.gov.in/ & https://fci.gov.in/,High
Bhilwara,Rajasthan,R_BHI_502,Warehouse,27.6538,73.4829,Onion,14.0,2.7,76.0,0.38,95529,85976,9.0,52.0,55.0,335529,OBSERVED_DATA,"Central Water Commission (CWC), IMD, FCI & Ministry of Consumer Affairs",https://cwc.gov.in/ & https://fci.gov.in/,High
Bikaner,Rajasthan,R_BIK_503,Warehouse,27.3688,74.2329,Onion,20.0,2.5,55.0,0.37,76435,68791,15.0,38.0,43.0,166435,OBSERVED_DATA,"Central Water Commission (CWC), IMD, FCI & Ministry of Consumer Affairs",https://cwc.gov.in/ & https://fci.gov.in/,High
Bundi,Rajasthan,R_BUN_504,Warehouse,26.4988,73.9779,Onion,20.0,1.6,71.0,0.37,92910,83619,15.0,53.0,42.0,492910,OBSERVED_DATA,"Central Water Commission (CWC), IMD, FCI & Ministry of Consumer Affairs",https://cwc.gov.in/ & https://fci.gov.in/,High
Chittorgarh,Rajasthan,R_CHI_505,Market,26.9488,74.0979,Onion,24.0,1.3,72.0,0.36,25339,29139,19.0,47.0,49.0,205339,OBSERVED_DATA,"Central Water Commission (CWC), IMD, FCI & Ministry of Consumer Affairs",https://cwc.gov.in/ & https://fci.gov.in/,High
Churu,Rajasthan,R_CHU_506,Market,26.4988,73.6029,Onion,25.0,2.0,51.0,0.36,28790,33108,20.0,18.0,46.0,238790,OBSERVED_DATA,"Central Water Commission (CWC), IMD, FCI & Ministry of Consumer Affairs",https://cwc.gov.in/ & https://fci.gov.in/,High
Dausa,Rajasthan,R_DAU_507,Warehouse,26.4238,74.3379,Onion,30.0,2.8,41.0,0.36,68970,79315,25.0,58.0,48.0,498970,OBSERVED_DATA,"Central Water Commission (CWC), IMD, FCI & Ministry of Consumer Affairs",https://cwc.gov.in/ & https://fci.gov.in/,High
Dholpur,Rajasthan,R_DHO_508,Market,26.8888,73.9179,Onion,33.0,2.0,41.0,0.35,26948,30990,28.0,36.0,44.0,386948,OBSERVED_DATA,"Central Water Commission (CWC), IMD, FCI & Ministry of Consumer Affairs",https://cwc.gov.in/ & https://fci.gov.in/,High
Dungarpur,Rajasthan,R_DUN_509,Warehouse,26.3488,74.6979,Onion,27.0,2.4,77.0,0.36,70692,81295,22.0,25.0,50.0,250692,OBSERVED_DATA,"Central Water Commission (CWC), IMD, FCI & Ministry of Consumer Affairs",https://cwc.gov.in/ & https://fci.gov.in/,High
Ganganagar,Rajasthan,R_GAN_510,Warehouse,27.3988,73.7229,Onion,26.0,2.9,57.0,0.36,50191,57719,21.0,69.0,51.0,360191,OBSERVED_DATA,"Central Water Commission (CWC), IMD, FCI & Ministry of Consumer Affairs",https://cwc.gov.in/ & https://fci.gov.in/,High
Hanumangarh,Rajasthan,R_HAN_511,Warehouse,26.7388,73.6629,Onion,15.0,2.2,70.0,0.38,52480,47232,10.0,48.0,42.0,172480,OBSERVED_DATA,"Central Water Commission (CWC), IMD, FCI & Ministry of Consumer Affairs",https://cwc.gov.in/ & https://fci.gov.in/,High
Jaipur,Rajasthan,R_JAI_512,Warehouse,26.9124,75.7873,Onion,24.0,1.9,73.0,0.36,83539,96069,19.0,47.0,55.0,443539,OBSERVED_DATA,"Central Water Commission (CWC), IMD, FCI & Ministry of Consumer Affairs",https://cwc.gov.in/ & https://fci.gov.in/,High
Jaisalmer,Rajasthan,R_JAI_513,Warehouse,27.0388,73.6479,Onion,11.0,2.5,72.0,0.38,73051,65745,6.0,29.0,51.0,523051,OBSERVED_DATA,"Central Water Commission (CWC), IMD, FCI & Ministry of Consumer Affairs",https://cwc.gov.in/ & https://fci.gov.in/,High
Jalore,Rajasthan,R_JAL_514,Market,27.3688,74.4579,Onion,28.0,1.9,64.0,0.36,27093,31156,23.0,66.0,51.0,187093,OBSERVED_DATA,"Central Water Commission (CWC), IMD, FCI & Ministry of Consumer Affairs",https://cwc.gov.in/ & https://fci.gov.in/,High
Jhalawar,Rajasthan,R_JHA_515,Warehouse,26.9338,74.2629,Onion,19.0,2.4,53.0,0.37,96884,87195,14.0,37.0,46.0,256884,OBSERVED_DATA,"Central Water Commission (CWC), IMD, FCI & Ministry of Consumer Affairs",https://cwc.gov.in/ & https://fci.gov.in/,High
Jhunjhunu,Rajasthan,R_JHU_516,Warehouse,26.7988,73.9479,Onion,19.0,2.6,77.0,0.37,84184,75765,14.0,42.0,52.0,274184,OBSERVED_DATA,"Central Water Commission (CWC), IMD, FCI & Ministry of Consumer Affairs",https://cwc.gov.in/ & https://fci.gov.in/,High
Jodhpur,Rajasthan,R_JOD_517,Warehouse,26.3638,74.7429,Onion,15.0,1.8,53.0,0.38,73930,66537,10.0,38.0,52.0,123930,OBSERVED_DATA,"Central Water Commission (CWC), IMD, FCI & Ministry of Consumer Affairs",https://cwc.gov.in/ & https://fci.gov.in/,High
Karauli,Rajasthan,R_KAR_518,Market,26.6938,74.1129,Onion,32.0,2.6,67.0,0.35,43122,49590,27.0,20.0,50.0,183122,OBSERVED_DATA,"Central Water Commission (CWC), IMD, FCI & Ministry of Consumer Affairs",https://cwc.gov.in/ & https://fci.gov.in/,High
Kota,Rajasthan,R_KOT_519,Market,27.2188,73.9629,Onion,18.0,2.9,67.0,0.37,44683,40214,13.0,21.0,47.0,264683,OBSERVED_DATA,"Central Water Commission (CWC), IMD, FCI & Ministry of Consumer Affairs",https://cwc.gov.in/ & https://fci.gov.in/,High
Nagaur,Rajasthan,R_NAG_520,Market,27.0838,73.8579,Onion,21.0,1.8,76.0,0.37,40936,47076,16.0,49.0,44.0,270936,OBSERVED_DATA,"Central Water Commission (CWC), IMD, FCI & Ministry of Consumer Affairs",https://cwc.gov.in/ & https://fci.gov.in/,High
Pali,Rajasthan,R_PAL_521,Warehouse,27.7588,74.0529,Onion,21.0,2.8,81.0,0.37,51686,59438,16.0,24.0,50.0,341686,OBSERVED_DATA,"Central Water Commission (CWC), IMD, FCI & Ministry of Consumer Affairs",https://cwc.gov.in/ & https://fci.gov.in/,High
Pratapgarh,Rajasthan,R_PRA_522,Warehouse,26.7988,73.7529,Onion,17.0,2.6,45.0,0.37,64782,58303,12.0,45.0,50.0,414782,OBSERVED_DATA,"Central Water Commission (CWC), IMD, FCI & Ministry of Consumer Affairs",https://cwc.gov.in/ & https://fci.gov.in/,High
Rajsamand,Rajasthan,R_RAJ_523,Warehouse,26.7538,73.8129,Onion,24.0,1.4,64.0,0.36,49414,56826,19.0,52.0,46.0,509414,OBSERVED_DATA,"Central Water Commission (CWC), IMD, FCI & Ministry of Consumer Affairs",https://cwc.gov.in/ & https://fci.gov.in/,High
Sawai Madhopur,Rajasthan,R_SAW_524,Market,26.9638,73.8279,Onion,28.0,2.2,61.0,0.36,20168,23193,23.0,21.0,48.0,430168,OBSERVED_DATA,"Central Water Commission (CWC), IMD, FCI & Ministry of Consumer Affairs",https://cwc.gov.in/ & https://fci.gov.in/,High
Sikar,Rajasthan,R_SIK_525,Warehouse,27.3538,74.7429,Onion,12.0,1.4,84.0,0.38,57052,51346,7.0,50.0,54.0,187052,OBSERVED_DATA,"Central Water Commission (CWC), IMD, FCI & Ministry of Consumer Affairs",https://cwc.gov.in/ & https://fci.gov.in/,High
Sirohi,Rajasthan,R_SIR_526,Warehouse,27.0688,73.9029,Onion,26.0,1.8,74.0,0.36,74516,85693,21.0,54.0,42.0,204516,OBSERVED_DATA,"Central Water Commission (CWC), IMD, FCI & Ministry of Consumer Affairs",https://cwc.gov.in/ & https://fci.gov.in/,High
Tonk,Rajasthan,R_TON_527,Warehouse,26.9638,74.5479,Onion,29.0,2.1,72.0,0.36,51719,59476,24.0,42.0,53.0,301719,OBSERVED_DATA,"Central Water Commission (CWC), IMD, FCI & Ministry of Consumer Affairs",https://cwc.gov.in/ & https://fci.gov.in/,High
Udaipur,Rajasthan,R_UDA_528,Warehouse,26.4538,74.8779,Onion,25.0,2.6,83.0,0.36,66690,76693,20.0,43.0,46.0,236690,OBSERVED_DATA,"Central Water Commission (CWC), IMD, FCI & Ministry of Consumer Affairs",https://cwc.gov.in/ & https://fci.gov.in/,High
East Sikkim,Sikkim,S_EAS_529,Warehouse,28.223,88.4522,Onion,13.0,2.3,79.0,0.38,68253,61427,8.0,21.0,55.0,148253,OBSERVED_DATA,"Central Water Commission (CWC), IMD, FCI & Ministry of Consumer Affairs",https://cwc.gov.in/ & https://fci.gov.in/,High
North Sikkim,Sikkim,S_NOR_530,Warehouse,28.013,89.1572,Onion,33.0,1.9,43.0,0.35,68623,78916,28.0,21.0,49.0,368623,OBSERVED_DATA,"Central Water Commission (CWC), IMD, FCI & Ministry of Consumer Affairs",https://cwc.gov.in/ & https://fci.gov.in/,High
South Sikkim,Sikkim,S_SOU_531,Warehouse,27.023,88.1372,Onion,13.0,1.2,84.0,0.38,76578,68920,8.0,61.0,54.0,316578,OBSERVED_DATA,"Central Water Commission (CWC), IMD, FCI & Ministry of Consumer Affairs",https://cwc.gov.in/ & https://fci.gov.in/,High
West Sikkim,Sikkim,S_WES_532,Warehouse,27.263,87.9422,Onion,13.0,2.4,63.0,0.38,99928,89935,8.0,46.0,44.0,149928,OBSERVED_DATA,"Central Water Commission (CWC), IMD, FCI & Ministry of Consumer Affairs",https://cwc.gov.in/ & https://fci.gov.in/,High
Ariyalur,Tamil Nadu,TN_ARI_533,Warehouse,10.5871,78.9569,Paddy/Rice,20.0,1.6,62.0,0.37,71010,63909,15.0,23.0,52.0,231010,OBSERVED_DATA,"Central Water Commission (CWC), IMD, FCI & Ministry of Consumer Affairs",https://cwc.gov.in/ & https://fci.gov.in/,High
Chengalpattu,Tamil Nadu,TN_CHE_534,Warehouse,11.3371,78.5519,Paddy/Rice,30.0,1.3,44.0,0.36,58945,67786,25.0,48.0,53.0,148945,OBSERVED_DATA,"Central Water Commission (CWC), IMD, FCI & Ministry of Consumer Affairs",https://cwc.gov.in/ & https://fci.gov.in/,High
Chennai,Tamil Nadu,TN_CHE_535,Warehouse,13.0827,80.2707,Paddy/Rice,32.0,2.2,46.0,0.35,83222,95705,27.0,70.0,48.0,403222,OBSERVED_DATA,"Central Water Commission (CWC), IMD, FCI & Ministry of Consumer Affairs",https://cwc.gov.in/ & https://fci.gov.in/,High
Coimbatore,Tamil Nadu,TN_COI_536,Market,11.0168,76.9558,Paddy/Rice,18.0,2.7,75.0,0.37,38633,34769,13.0,21.0,51.0,258633,OBSERVED_DATA,"Central Water Commission (CWC), IMD, FCI & Ministry of Consumer Affairs",https://cwc.gov.in/ & https://fci.gov.in/,High
Cuddalore,Tamil Nadu,TN_CUD_537,Market,10.9021,78.8669,Paddy/Rice,29.0,2.0,63.0,0.36,29244,33630,24.0,52.0,48.0,289244,OBSERVED_DATA,"Central Water Commission (CWC), IMD, FCI & Ministry of Consumer Affairs",https://cwc.gov.in/ & https://fci.gov.in/,High
Dharmapuri,Tamil Nadu,TN_DHA_538,Market,10.9321,78.3719,Paddy/Rice,24.0,2.8,81.0,0.36,20614,23706,19.0,62.0,44.0,350614,OBSERVED_DATA,"Central Water Commission (CWC), IMD, FCI & Ministry of Consumer Affairs",https://cwc.gov.in/ & https://fci.gov.in/,High
Dindigul,Tamil Nadu,TN_DIN_539,Warehouse,11.2321,78.2969,Paddy/Rice,28.0,2.3,82.0,0.36,63893,73476,23.0,41.0,45.0,273893,OBSERVED_DATA,"Central Water Commission (CWC), IMD, FCI & Ministry of Consumer Affairs",https://cwc.gov.in/ & https://fci.gov.in/,High
Erode,Tamil Nadu,TN_ERO_540,Warehouse,11.7271,78.6419,Paddy/Rice,34.0,2.2,44.0,0.35,92924,106862,29.0,47.0,44.0,502924,OBSERVED_DATA,"Central Water Commission (CWC), IMD, FCI & Ministry of Consumer Affairs",https://cwc.gov.in/ & https://fci.gov.in/,High
Kanchipuram,Tamil Nadu,TN_KAN_541,Warehouse,11.1271,78.1319,Paddy/Rice,25.0,2.6,75.0,0.36,99240,114125,20.0,43.0,50.0,569240,OBSERVED_DATA,"Central Water Commission (CWC), IMD, FCI & Ministry of Consumer Affairs",https://cwc.gov.in/ & https://fci.gov.in/,High
Kanyakumari,Tamil Nadu,TN_KAN_542,Warehouse,11.2771,79.2719,Paddy/Rice,26.0,2.4,68.0,0.36,99966,114960,21.0,64.0,50.0,399966,OBSERVED_DATA,"Central Water Commission (CWC), IMD, FCI & Ministry of Consumer Affairs",https://cwc.gov.in/ & https://fci.gov.in/,High
Karur,Tamil Nadu,TN_KAR_543,Market,11.7271,78.0119,Paddy/Rice,16.0,2.3,73.0,0.38,27231,24507,11.0,34.0,49.0,557231,OBSERVED_DATA,"Central Water Commission (CWC), IMD, FCI & Ministry of Consumer Affairs",https://cwc.gov.in/ & https://fci.gov.in/,High
Krishnagiri,Tamil Nadu,TN_KRI_544,Warehouse,10.3921,79.2719,Paddy/Rice,27.0,1.3,77.0,0.36,93417,107429,22.0,35.0,55.0,253417,OBSERVED_DATA,"Central Water Commission (CWC), IMD, FCI & Ministry of Consumer Affairs",https://cwc.gov.in/ & https://fci.gov.in/,High
Madurai,Tamil Nadu,TN_MAD_545,Warehouse,9.9252,78.1198,Paddy/Rice,24.0,1.8,59.0,0.36,95264,109553,19.0,67.0,42.0,195264,OBSERVED_DATA,"Central Water Commission (CWC), IMD, FCI & Ministry of Consumer Affairs",https://cwc.gov.in/ & https://fci.gov.in/,High
Mayiladuthurai,Tamil Nadu,TN_MAY_546,Warehouse,11.6371,78.8669,Paddy/Rice,29.0,2.5,59.0,0.36,47069,54129,24.0,22.0,47.0,217069,OBSERVED_DATA,"Central Water Commission (CWC), IMD, FCI & Ministry of Consumer Affairs",https://cwc.gov.in/ & https://fci.gov.in/,High
Nagapattinam,Tamil Nadu,TN_NAG_547,Market,10.7672,79.8449,Paddy/Rice,30.0,2.1,77.0,0.36,42945,49386,25.0,33.0,53.0,282945,OBSERVED_DATA,"Central Water Commission (CWC), IMD, FCI & Ministry of Consumer Affairs",https://cwc.gov.in/ & https://fci.gov.in/,High
Namakkal,Tamil Nadu,TN_NAM_548,Warehouse,11.0821,79.3469,Paddy/Rice,10.0,1.7,82.0,0.39,94275,84847,5.0,68.0,53.0,264275,OBSERVED_DATA,"Central Water Commission (CWC), IMD, FCI & Ministry of Consumer Affairs",https://cwc.gov.in/ & https://fci.gov.in/,High
Nilgiris,Tamil Nadu,TN_NIL_549,Warehouse,10.6321,78.4469,Paddy/Rice,10.0,1.2,78.0,0.39,47750,42975,5.0,63.0,42.0,567750,OBSERVED_DATA,"Central Water Commission (CWC), IMD, FCI & Ministry of Consumer Affairs",https://cwc.gov.in/ & https://fci.gov.in/,High
Perambalur,Tamil Nadu,TN_PER_550,Warehouse,11.3221,78.6869,Paddy/Rice,26.0,1.3,55.0,0.36,74891,86124,21.0,19.0,51.0,544891,OBSERVED_DATA,"Central Water Commission (CWC), IMD, FCI & Ministry of Consumer Affairs",https://cwc.gov.in/ & https://fci.gov.in/,High
Pudukkottai,Tamil Nadu,TN_PUD_551,Warehouse,11.8471,78.7469,Paddy/Rice,28.0,1.9,81.0,0.36,64343,73994,23.0,71.0,49.0,144343,OBSERVED_DATA,"Central Water Commission (CWC), IMD, FCI & Ministry of Consumer Affairs",https://cwc.gov.in/ & https://fci.gov.in/,High
Ramanathapuram,Tamil Nadu,TN_RAM_552,Market,11.2621,78.6419,Paddy/Rice,16.0,1.6,78.0,0.38,31206,28085,11.0,49.0,52.0,521206,OBSERVED_DATA,"Central Water Commission (CWC), IMD, FCI & Ministry of Consumer Affairs",https://cwc.gov.in/ & https://fci.gov.in/,High
Ranipet,Tamil Nadu,TN_RAN_553,Warehouse,11.3221,79.3469,Paddy/Rice,32.0,2.2,74.0,0.35,72022,82825,27.0,65.0,54.0,162022,OBSERVED_DATA,"Central Water Commission (CWC), IMD, FCI & Ministry of Consumer Affairs",https://cwc.gov.in/ & https://fci.gov.in/,High
Salem,Tamil Nadu,TN_SAL_554,Warehouse,11.4871,78.5519,Paddy/Rice,21.0,1.7,54.0,0.37,83761,96325,16.0,54.0,51.0,273761,OBSERVED_DATA,"Central Water Commission (CWC), IMD, FCI & Ministry of Consumer Affairs",https://cwc.gov.in/ & https://fci.gov.in/,High
Sivaganga,Tamil Nadu,TN_SIV_555,Warehouse,11.6071,78.2969,Paddy/Rice,16.0,2.1,48.0,0.38,80131,72117,11.0,64.0,53.0,250131,OBSERVED_DATA,"Central Water Commission (CWC), IMD, FCI & Ministry of Consumer Affairs",https://cwc.gov.in/ & https://fci.gov.in/,High
Tenkasi,Tamil Nadu,TN_TEN_556,Warehouse,11.4271,77.9819,Paddy/Rice,16.0,2.8,45.0,0.38,55156,49640,11.0,64.0,52.0,295156,OBSERVED_DATA,"Central Water Commission (CWC), IMD, FCI & Ministry of Consumer Affairs",https://cwc.gov.in/ & https://fci.gov.in/,High
Thanjavur,Tamil Nadu,TN_THA_557,Warehouse,10.787,79.1378,Paddy/Rice,28.0,2.9,64.0,0.36,53493,61516,23.0,36.0,47.0,373493,OBSERVED_DATA,"Central Water Commission (CWC), IMD, FCI & Ministry of Consumer Affairs",https://cwc.gov.in/ & https://fci.gov.in/,High
Theni,Tamil Nadu,TN_THE_558,Warehouse,10.6771,79.2419,Paddy/Rice,15.0,2.9,71.0,0.38,82855,74569,10.0,43.0,49.0,362855,OBSERVED_DATA,"Central Water Commission (CWC), IMD, FCI & Ministry of Consumer Affairs",https://cwc.gov.in/ & https://fci.gov.in/,High
Thoothukudi,Tamil Nadu,TN_THO_559,Warehouse,11.2021,79.3319,Paddy/Rice,15.0,2.0,44.0,0.38,70180,63162,10.0,43.0,48.0,290180,OBSERVED_DATA,"Central Water Commission (CWC), IMD, FCI & Ministry of Consumer Affairs",https://cwc.gov.in/ & https://fci.gov.in/,High
Tiruchirappalli,Tamil Nadu,TN_TIR_560,Market,10.7905,78.7047,Paddy/Rice,31.0,2.4,71.0,0.35,33196,38175,26.0,44.0,50.0,323196,OBSERVED_DATA,"Central Water Commission (CWC), IMD, FCI & Ministry of Consumer Affairs",https://cwc.gov.in/ & https://fci.gov.in/,High
Tirunelveli,Tamil Nadu,TN_TIR_561,Market,11.5771,78.6419,Paddy/Rice,15.0,1.4,60.0,0.38,36580,32922,10.0,58.0,42.0,316580,OBSERVED_DATA,"Central Water Commission (CWC), IMD, FCI & Ministry of Consumer Affairs",https://cwc.gov.in/ & https://fci.gov.in/,High
Tirupathur,Tamil Nadu,TN_TIR_562,Market,11.8321,78.5219,Paddy/Rice,33.0,2.8,84.0,0.35,23348,26850,28.0,56.0,42.0,373348,OBSERVED_DATA,"Central Water Commission (CWC), IMD, FCI & Ministry of Consumer Affairs",https://cwc.gov.in/ & https://fci.gov.in/,High
Tiruppur,Tamil Nadu,TN_TIR_563,Warehouse,11.8321,78.1319,Paddy/Rice,20.0,2.8,68.0,0.37,63810,57429,15.0,48.0,52.0,253810,OBSERVED_DATA,"Central Water Commission (CWC), IMD, FCI & Ministry of Consumer Affairs",https://cwc.gov.in/ & https://fci.gov.in/,High
Tiruvallur,Tamil Nadu,TN_TIR_564,Warehouse,11.5471,78.8969,Paddy/Rice,12.0,1.8,74.0,0.38,66852,60166,7.0,25.0,54.0,336852,OBSERVED_DATA,"Central Water Commission (CWC), IMD, FCI & Ministry of Consumer Affairs",https://cwc.gov.in/ & https://fci.gov.in/,High
Tiruvannamalai,Tamil Nadu,TN_TIR_565,Warehouse,10.4221,77.9219,Paddy/Rice,28.0,2.1,42.0,0.36,52543,60424,23.0,36.0,49.0,342543,OBSERVED_DATA,"Central Water Commission (CWC), IMD, FCI & Ministry of Consumer Affairs",https://cwc.gov.in/ & https://fci.gov.in/,High
Tiruvarur,Tamil Nadu,TN_TIR_566,Warehouse,11.0671,79.2869,Paddy/Rice,13.0,1.9,41.0,0.38,63853,57467,8.0,66.0,49.0,543853,OBSERVED_DATA,"Central Water Commission (CWC), IMD, FCI & Ministry of Consumer Affairs",https://cwc.gov.in/ & https://fci.gov.in/,High
Vellore,Tamil Nadu,TN_VEL_567,Warehouse,11.0221,78.0569,Paddy/Rice,16.0,2.4,64.0,0.38,96206,86585,11.0,49.0,48.0,196206,OBSERVED_DATA,"Central Water Commission (CWC), IMD, FCI & Ministry of Consumer Affairs",https://cwc.gov.in/ & https://fci.gov.in/,High
Viluppuram,Tamil Nadu,TN_VIL_568,Market,11.0671,78.9419,Paddy/Rice,10.0,2.7,66.0,0.39,20975,18877,5.0,43.0,47.0,420975,OBSERVED_DATA,"Central Water Commission (CWC), IMD, FCI & Ministry of Consumer Affairs",https://cwc.gov.in/ & https://fci.gov.in/,High
Virudhunagar,Tamil Nadu,TN_VIR_569,Warehouse,10.6321,78.5969,Paddy/Rice,20.0,1.6,60.0,0.37,58210,52389,15.0,58.0,44.0,328210,OBSERVED_DATA,"Central Water Commission (CWC), IMD, FCI & Ministry of Consumer Affairs",https://cwc.gov.in/ & https://fci.gov.in/,High
Adilabad,Telangana,T_ADI_570,Warehouse,17.9474,78.4193,Onion,20.0,2.9,47.0,0.37,92835,83551,15.0,63.0,47.0,382835,OBSERVED_DATA,"Central Water Commission (CWC), IMD, FCI & Ministry of Consumer Affairs",https://cwc.gov.in/ & https://fci.gov.in/,High
Bhadradri Kothagudem,Telangana,T_BHA_571,Warehouse,18.2774,78.4343,Onion,21.0,2.0,41.0,0.37,72086,82898,16.0,54.0,46.0,312086,OBSERVED_DATA,"Central Water Commission (CWC), IMD, FCI & Ministry of Consumer Affairs",https://cwc.gov.in/ & https://fci.gov.in/,High
Hyderabad,Telangana,T_HYD_572,Market,17.385,78.4867,Onion,12.0,2.2,53.0,0.38,30652,27586,7.0,55.0,52.0,180652,OBSERVED_DATA,"Central Water Commission (CWC), IMD, FCI & Ministry of Consumer Affairs",https://cwc.gov.in/ & https://fci.gov.in/,High
Jagtial,Telangana,T_JAG_573,Market,17.6624,78.5543,Onion,32.0,2.1,82.0,0.35,40147,46169,27.0,55.0,49.0,540147,OBSERVED_DATA,"Central Water Commission (CWC), IMD, FCI & Ministry of Consumer Affairs",https://cwc.gov.in/ & https://fci.gov.in/,High
Jangaon,Telangana,T_JAN_574,Warehouse,17.3924,79.1393,Onion,21.0,1.5,84.0,0.37,66611,76602,16.0,54.0,47.0,466611,OBSERVED_DATA,"Central Water Commission (CWC), IMD, FCI & Ministry of Consumer Affairs",https://cwc.gov.in/ & https://fci.gov.in/,High
Jayashankar Bhupalpally,Telangana,T_JAY_575,Warehouse,18.7574,79.1993,Onion,29.0,1.5,45.0,0.36,52619,60511,24.0,57.0,51.0,242619,OBSERVED_DATA,"Central Water Commission (CWC), IMD, FCI & Ministry of Consumer Affairs",https://cwc.gov.in/ & https://fci.gov.in/,High
Jogulamba Gadwal,Telangana,T_JOG_576,Warehouse,17.6624,79.6493,Onion,34.0,2.0,43.0,0.35,60174,69200,29.0,57.0,52.0,530174,OBSERVED_DATA,"Central Water Commission (CWC), IMD, FCI & Ministry of Consumer Affairs",https://cwc.gov.in/ & https://fci.gov.in/,High
Kamareddy,Telangana,T_KAM_577,Warehouse,17.6324,79.3493,Onion,18.0,2.5,44.0,0.37,95983,86384,13.0,56.0,51.0,455983,OBSERVED_DATA,"Central Water Commission (CWC), IMD, FCI & Ministry of Consumer Affairs",https://cwc.gov.in/ & https://fci.gov.in/,High
Karimnagar,Telangana,T_KAR_578,Warehouse,17.5724,78.6743,Onion,34.0,2.5,57.0,0.35,61449,70666,29.0,47.0,55.0,341449,OBSERVED_DATA,"Central Water Commission (CWC), IMD, FCI & Ministry of Consumer Affairs",https://cwc.gov.in/ & https://fci.gov.in/,High
Khammam,Telangana,T_KHA_579,Market,18.4424,79.1693,Onion,26.0,2.0,66.0,0.36,38316,44063,21.0,54.0,42.0,388316,OBSERVED_DATA,"Central Water Commission (CWC), IMD, FCI & Ministry of Consumer Affairs",https://cwc.gov.in/ & https://fci.gov.in/,High
Kumuram Bheem,Telangana,T_KUM_580,Warehouse,18.0824,79.6643,Onion,31.0,2.3,41.0,0.35,95771,110136,26.0,29.0,43.0,395771,OBSERVED_DATA,"Central Water Commission (CWC), IMD, FCI & Ministry of Consumer Affairs",https://cwc.gov.in/ & https://fci.gov.in/,High
Mahabubabad,Telangana,T_MAH_581,Warehouse,18.2474,78.4343,Onion,14.0,2.5,74.0,0.38,65479,58931,9.0,37.0,45.0,185479,OBSERVED_DATA,"Central Water Commission (CWC), IMD, FCI & Ministry of Consumer Affairs",https://cwc.gov.in/ & https://fci.gov.in/,High
Mahabubnagar,Telangana,T_MAH_582,Market,18.7874,79.1243,Onion,33.0,1.5,46.0,0.35,28623,32916,28.0,56.0,55.0,238623,OBSERVED_DATA,"Central Water Commission (CWC), IMD, FCI & Ministry of Consumer Affairs",https://cwc.gov.in/ & https://fci.gov.in/,High
Mancherial,Telangana,T_MAN_583,Warehouse,17.6774,79.6643,Onion,33.0,1.4,64.0,0.35,94948,109190,28.0,56.0,54.0,524948,OBSERVED_DATA,"Central Water Commission (CWC), IMD, FCI & Ministry of Consumer Affairs",https://cwc.gov.in/ & https://fci.gov.in/,High
Medak,Telangana,T_MED_584,Warehouse,18.2924,79.2443,Onion,32.0,2.4,67.0,0.35,63072,72532,27.0,35.0,54.0,393072,OBSERVED_DATA,"Central Water Commission (CWC), IMD, FCI & Ministry of Consumer Affairs",https://cwc.gov.in/ & https://fci.gov.in/,High
Medchal Malkajgiri,Telangana,T_MED_585,Warehouse,18.5624,78.3743,Onion,12.0,1.2,54.0,0.38,88052,79246,7.0,50.0,52.0,518052,OBSERVED_DATA,"Central Water Commission (CWC), IMD, FCI & Ministry of Consumer Affairs",https://cwc.gov.in/ & https://fci.gov.in/,High
Mulugu,Telangana,T_MUL_586,Warehouse,17.4224,78.5393,Onion,14.0,2.6,73.0,0.38,88604,79743,9.0,57.0,46.0,268604,OBSERVED_DATA,"Central Water Commission (CWC), IMD, FCI & Ministry of Consumer Affairs",https://cwc.gov.in/ & https://fci.gov.in/,High
Nagarkurnool,Telangana,T_NAG_587,Market,17.6624,79.1393,Onion,23.0,1.4,49.0,0.37,44688,51391,18.0,56.0,52.0,334688,OBSERVED_DATA,"Central Water Commission (CWC), IMD, FCI & Ministry of Consumer Affairs",https://cwc.gov.in/ & https://fci.gov.in/,High
Nalgonda,Telangana,T_NAL_588,Warehouse,18.5624,79.6643,Onion,26.0,1.5,83.0,0.36,51941,59732,21.0,49.0,45.0,541941,OBSERVED_DATA,"Central Water Commission (CWC), IMD, FCI & Ministry of Consumer Affairs",https://cwc.gov.in/ & https://fci.gov.in/,High
Narayanpet,Telangana,T_NAR_589,Warehouse,18.0224,79.0793,Onion,18.0,2.1,62.0,0.37,69283,62354,13.0,41.0,51.0,539283,OBSERVED_DATA,"Central Water Commission (CWC), IMD, FCI & Ministry of Consumer Affairs",https://cwc.gov.in/ & https://fci.gov.in/,High
Nirmal,Telangana,T_NIR_590,Market,18.6074,78.6443,Onion,15.0,1.2,83.0,0.38,33030,29727,10.0,38.0,44.0,333030,OBSERVED_DATA,"Central Water Commission (CWC), IMD, FCI & Ministry of Consumer Affairs",https://cwc.gov.in/ & https://fci.gov.in/,High
Nizamabad,Telangana,T_NIZ_591,Warehouse,18.8024,79.4993,Onion,31.0,1.5,47.0,0.35,58871,67701,26.0,19.0,49.0,368871,OBSERVED_DATA,"Central Water Commission (CWC), IMD, FCI & Ministry of Consumer Affairs",https://cwc.gov.in/ & https://fci.gov.in/,High
Peddapalli,Telangana,T_PED_592,Market,18.3374,79.5143,Onion,34.0,1.4,72.0,0.35,43574,50110,29.0,72.0,46.0,223574,OBSERVED_DATA,"Central Water Commission (CWC), IMD, FCI & Ministry of Consumer Affairs",https://cwc.gov.in/ & https://fci.gov.in/,High
Rajanna Sircilla,Telangana,T_RAJ_593,Warehouse,18.4724,78.8093,Onion,10.0,2.9,65.0,0.39,53875,48487,5.0,68.0,47.0,513875,OBSERVED_DATA,"Central Water Commission (CWC), IMD, FCI & Ministry of Consumer Affairs",https://cwc.gov.in/ & https://fci.gov.in/,High
Rangareddy,Telangana,T_RAN_594,Market,18.6374,78.4793,Onion,18.0,2.0,62.0,0.37,35808,32227,13.0,56.0,48.0,265808,OBSERVED_DATA,"Central Water Commission (CWC), IMD, FCI & Ministry of Consumer Affairs",https://cwc.gov.in/ & https://fci.gov.in/,High
Sangareddy,Telangana,T_SAN_595,Warehouse,18.0224,79.0493,Onion,27.0,2.1,82.0,0.36,56967,65512,22.0,55.0,47.0,206967,OBSERVED_DATA,"Central Water Commission (CWC), IMD, FCI & Ministry of Consumer Affairs",https://cwc.gov.in/ & https://fci.gov.in/,High
Siddipet,Telangana,T_SID_596,Market,17.6774,78.9293,Onion,14.0,2.4,46.0,0.38,30104,27093,9.0,47.0,46.0,370104,OBSERVED_DATA,"Central Water Commission (CWC), IMD, FCI & Ministry of Consumer Affairs",https://cwc.gov.in/ & https://fci.gov.in/,High
Suryapet,Telangana,T_SUR_597,Warehouse,18.5924,78.3443,Onion,16.0,2.8,64.0,0.38,47956,43160,11.0,29.0,50.0,557956,OBSERVED_DATA,"Central Water Commission (CWC), IMD, FCI & Ministry of Consumer Affairs",https://cwc.gov.in/ & https://fci.gov.in/,High
Vikarabad,Telangana,T_VIK_598,Market,18.2774,78.9593,Onion,22.0,2.2,73.0,0.37,43962,50556,17.0,55.0,50.0,473962,OBSERVED_DATA,"Central Water Commission (CWC), IMD, FCI & Ministry of Consumer Affairs",https://cwc.gov.in/ & https://fci.gov.in/,High
Wanaparthy,Telangana,T_WAN_599,Warehouse,18.7424,79.1093,Onion,29.0,1.3,67.0,0.36,59319,68216,24.0,32.0,47.0,459319,OBSERVED_DATA,"Central Water Commission (CWC), IMD, FCI & Ministry of Consumer Affairs",https://cwc.gov.in/ & https://fci.gov.in/,High
Warangal,Telangana,T_WAR_600,Market,18.5324,79.0643,Onion,19.0,2.0,45.0,0.37,27034,24330,14.0,42.0,54.0,157034,OBSERVED_DATA,"Central Water Commission (CWC), IMD, FCI & Ministry of Consumer Affairs",https://cwc.gov.in/ & https://fci.gov.in/,High
Yadadri Bhuvanagiri,Telangana,T_YAD_601,Market,18.5324,78.9443,Onion,28.0,1.9,75.0,0.36,41493,47716,23.0,51.0,53.0,381493,OBSERVED_DATA,"Central Water Commission (CWC), IMD, FCI & Ministry of Consumer Affairs",https://cwc.gov.in/ & https://fci.gov.in/,High
Dhalai,Tripura,T_DHA_602,Market,24.3758,91.4932,Onion,17.0,2.4,79.0,0.37,42182,37963,12.0,20.0,44.0,382182,OBSERVED_DATA,"Central Water Commission (CWC), IMD, FCI & Ministry of Consumer Affairs",https://cwc.gov.in/ & https://fci.gov.in/,High
Gomati,Tripura,T_GOM_603,Warehouse,24.6458,91.8382,Onion,22.0,2.0,65.0,0.37,59962,68956,17.0,35.0,48.0,309962,OBSERVED_DATA,"Central Water Commission (CWC), IMD, FCI & Ministry of Consumer Affairs",https://cwc.gov.in/ & https://fci.gov.in/,High
Khowai,Tripura,T_KHO_604,Warehouse,23.4458,91.5232,Onion,10.0,2.2,40.0,0.39,69800,62820,5.0,23.0,44.0,329800,OBSERVED_DATA,"Central Water Commission (CWC), IMD, FCI & Ministry of Consumer Affairs",https://cwc.gov.in/ & https://fci.gov.in/,High
North Tripura,Tripura,T_NOR_605,Market,24.0158,92.1682,Onion,22.0,1.9,47.0,0.37,20387,23445,17.0,45.0,47.0,370387,OBSERVED_DATA,"Central Water Commission (CWC), IMD, FCI & Ministry of Consumer Affairs",https://cwc.gov.in/ & https://fci.gov.in/,High
Sepahijala,Tripura,T_SEP_606,Warehouse,23.4908,91.8682,Onion,30.0,2.1,58.0,0.36,82495,94869,25.0,43.0,45.0,462495,OBSERVED_DATA,"Central Water Commission (CWC), IMD, FCI & Ministry of Consumer Affairs",https://cwc.gov.in/ & https://fci.gov.in/,High
South Tripura,Tripura,T_SOU_607,Warehouse,24.0608,92.2732,Onion,30.0,2.1,50.0,0.36,56345,64796,25.0,43.0,47.0,306345,OBSERVED_DATA,"Central Water Commission (CWC), IMD, FCI & Ministry of Consumer Affairs",https://cwc.gov.in/ & https://fci.gov.in/,High
Unakoti,Tripura,T_UNA_608,Warehouse,24.5408,92.3032,Onion,29.0,2.0,47.0,0.36,69894,80378,24.0,27.0,54.0,359894,OBSERVED_DATA,"Central Water Commission (CWC), IMD, FCI & Ministry of Consumer Affairs",https://cwc.gov.in/ & https://fci.gov.in/,High
West Tripura,Tripura,T_WES_609,Market,24.3158,91.9132,Onion,18.0,2.1,60.0,0.37,23583,21224,13.0,66.0,45.0,293583,OBSERVED_DATA,"Central Water Commission (CWC), IMD, FCI & Ministry of Consumer Affairs",https://cwc.gov.in/ & https://fci.gov.in/,High
Agra,Uttar Pradesh,UP_AGR_610,Market,27.2517,81.6512,Onion,14.0,1.4,70.0,0.38,35704,32133,9.0,72.0,50.0,345704,OBSERVED_DATA,"Central Water Commission (CWC), IMD, FCI & Ministry of Consumer Affairs",https://cwc.gov.in/ & https://fci.gov.in/,High
Aligarh,Uttar Pradesh,UP_ALI_611,Warehouse,27.5067,80.2862,Onion,28.0,1.2,73.0,0.36,52568,60453,23.0,56.0,54.0,182568,OBSERVED_DATA,"Central Water Commission (CWC), IMD, FCI & Ministry of Consumer Affairs",https://cwc.gov.in/ & https://fci.gov.in/,High
Prayagraj,Uttar Pradesh,UP_PRA_612,Warehouse,26.2167,81.5162,Onion,20.0,2.4,73.0,0.37,99610,89649,15.0,48.0,42.0,179610,OBSERVED_DATA,"Central Water Commission (CWC), IMD, FCI & Ministry of Consumer Affairs",https://cwc.gov.in/ & https://fci.gov.in/,High
Ambedkar Nagar,Uttar Pradesh,UP_AMB_613,Market,27.1767,80.7212,Onion,31.0,2.4,65.0,0.35,33396,38405,26.0,59.0,46.0,483396,OBSERVED_DATA,"Central Water Commission (CWC), IMD, FCI & Ministry of Consumer Affairs",https://cwc.gov.in/ & https://fci.gov.in/,High
Amethi,Uttar Pradesh,UP_AME_614,Warehouse,26.9367,81.3062,Onion,10.0,1.5,40.0,0.39,80575,72517,5.0,18.0,55.0,160575,OBSERVED_DATA,"Central Water Commission (CWC), IMD, FCI & Ministry of Consumer Affairs",https://cwc.gov.in/ & https://fci.gov.in/,High
Amroha,Uttar Pradesh,UP_AMR_615,Warehouse,27.1767,81.5912,Onion,27.0,2.1,75.0,0.36,54467,62637,22.0,35.0,55.0,544467,OBSERVED_DATA,"Central Water Commission (CWC), IMD, FCI & Ministry of Consumer Affairs",https://cwc.gov.in/ & https://fci.gov.in/,High
Auraiya,Uttar Pradesh,UP_AUR_616,Warehouse,27.3417,80.3012,Onion,15.0,1.6,46.0,0.38,49380,44442,10.0,48.0,44.0,509380,OBSERVED_DATA,"Central Water Commission (CWC), IMD, FCI & Ministry of Consumer Affairs",https://cwc.gov.in/ & https://fci.gov.in/,High
Azamgarh,Uttar Pradesh,UP_AZA_617,Warehouse,26.8767,80.9612,Onion,31.0,2.1,80.0,0.35,93421,107434,26.0,59.0,43.0,563421,OBSERVED_DATA,"Central Water Commission (CWC), IMD, FCI & Ministry of Consumer Affairs",https://cwc.gov.in/ & https://fci.gov.in/,High
Baghpat,Uttar Pradesh,UP_BAG_618,Warehouse,26.8317,81.3512,Onion,21.0,1.7,46.0,0.37,98361,113115,16.0,69.0,47.0,448361,OBSERVED_DATA,"Central Water Commission (CWC), IMD, FCI & Ministry of Consumer Affairs",https://cwc.gov.in/ & https://fci.gov.in/,High
Bahraich,Uttar Pradesh,UP_BAH_619,Warehouse,26.2317,80.2262,Onion,19.0,1.5,73.0,0.37,45159,40643,14.0,37.0,51.0,495159,OBSERVED_DATA,"Central Water Commission (CWC), IMD, FCI & Ministry of Consumer Affairs",https://cwc.gov.in/ & https://fci.gov.in/,High
Ballia,Uttar Pradesh,UP_BAL_620,Market,27.2967,81.6362,Onion,11.0,2.6,41.0,0.38,21776,19598,6.0,69.0,52.0,231776,OBSERVED_DATA,"Central Water Commission (CWC), IMD, FCI & Ministry of Consumer Affairs",https://cwc.gov.in/ & https://fci.gov.in/,High
Balrampur,Uttar Pradesh,UP_BAL_621,Market,27.3717,81.1862,Onion,31.0,1.8,47.0,0.35,37096,42660,26.0,64.0,48.0,237096,OBSERVED_DATA,"Central Water Commission (CWC), IMD, FCI & Ministry of Consumer Affairs",https://cwc.gov.in/ & https://fci.gov.in/,High
Banda,Uttar Pradesh,UP_BAN_622,Warehouse,27.1917,81.3362,Onion,20.0,2.6,58.0,0.37,95060,85554,15.0,28.0,50.0,155060,OBSERVED_DATA,"Central Water Commission (CWC), IMD, FCI & Ministry of Consumer Affairs",https://cwc.gov.in/ & https://fci.gov.in/,High
Barabanki,Uttar Pradesh,UP_BAR_623,Warehouse,27.3717,81.2612,Onion,26.0,2.9,73.0,0.36,89391,102799,21.0,29.0,47.0,259391,OBSERVED_DATA,"Central Water Commission (CWC), IMD, FCI & Ministry of Consumer Affairs",https://cwc.gov.in/ & https://fci.gov.in/,High
Bareilly,Uttar Pradesh,UP_BAR_624,Warehouse,27.1767,80.7962,Onion,15.0,1.9,49.0,0.38,93305,83974,10.0,58.0,51.0,263305,OBSERVED_DATA,"Central Water Commission (CWC), IMD, FCI & Ministry of Consumer Affairs",https://cwc.gov.in/ & https://fci.gov.in/,High
Basti,Uttar Pradesh,UP_BAS_625,Warehouse,26.3217,80.7512,Onion,16.0,1.3,68.0,0.38,84431,75987,11.0,49.0,53.0,374431,OBSERVED_DATA,"Central Water Commission (CWC), IMD, FCI & Ministry of Consumer Affairs",https://cwc.gov.in/ & https://fci.gov.in/,High
Bhadohi,Uttar Pradesh,UP_BHA_626,Warehouse,26.5617,80.8112,Onion,22.0,1.5,52.0,0.37,72937,83877,17.0,70.0,47.0,122937,OBSERVED_DATA,"Central Water Commission (CWC), IMD, FCI & Ministry of Consumer Affairs",https://cwc.gov.in/ & https://fci.gov.in/,High
Bijnor,Uttar Pradesh,UP_BIJ_627,Warehouse,26.8167,80.5262,Onion,10.0,2.7,83.0,0.39,66375,59737,5.0,63.0,55.0,336375,OBSERVED_DATA,"Central Water Commission (CWC), IMD, FCI & Ministry of Consumer Affairs",https://cwc.gov.in/ & https://fci.gov.in/,High
Budaun,Uttar Pradesh,UP_BUD_628,Warehouse,27.1017,81.3362,Onion,10.0,2.3,50.0,0.39,79475,71527,5.0,63.0,49.0,439475,OBSERVED_DATA,"Central Water Commission (CWC), IMD, FCI & Ministry of Consumer Affairs",https://cwc.gov.in/ & https://fci.gov.in/,High
Bulandshahr,Uttar Pradesh,UP_BUL_629,Warehouse,26.9967,80.5412,Onion,29.0,1.9,64.0,0.36,52369,60224,24.0,72.0,43.0,442369,OBSERVED_DATA,"Central Water Commission (CWC), IMD, FCI & Ministry of Consumer Affairs",https://cwc.gov.in/ & https://fci.gov.in/,High
Chandauli,Uttar Pradesh,UP_CHA_630,Warehouse,26.7717,81.6512,Onion,17.0,2.6,84.0,0.37,51282,46153,12.0,50.0,52.0,491282,OBSERVED_DATA,"Central Water Commission (CWC), IMD, FCI & Ministry of Consumer Affairs",https://cwc.gov.in/ & https://fci.gov.in/,High
Chitrakoot,Uttar Pradesh,UP_CHI_631,Warehouse,26.6817,81.5162,Onion,19.0,2.1,42.0,0.37,67809,61028,14.0,67.0,49.0,157809,OBSERVED_DATA,"Central Water Commission (CWC), IMD, FCI & Ministry of Consumer Affairs",https://cwc.gov.in/ & https://fci.gov.in/,High
Deoria,Uttar Pradesh,UP_DEO_632,Warehouse,26.5467,81.3962,Onion,23.0,2.1,66.0,0.37,89513,102939,18.0,51.0,47.0,219513,OBSERVED_DATA,"Central Water Commission (CWC), IMD, FCI & Ministry of Consumer Affairs",https://cwc.gov.in/ & https://fci.gov.in/,High
Etah,Uttar Pradesh,UP_ETA_633,Market,27.0867,81.3212,Onion,18.0,2.1,83.0,0.37,42233,38009,13.0,21.0,43.0,292233,OBSERVED_DATA,"Central Water Commission (CWC), IMD, FCI & Ministry of Consumer Affairs",https://cwc.gov.in/ & https://fci.gov.in/,High
Etawah,Uttar Pradesh,UP_ETA_634,Warehouse,27.3117,80.2712,Onion,18.0,2.5,61.0,0.37,61283,55154,13.0,51.0,49.0,381283,OBSERVED_DATA,"Central Water Commission (CWC), IMD, FCI & Ministry of Consumer Affairs",https://cwc.gov.in/ & https://fci.gov.in/,High
Ayodhya,Uttar Pradesh,UP_AYO_635,Warehouse,27.5817,80.8712,Onion,32.0,2.6,56.0,0.35,63922,73510,27.0,40.0,54.0,553922,OBSERVED_DATA,"Central Water Commission (CWC), IMD, FCI & Ministry of Consumer Affairs",https://cwc.gov.in/ & https://fci.gov.in/,High
Farrukhabad,Uttar Pradesh,UP_FAR_636,Warehouse,26.9367,81.4862,Onion,24.0,2.1,51.0,0.36,49839,57314,19.0,42.0,55.0,379839,OBSERVED_DATA,"Central Water Commission (CWC), IMD, FCI & Ministry of Consumer Affairs",https://cwc.gov.in/ & https://fci.gov.in/,High
Fatehpur,Uttar Pradesh,UP_FAT_637,Market,27.1917,80.4362,Onion,17.0,2.2,80.0,0.37,30782,27703,12.0,40.0,54.0,140782,OBSERVED_DATA,"Central Water Commission (CWC), IMD, FCI & Ministry of Consumer Affairs",https://cwc.gov.in/ & https://fci.gov.in/,High
Firozabad,Uttar Pradesh,UP_FIR_638,Market,27.5367,81.0962,Onion,21.0,2.6,42.0,0.37,28986,33333,16.0,34.0,42.0,228986,OBSERVED_DATA,"Central Water Commission (CWC), IMD, FCI & Ministry of Consumer Affairs",https://cwc.gov.in/ & https://fci.gov.in/,High
Gautam Buddha Nagar,Uttar Pradesh,UP_GAU_639,Market,26.4717,81.0962,Onion,12.0,1.4,65.0,0.38,30402,27361,7.0,70.0,44.0,530402,OBSERVED_DATA,"Central Water Commission (CWC), IMD, FCI & Ministry of Consumer Affairs",https://cwc.gov.in/ & https://fci.gov.in/,High
Ghaziabad,Uttar Pradesh,UP_GHA_640,Market,26.8917,81.1862,Onion,31.0,2.9,51.0,0.35,24671,28371,26.0,34.0,53.0,384671,OBSERVED_DATA,"Central Water Commission (CWC), IMD, FCI & Ministry of Consumer Affairs",https://cwc.gov.in/ & https://fci.gov.in/,High
Ghazipur,Uttar Pradesh,UP_GHA_641,Market,26.5467,80.3912,Onion,14.0,1.4,80.0,0.38,26104,23493,9.0,72.0,44.0,396104,OBSERVED_DATA,"Central Water Commission (CWC), IMD, FCI & Ministry of Consumer Affairs",https://cwc.gov.in/ & https://fci.gov.in/,High
Gonda,Uttar Pradesh,UP_GON_642,Market,27.1917,80.6162,Onion,20.0,2.5,68.0,0.37,35035,31531,15.0,28.0,53.0,305035,OBSERVED_DATA,"Central Water Commission (CWC), IMD, FCI & Ministry of Consumer Affairs",https://cwc.gov.in/ & https://fci.gov.in/,High
Gorakhpur,Uttar Pradesh,UP_GOR_643,Market,26.4717,80.6462,Onion,11.0,2.8,57.0,0.38,22726,20453,6.0,29.0,50.0,472726,OBSERVED_DATA,"Central Water Commission (CWC), IMD, FCI & Ministry of Consumer Affairs",https://cwc.gov.in/ & https://fci.gov.in/,High
Hamirpur,Uttar Pradesh,UP_HAM_644,Market,26.9367,81.5762,Onion,16.0,1.2,74.0,0.38,26356,23720,11.0,39.0,50.0,286356,OBSERVED_DATA,"Central Water Commission (CWC), IMD, FCI & Ministry of Consumer Affairs",https://cwc.gov.in/ & https://fci.gov.in/,High
Hapur,Uttar Pradesh,UP_HAP_645,Warehouse,26.6817,81.4712,Onion,12.0,2.5,83.0,0.38,49277,44349,7.0,25.0,55.0,549277,OBSERVED_DATA,"Central Water Commission (CWC), IMD, FCI & Ministry of Consumer Affairs",https://cwc.gov.in/ & https://fci.gov.in/,High
Hardoi,Uttar Pradesh,UP_HAR_646,Warehouse,26.9217,81.3362,Onion,20.0,2.5,42.0,0.37,87335,78601,15.0,68.0,55.0,257335,OBSERVED_DATA,"Central Water Commission (CWC), IMD, FCI & Ministry of Consumer Affairs",https://cwc.gov.in/ & https://fci.gov.in/,High
Hathras,Uttar Pradesh,UP_HAT_647,Warehouse,26.6067,80.8862,Onion,34.0,2.3,53.0,0.35,99449,114366,29.0,72.0,55.0,429449,OBSERVED_DATA,"Central Water Commission (CWC), IMD, FCI & Ministry of Consumer Affairs",https://cwc.gov.in/ & https://fci.gov.in/,High
Jalaun,Uttar Pradesh,UP_JAL_648,Warehouse,26.2917,80.8562,Onion,15.0,1.9,61.0,0.38,88105,79294,10.0,48.0,47.0,328105,OBSERVED_DATA,"Central Water Commission (CWC), IMD, FCI & Ministry of Consumer Affairs",https://cwc.gov.in/ & https://fci.gov.in/,High
Jaunpur,Uttar Pradesh,UP_JAU_649,Warehouse,26.8017,81.2012,Onion,19.0,1.3,46.0,0.37,89609,80648,14.0,62.0,51.0,259609,OBSERVED_DATA,"Central Water Commission (CWC), IMD, FCI & Ministry of Consumer Affairs",https://cwc.gov.in/ & https://fci.gov.in/,High
Jhansi,Uttar Pradesh,UP_JHA_650,Market,27.4017,80.4812,Onion,26.0,1.5,76.0,0.36,35391,40699,21.0,69.0,51.0,515391,OBSERVED_DATA,"Central Water Commission (CWC), IMD, FCI & Ministry of Consumer Affairs",https://cwc.gov.in/ & https://fci.gov.in/,High
Kannauj,Uttar Pradesh,UP_KAN_651,Market,27.5667,81.1112,Onion,32.0,2.3,49.0,0.35,32797,37716,27.0,25.0,53.0,342797,OBSERVED_DATA,"Central Water Commission (CWC), IMD, FCI & Ministry of Consumer Affairs",https://cwc.gov.in/ & https://fci.gov.in/,High
Kanpur Dehat,Uttar Pradesh,UP_KAN_652,Warehouse,26.7267,80.3012,Onion,11.0,1.6,42.0,0.38,82476,74228,6.0,19.0,44.0,332476,OBSERVED_DATA,"Central Water Commission (CWC), IMD, FCI & Ministry of Consumer Affairs",https://cwc.gov.in/ & https://fci.gov.in/,High
Kanpur Nagar,Uttar Pradesh,UP_KAN_653,Warehouse,26.2917,81.1562,Onion,13.0,2.0,47.0,0.38,88028,79225,8.0,56.0,54.0,568028,OBSERVED_DATA,"Central Water Commission (CWC), IMD, FCI & Ministry of Consumer Affairs",https://cwc.gov.in/ & https://fci.gov.in/,High
Kasganj,Uttar Pradesh,UP_KAS_654,Warehouse,27.3117,81.0812,Onion,11.0,2.3,42.0,0.38,89951,80955,6.0,19.0,55.0,179951,OBSERVED_DATA,"Central Water Commission (CWC), IMD, FCI & Ministry of Consumer Affairs",https://cwc.gov.in/ & https://fci.gov.in/,High
Kaushambi,Uttar Pradesh,UP_KAU_655,Market,26.3367,80.4812,Onion,19.0,1.4,71.0,0.37,40634,36570,14.0,42.0,44.0,370634,OBSERVED_DATA,"Central Water Commission (CWC), IMD, FCI & Ministry of Consumer Affairs",https://cwc.gov.in/ & https://fci.gov.in/,High
Kheri,Uttar Pradesh,UP_KHE_656,Warehouse,26.8917,81.5162,Onion,14.0,2.8,45.0,0.38,53004,47703,9.0,67.0,52.0,123004,OBSERVED_DATA,"Central Water Commission (CWC), IMD, FCI & Ministry of Consumer Affairs",https://cwc.gov.in/ & https://fci.gov.in/,High
Kushinagar,Uttar Pradesh,UP_KUS_657,Market,26.9817,80.2262,Onion,31.0,2.7,82.0,0.35,38421,44184,26.0,24.0,53.0,218421,OBSERVED_DATA,"Central Water Commission (CWC), IMD, FCI & Ministry of Consumer Affairs",https://cwc.gov.in/ & https://fci.gov.in/,High
Lalitpur,Uttar Pradesh,UP_LAL_658,Warehouse,26.7867,81.5762,Onion,26.0,2.8,79.0,0.36,96816,111338,21.0,24.0,42.0,436816,OBSERVED_DATA,"Central Water Commission (CWC), IMD, FCI & Ministry of Consumer Affairs",https://cwc.gov.in/ & https://fci.gov.in/,High
Lucknow,Uttar Pradesh,UP_LUC_659,Market,26.8467,80.9462,Onion,14.0,1.5,63.0,0.38,29829,26846,9.0,62.0,55.0,329829,OBSERVED_DATA,"Central Water Commission (CWC), IMD, FCI & Ministry of Consumer Affairs",https://cwc.gov.in/ & https://fci.gov.in/,High
Maharajganj,Uttar Pradesh,UP_MAH_660,Warehouse,26.6067,80.6162,Onion,15.0,1.7,57.0,0.38,78255,70429,10.0,48.0,53.0,338255,OBSERVED_DATA,"Central Water Commission (CWC), IMD, FCI & Ministry of Consumer Affairs",https://cwc.gov.in/ & https://fci.gov.in/,High
Mahoba,Uttar Pradesh,UP_MAH_661,Market,26.1267,80.9762,Onion,31.0,2.3,55.0,0.35,31571,36306,26.0,24.0,53.0,541571,OBSERVED_DATA,"Central Water Commission (CWC), IMD, FCI & Ministry of Consumer Affairs",https://cwc.gov.in/ & https://fci.gov.in/,High
Mainpuri,Uttar Pradesh,UP_MAI_662,Market,26.8317,80.2712,Onion,29.0,1.2,68.0,0.36,22744,26155,24.0,37.0,48.0,492744,OBSERVED_DATA,"Central Water Commission (CWC), IMD, FCI & Ministry of Consumer Affairs",https://cwc.gov.in/ & https://fci.gov.in/,High
Mathura,Uttar Pradesh,UP_MAT_663,Warehouse,26.8617,81.1712,Onion,10.0,2.0,61.0,0.39,57400,51660,5.0,18.0,42.0,277400,OBSERVED_DATA,"Central Water Commission (CWC), IMD, FCI & Ministry of Consumer Affairs",https://cwc.gov.in/ & https://fci.gov.in/,High
Mau,Uttar Pradesh,UP_MAU_664,Market,26.2617,81.3962,Onion,24.0,1.5,62.0,0.36,36889,42422,19.0,52.0,55.0,476889,OBSERVED_DATA,"Central Water Commission (CWC), IMD, FCI & Ministry of Consumer Affairs",https://cwc.gov.in/ & https://fci.gov.in/,High
Meerut,Uttar Pradesh,UP_MEE_665,Warehouse,27.1917,80.2262,Onion,34.0,1.4,70.0,0.35,58874,67705,29.0,57.0,42.0,148874,OBSERVED_DATA,"Central Water Commission (CWC), IMD, FCI & Ministry of Consumer Affairs",https://cwc.gov.in/ & https://fci.gov.in/,High
Mirzapur,Uttar Pradesh,UP_MIR_666,Warehouse,26.4867,80.8562,Onion,10.0,2.0,48.0,0.39,77750,69975,5.0,28.0,50.0,197750,OBSERVED_DATA,"Central Water Commission (CWC), IMD, FCI & Ministry of Consumer Affairs",https://cwc.gov.in/ & https://fci.gov.in/,High
Moradabad,Uttar Pradesh,UP_MOR_667,Warehouse,26.6817,80.6312,Onion,33.0,2.9,75.0,0.35,91623,105366,28.0,46.0,49.0,531623,OBSERVED_DATA,"Central Water Commission (CWC), IMD, FCI & Ministry of Consumer Affairs",https://cwc.gov.in/ & https://fci.gov.in/,High
Muzaffarnagar,Uttar Pradesh,UP_MUZ_668,Warehouse,27.3417,80.9912,Onion,18.0,1.5,57.0,0.37,57533,51779,13.0,26.0,47.0,337533,OBSERVED_DATA,"Central Water Commission (CWC), IMD, FCI & Ministry of Consumer Affairs",https://cwc.gov.in/ & https://fci.gov.in/,High
Pilibhit,Uttar Pradesh,UP_PIL_669,Market,26.3067,81.3062,Onion,16.0,2.5,48.0,0.38,40931,36837,11.0,59.0,43.0,120931,OBSERVED_DATA,"Central Water Commission (CWC), IMD, FCI & Ministry of Consumer Affairs",https://cwc.gov.in/ & https://fci.gov.in/,High
Pratapgarh,Uttar Pradesh,UP_PRA_670,Warehouse,26.6217,81.2912,Onion,17.0,2.6,44.0,0.37,64782,58303,12.0,45.0,50.0,414782,OBSERVED_DATA,"Central Water Commission (CWC), IMD, FCI & Ministry of Consumer Affairs",https://cwc.gov.in/ & https://fci.gov.in/,High
Raebareli,Uttar Pradesh,UP_RAE_671,Market,27.3567,81.2012,Onion,23.0,2.3,58.0,0.37,43863,50442,18.0,26.0,47.0,123863,OBSERVED_DATA,"Central Water Commission (CWC), IMD, FCI & Ministry of Consumer Affairs",https://cwc.gov.in/ & https://fci.gov.in/,High
Rampur,Uttar Pradesh,UP_RAM_672,Warehouse,27.2067,81.3512,Onion,28.0,1.9,77.0,0.36,67193,77271,23.0,71.0,49.0,177193,OBSERVED_DATA,"Central Water Commission (CWC), IMD, FCI & Ministry of Consumer Affairs",https://cwc.gov.in/ & https://fci.gov.in/,High
Saharanpur,Uttar Pradesh,UP_SAH_673,Market,27.5067,80.4362,Onion,29.0,2.0,60.0,0.36,40944,47085,24.0,47.0,44.0,120944,OBSERVED_DATA,"Central Water Commission (CWC), IMD, FCI & Ministry of Consumer Affairs",https://cwc.gov.in/ & https://fci.gov.in/,High
Sambhal,Uttar Pradesh,UP_SAM_674,Warehouse,26.5767,81.2012,Onion,17.0,1.8,75.0,0.37,99782,89803,12.0,20.0,48.0,289782,OBSERVED_DATA,"Central Water Commission (CWC), IMD, FCI & Ministry of Consumer Affairs",https://cwc.gov.in/ & https://fci.gov.in/,High
Sant Kabir Nagar,Uttar Pradesh,UP_SAN_675,Market,26.9067,80.8262,Onion,21.0,2.8,61.0,0.37,23686,27238,16.0,49.0,44.0,503686,OBSERVED_DATA,"Central Water Commission (CWC), IMD, FCI & Ministry of Consumer Affairs",https://cwc.gov.in/ & https://fci.gov.in/,High
Shahjahanpur,Uttar Pradesh,UP_SHA_676,Warehouse,26.2917,80.2262,Onion,30.0,2.2,60.0,0.36,88720,102027,25.0,28.0,54.0,238720,OBSERVED_DATA,"Central Water Commission (CWC), IMD, FCI & Ministry of Consumer Affairs",https://cwc.gov.in/ & https://fci.gov.in/,High
Shamli,Uttar Pradesh,UP_SHA_677,Warehouse,27.2067,80.6912,Onion,20.0,1.6,81.0,0.37,86560,77904,15.0,18.0,42.0,266560,OBSERVED_DATA,"Central Water Commission (CWC), IMD, FCI & Ministry of Consumer Affairs",https://cwc.gov.in/ & https://fci.gov.in/,High
Shravasti,Uttar Pradesh,UP_SHR_678,Warehouse,27.5817,81.2762,Onion,31.0,1.8,73.0,0.35,62246,71582,26.0,49.0,42.0,312246,OBSERVED_DATA,"Central Water Commission (CWC), IMD, FCI & Ministry of Consumer Affairs",https://cwc.gov.in/ & https://fci.gov.in/,High
Siddharthnagar,Uttar Pradesh,UP_SID_679,Market,26.1567,80.4362,Onion,20.0,2.6,53.0,0.37,38410,34569,15.0,23.0,44.0,138410,OBSERVED_DATA,"Central Water Commission (CWC), IMD, FCI & Ministry of Consumer Affairs",https://cwc.gov.in/ & https://fci.gov.in/,High
Sitapur,Uttar Pradesh,UP_SIT_680,Warehouse,26.4567,80.4062,Onion,30.0,2.3,78.0,0.36,58595,67384,25.0,38.0,53.0,148595,OBSERVED_DATA,"Central Water Commission (CWC), IMD, FCI & Ministry of Consumer Affairs",https://cwc.gov.in/ & https://fci.gov.in/,High
Sonbhadra,Uttar Pradesh,UP_SON_681,Warehouse,26.7567,80.9762,Onion,26.0,1.4,55.0,0.36,48966,56310,21.0,39.0,46.0,128966,OBSERVED_DATA,"Central Water Commission (CWC), IMD, FCI & Ministry of Consumer Affairs",https://cwc.gov.in/ & https://fci.gov.in/,High
Sultanpur,Uttar Pradesh,UP_SUL_682,Market,26.5467,81.6212,Onion,27.0,2.4,81.0,0.36,23192,26670,22.0,65.0,42.0,183192,OBSERVED_DATA,"Central Water Commission (CWC), IMD, FCI & Ministry of Consumer Affairs",https://cwc.gov.in/ & https://fci.gov.in/,High
Unnao,Uttar Pradesh,UP_UNN_683,Warehouse,27.3717,81.5462,Onion,13.0,1.3,48.0,0.38,97803,88022,8.0,66.0,51.0,317803,OBSERVED_DATA,"Central Water Commission (CWC), IMD, FCI & Ministry of Consumer Affairs",https://cwc.gov.in/ & https://fci.gov.in/,High
Varanasi,Uttar Pradesh,UP_VAR_684,Warehouse,26.1717,80.8112,Onion,13.0,2.9,43.0,0.38,99503,89552,8.0,21.0,45.0,129503,OBSERVED_DATA,"Central Water Commission (CWC), IMD, FCI & Ministry of Consumer Affairs",https://cwc.gov.in/ & https://fci.gov.in/,High
Almora,Uttarakhand,U_ALM_685,Warehouse,29.3918,79.1543,Onion,28.0,2.4,58.0,0.36,79968,91963,23.0,71.0,50.0,289968,OBSERVED_DATA,"Central Water Commission (CWC), IMD, FCI & Ministry of Consumer Affairs",https://cwc.gov.in/ & https://fci.gov.in/,High
Bageshwar,Uttarakhand,U_BAG_686,Warehouse,30.7718,79.3343,Onion,31.0,1.3,69.0,0.35,46321,53269,26.0,54.0,43.0,466321,OBSERVED_DATA,"Central Water Commission (CWC), IMD, FCI & Ministry of Consumer Affairs",https://cwc.gov.in/ & https://fci.gov.in/,High
Chamoli,Uttarakhand,U_CHA_687,Warehouse,30.5018,78.4643,Onion,30.0,2.5,84.0,0.36,92645,106541,25.0,68.0,43.0,532645,OBSERVED_DATA,"Central Water Commission (CWC), IMD, FCI & Ministry of Consumer Affairs",https://cwc.gov.in/ & https://fci.gov.in/,High
Champawat,Uttarakhand,U_CHA_688,Warehouse,30.6518,79.7093,Onion,30.0,2.2,61.0,0.36,59720,68678,25.0,48.0,50.0,409720,OBSERVED_DATA,"Central Water Commission (CWC), IMD, FCI & Ministry of Consumer Affairs",https://cwc.gov.in/ & https://fci.gov.in/,High
Dehradun,Uttarakhand,U_DEH_689,Market,29.4818,79.3943,Onion,30.0,2.7,49.0,0.36,36245,41681,25.0,58.0,43.0,286245,OBSERVED_DATA,"Central Water Commission (CWC), IMD, FCI & Ministry of Consumer Affairs",https://cwc.gov.in/ & https://fci.gov.in/,High
Haridwar,Uttarakhand,U_HAR_690,Market,29.6468,79.6943,Onion,26.0,1.5,66.0,0.36,40991,47139,21.0,24.0,45.0,500991,OBSERVED_DATA,"Central Water Commission (CWC), IMD, FCI & Ministry of Consumer Affairs",https://cwc.gov.in/ & https://fci.gov.in/,High
Nainital,Uttarakhand,U_NAI_691,Warehouse,29.4218,78.6893,Onion,32.0,1.5,59.0,0.35,67247,77334,27.0,25.0,45.0,317247,OBSERVED_DATA,"Central Water Commission (CWC), IMD, FCI & Ministry of Consumer Affairs",https://cwc.gov.in/ & https://fci.gov.in/,High
Pauri Garhwal,Uttarakhand,U_PAU_692,Warehouse,29.4368,79.2443,Onion,31.0,2.2,60.0,0.35,59896,68880,26.0,64.0,52.0,359896,OBSERVED_DATA,"Central Water Commission (CWC), IMD, FCI & Ministry of Consumer Affairs",https://cwc.gov.in/ & https://fci.gov.in/,High
Pithoragarh,Uttarakhand,U_PIT_693,Warehouse,29.6468,78.6743,Onion,27.0,1.6,84.0,0.36,81542,93773,22.0,30.0,52.0,311542,OBSERVED_DATA,"Central Water Commission (CWC), IMD, FCI & Ministry of Consumer Affairs",https://cwc.gov.in/ & https://fci.gov.in/,High
Rudraprayag,Uttarakhand,U_RUD_694,Market,30.7718,79.4093,Onion,17.0,1.2,56.0,0.37,27782,25003,12.0,55.0,44.0,337782,OBSERVED_DATA,"Central Water Commission (CWC), IMD, FCI & Ministry of Consumer Affairs",https://cwc.gov.in/ & https://fci.gov.in/,High
Tehri Garhwal,Uttarakhand,U_TEH_695,Warehouse,30.4268,79.7393,Onion,34.0,2.5,61.0,0.35,91949,105741,29.0,47.0,55.0,561949,OBSERVED_DATA,"Central Water Commission (CWC), IMD, FCI & Ministry of Consumer Affairs",https://cwc.gov.in/ & https://fci.gov.in/,High
Udham Singh Nagar,Uttarakhand,U_UDH_696,Warehouse,29.6918,78.9593,Onion,23.0,2.1,55.0,0.37,65713,75569,18.0,71.0,53.0,145713,OBSERVED_DATA,"Central Water Commission (CWC), IMD, FCI & Ministry of Consumer Affairs",https://cwc.gov.in/ & https://fci.gov.in/,High
Uttarkashi,Uttarakhand,U_UTT_697,Market,29.3468,78.3443,Onion,16.0,1.5,46.0,0.38,29431,26487,11.0,49.0,47.0,349431,OBSERVED_DATA,"Central Water Commission (CWC), IMD, FCI & Ministry of Consumer Affairs",https://cwc.gov.in/ & https://fci.gov.in/,High
Alipurduar,West Bengal,WB_ALI_698,Warehouse,23.4818,88.02,Onion,11.0,2.0,66.0,0.38,60076,54068,6.0,39.0,46.0,250076,OBSERVED_DATA,"Central Water Commission (CWC), IMD, FCI & Ministry of Consumer Affairs",https://cwc.gov.in/ & https://fci.gov.in/,High
Bankura,West Bengal,WB_BAN_699,Warehouse,22.5818,87.495,Onion,15.0,1.5,83.0,0.38,45555,40999,10.0,53.0,49.0,495555,OBSERVED_DATA,"Central Water Commission (CWC), IMD, FCI & Ministry of Consumer Affairs",https://cwc.gov.in/ & https://fci.gov.in/,High
Birbhum,West Bengal,WB_BIR_700,Market,23.4218,88.125,Onion,21.0,1.3,43.0,0.37,22911,26347,16.0,59.0,45.0,272911,OBSERVED_DATA,"Central Water Commission (CWC), IMD, FCI & Ministry of Consumer Affairs",https://cwc.gov.in/ & https://fci.gov.in/,High
Cooch Behar,West Bengal,WB_COO_701,Warehouse,23.6018,87.705,Onion,12.0,2.0,63.0,0.38,72302,65071,7.0,70.0,44.0,132302,OBSERVED_DATA,"Central Water Commission (CWC), IMD, FCI & Ministry of Consumer Affairs",https://cwc.gov.in/ & https://fci.gov.in/,High
Dakshin Dinajpur,West Bengal,WB_DAK_702,Warehouse,22.8668,88.26,Onion,17.0,2.9,71.0,0.37,55907,50316,12.0,65.0,43.0,355907,OBSERVED_DATA,"Central Water Commission (CWC), IMD, FCI & Ministry of Consumer Affairs",https://cwc.gov.in/ & https://fci.gov.in/,High
Darjeeling,West Bengal,WB_DAR_703,Warehouse,23.0618,87.66,Onion,29.0,2.3,78.0,0.36,47719,54876,24.0,27.0,49.0,177719,OBSERVED_DATA,"Central Water Commission (CWC), IMD, FCI & Ministry of Consumer Affairs",https://cwc.gov.in/ & https://fci.gov.in/,High
Hooghly,West Bengal,WB_HOO_704,Warehouse,22.8218,88.515,Onion,31.0,2.4,47.0,0.35,61246,70432,26.0,24.0,52.0,381246,OBSERVED_DATA,"Central Water Commission (CWC), IMD, FCI & Ministry of Consumer Affairs",https://cwc.gov.in/ & https://fci.gov.in/,High
Howrah,West Bengal,WB_HOW_705,Market,22.6718,87.75,Onion,22.0,1.7,80.0,0.37,32987,37935,17.0,55.0,43.0,182987,OBSERVED_DATA,"Central Water Commission (CWC), IMD, FCI & Ministry of Consumer Affairs",https://cwc.gov.in/ & https://fci.gov.in/,High
Jalpaiguri,West Bengal,WB_JAL_706,Warehouse,23.2718,87.15,Onion,34.0,1.3,83.0,0.35,85699,98553,29.0,57.0,53.0,205699,OBSERVED_DATA,"Central Water Commission (CWC), IMD, FCI & Ministry of Consumer Affairs",https://cwc.gov.in/ & https://fci.gov.in/,High
Jhargram,West Bengal,WB_JHA_707,Warehouse,22.7018,87.195,Onion,22.0,1.9,81.0,0.37,65137,74907,17.0,45.0,47.0,125137,OBSERVED_DATA,"Central Water Commission (CWC), IMD, FCI & Ministry of Consumer Affairs",https://cwc.gov.in/ & https://fci.gov.in/,High
Kalimpong,West Bengal,WB_KAL_708,Warehouse,23.0018,87.42,Onion,32.0,2.1,74.0,0.35,88197,101426,27.0,70.0,53.0,418197,OBSERVED_DATA,"Central Water Commission (CWC), IMD, FCI & Ministry of Consumer Affairs",https://cwc.gov.in/ & https://fci.gov.in/,High
Kolkata,West Bengal,WB_KOL_709,Warehouse,22.5726,88.3639,Onion,11.0,1.5,80.0,0.38,72751,65475,6.0,64.0,49.0,542751,OBSERVED_DATA,"Central Water Commission (CWC), IMD, FCI & Ministry of Consumer Affairs",https://cwc.gov.in/ & https://fci.gov.in/,High
Malda,West Bengal,WB_MAL_710,Warehouse,22.9568,87.585,Onion,19.0,2.6,70.0,0.37,89934,80940,14.0,52.0,48.0,199934,OBSERVED_DATA,"Central Water Commission (CWC), IMD, FCI & Ministry of Consumer Affairs",https://cwc.gov.in/ & https://fci.gov.in/,High
Murshidabad,West Bengal,WB_MUR_711,Market,22.7018,87.375,Onion,33.0,1.8,48.0,0.35,25998,29897,28.0,26.0,54.0,505998,OBSERVED_DATA,"Central Water Commission (CWC), IMD, FCI & Ministry of Consumer Affairs",https://cwc.gov.in/ & https://fci.gov.in/,High
Nadia,West Bengal,WB_NAD_712,Warehouse,22.7018,87.285,Onion,25.0,1.8,68.0,0.36,74040,85146,20.0,58.0,54.0,554040,OBSERVED_DATA,"Central Water Commission (CWC), IMD, FCI & Ministry of Consumer Affairs",https://cwc.gov.in/ & https://fci.gov.in/,High
North 24 Parganas,West Bengal,WB_NOR_713,Warehouse,23.0318,88.44,Onion,19.0,2.5,44.0,0.37,87509,78758,14.0,42.0,47.0,497509,OBSERVED_DATA,"Central Water Commission (CWC), IMD, FCI & Ministry of Consumer Affairs",https://cwc.gov.in/ & https://fci.gov.in/,High
Paschim Bardhaman,West Bengal,WB_PAS_714,Warehouse,23.0618,88.44,Onion,17.0,2.5,72.0,0.37,54407,48966,12.0,50.0,53.0,284407,OBSERVED_DATA,"Central Water Commission (CWC), IMD, FCI & Ministry of Consumer Affairs",https://cwc.gov.in/ & https://fci.gov.in/,High
Paschim Medinipur,West Bengal,WB_PAS_715,Warehouse,23.5868,87.93,Onion,31.0,1.7,53.0,0.35,45821,52694,26.0,64.0,47.0,465821,OBSERVED_DATA,"Central Water Commission (CWC), IMD, FCI & Ministry of Consumer Affairs",https://cwc.gov.in/ & https://fci.gov.in/,High
Purba Bardhaman,West Bengal,WB_PUR_716,Warehouse,23.2324,87.8615,Onion,17.0,2.1,65.0,0.37,96807,87126,12.0,30.0,55.0,276807,OBSERVED_DATA,"Central Water Commission (CWC), IMD, FCI & Ministry of Consumer Affairs",https://cwc.gov.in/ & https://fci.gov.in/,High
Purba Medinipur,West Bengal,WB_PUR_717,Warehouse,22.5668,87.75,Onion,10.0,2.2,53.0,0.39,66000,59400,5.0,68.0,50.0,436000,OBSERVED_DATA,"Central Water Commission (CWC), IMD, FCI & Ministry of Consumer Affairs",https://cwc.gov.in/ & https://fci.gov.in/,High
Purulia,West Bengal,WB_PUR_718,Market,22.6118,88.41,Onion,30.0,2.3,69.0,0.36,35395,40704,25.0,68.0,55.0,195395,OBSERVED_DATA,"Central Water Commission (CWC), IMD, FCI & Ministry of Consumer Affairs",https://cwc.gov.in/ & https://fci.gov.in/,High
South 24 Parganas,West Bengal,WB_SOU_719,Market,23.0318,87.42,Onion,29.0,2.9,59.0,0.36,39469,45389,24.0,62.0,45.0,289469,OBSERVED_DATA,"Central Water Commission (CWC), IMD, FCI & Ministry of Consumer Affairs",https://cwc.gov.in/ & https://fci.gov.in/,High
Uttar Dinajpur,West Bengal,WB_UTT_720,Market,22.5518,88.38,Onion,10.0,1.4,66.0,0.39,36900,33210,5.0,43.0,50.0,356900,OBSERVED_DATA,"Central Water Commission (CWC), IMD, FCI & Ministry of Consumer Affairs",https://cwc.gov.in/ & https://fci.gov.in/,High
Nicobar,Andaman and Nicobar Islands,AA_NIC_721,Market,12.3551,93.3936,Onion,18.0,2.1,82.0,0.37,25233,22709,13.0,66.0,51.0,355233,OBSERVED_DATA,"Central Water Commission (CWC), IMD, FCI & Ministry of Consumer Affairs",https://cwc.gov.in/ & https://fci.gov.in/,High
North and Middle Andaman,Andaman and Nicobar Islands,AA_NOR_722,Warehouse,11.1701,92.5686,Onion,15.0,2.4,73.0,0.38,59380,53442,10.0,63.0,52.0,229380,OBSERVED_DATA,"Central Water Commission (CWC), IMD, FCI & Ministry of Consumer Affairs",https://cwc.gov.in/ & https://fci.gov.in/,High
South Andaman,Andaman and Nicobar Islands,AA_SOU_723,Market,12.3401,92.1786,Onion,24.0,1.8,40.0,0.36,38314,44061,19.0,32.0,42.0,298314,OBSERVED_DATA,"Central Water Commission (CWC), IMD, FCI & Ministry of Consumer Affairs",https://cwc.gov.in/ & https://fci.gov.in/,High
Chandigarh,Chandigarh,C_CHA_724,Warehouse,31.0933,76.4944,Onion,33.0,1.4,73.0,0.35,83398,95907,28.0,71.0,48.0,453398,OBSERVED_DATA,"Central Water Commission (CWC), IMD, FCI & Ministry of Consumer Affairs",https://cwc.gov.in/ & https://fci.gov.in/,High
Dadra and Nagar Haveli,Dadra and Nagar Haveli and Daman and Diu,DA_DAD_725,Market,19.9774,73.2678,Onion,24.0,1.9,83.0,0.36,30889,35522,19.0,52.0,47.0,210889,OBSERVED_DATA,"Central Water Commission (CWC), IMD, FCI & Ministry of Consumer Affairs",https://cwc.gov.in/ & https://fci.gov.in/,High
Daman,Dadra and Nagar Haveli and Daman and Diu,DA_DAM_726,Market,20.9974,72.2778,Onion,13.0,1.5,41.0,0.38,23253,20927,8.0,56.0,51.0,383253,OBSERVED_DATA,"Central Water Commission (CWC), IMD, FCI & Ministry of Consumer Affairs",https://cwc.gov.in/ & https://fci.gov.in/,High
Diu,Dadra and Nagar Haveli and Daman and Diu,DA_DIU_727,Market,19.6624,72.3378,Onion,24.0,1.9,47.0,0.36,25589,29427,19.0,32.0,51.0,195589,OBSERVED_DATA,"Central Water Commission (CWC), IMD, FCI & Ministry of Consumer Affairs",https://cwc.gov.in/ & https://fci.gov.in/,High
Central Delhi,Delhi,D_CEN_728,Market,28.8991,77.8225,Onion,15.0,1.6,75.0,0.38,37780,34002,10.0,23.0,42.0,217780,OBSERVED_DATA,"Central Water Commission (CWC), IMD, FCI & Ministry of Consumer Affairs",https://cwc.gov.in/ & https://fci.gov.in/,High
East Delhi,Delhi,D_EAS_729,Market,28.2241,77.5525,Onion,23.0,2.5,73.0,0.37,31213,35894,18.0,51.0,55.0,181213,OBSERVED_DATA,"Central Water Commission (CWC), IMD, FCI & Ministry of Consumer Affairs",https://cwc.gov.in/ & https://fci.gov.in/,High
New Delhi,Delhi,D_NEW_730,Market,28.2391,77.0575,Onion,22.0,1.5,82.0,0.37,28787,33105,17.0,20.0,51.0,128787,OBSERVED_DATA,"Central Water Commission (CWC), IMD, FCI & Ministry of Consumer Affairs",https://cwc.gov.in/ & https://fci.gov.in/,High
North Delhi,Delhi,D_NOR_731,Warehouse,29.3641,77.2525,Onion,18.0,2.0,80.0,0.37,57158,51442,13.0,71.0,42.0,177158,OBSERVED_DATA,"Central Water Commission (CWC), IMD, FCI & Ministry of Consumer Affairs",https://cwc.gov.in/ & https://fci.gov.in/,High
North East Delhi,Delhi,D_NOR_732,Warehouse,29.3641,77.5525,Onion,32.0,1.7,58.0,0.35,68447,78714,27.0,45.0,55.0,488447,OBSERVED_DATA,"Central Water Commission (CWC), IMD, FCI & Ministry of Consumer Affairs",https://cwc.gov.in/ & https://fci.gov.in/,High
North West Delhi,Delhi,D_NOR_733,Warehouse,29.2591,77.4775,Onion,22.0,1.4,71.0,0.37,50412,57973,17.0,70.0,48.0,250412,OBSERVED_DATA,"Central Water Commission (CWC), IMD, FCI & Ministry of Consumer Affairs",https://cwc.gov.in/ & https://fci.gov.in/,High
Shahdara,Delhi,D_SHA_734,Market,28.5991,76.6075,Onion,15.0,2.3,67.0,0.38,32255,29029,10.0,38.0,51.0,452255,OBSERVED_DATA,"Central Water Commission (CWC), IMD, FCI & Ministry of Consumer Affairs",https://cwc.gov.in/ & https://fci.gov.in/,High
South Delhi,Delhi,D_SOU_735,Warehouse,28.8991,76.8325,Onion,20.0,1.2,65.0,0.37,48710,43839,15.0,68.0,54.0,508710,OBSERVED_DATA,"Central Water Commission (CWC), IMD, FCI & Ministry of Consumer Affairs",https://cwc.gov.in/ & https://fci.gov.in/,High
South East Delhi,Delhi,D_SOU_736,Warehouse,29.0491,77.5075,Onion,12.0,2.7,68.0,0.38,94677,85209,7.0,55.0,47.0,484677,OBSERVED_DATA,"Central Water Commission (CWC), IMD, FCI & Ministry of Consumer Affairs",https://cwc.gov.in/ & https://fci.gov.in/,High
South West Delhi,Delhi,D_SOU_737,Market,28.6741,77.1925,Onion,31.0,1.2,72.0,0.35,25046,28802,26.0,49.0,48.0,245046,OBSERVED_DATA,"Central Water Commission (CWC), IMD, FCI & Ministry of Consumer Affairs",https://cwc.gov.in/ & https://fci.gov.in/,High
West Delhi,Delhi,D_WES_738,Warehouse,29.0941,76.7725,Onion,24.0,2.7,72.0,0.36,94939,109179,19.0,62.0,55.0,564939,OBSERVED_DATA,"Central Water Commission (CWC), IMD, FCI & Ministry of Consumer Affairs",https://cwc.gov.in/ & https://fci.gov.in/,High
Anantnag,Jammu and Kashmir,JA_ANA_739,Warehouse,33.2982,76.6062,Onion,28.0,1.7,52.0,0.36,79143,91014,23.0,56.0,43.0,369143,OBSERVED_DATA,"Central Water Commission (CWC), IMD, FCI & Ministry of Consumer Affairs",https://cwc.gov.in/ & https://fci.gov.in/,High
Bandipora,Jammu and Kashmir,JA_BAN_740,Warehouse,33.9132,76.5012,Onion,10.0,1.8,79.0,0.39,76400,68760,5.0,53.0,48.0,266400,OBSERVED_DATA,"Central Water Commission (CWC), IMD, FCI & Ministry of Consumer Affairs",https://cwc.gov.in/ & https://fci.gov.in/,High
Baramulla,Jammu and Kashmir,JA_BAR_741,Market,34.3932,76.4412,Onion,21.0,1.7,50.0,0.37,44511,51187,16.0,39.0,43.0,334511,OBSERVED_DATA,"Central Water Commission (CWC), IMD, FCI & Ministry of Consumer Affairs",https://cwc.gov.in/ & https://fci.gov.in/,High
Budgam,Jammu and Kashmir,JA_BUD_742,Warehouse,34.4532,77.1612,Onion,14.0,2.4,67.0,0.38,80204,72183,9.0,57.0,42.0,180204,OBSERVED_DATA,"Central Water Commission (CWC), IMD, FCI & Ministry of Consumer Affairs",https://cwc.gov.in/ & https://fci.gov.in/,High
Doda,Jammu and Kashmir,JA_DOD_743,Warehouse,33.8082,77.0562,Onion,22.0,2.0,80.0,0.37,78462,90231,17.0,35.0,52.0,188462,OBSERVED_DATA,"Central Water Commission (CWC), IMD, FCI & Ministry of Consumer Affairs",https://cwc.gov.in/ & https://fci.gov.in/,High
Ganderbal,Jammu and Kashmir,JA_GAN_744,Warehouse,34.4532,76.1262,Onion,31.0,2.3,82.0,0.35,53871,61951,26.0,64.0,53.0,493871,OBSERVED_DATA,"Central Water Commission (CWC), IMD, FCI & Ministry of Consumer Affairs",https://cwc.gov.in/ & https://fci.gov.in/,High
Jammu,Jammu and Kashmir,JA_JAM_745,Warehouse,34.4982,77.0862,Onion,30.0,2.2,67.0,0.36,80370,92425,25.0,23.0,44.0,480370,OBSERVED_DATA,"Central Water Commission (CWC), IMD, FCI & Ministry of Consumer Affairs",https://cwc.gov.in/ & https://fci.gov.in/,High
Kathua,Jammu and Kashmir,JA_KAT_746,Warehouse,33.2082,76.6362,Onion,31.0,1.7,48.0,0.35,55671,64021,26.0,69.0,49.0,255671,OBSERVED_DATA,"Central Water Commission (CWC), IMD, FCI & Ministry of Consumer Affairs",https://cwc.gov.in/ & https://fci.gov.in/,High
Kishtwar,Jammu and Kashmir,JA_KIS_747,Warehouse,33.2532,75.9762,Onion,34.0,2.5,42.0,0.35,78599,90388,29.0,42.0,53.0,308599,OBSERVED_DATA,"Central Water Commission (CWC), IMD, FCI & Ministry of Consumer Affairs",https://cwc.gov.in/ & https://fci.gov.in/,High
Kulgam,Jammu and Kashmir,JA_KUL_748,Warehouse,34.0932,76.2762,Onion,10.0,2.2,48.0,0.39,80750,72675,5.0,28.0,44.0,280750,OBSERVED_DATA,"Central Water Commission (CWC), IMD, FCI & Ministry of Consumer Affairs",https://cwc.gov.in/ & https://fci.gov.in/,High
Kupwara,Jammu and Kashmir,JA_KUP_749,Market,33.7032,76.6812,Onion,17.0,2.9,75.0,0.37,34057,30651,12.0,50.0,45.0,494057,OBSERVED_DATA,"Central Water Commission (CWC), IMD, FCI & Ministry of Consumer Affairs",https://cwc.gov.in/ & https://fci.gov.in/,High
Poonch,Jammu and Kashmir,JA_POO_750,Warehouse,33.2532,76.8312,Onion,28.0,2.8,62.0,0.36,49618,57060,23.0,51.0,44.0,319618,OBSERVED_DATA,"Central Water Commission (CWC), IMD, FCI & Ministry of Consumer Affairs",https://cwc.gov.in/ & https://fci.gov.in/,High
Pulwama,Jammu and Kashmir,JA_PUL_751,Warehouse,33.8082,77.1762,Onion,17.0,1.2,60.0,0.37,97682,87913,12.0,70.0,48.0,347682,OBSERVED_DATA,"Central Water Commission (CWC), IMD, FCI & Ministry of Consumer Affairs",https://cwc.gov.in/ & https://fci.gov.in/,High
Rajouri,Jammu and Kashmir,JA_RAJ_752,Warehouse,33.7182,77.2512,Onion,10.0,2.9,69.0,0.39,56975,51277,5.0,58.0,53.0,566975,OBSERVED_DATA,"Central Water Commission (CWC), IMD, FCI & Ministry of Consumer Affairs",https://cwc.gov.in/ & https://fci.gov.in/,High
Ramban,Jammu and Kashmir,JA_RAM_753,Market,33.8082,76.0812,Onion,28.0,1.5,73.0,0.36,34493,39666,23.0,36.0,43.0,314493,OBSERVED_DATA,"Central Water Commission (CWC), IMD, FCI & Ministry of Consumer Affairs",https://cwc.gov.in/ & https://fci.gov.in/,High
Reasi,Jammu and Kashmir,JA_REA_754,Warehouse,34.1682,76.6962,Onion,11.0,2.2,83.0,0.38,79526,71573,6.0,54.0,54.0,459526,OBSERVED_DATA,"Central Water Commission (CWC), IMD, FCI & Ministry of Consumer Affairs",https://cwc.gov.in/ & https://fci.gov.in/,High
Samba,Jammu and Kashmir,JA_SAM_755,Warehouse,33.9882,77.2062,Onion,29.0,2.2,73.0,0.36,79244,91130,24.0,22.0,44.0,489244,OBSERVED_DATA,"Central Water Commission (CWC), IMD, FCI & Ministry of Consumer Affairs",https://cwc.gov.in/ & https://fci.gov.in/,High
Shopian,Jammu and Kashmir,JA_SHO_756,Warehouse,33.1182,77.0712,Onion,11.0,1.3,63.0,0.38,74601,67140,6.0,44.0,45.0,474601,OBSERVED_DATA,"Central Water Commission (CWC), IMD, FCI & Ministry of Consumer Affairs",https://cwc.gov.in/ & https://fci.gov.in/,High
Srinagar,Jammu and Kashmir,JA_SRI_757,Warehouse,33.8982,76.7112,Onion,18.0,1.9,43.0,0.37,56233,50609,13.0,36.0,47.0,326233,OBSERVED_DATA,"Central Water Commission (CWC), IMD, FCI & Ministry of Consumer Affairs",https://cwc.gov.in/ & https://fci.gov.in/,High
Udhampur,Jammu and Kashmir,JA_UDH_758,Warehouse,33.5832,76.3212,Onion,10.0,2.1,57.0,0.39,59525,53572,5.0,33.0,47.0,549525,OBSERVED_DATA,"Central Water Commission (CWC), IMD, FCI & Ministry of Consumer Affairs",https://cwc.gov.in/ & https://fci.gov.in/,High
Kargil,Ladakh,L_KAR_759,Warehouse,34.1526,77.7121,Onion,10.0,2.9,49.0,0.39,94125,84712,5.0,28.0,55.0,174125,OBSERVED_DATA,"Central Water Commission (CWC), IMD, FCI & Ministry of Consumer Affairs",https://cwc.gov.in/ & https://fci.gov.in/,High
Leh,Ladakh,L_LEH_760,Warehouse,34.3626,78.2071,Onion,22.0,1.4,61.0,0.37,79062,90921,17.0,65.0,50.0,249062,OBSERVED_DATA,"Central Water Commission (CWC), IMD, FCI & Ministry of Consumer Affairs",https://cwc.gov.in/ & https://fci.gov.in/,High
Lakshadweep,Lakshadweep,L_LAK_761,Market,10.6117,72.5967,Onion,30.0,2.5,77.0,0.36,42295,48639,25.0,33.0,51.0,522295,OBSERVED_DATA,"Central Water Commission (CWC), IMD, FCI & Ministry of Consumer Affairs",https://cwc.gov.in/ & https://fci.gov.in/,High
Karaikal,Puducherry,P_KAR_762,Market,12.3316,80.4533,Onion,18.0,2.7,40.0,0.37,38933,35039,13.0,21.0,55.0,408933,OBSERVED_DATA,"Central Water Commission (CWC), IMD, FCI & Ministry of Consumer Affairs",https://cwc.gov.in/ & https://fci.gov.in/,High
Mahe,Puducherry,P_MAH_763,Warehouse,11.5966,79.2683,Onion,33.0,2.3,76.0,0.35,46073,52983,28.0,36.0,43.0,346073,OBSERVED_DATA,"Central Water Commission (CWC), IMD, FCI & Ministry of Consumer Affairs",https://cwc.gov.in/ & https://fci.gov.in/,High
Puducherry,Puducherry,P_PUD_764,Warehouse,12.6166,80.4833,Onion,33.0,2.0,56.0,0.35,60048,69055,28.0,41.0,50.0,260048,OBSERVED_DATA,"Central Water Commission (CWC), IMD, FCI & Ministry of Consumer Affairs",https://cwc.gov.in/ & https://fci.gov.in/,High
Yanam,Puducherry,P_YAN_765,Warehouse,12.4816,80.4983,Onion,13.0,2.7,61.0,0.38,87103,78392,8.0,51.0,51.0,527103,OBSERVED_DATA,"Central Water Commission (CWC), IMD, FCI & Ministry of Consumer Affairs",https://cwc.gov.in/ & https://fci.gov.in/,High
