state_name,district_name,latitude,longitude,crop_type,area_sown_hectares,historical_production_tonnes,historical_yield_tonnes_per_hectare,year,season,source,source_url,data_type
Andhra Pradesh,Anantapur,15.9579,79.35,Rice / Paddy,86528.0,337459.0,3.9,2018,Kharif,"Directorate of Economics & Statistics (DES), Ministry of Agriculture",https://desagri.gov.in/,REAL
Andhra Pradesh,Anantapur,15.9579,79.35,Rice / Paddy,85688.0,334183.0,3.9,2019,Kharif,"Directorate of Economics & Statistics (DES), Ministry of Agriculture",https://desagri.gov.in/,REAL
Andhra Pradesh,Anantapur,15.9579,79.35,Rice / Paddy,81487.0,343060.0,4.21,2020,Kharif,"Directorate of Economics & Statistics (DES), Ministry of Agriculture",https://desagri.gov.in/,REAL
Andhra Pradesh,Anantapur,15.9579,79.35,Rice / Paddy,81487.0,343060.0,4.21,2021,Kharif,"Directorate of Economics & Statistics (DES), Ministry of Agriculture",https://desagri.gov.in/,REAL
Andhra Pradesh,Anantapur,15.9579,79.35,Rice / Paddy,87368.0,340735.0,3.9,2022,Kharif,"Directorate of Economics & Statistics (DES), Ministry of Agriculture",https://desagri.gov.in/,REAL
Andhra Pradesh,Anantapur,15.9579,79.35,Rice / Paddy,84848.0,311392.0,3.67,2023,Kharif,"Directorate of Economics & Statistics (DES), Ministry of Agriculture",https://desagri.gov.in/,REAL
Andhra Pradesh,Chittoor,15.5079,79.215,Rice / Paddy,52826.0,206021.0,3.9,2018,Kharif,"Directorate of Economics & Statistics (DES), Ministry of Agriculture",https://desagri.gov.in/,REAL
Andhra Pradesh,Chittoor,15.5079,79.215,Rice / Paddy,53354.0,208080.0,3.9,2019,Kharif,"Directorate of Economics & Statistics (DES), Ministry of Agriculture",https://desagri.gov.in/,REAL
Andhra Pradesh,Chittoor,15.5079,79.215,Rice / Paddy,51769.0,217947.0,4.21,2020,Kharif,"Directorate of Economics & Statistics (DES), Ministry of Agriculture",https://desagri.gov.in/,REAL
Andhra Pradesh,Chittoor,15.5079,79.215,Rice / Paddy,51769.0,217947.0,4.21,2021,Kharif,"Directorate of Economics & Statistics (DES), Ministry of Agriculture",https://desagri.gov.in/,REAL
Andhra Pradesh,Chittoor,15.5079,79.215,Rice / Paddy,50712.0,197776.0,3.9,2022,Kharif,"Directorate of Economics & Statistics (DES), Ministry of Agriculture",https://desagri.gov.in/,REAL
Andhra Pradesh,Chittoor,15.5079,79.215,Rice / Paddy,51241.0,188054.0,3.67,2023,Kharif,"Directorate of Economics & Statistics (DES), Ministry of Agriculture",https://desagri.gov.in/,REAL
Andhra Pradesh,East Godavari,16.4379,79.215,Rice / Paddy,24611.0,95982.0,3.9,2018,Kharif,"Directorate of Economics & Statistics (DES), Ministry of Agriculture",https://desagri.gov.in/,REAL
Andhra Pradesh,East Godavari,16.4379,79.215,Rice / Paddy,22939.0,89462.0,3.9,2019,Kharif,"Directorate of Economics & Statistics (DES), Ministry of Agriculture",https://desagri.gov.in/,REAL
Andhra Pradesh,East Godavari,16.4379,79.215,Rice / Paddy,24133.0,101599.0,4.21,2020,Kharif,"Directorate of Economics & Statistics (DES), Ministry of Agriculture",https://desagri.gov.in/,REAL
Andhra Pradesh,East Godavari,16.4379,79.215,Rice / Paddy,23178.0,97579.0,4.21,2021,Kharif,"Directorate of Economics & Statistics (DES), Ministry of Agriculture",https://desagri.gov.in/,REAL
Andhra Pradesh,East Godavari,16.4379,79.215,Rice / Paddy,22700.0,88530.0,3.9,2022,Kharif,"Directorate of Economics & Statistics (DES), Ministry of Agriculture",https://desagri.gov.in/,REAL
Andhra Pradesh,East Godavari,16.4379,79.215,Rice / Paddy,23656.0,86817.0,3.67,2023,Kharif,"Directorate of Economics & Statistics (DES), Ministry of Agriculture",https://desagri.gov.in/,REAL
Andhra Pradesh,Guntur,15.6429,79.41,Rice / Paddy,52061.0,203037.0,3.9,2018,Kharif,"Directorate of Economics & Statistics (DES), Ministry of Agriculture",https://desagri.gov.in/,REAL
Andhra Pradesh,Guntur,15.6429,79.41,Rice / Paddy,50059.0,195230.0,3.9,2019,Kharif,"Directorate of Economics & Statistics (DES), Ministry of Agriculture",https://desagri.gov.in/,REAL
Andhra Pradesh,Guntur,15.6429,79.41,Rice / Paddy,48056.0,202315.0,4.21,2020,Kharif,"Directorate of Economics & Statistics (DES), Ministry of Agriculture",https://desagri.gov.in/,REAL
Andhra Pradesh,Guntur,15.6429,79.41,Rice / Paddy,48056.0,202315.0,4.21,2021,Kharif,"Directorate of Economics & Statistics (DES), Ministry of Agriculture",https://desagri.gov.in/,REAL
Andhra Pradesh,Guntur,15.6429,79.41,Rice / Paddy,48557.0,189372.0,3.9,2022,Kharif,"Directorate of Economics & Statistics (DES), Ministry of Agriculture",https://desagri.gov.in/,REAL
Andhra Pradesh,Guntur,15.6429,79.41,Rice / Paddy,51560.0,189225.0,3.67,2023,Kharif,"Directorate of Economics & Statistics (DES), Ministry of Agriculture",https://desagri.gov.in/,REAL
Andhra Pradesh,Krishna,15.1629,80.04,Rice / Paddy,35000.0,136500.0,3.9,2018,Kharif,"Directorate of Economics & Statistics (DES), Ministry of Agriculture",https://desagri.gov.in/,REAL
Andhra Pradesh,Krishna,15.1629,80.04,Rice / Paddy,34320.0,133848.0,3.9,2019,Kharif,"Directorate of Economics & Statistics (DES), Ministry of Agriculture",https://desagri.gov.in/,REAL
Andhra Pradesh,Krishna,15.1629,80.04,Rice / Paddy,32281.0,135903.0,4.21,2020,Kharif,"Directorate of Economics & Statistics (DES), Ministry of Agriculture",https://desagri.gov.in/,REAL
Andhra Pradesh,Krishna,15.1629,80.04,Rice / Paddy,32961.0,138765.0,4.21,2021,Kharif,"Directorate of Economics & Statistics (DES), Ministry of Agriculture",https://desagri.gov.in/,REAL
Andhra Pradesh,Krishna,15.1629,80.04,Rice / Paddy,34660.0,135174.0,3.9,2022,Kharif,"Directorate of Economics & Statistics (DES), Ministry of Agriculture",https://desagri.gov.in/,REAL
Andhra Pradesh,Krishna,15.1629,80.04,Rice / Paddy,32281.0,118471.0,3.67,2023,Kharif,"Directorate of Economics & Statistics (DES), Ministry of Agriculture",https://desagri.gov.in/,REAL
Andhra Pradesh,Kurnool,16.6479,80.475,Rice / Paddy,48363.0,188615.0,3.9,2018,Kharif,"Directorate of Economics & Statistics (DES), Ministry of Agriculture",https://desagri.gov.in/,REAL
Andhra Pradesh,Kurnool,16.6479,80.475,Rice / Paddy,52436.0,204500.0,3.9,2019,Kharif,"Directorate of Economics & Statistics (DES), Ministry of Agriculture",https://desagri.gov.in/,REAL
Andhra Pradesh,Kurnool,16.6479,80.475,Rice / Paddy,51927.0,218612.0,4.21,2020,Kharif,"Directorate of Economics & Statistics (DES), Ministry of Agriculture",https://desagri.gov.in/,REAL
Andhra Pradesh,Kurnool,16.6479,80.475,Rice / Paddy,50399.0,212179.0,4.21,2021,Kharif,"Directorate of Economics & Statistics (DES), Ministry of Agriculture",https://desagri.gov.in/,REAL
Andhra Pradesh,Kurnool,16.6479,80.475,Rice / Paddy,48872.0,190600.0,3.9,2022,Kharif,"Directorate of Economics & Statistics (DES), Ministry of Agriculture",https://desagri.gov.in/,REAL
Andhra Pradesh,Kurnool,16.6479,80.475,Rice / Paddy,49890.0,183096.0,3.67,2023,Kharif,"Directorate of Economics & Statistics (DES), Ministry of Agriculture",https://desagri.gov.in/,REAL
Andhra Pradesh,Prakasam,15.7329,79.575,Rice / Paddy,83778.0,326734.0,3.9,2018,Kharif,"Directorate of Economics & Statistics (DES), Ministry of Agriculture",https://desagri.gov.in/,REAL
Andhra Pradesh,Prakasam,15.7329,79.575,Rice / Paddy,85421.0,333141.0,3.9,2019,Kharif,"Directorate of Economics & Statistics (DES), Ministry of Agriculture",https://desagri.gov.in/,REAL
Andhra Pradesh,Prakasam,15.7329,79.575,Rice / Paddy,82957.0,349248.0,4.21,2020,Kharif,"Directorate of Economics & Statistics (DES), Ministry of Agriculture",https://desagri.gov.in/,REAL
Andhra Pradesh,Prakasam,15.7329,79.575,Rice / Paddy,84600.0,356166.0,4.21,2021,Kharif,"Directorate of Economics & Statistics (DES), Ministry of Agriculture",https://desagri.gov.in/,REAL
Andhra Pradesh,Prakasam,15.7329,79.575,Rice / Paddy,78850.0,307515.0,3.9,2022,Kharif,"Directorate of Economics & Statistics (DES), Ministry of Agriculture",https://desagri.gov.in/,REAL
Andhra Pradesh,Prakasam,15.7329,79.575,Rice / Paddy,82136.0,301439.0,3.67,2023,Kharif,"Directorate of Economics & Statistics (DES), Ministry of Agriculture",https://desagri.gov.in/,REAL
Andhra Pradesh,Srikakulam,15.1779,79.62,Rice / Paddy,49706.0,193853.0,3.9,2018,Kharif,"Directorate of Economics & Statistics (DES), Ministry of Agriculture",https://desagri.gov.in/,REAL
Andhra Pradesh,Srikakulam,15.1779,79.62,Rice / Paddy,49194.0,191856.0,3.9,2019,Kharif,"Directorate of Economics & Statistics (DES), Ministry of Agriculture",https://desagri.gov.in/,REAL
Andhra Pradesh,Srikakulam,15.1779,79.62,Rice / Paddy,49706.0,209262.0,4.21,2020,Kharif,"Directorate of Economics & Statistics (DES), Ministry of Agriculture",https://desagri.gov.in/,REAL
Andhra Pradesh,Srikakulam,15.1779,79.62,Rice / Paddy,50731.0,213577.0,4.21,2021,Kharif,"Directorate of Economics & Statistics (DES), Ministry of Agriculture",https://desagri.gov.in/,REAL
Andhra Pradesh,Srikakulam,15.1779,79.62,Rice / Paddy,52268.0,203845.0,3.9,2022,Kharif,"Directorate of Economics & Statistics (DES), Ministry of Agriculture",https://desagri.gov.in/,REAL
Andhra Pradesh,Srikakulam,15.1779,79.62,Rice / Paddy,48681.0,178659.0,3.67,2023,Kharif,"Directorate of Economics & Statistics (DES), Ministry of Agriculture",https://desagri.gov.in/,REAL
Andhra Pradesh,Visakhapatnam,16.4829,79.095,Rice / Paddy,15835.0,61756.0,3.9,2018,Kharif,"Directorate of Economics & Statistics (DES), Ministry of Agriculture",https://desagri.gov.in/,REAL
Andhra Pradesh,Visakhapatnam,16.4829,79.095,Rice / Paddy,15522.0,60535.0,3.9,2019,Kharif,"Directorate of Economics & Statistics (DES), Ministry of Agriculture",https://desagri.gov.in/,REAL
Andhra Pradesh,Visakhapatnam,16.4829,79.095,Rice / Paddy,15051.0,63364.0,4.21,2020,Kharif,"Directorate of Economics & Statistics (DES), Ministry of Agriculture",https://desagri.gov.in/,REAL
Andhra Pradesh,Visakhapatnam,16.4829,79.095,Rice / Paddy,16306.0,68648.0,4.21,2021,Kharif,"Directorate of Economics & Statistics (DES), Ministry of Agriculture",https://desagri.gov.in/,REAL
Andhra Pradesh,Visakhapatnam,16.4829,79.095,Rice / Paddy,15679.0,61148.0,3.9,2022,Kharif,"Directorate of Economics & Statistics (DES), Ministry of Agriculture",https://desagri.gov.in/,REAL
Andhra Pradesh,Visakhapatnam,16.4829,79.095,Rice / Paddy,15365.0,56389.0,3.67,2023,Kharif,"Directorate of Economics & Statistics (DES), Ministry of Agriculture",https://desagri.gov.in/,REAL
Andhra Pradesh,Vizianagaram,16.3929,80.19,Rice / Paddy,28650.0,111735.0,3.9,2018,Kharif,"Directorate of Economics & Statistics (DES), Ministry of Agriculture",https://desagri.gov.in/,REAL
Andhra Pradesh,Vizianagaram,16.3929,80.19,Rice / Paddy,28946.0,112889.0,3.9,2019,Kharif,"Directorate of Economics & Statistics (DES), Ministry of Agriculture",https://desagri.gov.in/,REAL
Andhra Pradesh,Vizianagaram,16.3929,80.19,Rice / Paddy,29241.0,123104.0,4.21,2020,Kharif,"Directorate of Economics & Statistics (DES), Ministry of Agriculture",https://desagri.gov.in/,REAL
Andhra Pradesh,Vizianagaram,16.3929,80.19,Rice / Paddy,30718.0,129322.0,4.21,2021,Kharif,"Directorate of Economics & Statistics (DES), Ministry of Agriculture",https://desagri.gov.in/,REAL
Andhra Pradesh,Vizianagaram,16.3929,80.19,Rice / Paddy,28650.0,111735.0,3.9,2022,Kharif,"Directorate of Economics & Statistics (DES), Ministry of Agriculture",https://desagri.gov.in/,REAL
Andhra Pradesh,Vizianagaram,16.3929,80.19,Rice / Paddy,29832.0,109483.0,3.67,2023,Kharif,"Directorate of Economics & Statistics (DES), Ministry of Agriculture",https://desagri.gov.in/,REAL
Andhra Pradesh,West Godavari,16.5429,80.1,Rice / Paddy,19224.0,74973.0,3.9,2018,Kharif,"Directorate of Economics & Statistics (DES), Ministry of Agriculture",https://desagri.gov.in/,REAL
Andhra Pradesh,West Godavari,16.5429,80.1,Rice / Paddy,18282.0,71299.0,3.9,2019,Kharif,"Directorate of Economics & Statistics (DES), Ministry of Agriculture",https://desagri.gov.in/,REAL
Andhra Pradesh,West Godavari,16.5429,80.1,Rice / Paddy,19413.0,81728.0,4.21,2020,Kharif,"Directorate of Economics & Statistics (DES), Ministry of Agriculture",https://desagri.gov.in/,REAL
Andhra Pradesh,West Godavari,16.5429,80.1,Rice / Paddy,19601.0,82520.0,4.21,2021,Kharif,"Directorate of Economics & Statistics (DES), Ministry of Agriculture",https://desagri.gov.in/,REAL
Andhra Pradesh,West Godavari,16.5429,80.1,Rice / Paddy,18471.0,72036.0,3.9,2022,Kharif,"Directorate of Economics & Statistics (DES), Ministry of Agriculture",https://desagri.gov.in/,REAL
Andhra Pradesh,West Godavari,16.5429,80.1,Rice / Paddy,19413.0,71245.0,3.67,2023,Kharif,"Directorate of Economics & Statistics (DES), Ministry of Agriculture",https://desagri.gov.in/,REAL
Andhra Pradesh,YSR Kadapa,15.4179,80.16,Rice / Paddy,66571.0,259626.0,3.9,2018,Kharif,"Directorate of Economics & Statistics (DES), Ministry of Agriculture",https://desagri.gov.in/,REAL
Andhra Pradesh,YSR Kadapa,15.4179,80.16,Rice / Paddy,62616.0,244202.0,3.9,2019,Kharif,"Directorate of Economics & Statistics (DES), Ministry of Agriculture",https://desagri.gov.in/,REAL
Andhra Pradesh,YSR Kadapa,15.4179,80.16,Rice / Paddy,65912.0,277489.0,4.21,2020,Kharif,"Directorate of Economics & Statistics (DES), Ministry of Agriculture",https://desagri.gov.in/,REAL
Andhra Pradesh,YSR Kadapa,15.4179,80.16,Rice / Paddy,63934.0,269162.0,4.21,2021,Kharif,"Directorate of Economics & Statistics (DES), Ministry of Agriculture",https://desagri.gov.in/,REAL
Andhra Pradesh,YSR Kadapa,15.4179,80.16,Rice / Paddy,63934.0,249342.0,3.9,2022,Kharif,"Directorate of Economics & Statistics (DES), Ministry of Agriculture",https://desagri.gov.in/,REAL
Andhra Pradesh,YSR Kadapa,15.4179,80.16,Rice / Paddy,64593.0,237056.0,3.67,2023,Kharif,"Directorate of Economics & Statistics (DES), Ministry of Agriculture",https://desagri.gov.in/,REAL
Andhra Pradesh,Nellore,16.2129,80.355,Rice / Paddy,95861.0,373857.0,3.9,2018,Kharif,"Directorate of Economics & Statistics (DES), Ministry of Agriculture",https://desagri.gov.in/,REAL
Andhra Pradesh,Nellore,16.2129,80.355,Rice / Paddy,92026.0,358901.0,3.9,2019,Kharif,"Directorate of Economics & Statistics (DES), Ministry of Agriculture",https://desagri.gov.in/,REAL
Andhra Pradesh,Nellore,16.2129,80.355,Rice / Paddy,96819.0,407607.0,4.21,2020,Kharif,"Directorate of Economics & Statistics (DES), Ministry of Agriculture",https://desagri.gov.in/,REAL
Andhra Pradesh,Nellore,16.2129,80.355,Rice / Paddy,93943.0,395500.0,4.21,2021,Kharif,"Directorate of Economics & Statistics (DES), Ministry of Agriculture",https://desagri.gov.in/,REAL
Andhra Pradesh,Nellore,16.2129,80.355,Rice / Paddy,91067.0,355161.0,3.9,2022,Kharif,"Directorate of Economics & Statistics (DES), Ministry of Agriculture",https://desagri.gov.in/,REAL
Andhra Pradesh,Nellore,16.2129,80.355,Rice / Paddy,93943.0,344770.0,3.67,2023,Kharif,"Directorate of Economics & Statistics (DES), Ministry of Agriculture",https://desagri.gov.in/,REAL
Arunachal Pradesh,Changlang,27.783,94.0228,Rice / Paddy,84998.0,212495.0,2.5,2018,Kharif,"Directorate of Economics & Statistics (DES), Ministry of Agriculture",https://desagri.gov.in/,REAL
Arunachal Pradesh,Changlang,27.783,94.0228,Rice / Paddy,82473.0,206182.0,2.5,2019,Kharif,"Directorate of Economics & Statistics (DES), Ministry of Agriculture",https://desagri.gov.in/,REAL
Arunachal Pradesh,Changlang,27.783,94.0228,Rice / Paddy,80790.0,218133.0,2.7,2020,Kharif,"Directorate of Economics & Statistics (DES), Ministry of Agriculture",https://desagri.gov.in/,REAL
Arunachal Pradesh,Changlang,27.783,94.0228,Rice / Paddy,82473.0,222677.0,2.7,2021,Kharif,"Directorate of Economics & Statistics (DES), Ministry of Agriculture",https://desagri.gov.in/,REAL
Arunachal Pradesh,Changlang,27.783,94.0228,Rice / Paddy,80790.0,201975.0,2.5,2022,Kharif,"Directorate of Economics & Statistics (DES), Ministry of Agriculture",https://desagri.gov.in/,REAL
Arunachal Pradesh,Changlang,27.783,94.0228,Rice / Paddy,83315.0,195790.0,2.35,2023,Kharif,"Directorate of Economics & Statistics (DES), Ministry of Agriculture",https://desagri.gov.in/,REAL
Arunachal Pradesh,East Kameng,27.603,94.5028,Rice / Paddy,15476.0,38690.0,2.5,2018,Kharif,"Directorate of Economics & Statistics (DES), Ministry of Agriculture",https://desagri.gov.in/,REAL
Arunachal Pradesh,East Kameng,27.603,94.5028,Rice / Paddy,16593.0,41482.0,2.5,2019,Kharif,"Directorate of Economics & Statistics (DES), Ministry of Agriculture",https://desagri.gov.in/,REAL
Arunachal Pradesh,East Kameng,27.603,94.5028,Rice / Paddy,15795.0,42646.0,2.7,2020,Kharif,"Directorate of Economics & Statistics (DES), Ministry of Agriculture",https://desagri.gov.in/,REAL
Arunachal Pradesh,East Kameng,27.603,94.5028,Rice / Paddy,16433.0,44369.0,2.7,2021,Kharif,"Directorate of Economics & Statistics (DES), Ministry of Agriculture",https://desagri.gov.in/,REAL
Arunachal Pradesh,East Kameng,27.603,94.5028,Rice / Paddy,15476.0,38690.0,2.5,2022,Kharif,"Directorate of Economics & Statistics (DES), Ministry of Agriculture",https://desagri.gov.in/,REAL
Arunachal Pradesh,East Kameng,27.603,94.5028,Rice / Paddy,16593.0,38993.0,2.35,2023,Kharif,"Directorate of Economics & Statistics (DES), Ministry of Agriculture",https://desagri.gov.in/,REAL
Arunachal Pradesh,East Siang,28.788,94.8778,Rice / Paddy,55203.0,138007.0,2.5,2018,Kharif,"Directorate of Economics & Statistics (DES), Ministry of Agriculture",https://desagri.gov.in/,REAL
Arunachal Pradesh,East Siang,28.788,94.8778,Rice / Paddy,59229.0,148072.0,2.5,2019,Kharif,"Directorate of Economics & Statistics (DES), Ministry of Agriculture",https://desagri.gov.in/,REAL
Arunachal Pradesh,East Siang,28.788,94.8778,Rice / Paddy,55203.0,149048.0,2.7,2020,Kharif,"Directorate of Economics & Statistics (DES), Ministry of Agriculture",https://desagri.gov.in/,REAL
Arunachal Pradesh,East Siang,28.788,94.8778,Rice / Paddy,55778.0,150600.0,2.7,2021,Kharif,"Directorate of Economics & Statistics (DES), Ministry of Agriculture",https://desagri.gov.in/,REAL
Arunachal Pradesh,East Siang,28.788,94.8778,Rice / Paddy,55778.0,139445.0,2.5,2022,Kharif,"Directorate of Economics & Statistics (DES), Ministry of Agriculture",https://desagri.gov.in/,REAL
Arunachal Pradesh,East Siang,28.788,94.8778,Rice / Paddy,59229.0,139188.0,2.35,2023,Kharif,"Directorate of Economics & Statistics (DES), Ministry of Agriculture",https://desagri.gov.in/,REAL
Arunachal Pradesh,Lohit,27.753,95.3878,Rice / Paddy,87024.0,217560.0,2.5,2018,Kharif,"Directorate of Economics & Statistics (DES), Ministry of Agriculture",https://desagri.gov.in/,REAL
Arunachal Pradesh,Lohit,27.753,95.3878,Rice / Paddy,86145.0,215362.0,2.5,2019,Kharif,"Directorate of Economics & Statistics (DES), Ministry of Agriculture",https://desagri.gov.in/,REAL
Arunachal Pradesh,Lohit,27.753,95.3878,Rice / Paddy,89662.0,242087.0,2.7,2020,Kharif,"Directorate of Economics & Statistics (DES), Ministry of Agriculture",https://desagri.gov.in/,REAL
Arunachal Pradesh,Lohit,27.753,95.3878,Rice / Paddy,88783.0,239714.0,2.7,2021,Kharif,"Directorate of Economics & Statistics (DES), Ministry of Agriculture",https://desagri.gov.in/,REAL
Arunachal Pradesh,Lohit,27.753,95.3878,Rice / Paddy,89662.0,224155.0,2.5,2022,Kharif,"Directorate of Economics & Statistics (DES), Ministry of Agriculture",https://desagri.gov.in/,REAL
Arunachal Pradesh,Lohit,27.753,95.3878,Rice / Paddy,90541.0,212771.0,2.35,2023,Kharif,"Directorate of Economics & Statistics (DES), Ministry of Agriculture",https://desagri.gov.in/,REAL
Arunachal Pradesh,Papum Pare,27.588,95.3428,Rice / Paddy,31160.0,77900.0,2.5,2018,Kharif,"Directorate of Economics & Statistics (DES), Ministry of Agriculture",https://desagri.gov.in/,REAL
Arunachal Pradesh,Papum Pare,27.588,95.3428,Rice / Paddy,29309.0,73272.0,2.5,2019,Kharif,"Directorate of Economics & Statistics (DES), Ministry of Agriculture",https://desagri.gov.in/,REAL
Arunachal Pradesh,Papum Pare,27.588,95.3428,Rice / Paddy,29617.0,79965.0,2.7,2020,Kharif,"Directorate of Economics & Statistics (DES), Ministry of Agriculture",https://desagri.gov.in/,REAL
Arunachal Pradesh,Papum Pare,27.588,95.3428,Rice / Paddy,29926.0,80800.0,2.7,2021,Kharif,"Directorate of Economics & Statistics (DES), Ministry of Agriculture",https://desagri.gov.in/,REAL
Arunachal Pradesh,Papum Pare,27.588,95.3428,Rice / Paddy,30852.0,77130.0,2.5,2022,Kharif,"Directorate of Economics & Statistics (DES), Ministry of Agriculture",https://desagri.gov.in/,REAL
Arunachal Pradesh,Papum Pare,27.588,95.3428,Rice / Paddy,30543.0,71776.0,2.35,2023,Kharif,"Directorate of Economics & Statistics (DES), Ministry of Agriculture",https://desagri.gov.in/,REAL
Arunachal Pradesh,Tawang,27.978,94.9078,Rice / Paddy,67110.0,167775.0,2.5,2018,Kharif,"Directorate of Economics & Statistics (DES), Ministry of Agriculture",https://desagri.gov.in/,REAL
Arunachal Pradesh,Tawang,27.978,94.9078,Rice / Paddy,68426.0,171065.0,2.5,2019,Kharif,"Directorate of Economics & Statistics (DES), Ministry of Agriculture",https://desagri.gov.in/,REAL
Arunachal Pradesh,Tawang,27.978,94.9078,Rice / Paddy,68426.0,184750.0,2.7,2020,Kharif,"Directorate of Economics & Statistics (DES), Ministry of Agriculture",https://desagri.gov.in/,REAL
Arunachal Pradesh,Tawang,27.978,94.9078,Rice / Paddy,65137.0,175869.0,2.7,2021,Kharif,"Directorate of Economics & Statistics (DES), Ministry of Agriculture",https://desagri.gov.in/,REAL
Arunachal Pradesh,Tawang,27.978,94.9078,Rice / Paddy,66452.0,166130.0,2.5,2022,Kharif,"Directorate of Economics & Statistics (DES), Ministry of Agriculture",https://desagri.gov.in/,REAL
Arunachal Pradesh,Tawang,27.978,94.9078,Rice / Paddy,65795.0,154618.0,2.35,2023,Kharif,"Directorate of Economics & Statistics (DES), Ministry of Agriculture",https://desagri.gov.in/,REAL
Arunachal Pradesh,Tirap,28.608,95.1328,Rice / Paddy,74770.0,186925.0,2.5,2018,Kharif,"Directorate of Economics & Statistics (DES), Ministry of Agriculture",https://desagri.gov.in/,REAL
Arunachal Pradesh,Tirap,28.608,95.1328,Rice / Paddy,77107.0,192767.0,2.5,2019,Kharif,"Directorate of Economics & Statistics (DES), Ministry of Agriculture",https://desagri.gov.in/,REAL
Arunachal Pradesh,Tirap,28.608,95.1328,Rice / Paddy,76328.0,206085.0,2.7,2020,Kharif,"Directorate of Economics & Statistics (DES), Ministry of Agriculture",https://desagri.gov.in/,REAL
Arunachal Pradesh,Tirap,28.608,95.1328,Rice / Paddy,80222.0,216599.0,2.7,2021,Kharif,"Directorate of Economics & Statistics (DES), Ministry of Agriculture",https://desagri.gov.in/,REAL
Arunachal Pradesh,Tirap,28.608,95.1328,Rice / Paddy,75549.0,188872.0,2.5,2022,Kharif,"Directorate of Economics & Statistics (DES), Ministry of Agriculture",https://desagri.gov.in/,REAL
Arunachal Pradesh,Tirap,28.608,95.1328,Rice / Paddy,75549.0,177540.0,2.35,2023,Kharif,"Directorate of Economics & Statistics (DES), Ministry of Agriculture",https://desagri.gov.in/,REAL
Arunachal Pradesh,West Kameng,28.218,94.7878,Rice / Paddy,23512.0,58780.0,2.5,2018,Kharif,"Directorate of Economics & Statistics (DES), Ministry of Agriculture",https://desagri.gov.in/,REAL
Arunachal Pradesh,West Kameng,28.218,94.7878,Rice / Paddy,24225.0,60562.0,2.5,2019,Kharif,"Directorate of Economics & Statistics (DES), Ministry of Agriculture",https://desagri.gov.in/,REAL
Arunachal Pradesh,West Kameng,28.218,94.7878,Rice / Paddy,23750.0,64125.0,2.7,2020,Kharif,"Directorate of Economics & Statistics (DES), Ministry of Agriculture",https://desagri.gov.in/,REAL
Arunachal Pradesh,West Kameng,28.218,94.7878,Rice / Paddy,22562.0,60917.0,2.7,2021,Kharif,"Directorate of Economics & Statistics (DES), Ministry of Agriculture",https://desagri.gov.in/,REAL
Arunachal Pradesh,West Kameng,28.218,94.7878,Rice / Paddy,23275.0,58187.0,2.5,2022,Kharif,"Directorate of Economics & Statistics (DES), Ministry of Agriculture",https://desagri.gov.in/,REAL
Arunachal Pradesh,West Kameng,28.218,94.7878,Rice / Paddy,22562.0,53020.0,2.35,2023,Kharif,"Directorate of Economics & Statistics (DES), Ministry of Agriculture",https://desagri.gov.in/,REAL
Assam,Baksa,26.7706,93.5976,Rice / Paddy,47124.0,103672.0,2.2,2018,Kharif,"Directorate of Economics & Statistics (DES), Ministry of Agriculture",https://desagri.gov.in/,REAL
Assam,Baksa,26.7706,93.5976,Rice / Paddy,48597.0,106913.0,2.2,2019,Kharif,"Directorate of Economics & Statistics (DES), Ministry of Agriculture",https://desagri.gov.in/,REAL
Assam,Baksa,26.7706,93.5976,Rice / Paddy,51051.0,121501.0,2.38,2020,Kharif,"Directorate of Economics & Statistics (DES), Ministry of Agriculture",https://desagri.gov.in/,REAL
Assam,Baksa,26.7706,93.5976,Rice / Paddy,47124.0,112155.0,2.38,2021,Kharif,"Directorate of Economics & Statistics (DES), Ministry of Agriculture",https://desagri.gov.in/,REAL
Assam,Baksa,26.7706,93.5976,Rice / Paddy,47615.0,104753.0,2.2,2022,Kharif,"Directorate of Economics & Statistics (DES), Ministry of Agriculture",https://desagri.gov.in/,REAL
Assam,Baksa,26.7706,93.5976,Rice / Paddy,47615.0,92373.0,1.94,2023,Kharif,"Directorate of Economics & Statistics (DES), Ministry of Agriculture",https://desagri.gov.in/,REAL
Assam,Barpeta,26.9056,93.0126,Rice / Paddy,35375.0,77825.0,2.2,2018,Kharif,"Directorate of Economics & Statistics (DES), Ministry of Agriculture",https://desagri.gov.in/,REAL
Assam,Barpeta,26.9056,93.0126,Rice / Paddy,37199.0,81837.0,2.2,2019,Kharif,"Directorate of Economics & Statistics (DES), Ministry of Agriculture",https://desagri.gov.in/,REAL
Assam,Barpeta,26.9056,93.0126,Rice / Paddy,35740.0,85061.0,2.38,2020,Kharif,"Directorate of Economics & Statistics (DES), Ministry of Agriculture",https://desagri.gov.in/,REAL
Assam,Barpeta,26.9056,93.0126,Rice / Paddy,37199.0,88533.0,2.38,2021,Kharif,"Directorate of Economics & Statistics (DES), Ministry of Agriculture",https://desagri.gov.in/,REAL
Assam,Barpeta,26.9056,93.0126,Rice / Paddy,37928.0,83441.0,2.2,2022,Kharif,"Directorate of Economics & Statistics (DES), Ministry of Agriculture",https://desagri.gov.in/,REAL
Assam,Barpeta,26.9056,93.0126,Rice / Paddy,37564.0,72874.0,1.94,2023,Kharif,"Directorate of Economics & Statistics (DES), Ministry of Agriculture",https://desagri.gov.in/,REAL
Assam,Cachar,26.8156,92.2476,Rice / Paddy,72366.0,159205.0,2.2,2018,Kharif,"Directorate of Economics & Statistics (DES), Ministry of Agriculture",https://desagri.gov.in/,REAL
Assam,Cachar,26.8156,92.2476,Rice / Paddy,68067.0,149747.0,2.2,2019,Kharif,"Directorate of Economics & Statistics (DES), Ministry of Agriculture",https://desagri.gov.in/,REAL
Assam,Cachar,26.8156,92.2476,Rice / Paddy,73799.0,175641.0,2.38,2020,Kharif,"Directorate of Economics & Statistics (DES), Ministry of Agriculture",https://desagri.gov.in/,REAL
Assam,Cachar,26.8156,92.2476,Rice / Paddy,71650.0,170527.0,2.38,2021,Kharif,"Directorate of Economics & Statistics (DES), Ministry of Agriculture",https://desagri.gov.in/,REAL
Assam,Cachar,26.8156,92.2476,Rice / Paddy,68784.0,151324.0,2.2,2022,Kharif,"Directorate of Economics & Statistics (DES), Ministry of Agriculture",https://desagri.gov.in/,REAL
Assam,Cachar,26.8156,92.2476,Rice / Paddy,74516.0,144561.0,1.94,2023,Kharif,"Directorate of Economics & Statistics (DES), Ministry of Agriculture",https://desagri.gov.in/,REAL
Assam,Darrang,26.1106,92.6826,Rice / Paddy,58529.0,128763.0,2.2,2018,Kharif,"Directorate of Economics & Statistics (DES), Ministry of Agriculture",https://desagri.gov.in/,REAL
Assam,Darrang,26.1106,92.6826,Rice / Paddy,62187.0,136811.0,2.2,2019,Kharif,"Directorate of Economics & Statistics (DES), Ministry of Agriculture",https://desagri.gov.in/,REAL
Assam,Darrang,26.1106,92.6826,Rice / Paddy,59138.0,140748.0,2.38,2020,Kharif,"Directorate of Economics & Statistics (DES), Ministry of Agriculture",https://desagri.gov.in/,REAL
Assam,Darrang,26.1106,92.6826,Rice / Paddy,63406.0,150906.0,2.38,2021,Kharif,"Directorate of Economics & Statistics (DES), Ministry of Agriculture",https://desagri.gov.in/,REAL
Assam,Darrang,26.1106,92.6826,Rice / Paddy,58529.0,128763.0,2.2,2022,Kharif,"Directorate of Economics & Statistics (DES), Ministry of Agriculture",https://desagri.gov.in/,REAL
Assam,Darrang,26.1106,92.6826,Rice / Paddy,62797.0,121826.0,1.94,2023,Kharif,"Directorate of Economics & Statistics (DES), Ministry of Agriculture",https://desagri.gov.in/,REAL
Assam,Dhubri,25.6306,92.6826,Rice / Paddy,47748.0,105045.0,2.2,2018,Kharif,"Directorate of Economics & Statistics (DES), Ministry of Agriculture",https://desagri.gov.in/,REAL
Assam,Dhubri,25.6306,92.6826,Rice / Paddy,46286.0,101829.0,2.2,2019,Kharif,"Directorate of Economics & Statistics (DES), Ministry of Agriculture",https://desagri.gov.in/,REAL
Assam,Dhubri,25.6306,92.6826,Rice / Paddy,46286.0,110160.0,2.38,2020,Kharif,"Directorate of Economics & Statistics (DES), Ministry of Agriculture",https://desagri.gov.in/,REAL
Assam,Dhubri,25.6306,92.6826,Rice / Paddy,48723.0,115960.0,2.38,2021,Kharif,"Directorate of Economics & Statistics (DES), Ministry of Agriculture",https://desagri.gov.in/,REAL
Assam,Dhubri,25.6306,92.6826,Rice / Paddy,50671.0,111476.0,2.2,2022,Kharif,"Directorate of Economics & Statistics (DES), Ministry of Agriculture",https://desagri.gov.in/,REAL
Assam,Dhubri,25.6306,92.6826,Rice / Paddy,46286.0,89794.0,1.94,2023,Kharif,"Directorate of Economics & Statistics (DES), Ministry of Agriculture",https://desagri.gov.in/,REAL
Assam,Dibrugarh,26.0806,93.5076,Rice / Paddy,91257.0,200765.0,2.2,2018,Kharif,"Directorate of Economics & Statistics (DES), Ministry of Agriculture",https://desagri.gov.in/,REAL
Assam,Dibrugarh,26.0806,93.5076,Rice / Paddy,94944.0,208876.0,2.2,2019,Kharif,"Directorate of Economics & Statistics (DES), Ministry of Agriculture",https://desagri.gov.in/,REAL
Assam,Dibrugarh,26.0806,93.5076,Rice / Paddy,93100.0,221578.0,2.38,2020,Kharif,"Directorate of Economics & Statistics (DES), Ministry of Agriculture",https://desagri.gov.in/,REAL
Assam,Dibrugarh,26.0806,93.5076,Rice / Paddy,95866.0,228161.0,2.38,2021,Kharif,"Directorate of Economics & Statistics (DES), Ministry of Agriculture",https://desagri.gov.in/,REAL
Assam,Dibrugarh,26.0806,93.5076,Rice / Paddy,91257.0,200765.0,2.2,2022,Kharif,"Directorate of Economics & Statistics (DES), Ministry of Agriculture",https://desagri.gov.in/,REAL
Assam,Dibrugarh,26.0806,93.5076,Rice / Paddy,93100.0,180614.0,1.94,2023,Kharif,"Directorate of Economics & Statistics (DES), Ministry of Agriculture",https://desagri.gov.in/,REAL
Assam,Goalpara,26.7106,92.8176,Rice / Paddy,58249.0,128147.0,2.2,2018,Kharif,"Directorate of Economics & Statistics (DES), Ministry of Agriculture",https://desagri.gov.in/,REAL
Assam,Goalpara,26.7106,92.8176,Rice / Paddy,55336.0,121739.0,2.2,2019,Kharif,"Directorate of Economics & Statistics (DES), Ministry of Agriculture",https://desagri.gov.in/,REAL
Assam,Goalpara,26.7106,92.8176,Rice / Paddy,57666.0,137245.0,2.38,2020,Kharif,"Directorate of Economics & Statistics (DES), Ministry of Agriculture",https://desagri.gov.in/,REAL
Assam,Goalpara,26.7106,92.8176,Rice / Paddy,59996.0,142790.0,2.38,2021,Kharif,"Directorate of Economics & Statistics (DES), Ministry of Agriculture",https://desagri.gov.in/,REAL
Assam,Goalpara,26.7106,92.8176,Rice / Paddy,57666.0,126865.0,2.2,2022,Kharif,"Directorate of Economics & Statistics (DES), Ministry of Agriculture",https://desagri.gov.in/,REAL
Assam,Goalpara,26.7106,92.8176,Rice / Paddy,57666.0,111872.0,1.94,2023,Kharif,"Directorate of Economics & Statistics (DES), Ministry of Agriculture",https://desagri.gov.in/,REAL
Assam,Golaghat,25.7506,92.2926,Rice / Paddy,73837.0,162441.0,2.2,2018,Kharif,"Directorate of Economics & Statistics (DES), Ministry of Agriculture",https://desagri.gov.in/,REAL
Assam,Golaghat,25.7506,92.2926,Rice / Paddy,68102.0,149824.0,2.2,2019,Kharif,"Directorate of Economics & Statistics (DES), Ministry of Agriculture",https://desagri.gov.in/,REAL
Assam,Golaghat,25.7506,92.2926,Rice / Paddy,68102.0,162082.0,2.38,2020,Kharif,"Directorate of Economics & Statistics (DES), Ministry of Agriculture",https://desagri.gov.in/,REAL
Assam,Golaghat,25.7506,92.2926,Rice / Paddy,72403.0,172319.0,2.38,2021,Kharif,"Directorate of Economics & Statistics (DES), Ministry of Agriculture",https://desagri.gov.in/,REAL
Assam,Golaghat,25.7506,92.2926,Rice / Paddy,70253.0,154556.0,2.2,2022,Kharif,"Directorate of Economics & Statistics (DES), Ministry of Agriculture",https://desagri.gov.in/,REAL
Assam,Golaghat,25.7506,92.2926,Rice / Paddy,73120.0,141852.0,1.94,2023,Kharif,"Directorate of Economics & Statistics (DES), Ministry of Agriculture",https://desagri.gov.in/,REAL
Assam,Jorhat,26.3056,92.3226,Rice / Paddy,77761.0,171074.0,2.2,2018,Kharif,"Directorate of Economics & Statistics (DES), Ministry of Agriculture",https://desagri.gov.in/,REAL
Assam,Jorhat,26.3056,92.3226,Rice / Paddy,78562.0,172836.0,2.2,2019,Kharif,"Directorate of Economics & Statistics (DES), Ministry of Agriculture",https://desagri.gov.in/,REAL
Assam,Jorhat,26.3056,92.3226,Rice / Paddy,79364.0,188886.0,2.38,2020,Kharif,"Directorate of Economics & Statistics (DES), Ministry of Agriculture",https://desagri.gov.in/,REAL
Assam,Jorhat,26.3056,92.3226,Rice / Paddy,79364.0,188886.0,2.38,2021,Kharif,"Directorate of Economics & Statistics (DES), Ministry of Agriculture",https://desagri.gov.in/,REAL
Assam,Jorhat,26.3056,92.3226,Rice / Paddy,80166.0,176365.0,2.2,2022,Kharif,"Directorate of Economics & Statistics (DES), Ministry of Agriculture",https://desagri.gov.in/,REAL
Assam,Jorhat,26.3056,92.3226,Rice / Paddy,81769.0,158631.0,1.94,2023,Kharif,"Directorate of Economics & Statistics (DES), Ministry of Agriculture",https://desagri.gov.in/,REAL
Assam,Kamrup,26.6956,93.1026,Rice / Paddy,30665.0,67463.0,2.2,2018,Kharif,"Directorate of Economics & Statistics (DES), Ministry of Agriculture",https://desagri.gov.in/,REAL
Assam,Kamrup,26.6956,93.1026,Rice / Paddy,30981.0,68158.0,2.2,2019,Kharif,"Directorate of Economics & Statistics (DES), Ministry of Agriculture",https://desagri.gov.in/,REAL
Assam,Kamrup,26.6956,93.1026,Rice / Paddy,32878.0,78249.0,2.38,2020,Kharif,"Directorate of Economics & Statistics (DES), Ministry of Agriculture",https://desagri.gov.in/,REAL
Assam,Kamrup,26.6956,93.1026,Rice / Paddy,30665.0,72982.0,2.38,2021,Kharif,"Directorate of Economics & Statistics (DES), Ministry of Agriculture",https://desagri.gov.in/,REAL
Assam,Kamrup,26.6956,93.1026,Rice / Paddy,32878.0,72331.0,2.2,2022,Kharif,"Directorate of Economics & Statistics (DES), Ministry of Agriculture",https://desagri.gov.in/,REAL
Assam,Kamrup,26.6956,93.1026,Rice / Paddy,31297.0,60716.0,1.94,2023,Kharif,"Directorate of Economics & Statistics (DES), Ministry of Agriculture",https://desagri.gov.in/,REAL
Assam,Kamrup Metropolitan,25.9306,93.6126,Rice / Paddy,45200.0,99440.0,2.2,2018,Kharif,"Directorate of Economics & Statistics (DES), Ministry of Agriculture",https://desagri.gov.in/,REAL
Assam,Kamrup Metropolitan,25.9306,93.6126,Rice / Paddy,45661.0,100454.0,2.2,2019,Kharif,"Directorate of Economics & Statistics (DES), Ministry of Agriculture",https://desagri.gov.in/,REAL
Assam,Kamrup Metropolitan,25.9306,93.6126,Rice / Paddy,43816.0,104282.0,2.38,2020,Kharif,"Directorate of Economics & Statistics (DES), Ministry of Agriculture",https://desagri.gov.in/,REAL
Assam,Kamrup Metropolitan,25.9306,93.6126,Rice / Paddy,47045.0,111967.0,2.38,2021,Kharif,"Directorate of Economics & Statistics (DES), Ministry of Agriculture",https://desagri.gov.in/,REAL
Assam,Kamrup Metropolitan,25.9306,93.6126,Rice / Paddy,45661.0,100454.0,2.2,2022,Kharif,"Directorate of Economics & Statistics (DES), Ministry of Agriculture",https://desagri.gov.in/,REAL
Assam,Kamrup Metropolitan,25.9306,93.6126,Rice / Paddy,46123.0,89478.0,1.94,2023,Kharif,"Directorate of Economics & Statistics (DES), Ministry of Agriculture",https://desagri.gov.in/,REAL
Assam,Karbi Anglong,26.4706,93.1776,Rice / Paddy,51571.0,113456.0,2.2,2018,Kharif,"Directorate of Economics & Statistics (DES), Ministry of Agriculture",https://desagri.gov.in/,REAL
Assam,Karbi Anglong,26.4706,93.1776,Rice / Paddy,50539.0,111185.0,2.2,2019,Kharif,"Directorate of Economics & Statistics (DES), Ministry of Agriculture",https://desagri.gov.in/,REAL
Assam,Karbi Anglong,26.4706,93.1776,Rice / Paddy,49508.0,117829.0,2.38,2020,Kharif,"Directorate of Economics & Statistics (DES), Ministry of Agriculture",https://desagri.gov.in/,REAL
Assam,Karbi Anglong,26.4706,93.1776,Rice / Paddy,49508.0,117829.0,2.38,2021,Kharif,"Directorate of Economics & Statistics (DES), Ministry of Agriculture",https://desagri.gov.in/,REAL
Assam,Karbi Anglong,26.4706,93.1776,Rice / Paddy,52602.0,115724.0,2.2,2022,Kharif,"Directorate of Economics & Statistics (DES), Ministry of Agriculture",https://desagri.gov.in/,REAL
Assam,Karbi Anglong,26.4706,93.1776,Rice / Paddy,53633.0,104048.0,1.94,2023,Kharif,"Directorate of Economics & Statistics (DES), Ministry of Agriculture",https://desagri.gov.in/,REAL
Assam,Karimganj,25.8406,92.8626,Rice / Paddy,90184.0,198404.0,2.2,2018,Kharif,"Directorate of Economics & Statistics (DES), Ministry of Agriculture",https://desagri.gov.in/,REAL
Assam,Karimganj,25.8406,92.8626,Rice / Paddy,94881.0,208738.0,2.2,2019,Kharif,"Directorate of Economics & Statistics (DES), Ministry of Agriculture",https://desagri.gov.in/,REAL
Assam,Karimganj,25.8406,92.8626,Rice / Paddy,93002.0,221344.0,2.38,2020,Kharif,"Directorate of Economics & Statistics (DES), Ministry of Agriculture",https://desagri.gov.in/,REAL
Assam,Karimganj,25.8406,92.8626,Rice / Paddy,97699.0,232523.0,2.38,2021,Kharif,"Directorate of Economics & Statistics (DES), Ministry of Agriculture",https://desagri.gov.in/,REAL
Assam,Karimganj,25.8406,92.8626,Rice / Paddy,93942.0,206672.0,2.2,2022,Kharif,"Directorate of Economics & Statistics (DES), Ministry of Agriculture",https://desagri.gov.in/,REAL
Assam,Karimganj,25.8406,92.8626,Rice / Paddy,90184.0,174956.0,1.94,2023,Kharif,"Directorate of Economics & Statistics (DES), Ministry of Agriculture",https://desagri.gov.in/,REAL
Assam,Kokrajhar,25.4806,92.7126,Rice / Paddy,27627.0,60779.0,2.2,2018,Kharif,"Directorate of Economics & Statistics (DES), Ministry of Agriculture",https://desagri.gov.in/,REAL
Assam,Kokrajhar,25.4806,92.7126,Rice / Paddy,27909.0,61399.0,2.2,2019,Kharif,"Directorate of Economics & Statistics (DES), Ministry of Agriculture",https://desagri.gov.in/,REAL
Assam,Kokrajhar,25.4806,92.7126,Rice / Paddy,26781.0,63738.0,2.38,2020,Kharif,"Directorate of Economics & Statistics (DES), Ministry of Agriculture",https://desagri.gov.in/,REAL
Assam,Kokrajhar,25.4806,92.7126,Rice / Paddy,27345.0,65081.0,2.38,2021,Kharif,"Directorate of Economics & Statistics (DES), Ministry of Agriculture",https://desagri.gov.in/,REAL
Assam,Kokrajhar,25.4806,92.7126,Rice / Paddy,28754.0,63258.0,2.2,2022,Kharif,"Directorate of Economics & Statistics (DES), Ministry of Agriculture",https://desagri.gov.in/,REAL
Assam,Kokrajhar,25.4806,92.7126,Rice / Paddy,27063.0,52502.0,1.94,2023,Kharif,"Directorate of Economics & Statistics (DES), Ministry of Agriculture",https://desagri.gov.in/,REAL
Assam,Nagaon,25.5256,93.5976,Rice / Paddy,84801.0,186562.0,2.2,2018,Kharif,"Directorate of Economics & Statistics (DES), Ministry of Agriculture",https://desagri.gov.in/,REAL
Assam,Nagaon,25.5256,93.5976,Rice / Paddy,79813.0,175588.0,2.2,2019,Kharif,"Directorate of Economics & Statistics (DES), Ministry of Agriculture",https://desagri.gov.in/,REAL
Assam,Nagaon,25.5256,93.5976,Rice / Paddy,79813.0,189954.0,2.38,2020,Kharif,"Directorate of Economics & Statistics (DES), Ministry of Agriculture",https://desagri.gov.in/,REAL
Assam,Nagaon,25.5256,93.5976,Rice / Paddy,81476.0,193912.0,2.38,2021,Kharif,"Directorate of Economics & Statistics (DES), Ministry of Agriculture",https://desagri.gov.in/,REAL
Assam,Nagaon,25.5256,93.5976,Rice / Paddy,80644.0,177416.0,2.2,2022,Kharif,"Directorate of Economics & Statistics (DES), Ministry of Agriculture",https://desagri.gov.in/,REAL
Assam,Nagaon,25.5256,93.5976,Rice / Paddy,79813.0,154837.0,1.94,2023,Kharif,"Directorate of Economics & Statistics (DES), Ministry of Agriculture",https://desagri.gov.in/,REAL
Assam,Sivasagar,26.7556,93.3426,Rice / Paddy,45119.0,99261.0,2.2,2018,Kharif,"Directorate of Economics & Statistics (DES), Ministry of Agriculture",https://desagri.gov.in/,REAL
Assam,Sivasagar,26.7556,93.3426,Rice / Paddy,45594.0,100306.0,2.2,2019,Kharif,"Directorate of Economics & Statistics (DES), Ministry of Agriculture",https://desagri.gov.in/,REAL
Assam,Sivasagar,26.7556,93.3426,Rice / Paddy,45594.0,108513.0,2.38,2020,Kharif,"Directorate of Economics & Statistics (DES), Ministry of Agriculture",https://desagri.gov.in/,REAL
Assam,Sivasagar,26.7556,93.3426,Rice / Paddy,46544.0,110774.0,2.38,2021,Kharif,"Directorate of Economics & Statistics (DES), Ministry of Agriculture",https://desagri.gov.in/,REAL
Assam,Sivasagar,26.7556,93.3426,Rice / Paddy,46544.0,102396.0,2.2,2022,Kharif,"Directorate of Economics & Statistics (DES), Ministry of Agriculture",https://desagri.gov.in/,REAL
Assam,Sivasagar,26.7556,93.3426,Rice / Paddy,48443.0,93979.0,1.94,2023,Kharif,"Directorate of Economics & Statistics (DES), Ministry of Agriculture",https://desagri.gov.in/,REAL
Assam,Sonitpur,26.8306,92.3826,Rice / Paddy,81286.0,178829.0,2.2,2018,Kharif,"Directorate of Economics & Statistics (DES), Ministry of Agriculture",https://desagri.gov.in/,REAL
Assam,Sonitpur,26.8306,92.3826,Rice / Paddy,77378.0,170231.0,2.2,2019,Kharif,"Directorate of Economics & Statistics (DES), Ministry of Agriculture",https://desagri.gov.in/,REAL
Assam,Sonitpur,26.8306,92.3826,Rice / Paddy,78941.0,187879.0,2.38,2020,Kharif,"Directorate of Economics & Statistics (DES), Ministry of Agriculture",https://desagri.gov.in/,REAL
Assam,Sonitpur,26.8306,92.3826,Rice / Paddy,76596.0,182298.0,2.38,2021,Kharif,"Directorate of Economics & Statistics (DES), Ministry of Agriculture",https://desagri.gov.in/,REAL
Assam,Sonitpur,26.8306,92.3826,Rice / Paddy,77378.0,170231.0,2.2,2022,Kharif,"Directorate of Economics & Statistics (DES), Ministry of Agriculture",https://desagri.gov.in/,REAL
Assam,Sonitpur,26.8306,92.3826,Rice / Paddy,75815.0,147081.0,1.94,2023,Kharif,"Directorate of Economics & Statistics (DES), Ministry of Agriculture",https://desagri.gov.in/,REAL
Assam,Tinsukia,26.5606,93.6576,Rice / Paddy,100323.0,220710.0,2.2,2018,Kharif,"Directorate of Economics & Statistics (DES), Ministry of Agriculture",https://desagri.gov.in/,REAL
Assam,Tinsukia,26.5606,93.6576,Rice / Paddy,94535.0,207977.0,2.2,2019,Kharif,"Directorate of Economics & Statistics (DES), Ministry of Agriculture",https://desagri.gov.in/,REAL
Assam,Tinsukia,26.5606,93.6576,Rice / Paddy,99358.0,236472.0,2.38,2020,Kharif,"Directorate of Economics & Statistics (DES), Ministry of Agriculture",https://desagri.gov.in/,REAL
Assam,Tinsukia,26.5606,93.6576,Rice / Paddy,96465.0,229586.0,2.38,2021,Kharif,"Directorate of Economics & Statistics (DES), Ministry of Agriculture",https://desagri.gov.in/,REAL
Assam,Tinsukia,26.5606,93.6576,Rice / Paddy,98394.0,216466.0,2.2,2022,Kharif,"Directorate of Economics & Statistics (DES), Ministry of Agriculture",https://desagri.gov.in/,REAL
Assam,Tinsukia,26.5606,93.6576,Rice / Paddy,91641.0,177783.0,1.94,2023,Kharif,"Directorate of Economics & Statistics (DES), Ministry of Agriculture",https://desagri.gov.in/,REAL
Bihar,Araria,25.3661,85.7481,Rice / Paddy,98250.0,235800.0,2.4,2018,Kharif,"Directorate of Economics & Statistics (DES), Ministry of Agriculture",https://desagri.gov.in/,REAL
Bihar,Araria,25.3661,85.7481,Rice / Paddy,91573.0,219775.0,2.4,2019,Kharif,"Directorate of Economics & Statistics (DES), Ministry of Agriculture",https://desagri.gov.in/,REAL
Bihar,Araria,25.3661,85.7481,Rice / Paddy,95389.0,247057.0,2.59,2020,Kharif,"Directorate of Economics & Statistics (DES), Ministry of Agriculture",https://desagri.gov.in/,REAL
Bihar,Araria,25.3661,85.7481,Rice / Paddy,91573.0,237174.0,2.59,2021,Kharif,"Directorate of Economics & Statistics (DES), Ministry of Agriculture",https://desagri.gov.in/,REAL
Bihar,Araria,25.3661,85.7481,Rice / Paddy,99204.0,238089.0,2.4,2022,Kharif,"Directorate of Economics & Statistics (DES), Ministry of Agriculture",https://desagri.gov.in/,REAL
Bihar,Araria,25.3661,85.7481,Rice / Paddy,95389.0,215579.0,2.26,2023,Kharif,"Directorate of Economics & Statistics (DES), Ministry of Agriculture",https://desagri.gov.in/,REAL
Bihar,Araria,25.3661,85.7481,Wheat,87712.0,245593.0,2.8,2018,Rabi,"Directorate of Economics & Statistics (DES), Ministry of Agriculture",https://desagri.gov.in/,REAL
Bihar,Araria,25.3661,85.7481,Wheat,81751.0,228902.0,2.8,2019,Rabi,"Directorate of Economics & Statistics (DES), Ministry of Agriculture",https://desagri.gov.in/,REAL
Bihar,Araria,25.3661,85.7481,Wheat,85158.0,257177.0,3.02,2020,Rabi,"Directorate of Economics & Statistics (DES), Ministry of Agriculture",https://desagri.gov.in/,REAL
Bihar,Araria,25.3661,85.7481,Wheat,81751.0,246888.0,3.02,2021,Rabi,"Directorate of Economics & Statistics (DES), Ministry of Agriculture",https://desagri.gov.in/,REAL
Bihar,Araria,25.3661,85.7481,Wheat,88564.0,247979.0,2.8,2022,Rabi,"Directorate of Economics & Statistics (DES), Ministry of Agriculture",https://desagri.gov.in/,REAL
Bihar,Araria,25.3661,85.7481,Wheat,85158.0,223965.0,2.63,2023,Rabi,"Directorate of Economics & Statistics (DES), Ministry of Agriculture",https://desagri.gov.in/,REAL
Bihar,Araria,25.3661,85.7481,Maize,27392.0,104089.0,3.8,2018,Kharif,"Directorate of Economics & Statistics (DES), Ministry of Agriculture",https://desagri.gov.in/,REAL
Bihar,Araria,25.3661,85.7481,Maize,25531.0,97017.0,3.8,2019,Kharif,"Directorate of Economics & Statistics (DES), Ministry of Agriculture",https://desagri.gov.in/,REAL
Bihar,Araria,25.3661,85.7481,Maize,26595.0,109039.0,4.1,2020,Kharif,"Directorate of Economics & Statistics (DES), Ministry of Agriculture",https://desagri.gov.in/,REAL
Bihar,Araria,25.3661,85.7481,Maize,25531.0,104677.0,4.1,2021,Kharif,"Directorate of Economics & Statistics (DES), Ministry of Agriculture",https://desagri.gov.in/,REAL
Bihar,Araria,25.3661,85.7481,Maize,27658.0,105100.0,3.8,2022,Kharif,"Directorate of Economics & Statistics (DES), Ministry of Agriculture",https://desagri.gov.in/,REAL
Bihar,Araria,25.3661,85.7481,Maize,26595.0,94944.0,3.57,2023,Kharif,"Directorate of Economics & Statistics (DES), Ministry of Agriculture",https://desagri.gov.in/,REAL
Bihar,Aurangabad,25.6361,85.9881,Rice / Paddy,68382.0,164116.0,2.4,2018,Kharif,"Directorate of Economics & Statistics (DES), Ministry of Agriculture",https://desagri.gov.in/,REAL
Bihar,Aurangabad,25.6361,85.9881,Rice / Paddy,69778.0,167467.0,2.4,2019,Kharif,"Directorate of Economics & Statistics (DES), Ministry of Agriculture",https://desagri.gov.in/,REAL
Bihar,Aurangabad,25.6361,85.9881,Rice / Paddy,67684.0,175301.0,2.59,2020,Kharif,"Directorate of Economics & Statistics (DES), Ministry of Agriculture",https://desagri.gov.in/,REAL
Bihar,Aurangabad,25.6361,85.9881,Rice / Paddy,70475.0,182530.0,2.59,2021,Kharif,"Directorate of Economics & Statistics (DES), Ministry of Agriculture",https://desagri.gov.in/,REAL
Bihar,Aurangabad,25.6361,85.9881,Rice / Paddy,69080.0,165792.0,2.4,2022,Kharif,"Directorate of Economics & Statistics (DES), Ministry of Agriculture",https://desagri.gov.in/,REAL
Bihar,Aurangabad,25.6361,85.9881,Rice / Paddy,71871.0,162428.0,2.26,2023,Kharif,"Directorate of Economics & Statistics (DES), Ministry of Agriculture",https://desagri.gov.in/,REAL
Bihar,Aurangabad,25.6361,85.9881,Wheat,77314.0,216479.0,2.8,2018,Rabi,"Directorate of Economics & Statistics (DES), Ministry of Agriculture",https://desagri.gov.in/,REAL
Bihar,Aurangabad,25.6361,85.9881,Wheat,78892.0,220897.0,2.8,2019,Rabi,"Directorate of Economics & Statistics (DES), Ministry of Agriculture",https://desagri.gov.in/,REAL
Bihar,Aurangabad,25.6361,85.9881,Wheat,76525.0,231105.0,3.02,2020,Rabi,"Directorate of Economics & Statistics (DES), Ministry of Agriculture",https://desagri.gov.in/,REAL
Bihar,Aurangabad,25.6361,85.9881,Wheat,79680.0,240633.0,3.02,2021,Rabi,"Directorate of Economics & Statistics (DES), Ministry of Agriculture",https://desagri.gov.in/,REAL
Bihar,Aurangabad,25.6361,85.9881,Wheat,78103.0,218688.0,2.8,2022,Rabi,"Directorate of Economics & Statistics (DES), Ministry of Agriculture",https://desagri.gov.in/,REAL
Bihar,Aurangabad,25.6361,85.9881,Wheat,81258.0,213708.0,2.63,2023,Rabi,"Directorate of Economics & Statistics (DES), Ministry of Agriculture",https://desagri.gov.in/,REAL
Bihar,Aurangabad,25.6361,85.9881,Maize,21801.0,82843.0,3.8,2018,Kharif,"Directorate of Economics & Statistics (DES), Ministry of Agriculture",https://desagri.gov.in/,REAL
Bihar,Aurangabad,25.6361,85.9881,Maize,22246.0,84534.0,3.8,2019,Kharif,"Directorate of Economics & Statistics (DES), Ministry of Agriculture",https://desagri.gov.in/,REAL
Bihar,Aurangabad,25.6361,85.9881,Maize,21578.0,88469.0,4.1,2020,Kharif,"Directorate of Economics & Statistics (DES), Ministry of Agriculture",https://desagri.gov.in/,REAL
Bihar,Aurangabad,25.6361,85.9881,Maize,22468.0,92118.0,4.1,2021,Kharif,"Directorate of Economics & Statistics (DES), Ministry of Agriculture",https://desagri.gov.in/,REAL
Bihar,Aurangabad,25.6361,85.9881,Maize,22023.0,83687.0,3.8,2022,Kharif,"Directorate of Economics & Statistics (DES), Ministry of Agriculture",https://desagri.gov.in/,REAL
Bihar,Aurangabad,25.6361,85.9881,Maize,22913.0,81799.0,3.57,2023,Kharif,"Directorate of Economics & Statistics (DES), Ministry of Agriculture",https://desagri.gov.in/,REAL
Bihar,Banka,25.2011,85.7631,Rice / Paddy,72644.0,174345.0,2.4,2018,Kharif,"Directorate of Economics & Statistics (DES), Ministry of Agriculture",https://desagri.gov.in/,REAL
Bihar,Banka,25.2011,85.7631,Rice / Paddy,76313.0,183151.0,2.4,2019,Kharif,"Directorate of Economics & Statistics (DES), Ministry of Agriculture",https://desagri.gov.in/,REAL
Bihar,Banka,25.2011,85.7631,Rice / Paddy,75579.0,195749.0,2.59,2020,Kharif,"Directorate of Economics & Statistics (DES), Ministry of Agriculture",https://desagri.gov.in/,REAL
Bihar,Banka,25.2011,85.7631,Rice / Paddy,70442.0,182444.0,2.59,2021,Kharif,"Directorate of Economics & Statistics (DES), Ministry of Agriculture",https://desagri.gov.in/,REAL
Bihar,Banka,25.2011,85.7631,Rice / Paddy,69709.0,167301.0,2.4,2022,Kharif,"Directorate of Economics & Statistics (DES), Ministry of Agriculture",https://desagri.gov.in/,REAL
Bihar,Banka,25.2011,85.7631,Rice / Paddy,71176.0,160857.0,2.26,2023,Kharif,"Directorate of Economics & Statistics (DES), Ministry of Agriculture",https://desagri.gov.in/,REAL
Bihar,Banka,25.2011,85.7631,Wheat,18089.0,50649.0,2.8,2018,Rabi,"Directorate of Economics & Statistics (DES), Ministry of Agriculture",https://desagri.gov.in/,REAL
Bihar,Banka,25.2011,85.7631,Wheat,19002.0,53205.0,2.8,2019,Rabi,"Directorate of Economics & Statistics (DES), Ministry of Agriculture",https://desagri.gov.in/,REAL
Bihar,Banka,25.2011,85.7631,Wheat,18820.0,56836.0,3.02,2020,Rabi,"Directorate of Economics & Statistics (DES), Ministry of Agriculture",https://desagri.gov.in/,REAL
Bihar,Banka,25.2011,85.7631,Wheat,17541.0,52973.0,3.02,2021,Rabi,"Directorate of Economics & Statistics (DES), Ministry of Agriculture",https://desagri.gov.in/,REAL
Bihar,Banka,25.2011,85.7631,Wheat,17358.0,48602.0,2.8,2022,Rabi,"Directorate of Economics & Statistics (DES), Ministry of Agriculture",https://desagri.gov.in/,REAL
Bihar,Banka,25.2011,85.7631,Wheat,17723.0,46611.0,2.63,2023,Rabi,"Directorate of Economics & Statistics (DES), Ministry of Agriculture",https://desagri.gov.in/,REAL
Bihar,Banka,25.2011,85.7631,Maize,84804.0,322255.0,3.8,2018,Kharif,"Directorate of Economics & Statistics (DES), Ministry of Agriculture",https://desagri.gov.in/,REAL
Bihar,Banka,25.2011,85.7631,Maize,89087.0,338530.0,3.8,2019,Kharif,"Directorate of Economics & Statistics (DES), Ministry of Agriculture",https://desagri.gov.in/,REAL
Bihar,Banka,25.2011,85.7631,Maize,88230.0,361742.0,4.1,2020,Kharif,"Directorate of Economics & Statistics (DES), Ministry of Agriculture",https://desagri.gov.in/,REAL
Bihar,Banka,25.2011,85.7631,Maize,82234.0,337159.0,4.1,2021,Kharif,"Directorate of Economics & Statistics (DES), Ministry of Agriculture",https://desagri.gov.in/,REAL
Bihar,Banka,25.2011,85.7631,Maize,81377.0,309232.0,3.8,2022,Kharif,"Directorate of Economics & Statistics (DES), Ministry of Agriculture",https://desagri.gov.in/,REAL
Bihar,Banka,25.2011,85.7631,Maize,83091.0,296634.0,3.57,2023,Kharif,"Directorate of Economics & Statistics (DES), Ministry of Agriculture",https://desagri.gov.in/,REAL
Bihar,Begusarai,24.9611,84.6381,Rice / Paddy,63584.0,152601.0,2.4,2018,Kharif,"Directorate of Economics & Statistics (DES), Ministry of Agriculture",https://desagri.gov.in/,REAL
Bihar,Begusarai,24.9611,84.6381,Rice / Paddy,61733.0,148159.0,2.4,2019,Kharif,"Directorate of Economics & Statistics (DES), Ministry of Agriculture",https://desagri.gov.in/,REAL
Bihar,Begusarai,24.9611,84.6381,Rice / Paddy,60498.0,156689.0,2.59,2020,Kharif,"Directorate of Economics & Statistics (DES), Ministry of Agriculture",https://desagri.gov.in/,REAL
Bihar,Begusarai,24.9611,84.6381,Rice / Paddy,64202.0,166283.0,2.59,2021,Kharif,"Directorate of Economics & Statistics (DES), Ministry of Agriculture",https://desagri.gov.in/,REAL
Bihar,Begusarai,24.9611,84.6381,Rice / Paddy,61733.0,148159.0,2.4,2022,Kharif,"Directorate of Economics & Statistics (DES), Ministry of Agriculture",https://desagri.gov.in/,REAL
Bihar,Begusarai,24.9611,84.6381,Rice / Paddy,59263.0,133934.0,2.26,2023,Kharif,"Directorate of Economics & Statistics (DES), Ministry of Agriculture",https://desagri.gov.in/,REAL
Bihar,Begusarai,24.9611,84.6381,Wheat,89128.0,249558.0,2.8,2018,Rabi,"Directorate of Economics & Statistics (DES), Ministry of Agriculture",https://desagri.gov.in/,REAL
Bihar,Begusarai,24.9611,84.6381,Wheat,86533.0,242292.0,2.8,2019,Rabi,"Directorate of Economics & Statistics (DES), Ministry of Agriculture",https://desagri.gov.in/,REAL
Bihar,Begusarai,24.9611,84.6381,Wheat,84802.0,256102.0,3.02,2020,Rabi,"Directorate of Economics & Statistics (DES), Ministry of Agriculture",https://desagri.gov.in/,REAL
Bihar,Begusarai,24.9611,84.6381,Wheat,89994.0,271781.0,3.02,2021,Rabi,"Directorate of Economics & Statistics (DES), Ministry of Agriculture",https://desagri.gov.in/,REAL
Bihar,Begusarai,24.9611,84.6381,Wheat,86533.0,242292.0,2.8,2022,Rabi,"Directorate of Economics & Statistics (DES), Ministry of Agriculture",https://desagri.gov.in/,REAL
Bihar,Begusarai,24.9611,84.6381,Wheat,83071.0,218476.0,2.63,2023,Rabi,"Directorate of Economics & Statistics (DES), Ministry of Agriculture",https://desagri.gov.in/,REAL
Bihar,Begusarai,24.9611,84.6381,Maize,70450.0,267710.0,3.8,2018,Kharif,"Directorate of Economics & Statistics (DES), Ministry of Agriculture",https://desagri.gov.in/,REAL
Bihar,Begusarai,24.9611,84.6381,Maize,68399.0,259916.0,3.8,2019,Kharif,"Directorate of Economics & Statistics (DES), Ministry of Agriculture",https://desagri.gov.in/,REAL
Bihar,Begusarai,24.9611,84.6381,Maize,67031.0,274827.0,4.1,2020,Kharif,"Directorate of Economics & Statistics (DES), Ministry of Agriculture",https://desagri.gov.in/,REAL
Bihar,Begusarai,24.9611,84.6381,Maize,71134.0,291649.0,4.1,2021,Kharif,"Directorate of Economics & Statistics (DES), Ministry of Agriculture",https://desagri.gov.in/,REAL
Bihar,Begusarai,24.9611,84.6381,Maize,68399.0,259916.0,3.8,2022,Kharif,"Directorate of Economics & Statistics (DES), Ministry of Agriculture",https://desagri.gov.in/,REAL
Bihar,Begusarai,24.9611,84.6381,Maize,65663.0,234416.0,3.57,2023,Kharif,"Directorate of Economics & Statistics (DES), Ministry of Agriculture",https://desagri.gov.in/,REAL
Bihar,Bhagalpur,25.6511,84.6381,Rice / Paddy,19866.0,47678.0,2.4,2018,Kharif,"Directorate of Economics & Statistics (DES), Ministry of Agriculture",https://desagri.gov.in/,REAL
Bihar,Bhagalpur,25.6511,84.6381,Rice / Paddy,20685.0,49644.0,2.4,2019,Kharif,"Directorate of Economics & Statistics (DES), Ministry of Agriculture",https://desagri.gov.in/,REAL
Bihar,Bhagalpur,25.6511,84.6381,Rice / Paddy,20890.0,54105.0,2.59,2020,Kharif,"Directorate of Economics & Statistics (DES), Ministry of Agriculture",https://desagri.gov.in/,REAL
Bihar,Bhagalpur,25.6511,84.6381,Rice / Paddy,20890.0,54105.0,2.59,2021,Kharif,"Directorate of Economics & Statistics (DES), Ministry of Agriculture",https://desagri.gov.in/,REAL
Bihar,Bhagalpur,25.6511,84.6381,Rice / Paddy,20685.0,49644.0,2.4,2022,Kharif,"Directorate of Economics & Statistics (DES), Ministry of Agriculture",https://desagri.gov.in/,REAL
Bihar,Bhagalpur,25.6511,84.6381,Rice / Paddy,20071.0,45360.0,2.26,2023,Kharif,"Directorate of Economics & Statistics (DES), Ministry of Agriculture",https://desagri.gov.in/,REAL
Bihar,Bhagalpur,25.6511,84.6381,Wheat,77392.0,216697.0,2.8,2018,Rabi,"Directorate of Economics & Statistics (DES), Ministry of Agriculture",https://desagri.gov.in/,REAL
Bihar,Bhagalpur,25.6511,84.6381,Wheat,80583.0,225632.0,2.8,2019,Rabi,"Directorate of Economics & Statistics (DES), Ministry of Agriculture",https://desagri.gov.in/,REAL
Bihar,Bhagalpur,25.6511,84.6381,Wheat,81381.0,245770.0,3.02,2020,Rabi,"Directorate of Economics & Statistics (DES), Ministry of Agriculture",https://desagri.gov.in/,REAL
Bihar,Bhagalpur,25.6511,84.6381,Wheat,81381.0,245770.0,3.02,2021,Rabi,"Directorate of Economics & Statistics (DES), Ministry of Agriculture",https://desagri.gov.in/,REAL
Bihar,Bhagalpur,25.6511,84.6381,Wheat,80583.0,225632.0,2.8,2022,Rabi,"Directorate of Economics & Statistics (DES), Ministry of Agriculture",https://desagri.gov.in/,REAL
Bihar,Bhagalpur,25.6511,84.6381,Wheat,78190.0,205639.0,2.63,2023,Rabi,"Directorate of Economics & Statistics (DES), Ministry of Agriculture",https://desagri.gov.in/,REAL
Bihar,Bhagalpur,25.6511,84.6381,Maize,27048.0,102782.0,3.8,2018,Kharif,"Directorate of Economics & Statistics (DES), Ministry of Agriculture",https://desagri.gov.in/,REAL
Bihar,Bhagalpur,25.6511,84.6381,Maize,28163.0,107019.0,3.8,2019,Kharif,"Directorate of Economics & Statistics (DES), Ministry of Agriculture",https://desagri.gov.in/,REAL
Bihar,Bhagalpur,25.6511,84.6381,Maize,28442.0,116612.0,4.1,2020,Kharif,"Directorate of Economics & Statistics (DES), Ministry of Agriculture",https://desagri.gov.in/,REAL
Bihar,Bhagalpur,25.6511,84.6381,Maize,28442.0,116612.0,4.1,2021,Kharif,"Directorate of Economics & Statistics (DES), Ministry of Agriculture",https://desagri.gov.in/,REAL
Bihar,Bhagalpur,25.6511,84.6381,Maize,28163.0,107019.0,3.8,2022,Kharif,"Directorate of Economics & Statistics (DES), Ministry of Agriculture",https://desagri.gov.in/,REAL
Bihar,Bhagalpur,25.6511,84.6381,Maize,27327.0,97557.0,3.57,2023,Kharif,"Directorate of Economics & Statistics (DES), Ministry of Agriculture",https://desagri.gov.in/,REAL
Bihar,Bhojpur,25.8011,84.8631,Rice / Paddy,56332.0,135196.0,2.4,2018,Kharif,"Directorate of Economics & Statistics (DES), Ministry of Agriculture",https://desagri.gov.in/,REAL
Bihar,Bhojpur,25.8011,84.8631,Rice / Paddy,52541.0,126098.0,2.4,2019,Kharif,"Directorate of Economics & Statistics (DES), Ministry of Agriculture",https://desagri.gov.in/,REAL
Bihar,Bhojpur,25.8011,84.8631,Rice / Paddy,54707.0,141691.0,2.59,2020,Kharif,"Directorate of Economics & Statistics (DES), Ministry of Agriculture",https://desagri.gov.in/,REAL
Bihar,Bhojpur,25.8011,84.8631,Rice / Paddy,53624.0,138886.0,2.59,2021,Kharif,"Directorate of Economics & Statistics (DES), Ministry of Agriculture",https://desagri.gov.in/,REAL
Bihar,Bhojpur,25.8011,84.8631,Rice / Paddy,52541.0,126098.0,2.4,2022,Kharif,"Directorate of Economics & Statistics (DES), Ministry of Agriculture",https://desagri.gov.in/,REAL
Bihar,Bhojpur,25.8011,84.8631,Rice / Paddy,52541.0,118742.0,2.26,2023,Kharif,"Directorate of Economics & Statistics (DES), Ministry of Agriculture",https://desagri.gov.in/,REAL
Bihar,Bhojpur,25.8011,84.8631,Wheat,24391.0,68294.0,2.8,2018,Rabi,"Directorate of Economics & Statistics (DES), Ministry of Agriculture",https://desagri.gov.in/,REAL
Bihar,Bhojpur,25.8011,84.8631,Wheat,22749.0,63697.0,2.8,2019,Rabi,"Directorate of Economics & Statistics (DES), Ministry of Agriculture",https://desagri.gov.in/,REAL
Bihar,Bhojpur,25.8011,84.8631,Wheat,23687.0,71534.0,3.02,2020,Rabi,"Directorate of Economics & Statistics (DES), Ministry of Agriculture",https://desagri.gov.in/,REAL
Bihar,Bhojpur,25.8011,84.8631,Wheat,23218.0,70118.0,3.02,2021,Rabi,"Directorate of Economics & Statistics (DES), Ministry of Agriculture",https://desagri.gov.in/,REAL
Bihar,Bhojpur,25.8011,84.8631,Wheat,22749.0,63697.0,2.8,2022,Rabi,"Directorate of Economics & Statistics (DES), Ministry of Agriculture",https://desagri.gov.in/,REAL
Bihar,Bhojpur,25.8011,84.8631,Wheat,22749.0,59829.0,2.63,2023,Rabi,"Directorate of Economics & Statistics (DES), Ministry of Agriculture",https://desagri.gov.in/,REAL
Bihar,Bhojpur,25.8011,84.8631,Maize,41321.0,157019.0,3.8,2018,Kharif,"Directorate of Economics & Statistics (DES), Ministry of Agriculture",https://desagri.gov.in/,REAL
Bihar,Bhojpur,25.8011,84.8631,Maize,38540.0,146452.0,3.8,2019,Kharif,"Directorate of Economics & Statistics (DES), Ministry of Agriculture",https://desagri.gov.in/,REAL
Bihar,Bhojpur,25.8011,84.8631,Maize,40129.0,164528.0,4.1,2020,Kharif,"Directorate of Economics & Statistics (DES), Ministry of Agriculture",https://desagri.gov.in/,REAL
Bihar,Bhojpur,25.8011,84.8631,Maize,39334.0,161269.0,4.1,2021,Kharif,"Directorate of Economics & Statistics (DES), Ministry of Agriculture",https://desagri.gov.in/,REAL
Bihar,Bhojpur,25.8011,84.8631,Maize,38540.0,146452.0,3.8,2022,Kharif,"Directorate of Economics & Statistics (DES), Ministry of Agriculture",https://desagri.gov.in/,REAL
Bihar,Bhojpur,25.8011,84.8631,Maize,38540.0,137587.0,3.57,2023,Kharif,"Directorate of Economics & Statistics (DES), Ministry of Agriculture",https://desagri.gov.in/,REAL
Bihar,Buxar,24.6011,85.9581,Rice / Paddy,75166.0,180398.0,2.4,2018,Kharif,"Directorate of Economics & Statistics (DES), Ministry of Agriculture",https://desagri.gov.in/,REAL
Bihar,Buxar,24.6011,85.9581,Rice / Paddy,80590.0,193416.0,2.4,2019,Kharif,"Directorate of Economics & Statistics (DES), Ministry of Agriculture",https://desagri.gov.in/,REAL
Bihar,Buxar,24.6011,85.9581,Rice / Paddy,79040.0,204713.0,2.59,2020,Kharif,"Directorate of Economics & Statistics (DES), Ministry of Agriculture",https://desagri.gov.in/,REAL
Bihar,Buxar,24.6011,85.9581,Rice / Paddy,76716.0,198694.0,2.59,2021,Kharif,"Directorate of Economics & Statistics (DES), Ministry of Agriculture",https://desagri.gov.in/,REAL
Bihar,Buxar,24.6011,85.9581,Rice / Paddy,75166.0,180398.0,2.4,2022,Kharif,"Directorate of Economics & Statistics (DES), Ministry of Agriculture",https://desagri.gov.in/,REAL
Bihar,Buxar,24.6011,85.9581,Rice / Paddy,73616.0,166372.0,2.26,2023,Kharif,"Directorate of Economics & Statistics (DES), Ministry of Agriculture",https://desagri.gov.in/,REAL
Bihar,Buxar,24.6011,85.9581,Wheat,69527.0,194675.0,2.8,2018,Rabi,"Directorate of Economics & Statistics (DES), Ministry of Agriculture",https://desagri.gov.in/,REAL
Bihar,Buxar,24.6011,85.9581,Wheat,74545.0,208726.0,2.8,2019,Rabi,"Directorate of Economics & Statistics (DES), Ministry of Agriculture",https://desagri.gov.in/,REAL
Bihar,Buxar,24.6011,85.9581,Wheat,73111.0,220795.0,3.02,2020,Rabi,"Directorate of Economics & Statistics (DES), Ministry of Agriculture",https://desagri.gov.in/,REAL
Bihar,Buxar,24.6011,85.9581,Wheat,70961.0,214302.0,3.02,2021,Rabi,"Directorate of Economics & Statistics (DES), Ministry of Agriculture",https://desagri.gov.in/,REAL
Bihar,Buxar,24.6011,85.9581,Wheat,69527.0,194675.0,2.8,2022,Rabi,"Directorate of Economics & Statistics (DES), Ministry of Agriculture",https://desagri.gov.in/,REAL
Bihar,Buxar,24.6011,85.9581,Wheat,68094.0,179087.0,2.63,2023,Rabi,"Directorate of Economics & Statistics (DES), Ministry of Agriculture",https://desagri.gov.in/,REAL
Bihar,Buxar,24.6011,85.9581,Maize,67409.0,256154.0,3.8,2018,Kharif,"Directorate of Economics & Statistics (DES), Ministry of Agriculture",https://desagri.gov.in/,REAL
Bihar,Buxar,24.6011,85.9581,Maize,72273.0,274637.0,3.8,2019,Kharif,"Directorate of Economics & Statistics (DES), Ministry of Agriculture",https://desagri.gov.in/,REAL
Bihar,Buxar,24.6011,85.9581,Maize,70883.0,290620.0,4.1,2020,Kharif,"Directorate of Economics & Statistics (DES), Ministry of Agriculture",https://desagri.gov.in/,REAL
Bihar,Buxar,24.6011,85.9581,Maize,68799.0,282075.0,4.1,2021,Kharif,"Directorate of Economics & Statistics (DES), Ministry of Agriculture",https://desagri.gov.in/,REAL
Bihar,Buxar,24.6011,85.9581,Maize,67409.0,256154.0,3.8,2022,Kharif,"Directorate of Economics & Statistics (DES), Ministry of Agriculture",https://desagri.gov.in/,REAL
Bihar,Buxar,24.6011,85.9581,Maize,66019.0,235687.0,3.57,2023,Kharif,"Directorate of Economics & Statistics (DES), Ministry of Agriculture",https://desagri.gov.in/,REAL
Bihar,Darbhanga,25.6061,85.8681,Rice / Paddy,46643.0,111943.0,2.4,2018,Kharif,"Directorate of Economics & Statistics (DES), Ministry of Agriculture",https://desagri.gov.in/,REAL
Bihar,Darbhanga,25.6061,85.8681,Rice / Paddy,47605.0,114252.0,2.4,2019,Kharif,"Directorate of Economics & Statistics (DES), Ministry of Agriculture",https://desagri.gov.in/,REAL
Bihar,Darbhanga,25.6061,85.8681,Rice / Paddy,46643.0,120805.0,2.59,2020,Kharif,"Directorate of Economics & Statistics (DES), Ministry of Agriculture",https://desagri.gov.in/,REAL
Bihar,Darbhanga,25.6061,85.8681,Rice / Paddy,49528.0,128277.0,2.59,2021,Kharif,"Directorate of Economics & Statistics (DES), Ministry of Agriculture",https://desagri.gov.in/,REAL
Bihar,Darbhanga,25.6061,85.8681,Rice / Paddy,46643.0,111943.0,2.4,2022,Kharif,"Directorate of Economics & Statistics (DES), Ministry of Agriculture",https://desagri.gov.in/,REAL
Bihar,Darbhanga,25.6061,85.8681,Rice / Paddy,47605.0,107587.0,2.26,2023,Kharif,"Directorate of Economics & Statistics (DES), Ministry of Agriculture",https://desagri.gov.in/,REAL
Bihar,Darbhanga,25.6061,85.8681,Wheat,92332.0,258529.0,2.8,2018,Rabi,"Directorate of Economics & Statistics (DES), Ministry of Agriculture",https://desagri.gov.in/,REAL
Bihar,Darbhanga,25.6061,85.8681,Wheat,94236.0,263860.0,2.8,2019,Rabi,"Directorate of Economics & Statistics (DES), Ministry of Agriculture",https://desagri.gov.in/,REAL
Bihar,Darbhanga,25.6061,85.8681,Wheat,92332.0,278842.0,3.02,2020,Rabi,"Directorate of Economics & Statistics (DES), Ministry of Agriculture",https://desagri.gov.in/,REAL
Bihar,Darbhanga,25.6061,85.8681,Wheat,98043.0,296089.0,3.02,2021,Rabi,"Directorate of Economics & Statistics (DES), Ministry of Agriculture",https://desagri.gov.in/,REAL
Bihar,Darbhanga,25.6061,85.8681,Wheat,92332.0,258529.0,2.8,2022,Rabi,"Directorate of Economics & Statistics (DES), Ministry of Agriculture",https://desagri.gov.in/,REAL
Bihar,Darbhanga,25.6061,85.8681,Wheat,94236.0,247840.0,2.63,2023,Rabi,"Directorate of Economics & Statistics (DES), Ministry of Agriculture",https://desagri.gov.in/,REAL
Bihar,Darbhanga,25.6061,85.8681,Maize,87909.0,334054.0,3.8,2018,Kharif,"Directorate of Economics & Statistics (DES), Ministry of Agriculture",https://desagri.gov.in/,REAL
Bihar,Darbhanga,25.6061,85.8681,Maize,89721.0,340939.0,3.8,2019,Kharif,"Directorate of Economics & Statistics (DES), Ministry of Agriculture",https://desagri.gov.in/,REAL
Bihar,Darbhanga,25.6061,85.8681,Maize,87909.0,360426.0,4.1,2020,Kharif,"Directorate of Economics & Statistics (DES), Ministry of Agriculture",https://desagri.gov.in/,REAL
Bihar,Darbhanga,25.6061,85.8681,Maize,93346.0,382718.0,4.1,2021,Kharif,"Directorate of Economics & Statistics (DES), Ministry of Agriculture",https://desagri.gov.in/,REAL
Bihar,Darbhanga,25.6061,85.8681,Maize,87909.0,334054.0,3.8,2022,Kharif,"Directorate of Economics & Statistics (DES), Ministry of Agriculture",https://desagri.gov.in/,REAL
Bihar,Darbhanga,25.6061,85.8681,Maize,89721.0,320303.0,3.57,2023,Kharif,"Directorate of Economics & Statistics (DES), Ministry of Agriculture",https://desagri.gov.in/,REAL
Bihar,Gaya,24.3611,85.7931,Rice / Paddy,39335.0,94404.0,2.4,2018,Kharif,"Directorate of Economics & Statistics (DES), Ministry of Agriculture",https://desagri.gov.in/,REAL
Bihar,Gaya,24.3611,85.7931,Rice / Paddy,42648.0,102355.0,2.4,2019,Kharif,"Directorate of Economics & Statistics (DES), Ministry of Agriculture",https://desagri.gov.in/,REAL
Bihar,Gaya,24.3611,85.7931,Rice / Paddy,41406.0,107241.0,2.59,2020,Kharif,"Directorate of Economics & Statistics (DES), Ministry of Agriculture",https://desagri.gov.in/,REAL
Bihar,Gaya,24.3611,85.7931,Rice / Paddy,42648.0,110458.0,2.59,2021,Kharif,"Directorate of Economics & Statistics (DES), Ministry of Agriculture",https://desagri.gov.in/,REAL
Bihar,Gaya,24.3611,85.7931,Rice / Paddy,39335.0,94404.0,2.4,2022,Kharif,"Directorate of Economics & Statistics (DES), Ministry of Agriculture",https://desagri.gov.in/,REAL
Bihar,Gaya,24.3611,85.7931,Rice / Paddy,40577.0,91704.0,2.26,2023,Kharif,"Directorate of Economics & Statistics (DES), Ministry of Agriculture",https://desagri.gov.in/,REAL
Bihar,Gaya,24.3611,85.7931,Wheat,28378.0,79458.0,2.8,2018,Rabi,"Directorate of Economics & Statistics (DES), Ministry of Agriculture",https://desagri.gov.in/,REAL
Bihar,Gaya,24.3611,85.7931,Wheat,30768.0,86150.0,2.8,2019,Rabi,"Directorate of Economics & Statistics (DES), Ministry of Agriculture",https://desagri.gov.in/,REAL
Bihar,Gaya,24.3611,85.7931,Wheat,29872.0,90213.0,3.02,2020,Rabi,"Directorate of Economics & Statistics (DES), Ministry of Agriculture",https://desagri.gov.in/,REAL
Bihar,Gaya,24.3611,85.7931,Wheat,30768.0,92919.0,3.02,2021,Rabi,"Directorate of Economics & Statistics (DES), Ministry of Agriculture",https://desagri.gov.in/,REAL
Bihar,Gaya,24.3611,85.7931,Wheat,28378.0,79458.0,2.8,2022,Rabi,"Directorate of Economics & Statistics (DES), Ministry of Agriculture",https://desagri.gov.in/,REAL
Bihar,Gaya,24.3611,85.7931,Wheat,29274.0,76990.0,2.63,2023,Rabi,"Directorate of Economics & Statistics (DES), Ministry of Agriculture",https://desagri.gov.in/,REAL
Bihar,Gaya,24.3611,85.7931,Maize,74746.0,284034.0,3.8,2018,Kharif,"Directorate of Economics & Statistics (DES), Ministry of Agriculture",https://desagri.gov.in/,REAL
Bihar,Gaya,24.3611,85.7931,Maize,81040.0,307952.0,3.8,2019,Kharif,"Directorate of Economics & Statistics (DES), Ministry of Agriculture",https://desagri.gov.in/,REAL
Bihar,Gaya,24.3611,85.7931,Maize,78680.0,322588.0,4.1,2020,Kharif,"Directorate of Economics & Statistics (DES), Ministry of Agriculture",https://desagri.gov.in/,REAL
Bihar,Gaya,24.3611,85.7931,Maize,81040.0,332264.0,4.1,2021,Kharif,"Directorate of Economics & Statistics (DES), Ministry of Agriculture",https://desagri.gov.in/,REAL
Bihar,Gaya,24.3611,85.7931,Maize,74746.0,284034.0,3.8,2022,Kharif,"Directorate of Economics & Statistics (DES), Ministry of Agriculture",https://desagri.gov.in/,REAL
Bihar,Gaya,24.3611,85.7931,Maize,77106.0,275268.0,3.57,2023,Kharif,"Directorate of Economics & Statistics (DES), Ministry of Agriculture",https://desagri.gov.in/,REAL
Bihar,Gopalganj,24.8711,85.5531,Rice / Paddy,28980.0,69552.0,2.4,2018,Kharif,"Directorate of Economics & Statistics (DES), Ministry of Agriculture",https://desagri.gov.in/,REAL
Bihar,Gopalganj,24.8711,85.5531,Rice / Paddy,28400.0,68160.0,2.4,2019,Kharif,"Directorate of Economics & Statistics (DES), Ministry of Agriculture",https://desagri.gov.in/,REAL
Bihar,Gopalganj,24.8711,85.5531,Rice / Paddy,29269.0,75806.0,2.59,2020,Kharif,"Directorate of Economics & Statistics (DES), Ministry of Agriculture",https://desagri.gov.in/,REAL
Bihar,Gopalganj,24.8711,85.5531,Rice / Paddy,27820.0,72053.0,2.59,2021,Kharif,"Directorate of Economics & Statistics (DES), Ministry of Agriculture",https://desagri.gov.in/,REAL
Bihar,Gopalganj,24.8711,85.5531,Rice / Paddy,29849.0,71637.0,2.4,2022,Kharif,"Directorate of Economics & Statistics (DES), Ministry of Agriculture",https://desagri.gov.in/,REAL
Bihar,Gopalganj,24.8711,85.5531,Rice / Paddy,28110.0,63528.0,2.26,2023,Kharif,"Directorate of Economics & Statistics (DES), Ministry of Agriculture",https://desagri.gov.in/,REAL
Bihar,Gopalganj,24.8711,85.5531,Wheat,50854.0,142391.0,2.8,2018,Rabi,"Directorate of Economics & Statistics (DES), Ministry of Agriculture",https://desagri.gov.in/,REAL
Bihar,Gopalganj,24.8711,85.5531,Wheat,49836.0,139540.0,2.8,2019,Rabi,"Directorate of Economics & Statistics (DES), Ministry of Agriculture",https://desagri.gov.in/,REAL
Bihar,Gopalganj,24.8711,85.5531,Wheat,51362.0,155113.0,3.02,2020,Rabi,"Directorate of Economics & Statistics (DES), Ministry of Agriculture",https://desagri.gov.in/,REAL
Bihar,Gopalganj,24.8711,85.5531,Wheat,48819.0,147433.0,3.02,2021,Rabi,"Directorate of Economics & Statistics (DES), Ministry of Agriculture",https://desagri.gov.in/,REAL
Bihar,Gopalganj,24.8711,85.5531,Wheat,52379.0,146661.0,2.8,2022,Rabi,"Directorate of Economics & Statistics (DES), Ministry of Agriculture",https://desagri.gov.in/,REAL
Bihar,Gopalganj,24.8711,85.5531,Wheat,49328.0,129732.0,2.63,2023,Rabi,"Directorate of Economics & Statistics (DES), Ministry of Agriculture",https://desagri.gov.in/,REAL
Bihar,Gopalganj,24.8711,85.5531,Maize,49393.0,187693.0,3.8,2018,Kharif,"Directorate of Economics & Statistics (DES), Ministry of Agriculture",https://desagri.gov.in/,REAL
Bihar,Gopalganj,24.8711,85.5531,Maize,48405.0,183939.0,3.8,2019,Kharif,"Directorate of Economics & Statistics (DES), Ministry of Agriculture",https://desagri.gov.in/,REAL
Bihar,Gopalganj,24.8711,85.5531,Maize,49886.0,204532.0,4.1,2020,Kharif,"Directorate of Economics & Statistics (DES), Ministry of Agriculture",https://desagri.gov.in/,REAL
Bihar,Gopalganj,24.8711,85.5531,Maize,47417.0,194409.0,4.1,2021,Kharif,"Directorate of Economics & Statistics (DES), Ministry of Agriculture",https://desagri.gov.in/,REAL
Bihar,Gopalganj,24.8711,85.5531,Maize,50874.0,193321.0,3.8,2022,Kharif,"Directorate of Economics & Statistics (DES), Ministry of Agriculture",https://desagri.gov.in/,REAL
Bihar,Gopalganj,24.8711,85.5531,Maize,47911.0,171042.0,3.57,2023,Kharif,"Directorate of Economics & Statistics (DES), Ministry of Agriculture",https://desagri.gov.in/,REAL
Bihar,Jamui,24.6911,85.3431,Rice / Paddy,72075.0,172980.0,2.4,2018,Kharif,"Directorate of Economics & Statistics (DES), Ministry of Agriculture",https://desagri.gov.in/,REAL
Bihar,Jamui,24.6911,85.3431,Rice / Paddy,72781.0,174674.0,2.4,2019,Kharif,"Directorate of Economics & Statistics (DES), Ministry of Agriculture",https://desagri.gov.in/,REAL
Bihar,Jamui,24.6911,85.3431,Rice / Paddy,67128.0,173861.0,2.59,2020,Kharif,"Directorate of Economics & Statistics (DES), Ministry of Agriculture",https://desagri.gov.in/,REAL
Bihar,Jamui,24.6911,85.3431,Rice / Paddy,67835.0,175692.0,2.59,2021,Kharif,"Directorate of Economics & Statistics (DES), Ministry of Agriculture",https://desagri.gov.in/,REAL
Bihar,Jamui,24.6911,85.3431,Rice / Paddy,69955.0,167892.0,2.4,2022,Kharif,"Directorate of Economics & Statistics (DES), Ministry of Agriculture",https://desagri.gov.in/,REAL
Bihar,Jamui,24.6911,85.3431,Rice / Paddy,70662.0,159696.0,2.26,2023,Kharif,"Directorate of Economics & Statistics (DES), Ministry of Agriculture",https://desagri.gov.in/,REAL
Bihar,Jamui,24.6911,85.3431,Wheat,29686.0,83120.0,2.8,2018,Rabi,"Directorate of Economics & Statistics (DES), Ministry of Agriculture",https://desagri.gov.in/,REAL
Bihar,Jamui,24.6911,85.3431,Wheat,29977.0,83935.0,2.8,2019,Rabi,"Directorate of Economics & Statistics (DES), Ministry of Agriculture",https://desagri.gov.in/,REAL
Bihar,Jamui,24.6911,85.3431,Wheat,27648.0,83496.0,3.02,2020,Rabi,"Directorate of Economics & Statistics (DES), Ministry of Agriculture",https://desagri.gov.in/,REAL
Bihar,Jamui,24.6911,85.3431,Wheat,27939.0,84375.0,3.02,2021,Rabi,"Directorate of Economics & Statistics (DES), Ministry of Agriculture",https://desagri.gov.in/,REAL
Bihar,Jamui,24.6911,85.3431,Wheat,28812.0,80673.0,2.8,2022,Rabi,"Directorate of Economics & Statistics (DES), Ministry of Agriculture",https://desagri.gov.in/,REAL
Bihar,Jamui,24.6911,85.3431,Wheat,29104.0,76543.0,2.63,2023,Rabi,"Directorate of Economics & Statistics (DES), Ministry of Agriculture",https://desagri.gov.in/,REAL
Bihar,Jamui,24.6911,85.3431,Maize,17281.0,65667.0,3.8,2018,Kharif,"Directorate of Economics & Statistics (DES), Ministry of Agriculture",https://desagri.gov.in/,REAL
Bihar,Jamui,24.6911,85.3431,Maize,17451.0,66313.0,3.8,2019,Kharif,"Directorate of Economics & Statistics (DES), Ministry of Agriculture",https://desagri.gov.in/,REAL
Bihar,Jamui,24.6911,85.3431,Maize,16095.0,65989.0,4.1,2020,Kharif,"Directorate of Economics & Statistics (DES), Ministry of Agriculture",https://desagri.gov.in/,REAL
Bihar,Jamui,24.6911,85.3431,Maize,16265.0,66686.0,4.1,2021,Kharif,"Directorate of Economics & Statistics (DES), Ministry of Agriculture",https://desagri.gov.in/,REAL
Bihar,Jamui,24.6911,85.3431,Maize,16773.0,63737.0,3.8,2022,Kharif,"Directorate of Economics & Statistics (DES), Ministry of Agriculture",https://desagri.gov.in/,REAL
Bihar,Jamui,24.6911,85.3431,Maize,16943.0,60486.0,3.57,2023,Kharif,"Directorate of Economics & Statistics (DES), Ministry of Agriculture",https://desagri.gov.in/,REAL
Bihar,Jehanabad,25.2461,85.5681,Rice / Paddy,19190.0,46056.0,2.4,2018,Kharif,"Directorate of Economics & Statistics (DES), Ministry of Agriculture",https://desagri.gov.in/,REAL
Bihar,Jehanabad,25.2461,85.5681,Rice / Paddy,17873.0,42895.0,2.4,2019,Kharif,"Directorate of Economics & Statistics (DES), Ministry of Agriculture",https://desagri.gov.in/,REAL
Bihar,Jehanabad,25.2461,85.5681,Rice / Paddy,18061.0,46777.0,2.59,2020,Kharif,"Directorate of Economics & Statistics (DES), Ministry of Agriculture",https://desagri.gov.in/,REAL
Bihar,Jehanabad,25.2461,85.5681,Rice / Paddy,19190.0,49702.0,2.59,2021,Kharif,"Directorate of Economics & Statistics (DES), Ministry of Agriculture",https://desagri.gov.in/,REAL
Bihar,Jehanabad,25.2461,85.5681,Rice / Paddy,18437.0,44248.0,2.4,2022,Kharif,"Directorate of Economics & Statistics (DES), Ministry of Agriculture",https://desagri.gov.in/,REAL
Bihar,Jehanabad,25.2461,85.5681,Rice / Paddy,18437.0,41667.0,2.26,2023,Kharif,"Directorate of Economics & Statistics (DES), Ministry of Agriculture",https://desagri.gov.in/,REAL
Bihar,Jehanabad,25.2461,85.5681,Wheat,45982.0,128749.0,2.8,2018,Rabi,"Directorate of Economics & Statistics (DES), Ministry of Agriculture",https://desagri.gov.in/,REAL
Bihar,Jehanabad,25.2461,85.5681,Wheat,42826.0,119912.0,2.8,2019,Rabi,"Directorate of Economics & Statistics (DES), Ministry of Agriculture",https://desagri.gov.in/,REAL
Bihar,Jehanabad,25.2461,85.5681,Wheat,43277.0,130696.0,3.02,2020,Rabi,"Directorate of Economics & Statistics (DES), Ministry of Agriculture",https://desagri.gov.in/,REAL
Bihar,Jehanabad,25.2461,85.5681,Wheat,45982.0,138865.0,3.02,2021,Rabi,"Directorate of Economics & Statistics (DES), Ministry of Agriculture",https://desagri.gov.in/,REAL
Bihar,Jehanabad,25.2461,85.5681,Wheat,44179.0,123701.0,2.8,2022,Rabi,"Directorate of Economics & Statistics (DES), Ministry of Agriculture",https://desagri.gov.in/,REAL
Bihar,Jehanabad,25.2461,85.5681,Wheat,44179.0,116190.0,2.63,2023,Rabi,"Directorate of Economics & Statistics (DES), Ministry of Agriculture",https://desagri.gov.in/,REAL
Bihar,Jehanabad,25.2461,85.5681,Maize,80927.0,307522.0,3.8,2018,Kharif,"Directorate of Economics & Statistics (DES), Ministry of Agriculture",https://desagri.gov.in/,REAL
Bihar,Jehanabad,25.2461,85.5681,Maize,75373.0,286417.0,3.8,2019,Kharif,"Directorate of Economics & Statistics (DES), Ministry of Agriculture",https://desagri.gov.in/,REAL
Bihar,Jehanabad,25.2461,85.5681,Maize,76167.0,312284.0,4.1,2020,Kharif,"Directorate of Economics & Statistics (DES), Ministry of Agriculture",https://desagri.gov.in/,REAL
Bihar,Jehanabad,25.2461,85.5681,Maize,80927.0,331800.0,4.1,2021,Kharif,"Directorate of Economics & Statistics (DES), Ministry of Agriculture",https://desagri.gov.in/,REAL
Bihar,Jehanabad,25.2461,85.5681,Maize,77754.0,295465.0,3.8,2022,Kharif,"Directorate of Economics & Statistics (DES), Ministry of Agriculture",https://desagri.gov.in/,REAL
Bihar,Jehanabad,25.2461,85.5681,Maize,77754.0,277581.0,3.57,2023,Kharif,"Directorate of Economics & Statistics (DES), Ministry of Agriculture",https://desagri.gov.in/,REAL
Bihar,Katihar,24.6761,86.0181,Rice / Paddy,28106.0,67454.0,2.4,2018,Kharif,"Directorate of Economics & Statistics (DES), Ministry of Agriculture",https://desagri.gov.in/,REAL
Bihar,Katihar,24.6761,86.0181,Rice / Paddy,28680.0,68832.0,2.4,2019,Kharif,"Directorate of Economics & Statistics (DES), Ministry of Agriculture",https://desagri.gov.in/,REAL
Bihar,Katihar,24.6761,86.0181,Rice / Paddy,27246.0,70567.0,2.59,2020,Kharif,"Directorate of Economics & Statistics (DES), Ministry of Agriculture",https://desagri.gov.in/,REAL
Bihar,Katihar,24.6761,86.0181,Rice / Paddy,29827.0,77251.0,2.59,2021,Kharif,"Directorate of Economics & Statistics (DES), Ministry of Agriculture",https://desagri.gov.in/,REAL
Bihar,Katihar,24.6761,86.0181,Rice / Paddy,29540.0,70896.0,2.4,2022,Kharif,"Directorate of Economics & Statistics (DES), Ministry of Agriculture",https://desagri.gov.in/,REAL
Bihar,Katihar,24.6761,86.0181,Rice / Paddy,28680.0,64816.0,2.26,2023,Kharif,"Directorate of Economics & Statistics (DES), Ministry of Agriculture",https://desagri.gov.in/,REAL
Bihar,Katihar,24.6761,86.0181,Wheat,33181.0,92906.0,2.8,2018,Rabi,"Directorate of Economics & Statistics (DES), Ministry of Agriculture",https://desagri.gov.in/,REAL
Bihar,Katihar,24.6761,86.0181,Wheat,33859.0,94805.0,2.8,2019,Rabi,"Directorate of Economics & Statistics (DES), Ministry of Agriculture",https://desagri.gov.in/,REAL
Bihar,Katihar,24.6761,86.0181,Wheat,32166.0,97141.0,3.02,2020,Rabi,"Directorate of Economics & Statistics (DES), Ministry of Agriculture",https://desagri.gov.in/,REAL
Bihar,Katihar,24.6761,86.0181,Wheat,35213.0,106343.0,3.02,2021,Rabi,"Directorate of Economics & Statistics (DES), Ministry of Agriculture",https://desagri.gov.in/,REAL
Bihar,Katihar,24.6761,86.0181,Wheat,34874.0,97647.0,2.8,2022,Rabi,"Directorate of Economics & Statistics (DES), Ministry of Agriculture",https://desagri.gov.in/,REAL
Bihar,Katihar,24.6761,86.0181,Wheat,33859.0,89049.0,2.63,2023,Rabi,"Directorate of Economics & Statistics (DES), Ministry of Agriculture",https://desagri.gov.in/,REAL
Bihar,Katihar,24.6761,86.0181,Maize,90214.0,342813.0,3.8,2018,Kharif,"Directorate of Economics & Statistics (DES), Ministry of Agriculture",https://desagri.gov.in/,REAL
Bihar,Katihar,24.6761,86.0181,Maize,92056.0,349812.0,3.8,2019,Kharif,"Directorate of Economics & Statistics (DES), Ministry of Agriculture",https://desagri.gov.in/,REAL
Bihar,Katihar,24.6761,86.0181,Maize,87453.0,358557.0,4.1,2020,Kharif,"Directorate of Economics & Statistics (DES), Ministry of Agriculture",https://desagri.gov.in/,REAL
Bihar,Katihar,24.6761,86.0181,Maize,95738.0,392525.0,4.1,2021,Kharif,"Directorate of Economics & Statistics (DES), Ministry of Agriculture",https://desagri.gov.in/,REAL
Bihar,Katihar,24.6761,86.0181,Maize,94817.0,360304.0,3.8,2022,Kharif,"Directorate of Economics & Statistics (DES), Ministry of Agriculture",https://desagri.gov.in/,REAL
Bihar,Katihar,24.6761,86.0181,Maize,92056.0,328639.0,3.57,2023,Kharif,"Directorate of Economics & Statistics (DES), Ministry of Agriculture",https://desagri.gov.in/,REAL
Bihar,Khagaria,25.3811,85.5531,Rice / Paddy,35980.0,86352.0,2.4,2018,Kharif,"Directorate of Economics & Statistics (DES), Ministry of Agriculture",https://desagri.gov.in/,REAL
Bihar,Khagaria,25.3811,85.5531,Rice / Paddy,35267.0,84640.0,2.4,2019,Kharif,"Directorate of Economics & Statistics (DES), Ministry of Agriculture",https://desagri.gov.in/,REAL
Bihar,Khagaria,25.3811,85.5531,Rice / Paddy,35267.0,91341.0,2.59,2020,Kharif,"Directorate of Economics & Statistics (DES), Ministry of Agriculture",https://desagri.gov.in/,REAL
Bihar,Khagaria,25.3811,85.5531,Rice / Paddy,33842.0,87650.0,2.59,2021,Kharif,"Directorate of Economics & Statistics (DES), Ministry of Agriculture",https://desagri.gov.in/,REAL
Bihar,Khagaria,25.3811,85.5531,Rice / Paddy,35980.0,86352.0,2.4,2022,Kharif,"Directorate of Economics & Statistics (DES), Ministry of Agriculture",https://desagri.gov.in/,REAL
Bihar,Khagaria,25.3811,85.5531,Rice / Paddy,37048.0,83728.0,2.26,2023,Kharif,"Directorate of Economics & Statistics (DES), Ministry of Agriculture",https://desagri.gov.in/,REAL
Bihar,Khagaria,25.3811,85.5531,Wheat,35668.0,99870.0,2.8,2018,Rabi,"Directorate of Economics & Statistics (DES), Ministry of Agriculture",https://desagri.gov.in/,REAL
Bihar,Khagaria,25.3811,85.5531,Wheat,34961.0,97890.0,2.8,2019,Rabi,"Directorate of Economics & Statistics (DES), Ministry of Agriculture",https://desagri.gov.in/,REAL
Bihar,Khagaria,25.3811,85.5531,Wheat,34961.0,105582.0,3.02,2020,Rabi,"Directorate of Economics & Statistics (DES), Ministry of Agriculture",https://desagri.gov.in/,REAL
Bihar,Khagaria,25.3811,85.5531,Wheat,33549.0,101317.0,3.02,2021,Rabi,"Directorate of Economics & Statistics (DES), Ministry of Agriculture",https://desagri.gov.in/,REAL
Bihar,Khagaria,25.3811,85.5531,Wheat,35668.0,99870.0,2.8,2022,Rabi,"Directorate of Economics & Statistics (DES), Ministry of Agriculture",https://desagri.gov.in/,REAL
Bihar,Khagaria,25.3811,85.5531,Wheat,36727.0,96592.0,2.63,2023,Rabi,"Directorate of Economics & Statistics (DES), Ministry of Agriculture",https://desagri.gov.in/,REAL
Bihar,Khagaria,25.3811,85.5531,Maize,66060.0,251028.0,3.8,2018,Kharif,"Directorate of Economics & Statistics (DES), Ministry of Agriculture",https://desagri.gov.in/,REAL
Bihar,Khagaria,25.3811,85.5531,Maize,64751.0,246053.0,3.8,2019,Kharif,"Directorate of Economics & Statistics (DES), Ministry of Agriculture",https://desagri.gov.in/,REAL
Bihar,Khagaria,25.3811,85.5531,Maize,64751.0,265479.0,4.1,2020,Kharif,"Directorate of Economics & Statistics (DES), Ministry of Agriculture",https://desagri.gov.in/,REAL
Bihar,Khagaria,25.3811,85.5531,Maize,62135.0,254753.0,4.1,2021,Kharif,"Directorate of Economics & Statistics (DES), Ministry of Agriculture",https://desagri.gov.in/,REAL
Bihar,Khagaria,25.3811,85.5531,Maize,66060.0,251028.0,3.8,2022,Kharif,"Directorate of Economics & Statistics (DES), Ministry of Agriculture",https://desagri.gov.in/,REAL
Bihar,Khagaria,25.3811,85.5531,Maize,68022.0,242838.0,3.57,2023,Kharif,"Directorate of Economics & Statistics (DES), Ministry of Agriculture",https://desagri.gov.in/,REAL
Bihar,KishanGanj,25.3961,85.7931,Rice / Paddy,48750.0,117000.0,2.4,2018,Kharif,"Directorate of Economics & Statistics (DES), Ministry of Agriculture",https://desagri.gov.in/,REAL
Bihar,KishanGanj,25.3961,85.7931,Rice / Paddy,52305.0,125532.0,2.4,2019,Kharif,"Directorate of Economics & Statistics (DES), Ministry of Agriculture",https://desagri.gov.in/,REAL
Bihar,KishanGanj,25.3961,85.7931,Rice / Paddy,48242.0,124946.0,2.59,2020,Kharif,"Directorate of Economics & Statistics (DES), Ministry of Agriculture",https://desagri.gov.in/,REAL
Bihar,KishanGanj,25.3961,85.7931,Rice / Paddy,48242.0,124946.0,2.59,2021,Kharif,"Directorate of Economics & Statistics (DES), Ministry of Agriculture",https://desagri.gov.in/,REAL
Bihar,KishanGanj,25.3961,85.7931,Rice / Paddy,48750.0,117000.0,2.4,2022,Kharif,"Directorate of Economics & Statistics (DES), Ministry of Agriculture",https://desagri.gov.in/,REAL
Bihar,KishanGanj,25.3961,85.7931,Rice / Paddy,48750.0,110174.0,2.26,2023,Kharif,"Directorate of Economics & Statistics (DES), Ministry of Agriculture",https://desagri.gov.in/,REAL
Bihar,KishanGanj,25.3961,85.7931,Wheat,61344.0,171763.0,2.8,2018,Rabi,"Directorate of Economics & Statistics (DES), Ministry of Agriculture",https://desagri.gov.in/,REAL
Bihar,KishanGanj,25.3961,85.7931,Wheat,65818.0,184290.0,2.8,2019,Rabi,"Directorate of Economics & Statistics (DES), Ministry of Agriculture",https://desagri.gov.in/,REAL
Bihar,KishanGanj,25.3961,85.7931,Wheat,60705.0,183329.0,3.02,2020,Rabi,"Directorate of Economics & Statistics (DES), Ministry of Agriculture",https://desagri.gov.in/,REAL
Bihar,KishanGanj,25.3961,85.7931,Wheat,60705.0,183329.0,3.02,2021,Rabi,"Directorate of Economics & Statistics (DES), Ministry of Agriculture",https://desagri.gov.in/,REAL
Bihar,KishanGanj,25.3961,85.7931,Wheat,61344.0,171763.0,2.8,2022,Rabi,"Directorate of Economics & Statistics (DES), Ministry of Agriculture",https://desagri.gov.in/,REAL
Bihar,KishanGanj,25.3961,85.7931,Wheat,61344.0,161334.0,2.63,2023,Rabi,"Directorate of Economics & Statistics (DES), Ministry of Agriculture",https://desagri.gov.in/,REAL
Bihar,KishanGanj,25.3961,85.7931,Maize,95296.0,362124.0,3.8,2018,Kharif,"Directorate of Economics & Statistics (DES), Ministry of Agriculture",https://desagri.gov.in/,REAL
Bihar,KishanGanj,25.3961,85.7931,Maize,102245.0,388531.0,3.8,2019,Kharif,"Directorate of Economics & Statistics (DES), Ministry of Agriculture",https://desagri.gov.in/,REAL
Bihar,KishanGanj,25.3961,85.7931,Maize,94303.0,386642.0,4.1,2020,Kharif,"Directorate of Economics & Statistics (DES), Ministry of Agriculture",https://desagri.gov.in/,REAL
Bihar,KishanGanj,25.3961,85.7931,Maize,94303.0,386642.0,4.1,2021,Kharif,"Directorate of Economics & Statistics (DES), Ministry of Agriculture",https://desagri.gov.in/,REAL
Bihar,KishanGanj,25.3961,85.7931,Maize,95296.0,362124.0,3.8,2022,Kharif,"Directorate of Economics & Statistics (DES), Ministry of Agriculture",https://desagri.gov.in/,REAL
Bihar,KishanGanj,25.3961,85.7931,Maize,95296.0,340206.0,3.57,2023,Kharif,"Directorate of Economics & Statistics (DES), Ministry of Agriculture",https://desagri.gov.in/,REAL
Bihar,Lakhisarai,24.7811,84.9681,Rice / Paddy,88594.0,212625.0,2.4,2018,Kharif,"Directorate of Economics & Statistics (DES), Ministry of Agriculture",https://desagri.gov.in/,REAL
Bihar,Lakhisarai,24.7811,84.9681,Rice / Paddy,86822.0,208372.0,2.4,2019,Kharif,"Directorate of Economics & Statistics (DES), Ministry of Agriculture",https://desagri.gov.in/,REAL
Bihar,Lakhisarai,24.7811,84.9681,Rice / Paddy,86822.0,224868.0,2.59,2020,Kharif,"Directorate of Economics & Statistics (DES), Ministry of Agriculture",https://desagri.gov.in/,REAL
Bihar,Lakhisarai,24.7811,84.9681,Rice / Paddy,89479.0,231750.0,2.59,2021,Kharif,"Directorate of Economics & Statistics (DES), Ministry of Agriculture",https://desagri.gov.in/,REAL
Bihar,Lakhisarai,24.7811,84.9681,Rice / Paddy,86822.0,208372.0,2.4,2022,Kharif,"Directorate of Economics & Statistics (DES), Ministry of Agriculture",https://desagri.gov.in/,REAL
Bihar,Lakhisarai,24.7811,84.9681,Rice / Paddy,91251.0,206227.0,2.26,2023,Kharif,"Directorate of Economics & Statistics (DES), Ministry of Agriculture",https://desagri.gov.in/,REAL
Bihar,Lakhisarai,24.7811,84.9681,Wheat,98050.0,274540.0,2.8,2018,Rabi,"Directorate of Economics & Statistics (DES), Ministry of Agriculture",https://desagri.gov.in/,REAL
Bihar,Lakhisarai,24.7811,84.9681,Wheat,96089.0,269049.0,2.8,2019,Rabi,"Directorate of Economics & Statistics (DES), Ministry of Agriculture",https://desagri.gov.in/,REAL
Bihar,Lakhisarai,24.7811,84.9681,Wheat,96089.0,290188.0,3.02,2020,Rabi,"Directorate of Economics & Statistics (DES), Ministry of Agriculture",https://desagri.gov.in/,REAL
Bihar,Lakhisarai,24.7811,84.9681,Wheat,99030.0,299070.0,3.02,2021,Rabi,"Directorate of Economics & Statistics (DES), Ministry of Agriculture",https://desagri.gov.in/,REAL
Bihar,Lakhisarai,24.7811,84.9681,Wheat,96089.0,269049.0,2.8,2022,Rabi,"Directorate of Economics & Statistics (DES), Ministry of Agriculture",https://desagri.gov.in/,REAL
Bihar,Lakhisarai,24.7811,84.9681,Wheat,100991.0,265606.0,2.63,2023,Rabi,"Directorate of Economics & Statistics (DES), Ministry of Agriculture",https://desagri.gov.in/,REAL
Bihar,Lakhisarai,24.7811,84.9681,Maize,68603.0,260691.0,3.8,2018,Kharif,"Directorate of Economics & Statistics (DES), Ministry of Agriculture",https://desagri.gov.in/,REAL
Bihar,Lakhisarai,24.7811,84.9681,Maize,67230.0,255474.0,3.8,2019,Kharif,"Directorate of Economics & Statistics (DES), Ministry of Agriculture",https://desagri.gov.in/,REAL
Bihar,Lakhisarai,24.7811,84.9681,Maize,67230.0,275643.0,4.1,2020,Kharif,"Directorate of Economics & Statistics (DES), Ministry of Agriculture",https://desagri.gov.in/,REAL
Bihar,Lakhisarai,24.7811,84.9681,Maize,69289.0,284084.0,4.1,2021,Kharif,"Directorate of Economics & Statistics (DES), Ministry of Agriculture",https://desagri.gov.in/,REAL
Bihar,Lakhisarai,24.7811,84.9681,Maize,67230.0,255474.0,3.8,2022,Kharif,"Directorate of Economics & Statistics (DES), Ministry of Agriculture",https://desagri.gov.in/,REAL
Bihar,Lakhisarai,24.7811,84.9681,Maize,70661.0,252259.0,3.57,2023,Kharif,"Directorate of Economics & Statistics (DES), Ministry of Agriculture",https://desagri.gov.in/,REAL
Bihar,Madhepura,25.0361,84.8481,Rice / Paddy,82489.0,197973.0,2.4,2018,Kharif,"Directorate of Economics & Statistics (DES), Ministry of Agriculture",https://desagri.gov.in/,REAL
Bihar,Madhepura,25.0361,84.8481,Rice / Paddy,84190.0,202056.0,2.4,2019,Kharif,"Directorate of Economics & Statistics (DES), Ministry of Agriculture",https://desagri.gov.in/,REAL
Bihar,Madhepura,25.0361,84.8481,Rice / Paddy,81639.0,211445.0,2.59,2020,Kharif,"Directorate of Economics & Statistics (DES), Ministry of Agriculture",https://desagri.gov.in/,REAL
Bihar,Madhepura,25.0361,84.8481,Rice / Paddy,85041.0,220256.0,2.59,2021,Kharif,"Directorate of Economics & Statistics (DES), Ministry of Agriculture",https://desagri.gov.in/,REAL
Bihar,Madhepura,25.0361,84.8481,Rice / Paddy,86741.0,208178.0,2.4,2022,Kharif,"Directorate of Economics & Statistics (DES), Ministry of Agriculture",https://desagri.gov.in/,REAL
Bihar,Madhepura,25.0361,84.8481,Rice / Paddy,81639.0,184504.0,2.26,2023,Kharif,"Directorate of Economics & Statistics (DES), Ministry of Agriculture",https://desagri.gov.in/,REAL
Bihar,Madhepura,25.0361,84.8481,Wheat,80008.0,224022.0,2.8,2018,Rabi,"Directorate of Economics & Statistics (DES), Ministry of Agriculture",https://desagri.gov.in/,REAL
Bihar,Madhepura,25.0361,84.8481,Wheat,81658.0,228642.0,2.8,2019,Rabi,"Directorate of Economics & Statistics (DES), Ministry of Agriculture",https://desagri.gov.in/,REAL
Bihar,Madhepura,25.0361,84.8481,Wheat,79183.0,239132.0,3.02,2020,Rabi,"Directorate of Economics & Statistics (DES), Ministry of Agriculture",https://desagri.gov.in/,REAL
Bihar,Madhepura,25.0361,84.8481,Wheat,82483.0,249098.0,3.02,2021,Rabi,"Directorate of Economics & Statistics (DES), Ministry of Agriculture",https://desagri.gov.in/,REAL
Bihar,Madhepura,25.0361,84.8481,Wheat,84132.0,235569.0,2.8,2022,Rabi,"Directorate of Economics & Statistics (DES), Ministry of Agriculture",https://desagri.gov.in/,REAL
Bihar,Madhepura,25.0361,84.8481,Wheat,79183.0,208251.0,2.63,2023,Rabi,"Directorate of Economics & Statistics (DES), Ministry of Agriculture",https://desagri.gov.in/,REAL
Bihar,Madhepura,25.0361,84.8481,Maize,79433.0,301845.0,3.8,2018,Kharif,"Directorate of Economics & Statistics (DES), Ministry of Agriculture",https://desagri.gov.in/,REAL
Bihar,Madhepura,25.0361,84.8481,Maize,81071.0,308069.0,3.8,2019,Kharif,"Directorate of Economics & Statistics (DES), Ministry of Agriculture",https://desagri.gov.in/,REAL
Bihar,Madhepura,25.0361,84.8481,Maize,78614.0,322317.0,4.1,2020,Kharif,"Directorate of Economics & Statistics (DES), Ministry of Agriculture",https://desagri.gov.in/,REAL
Bihar,Madhepura,25.0361,84.8481,Maize,81890.0,335749.0,4.1,2021,Kharif,"Directorate of Economics & Statistics (DES), Ministry of Agriculture",https://desagri.gov.in/,REAL
Bihar,Madhepura,25.0361,84.8481,Maize,83527.0,317402.0,3.8,2022,Kharif,"Directorate of Economics & Statistics (DES), Ministry of Agriculture",https://desagri.gov.in/,REAL
Bihar,Madhepura,25.0361,84.8481,Maize,78614.0,280651.0,3.57,2023,Kharif,"Directorate of Economics & Statistics (DES), Ministry of Agriculture",https://desagri.gov.in/,REAL
Bihar,Madhubani,24.7061,85.8681,Rice / Paddy,43065.0,103356.0,2.4,2018,Kharif,"Directorate of Economics & Statistics (DES), Ministry of Agriculture",https://desagri.gov.in/,REAL
Bihar,Madhubani,24.7061,85.8681,Rice / Paddy,45241.0,108578.0,2.4,2019,Kharif,"Directorate of Economics & Statistics (DES), Ministry of Agriculture",https://desagri.gov.in/,REAL
Bihar,Madhubani,24.7061,85.8681,Rice / Paddy,44806.0,116047.0,2.59,2020,Kharif,"Directorate of Economics & Statistics (DES), Ministry of Agriculture",https://desagri.gov.in/,REAL
Bihar,Madhubani,24.7061,85.8681,Rice / Paddy,43501.0,112667.0,2.59,2021,Kharif,"Directorate of Economics & Statistics (DES), Ministry of Agriculture",https://desagri.gov.in/,REAL
Bihar,Madhubani,24.7061,85.8681,Rice / Paddy,41760.0,100224.0,2.4,2022,Kharif,"Directorate of Economics & Statistics (DES), Ministry of Agriculture",https://desagri.gov.in/,REAL
Bihar,Madhubani,24.7061,85.8681,Rice / Paddy,42195.0,95360.0,2.26,2023,Kharif,"Directorate of Economics & Statistics (DES), Ministry of Agriculture",https://desagri.gov.in/,REAL
Bihar,Madhubani,24.7061,85.8681,Wheat,44311.0,124070.0,2.8,2018,Rabi,"Directorate of Economics & Statistics (DES), Ministry of Agriculture",https://desagri.gov.in/,REAL
Bihar,Madhubani,24.7061,85.8681,Wheat,46549.0,130337.0,2.8,2019,Rabi,"Directorate of Economics & Statistics (DES), Ministry of Agriculture",https://desagri.gov.in/,REAL
Bihar,Madhubani,24.7061,85.8681,Wheat,46101.0,139225.0,3.02,2020,Rabi,"Directorate of Economics & Statistics (DES), Ministry of Agriculture",https://desagri.gov.in/,REAL
Bihar,Madhubani,24.7061,85.8681,Wheat,44759.0,135172.0,3.02,2021,Rabi,"Directorate of Economics & Statistics (DES), Ministry of Agriculture",https://desagri.gov.in/,REAL
Bihar,Madhubani,24.7061,85.8681,Wheat,42968.0,120310.0,2.8,2022,Rabi,"Directorate of Economics & Statistics (DES), Ministry of Agriculture",https://desagri.gov.in/,REAL
Bihar,Madhubani,24.7061,85.8681,Wheat,43416.0,114184.0,2.63,2023,Rabi,"Directorate of Economics & Statistics (DES), Ministry of Agriculture",https://desagri.gov.in/,REAL
Bihar,Madhubani,24.7061,85.8681,Maize,82646.0,314054.0,3.8,2018,Kharif,"Directorate of Economics & Statistics (DES), Ministry of Agriculture",https://desagri.gov.in/,REAL
Bihar,Madhubani,24.7061,85.8681,Maize,86820.0,329916.0,3.8,2019,Kharif,"Directorate of Economics & Statistics (DES), Ministry of Agriculture",https://desagri.gov.in/,REAL
Bihar,Madhubani,24.7061,85.8681,Maize,85985.0,352538.0,4.1,2020,Kharif,"Directorate of Economics & Statistics (DES), Ministry of Agriculture",https://desagri.gov.in/,REAL
Bihar,Madhubani,24.7061,85.8681,Maize,83481.0,342272.0,4.1,2021,Kharif,"Directorate of Economics & Statistics (DES), Ministry of Agriculture",https://desagri.gov.in/,REAL
Bihar,Madhubani,24.7061,85.8681,Maize,80141.0,304535.0,3.8,2022,Kharif,"Directorate of Economics & Statistics (DES), Ministry of Agriculture",https://desagri.gov.in/,REAL
Bihar,Madhubani,24.7061,85.8681,Maize,80976.0,289084.0,3.57,2023,Kharif,"Directorate of Economics & Statistics (DES), Ministry of Agriculture",https://desagri.gov.in/,REAL
Bihar,Munger,25.2461,84.6231,Rice / Paddy,81961.0,196706.0,2.4,2018,Kharif,"Directorate of Economics & Statistics (DES), Ministry of Agriculture",https://desagri.gov.in/,REAL
Bihar,Munger,25.2461,84.6231,Rice / Paddy,78715.0,188916.0,2.4,2019,Kharif,"Directorate of Economics & Statistics (DES), Ministry of Agriculture",https://desagri.gov.in/,REAL
Bihar,Munger,25.2461,84.6231,Rice / Paddy,80338.0,208075.0,2.59,2020,Kharif,"Directorate of Economics & Statistics (DES), Ministry of Agriculture",https://desagri.gov.in/,REAL
Bihar,Munger,25.2461,84.6231,Rice / Paddy,83584.0,216482.0,2.59,2021,Kharif,"Directorate of Economics & Statistics (DES), Ministry of Agriculture",https://desagri.gov.in/,REAL
Bihar,Munger,25.2461,84.6231,Rice / Paddy,82773.0,198655.0,2.4,2022,Kharif,"Directorate of Economics & Statistics (DES), Ministry of Agriculture",https://desagri.gov.in/,REAL
Bihar,Munger,25.2461,84.6231,Rice / Paddy,82773.0,187066.0,2.26,2023,Kharif,"Directorate of Economics & Statistics (DES), Ministry of Agriculture",https://desagri.gov.in/,REAL
Bihar,Munger,25.2461,84.6231,Wheat,40889.0,114489.0,2.8,2018,Rabi,"Directorate of Economics & Statistics (DES), Ministry of Agriculture",https://desagri.gov.in/,REAL
Bihar,Munger,25.2461,84.6231,Wheat,39270.0,109956.0,2.8,2019,Rabi,"Directorate of Economics & Statistics (DES), Ministry of Agriculture",https://desagri.gov.in/,REAL
Bihar,Munger,25.2461,84.6231,Wheat,40080.0,121041.0,3.02,2020,Rabi,"Directorate of Economics & Statistics (DES), Ministry of Agriculture",https://desagri.gov.in/,REAL
Bihar,Munger,25.2461,84.6231,Wheat,41699.0,125930.0,3.02,2021,Rabi,"Directorate of Economics & Statistics (DES), Ministry of Agriculture",https://desagri.gov.in/,REAL
Bihar,Munger,25.2461,84.6231,Wheat,41294.0,115623.0,2.8,2022,Rabi,"Directorate of Economics & Statistics (DES), Ministry of Agriculture",https://desagri.gov.in/,REAL
Bihar,Munger,25.2461,84.6231,Wheat,41294.0,108603.0,2.63,2023,Rabi,"Directorate of Economics & Statistics (DES), Ministry of Agriculture",https://desagri.gov.in/,REAL
Bihar,Munger,25.2461,84.6231,Maize,28131.0,106897.0,3.8,2018,Kharif,"Directorate of Economics & Statistics (DES), Ministry of Agriculture",https://desagri.gov.in/,REAL
Bihar,Munger,25.2461,84.6231,Maize,27017.0,102664.0,3.8,2019,Kharif,"Directorate of Economics & Statistics (DES), Ministry of Agriculture",https://desagri.gov.in/,REAL
Bihar,Munger,25.2461,84.6231,Maize,27574.0,113053.0,4.1,2020,Kharif,"Directorate of Economics & Statistics (DES), Ministry of Agriculture",https://desagri.gov.in/,REAL
Bihar,Munger,25.2461,84.6231,Maize,28688.0,117620.0,4.1,2021,Kharif,"Directorate of Economics & Statistics (DES), Ministry of Agriculture",https://desagri.gov.in/,REAL
Bihar,Munger,25.2461,84.6231,Maize,28410.0,107958.0,3.8,2022,Kharif,"Directorate of Economics & Statistics (DES), Ministry of Agriculture",https://desagri.gov.in/,REAL
Bihar,Munger,25.2461,84.6231,Maize,28410.0,101423.0,3.57,2023,Kharif,"Directorate of Economics & Statistics (DES), Ministry of Agriculture",https://desagri.gov.in/,REAL
Bihar,Muzaffarpur,24.5111,84.6231,Rice / Paddy,74635.0,179124.0,2.4,2018,Kharif,"Directorate of Economics & Statistics (DES), Ministry of Agriculture",https://desagri.gov.in/,REAL
Bihar,Muzaffarpur,24.5111,84.6231,Rice / Paddy,73897.0,177352.0,2.4,2019,Kharif,"Directorate of Economics & Statistics (DES), Ministry of Agriculture",https://desagri.gov.in/,REAL
Bihar,Muzaffarpur,24.5111,84.6231,Rice / Paddy,72419.0,187565.0,2.59,2020,Kharif,"Directorate of Economics & Statistics (DES), Ministry of Agriculture",https://desagri.gov.in/,REAL
Bihar,Muzaffarpur,24.5111,84.6231,Rice / Paddy,73897.0,191393.0,2.59,2021,Kharif,"Directorate of Economics & Statistics (DES), Ministry of Agriculture",https://desagri.gov.in/,REAL
Bihar,Muzaffarpur,24.5111,84.6231,Rice / Paddy,72419.0,173805.0,2.4,2022,Kharif,"Directorate of Economics & Statistics (DES), Ministry of Agriculture",https://desagri.gov.in/,REAL
Bihar,Muzaffarpur,24.5111,84.6231,Rice / Paddy,71680.0,161996.0,2.26,2023,Kharif,"Directorate of Economics & Statistics (DES), Ministry of Agriculture",https://desagri.gov.in/,REAL
Bihar,Muzaffarpur,24.5111,84.6231,Wheat,86478.0,242138.0,2.8,2018,Rabi,"Directorate of Economics & Statistics (DES), Ministry of Agriculture",https://desagri.gov.in/,REAL
Bihar,Muzaffarpur,24.5111,84.6231,Wheat,85622.0,239741.0,2.8,2019,Rabi,"Directorate of Economics & Statistics (DES), Ministry of Agriculture",https://desagri.gov.in/,REAL
Bihar,Muzaffarpur,24.5111,84.6231,Wheat,83909.0,253405.0,3.02,2020,Rabi,"Directorate of Economics & Statistics (DES), Ministry of Agriculture",https://desagri.gov.in/,REAL
Bihar,Muzaffarpur,24.5111,84.6231,Wheat,85622.0,258578.0,3.02,2021,Rabi,"Directorate of Economics & Statistics (DES), Ministry of Agriculture",https://desagri.gov.in/,REAL
Bihar,Muzaffarpur,24.5111,84.6231,Wheat,83909.0,234945.0,2.8,2022,Rabi,"Directorate of Economics & Statistics (DES), Ministry of Agriculture",https://desagri.gov.in/,REAL
Bihar,Muzaffarpur,24.5111,84.6231,Wheat,83053.0,218429.0,2.63,2023,Rabi,"Directorate of Economics & Statistics (DES), Ministry of Agriculture",https://desagri.gov.in/,REAL
Bihar,Muzaffarpur,24.5111,84.6231,Maize,77504.0,294515.0,3.8,2018,Kharif,"Directorate of Economics & Statistics (DES), Ministry of Agriculture",https://desagri.gov.in/,REAL
Bihar,Muzaffarpur,24.5111,84.6231,Maize,76737.0,291600.0,3.8,2019,Kharif,"Directorate of Economics & Statistics (DES), Ministry of Agriculture",https://desagri.gov.in/,REAL
Bihar,Muzaffarpur,24.5111,84.6231,Maize,75202.0,308328.0,4.1,2020,Kharif,"Directorate of Economics & Statistics (DES), Ministry of Agriculture",https://desagri.gov.in/,REAL
Bihar,Muzaffarpur,24.5111,84.6231,Maize,76737.0,314621.0,4.1,2021,Kharif,"Directorate of Economics & Statistics (DES), Ministry of Agriculture",https://desagri.gov.in/,REAL
Bihar,Muzaffarpur,24.5111,84.6231,Maize,75202.0,285767.0,3.8,2022,Kharif,"Directorate of Economics & Statistics (DES), Ministry of Agriculture",https://desagri.gov.in/,REAL
Bihar,Muzaffarpur,24.5111,84.6231,Maize,74434.0,265729.0,3.57,2023,Kharif,"Directorate of Economics & Statistics (DES), Ministry of Agriculture",https://desagri.gov.in/,REAL
Bihar,Nalanda,25.4261,85.1181,Rice / Paddy,26932.0,64636.0,2.4,2018,Kharif,"Directorate of Economics & Statistics (DES), Ministry of Agriculture",https://desagri.gov.in/,REAL
Bihar,Nalanda,25.4261,85.1181,Rice / Paddy,29177.0,70024.0,2.4,2019,Kharif,"Directorate of Economics & Statistics (DES), Ministry of Agriculture",https://desagri.gov.in/,REAL
Bihar,Nalanda,25.4261,85.1181,Rice / Paddy,27213.0,70481.0,2.59,2020,Kharif,"Directorate of Economics & Statistics (DES), Ministry of Agriculture",https://desagri.gov.in/,REAL
Bihar,Nalanda,25.4261,85.1181,Rice / Paddy,28335.0,73387.0,2.59,2021,Kharif,"Directorate of Economics & Statistics (DES), Ministry of Agriculture",https://desagri.gov.in/,REAL
Bihar,Nalanda,25.4261,85.1181,Rice / Paddy,27213.0,65311.0,2.4,2022,Kharif,"Directorate of Economics & Statistics (DES), Ministry of Agriculture",https://desagri.gov.in/,REAL
Bihar,Nalanda,25.4261,85.1181,Rice / Paddy,27493.0,62134.0,2.26,2023,Kharif,"Directorate of Economics & Statistics (DES), Ministry of Agriculture",https://desagri.gov.in/,REAL
Bihar,Nalanda,25.4261,85.1181,Wheat,15978.0,44738.0,2.8,2018,Rabi,"Directorate of Economics & Statistics (DES), Ministry of Agriculture",https://desagri.gov.in/,REAL
Bihar,Nalanda,25.4261,85.1181,Wheat,17309.0,48465.0,2.8,2019,Rabi,"Directorate of Economics & Statistics (DES), Ministry of Agriculture",https://desagri.gov.in/,REAL
Bihar,Nalanda,25.4261,85.1181,Wheat,16144.0,48754.0,3.02,2020,Rabi,"Directorate of Economics & Statistics (DES), Ministry of Agriculture",https://desagri.gov.in/,REAL
Bihar,Nalanda,25.4261,85.1181,Wheat,16810.0,50766.0,3.02,2021,Rabi,"Directorate of Economics & Statistics (DES), Ministry of Agriculture",https://desagri.gov.in/,REAL
Bihar,Nalanda,25.4261,85.1181,Wheat,16144.0,45203.0,2.8,2022,Rabi,"Directorate of Economics & Statistics (DES), Ministry of Agriculture",https://desagri.gov.in/,REAL
Bihar,Nalanda,25.4261,85.1181,Wheat,16311.0,42897.0,2.63,2023,Rabi,"Directorate of Economics & Statistics (DES), Ministry of Agriculture",https://desagri.gov.in/,REAL
Bihar,Nalanda,25.4261,85.1181,Maize,77746.0,295434.0,3.8,2018,Kharif,"Directorate of Economics & Statistics (DES), Ministry of Agriculture",https://desagri.gov.in/,REAL
Bihar,Nalanda,25.4261,85.1181,Maize,84225.0,320055.0,3.8,2019,Kharif,"Directorate of Economics & Statistics (DES), Ministry of Agriculture",https://desagri.gov.in/,REAL
Bihar,Nalanda,25.4261,85.1181,Maize,78556.0,322079.0,4.1,2020,Kharif,"Directorate of Economics & Statistics (DES), Ministry of Agriculture",https://desagri.gov.in/,REAL
Bihar,Nalanda,25.4261,85.1181,Maize,81795.0,335359.0,4.1,2021,Kharif,"Directorate of Economics & Statistics (DES), Ministry of Agriculture",https://desagri.gov.in/,REAL
Bihar,Nalanda,25.4261,85.1181,Maize,78556.0,298512.0,3.8,2022,Kharif,"Directorate of Economics & Statistics (DES), Ministry of Agriculture",https://desagri.gov.in/,REAL
Bihar,Nalanda,25.4261,85.1181,Maize,79366.0,283336.0,3.57,2023,Kharif,"Directorate of Economics & Statistics (DES), Ministry of Agriculture",https://desagri.gov.in/,REAL
Bihar,Nawada,24.9161,85.0881,Rice / Paddy,54395.0,130548.0,2.4,2018,Kharif,"Directorate of Economics & Statistics (DES), Ministry of Agriculture",https://desagri.gov.in/,REAL
Bihar,Nawada,24.9161,85.0881,Rice / Paddy,57171.0,137210.0,2.4,2019,Kharif,"Directorate of Economics & Statistics (DES), Ministry of Agriculture",https://desagri.gov.in/,REAL
Bihar,Nawada,24.9161,85.0881,Rice / Paddy,52730.0,136570.0,2.59,2020,Kharif,"Directorate of Economics & Statistics (DES), Ministry of Agriculture",https://desagri.gov.in/,REAL
Bihar,Nawada,24.9161,85.0881,Rice / Paddy,57171.0,148072.0,2.59,2021,Kharif,"Directorate of Economics & Statistics (DES), Ministry of Agriculture",https://desagri.gov.in/,REAL
Bihar,Nawada,24.9161,85.0881,Rice / Paddy,55506.0,133214.0,2.4,2022,Kharif,"Directorate of Economics & Statistics (DES), Ministry of Agriculture",https://desagri.gov.in/,REAL
Bihar,Nawada,24.9161,85.0881,Rice / Paddy,57171.0,129206.0,2.26,2023,Kharif,"Directorate of Economics & Statistics (DES), Ministry of Agriculture",https://desagri.gov.in/,REAL
Bihar,Nawada,24.9161,85.0881,Wheat,35139.0,98389.0,2.8,2018,Rabi,"Directorate of Economics & Statistics (DES), Ministry of Agriculture",https://desagri.gov.in/,REAL
Bihar,Nawada,24.9161,85.0881,Wheat,36932.0,103409.0,2.8,2019,Rabi,"Directorate of Economics & Statistics (DES), Ministry of Agriculture",https://desagri.gov.in/,REAL
Bihar,Nawada,24.9161,85.0881,Wheat,34064.0,102873.0,3.02,2020,Rabi,"Directorate of Economics & Statistics (DES), Ministry of Agriculture",https://desagri.gov.in/,REAL
Bihar,Nawada,24.9161,85.0881,Wheat,36932.0,111534.0,3.02,2021,Rabi,"Directorate of Economics & Statistics (DES), Ministry of Agriculture",https://desagri.gov.in/,REAL
Bihar,Nawada,24.9161,85.0881,Wheat,35857.0,100399.0,2.8,2022,Rabi,"Directorate of Economics & Statistics (DES), Ministry of Agriculture",https://desagri.gov.in/,REAL
Bihar,Nawada,24.9161,85.0881,Wheat,36932.0,97131.0,2.63,2023,Rabi,"Directorate of Economics & Statistics (DES), Ministry of Agriculture",https://desagri.gov.in/,REAL
Bihar,Nawada,24.9161,85.0881,Maize,97859.0,371864.0,3.8,2018,Kharif,"Directorate of Economics & Statistics (DES), Ministry of Agriculture",https://desagri.gov.in/,REAL
Bihar,Nawada,24.9161,85.0881,Maize,102852.0,390837.0,3.8,2019,Kharif,"Directorate of Economics & Statistics (DES), Ministry of Agriculture",https://desagri.gov.in/,REAL
Bihar,Nawada,24.9161,85.0881,Maize,94864.0,388942.0,4.1,2020,Kharif,"Directorate of Economics & Statistics (DES), Ministry of Agriculture",https://desagri.gov.in/,REAL
Bihar,Nawada,24.9161,85.0881,Maize,102852.0,421693.0,4.1,2021,Kharif,"Directorate of Economics & Statistics (DES), Ministry of Agriculture",https://desagri.gov.in/,REAL
Bihar,Nawada,24.9161,85.0881,Maize,99857.0,379456.0,3.8,2022,Kharif,"Directorate of Economics & Statistics (DES), Ministry of Agriculture",https://desagri.gov.in/,REAL
Bihar,Nawada,24.9161,85.0881,Maize,102852.0,367181.0,3.57,2023,Kharif,"Directorate of Economics & Statistics (DES), Ministry of Agriculture",https://desagri.gov.in/,REAL
Bihar,Pashchim Champaran,24.6011,85.4481,Rice / Paddy,22105.0,53052.0,2.4,2018,Kharif,"Directorate of Economics & Statistics (DES), Ministry of Agriculture",https://desagri.gov.in/,REAL
Bihar,Pashchim Champaran,24.6011,85.4481,Rice / Paddy,23257.0,55816.0,2.4,2019,Kharif,"Directorate of Economics & Statistics (DES), Ministry of Agriculture",https://desagri.gov.in/,REAL
Bihar,Pashchim Champaran,24.6011,85.4481,Rice / Paddy,21875.0,56656.0,2.59,2020,Kharif,"Directorate of Economics & Statistics (DES), Ministry of Agriculture",https://desagri.gov.in/,REAL
Bihar,Pashchim Champaran,24.6011,85.4481,Rice / Paddy,23257.0,60235.0,2.59,2021,Kharif,"Directorate of Economics & Statistics (DES), Ministry of Agriculture",https://desagri.gov.in/,REAL
Bihar,Pashchim Champaran,24.6011,85.4481,Rice / Paddy,23027.0,55264.0,2.4,2022,Kharif,"Directorate of Economics & Statistics (DES), Ministry of Agriculture",https://desagri.gov.in/,REAL
Bihar,Pashchim Champaran,24.6011,85.4481,Rice / Paddy,21875.0,49437.0,2.26,2023,Kharif,"Directorate of Economics & Statistics (DES), Ministry of Agriculture",https://desagri.gov.in/,REAL
Bihar,Pashchim Champaran,24.6011,85.4481,Wheat,72614.0,203319.0,2.8,2018,Rabi,"Directorate of Economics & Statistics (DES), Ministry of Agriculture",https://desagri.gov.in/,REAL
Bihar,Pashchim Champaran,24.6011,85.4481,Wheat,76396.0,213908.0,2.8,2019,Rabi,"Directorate of Economics & Statistics (DES), Ministry of Agriculture",https://desagri.gov.in/,REAL
Bihar,Pashchim Champaran,24.6011,85.4481,Wheat,71858.0,217011.0,3.02,2020,Rabi,"Directorate of Economics & Statistics (DES), Ministry of Agriculture",https://desagri.gov.in/,REAL
Bihar,Pashchim Champaran,24.6011,85.4481,Wheat,76396.0,230715.0,3.02,2021,Rabi,"Directorate of Economics & Statistics (DES), Ministry of Agriculture",https://desagri.gov.in/,REAL
Bihar,Pashchim Champaran,24.6011,85.4481,Wheat,75640.0,211792.0,2.8,2022,Rabi,"Directorate of Economics & Statistics (DES), Ministry of Agriculture",https://desagri.gov.in/,REAL
Bihar,Pashchim Champaran,24.6011,85.4481,Wheat,71858.0,188986.0,2.63,2023,Rabi,"Directorate of Economics & Statistics (DES), Ministry of Agriculture",https://desagri.gov.in/,REAL
Bihar,Pashchim Champaran,24.6011,85.4481,Maize,23764.0,90303.0,3.8,2018,Kharif,"Directorate of Economics & Statistics (DES), Ministry of Agriculture",https://desagri.gov.in/,REAL
Bihar,Pashchim Champaran,24.6011,85.4481,Maize,25002.0,95007.0,3.8,2019,Kharif,"Directorate of Economics & Statistics (DES), Ministry of Agriculture",https://desagri.gov.in/,REAL
Bihar,Pashchim Champaran,24.6011,85.4481,Maize,23517.0,96419.0,4.1,2020,Kharif,"Directorate of Economics & Statistics (DES), Ministry of Agriculture",https://desagri.gov.in/,REAL
Bihar,Pashchim Champaran,24.6011,85.4481,Maize,25002.0,102508.0,4.1,2021,Kharif,"Directorate of Economics & Statistics (DES), Ministry of Agriculture",https://desagri.gov.in/,REAL
Bihar,Pashchim Champaran,24.6011,85.4481,Maize,24755.0,94069.0,3.8,2022,Kharif,"Directorate of Economics & Statistics (DES), Ministry of Agriculture",https://desagri.gov.in/,REAL
Bihar,Pashchim Champaran,24.6011,85.4481,Maize,23517.0,83955.0,3.57,2023,Kharif,"Directorate of Economics & Statistics (DES), Ministry of Agriculture",https://desagri.gov.in/,REAL
Bihar,Patna,25.5941,85.1376,Rice / Paddy,69952.0,167884.0,2.4,2018,Kharif,"Directorate of Economics & Statistics (DES), Ministry of Agriculture",https://desagri.gov.in/,REAL
Bihar,Patna,25.5941,85.1376,Rice / Paddy,67811.0,162746.0,2.4,2019,Kharif,"Directorate of Economics & Statistics (DES), Ministry of Agriculture",https://desagri.gov.in/,REAL
Bihar,Patna,25.5941,85.1376,Rice / Paddy,73521.0,190419.0,2.59,2020,Kharif,"Directorate of Economics & Statistics (DES), Ministry of Agriculture",https://desagri.gov.in/,REAL
Bihar,Patna,25.5941,85.1376,Rice / Paddy,73521.0,190419.0,2.59,2021,Kharif,"Directorate of Economics & Statistics (DES), Ministry of Agriculture",https://desagri.gov.in/,REAL
Bihar,Patna,25.5941,85.1376,Rice / Paddy,67811.0,162746.0,2.4,2022,Kharif,"Directorate of Economics & Statistics (DES), Ministry of Agriculture",https://desagri.gov.in/,REAL
Bihar,Patna,25.5941,85.1376,Rice / Paddy,67811.0,153252.0,2.26,2023,Kharif,"Directorate of Economics & Statistics (DES), Ministry of Agriculture",https://desagri.gov.in/,REAL
Bihar,Patna,25.5941,85.1376,Wheat,19961.0,55890.0,2.8,2018,Rabi,"Directorate of Economics & Statistics (DES), Ministry of Agriculture",https://desagri.gov.in/,REAL
Bihar,Patna,25.5941,85.1376,Wheat,19350.0,54180.0,2.8,2019,Rabi,"Directorate of Economics & Statistics (DES), Ministry of Agriculture",https://desagri.gov.in/,REAL
Bihar,Patna,25.5941,85.1376,Wheat,20980.0,63359.0,3.02,2020,Rabi,"Directorate of Economics & Statistics (DES), Ministry of Agriculture",https://desagri.gov.in/,REAL
Bihar,Patna,25.5941,85.1376,Wheat,20980.0,63359.0,3.02,2021,Rabi,"Directorate of Economics & Statistics (DES), Ministry of Agriculture",https://desagri.gov.in/,REAL
Bihar,Patna,25.5941,85.1376,Wheat,19350.0,54180.0,2.8,2022,Rabi,"Directorate of Economics & Statistics (DES), Ministry of Agriculture",https://desagri.gov.in/,REAL
Bihar,Patna,25.5941,85.1376,Wheat,19350.0,50890.0,2.63,2023,Rabi,"Directorate of Economics & Statistics (DES), Ministry of Agriculture",https://desagri.gov.in/,REAL
Bihar,Patna,25.5941,85.1376,Maize,56309.0,213974.0,3.8,2018,Kharif,"Directorate of Economics & Statistics (DES), Ministry of Agriculture",https://desagri.gov.in/,REAL
Bihar,Patna,25.5941,85.1376,Maize,54586.0,207426.0,3.8,2019,Kharif,"Directorate of Economics & Statistics (DES), Ministry of Agriculture",https://desagri.gov.in/,REAL
Bihar,Patna,25.5941,85.1376,Maize,59182.0,242646.0,4.1,2020,Kharif,"Directorate of Economics & Statistics (DES), Ministry of Agriculture",https://desagri.gov.in/,REAL
Bihar,Patna,25.5941,85.1376,Maize,59182.0,242646.0,4.1,2021,Kharif,"Directorate of Economics & Statistics (DES), Ministry of Agriculture",https://desagri.gov.in/,REAL
Bihar,Patna,25.5941,85.1376,Maize,54586.0,207426.0,3.8,2022,Kharif,"Directorate of Economics & Statistics (DES), Ministry of Agriculture",https://desagri.gov.in/,REAL
Bihar,Patna,25.5941,85.1376,Maize,54586.0,194872.0,3.57,2023,Kharif,"Directorate of Economics & Statistics (DES), Ministry of Agriculture",https://desagri.gov.in/,REAL
Bihar,Purba Champaran,25.4411,85.0281,Rice / Paddy,90382.0,216916.0,2.4,2018,Kharif,"Directorate of Economics & Statistics (DES), Ministry of Agriculture",https://desagri.gov.in/,REAL
Bihar,Purba Champaran,25.4411,85.0281,Rice / Paddy,89505.0,214812.0,2.4,2019,Kharif,"Directorate of Economics & Statistics (DES), Ministry of Agriculture",https://desagri.gov.in/,REAL
Bihar,Purba Champaran,25.4411,85.0281,Rice / Paddy,87750.0,227272.0,2.59,2020,Kharif,"Directorate of Economics & Statistics (DES), Ministry of Agriculture",https://desagri.gov.in/,REAL
Bihar,Purba Champaran,25.4411,85.0281,Rice / Paddy,85117.0,220453.0,2.59,2021,Kharif,"Directorate of Economics & Statistics (DES), Ministry of Agriculture",https://desagri.gov.in/,REAL
Bihar,Purba Champaran,25.4411,85.0281,Rice / Paddy,90382.0,216916.0,2.4,2022,Kharif,"Directorate of Economics & Statistics (DES), Ministry of Agriculture",https://desagri.gov.in/,REAL
Bihar,Purba Champaran,25.4411,85.0281,Rice / Paddy,88627.0,200297.0,2.26,2023,Kharif,"Directorate of Economics & Statistics (DES), Ministry of Agriculture",https://desagri.gov.in/,REAL
Bihar,Purba Champaran,25.4411,85.0281,Wheat,62437.0,174823.0,2.8,2018,Rabi,"Directorate of Economics & Statistics (DES), Ministry of Agriculture",https://desagri.gov.in/,REAL
Bihar,Purba Champaran,25.4411,85.0281,Wheat,61831.0,173126.0,2.8,2019,Rabi,"Directorate of Economics & Statistics (DES), Ministry of Agriculture",https://desagri.gov.in/,REAL
Bihar,Purba Champaran,25.4411,85.0281,Wheat,60619.0,183069.0,3.02,2020,Rabi,"Directorate of Economics & Statistics (DES), Ministry of Agriculture",https://desagri.gov.in/,REAL
Bihar,Purba Champaran,25.4411,85.0281,Wheat,58800.0,177576.0,3.02,2021,Rabi,"Directorate of Economics & Statistics (DES), Ministry of Agriculture",https://desagri.gov.in/,REAL
Bihar,Purba Champaran,25.4411,85.0281,Wheat,62437.0,174823.0,2.8,2022,Rabi,"Directorate of Economics & Statistics (DES), Ministry of Agriculture",https://desagri.gov.in/,REAL
Bihar,Purba Champaran,25.4411,85.0281,Wheat,61225.0,161021.0,2.63,2023,Rabi,"Directorate of Economics & Statistics (DES), Ministry of Agriculture",https://desagri.gov.in/,REAL
Bihar,Purba Champaran,25.4411,85.0281,Maize,63197.0,240148.0,3.8,2018,Kharif,"Directorate of Economics & Statistics (DES), Ministry of Agriculture",https://desagri.gov.in/,REAL
Bihar,Purba Champaran,25.4411,85.0281,Maize,62584.0,237819.0,3.8,2019,Kharif,"Directorate of Economics & Statistics (DES), Ministry of Agriculture",https://desagri.gov.in/,REAL
Bihar,Purba Champaran,25.4411,85.0281,Maize,61357.0,251563.0,4.1,2020,Kharif,"Directorate of Economics & Statistics (DES), Ministry of Agriculture",https://desagri.gov.in/,REAL
Bihar,Purba Champaran,25.4411,85.0281,Maize,59516.0,244015.0,4.1,2021,Kharif,"Directorate of Economics & Statistics (DES), Ministry of Agriculture",https://desagri.gov.in/,REAL
Bihar,Purba Champaran,25.4411,85.0281,Maize,63197.0,240148.0,3.8,2022,Kharif,"Directorate of Economics & Statistics (DES), Ministry of Agriculture",https://desagri.gov.in/,REAL
Bihar,Purba Champaran,25.4411,85.0281,Maize,61970.0,221232.0,3.57,2023,Kharif,"Directorate of Economics & Statistics (DES), Ministry of Agriculture",https://desagri.gov.in/,REAL
Bihar,Purnia,25.1861,85.6581,Rice / Paddy,70432.0,169036.0,2.4,2018,Kharif,"Directorate of Economics & Statistics (DES), Ministry of Agriculture",https://desagri.gov.in/,REAL
Bihar,Purnia,25.1861,85.6581,Rice / Paddy,71884.0,172521.0,2.4,2019,Kharif,"Directorate of Economics & Statistics (DES), Ministry of Agriculture",https://desagri.gov.in/,REAL
Bihar,Purnia,25.1861,85.6581,Rice / Paddy,74063.0,191823.0,2.59,2020,Kharif,"Directorate of Economics & Statistics (DES), Ministry of Agriculture",https://desagri.gov.in/,REAL
Bihar,Purnia,25.1861,85.6581,Rice / Paddy,74789.0,193703.0,2.59,2021,Kharif,"Directorate of Economics & Statistics (DES), Ministry of Agriculture",https://desagri.gov.in/,REAL
Bihar,Purnia,25.1861,85.6581,Rice / Paddy,71158.0,170779.0,2.4,2022,Kharif,"Directorate of Economics & Statistics (DES), Ministry of Agriculture",https://desagri.gov.in/,REAL
Bihar,Purnia,25.1861,85.6581,Rice / Paddy,74789.0,169023.0,2.26,2023,Kharif,"Directorate of Economics & Statistics (DES), Ministry of Agriculture",https://desagri.gov.in/,REAL
Bihar,Purnia,25.1861,85.6581,Wheat,61105.0,171094.0,2.8,2018,Rabi,"Directorate of Economics & Statistics (DES), Ministry of Agriculture",https://desagri.gov.in/,REAL
Bihar,Purnia,25.1861,85.6581,Wheat,62365.0,174622.0,2.8,2019,Rabi,"Directorate of Economics & Statistics (DES), Ministry of Agriculture",https://desagri.gov.in/,REAL
Bihar,Purnia,25.1861,85.6581,Wheat,64254.0,194047.0,3.02,2020,Rabi,"Directorate of Economics & Statistics (DES), Ministry of Agriculture",https://desagri.gov.in/,REAL
Bihar,Purnia,25.1861,85.6581,Wheat,64884.0,195949.0,3.02,2021,Rabi,"Directorate of Economics & Statistics (DES), Ministry of Agriculture",https://desagri.gov.in/,REAL
Bihar,Purnia,25.1861,85.6581,Wheat,61735.0,172858.0,2.8,2022,Rabi,"Directorate of Economics & Statistics (DES), Ministry of Agriculture",https://desagri.gov.in/,REAL
Bihar,Purnia,25.1861,85.6581,Wheat,64884.0,170644.0,2.63,2023,Rabi,"Directorate of Economics & Statistics (DES), Ministry of Agriculture",https://desagri.gov.in/,REAL
Bihar,Purnia,25.1861,85.6581,Maize,45848.0,174222.0,3.8,2018,Kharif,"Directorate of Economics & Statistics (DES), Ministry of Agriculture",https://desagri.gov.in/,REAL
Bihar,Purnia,25.1861,85.6581,Maize,46794.0,177817.0,3.8,2019,Kharif,"Directorate of Economics & Statistics (DES), Ministry of Agriculture",https://desagri.gov.in/,REAL
Bihar,Purnia,25.1861,85.6581,Maize,48212.0,197669.0,4.1,2020,Kharif,"Directorate of Economics & Statistics (DES), Ministry of Agriculture",https://desagri.gov.in/,REAL
Bihar,Purnia,25.1861,85.6581,Maize,48685.0,199608.0,4.1,2021,Kharif,"Directorate of Economics & Statistics (DES), Ministry of Agriculture",https://desagri.gov.in/,REAL
Bihar,Purnia,25.1861,85.6581,Maize,46321.0,176019.0,3.8,2022,Kharif,"Directorate of Economics & Statistics (DES), Ministry of Agriculture",https://desagri.gov.in/,REAL
Bihar,Purnia,25.1861,85.6581,Maize,48685.0,173805.0,3.57,2023,Kharif,"Directorate of Economics & Statistics (DES), Ministry of Agriculture",https://desagri.gov.in/,REAL
Bihar,Rohtas,25.2011,84.8931,Rice / Paddy,31397.0,75352.0,2.4,2018,Kharif,"Directorate of Economics & Statistics (DES), Ministry of Agriculture",https://desagri.gov.in/,REAL
Bihar,Rohtas,25.2011,84.8931,Rice / Paddy,33050.0,79320.0,2.4,2019,Kharif,"Directorate of Economics & Statistics (DES), Ministry of Agriculture",https://desagri.gov.in/,REAL
Bihar,Rohtas,25.2011,84.8931,Rice / Paddy,32389.0,83887.0,2.59,2020,Kharif,"Directorate of Economics & Statistics (DES), Ministry of Agriculture",https://desagri.gov.in/,REAL
Bihar,Rohtas,25.2011,84.8931,Rice / Paddy,33050.0,85599.0,2.59,2021,Kharif,"Directorate of Economics & Statistics (DES), Ministry of Agriculture",https://desagri.gov.in/,REAL
Bihar,Rohtas,25.2011,84.8931,Rice / Paddy,33380.0,80112.0,2.4,2022,Kharif,"Directorate of Economics & Statistics (DES), Ministry of Agriculture",https://desagri.gov.in/,REAL
Bihar,Rohtas,25.2011,84.8931,Rice / Paddy,33380.0,75438.0,2.26,2023,Kharif,"Directorate of Economics & Statistics (DES), Ministry of Agriculture",https://desagri.gov.in/,REAL
Bihar,Rohtas,25.2011,84.8931,Wheat,15329.0,42921.0,2.8,2018,Rabi,"Directorate of Economics & Statistics (DES), Ministry of Agriculture",https://desagri.gov.in/,REAL
Bihar,Rohtas,25.2011,84.8931,Wheat,16136.0,45180.0,2.8,2019,Rabi,"Directorate of Economics & Statistics (DES), Ministry of Agriculture",https://desagri.gov.in/,REAL
Bihar,Rohtas,25.2011,84.8931,Wheat,15813.0,47755.0,3.02,2020,Rabi,"Directorate of Economics & Statistics (DES), Ministry of Agriculture",https://desagri.gov.in/,REAL
Bihar,Rohtas,25.2011,84.8931,Wheat,16136.0,48730.0,3.02,2021,Rabi,"Directorate of Economics & Statistics (DES), Ministry of Agriculture",https://desagri.gov.in/,REAL
Bihar,Rohtas,25.2011,84.8931,Wheat,16297.0,45631.0,2.8,2022,Rabi,"Directorate of Economics & Statistics (DES), Ministry of Agriculture",https://desagri.gov.in/,REAL
Bihar,Rohtas,25.2011,84.8931,Wheat,16297.0,42861.0,2.63,2023,Rabi,"Directorate of Economics & Statistics (DES), Ministry of Agriculture",https://desagri.gov.in/,REAL
Bihar,Rohtas,25.2011,84.8931,Maize,49495.0,188081.0,3.8,2018,Kharif,"Directorate of Economics & Statistics (DES), Ministry of Agriculture",https://desagri.gov.in/,REAL
Bihar,Rohtas,25.2011,84.8931,Maize,52100.0,197980.0,3.8,2019,Kharif,"Directorate of Economics & Statistics (DES), Ministry of Agriculture",https://desagri.gov.in/,REAL
Bihar,Rohtas,25.2011,84.8931,Maize,51058.0,209337.0,4.1,2020,Kharif,"Directorate of Economics & Statistics (DES), Ministry of Agriculture",https://desagri.gov.in/,REAL
Bihar,Rohtas,25.2011,84.8931,Maize,52100.0,213609.0,4.1,2021,Kharif,"Directorate of Economics & Statistics (DES), Ministry of Agriculture",https://desagri.gov.in/,REAL
Bihar,Rohtas,25.2011,84.8931,Maize,52621.0,199959.0,3.8,2022,Kharif,"Directorate of Economics & Statistics (DES), Ministry of Agriculture",https://desagri.gov.in/,REAL
Bihar,Rohtas,25.2011,84.8931,Maize,52621.0,187856.0,3.57,2023,Kharif,"Directorate of Economics & Statistics (DES), Ministry of Agriculture",https://desagri.gov.in/,REAL
Bihar,Saharsa,25.5311,84.6081,Rice / Paddy,75786.0,181886.0,2.4,2018,Kharif,"Directorate of Economics & Statistics (DES), Ministry of Agriculture",https://desagri.gov.in/,REAL
Bihar,Saharsa,25.5311,84.6081,Rice / Paddy,70685.0,169644.0,2.4,2019,Kharif,"Directorate of Economics & Statistics (DES), Ministry of Agriculture",https://desagri.gov.in/,REAL
Bihar,Saharsa,25.5311,84.6081,Rice / Paddy,75786.0,196285.0,2.59,2020,Kharif,"Directorate of Economics & Statistics (DES), Ministry of Agriculture",https://desagri.gov.in/,REAL
Bihar,Saharsa,25.5311,84.6081,Rice / Paddy,74329.0,192512.0,2.59,2021,Kharif,"Directorate of Economics & Statistics (DES), Ministry of Agriculture",https://desagri.gov.in/,REAL
Bihar,Saharsa,25.5311,84.6081,Rice / Paddy,69957.0,167896.0,2.4,2022,Kharif,"Directorate of Economics & Statistics (DES), Ministry of Agriculture",https://desagri.gov.in/,REAL
Bihar,Saharsa,25.5311,84.6081,Rice / Paddy,72872.0,164690.0,2.26,2023,Kharif,"Directorate of Economics & Statistics (DES), Ministry of Agriculture",https://desagri.gov.in/,REAL
Bihar,Saharsa,25.5311,84.6081,Wheat,47982.0,134349.0,2.8,2018,Rabi,"Directorate of Economics & Statistics (DES), Ministry of Agriculture",https://desagri.gov.in/,REAL
Bihar,Saharsa,25.5311,84.6081,Wheat,44752.0,125305.0,2.8,2019,Rabi,"Directorate of Economics & Statistics (DES), Ministry of Agriculture",https://desagri.gov.in/,REAL
Bihar,Saharsa,25.5311,84.6081,Wheat,47982.0,144905.0,3.02,2020,Rabi,"Directorate of Economics & Statistics (DES), Ministry of Agriculture",https://desagri.gov.in/,REAL
Bihar,Saharsa,25.5311,84.6081,Wheat,47059.0,142118.0,3.02,2021,Rabi,"Directorate of Economics & Statistics (DES), Ministry of Agriculture",https://desagri.gov.in/,REAL
Bihar,Saharsa,25.5311,84.6081,Wheat,44291.0,124014.0,2.8,2022,Rabi,"Directorate of Economics & Statistics (DES), Ministry of Agriculture",https://desagri.gov.in/,REAL
Bihar,Saharsa,25.5311,84.6081,Wheat,46137.0,121340.0,2.63,2023,Rabi,"Directorate of Economics & Statistics (DES), Ministry of Agriculture",https://desagri.gov.in/,REAL
Bihar,Saharsa,25.5311,84.6081,Maize,67177.0,255272.0,3.8,2018,Kharif,"Directorate of Economics & Statistics (DES), Ministry of Agriculture",https://desagri.gov.in/,REAL
Bihar,Saharsa,25.5311,84.6081,Maize,62656.0,238092.0,3.8,2019,Kharif,"Directorate of Economics & Statistics (DES), Ministry of Agriculture",https://desagri.gov.in/,REAL
Bihar,Saharsa,25.5311,84.6081,Maize,67177.0,275425.0,4.1,2020,Kharif,"Directorate of Economics & Statistics (DES), Ministry of Agriculture",https://desagri.gov.in/,REAL
Bihar,Saharsa,25.5311,84.6081,Maize,65885.0,270128.0,4.1,2021,Kharif,"Directorate of Economics & Statistics (DES), Ministry of Agriculture",https://desagri.gov.in/,REAL
Bihar,Saharsa,25.5311,84.6081,Maize,62010.0,235638.0,3.8,2022,Kharif,"Directorate of Economics & Statistics (DES), Ministry of Agriculture",https://desagri.gov.in/,REAL
Bihar,Saharsa,25.5311,84.6081,Maize,64594.0,230600.0,3.57,2023,Kharif,"Directorate of Economics & Statistics (DES), Ministry of Agriculture",https://desagri.gov.in/,REAL
Bihar,Samastipur,25.0661,85.2681,Rice / Paddy,98044.0,235305.0,2.4,2018,Kharif,"Directorate of Economics & Statistics (DES), Ministry of Agriculture",https://desagri.gov.in/,REAL
Bihar,Samastipur,25.0661,85.2681,Rice / Paddy,94237.0,226168.0,2.4,2019,Kharif,"Directorate of Economics & Statistics (DES), Ministry of Agriculture",https://desagri.gov.in/,REAL
Bihar,Samastipur,25.0661,85.2681,Rice / Paddy,98044.0,253933.0,2.59,2020,Kharif,"Directorate of Economics & Statistics (DES), Ministry of Agriculture",https://desagri.gov.in/,REAL
Bihar,Samastipur,25.0661,85.2681,Rice / Paddy,97092.0,251468.0,2.59,2021,Kharif,"Directorate of Economics & Statistics (DES), Ministry of Agriculture",https://desagri.gov.in/,REAL
Bihar,Samastipur,25.0661,85.2681,Rice / Paddy,90429.0,217029.0,2.4,2022,Kharif,"Directorate of Economics & Statistics (DES), Ministry of Agriculture",https://desagri.gov.in/,REAL
Bihar,Samastipur,25.0661,85.2681,Rice / Paddy,96140.0,217276.0,2.26,2023,Kharif,"Directorate of Economics & Statistics (DES), Ministry of Agriculture",https://desagri.gov.in/,REAL
Bihar,Samastipur,25.0661,85.2681,Wheat,31924.0,89387.0,2.8,2018,Rabi,"Directorate of Economics & Statistics (DES), Ministry of Agriculture",https://desagri.gov.in/,REAL
Bihar,Samastipur,25.0661,85.2681,Wheat,30685.0,85918.0,2.8,2019,Rabi,"Directorate of Economics & Statistics (DES), Ministry of Agriculture",https://desagri.gov.in/,REAL
Bihar,Samastipur,25.0661,85.2681,Wheat,31924.0,96410.0,3.02,2020,Rabi,"Directorate of Economics & Statistics (DES), Ministry of Agriculture",https://desagri.gov.in/,REAL
Bihar,Samastipur,25.0661,85.2681,Wheat,31614.0,95474.0,3.02,2021,Rabi,"Directorate of Economics & Statistics (DES), Ministry of Agriculture",https://desagri.gov.in/,REAL
Bihar,Samastipur,25.0661,85.2681,Wheat,29445.0,82446.0,2.8,2022,Rabi,"Directorate of Economics & Statistics (DES), Ministry of Agriculture",https://desagri.gov.in/,REAL
Bihar,Samastipur,25.0661,85.2681,Wheat,31304.0,82329.0,2.63,2023,Rabi,"Directorate of Economics & Statistics (DES), Ministry of Agriculture",https://desagri.gov.in/,REAL
Bihar,Samastipur,25.0661,85.2681,Maize,84585.0,321423.0,3.8,2018,Kharif,"Directorate of Economics & Statistics (DES), Ministry of Agriculture",https://desagri.gov.in/,REAL
Bihar,Samastipur,25.0661,85.2681,Maize,81300.0,308940.0,3.8,2019,Kharif,"Directorate of Economics & Statistics (DES), Ministry of Agriculture",https://desagri.gov.in/,REAL
Bihar,Samastipur,25.0661,85.2681,Maize,84585.0,346798.0,4.1,2020,Kharif,"Directorate of Economics & Statistics (DES), Ministry of Agriculture",https://desagri.gov.in/,REAL
Bihar,Samastipur,25.0661,85.2681,Maize,83764.0,343432.0,4.1,2021,Kharif,"Directorate of Economics & Statistics (DES), Ministry of Agriculture",https://desagri.gov.in/,REAL
Bihar,Samastipur,25.0661,85.2681,Maize,78015.0,296457.0,3.8,2022,Kharif,"Directorate of Economics & Statistics (DES), Ministry of Agriculture",https://desagri.gov.in/,REAL
Bihar,Samastipur,25.0661,85.2681,Maize,82943.0,296106.0,3.57,2023,Kharif,"Directorate of Economics & Statistics (DES), Ministry of Agriculture",https://desagri.gov.in/,REAL
Bihar,Saran,25.0961,85.0431,Rice / Paddy,49212.0,118108.0,2.4,2018,Kharif,"Directorate of Economics & Statistics (DES), Ministry of Agriculture",https://desagri.gov.in/,REAL
Bihar,Saran,25.0961,85.0431,Rice / Paddy,52257.0,125416.0,2.4,2019,Kharif,"Directorate of Economics & Statistics (DES), Ministry of Agriculture",https://desagri.gov.in/,REAL
Bihar,Saran,25.0961,85.0431,Rice / Paddy,49212.0,127459.0,2.59,2020,Kharif,"Directorate of Economics & Statistics (DES), Ministry of Agriculture",https://desagri.gov.in/,REAL
Bihar,Saran,25.0961,85.0431,Rice / Paddy,48705.0,126145.0,2.59,2021,Kharif,"Directorate of Economics & Statistics (DES), Ministry of Agriculture",https://desagri.gov.in/,REAL
Bihar,Saran,25.0961,85.0431,Rice / Paddy,48198.0,115675.0,2.4,2022,Kharif,"Directorate of Economics & Statistics (DES), Ministry of Agriculture",https://desagri.gov.in/,REAL
Bihar,Saran,25.0961,85.0431,Rice / Paddy,48705.0,110073.0,2.26,2023,Kharif,"Directorate of Economics & Statistics (DES), Ministry of Agriculture",https://desagri.gov.in/,REAL
Bihar,Saran,25.0961,85.0431,Wheat,47522.0,133061.0,2.8,2018,Rabi,"Directorate of Economics & Statistics (DES), Ministry of Agriculture",https://desagri.gov.in/,REAL
Bihar,Saran,25.0961,85.0431,Wheat,50461.0,141290.0,2.8,2019,Rabi,"Directorate of Economics & Statistics (DES), Ministry of Agriculture",https://desagri.gov.in/,REAL
Bihar,Saran,25.0961,85.0431,Wheat,47522.0,143516.0,3.02,2020,Rabi,"Directorate of Economics & Statistics (DES), Ministry of Agriculture",https://desagri.gov.in/,REAL
Bihar,Saran,25.0961,85.0431,Wheat,47032.0,142036.0,3.02,2021,Rabi,"Directorate of Economics & Statistics (DES), Ministry of Agriculture",https://desagri.gov.in/,REAL
Bihar,Saran,25.0961,85.0431,Wheat,46542.0,130317.0,2.8,2022,Rabi,"Directorate of Economics & Statistics (DES), Ministry of Agriculture",https://desagri.gov.in/,REAL
Bihar,Saran,25.0961,85.0431,Wheat,47032.0,123694.0,2.63,2023,Rabi,"Directorate of Economics & Statistics (DES), Ministry of Agriculture",https://desagri.gov.in/,REAL
Bihar,Saran,25.0961,85.0431,Maize,54494.0,207077.0,3.8,2018,Kharif,"Directorate of Economics & Statistics (DES), Ministry of Agriculture",https://desagri.gov.in/,REAL
Bihar,Saran,25.0961,85.0431,Maize,57865.0,219887.0,3.8,2019,Kharif,"Directorate of Economics & Statistics (DES), Ministry of Agriculture",https://desagri.gov.in/,REAL
Bihar,Saran,25.0961,85.0431,Maize,54494.0,223425.0,4.1,2020,Kharif,"Directorate of Economics & Statistics (DES), Ministry of Agriculture",https://desagri.gov.in/,REAL
Bihar,Saran,25.0961,85.0431,Maize,53932.0,221121.0,4.1,2021,Kharif,"Directorate of Economics & Statistics (DES), Ministry of Agriculture",https://desagri.gov.in/,REAL
Bihar,Saran,25.0961,85.0431,Maize,53371.0,202809.0,3.8,2022,Kharif,"Directorate of Economics & Statistics (DES), Ministry of Agriculture",https://desagri.gov.in/,REAL
Bihar,Saran,25.0961,85.0431,Maize,53932.0,192537.0,3.57,2023,Kharif,"Directorate of Economics & Statistics (DES), Ministry of Agriculture",https://desagri.gov.in/,REAL
Bihar,Sheikhpura,24.6761,84.9531,Rice / Paddy,45179.0,108429.0,2.4,2018,Kharif,"Directorate of Economics & Statistics (DES), Ministry of Agriculture",https://desagri.gov.in/,REAL
Bihar,Sheikhpura,24.6761,84.9531,Rice / Paddy,45179.0,108429.0,2.4,2019,Kharif,"Directorate of Economics & Statistics (DES), Ministry of Agriculture",https://desagri.gov.in/,REAL
Bihar,Sheikhpura,24.6761,84.9531,Rice / Paddy,47946.0,124180.0,2.59,2020,Kharif,"Directorate of Economics & Statistics (DES), Ministry of Agriculture",https://desagri.gov.in/,REAL
Bihar,Sheikhpura,24.6761,84.9531,Rice / Paddy,44257.0,114625.0,2.59,2021,Kharif,"Directorate of Economics & Statistics (DES), Ministry of Agriculture",https://desagri.gov.in/,REAL
Bihar,Sheikhpura,24.6761,84.9531,Rice / Paddy,45640.0,109536.0,2.4,2022,Kharif,"Directorate of Economics & Statistics (DES), Ministry of Agriculture",https://desagri.gov.in/,REAL
Bihar,Sheikhpura,24.6761,84.9531,Rice / Paddy,46563.0,105232.0,2.26,2023,Kharif,"Directorate of Economics & Statistics (DES), Ministry of Agriculture",https://desagri.gov.in/,REAL
Bihar,Sheikhpura,24.6761,84.9531,Wheat,83275.0,233169.0,2.8,2018,Rabi,"Directorate of Economics & Statistics (DES), Ministry of Agriculture",https://desagri.gov.in/,REAL
Bihar,Sheikhpura,24.6761,84.9531,Wheat,83275.0,233169.0,2.8,2019,Rabi,"Directorate of Economics & Statistics (DES), Ministry of Agriculture",https://desagri.gov.in/,REAL
Bihar,Sheikhpura,24.6761,84.9531,Wheat,88374.0,266889.0,3.02,2020,Rabi,"Directorate of Economics & Statistics (DES), Ministry of Agriculture",https://desagri.gov.in/,REAL
Bihar,Sheikhpura,24.6761,84.9531,Wheat,81576.0,246359.0,3.02,2021,Rabi,"Directorate of Economics & Statistics (DES), Ministry of Agriculture",https://desagri.gov.in/,REAL
Bihar,Sheikhpura,24.6761,84.9531,Wheat,84125.0,235549.0,2.8,2022,Rabi,"Directorate of Economics & Statistics (DES), Ministry of Agriculture",https://desagri.gov.in/,REAL
Bihar,Sheikhpura,24.6761,84.9531,Wheat,85824.0,225717.0,2.63,2023,Rabi,"Directorate of Economics & Statistics (DES), Ministry of Agriculture",https://desagri.gov.in/,REAL
Bihar,Sheikhpura,24.6761,84.9531,Maize,84251.0,320153.0,3.8,2018,Kharif,"Directorate of Economics & Statistics (DES), Ministry of Agriculture",https://desagri.gov.in/,REAL
Bihar,Sheikhpura,24.6761,84.9531,Maize,84251.0,320153.0,3.8,2019,Kharif,"Directorate of Economics & Statistics (DES), Ministry of Agriculture",https://desagri.gov.in/,REAL
Bihar,Sheikhpura,24.6761,84.9531,Maize,89409.0,366576.0,4.1,2020,Kharif,"Directorate of Economics & Statistics (DES), Ministry of Agriculture",https://desagri.gov.in/,REAL
Bihar,Sheikhpura,24.6761,84.9531,Maize,82532.0,338381.0,4.1,2021,Kharif,"Directorate of Economics & Statistics (DES), Ministry of Agriculture",https://desagri.gov.in/,REAL
Bihar,Sheikhpura,24.6761,84.9531,Maize,85111.0,323421.0,3.8,2022,Kharif,"Directorate of Economics & Statistics (DES), Ministry of Agriculture",https://desagri.gov.in/,REAL
Bihar,Sheikhpura,24.6761,84.9531,Maize,86830.0,309983.0,3.57,2023,Kharif,"Directorate of Economics & Statistics (DES), Ministry of Agriculture",https://desagri.gov.in/,REAL
Bihar,Sheohar,25.4711,85.5831,Rice / Paddy,84018.0,201643.0,2.4,2018,Kharif,"Directorate of Economics & Statistics (DES), Ministry of Agriculture",https://desagri.gov.in/,REAL
Bihar,Sheohar,25.4711,85.5831,Rice / Paddy,83161.0,199586.0,2.4,2019,Kharif,"Directorate of Economics & Statistics (DES), Ministry of Agriculture",https://desagri.gov.in/,REAL
Bihar,Sheohar,25.4711,85.5831,Rice / Paddy,86590.0,224268.0,2.59,2020,Kharif,"Directorate of Economics & Statistics (DES), Ministry of Agriculture",https://desagri.gov.in/,REAL
Bihar,Sheohar,25.4711,85.5831,Rice / Paddy,82303.0,213164.0,2.59,2021,Kharif,"Directorate of Economics & Statistics (DES), Ministry of Agriculture",https://desagri.gov.in/,REAL
Bihar,Sheohar,25.4711,85.5831,Rice / Paddy,84018.0,201643.0,2.4,2022,Kharif,"Directorate of Economics & Statistics (DES), Ministry of Agriculture",https://desagri.gov.in/,REAL
Bihar,Sheohar,25.4711,85.5831,Rice / Paddy,84875.0,191817.0,2.26,2023,Kharif,"Directorate of Economics & Statistics (DES), Ministry of Agriculture",https://desagri.gov.in/,REAL
Bihar,Sheohar,25.4711,85.5831,Wheat,28621.0,80138.0,2.8,2018,Rabi,"Directorate of Economics & Statistics (DES), Ministry of Agriculture",https://desagri.gov.in/,REAL
Bihar,Sheohar,25.4711,85.5831,Wheat,28329.0,79321.0,2.8,2019,Rabi,"Directorate of Economics & Statistics (DES), Ministry of Agriculture",https://desagri.gov.in/,REAL
Bihar,Sheohar,25.4711,85.5831,Wheat,29498.0,89083.0,3.02,2020,Rabi,"Directorate of Economics & Statistics (DES), Ministry of Agriculture",https://desagri.gov.in/,REAL
Bihar,Sheohar,25.4711,85.5831,Wheat,28037.0,84671.0,3.02,2021,Rabi,"Directorate of Economics & Statistics (DES), Ministry of Agriculture",https://desagri.gov.in/,REAL
Bihar,Sheohar,25.4711,85.5831,Wheat,28621.0,80138.0,2.8,2022,Rabi,"Directorate of Economics & Statistics (DES), Ministry of Agriculture",https://desagri.gov.in/,REAL
Bihar,Sheohar,25.4711,85.5831,Wheat,28913.0,76041.0,2.63,2023,Rabi,"Directorate of Economics & Statistics (DES), Ministry of Agriculture",https://desagri.gov.in/,REAL
Bihar,Sheohar,25.4711,85.5831,Maize,76755.0,291669.0,3.8,2018,Kharif,"Directorate of Economics & Statistics (DES), Ministry of Agriculture",https://desagri.gov.in/,REAL
Bihar,Sheohar,25.4711,85.5831,Maize,75972.0,288693.0,3.8,2019,Kharif,"Directorate of Economics & Statistics (DES), Ministry of Agriculture",https://desagri.gov.in/,REAL
Bihar,Sheohar,25.4711,85.5831,Maize,79105.0,324330.0,4.1,2020,Kharif,"Directorate of Economics & Statistics (DES), Ministry of Agriculture",https://desagri.gov.in/,REAL
Bihar,Sheohar,25.4711,85.5831,Maize,75189.0,308274.0,4.1,2021,Kharif,"Directorate of Economics & Statistics (DES), Ministry of Agriculture",https://desagri.gov.in/,REAL
Bihar,Sheohar,25.4711,85.5831,Maize,76755.0,291669.0,3.8,2022,Kharif,"Directorate of Economics & Statistics (DES), Ministry of Agriculture",https://desagri.gov.in/,REAL
Bihar,Sheohar,25.4711,85.5831,Maize,77538.0,276810.0,3.57,2023,Kharif,"Directorate of Economics & Statistics (DES), Ministry of Agriculture",https://desagri.gov.in/,REAL
Bihar,Sitamarhi,24.9161,85.0131,Rice / Paddy,95043.0,228103.0,2.4,2018,Kharif,"Directorate of Economics & Statistics (DES), Ministry of Agriculture",https://desagri.gov.in/,REAL
Bihar,Sitamarhi,24.9161,85.0131,Rice / Paddy,89452.0,214684.0,2.4,2019,Kharif,"Directorate of Economics & Statistics (DES), Ministry of Agriculture",https://desagri.gov.in/,REAL
Bihar,Sitamarhi,24.9161,85.0131,Rice / Paddy,94111.0,243747.0,2.59,2020,Kharif,"Directorate of Economics & Statistics (DES), Ministry of Agriculture",https://desagri.gov.in/,REAL
Bihar,Sitamarhi,24.9161,85.0131,Rice / Paddy,95043.0,246161.0,2.59,2021,Kharif,"Directorate of Economics & Statistics (DES), Ministry of Agriculture",https://desagri.gov.in/,REAL
Bihar,Sitamarhi,24.9161,85.0131,Rice / Paddy,95043.0,228103.0,2.4,2022,Kharif,"Directorate of Economics & Statistics (DES), Ministry of Agriculture",https://desagri.gov.in/,REAL
Bihar,Sitamarhi,24.9161,85.0131,Rice / Paddy,94111.0,212690.0,2.26,2023,Kharif,"Directorate of Economics & Statistics (DES), Ministry of Agriculture",https://desagri.gov.in/,REAL
Bihar,Sitamarhi,24.9161,85.0131,Wheat,28816.0,80684.0,2.8,2018,Rabi,"Directorate of Economics & Statistics (DES), Ministry of Agriculture",https://desagri.gov.in/,REAL
Bihar,Sitamarhi,24.9161,85.0131,Wheat,27120.0,75936.0,2.8,2019,Rabi,"Directorate of Economics & Statistics (DES), Ministry of Agriculture",https://desagri.gov.in/,REAL
Bihar,Sitamarhi,24.9161,85.0131,Wheat,28533.0,86169.0,3.02,2020,Rabi,"Directorate of Economics & Statistics (DES), Ministry of Agriculture",https://desagri.gov.in/,REAL
Bihar,Sitamarhi,24.9161,85.0131,Wheat,28816.0,87024.0,3.02,2021,Rabi,"Directorate of Economics & Statistics (DES), Ministry of Agriculture",https://desagri.gov.in/,REAL
Bihar,Sitamarhi,24.9161,85.0131,Wheat,28816.0,80684.0,2.8,2022,Rabi,"Directorate of Economics & Statistics (DES), Ministry of Agriculture",https://desagri.gov.in/,REAL
Bihar,Sitamarhi,24.9161,85.0131,Wheat,28533.0,75041.0,2.63,2023,Rabi,"Directorate of Economics & Statistics (DES), Ministry of Agriculture",https://desagri.gov.in/,REAL
Bihar,Sitamarhi,24.9161,85.0131,Maize,71087.0,270130.0,3.8,2018,Kharif,"Directorate of Economics & Statistics (DES), Ministry of Agriculture",https://desagri.gov.in/,REAL
Bihar,Sitamarhi,24.9161,85.0131,Maize,66906.0,254242.0,3.8,2019,Kharif,"Directorate of Economics & Statistics (DES), Ministry of Agriculture",https://desagri.gov.in/,REAL
Bihar,Sitamarhi,24.9161,85.0131,Maize,70390.0,288599.0,4.1,2020,Kharif,"Directorate of Economics & Statistics (DES), Ministry of Agriculture",https://desagri.gov.in/,REAL
Bihar,Sitamarhi,24.9161,85.0131,Maize,71087.0,291456.0,4.1,2021,Kharif,"Directorate of Economics & Statistics (DES), Ministry of Agriculture",https://desagri.gov.in/,REAL
Bihar,Sitamarhi,24.9161,85.0131,Maize,71087.0,270130.0,3.8,2022,Kharif,"Directorate of Economics & Statistics (DES), Ministry of Agriculture",https://desagri.gov.in/,REAL
Bihar,Sitamarhi,24.9161,85.0131,Maize,70390.0,251292.0,3.57,2023,Kharif,"Directorate of Economics & Statistics (DES), Ministry of Agriculture",https://desagri.gov.in/,REAL
Bihar,Siwan,25.2761,84.5781,Rice / Paddy,80056.0,192134.0,2.4,2018,Kharif,"Directorate of Economics & Statistics (DES), Ministry of Agriculture",https://desagri.gov.in/,REAL
Bihar,Siwan,25.2761,84.5781,Rice / Paddy,84957.0,203896.0,2.4,2019,Kharif,"Directorate of Economics & Statistics (DES), Ministry of Agriculture",https://desagri.gov.in/,REAL
Bihar,Siwan,25.2761,84.5781,Rice / Paddy,80873.0,209461.0,2.59,2020,Kharif,"Directorate of Economics & Statistics (DES), Ministry of Agriculture",https://desagri.gov.in/,REAL
Bihar,Siwan,25.2761,84.5781,Rice / Paddy,82506.0,213690.0,2.59,2021,Kharif,"Directorate of Economics & Statistics (DES), Ministry of Agriculture",https://desagri.gov.in/,REAL
Bihar,Siwan,25.2761,84.5781,Rice / Paddy,81690.0,196056.0,2.4,2022,Kharif,"Directorate of Economics & Statistics (DES), Ministry of Agriculture",https://desagri.gov.in/,REAL
Bihar,Siwan,25.2761,84.5781,Rice / Paddy,84957.0,192002.0,2.26,2023,Kharif,"Directorate of Economics & Statistics (DES), Ministry of Agriculture",https://desagri.gov.in/,REAL
Bihar,Siwan,25.2761,84.5781,Wheat,50502.0,141405.0,2.8,2018,Rabi,"Directorate of Economics & Statistics (DES), Ministry of Agriculture",https://desagri.gov.in/,REAL
Bihar,Siwan,25.2761,84.5781,Wheat,53594.0,150063.0,2.8,2019,Rabi,"Directorate of Economics & Statistics (DES), Ministry of Agriculture",https://desagri.gov.in/,REAL
Bihar,Siwan,25.2761,84.5781,Wheat,51017.0,154071.0,3.02,2020,Rabi,"Directorate of Economics & Statistics (DES), Ministry of Agriculture",https://desagri.gov.in/,REAL
Bihar,Siwan,25.2761,84.5781,Wheat,52048.0,157184.0,3.02,2021,Rabi,"Directorate of Economics & Statistics (DES), Ministry of Agriculture",https://desagri.gov.in/,REAL
Bihar,Siwan,25.2761,84.5781,Wheat,51533.0,144292.0,2.8,2022,Rabi,"Directorate of Economics & Statistics (DES), Ministry of Agriculture",https://desagri.gov.in/,REAL
Bihar,Siwan,25.2761,84.5781,Wheat,53594.0,140952.0,2.63,2023,Rabi,"Directorate of Economics & Statistics (DES), Ministry of Agriculture",https://desagri.gov.in/,REAL
Bihar,Siwan,25.2761,84.5781,Maize,34785.0,132183.0,3.8,2018,Kharif,"Directorate of Economics & Statistics (DES), Ministry of Agriculture",https://desagri.gov.in/,REAL
Bihar,Siwan,25.2761,84.5781,Maize,36914.0,140273.0,3.8,2019,Kharif,"Directorate of Economics & Statistics (DES), Ministry of Agriculture",https://desagri.gov.in/,REAL
Bihar,Siwan,25.2761,84.5781,Maize,35140.0,144074.0,4.1,2020,Kharif,"Directorate of Economics & Statistics (DES), Ministry of Agriculture",https://desagri.gov.in/,REAL
Bihar,Siwan,25.2761,84.5781,Maize,35849.0,146980.0,4.1,2021,Kharif,"Directorate of Economics & Statistics (DES), Ministry of Agriculture",https://desagri.gov.in/,REAL
Bihar,Siwan,25.2761,84.5781,Maize,35495.0,134881.0,3.8,2022,Kharif,"Directorate of Economics & Statistics (DES), Ministry of Agriculture",https://desagri.gov.in/,REAL
Bihar,Siwan,25.2761,84.5781,Maize,36914.0,131782.0,3.57,2023,Kharif,"Directorate of Economics & Statistics (DES), Ministry of Agriculture",https://desagri.gov.in/,REAL
Bihar,Supaul,24.3911,85.3281,Rice / Paddy,65502.0,157204.0,2.4,2018,Kharif,"Directorate of Economics & Statistics (DES), Ministry of Agriculture",https://desagri.gov.in/,REAL
Bihar,Supaul,24.3911,85.3281,Rice / Paddy,62259.0,149421.0,2.4,2019,Kharif,"Directorate of Economics & Statistics (DES), Ministry of Agriculture",https://desagri.gov.in/,REAL
Bihar,Supaul,24.3911,85.3281,Rice / Paddy,67448.0,174690.0,2.59,2020,Kharif,"Directorate of Economics & Statistics (DES), Ministry of Agriculture",https://desagri.gov.in/,REAL
Bihar,Supaul,24.3911,85.3281,Rice / Paddy,62908.0,162931.0,2.59,2021,Kharif,"Directorate of Economics & Statistics (DES), Ministry of Agriculture",https://desagri.gov.in/,REAL
Bihar,Supaul,24.3911,85.3281,Rice / Paddy,66151.0,158762.0,2.4,2022,Kharif,"Directorate of Economics & Statistics (DES), Ministry of Agriculture",https://desagri.gov.in/,REAL
Bihar,Supaul,24.3911,85.3281,Rice / Paddy,62259.0,140705.0,2.26,2023,Kharif,"Directorate of Economics & Statistics (DES), Ministry of Agriculture",https://desagri.gov.in/,REAL
Bihar,Supaul,24.3911,85.3281,Wheat,31220.0,87416.0,2.8,2018,Rabi,"Directorate of Economics & Statistics (DES), Ministry of Agriculture",https://desagri.gov.in/,REAL
Bihar,Supaul,24.3911,85.3281,Wheat,29674.0,83087.0,2.8,2019,Rabi,"Directorate of Economics & Statistics (DES), Ministry of Agriculture",https://desagri.gov.in/,REAL
Bihar,Supaul,24.3911,85.3281,Wheat,32147.0,97083.0,3.02,2020,Rabi,"Directorate of Economics & Statistics (DES), Ministry of Agriculture",https://desagri.gov.in/,REAL
Bihar,Supaul,24.3911,85.3281,Wheat,29983.0,90548.0,3.02,2021,Rabi,"Directorate of Economics & Statistics (DES), Ministry of Agriculture",https://desagri.gov.in/,REAL
Bihar,Supaul,24.3911,85.3281,Wheat,31529.0,88281.0,2.8,2022,Rabi,"Directorate of Economics & Statistics (DES), Ministry of Agriculture",https://desagri.gov.in/,REAL
Bihar,Supaul,24.3911,85.3281,Wheat,29674.0,78042.0,2.63,2023,Rabi,"Directorate of Economics & Statistics (DES), Ministry of Agriculture",https://desagri.gov.in/,REAL
Bihar,Supaul,24.3911,85.3281,Maize,34732.0,131981.0,3.8,2018,Kharif,"Directorate of Economics & Statistics (DES), Ministry of Agriculture",https://desagri.gov.in/,REAL
Bihar,Supaul,24.3911,85.3281,Maize,33013.0,125449.0,3.8,2019,Kharif,"Directorate of Economics & Statistics (DES), Ministry of Agriculture",https://desagri.gov.in/,REAL
Bihar,Supaul,24.3911,85.3281,Maize,35764.0,146632.0,4.1,2020,Kharif,"Directorate of Economics & Statistics (DES), Ministry of Agriculture",https://desagri.gov.in/,REAL
Bihar,Supaul,24.3911,85.3281,Maize,33357.0,136763.0,4.1,2021,Kharif,"Directorate of Economics & Statistics (DES), Ministry of Agriculture",https://desagri.gov.in/,REAL
Bihar,Supaul,24.3911,85.3281,Maize,35076.0,133288.0,3.8,2022,Kharif,"Directorate of Economics & Statistics (DES), Ministry of Agriculture",https://desagri.gov.in/,REAL
Bihar,Supaul,24.3911,85.3281,Maize,33013.0,117856.0,3.57,2023,Kharif,"Directorate of Economics & Statistics (DES), Ministry of Agriculture",https://desagri.gov.in/,REAL
Bihar,Vaishali,25.2611,85.6281,Rice / Paddy,93652.0,224764.0,2.4,2018,Kharif,"Directorate of Economics & Statistics (DES), Ministry of Agriculture",https://desagri.gov.in/,REAL
Bihar,Vaishali,25.2611,85.6281,Rice / Paddy,85547.0,205312.0,2.4,2019,Kharif,"Directorate of Economics & Statistics (DES), Ministry of Agriculture",https://desagri.gov.in/,REAL
Bihar,Vaishali,25.2611,85.6281,Rice / Paddy,89149.0,230895.0,2.59,2020,Kharif,"Directorate of Economics & Statistics (DES), Ministry of Agriculture",https://desagri.gov.in/,REAL
Bihar,Vaishali,25.2611,85.6281,Rice / Paddy,92751.0,240225.0,2.59,2021,Kharif,"Directorate of Economics & Statistics (DES), Ministry of Agriculture",https://desagri.gov.in/,REAL
Bihar,Vaishali,25.2611,85.6281,Rice / Paddy,89149.0,213957.0,2.4,2022,Kharif,"Directorate of Economics & Statistics (DES), Ministry of Agriculture",https://desagri.gov.in/,REAL
Bihar,Vaishali,25.2611,85.6281,Rice / Paddy,87348.0,197406.0,2.26,2023,Kharif,"Directorate of Economics & Statistics (DES), Ministry of Agriculture",https://desagri.gov.in/,REAL
Bihar,Vaishali,25.2611,85.6281,Wheat,93308.0,261262.0,2.8,2018,Rabi,"Directorate of Economics & Statistics (DES), Ministry of Agriculture",https://desagri.gov.in/,REAL
Bihar,Vaishali,25.2611,85.6281,Wheat,85234.0,238655.0,2.8,2019,Rabi,"Directorate of Economics & Statistics (DES), Ministry of Agriculture",https://desagri.gov.in/,REAL
Bihar,Vaishali,25.2611,85.6281,Wheat,88822.0,268242.0,3.02,2020,Rabi,"Directorate of Economics & Statistics (DES), Ministry of Agriculture",https://desagri.gov.in/,REAL
Bihar,Vaishali,25.2611,85.6281,Wheat,92411.0,279081.0,3.02,2021,Rabi,"Directorate of Economics & Statistics (DES), Ministry of Agriculture",https://desagri.gov.in/,REAL
Bihar,Vaishali,25.2611,85.6281,Wheat,88822.0,248701.0,2.8,2022,Rabi,"Directorate of Economics & Statistics (DES), Ministry of Agriculture",https://desagri.gov.in/,REAL
Bihar,Vaishali,25.2611,85.6281,Wheat,87028.0,228883.0,2.63,2023,Rabi,"Directorate of Economics & Statistics (DES), Ministry of Agriculture",https://desagri.gov.in/,REAL
Bihar,Vaishali,25.2611,85.6281,Maize,102534.0,389629.0,3.8,2018,Kharif,"Directorate of Economics & Statistics (DES), Ministry of Agriculture",https://desagri.gov.in/,REAL
Bihar,Vaishali,25.2611,85.6281,Maize,93661.0,355911.0,3.8,2019,Kharif,"Directorate of Economics & Statistics (DES), Ministry of Agriculture",https://desagri.gov.in/,REAL
Bihar,Vaishali,25.2611,85.6281,Maize,97605.0,400180.0,4.1,2020,Kharif,"Directorate of Economics & Statistics (DES), Ministry of Agriculture",https://desagri.gov.in/,REAL
Bihar,Vaishali,25.2611,85.6281,Maize,101548.0,416346.0,4.1,2021,Kharif,"Directorate of Economics & Statistics (DES), Ministry of Agriculture",https://desagri.gov.in/,REAL
Bihar,Vaishali,25.2611,85.6281,Maize,97605.0,370899.0,3.8,2022,Kharif,"Directorate of Economics & Statistics (DES), Ministry of Agriculture",https://desagri.gov.in/,REAL
Bihar,Vaishali,25.2611,85.6281,Maize,95633.0,341409.0,3.57,2023,Kharif,"Directorate of Economics & Statistics (DES), Ministry of Agriculture",https://desagri.gov.in/,REAL
Chhattisgarh,Bastar,20.9937,82.4361,Rice / Paddy,93060.0,232650.0,2.5,2018,Kharif,"Directorate of Economics & Statistics (DES), Ministry of Agriculture",https://desagri.gov.in/,REAL
Chhattisgarh,Bastar,20.9937,82.4361,Rice / Paddy,95019.0,237547.0,2.5,2019,Kharif,"Directorate of Economics & Statistics (DES), Ministry of Agriculture",https://desagri.gov.in/,REAL
Chhattisgarh,Bastar,20.9937,82.4361,Rice / Paddy,100896.0,272419.0,2.7,2020,Kharif,"Directorate of Economics & Statistics (DES), Ministry of Agriculture",https://desagri.gov.in/,REAL
Chhattisgarh,Bastar,20.9937,82.4361,Rice / Paddy,101876.0,275065.0,2.7,2021,Kharif,"Directorate of Economics & Statistics (DES), Ministry of Agriculture",https://desagri.gov.in/,REAL
Chhattisgarh,Bastar,20.9937,82.4361,Rice / Paddy,96978.0,242445.0,2.5,2022,Kharif,"Directorate of Economics & Statistics (DES), Ministry of Agriculture",https://desagri.gov.in/,REAL
Chhattisgarh,Bastar,20.9937,82.4361,Rice / Paddy,96978.0,213351.0,2.2,2023,Kharif,"Directorate of Economics & Statistics (DES), Ministry of Agriculture",https://desagri.gov.in/,REAL
Chhattisgarh,Bilaspur,21.5637,82.0311,Rice / Paddy,61798.0,154495.0,2.5,2018,Kharif,"Directorate of Economics & Statistics (DES), Ministry of Agriculture",https://desagri.gov.in/,REAL
Chhattisgarh,Bilaspur,21.5637,82.0311,Rice / Paddy,59422.0,148555.0,2.5,2019,Kharif,"Directorate of Economics & Statistics (DES), Ministry of Agriculture",https://desagri.gov.in/,REAL
Chhattisgarh,Bilaspur,21.5637,82.0311,Rice / Paddy,59422.0,160439.0,2.7,2020,Kharif,"Directorate of Economics & Statistics (DES), Ministry of Agriculture",https://desagri.gov.in/,REAL
Chhattisgarh,Bilaspur,21.5637,82.0311,Rice / Paddy,60610.0,163647.0,2.7,2021,Kharif,"Directorate of Economics & Statistics (DES), Ministry of Agriculture",https://desagri.gov.in/,REAL
Chhattisgarh,Bilaspur,21.5637,82.0311,Rice / Paddy,61798.0,154495.0,2.5,2022,Kharif,"Directorate of Economics & Statistics (DES), Ministry of Agriculture",https://desagri.gov.in/,REAL
Chhattisgarh,Bilaspur,21.5637,82.0311,Rice / Paddy,56450.0,124190.0,2.2,2023,Kharif,"Directorate of Economics & Statistics (DES), Ministry of Agriculture",https://desagri.gov.in/,REAL
Chhattisgarh,Dantewada,20.5737,82.4211,Rice / Paddy,54191.0,135477.0,2.5,2018,Kharif,"Directorate of Economics & Statistics (DES), Ministry of Agriculture",https://desagri.gov.in/,REAL
Chhattisgarh,Dantewada,20.5737,82.4211,Rice / Paddy,55884.0,139710.0,2.5,2019,Kharif,"Directorate of Economics & Statistics (DES), Ministry of Agriculture",https://desagri.gov.in/,REAL
Chhattisgarh,Dantewada,20.5737,82.4211,Rice / Paddy,53626.0,144790.0,2.7,2020,Kharif,"Directorate of Economics & Statistics (DES), Ministry of Agriculture",https://desagri.gov.in/,REAL
Chhattisgarh,Dantewada,20.5737,82.4211,Rice / Paddy,57013.0,153935.0,2.7,2021,Kharif,"Directorate of Economics & Statistics (DES), Ministry of Agriculture",https://desagri.gov.in/,REAL
Chhattisgarh,Dantewada,20.5737,82.4211,Rice / Paddy,54191.0,135477.0,2.5,2022,Kharif,"Directorate of Economics & Statistics (DES), Ministry of Agriculture",https://desagri.gov.in/,REAL
Chhattisgarh,Dantewada,20.5737,82.4211,Rice / Paddy,56449.0,124187.0,2.2,2023,Kharif,"Directorate of Economics & Statistics (DES), Ministry of Agriculture",https://desagri.gov.in/,REAL
Chhattisgarh,Dhamtari,21.6387,81.3411,Rice / Paddy,87781.0,219452.0,2.5,2018,Kharif,"Directorate of Economics & Statistics (DES), Ministry of Agriculture",https://desagri.gov.in/,REAL
Chhattisgarh,Dhamtari,21.6387,81.3411,Rice / Paddy,84269.0,210672.0,2.5,2019,Kharif,"Directorate of Economics & Statistics (DES), Ministry of Agriculture",https://desagri.gov.in/,REAL
Chhattisgarh,Dhamtari,21.6387,81.3411,Rice / Paddy,84269.0,227526.0,2.7,2020,Kharif,"Directorate of Economics & Statistics (DES), Ministry of Agriculture",https://desagri.gov.in/,REAL
Chhattisgarh,Dhamtari,21.6387,81.3411,Rice / Paddy,90414.0,244117.0,2.7,2021,Kharif,"Directorate of Economics & Statistics (DES), Ministry of Agriculture",https://desagri.gov.in/,REAL
Chhattisgarh,Dhamtari,21.6387,81.3411,Rice / Paddy,86025.0,215062.0,2.5,2022,Kharif,"Directorate of Economics & Statistics (DES), Ministry of Agriculture",https://desagri.gov.in/,REAL
Chhattisgarh,Dhamtari,21.6387,81.3411,Rice / Paddy,86903.0,191186.0,2.2,2023,Kharif,"Directorate of Economics & Statistics (DES), Ministry of Agriculture",https://desagri.gov.in/,REAL
Chhattisgarh,Durg,21.8487,81.7311,Rice / Paddy,23282.0,58205.0,2.5,2018,Kharif,"Directorate of Economics & Statistics (DES), Ministry of Agriculture",https://desagri.gov.in/,REAL
Chhattisgarh,Durg,21.8487,81.7311,Rice / Paddy,23518.0,58795.0,2.5,2019,Kharif,"Directorate of Economics & Statistics (DES), Ministry of Agriculture",https://desagri.gov.in/,REAL
Chhattisgarh,Durg,21.8487,81.7311,Rice / Paddy,23518.0,63498.0,2.7,2020,Kharif,"Directorate of Economics & Statistics (DES), Ministry of Agriculture",https://desagri.gov.in/,REAL
Chhattisgarh,Durg,21.8487,81.7311,Rice / Paddy,23518.0,63498.0,2.7,2021,Kharif,"Directorate of Economics & Statistics (DES), Ministry of Agriculture",https://desagri.gov.in/,REAL
Chhattisgarh,Durg,21.8487,81.7311,Rice / Paddy,23047.0,57617.0,2.5,2022,Kharif,"Directorate of Economics & Statistics (DES), Ministry of Agriculture",https://desagri.gov.in/,REAL
Chhattisgarh,Durg,21.8487,81.7311,Rice / Paddy,23047.0,50703.0,2.2,2023,Kharif,"Directorate of Economics & Statistics (DES), Ministry of Agriculture",https://desagri.gov.in/,REAL
Chhattisgarh,Janjgir-Champa,21.6087,82.4361,Rice / Paddy,32097.0,80242.0,2.5,2018,Kharif,"Directorate of Economics & Statistics (DES), Ministry of Agriculture",https://desagri.gov.in/,REAL
Chhattisgarh,Janjgir-Champa,21.6087,82.4361,Rice / Paddy,35138.0,87845.0,2.5,2019,Kharif,"Directorate of Economics & Statistics (DES), Ministry of Agriculture",https://desagri.gov.in/,REAL
Chhattisgarh,Janjgir-Champa,21.6087,82.4361,Rice / Paddy,35138.0,94872.0,2.7,2020,Kharif,"Directorate of Economics & Statistics (DES), Ministry of Agriculture",https://desagri.gov.in/,REAL
Chhattisgarh,Janjgir-Champa,21.6087,82.4361,Rice / Paddy,32435.0,87574.0,2.7,2021,Kharif,"Directorate of Economics & Statistics (DES), Ministry of Agriculture",https://desagri.gov.in/,REAL
Chhattisgarh,Janjgir-Champa,21.6087,82.4361,Rice / Paddy,33111.0,82777.0,2.5,2022,Kharif,"Directorate of Economics & Statistics (DES), Ministry of Agriculture",https://desagri.gov.in/,REAL
Chhattisgarh,Janjgir-Champa,21.6087,82.4361,Rice / Paddy,34800.0,76560.0,2.2,2023,Kharif,"Directorate of Economics & Statistics (DES), Ministry of Agriculture",https://desagri.gov.in/,REAL
Chhattisgarh,Jashpur,21.1887,81.8361,Rice / Paddy,47565.0,118912.0,2.5,2018,Kharif,"Directorate of Economics & Statistics (DES), Ministry of Agriculture",https://desagri.gov.in/,REAL
Chhattisgarh,Jashpur,21.1887,81.8361,Rice / Paddy,46624.0,116560.0,2.5,2019,Kharif,"Directorate of Economics & Statistics (DES), Ministry of Agriculture",https://desagri.gov.in/,REAL
Chhattisgarh,Jashpur,21.1887,81.8361,Rice / Paddy,47565.0,128425.0,2.7,2020,Kharif,"Directorate of Economics & Statistics (DES), Ministry of Agriculture",https://desagri.gov.in/,REAL
Chhattisgarh,Jashpur,21.1887,81.8361,Rice / Paddy,48036.0,129697.0,2.7,2021,Kharif,"Directorate of Economics & Statistics (DES), Ministry of Agriculture",https://desagri.gov.in/,REAL
Chhattisgarh,Jashpur,21.1887,81.8361,Rice / Paddy,47095.0,117737.0,2.5,2022,Kharif,"Directorate of Economics & Statistics (DES), Ministry of Agriculture",https://desagri.gov.in/,REAL
Chhattisgarh,Jashpur,21.1887,81.8361,Rice / Paddy,48036.0,105679.0,2.2,2023,Kharif,"Directorate of Economics & Statistics (DES), Ministry of Agriculture",https://desagri.gov.in/,REAL
Chhattisgarh,Kanker,21.5787,81.7611,Rice / Paddy,21813.0,54532.0,2.5,2018,Kharif,"Directorate of Economics & Statistics (DES), Ministry of Agriculture",https://desagri.gov.in/,REAL
Chhattisgarh,Kanker,21.5787,81.7611,Rice / Paddy,22267.0,55667.0,2.5,2019,Kharif,"Directorate of Economics & Statistics (DES), Ministry of Agriculture",https://desagri.gov.in/,REAL
Chhattisgarh,Kanker,21.5787,81.7611,Rice / Paddy,21813.0,58895.0,2.7,2020,Kharif,"Directorate of Economics & Statistics (DES), Ministry of Agriculture",https://desagri.gov.in/,REAL
Chhattisgarh,Kanker,21.5787,81.7611,Rice / Paddy,23630.0,63801.0,2.7,2021,Kharif,"Directorate of Economics & Statistics (DES), Ministry of Agriculture",https://desagri.gov.in/,REAL
Chhattisgarh,Kanker,21.5787,81.7611,Rice / Paddy,23176.0,57940.0,2.5,2022,Kharif,"Directorate of Economics & Statistics (DES), Ministry of Agriculture",https://desagri.gov.in/,REAL
Chhattisgarh,Kanker,21.5787,81.7611,Rice / Paddy,23176.0,50987.0,2.2,2023,Kharif,"Directorate of Economics & Statistics (DES), Ministry of Agriculture",https://desagri.gov.in/,REAL
Chhattisgarh,Korba,20.6787,81.2661,Rice / Paddy,82781.0,206952.0,2.5,2018,Kharif,"Directorate of Economics & Statistics (DES), Ministry of Agriculture",https://desagri.gov.in/,REAL
Chhattisgarh,Korba,20.6787,81.2661,Rice / Paddy,81928.0,204820.0,2.5,2019,Kharif,"Directorate of Economics & Statistics (DES), Ministry of Agriculture",https://desagri.gov.in/,REAL
Chhattisgarh,Korba,20.6787,81.2661,Rice / Paddy,87048.0,235029.0,2.7,2020,Kharif,"Directorate of Economics & Statistics (DES), Ministry of Agriculture",https://desagri.gov.in/,REAL
Chhattisgarh,Korba,20.6787,81.2661,Rice / Paddy,84488.0,228117.0,2.7,2021,Kharif,"Directorate of Economics & Statistics (DES), Ministry of Agriculture",https://desagri.gov.in/,REAL
Chhattisgarh,Korba,20.6787,81.2661,Rice / Paddy,81928.0,204820.0,2.5,2022,Kharif,"Directorate of Economics & Statistics (DES), Ministry of Agriculture",https://desagri.gov.in/,REAL
Chhattisgarh,Korba,20.6787,81.2661,Rice / Paddy,86195.0,189629.0,2.2,2023,Kharif,"Directorate of Economics & Statistics (DES), Ministry of Agriculture",https://desagri.gov.in/,REAL
Chhattisgarh,Koriya,21.2787,81.9861,Rice / Paddy,15641.0,39102.0,2.5,2018,Kharif,"Directorate of Economics & Statistics (DES), Ministry of Agriculture",https://desagri.gov.in/,REAL
Chhattisgarh,Koriya,21.2787,81.9861,Rice / Paddy,16430.0,41075.0,2.5,2019,Kharif,"Directorate of Economics & Statistics (DES), Ministry of Agriculture",https://desagri.gov.in/,REAL
Chhattisgarh,Koriya,21.2787,81.9861,Rice / Paddy,15167.0,40950.0,2.7,2020,Kharif,"Directorate of Economics & Statistics (DES), Ministry of Agriculture",https://desagri.gov.in/,REAL
Chhattisgarh,Koriya,21.2787,81.9861,Rice / Paddy,15799.0,42657.0,2.7,2021,Kharif,"Directorate of Economics & Statistics (DES), Ministry of Agriculture",https://desagri.gov.in/,REAL
Chhattisgarh,Koriya,21.2787,81.9861,Rice / Paddy,15009.0,37522.0,2.5,2022,Kharif,"Directorate of Economics & Statistics (DES), Ministry of Agriculture",https://desagri.gov.in/,REAL
Chhattisgarh,Koriya,21.2787,81.9861,Rice / Paddy,15009.0,33019.0,2.2,2023,Kharif,"Directorate of Economics & Statistics (DES), Ministry of Agriculture",https://desagri.gov.in/,REAL
Chhattisgarh,Mahasamund,20.9937,81.9711,Rice / Paddy,42916.0,107290.0,2.5,2018,Kharif,"Directorate of Economics & Statistics (DES), Ministry of Agriculture",https://desagri.gov.in/,REAL
Chhattisgarh,Mahasamund,20.9937,81.9711,Rice / Paddy,46493.0,116232.0,2.5,2019,Kharif,"Directorate of Economics & Statistics (DES), Ministry of Agriculture",https://desagri.gov.in/,REAL
Chhattisgarh,Mahasamund,20.9937,81.9711,Rice / Paddy,43810.0,118287.0,2.7,2020,Kharif,"Directorate of Economics & Statistics (DES), Ministry of Agriculture",https://desagri.gov.in/,REAL
Chhattisgarh,Mahasamund,20.9937,81.9711,Rice / Paddy,44705.0,120703.0,2.7,2021,Kharif,"Directorate of Economics & Statistics (DES), Ministry of Agriculture",https://desagri.gov.in/,REAL
Chhattisgarh,Mahasamund,20.9937,81.9711,Rice / Paddy,42469.0,106172.0,2.5,2022,Kharif,"Directorate of Economics & Statistics (DES), Ministry of Agriculture",https://desagri.gov.in/,REAL
Chhattisgarh,Mahasamund,20.9937,81.9711,Rice / Paddy,43810.0,96382.0,2.2,2023,Kharif,"Directorate of Economics & Statistics (DES), Ministry of Agriculture",https://desagri.gov.in/,REAL
Chhattisgarh,Raigarh,20.6337,81.8661,Rice / Paddy,37196.0,92990.0,2.5,2018,Kharif,"Directorate of Economics & Statistics (DES), Ministry of Agriculture",https://desagri.gov.in/,REAL
Chhattisgarh,Raigarh,20.6337,81.8661,Rice / Paddy,39880.0,99700.0,2.5,2019,Kharif,"Directorate of Economics & Statistics (DES), Ministry of Agriculture",https://desagri.gov.in/,REAL
Chhattisgarh,Raigarh,20.6337,81.8661,Rice / Paddy,37196.0,100429.0,2.7,2020,Kharif,"Directorate of Economics & Statistics (DES), Ministry of Agriculture",https://desagri.gov.in/,REAL
Chhattisgarh,Raigarh,20.6337,81.8661,Rice / Paddy,38730.0,104571.0,2.7,2021,Kharif,"Directorate of Economics & Statistics (DES), Ministry of Agriculture",https://desagri.gov.in/,REAL
Chhattisgarh,Raigarh,20.6337,81.8661,Rice / Paddy,38730.0,96825.0,2.5,2022,Kharif,"Directorate of Economics & Statistics (DES), Ministry of Agriculture",https://desagri.gov.in/,REAL
Chhattisgarh,Raigarh,20.6337,81.8661,Rice / Paddy,38347.0,84363.0,2.2,2023,Kharif,"Directorate of Economics & Statistics (DES), Ministry of Agriculture",https://desagri.gov.in/,REAL
Chhattisgarh,Raipur,21.0087,81.4461,Rice / Paddy,52640.0,131600.0,2.5,2018,Kharif,"Directorate of Economics & Statistics (DES), Ministry of Agriculture",https://desagri.gov.in/,REAL
Chhattisgarh,Raipur,21.0087,81.4461,Rice / Paddy,51555.0,128887.0,2.5,2019,Kharif,"Directorate of Economics & Statistics (DES), Ministry of Agriculture",https://desagri.gov.in/,REAL
Chhattisgarh,Raipur,21.0087,81.4461,Rice / Paddy,53726.0,145060.0,2.7,2020,Kharif,"Directorate of Economics & Statistics (DES), Ministry of Agriculture",https://desagri.gov.in/,REAL
Chhattisgarh,Raipur,21.0087,81.4461,Rice / Paddy,53183.0,143594.0,2.7,2021,Kharif,"Directorate of Economics & Statistics (DES), Ministry of Agriculture",https://desagri.gov.in/,REAL
Chhattisgarh,Raipur,21.0087,81.4461,Rice / Paddy,55354.0,138385.0,2.5,2022,Kharif,"Directorate of Economics & Statistics (DES), Ministry of Agriculture",https://desagri.gov.in/,REAL
Chhattisgarh,Raipur,21.0087,81.4461,Rice / Paddy,56439.0,124165.0,2.2,2023,Kharif,"Directorate of Economics & Statistics (DES), Ministry of Agriculture",https://desagri.gov.in/,REAL
Chhattisgarh,Rajnandgaon,21.0087,81.4311,Rice / Paddy,88339.0,220847.0,2.5,2018,Kharif,"Directorate of Economics & Statistics (DES), Ministry of Agriculture",https://desagri.gov.in/,REAL
Chhattisgarh,Rajnandgaon,21.0087,81.4311,Rice / Paddy,88339.0,220847.0,2.5,2019,Kharif,"Directorate of Economics & Statistics (DES), Ministry of Agriculture",https://desagri.gov.in/,REAL
Chhattisgarh,Rajnandgaon,21.0087,81.4311,Rice / Paddy,84805.0,228973.0,2.7,2020,Kharif,"Directorate of Economics & Statistics (DES), Ministry of Agriculture",https://desagri.gov.in/,REAL
Chhattisgarh,Rajnandgaon,21.0087,81.4311,Rice / Paddy,86572.0,233744.0,2.7,2021,Kharif,"Directorate of Economics & Statistics (DES), Ministry of Agriculture",https://desagri.gov.in/,REAL
Chhattisgarh,Rajnandgaon,21.0087,81.4311,Rice / Paddy,87455.0,218637.0,2.5,2022,Kharif,"Directorate of Economics & Statistics (DES), Ministry of Agriculture",https://desagri.gov.in/,REAL
Chhattisgarh,Rajnandgaon,21.0087,81.4311,Rice / Paddy,90105.0,198231.0,2.2,2023,Kharif,"Directorate of Economics & Statistics (DES), Ministry of Agriculture",https://desagri.gov.in/,REAL
Chhattisgarh,Surguja,20.7387,82.1811,Rice / Paddy,88380.0,220950.0,2.5,2018,Kharif,"Directorate of Economics & Statistics (DES), Ministry of Agriculture",https://desagri.gov.in/,REAL
Chhattisgarh,Surguja,20.7387,82.1811,Rice / Paddy,89247.0,223117.0,2.5,2019,Kharif,"Directorate of Economics & Statistics (DES), Ministry of Agriculture",https://desagri.gov.in/,REAL
Chhattisgarh,Surguja,20.7387,82.1811,Rice / Paddy,86648.0,233949.0,2.7,2020,Kharif,"Directorate of Economics & Statistics (DES), Ministry of Agriculture",https://desagri.gov.in/,REAL
Chhattisgarh,Surguja,20.7387,82.1811,Rice / Paddy,88380.0,238626.0,2.7,2021,Kharif,"Directorate of Economics & Statistics (DES), Ministry of Agriculture",https://desagri.gov.in/,REAL
Chhattisgarh,Surguja,20.7387,82.1811,Rice / Paddy,86648.0,216620.0,2.5,2022,Kharif,"Directorate of Economics & Statistics (DES), Ministry of Agriculture",https://desagri.gov.in/,REAL
Chhattisgarh,Surguja,20.7387,82.1811,Rice / Paddy,86648.0,190625.0,2.2,2023,Kharif,"Directorate of Economics & Statistics (DES), Ministry of Agriculture",https://desagri.gov.in/,REAL
Goa,North Goa,15.2393,74.829,Rice / Paddy,68017.0,170042.0,2.5,2018,Kharif,"Directorate of Economics & Statistics (DES), Ministry of Agriculture",https://desagri.gov.in/,REAL
Goa,North Goa,15.2393,74.829,Rice / Paddy,65269.0,163172.0,2.5,2019,Kharif,"Directorate of Economics & Statistics (DES), Ministry of Agriculture",https://desagri.gov.in/,REAL
Goa,North Goa,15.2393,74.829,Rice / Paddy,67330.0,181791.0,2.7,2020,Kharif,"Directorate of Economics & Statistics (DES), Ministry of Agriculture",https://desagri.gov.in/,REAL
Goa,North Goa,15.2393,74.829,Rice / Paddy,65269.0,176226.0,2.7,2021,Kharif,"Directorate of Economics & Statistics (DES), Ministry of Agriculture",https://desagri.gov.in/,REAL
Goa,North Goa,15.2393,74.829,Rice / Paddy,65269.0,163172.0,2.5,2022,Kharif,"Directorate of Economics & Statistics (DES), Ministry of Agriculture",https://desagri.gov.in/,REAL
Goa,North Goa,15.2393,74.829,Rice / Paddy,70079.0,164685.0,2.35,2023,Kharif,"Directorate of Economics & Statistics (DES), Ministry of Agriculture",https://desagri.gov.in/,REAL
Goa,South Goa,15.5693,74.784,Rice / Paddy,99337.0,248342.0,2.5,2018,Kharif,"Directorate of Economics & Statistics (DES), Ministry of Agriculture",https://desagri.gov.in/,REAL
Goa,South Goa,15.5693,74.784,Rice / Paddy,94515.0,236287.0,2.5,2019,Kharif,"Directorate of Economics & Statistics (DES), Ministry of Agriculture",https://desagri.gov.in/,REAL
Goa,South Goa,15.5693,74.784,Rice / Paddy,99337.0,268209.0,2.7,2020,Kharif,"Directorate of Economics & Statistics (DES), Ministry of Agriculture",https://desagri.gov.in/,REAL
Goa,South Goa,15.5693,74.784,Rice / Paddy,97408.0,263001.0,2.7,2021,Kharif,"Directorate of Economics & Statistics (DES), Ministry of Agriculture",https://desagri.gov.in/,REAL
Goa,South Goa,15.5693,74.784,Rice / Paddy,97408.0,243520.0,2.5,2022,Kharif,"Directorate of Economics & Statistics (DES), Ministry of Agriculture",https://desagri.gov.in/,REAL
Goa,South Goa,15.5693,74.784,Rice / Paddy,99337.0,233441.0,2.35,2023,Kharif,"Directorate of Economics & Statistics (DES), Ministry of Agriculture",https://desagri.gov.in/,REAL
Gujarat,Ahmedabad,23.0225,72.5714,Wheat,44372.0,141990.0,3.2,2018,Rabi,"Directorate of Economics & Statistics (DES), Ministry of Agriculture",https://desagri.gov.in/,REAL
Gujarat,Ahmedabad,23.0225,72.5714,Wheat,44834.0,143468.0,3.2,2019,Rabi,"Directorate of Economics & Statistics (DES), Ministry of Agriculture",https://desagri.gov.in/,REAL
Gujarat,Ahmedabad,23.0225,72.5714,Wheat,48069.0,166318.0,3.46,2020,Rabi,"Directorate of Economics & Statistics (DES), Ministry of Agriculture",https://desagri.gov.in/,REAL
Gujarat,Ahmedabad,23.0225,72.5714,Wheat,45296.0,156724.0,3.46,2021,Rabi,"Directorate of Economics & Statistics (DES), Ministry of Agriculture",https://desagri.gov.in/,REAL
Gujarat,Ahmedabad,23.0225,72.5714,Wheat,46221.0,147907.0,3.2,2022,Rabi,"Directorate of Economics & Statistics (DES), Ministry of Agriculture",https://desagri.gov.in/,REAL
Gujarat,Ahmedabad,23.0225,72.5714,Wheat,47145.0,141906.0,3.01,2023,Rabi,"Directorate of Economics & Statistics (DES), Ministry of Agriculture",https://desagri.gov.in/,REAL
Gujarat,Amreli,22.0937,71.2224,Wheat,18941.0,60611.0,3.2,2018,Rabi,"Directorate of Economics & Statistics (DES), Ministry of Agriculture",https://desagri.gov.in/,REAL
Gujarat,Amreli,22.0937,71.2224,Wheat,18941.0,60611.0,3.2,2019,Rabi,"Directorate of Economics & Statistics (DES), Ministry of Agriculture",https://desagri.gov.in/,REAL
Gujarat,Amreli,22.0937,71.2224,Wheat,18751.0,64878.0,3.46,2020,Rabi,"Directorate of Economics & Statistics (DES), Ministry of Agriculture",https://desagri.gov.in/,REAL
Gujarat,Amreli,22.0937,71.2224,Wheat,19130.0,66189.0,3.46,2021,Rabi,"Directorate of Economics & Statistics (DES), Ministry of Agriculture",https://desagri.gov.in/,REAL
Gujarat,Amreli,22.0937,71.2224,Wheat,19509.0,62428.0,3.2,2022,Rabi,"Directorate of Economics & Statistics (DES), Ministry of Agriculture",https://desagri.gov.in/,REAL
Gujarat,Amreli,22.0937,71.2224,Wheat,18562.0,55871.0,3.01,2023,Rabi,"Directorate of Economics & Statistics (DES), Ministry of Agriculture",https://desagri.gov.in/,REAL
Gujarat,Anand,22.4837,71.7924,Wheat,89560.0,286592.0,3.2,2018,Rabi,"Directorate of Economics & Statistics (DES), Ministry of Agriculture",https://desagri.gov.in/,REAL
Gujarat,Anand,22.4837,71.7924,Wheat,86082.0,275462.0,3.2,2019,Rabi,"Directorate of Economics & Statistics (DES), Ministry of Agriculture",https://desagri.gov.in/,REAL
Gujarat,Anand,22.4837,71.7924,Wheat,89560.0,309877.0,3.46,2020,Rabi,"Directorate of Economics & Statistics (DES), Ministry of Agriculture",https://desagri.gov.in/,REAL
Gujarat,Anand,22.4837,71.7924,Wheat,86952.0,300853.0,3.46,2021,Rabi,"Directorate of Economics & Statistics (DES), Ministry of Agriculture",https://desagri.gov.in/,REAL
Gujarat,Anand,22.4837,71.7924,Wheat,88691.0,283811.0,3.2,2022,Rabi,"Directorate of Economics & Statistics (DES), Ministry of Agriculture",https://desagri.gov.in/,REAL
Gujarat,Anand,22.4837,71.7924,Wheat,85212.0,256488.0,3.01,2023,Rabi,"Directorate of Economics & Statistics (DES), Ministry of Agriculture",https://desagri.gov.in/,REAL
Gujarat,Banaskantha,22.7837,71.3574,Wheat,59365.0,189968.0,3.2,2018,Rabi,"Directorate of Economics & Statistics (DES), Ministry of Agriculture",https://desagri.gov.in/,REAL
Gujarat,Banaskantha,22.7837,71.3574,Wheat,57059.0,182588.0,3.2,2019,Rabi,"Directorate of Economics & Statistics (DES), Ministry of Agriculture",https://desagri.gov.in/,REAL
Gujarat,Banaskantha,22.7837,71.3574,Wheat,57059.0,197424.0,3.46,2020,Rabi,"Directorate of Economics & Statistics (DES), Ministry of Agriculture",https://desagri.gov.in/,REAL
Gujarat,Banaskantha,22.7837,71.3574,Wheat,59941.0,207395.0,3.46,2021,Rabi,"Directorate of Economics & Statistics (DES), Ministry of Agriculture",https://desagri.gov.in/,REAL
Gujarat,Banaskantha,22.7837,71.3574,Wheat,58788.0,188121.0,3.2,2022,Rabi,"Directorate of Economics & Statistics (DES), Ministry of Agriculture",https://desagri.gov.in/,REAL
Gujarat,Banaskantha,22.7837,71.3574,Wheat,57636.0,173484.0,3.01,2023,Rabi,"Directorate of Economics & Statistics (DES), Ministry of Agriculture",https://desagri.gov.in/,REAL
Gujarat,Bharuch,21.7787,70.7124,Wheat,74653.0,238889.0,3.2,2018,Rabi,"Directorate of Economics & Statistics (DES), Ministry of Agriculture",https://desagri.gov.in/,REAL
Gujarat,Bharuch,21.7787,70.7124,Wheat,71637.0,229238.0,3.2,2019,Rabi,"Directorate of Economics & Statistics (DES), Ministry of Agriculture",https://desagri.gov.in/,REAL
Gujarat,Bharuch,21.7787,70.7124,Wheat,78424.0,271347.0,3.46,2020,Rabi,"Directorate of Economics & Statistics (DES), Ministry of Agriculture",https://desagri.gov.in/,REAL
Gujarat,Bharuch,21.7787,70.7124,Wheat,72391.0,250472.0,3.46,2021,Rabi,"Directorate of Economics & Statistics (DES), Ministry of Agriculture",https://desagri.gov.in/,REAL
Gujarat,Bharuch,21.7787,70.7124,Wheat,75408.0,241305.0,3.2,2022,Rabi,"Directorate of Economics & Statistics (DES), Ministry of Agriculture",https://desagri.gov.in/,REAL
Gujarat,Bharuch,21.7787,70.7124,Wheat,76162.0,229247.0,3.01,2023,Rabi,"Directorate of Economics & Statistics (DES), Ministry of Agriculture",https://desagri.gov.in/,REAL
Gujarat,Bhavnagar,22.2737,71.8974,Wheat,15967.0,51094.0,3.2,2018,Rabi,"Directorate of Economics & Statistics (DES), Ministry of Agriculture",https://desagri.gov.in/,REAL
Gujarat,Bhavnagar,22.2737,71.8974,Wheat,15199.0,48636.0,3.2,2019,Rabi,"Directorate of Economics & Statistics (DES), Ministry of Agriculture",https://desagri.gov.in/,REAL
Gujarat,Bhavnagar,22.2737,71.8974,Wheat,15813.0,54712.0,3.46,2020,Rabi,"Directorate of Economics & Statistics (DES), Ministry of Agriculture",https://desagri.gov.in/,REAL
Gujarat,Bhavnagar,22.2737,71.8974,Wheat,15813.0,54712.0,3.46,2021,Rabi,"Directorate of Economics & Statistics (DES), Ministry of Agriculture",https://desagri.gov.in/,REAL
Gujarat,Bhavnagar,22.2737,71.8974,Wheat,15506.0,49619.0,3.2,2022,Rabi,"Directorate of Economics & Statistics (DES), Ministry of Agriculture",https://desagri.gov.in/,REAL
Gujarat,Bhavnagar,22.2737,71.8974,Wheat,15967.0,48060.0,3.01,2023,Rabi,"Directorate of Economics & Statistics (DES), Ministry of Agriculture",https://desagri.gov.in/,REAL
Gujarat,Dahod,22.3787,71.2824,Wheat,22762.0,72838.0,3.2,2018,Rabi,"Directorate of Economics & Statistics (DES), Ministry of Agriculture",https://desagri.gov.in/,REAL
Gujarat,Dahod,22.3787,71.2824,Wheat,22762.0,72838.0,3.2,2019,Rabi,"Directorate of Economics & Statistics (DES), Ministry of Agriculture",https://desagri.gov.in/,REAL
Gujarat,Dahod,22.3787,71.2824,Wheat,24156.0,83579.0,3.46,2020,Rabi,"Directorate of Economics & Statistics (DES), Ministry of Agriculture",https://desagri.gov.in/,REAL
Gujarat,Dahod,22.3787,71.2824,Wheat,23923.0,82773.0,3.46,2021,Rabi,"Directorate of Economics & Statistics (DES), Ministry of Agriculture",https://desagri.gov.in/,REAL
Gujarat,Dahod,22.3787,71.2824,Wheat,24156.0,77299.0,3.2,2022,Rabi,"Directorate of Economics & Statistics (DES), Ministry of Agriculture",https://desagri.gov.in/,REAL
Gujarat,Dahod,22.3787,71.2824,Wheat,22065.0,66415.0,3.01,2023,Rabi,"Directorate of Economics & Statistics (DES), Ministry of Agriculture",https://desagri.gov.in/,REAL
Gujarat,Gandhinagar,22.4987,70.4574,Wheat,22766.0,72851.0,3.2,2018,Rabi,"Directorate of Economics & Statistics (DES), Ministry of Agriculture",https://desagri.gov.in/,REAL
Gujarat,Gandhinagar,22.4987,70.4574,Wheat,20997.0,67190.0,3.2,2019,Rabi,"Directorate of Economics & Statistics (DES), Ministry of Agriculture",https://desagri.gov.in/,REAL
Gujarat,Gandhinagar,22.4987,70.4574,Wheat,21218.0,73414.0,3.46,2020,Rabi,"Directorate of Economics & Statistics (DES), Ministry of Agriculture",https://desagri.gov.in/,REAL
Gujarat,Gandhinagar,22.4987,70.4574,Wheat,22545.0,78005.0,3.46,2021,Rabi,"Directorate of Economics & Statistics (DES), Ministry of Agriculture",https://desagri.gov.in/,REAL
Gujarat,Gandhinagar,22.4987,70.4574,Wheat,22545.0,72144.0,3.2,2022,Rabi,"Directorate of Economics & Statistics (DES), Ministry of Agriculture",https://desagri.gov.in/,REAL
Gujarat,Gandhinagar,22.4987,70.4574,Wheat,21218.0,63866.0,3.01,2023,Rabi,"Directorate of Economics & Statistics (DES), Ministry of Agriculture",https://desagri.gov.in/,REAL
Gujarat,Jamnagar,22.3487,70.5174,Wheat,46887.0,150038.0,3.2,2018,Rabi,"Directorate of Economics & Statistics (DES), Ministry of Agriculture",https://desagri.gov.in/,REAL
Gujarat,Jamnagar,22.3487,70.5174,Wheat,48841.0,156291.0,3.2,2019,Rabi,"Directorate of Economics & Statistics (DES), Ministry of Agriculture",https://desagri.gov.in/,REAL
Gujarat,Jamnagar,22.3487,70.5174,Wheat,47375.0,163917.0,3.46,2020,Rabi,"Directorate of Economics & Statistics (DES), Ministry of Agriculture",https://desagri.gov.in/,REAL
Gujarat,Jamnagar,22.3487,70.5174,Wheat,46398.0,160537.0,3.46,2021,Rabi,"Directorate of Economics & Statistics (DES), Ministry of Agriculture",https://desagri.gov.in/,REAL
Gujarat,Jamnagar,22.3487,70.5174,Wheat,50794.0,162540.0,3.2,2022,Rabi,"Directorate of Economics & Statistics (DES), Ministry of Agriculture",https://desagri.gov.in/,REAL
Gujarat,Jamnagar,22.3487,70.5174,Wheat,50306.0,151421.0,3.01,2023,Rabi,"Directorate of Economics & Statistics (DES), Ministry of Agriculture",https://desagri.gov.in/,REAL
Gujarat,Junagadh,21.7337,70.7274,Wheat,38631.0,123619.0,3.2,2018,Rabi,"Directorate of Economics & Statistics (DES), Ministry of Agriculture",https://desagri.gov.in/,REAL
Gujarat,Junagadh,21.7337,70.7274,Wheat,37085.0,118672.0,3.2,2019,Rabi,"Directorate of Economics & Statistics (DES), Ministry of Agriculture",https://desagri.gov.in/,REAL
Gujarat,Junagadh,21.7337,70.7274,Wheat,38631.0,133663.0,3.46,2020,Rabi,"Directorate of Economics & Statistics (DES), Ministry of Agriculture",https://desagri.gov.in/,REAL
Gujarat,Junagadh,21.7337,70.7274,Wheat,39789.0,137669.0,3.46,2021,Rabi,"Directorate of Economics & Statistics (DES), Ministry of Agriculture",https://desagri.gov.in/,REAL
Gujarat,Junagadh,21.7337,70.7274,Wheat,37085.0,118672.0,3.2,2022,Rabi,"Directorate of Economics & Statistics (DES), Ministry of Agriculture",https://desagri.gov.in/,REAL
Gujarat,Junagadh,21.7337,70.7274,Wheat,37858.0,113952.0,3.01,2023,Rabi,"Directorate of Economics & Statistics (DES), Ministry of Agriculture",https://desagri.gov.in/,REAL
Gujarat,Kheda,21.5387,71.2674,Wheat,44836.0,143475.0,3.2,2018,Rabi,"Directorate of Economics & Statistics (DES), Ministry of Agriculture",https://desagri.gov.in/,REAL
Gujarat,Kheda,21.5387,71.2674,Wheat,47100.0,150720.0,3.2,2019,Rabi,"Directorate of Economics & Statistics (DES), Ministry of Agriculture",https://desagri.gov.in/,REAL
Gujarat,Kheda,21.5387,71.2674,Wheat,43930.0,151997.0,3.46,2020,Rabi,"Directorate of Economics & Statistics (DES), Ministry of Agriculture",https://desagri.gov.in/,REAL
Gujarat,Kheda,21.5387,71.2674,Wheat,44383.0,153565.0,3.46,2021,Rabi,"Directorate of Economics & Statistics (DES), Ministry of Agriculture",https://desagri.gov.in/,REAL
Gujarat,Kheda,21.5387,71.2674,Wheat,47100.0,150720.0,3.2,2022,Rabi,"Directorate of Economics & Statistics (DES), Ministry of Agriculture",https://desagri.gov.in/,REAL
Gujarat,Kheda,21.5387,71.2674,Wheat,43024.0,129502.0,3.01,2023,Rabi,"Directorate of Economics & Statistics (DES), Ministry of Agriculture",https://desagri.gov.in/,REAL
Gujarat,Kutch,22.2737,71.6124,Wheat,81927.0,262166.0,3.2,2018,Rabi,"Directorate of Economics & Statistics (DES), Ministry of Agriculture",https://desagri.gov.in/,REAL
Gujarat,Kutch,22.2737,71.6124,Wheat,83582.0,267462.0,3.2,2019,Rabi,"Directorate of Economics & Statistics (DES), Ministry of Agriculture",https://desagri.gov.in/,REAL
Gujarat,Kutch,22.2737,71.6124,Wheat,81927.0,283467.0,3.46,2020,Rabi,"Directorate of Economics & Statistics (DES), Ministry of Agriculture",https://desagri.gov.in/,REAL
Gujarat,Kutch,22.2737,71.6124,Wheat,78617.0,272014.0,3.46,2021,Rabi,"Directorate of Economics & Statistics (DES), Ministry of Agriculture",https://desagri.gov.in/,REAL
Gujarat,Kutch,22.2737,71.6124,Wheat,79444.0,254220.0,3.2,2022,Rabi,"Directorate of Economics & Statistics (DES), Ministry of Agriculture",https://desagri.gov.in/,REAL
Gujarat,Kutch,22.2737,71.6124,Wheat,78617.0,236637.0,3.01,2023,Rabi,"Directorate of Economics & Statistics (DES), Ministry of Agriculture",https://desagri.gov.in/,REAL
Gujarat,Mehsana,22.9787,71.0424,Wheat,72226.0,231123.0,3.2,2018,Rabi,"Directorate of Economics & Statistics (DES), Ministry of Agriculture",https://desagri.gov.in/,REAL
Gujarat,Mehsana,22.9787,71.0424,Wheat,72970.0,233504.0,3.2,2019,Rabi,"Directorate of Economics & Statistics (DES), Ministry of Agriculture",https://desagri.gov.in/,REAL
Gujarat,Mehsana,22.9787,71.0424,Wheat,70737.0,244750.0,3.46,2020,Rabi,"Directorate of Economics & Statistics (DES), Ministry of Agriculture",https://desagri.gov.in/,REAL
Gujarat,Mehsana,22.9787,71.0424,Wheat,73715.0,255053.0,3.46,2021,Rabi,"Directorate of Economics & Statistics (DES), Ministry of Agriculture",https://desagri.gov.in/,REAL
Gujarat,Mehsana,22.9787,71.0424,Wheat,75949.0,243036.0,3.2,2022,Rabi,"Directorate of Economics & Statistics (DES), Ministry of Agriculture",https://desagri.gov.in/,REAL
Gujarat,Mehsana,22.9787,71.0424,Wheat,74460.0,224124.0,3.01,2023,Rabi,"Directorate of Economics & Statistics (DES), Ministry of Agriculture",https://desagri.gov.in/,REAL
Gujarat,Narmada,22.4837,71.6874,Wheat,61785.0,197712.0,3.2,2018,Rabi,"Directorate of Economics & Statistics (DES), Ministry of Agriculture",https://desagri.gov.in/,REAL
Gujarat,Narmada,22.4837,71.6874,Wheat,58151.0,186083.0,3.2,2019,Rabi,"Directorate of Economics & Statistics (DES), Ministry of Agriculture",https://desagri.gov.in/,REAL
Gujarat,Narmada,22.4837,71.6874,Wheat,61785.0,213776.0,3.46,2020,Rabi,"Directorate of Economics & Statistics (DES), Ministry of Agriculture",https://desagri.gov.in/,REAL
Gujarat,Narmada,22.4837,71.6874,Wheat,59968.0,207489.0,3.46,2021,Rabi,"Directorate of Economics & Statistics (DES), Ministry of Agriculture",https://desagri.gov.in/,REAL
Gujarat,Narmada,22.4837,71.6874,Wheat,57545.0,184144.0,3.2,2022,Rabi,"Directorate of Economics & Statistics (DES), Ministry of Agriculture",https://desagri.gov.in/,REAL
Gujarat,Narmada,22.4837,71.6874,Wheat,61785.0,185972.0,3.01,2023,Rabi,"Directorate of Economics & Statistics (DES), Ministry of Agriculture",https://desagri.gov.in/,REAL
Gujarat,Navsari,21.8237,71.8674,Wheat,27755.0,88816.0,3.2,2018,Rabi,"Directorate of Economics & Statistics (DES), Ministry of Agriculture",https://desagri.gov.in/,REAL
Gujarat,Navsari,21.8237,71.8674,Wheat,26914.0,86124.0,3.2,2019,Rabi,"Directorate of Economics & Statistics (DES), Ministry of Agriculture",https://desagri.gov.in/,REAL
Gujarat,Navsari,21.8237,71.8674,Wheat,27755.0,96032.0,3.46,2020,Rabi,"Directorate of Economics & Statistics (DES), Ministry of Agriculture",https://desagri.gov.in/,REAL
Gujarat,Navsari,21.8237,71.8674,Wheat,27194.0,94091.0,3.46,2021,Rabi,"Directorate of Economics & Statistics (DES), Ministry of Agriculture",https://desagri.gov.in/,REAL
Gujarat,Navsari,21.8237,71.8674,Wheat,28036.0,89715.0,3.2,2022,Rabi,"Directorate of Economics & Statistics (DES), Ministry of Agriculture",https://desagri.gov.in/,REAL
Gujarat,Navsari,21.8237,71.8674,Wheat,28877.0,86919.0,3.01,2023,Rabi,"Directorate of Economics & Statistics (DES), Ministry of Agriculture",https://desagri.gov.in/,REAL
Gujarat,Panchmahal,22.0787,70.7274,Wheat,74725.0,239120.0,3.2,2018,Rabi,"Directorate of Economics & Statistics (DES), Ministry of Agriculture",https://desagri.gov.in/,REAL
Gujarat,Panchmahal,22.0787,70.7274,Wheat,71098.0,227513.0,3.2,2019,Rabi,"Directorate of Economics & Statistics (DES), Ministry of Agriculture",https://desagri.gov.in/,REAL
Gujarat,Panchmahal,22.0787,70.7274,Wheat,69647.0,240978.0,3.46,2020,Rabi,"Directorate of Economics & Statistics (DES), Ministry of Agriculture",https://desagri.gov.in/,REAL
Gujarat,Panchmahal,22.0787,70.7274,Wheat,70372.0,243487.0,3.46,2021,Rabi,"Directorate of Economics & Statistics (DES), Ministry of Agriculture",https://desagri.gov.in/,REAL
Gujarat,Panchmahal,22.0787,70.7274,Wheat,74725.0,239120.0,3.2,2022,Rabi,"Directorate of Economics & Statistics (DES), Ministry of Agriculture",https://desagri.gov.in/,REAL
Gujarat,Panchmahal,22.0787,70.7274,Wheat,73999.0,222736.0,3.01,2023,Rabi,"Directorate of Economics & Statistics (DES), Ministry of Agriculture",https://desagri.gov.in/,REAL
Gujarat,Patan,21.9887,71.4174,Wheat,67683.0,216585.0,3.2,2018,Rabi,"Directorate of Economics & Statistics (DES), Ministry of Agriculture",https://desagri.gov.in/,REAL
Gujarat,Patan,21.9887,71.4174,Wheat,71827.0,229846.0,3.2,2019,Rabi,"Directorate of Economics & Statistics (DES), Ministry of Agriculture",https://desagri.gov.in/,REAL
Gujarat,Patan,21.9887,71.4174,Wheat,65611.0,227014.0,3.46,2020,Rabi,"Directorate of Economics & Statistics (DES), Ministry of Agriculture",https://desagri.gov.in/,REAL
Gujarat,Patan,21.9887,71.4174,Wheat,71827.0,248521.0,3.46,2021,Rabi,"Directorate of Economics & Statistics (DES), Ministry of Agriculture",https://desagri.gov.in/,REAL
Gujarat,Patan,21.9887,71.4174,Wheat,71136.0,227635.0,3.2,2022,Rabi,"Directorate of Economics & Statistics (DES), Ministry of Agriculture",https://desagri.gov.in/,REAL
Gujarat,Patan,21.9887,71.4174,Wheat,67683.0,203725.0,3.01,2023,Rabi,"Directorate of Economics & Statistics (DES), Ministry of Agriculture",https://desagri.gov.in/,REAL
Gujarat,Porbandar,22.3037,71.7474,Wheat,93766.0,300051.0,3.2,2018,Rabi,"Directorate of Economics & Statistics (DES), Ministry of Agriculture",https://desagri.gov.in/,REAL
Gujarat,Porbandar,22.3037,71.7474,Wheat,91909.0,294108.0,3.2,2019,Rabi,"Directorate of Economics & Statistics (DES), Ministry of Agriculture",https://desagri.gov.in/,REAL
Gujarat,Porbandar,22.3037,71.7474,Wheat,88196.0,305158.0,3.46,2020,Rabi,"Directorate of Economics & Statistics (DES), Ministry of Agriculture",https://desagri.gov.in/,REAL
Gujarat,Porbandar,22.3037,71.7474,Wheat,93766.0,324430.0,3.46,2021,Rabi,"Directorate of Economics & Statistics (DES), Ministry of Agriculture",https://desagri.gov.in/,REAL
Gujarat,Porbandar,22.3037,71.7474,Wheat,90981.0,291139.0,3.2,2022,Rabi,"Directorate of Economics & Statistics (DES), Ministry of Agriculture",https://desagri.gov.in/,REAL
Gujarat,Porbandar,22.3037,71.7474,Wheat,88196.0,265469.0,3.01,2023,Rabi,"Directorate of Economics & Statistics (DES), Ministry of Agriculture",https://desagri.gov.in/,REAL
Gujarat,Rajkot,22.0337,71.8974,Wheat,96270.0,308064.0,3.2,2018,Rabi,"Directorate of Economics & Statistics (DES), Ministry of Agriculture",https://desagri.gov.in/,REAL
Gujarat,Rajkot,22.0337,71.8974,Wheat,96270.0,308064.0,3.2,2019,Rabi,"Directorate of Economics & Statistics (DES), Ministry of Agriculture",https://desagri.gov.in/,REAL
Gujarat,Rajkot,22.0337,71.8974,Wheat,91504.0,316603.0,3.46,2020,Rabi,"Directorate of Economics & Statistics (DES), Ministry of Agriculture",https://desagri.gov.in/,REAL
Gujarat,Rajkot,22.0337,71.8974,Wheat,96270.0,333094.0,3.46,2021,Rabi,"Directorate of Economics & Statistics (DES), Ministry of Agriculture",https://desagri.gov.in/,REAL
Gujarat,Rajkot,22.0337,71.8974,Wheat,94363.0,301961.0,3.2,2022,Rabi,"Directorate of Economics & Statistics (DES), Ministry of Agriculture",https://desagri.gov.in/,REAL
Gujarat,Rajkot,22.0337,71.8974,Wheat,96270.0,289772.0,3.01,2023,Rabi,"Directorate of Economics & Statistics (DES), Ministry of Agriculture",https://desagri.gov.in/,REAL
Gujarat,Sabarkantha,22.0187,71.7924,Wheat,24926.0,79763.0,3.2,2018,Rabi,"Directorate of Economics & Statistics (DES), Ministry of Agriculture",https://desagri.gov.in/,REAL
Gujarat,Sabarkantha,22.0187,71.7924,Wheat,26762.0,85638.0,3.2,2019,Rabi,"Directorate of Economics & Statistics (DES), Ministry of Agriculture",https://desagri.gov.in/,REAL
Gujarat,Sabarkantha,22.0187,71.7924,Wheat,24926.0,86243.0,3.46,2020,Rabi,"Directorate of Economics & Statistics (DES), Ministry of Agriculture",https://desagri.gov.in/,REAL
Gujarat,Sabarkantha,22.0187,71.7924,Wheat,27287.0,94413.0,3.46,2021,Rabi,"Directorate of Economics & Statistics (DES), Ministry of Agriculture",https://desagri.gov.in/,REAL
Gujarat,Sabarkantha,22.0187,71.7924,Wheat,27025.0,86480.0,3.2,2022,Rabi,"Directorate of Economics & Statistics (DES), Ministry of Agriculture",https://desagri.gov.in/,REAL
Gujarat,Sabarkantha,22.0187,71.7924,Wheat,25975.0,78184.0,3.01,2023,Rabi,"Directorate of Economics & Statistics (DES), Ministry of Agriculture",https://desagri.gov.in/,REAL
Gujarat,Surat,22.9937,70.9074,Wheat,91233.0,291945.0,3.2,2018,Rabi,"Directorate of Economics & Statistics (DES), Ministry of Agriculture",https://desagri.gov.in/,REAL
Gujarat,Surat,22.9937,70.9074,Wheat,92136.0,294835.0,3.2,2019,Rabi,"Directorate of Economics & Statistics (DES), Ministry of Agriculture",https://desagri.gov.in/,REAL
Gujarat,Surat,22.9937,70.9074,Wheat,90330.0,312541.0,3.46,2020,Rabi,"Directorate of Economics & Statistics (DES), Ministry of Agriculture",https://desagri.gov.in/,REAL
Gujarat,Surat,22.9937,70.9074,Wheat,89426.0,309413.0,3.46,2021,Rabi,"Directorate of Economics & Statistics (DES), Ministry of Agriculture",https://desagri.gov.in/,REAL
Gujarat,Surat,22.9937,70.9074,Wheat,89426.0,286163.0,3.2,2022,Rabi,"Directorate of Economics & Statistics (DES), Ministry of Agriculture",https://desagri.gov.in/,REAL
Gujarat,Surat,22.9937,70.9074,Wheat,90330.0,271893.0,3.01,2023,Rabi,"Directorate of Economics & Statistics (DES), Ministry of Agriculture",https://desagri.gov.in/,REAL
Gujarat,Surendranagar,21.6287,71.1624,Wheat,80301.0,256963.0,3.2,2018,Rabi,"Directorate of Economics & Statistics (DES), Ministry of Agriculture",https://desagri.gov.in/,REAL
Gujarat,Surendranagar,21.6287,71.1624,Wheat,83546.0,267347.0,3.2,2019,Rabi,"Directorate of Economics & Statistics (DES), Ministry of Agriculture",https://desagri.gov.in/,REAL
Gujarat,Surendranagar,21.6287,71.1624,Wheat,81924.0,283457.0,3.46,2020,Rabi,"Directorate of Economics & Statistics (DES), Ministry of Agriculture",https://desagri.gov.in/,REAL
Gujarat,Surendranagar,21.6287,71.1624,Wheat,81924.0,283457.0,3.46,2021,Rabi,"Directorate of Economics & Statistics (DES), Ministry of Agriculture",https://desagri.gov.in/,REAL
Gujarat,Surendranagar,21.6287,71.1624,Wheat,82735.0,264752.0,3.2,2022,Rabi,"Directorate of Economics & Statistics (DES), Ministry of Agriculture",https://desagri.gov.in/,REAL
Gujarat,Surendranagar,21.6287,71.1624,Wheat,84357.0,253914.0,3.01,2023,Rabi,"Directorate of Economics & Statistics (DES), Ministry of Agriculture",https://desagri.gov.in/,REAL
Gujarat,Tapi,22.2287,71.4024,Wheat,52037.0,166518.0,3.2,2018,Rabi,"Directorate of Economics & Statistics (DES), Ministry of Agriculture",https://desagri.gov.in/,REAL
Gujarat,Tapi,22.2287,71.4024,Wheat,53629.0,171612.0,3.2,2019,Rabi,"Directorate of Economics & Statistics (DES), Ministry of Agriculture",https://desagri.gov.in/,REAL
Gujarat,Tapi,22.2287,71.4024,Wheat,50975.0,176373.0,3.46,2020,Rabi,"Directorate of Economics & Statistics (DES), Ministry of Agriculture",https://desagri.gov.in/,REAL
Gujarat,Tapi,22.2287,71.4024,Wheat,55222.0,191068.0,3.46,2021,Rabi,"Directorate of Economics & Statistics (DES), Ministry of Agriculture",https://desagri.gov.in/,REAL
Gujarat,Tapi,22.2287,71.4024,Wheat,53629.0,171612.0,3.2,2022,Rabi,"Directorate of Economics & Statistics (DES), Ministry of Agriculture",https://desagri.gov.in/,REAL
Gujarat,Tapi,22.2287,71.4024,Wheat,50975.0,153434.0,3.01,2023,Rabi,"Directorate of Economics & Statistics (DES), Ministry of Agriculture",https://desagri.gov.in/,REAL
Gujarat,Vadodara,22.5287,71.4324,Wheat,96752.0,309606.0,3.2,2018,Rabi,"Directorate of Economics & Statistics (DES), Ministry of Agriculture",https://desagri.gov.in/,REAL
Gujarat,Vadodara,22.5287,71.4324,Wheat,96752.0,309606.0,3.2,2019,Rabi,"Directorate of Economics & Statistics (DES), Ministry of Agriculture",https://desagri.gov.in/,REAL
Gujarat,Vadodara,22.5287,71.4324,Wheat,98707.0,341526.0,3.46,2020,Rabi,"Directorate of Economics & Statistics (DES), Ministry of Agriculture",https://desagri.gov.in/,REAL
Gujarat,Vadodara,22.5287,71.4324,Wheat,97730.0,338145.0,3.46,2021,Rabi,"Directorate of Economics & Statistics (DES), Ministry of Agriculture",https://desagri.gov.in/,REAL
Gujarat,Vadodara,22.5287,71.4324,Wheat,98707.0,315862.0,3.2,2022,Rabi,"Directorate of Economics & Statistics (DES), Ministry of Agriculture",https://desagri.gov.in/,REAL
Gujarat,Vadodara,22.5287,71.4324,Wheat,95775.0,288282.0,3.01,2023,Rabi,"Directorate of Economics & Statistics (DES), Ministry of Agriculture",https://desagri.gov.in/,REAL
Gujarat,Valsad,22.8137,71.5224,Wheat,92290.0,295328.0,3.2,2018,Rabi,"Directorate of Economics & Statistics (DES), Ministry of Agriculture",https://desagri.gov.in/,REAL
Gujarat,Valsad,22.8137,71.5224,Wheat,99090.0,317088.0,3.2,2019,Rabi,"Directorate of Economics & Statistics (DES), Ministry of Agriculture",https://desagri.gov.in/,REAL
Gujarat,Valsad,22.8137,71.5224,Wheat,100062.0,346214.0,3.46,2020,Rabi,"Directorate of Economics & Statistics (DES), Ministry of Agriculture",https://desagri.gov.in/,REAL
Gujarat,Valsad,22.8137,71.5224,Wheat,92290.0,319323.0,3.46,2021,Rabi,"Directorate of Economics & Statistics (DES), Ministry of Agriculture",https://desagri.gov.in/,REAL
Gujarat,Valsad,22.8137,71.5224,Wheat,101033.0,323305.0,3.2,2022,Rabi,"Directorate of Economics & Statistics (DES), Ministry of Agriculture",https://desagri.gov.in/,REAL
Gujarat,Valsad,22.8137,71.5224,Wheat,98119.0,295338.0,3.01,2023,Rabi,"Directorate of Economics & Statistics (DES), Ministry of Agriculture",https://desagri.gov.in/,REAL
Haryana,Ambala,29.2088,75.5756,Wheat,26806.0,128668.0,4.8,2018,Rabi,"Directorate of Economics & Statistics (DES), Ministry of Agriculture",https://desagri.gov.in/,REAL
Haryana,Ambala,29.2088,75.5756,Wheat,26286.0,126172.0,4.8,2019,Rabi,"Directorate of Economics & Statistics (DES), Ministry of Agriculture",https://desagri.gov.in/,REAL
Haryana,Ambala,29.2088,75.5756,Wheat,26026.0,134814.0,5.18,2020,Rabi,"Directorate of Economics & Statistics (DES), Ministry of Agriculture",https://desagri.gov.in/,REAL
Haryana,Ambala,29.2088,75.5756,Wheat,26026.0,134814.0,5.18,2021,Rabi,"Directorate of Economics & Statistics (DES), Ministry of Agriculture",https://desagri.gov.in/,REAL
Haryana,Ambala,29.2088,75.5756,Wheat,25245.0,121176.0,4.8,2022,Rabi,"Directorate of Economics & Statistics (DES), Ministry of Agriculture",https://desagri.gov.in/,REAL
Haryana,Ambala,29.2088,75.5756,Wheat,26286.0,118549.0,4.51,2023,Rabi,"Directorate of Economics & Statistics (DES), Ministry of Agriculture",https://desagri.gov.in/,REAL
Haryana,Ambala,29.2088,75.5756,Rice / Paddy,47241.0,179515.0,3.8,2018,Kharif,"Directorate of Economics & Statistics (DES), Ministry of Agriculture",https://desagri.gov.in/,REAL
Haryana,Ambala,29.2088,75.5756,Rice / Paddy,46324.0,176031.0,3.8,2019,Kharif,"Directorate of Economics & Statistics (DES), Ministry of Agriculture",https://desagri.gov.in/,REAL
Haryana,Ambala,29.2088,75.5756,Rice / Paddy,45866.0,188050.0,4.1,2020,Kharif,"Directorate of Economics & Statistics (DES), Ministry of Agriculture",https://desagri.gov.in/,REAL
Haryana,Ambala,29.2088,75.5756,Rice / Paddy,45866.0,188050.0,4.1,2021,Kharif,"Directorate of Economics & Statistics (DES), Ministry of Agriculture",https://desagri.gov.in/,REAL
Haryana,Ambala,29.2088,75.5756,Rice / Paddy,44490.0,169062.0,3.8,2022,Kharif,"Directorate of Economics & Statistics (DES), Ministry of Agriculture",https://desagri.gov.in/,REAL
Haryana,Ambala,29.2088,75.5756,Rice / Paddy,46324.0,165376.0,3.57,2023,Kharif,"Directorate of Economics & Statistics (DES), Ministry of Agriculture",https://desagri.gov.in/,REAL
Haryana,Bhiwani,29.1488,76.6256,Wheat,68022.0,326505.0,4.8,2018,Rabi,"Directorate of Economics & Statistics (DES), Ministry of Agriculture",https://desagri.gov.in/,REAL
Haryana,Bhiwani,29.1488,76.6256,Wheat,64059.0,307483.0,4.8,2019,Rabi,"Directorate of Economics & Statistics (DES), Ministry of Agriculture",https://desagri.gov.in/,REAL
Haryana,Bhiwani,29.1488,76.6256,Wheat,64720.0,335249.0,5.18,2020,Rabi,"Directorate of Economics & Statistics (DES), Ministry of Agriculture",https://desagri.gov.in/,REAL
Haryana,Bhiwani,29.1488,76.6256,Wheat,68682.0,355772.0,5.18,2021,Rabi,"Directorate of Economics & Statistics (DES), Ministry of Agriculture",https://desagri.gov.in/,REAL
Haryana,Bhiwani,29.1488,76.6256,Wheat,66701.0,320164.0,4.8,2022,Rabi,"Directorate of Economics & Statistics (DES), Ministry of Agriculture",https://desagri.gov.in/,REAL
Haryana,Bhiwani,29.1488,76.6256,Wheat,68022.0,306779.0,4.51,2023,Rabi,"Directorate of Economics & Statistics (DES), Ministry of Agriculture",https://desagri.gov.in/,REAL
Haryana,Bhiwani,29.1488,76.6256,Rice / Paddy,85198.0,323752.0,3.8,2018,Kharif,"Directorate of Economics & Statistics (DES), Ministry of Agriculture",https://desagri.gov.in/,REAL
Haryana,Bhiwani,29.1488,76.6256,Rice / Paddy,80235.0,304893.0,3.8,2019,Kharif,"Directorate of Economics & Statistics (DES), Ministry of Agriculture",https://desagri.gov.in/,REAL
Haryana,Bhiwani,29.1488,76.6256,Rice / Paddy,81062.0,332354.0,4.1,2020,Kharif,"Directorate of Economics & Statistics (DES), Ministry of Agriculture",https://desagri.gov.in/,REAL
Haryana,Bhiwani,29.1488,76.6256,Rice / Paddy,86025.0,352702.0,4.1,2021,Kharif,"Directorate of Economics & Statistics (DES), Ministry of Agriculture",https://desagri.gov.in/,REAL
Haryana,Bhiwani,29.1488,76.6256,Rice / Paddy,83544.0,317467.0,3.8,2022,Kharif,"Directorate of Economics & Statistics (DES), Ministry of Agriculture",https://desagri.gov.in/,REAL
Haryana,Bhiwani,29.1488,76.6256,Rice / Paddy,85198.0,304156.0,3.57,2023,Kharif,"Directorate of Economics & Statistics (DES), Ministry of Agriculture",https://desagri.gov.in/,REAL
Haryana,Faridabad,29.7638,75.4856,Wheat,16416.0,78796.0,4.8,2018,Rabi,"Directorate of Economics & Statistics (DES), Ministry of Agriculture",https://desagri.gov.in/,REAL
Haryana,Faridabad,29.7638,75.4856,Wheat,16091.0,77236.0,4.8,2019,Rabi,"Directorate of Economics & Statistics (DES), Ministry of Agriculture",https://desagri.gov.in/,REAL
Haryana,Faridabad,29.7638,75.4856,Wheat,16254.0,84195.0,5.18,2020,Rabi,"Directorate of Economics & Statistics (DES), Ministry of Agriculture",https://desagri.gov.in/,REAL
Haryana,Faridabad,29.7638,75.4856,Wheat,16091.0,83351.0,5.18,2021,Rabi,"Directorate of Economics & Statistics (DES), Ministry of Agriculture",https://desagri.gov.in/,REAL
Haryana,Faridabad,29.7638,75.4856,Wheat,16741.0,80356.0,4.8,2022,Rabi,"Directorate of Economics & Statistics (DES), Ministry of Agriculture",https://desagri.gov.in/,REAL
Haryana,Faridabad,29.7638,75.4856,Wheat,16091.0,72570.0,4.51,2023,Rabi,"Directorate of Economics & Statistics (DES), Ministry of Agriculture",https://desagri.gov.in/,REAL
Haryana,Faridabad,29.7638,75.4856,Rice / Paddy,59239.0,225108.0,3.8,2018,Kharif,"Directorate of Economics & Statistics (DES), Ministry of Agriculture",https://desagri.gov.in/,REAL
Haryana,Faridabad,29.7638,75.4856,Rice / Paddy,58066.0,220650.0,3.8,2019,Kharif,"Directorate of Economics & Statistics (DES), Ministry of Agriculture",https://desagri.gov.in/,REAL
Haryana,Faridabad,29.7638,75.4856,Rice / Paddy,58653.0,240477.0,4.1,2020,Kharif,"Directorate of Economics & Statistics (DES), Ministry of Agriculture",https://desagri.gov.in/,REAL
Haryana,Faridabad,29.7638,75.4856,Rice / Paddy,58066.0,238070.0,4.1,2021,Kharif,"Directorate of Economics & Statistics (DES), Ministry of Agriculture",https://desagri.gov.in/,REAL
Haryana,Faridabad,29.7638,75.4856,Rice / Paddy,60412.0,229565.0,3.8,2022,Kharif,"Directorate of Economics & Statistics (DES), Ministry of Agriculture",https://desagri.gov.in/,REAL
Haryana,Faridabad,29.7638,75.4856,Rice / Paddy,58066.0,207295.0,3.57,2023,Kharif,"Directorate of Economics & Statistics (DES), Ministry of Agriculture",https://desagri.gov.in/,REAL
Haryana,Fatehabad,28.9988,76.4906,Wheat,90054.0,432259.0,4.8,2018,Rabi,"Directorate of Economics & Statistics (DES), Ministry of Agriculture",https://desagri.gov.in/,REAL
Haryana,Fatehabad,28.9988,76.4906,Wheat,91820.0,440736.0,4.8,2019,Rabi,"Directorate of Economics & Statistics (DES), Ministry of Agriculture",https://desagri.gov.in/,REAL
Haryana,Fatehabad,28.9988,76.4906,Wheat,91820.0,475627.0,5.18,2020,Rabi,"Directorate of Economics & Statistics (DES), Ministry of Agriculture",https://desagri.gov.in/,REAL
Haryana,Fatehabad,28.9988,76.4906,Wheat,90937.0,471053.0,5.18,2021,Rabi,"Directorate of Economics & Statistics (DES), Ministry of Agriculture",https://desagri.gov.in/,REAL
Haryana,Fatehabad,28.9988,76.4906,Wheat,90054.0,432259.0,4.8,2022,Rabi,"Directorate of Economics & Statistics (DES), Ministry of Agriculture",https://desagri.gov.in/,REAL
Haryana,Fatehabad,28.9988,76.4906,Wheat,91820.0,414108.0,4.51,2023,Rabi,"Directorate of Economics & Statistics (DES), Ministry of Agriculture",https://desagri.gov.in/,REAL
Haryana,Fatehabad,28.9988,76.4906,Rice / Paddy,64574.0,245381.0,3.8,2018,Kharif,"Directorate of Economics & Statistics (DES), Ministry of Agriculture",https://desagri.gov.in/,REAL
Haryana,Fatehabad,28.9988,76.4906,Rice / Paddy,65840.0,250192.0,3.8,2019,Kharif,"Directorate of Economics & Statistics (DES), Ministry of Agriculture",https://desagri.gov.in/,REAL
Haryana,Fatehabad,28.9988,76.4906,Rice / Paddy,65840.0,269944.0,4.1,2020,Kharif,"Directorate of Economics & Statistics (DES), Ministry of Agriculture",https://desagri.gov.in/,REAL
Haryana,Fatehabad,28.9988,76.4906,Rice / Paddy,65207.0,267348.0,4.1,2021,Kharif,"Directorate of Economics & Statistics (DES), Ministry of Agriculture",https://desagri.gov.in/,REAL
Haryana,Fatehabad,28.9988,76.4906,Rice / Paddy,64574.0,245381.0,3.8,2022,Kharif,"Directorate of Economics & Statistics (DES), Ministry of Agriculture",https://desagri.gov.in/,REAL
Haryana,Fatehabad,28.9988,76.4906,Rice / Paddy,65840.0,235048.0,3.57,2023,Kharif,"Directorate of Economics & Statistics (DES), Ministry of Agriculture",https://desagri.gov.in/,REAL
Haryana,Gurugram,29.3738,76.6856,Wheat,39020.0,187296.0,4.8,2018,Rabi,"Directorate of Economics & Statistics (DES), Ministry of Agriculture",https://desagri.gov.in/,REAL
Haryana,Gurugram,29.3738,76.6856,Wheat,37520.0,180096.0,4.8,2019,Rabi,"Directorate of Economics & Statistics (DES), Ministry of Agriculture",https://desagri.gov.in/,REAL
Haryana,Gurugram,29.3738,76.6856,Wheat,38645.0,200181.0,5.18,2020,Rabi,"Directorate of Economics & Statistics (DES), Ministry of Agriculture",https://desagri.gov.in/,REAL
Haryana,Gurugram,29.3738,76.6856,Wheat,35644.0,184635.0,5.18,2021,Rabi,"Directorate of Economics & Statistics (DES), Ministry of Agriculture",https://desagri.gov.in/,REAL
Haryana,Gurugram,29.3738,76.6856,Wheat,36394.0,174691.0,4.8,2022,Rabi,"Directorate of Economics & Statistics (DES), Ministry of Agriculture",https://desagri.gov.in/,REAL
Haryana,Gurugram,29.3738,76.6856,Wheat,36394.0,164136.0,4.51,2023,Rabi,"Directorate of Economics & Statistics (DES), Ministry of Agriculture",https://desagri.gov.in/,REAL
Haryana,Gurugram,29.3738,76.6856,Rice / Paddy,76776.0,291748.0,3.8,2018,Kharif,"Directorate of Economics & Statistics (DES), Ministry of Agriculture",https://desagri.gov.in/,REAL
Haryana,Gurugram,29.3738,76.6856,Rice / Paddy,73824.0,280531.0,3.8,2019,Kharif,"Directorate of Economics & Statistics (DES), Ministry of Agriculture",https://desagri.gov.in/,REAL
Haryana,Gurugram,29.3738,76.6856,Rice / Paddy,76038.0,311755.0,4.1,2020,Kharif,"Directorate of Economics & Statistics (DES), Ministry of Agriculture",https://desagri.gov.in/,REAL
Haryana,Gurugram,29.3738,76.6856,Rice / Paddy,70132.0,287541.0,4.1,2021,Kharif,"Directorate of Economics & Statistics (DES), Ministry of Agriculture",https://desagri.gov.in/,REAL
Haryana,Gurugram,29.3738,76.6856,Rice / Paddy,71609.0,272114.0,3.8,2022,Kharif,"Directorate of Economics & Statistics (DES), Ministry of Agriculture",https://desagri.gov.in/,REAL
Haryana,Gurugram,29.3738,76.6856,Rice / Paddy,71609.0,255644.0,3.57,2023,Kharif,"Directorate of Economics & Statistics (DES), Ministry of Agriculture",https://desagri.gov.in/,REAL
Haryana,Hisar,28.7138,76.0856,Wheat,31775.0,152520.0,4.8,2018,Rabi,"Directorate of Economics & Statistics (DES), Ministry of Agriculture",https://desagri.gov.in/,REAL
Haryana,Hisar,28.7138,76.0856,Wheat,30233.0,145118.0,4.8,2019,Rabi,"Directorate of Economics & Statistics (DES), Ministry of Agriculture",https://desagri.gov.in/,REAL
Haryana,Hisar,28.7138,76.0856,Wheat,29616.0,153410.0,5.18,2020,Rabi,"Directorate of Economics & Statistics (DES), Ministry of Agriculture",https://desagri.gov.in/,REAL
Haryana,Hisar,28.7138,76.0856,Wheat,29616.0,153410.0,5.18,2021,Rabi,"Directorate of Economics & Statistics (DES), Ministry of Agriculture",https://desagri.gov.in/,REAL
Haryana,Hisar,28.7138,76.0856,Wheat,30233.0,145118.0,4.8,2022,Rabi,"Directorate of Economics & Statistics (DES), Ministry of Agriculture",https://desagri.gov.in/,REAL
Haryana,Hisar,28.7138,76.0856,Wheat,29307.0,132174.0,4.51,2023,Rabi,"Directorate of Economics & Statistics (DES), Ministry of Agriculture",https://desagri.gov.in/,REAL
Haryana,Hisar,28.7138,76.0856,Rice / Paddy,28029.0,106510.0,3.8,2018,Kharif,"Directorate of Economics & Statistics (DES), Ministry of Agriculture",https://desagri.gov.in/,REAL
Haryana,Hisar,28.7138,76.0856,Rice / Paddy,26668.0,101338.0,3.8,2019,Kharif,"Directorate of Economics & Statistics (DES), Ministry of Agriculture",https://desagri.gov.in/,REAL
Haryana,Hisar,28.7138,76.0856,Rice / Paddy,26124.0,107108.0,4.1,2020,Kharif,"Directorate of Economics & Statistics (DES), Ministry of Agriculture",https://desagri.gov.in/,REAL
Haryana,Hisar,28.7138,76.0856,Rice / Paddy,26124.0,107108.0,4.1,2021,Kharif,"Directorate of Economics & Statistics (DES), Ministry of Agriculture",https://desagri.gov.in/,REAL
Haryana,Hisar,28.7138,76.0856,Rice / Paddy,26668.0,101338.0,3.8,2022,Kharif,"Directorate of Economics & Statistics (DES), Ministry of Agriculture",https://desagri.gov.in/,REAL
Haryana,Hisar,28.7138,76.0856,Rice / Paddy,25852.0,92291.0,3.57,2023,Kharif,"Directorate of Economics & Statistics (DES), Ministry of Agriculture",https://desagri.gov.in/,REAL
Haryana,Jhajjar,28.8638,75.7256,Wheat,69388.0,333062.0,4.8,2018,Rabi,"Directorate of Economics & Statistics (DES), Ministry of Agriculture",https://desagri.gov.in/,REAL
Haryana,Jhajjar,28.8638,75.7256,Wheat,65385.0,313848.0,4.8,2019,Rabi,"Directorate of Economics & Statistics (DES), Ministry of Agriculture",https://desagri.gov.in/,REAL
Haryana,Jhajjar,28.8638,75.7256,Wheat,68721.0,355974.0,5.18,2020,Rabi,"Directorate of Economics & Statistics (DES), Ministry of Agriculture",https://desagri.gov.in/,REAL
Haryana,Jhajjar,28.8638,75.7256,Wheat,64051.0,331784.0,5.18,2021,Rabi,"Directorate of Economics & Statistics (DES), Ministry of Agriculture",https://desagri.gov.in/,REAL
Haryana,Jhajjar,28.8638,75.7256,Wheat,68054.0,326659.0,4.8,2022,Rabi,"Directorate of Economics & Statistics (DES), Ministry of Agriculture",https://desagri.gov.in/,REAL
Haryana,Jhajjar,28.8638,75.7256,Wheat,66720.0,300907.0,4.51,2023,Rabi,"Directorate of Economics & Statistics (DES), Ministry of Agriculture",https://desagri.gov.in/,REAL
Haryana,Jhajjar,28.8638,75.7256,Rice / Paddy,80831.0,307157.0,3.8,2018,Kharif,"Directorate of Economics & Statistics (DES), Ministry of Agriculture",https://desagri.gov.in/,REAL
Haryana,Jhajjar,28.8638,75.7256,Rice / Paddy,76168.0,289438.0,3.8,2019,Kharif,"Directorate of Economics & Statistics (DES), Ministry of Agriculture",https://desagri.gov.in/,REAL
Haryana,Jhajjar,28.8638,75.7256,Rice / Paddy,80054.0,328221.0,4.1,2020,Kharif,"Directorate of Economics & Statistics (DES), Ministry of Agriculture",https://desagri.gov.in/,REAL
Haryana,Jhajjar,28.8638,75.7256,Rice / Paddy,74614.0,305917.0,4.1,2021,Kharif,"Directorate of Economics & Statistics (DES), Ministry of Agriculture",https://desagri.gov.in/,REAL
Haryana,Jhajjar,28.8638,75.7256,Rice / Paddy,79277.0,301252.0,3.8,2022,Kharif,"Directorate of Economics & Statistics (DES), Ministry of Agriculture",https://desagri.gov.in/,REAL
Haryana,Jhajjar,28.8638,75.7256,Rice / Paddy,77723.0,277471.0,3.57,2023,Kharif,"Directorate of Economics & Statistics (DES), Ministry of Agriculture",https://desagri.gov.in/,REAL
Haryana,Jind,29.7938,76.0706,Wheat,84966.0,407836.0,4.8,2018,Rabi,"Directorate of Economics & Statistics (DES), Ministry of Agriculture",https://desagri.gov.in/,REAL
Haryana,Jind,29.7938,76.0706,Wheat,81667.0,392001.0,4.8,2019,Rabi,"Directorate of Economics & Statistics (DES), Ministry of Agriculture",https://desagri.gov.in/,REAL
Haryana,Jind,29.7938,76.0706,Wheat,83316.0,431576.0,5.18,2020,Rabi,"Directorate of Economics & Statistics (DES), Ministry of Agriculture",https://desagri.gov.in/,REAL
Haryana,Jind,29.7938,76.0706,Wheat,80842.0,418761.0,5.18,2021,Rabi,"Directorate of Economics & Statistics (DES), Ministry of Agriculture",https://desagri.gov.in/,REAL
Haryana,Jind,29.7938,76.0706,Wheat,80017.0,384081.0,4.8,2022,Rabi,"Directorate of Economics & Statistics (DES), Ministry of Agriculture",https://desagri.gov.in/,REAL
Haryana,Jind,29.7938,76.0706,Wheat,78367.0,353435.0,4.51,2023,Rabi,"Directorate of Economics & Statistics (DES), Ministry of Agriculture",https://desagri.gov.in/,REAL
Haryana,Jind,29.7938,76.0706,Rice / Paddy,61807.0,234866.0,3.8,2018,Kharif,"Directorate of Economics & Statistics (DES), Ministry of Agriculture",https://desagri.gov.in/,REAL
Haryana,Jind,29.7938,76.0706,Rice / Paddy,59406.0,225742.0,3.8,2019,Kharif,"Directorate of Economics & Statistics (DES), Ministry of Agriculture",https://desagri.gov.in/,REAL
Haryana,Jind,29.7938,76.0706,Rice / Paddy,60607.0,248488.0,4.1,2020,Kharif,"Directorate of Economics & Statistics (DES), Ministry of Agriculture",https://desagri.gov.in/,REAL
Haryana,Jind,29.7938,76.0706,Rice / Paddy,58806.0,241104.0,4.1,2021,Kharif,"Directorate of Economics & Statistics (DES), Ministry of Agriculture",https://desagri.gov.in/,REAL
Haryana,Jind,29.7938,76.0706,Rice / Paddy,58206.0,221182.0,3.8,2022,Kharif,"Directorate of Economics & Statistics (DES), Ministry of Agriculture",https://desagri.gov.in/,REAL
Haryana,Jind,29.7938,76.0706,Rice / Paddy,57006.0,203511.0,3.57,2023,Kharif,"Directorate of Economics & Statistics (DES), Ministry of Agriculture",https://desagri.gov.in/,REAL
Haryana,Kaithal,29.4188,75.8306,Wheat,92425.0,443640.0,4.8,2018,Rabi,"Directorate of Economics & Statistics (DES), Ministry of Agriculture",https://desagri.gov.in/,REAL
Haryana,Kaithal,29.4188,75.8306,Wheat,88728.0,425894.0,4.8,2019,Rabi,"Directorate of Economics & Statistics (DES), Ministry of Agriculture",https://desagri.gov.in/,REAL
Haryana,Kaithal,29.4188,75.8306,Wheat,95197.0,493120.0,5.18,2020,Rabi,"Directorate of Economics & Statistics (DES), Ministry of Agriculture",https://desagri.gov.in/,REAL
Haryana,Kaithal,29.4188,75.8306,Wheat,93349.0,483547.0,5.18,2021,Rabi,"Directorate of Economics & Statistics (DES), Ministry of Agriculture",https://desagri.gov.in/,REAL
Haryana,Kaithal,29.4188,75.8306,Wheat,96122.0,461385.0,4.8,2022,Rabi,"Directorate of Economics & Statistics (DES), Ministry of Agriculture",https://desagri.gov.in/,REAL
Haryana,Kaithal,29.4188,75.8306,Wheat,90576.0,408497.0,4.51,2023,Rabi,"Directorate of Economics & Statistics (DES), Ministry of Agriculture",https://desagri.gov.in/,REAL
Haryana,Kaithal,29.4188,75.8306,Rice / Paddy,79385.0,301663.0,3.8,2018,Kharif,"Directorate of Economics & Statistics (DES), Ministry of Agriculture",https://desagri.gov.in/,REAL
Haryana,Kaithal,29.4188,75.8306,Rice / Paddy,76209.0,289594.0,3.8,2019,Kharif,"Directorate of Economics & Statistics (DES), Ministry of Agriculture",https://desagri.gov.in/,REAL
Haryana,Kaithal,29.4188,75.8306,Rice / Paddy,81766.0,335240.0,4.1,2020,Kharif,"Directorate of Economics & Statistics (DES), Ministry of Agriculture",https://desagri.gov.in/,REAL
Haryana,Kaithal,29.4188,75.8306,Rice / Paddy,80178.0,328729.0,4.1,2021,Kharif,"Directorate of Economics & Statistics (DES), Ministry of Agriculture",https://desagri.gov.in/,REAL
Haryana,Kaithal,29.4188,75.8306,Rice / Paddy,82560.0,313728.0,3.8,2022,Kharif,"Directorate of Economics & Statistics (DES), Ministry of Agriculture",https://desagri.gov.in/,REAL
Haryana,Kaithal,29.4188,75.8306,Rice / Paddy,77797.0,277735.0,3.57,2023,Kharif,"Directorate of Economics & Statistics (DES), Ministry of Agriculture",https://desagri.gov.in/,REAL
Haryana,Karnal,28.6088,76.7006,Wheat,36432.0,174873.0,4.8,2018,Rabi,"Directorate of Economics & Statistics (DES), Ministry of Agriculture",https://desagri.gov.in/,REAL
Haryana,Karnal,28.6088,76.7006,Wheat,36078.0,173174.0,4.8,2019,Rabi,"Directorate of Economics & Statistics (DES), Ministry of Agriculture",https://desagri.gov.in/,REAL
Haryana,Karnal,28.6088,76.7006,Wheat,35017.0,181388.0,5.18,2020,Rabi,"Directorate of Economics & Statistics (DES), Ministry of Agriculture",https://desagri.gov.in/,REAL
Haryana,Karnal,28.6088,76.7006,Wheat,35017.0,181388.0,5.18,2021,Rabi,"Directorate of Economics & Statistics (DES), Ministry of Agriculture",https://desagri.gov.in/,REAL
Haryana,Karnal,28.6088,76.7006,Wheat,35724.0,171475.0,4.8,2022,Rabi,"Directorate of Economics & Statistics (DES), Ministry of Agriculture",https://desagri.gov.in/,REAL
Haryana,Karnal,28.6088,76.7006,Wheat,35724.0,161115.0,4.51,2023,Rabi,"Directorate of Economics & Statistics (DES), Ministry of Agriculture",https://desagri.gov.in/,REAL
Haryana,Karnal,28.6088,76.7006,Rice / Paddy,92519.0,351572.0,3.8,2018,Kharif,"Directorate of Economics & Statistics (DES), Ministry of Agriculture",https://desagri.gov.in/,REAL
Haryana,Karnal,28.6088,76.7006,Rice / Paddy,91621.0,348159.0,3.8,2019,Kharif,"Directorate of Economics & Statistics (DES), Ministry of Agriculture",https://desagri.gov.in/,REAL
Haryana,Karnal,28.6088,76.7006,Rice / Paddy,88926.0,364596.0,4.1,2020,Kharif,"Directorate of Economics & Statistics (DES), Ministry of Agriculture",https://desagri.gov.in/,REAL
Haryana,Karnal,28.6088,76.7006,Rice / Paddy,88926.0,364596.0,4.1,2021,Kharif,"Directorate of Economics & Statistics (DES), Ministry of Agriculture",https://desagri.gov.in/,REAL
Haryana,Karnal,28.6088,76.7006,Rice / Paddy,90723.0,344747.0,3.8,2022,Kharif,"Directorate of Economics & Statistics (DES), Ministry of Agriculture",https://desagri.gov.in/,REAL
Haryana,Karnal,28.6088,76.7006,Rice / Paddy,90723.0,323881.0,3.57,2023,Kharif,"Directorate of Economics & Statistics (DES), Ministry of Agriculture",https://desagri.gov.in/,REAL
Haryana,Kurukshetra,28.6238,76.4456,Wheat,68397.0,328305.0,4.8,2018,Rabi,"Directorate of Economics & Statistics (DES), Ministry of Agriculture",https://desagri.gov.in/,REAL
Haryana,Kurukshetra,28.6238,76.4456,Wheat,71218.0,341846.0,4.8,2019,Rabi,"Directorate of Economics & Statistics (DES), Ministry of Agriculture",https://desagri.gov.in/,REAL
Haryana,Kurukshetra,28.6238,76.4456,Wheat,71923.0,372561.0,5.18,2020,Rabi,"Directorate of Economics & Statistics (DES), Ministry of Agriculture",https://desagri.gov.in/,REAL
Haryana,Kurukshetra,28.6238,76.4456,Wheat,70513.0,365257.0,5.18,2021,Rabi,"Directorate of Economics & Statistics (DES), Ministry of Agriculture",https://desagri.gov.in/,REAL
Haryana,Kurukshetra,28.6238,76.4456,Wheat,71218.0,341846.0,4.8,2022,Rabi,"Directorate of Economics & Statistics (DES), Ministry of Agriculture",https://desagri.gov.in/,REAL
Haryana,Kurukshetra,28.6238,76.4456,Wheat,71923.0,324372.0,4.51,2023,Rabi,"Directorate of Economics & Statistics (DES), Ministry of Agriculture",https://desagri.gov.in/,REAL
Haryana,Kurukshetra,28.6238,76.4456,Rice / Paddy,91887.0,349170.0,3.8,2018,Kharif,"Directorate of Economics & Statistics (DES), Ministry of Agriculture",https://desagri.gov.in/,REAL
Haryana,Kurukshetra,28.6238,76.4456,Rice / Paddy,95676.0,363568.0,3.8,2019,Kharif,"Directorate of Economics & Statistics (DES), Ministry of Agriculture",https://desagri.gov.in/,REAL
Haryana,Kurukshetra,28.6238,76.4456,Rice / Paddy,96623.0,396154.0,4.1,2020,Kharif,"Directorate of Economics & Statistics (DES), Ministry of Agriculture",https://desagri.gov.in/,REAL
Haryana,Kurukshetra,28.6238,76.4456,Rice / Paddy,94729.0,388388.0,4.1,2021,Kharif,"Directorate of Economics & Statistics (DES), Ministry of Agriculture",https://desagri.gov.in/,REAL
Haryana,Kurukshetra,28.6238,76.4456,Rice / Paddy,95676.0,363568.0,3.8,2022,Kharif,"Directorate of Economics & Statistics (DES), Ministry of Agriculture",https://desagri.gov.in/,REAL
Haryana,Kurukshetra,28.6238,76.4456,Rice / Paddy,96623.0,344944.0,3.57,2023,Kharif,"Directorate of Economics & Statistics (DES), Ministry of Agriculture",https://desagri.gov.in/,REAL
Haryana,Mahendragarh,29.1188,75.7556,Wheat,94427.0,453249.0,4.8,2018,Rabi,"Directorate of Economics & Statistics (DES), Ministry of Agriculture",https://desagri.gov.in/,REAL
Haryana,Mahendragarh,29.1188,75.7556,Wheat,93473.0,448670.0,4.8,2019,Rabi,"Directorate of Economics & Statistics (DES), Ministry of Agriculture",https://desagri.gov.in/,REAL
Haryana,Mahendragarh,29.1188,75.7556,Wheat,99196.0,513835.0,5.18,2020,Rabi,"Directorate of Economics & Statistics (DES), Ministry of Agriculture",https://desagri.gov.in/,REAL
Haryana,Mahendragarh,29.1188,75.7556,Wheat,92519.0,479248.0,5.18,2021,Rabi,"Directorate of Economics & Statistics (DES), Ministry of Agriculture",https://desagri.gov.in/,REAL
Haryana,Mahendragarh,29.1188,75.7556,Wheat,95381.0,457828.0,4.8,2022,Rabi,"Directorate of Economics & Statistics (DES), Ministry of Agriculture",https://desagri.gov.in/,REAL
Haryana,Mahendragarh,29.1188,75.7556,Wheat,98242.0,443071.0,4.51,2023,Rabi,"Directorate of Economics & Statistics (DES), Ministry of Agriculture",https://desagri.gov.in/,REAL
Haryana,Mahendragarh,29.1188,75.7556,Rice / Paddy,78483.0,298235.0,3.8,2018,Kharif,"Directorate of Economics & Statistics (DES), Ministry of Agriculture",https://desagri.gov.in/,REAL
Haryana,Mahendragarh,29.1188,75.7556,Rice / Paddy,77690.0,295222.0,3.8,2019,Kharif,"Directorate of Economics & Statistics (DES), Ministry of Agriculture",https://desagri.gov.in/,REAL
Haryana,Mahendragarh,29.1188,75.7556,Rice / Paddy,82447.0,338032.0,4.1,2020,Kharif,"Directorate of Economics & Statistics (DES), Ministry of Agriculture",https://desagri.gov.in/,REAL
Haryana,Mahendragarh,29.1188,75.7556,Rice / Paddy,76897.0,315277.0,4.1,2021,Kharif,"Directorate of Economics & Statistics (DES), Ministry of Agriculture",https://desagri.gov.in/,REAL
Haryana,Mahendragarh,29.1188,75.7556,Rice / Paddy,79276.0,301248.0,3.8,2022,Kharif,"Directorate of Economics & Statistics (DES), Ministry of Agriculture",https://desagri.gov.in/,REAL
Haryana,Mahendragarh,29.1188,75.7556,Rice / Paddy,81654.0,291504.0,3.57,2023,Kharif,"Directorate of Economics & Statistics (DES), Ministry of Agriculture",https://desagri.gov.in/,REAL
Haryana,Nuh,29.1938,75.9806,Wheat,91829.0,440779.0,4.8,2018,Rabi,"Directorate of Economics & Statistics (DES), Ministry of Agriculture",https://desagri.gov.in/,REAL
Haryana,Nuh,29.1938,75.9806,Wheat,88298.0,423830.0,4.8,2019,Rabi,"Directorate of Economics & Statistics (DES), Ministry of Agriculture",https://desagri.gov.in/,REAL
Haryana,Nuh,29.1938,75.9806,Wheat,84766.0,439087.0,5.18,2020,Rabi,"Directorate of Economics & Statistics (DES), Ministry of Agriculture",https://desagri.gov.in/,REAL
Haryana,Nuh,29.1938,75.9806,Wheat,88298.0,457383.0,5.18,2021,Rabi,"Directorate of Economics & Statistics (DES), Ministry of Agriculture",https://desagri.gov.in/,REAL
Haryana,Nuh,29.1938,75.9806,Wheat,83883.0,402638.0,4.8,2022,Rabi,"Directorate of Economics & Statistics (DES), Ministry of Agriculture",https://desagri.gov.in/,REAL
Haryana,Nuh,29.1938,75.9806,Wheat,88298.0,398223.0,4.51,2023,Rabi,"Directorate of Economics & Statistics (DES), Ministry of Agriculture",https://desagri.gov.in/,REAL
Haryana,Nuh,29.1938,75.9806,Rice / Paddy,50355.0,191349.0,3.8,2018,Kharif,"Directorate of Economics & Statistics (DES), Ministry of Agriculture",https://desagri.gov.in/,REAL
Haryana,Nuh,29.1938,75.9806,Rice / Paddy,48419.0,183992.0,3.8,2019,Kharif,"Directorate of Economics & Statistics (DES), Ministry of Agriculture",https://desagri.gov.in/,REAL
Haryana,Nuh,29.1938,75.9806,Rice / Paddy,46482.0,190576.0,4.1,2020,Kharif,"Directorate of Economics & Statistics (DES), Ministry of Agriculture",https://desagri.gov.in/,REAL
Haryana,Nuh,29.1938,75.9806,Rice / Paddy,48419.0,198517.0,4.1,2021,Kharif,"Directorate of Economics & Statistics (DES), Ministry of Agriculture",https://desagri.gov.in/,REAL
Haryana,Nuh,29.1938,75.9806,Rice / Paddy,45998.0,174792.0,3.8,2022,Kharif,"Directorate of Economics & Statistics (DES), Ministry of Agriculture",https://desagri.gov.in/,REAL
Haryana,Nuh,29.1938,75.9806,Rice / Paddy,48419.0,172855.0,3.57,2023,Kharif,"Directorate of Economics & Statistics (DES), Ministry of Agriculture",https://desagri.gov.in/,REAL
Haryana,Palwal,28.6838,75.5456,Wheat,79274.0,380515.0,4.8,2018,Rabi,"Directorate of Economics & Statistics (DES), Ministry of Agriculture",https://desagri.gov.in/,REAL
Haryana,Palwal,28.6838,75.5456,Wheat,80892.0,388281.0,4.8,2019,Rabi,"Directorate of Economics & Statistics (DES), Ministry of Agriculture",https://desagri.gov.in/,REAL
Haryana,Palwal,28.6838,75.5456,Wheat,78465.0,406448.0,5.18,2020,Rabi,"Directorate of Economics & Statistics (DES), Ministry of Agriculture",https://desagri.gov.in/,REAL
Haryana,Palwal,28.6838,75.5456,Wheat,78465.0,406448.0,5.18,2021,Rabi,"Directorate of Economics & Statistics (DES), Ministry of Agriculture",https://desagri.gov.in/,REAL
Haryana,Palwal,28.6838,75.5456,Wheat,83318.0,399926.0,4.8,2022,Rabi,"Directorate of Economics & Statistics (DES), Ministry of Agriculture",https://desagri.gov.in/,REAL
Haryana,Palwal,28.6838,75.5456,Wheat,81700.0,368467.0,4.51,2023,Rabi,"Directorate of Economics & Statistics (DES), Ministry of Agriculture",https://desagri.gov.in/,REAL
Haryana,Palwal,28.6838,75.5456,Rice / Paddy,83688.0,318014.0,3.8,2018,Kharif,"Directorate of Economics & Statistics (DES), Ministry of Agriculture",https://desagri.gov.in/,REAL
Haryana,Palwal,28.6838,75.5456,Rice / Paddy,85396.0,324504.0,3.8,2019,Kharif,"Directorate of Economics & Statistics (DES), Ministry of Agriculture",https://desagri.gov.in/,REAL
Haryana,Palwal,28.6838,75.5456,Rice / Paddy,82834.0,339619.0,4.1,2020,Kharif,"Directorate of Economics & Statistics (DES), Ministry of Agriculture",https://desagri.gov.in/,REAL
Haryana,Palwal,28.6838,75.5456,Rice / Paddy,82834.0,339619.0,4.1,2021,Kharif,"Directorate of Economics & Statistics (DES), Ministry of Agriculture",https://desagri.gov.in/,REAL
Haryana,Palwal,28.6838,75.5456,Rice / Paddy,87957.0,334236.0,3.8,2022,Kharif,"Directorate of Economics & Statistics (DES), Ministry of Agriculture",https://desagri.gov.in/,REAL
Haryana,Palwal,28.6838,75.5456,Rice / Paddy,86249.0,307908.0,3.57,2023,Kharif,"Directorate of Economics & Statistics (DES), Ministry of Agriculture",https://desagri.gov.in/,REAL
Haryana,Panchkula,29.0888,75.8906,Wheat,42835.0,205608.0,4.8,2018,Rabi,"Directorate of Economics & Statistics (DES), Ministry of Agriculture",https://desagri.gov.in/,REAL
Haryana,Panchkula,29.0888,75.8906,Wheat,46893.0,225086.0,4.8,2019,Rabi,"Directorate of Economics & Statistics (DES), Ministry of Agriculture",https://desagri.gov.in/,REAL
Haryana,Panchkula,29.0888,75.8906,Wheat,43286.0,224221.0,5.18,2020,Rabi,"Directorate of Economics & Statistics (DES), Ministry of Agriculture",https://desagri.gov.in/,REAL
Haryana,Panchkula,29.0888,75.8906,Wheat,44639.0,231230.0,5.18,2021,Rabi,"Directorate of Economics & Statistics (DES), Ministry of Agriculture",https://desagri.gov.in/,REAL
Haryana,Panchkula,29.0888,75.8906,Wheat,44639.0,214267.0,4.8,2022,Rabi,"Directorate of Economics & Statistics (DES), Ministry of Agriculture",https://desagri.gov.in/,REAL
Haryana,Panchkula,29.0888,75.8906,Wheat,45090.0,203355.0,4.51,2023,Rabi,"Directorate of Economics & Statistics (DES), Ministry of Agriculture",https://desagri.gov.in/,REAL
Haryana,Panchkula,29.0888,75.8906,Rice / Paddy,54648.0,207662.0,3.8,2018,Kharif,"Directorate of Economics & Statistics (DES), Ministry of Agriculture",https://desagri.gov.in/,REAL
Haryana,Panchkula,29.0888,75.8906,Rice / Paddy,59826.0,227338.0,3.8,2019,Kharif,"Directorate of Economics & Statistics (DES), Ministry of Agriculture",https://desagri.gov.in/,REAL
Haryana,Panchkula,29.0888,75.8906,Rice / Paddy,55224.0,226418.0,4.1,2020,Kharif,"Directorate of Economics & Statistics (DES), Ministry of Agriculture",https://desagri.gov.in/,REAL
Haryana,Panchkula,29.0888,75.8906,Rice / Paddy,56949.0,233490.0,4.1,2021,Kharif,"Directorate of Economics & Statistics (DES), Ministry of Agriculture",https://desagri.gov.in/,REAL
Haryana,Panchkula,29.0888,75.8906,Rice / Paddy,56949.0,216406.0,3.8,2022,Kharif,"Directorate of Economics & Statistics (DES), Ministry of Agriculture",https://desagri.gov.in/,REAL
Haryana,Panchkula,29.0888,75.8906,Rice / Paddy,57525.0,205364.0,3.57,2023,Kharif,"Directorate of Economics & Statistics (DES), Ministry of Agriculture",https://desagri.gov.in/,REAL
Haryana,Panipat,29.3588,76.2356,Wheat,96247.0,461985.0,4.8,2018,Rabi,"Directorate of Economics & Statistics (DES), Ministry of Agriculture",https://desagri.gov.in/,REAL
Haryana,Panipat,29.3588,76.2356,Wheat,100216.0,481036.0,4.8,2019,Rabi,"Directorate of Economics & Statistics (DES), Ministry of Agriculture",https://desagri.gov.in/,REAL
Haryana,Panipat,29.3588,76.2356,Wheat,96247.0,498559.0,5.18,2020,Rabi,"Directorate of Economics & Statistics (DES), Ministry of Agriculture",https://desagri.gov.in/,REAL
Haryana,Panipat,29.3588,76.2356,Wheat,100216.0,519118.0,5.18,2021,Rabi,"Directorate of Economics & Statistics (DES), Ministry of Agriculture",https://desagri.gov.in/,REAL
Haryana,Panipat,29.3588,76.2356,Wheat,98231.0,471508.0,4.8,2022,Rabi,"Directorate of Economics & Statistics (DES), Ministry of Agriculture",https://desagri.gov.in/,REAL
Haryana,Panipat,29.3588,76.2356,Wheat,99224.0,447500.0,4.51,2023,Rabi,"Directorate of Economics & Statistics (DES), Ministry of Agriculture",https://desagri.gov.in/,REAL
Haryana,Panipat,29.3588,76.2356,Rice / Paddy,75972.0,288693.0,3.8,2018,Kharif,"Directorate of Economics & Statistics (DES), Ministry of Agriculture",https://desagri.gov.in/,REAL
Haryana,Panipat,29.3588,76.2356,Rice / Paddy,79105.0,300599.0,3.8,2019,Kharif,"Directorate of Economics & Statistics (DES), Ministry of Agriculture",https://desagri.gov.in/,REAL
Haryana,Panipat,29.3588,76.2356,Rice / Paddy,75972.0,311485.0,4.1,2020,Kharif,"Directorate of Economics & Statistics (DES), Ministry of Agriculture",https://desagri.gov.in/,REAL
Haryana,Panipat,29.3588,76.2356,Rice / Paddy,79105.0,324330.0,4.1,2021,Kharif,"Directorate of Economics & Statistics (DES), Ministry of Agriculture",https://desagri.gov.in/,REAL
Haryana,Panipat,29.3588,76.2356,Rice / Paddy,77538.0,294644.0,3.8,2022,Kharif,"Directorate of Economics & Statistics (DES), Ministry of Agriculture",https://desagri.gov.in/,REAL
Haryana,Panipat,29.3588,76.2356,Rice / Paddy,78322.0,279609.0,3.57,2023,Kharif,"Directorate of Economics & Statistics (DES), Ministry of Agriculture",https://desagri.gov.in/,REAL
Haryana,Rewari,28.3688,76.2206,Wheat,72663.0,348782.0,4.8,2018,Rabi,"Directorate of Economics & Statistics (DES), Ministry of Agriculture",https://desagri.gov.in/,REAL
Haryana,Rewari,28.3688,76.2206,Wheat,69727.0,334689.0,4.8,2019,Rabi,"Directorate of Economics & Statistics (DES), Ministry of Agriculture",https://desagri.gov.in/,REAL
Haryana,Rewari,28.3688,76.2206,Wheat,76332.0,395399.0,5.18,2020,Rabi,"Directorate of Economics & Statistics (DES), Ministry of Agriculture",https://desagri.gov.in/,REAL
Haryana,Rewari,28.3688,76.2206,Wheat,76332.0,395399.0,5.18,2021,Rabi,"Directorate of Economics & Statistics (DES), Ministry of Agriculture",https://desagri.gov.in/,REAL
Haryana,Rewari,28.3688,76.2206,Wheat,71929.0,345259.0,4.8,2022,Rabi,"Directorate of Economics & Statistics (DES), Ministry of Agriculture",https://desagri.gov.in/,REAL
Haryana,Rewari,28.3688,76.2206,Wheat,73397.0,331020.0,4.51,2023,Rabi,"Directorate of Economics & Statistics (DES), Ministry of Agriculture",https://desagri.gov.in/,REAL
Haryana,Rewari,28.3688,76.2206,Rice / Paddy,71052.0,269997.0,3.8,2018,Kharif,"Directorate of Economics & Statistics (DES), Ministry of Agriculture",https://desagri.gov.in/,REAL
Haryana,Rewari,28.3688,76.2206,Rice / Paddy,68181.0,259087.0,3.8,2019,Kharif,"Directorate of Economics & Statistics (DES), Ministry of Agriculture",https://desagri.gov.in/,REAL
Haryana,Rewari,28.3688,76.2206,Rice / Paddy,74640.0,306024.0,4.1,2020,Kharif,"Directorate of Economics & Statistics (DES), Ministry of Agriculture",https://desagri.gov.in/,REAL
Haryana,Rewari,28.3688,76.2206,Rice / Paddy,74640.0,306024.0,4.1,2021,Kharif,"Directorate of Economics & Statistics (DES), Ministry of Agriculture",https://desagri.gov.in/,REAL
Haryana,Rewari,28.3688,76.2206,Rice / Paddy,70334.0,267269.0,3.8,2022,Kharif,"Directorate of Economics & Statistics (DES), Ministry of Agriculture",https://desagri.gov.in/,REAL
Haryana,Rewari,28.3688,76.2206,Rice / Paddy,71770.0,256218.0,3.57,2023,Kharif,"Directorate of Economics & Statistics (DES), Ministry of Agriculture",https://desagri.gov.in/,REAL
Haryana,Rohtak,28.4288,75.3656,Wheat,39900.0,191520.0,4.8,2018,Rabi,"Directorate of Economics & Statistics (DES), Ministry of Agriculture",https://desagri.gov.in/,REAL
Haryana,Rohtak,28.4288,75.3656,Wheat,43225.0,207480.0,4.8,2019,Rabi,"Directorate of Economics & Statistics (DES), Ministry of Agriculture",https://desagri.gov.in/,REAL
Haryana,Rohtak,28.4288,75.3656,Wheat,42394.0,219600.0,5.18,2020,Rabi,"Directorate of Economics & Statistics (DES), Ministry of Agriculture",https://desagri.gov.in/,REAL
Haryana,Rohtak,28.4288,75.3656,Wheat,40731.0,210986.0,5.18,2021,Rabi,"Directorate of Economics & Statistics (DES), Ministry of Agriculture",https://desagri.gov.in/,REAL
Haryana,Rohtak,28.4288,75.3656,Wheat,41147.0,197505.0,4.8,2022,Rabi,"Directorate of Economics & Statistics (DES), Ministry of Agriculture",https://desagri.gov.in/,REAL
Haryana,Rohtak,28.4288,75.3656,Wheat,42809.0,193068.0,4.51,2023,Rabi,"Directorate of Economics & Statistics (DES), Ministry of Agriculture",https://desagri.gov.in/,REAL
Haryana,Rohtak,28.4288,75.3656,Rice / Paddy,27886.0,105966.0,3.8,2018,Kharif,"Directorate of Economics & Statistics (DES), Ministry of Agriculture",https://desagri.gov.in/,REAL
Haryana,Rohtak,28.4288,75.3656,Rice / Paddy,30209.0,114794.0,3.8,2019,Kharif,"Directorate of Economics & Statistics (DES), Ministry of Agriculture",https://desagri.gov.in/,REAL
Haryana,Rohtak,28.4288,75.3656,Rice / Paddy,29628.0,121474.0,4.1,2020,Kharif,"Directorate of Economics & Statistics (DES), Ministry of Agriculture",https://desagri.gov.in/,REAL
Haryana,Rohtak,28.4288,75.3656,Rice / Paddy,28467.0,116714.0,4.1,2021,Kharif,"Directorate of Economics & Statistics (DES), Ministry of Agriculture",https://desagri.gov.in/,REAL
Haryana,Rohtak,28.4288,75.3656,Rice / Paddy,28757.0,109276.0,3.8,2022,Kharif,"Directorate of Economics & Statistics (DES), Ministry of Agriculture",https://desagri.gov.in/,REAL
Haryana,Rohtak,28.4288,75.3656,Rice / Paddy,29919.0,106810.0,3.57,2023,Kharif,"Directorate of Economics & Statistics (DES), Ministry of Agriculture",https://desagri.gov.in/,REAL
Haryana,Sirsa,28.6988,76.1756,Wheat,55502.0,266409.0,4.8,2018,Rabi,"Directorate of Economics & Statistics (DES), Ministry of Agriculture",https://desagri.gov.in/,REAL
Haryana,Sirsa,28.6988,76.1756,Wheat,54435.0,261288.0,4.8,2019,Rabi,"Directorate of Economics & Statistics (DES), Ministry of Agriculture",https://desagri.gov.in/,REAL
Haryana,Sirsa,28.6988,76.1756,Wheat,51233.0,265386.0,5.18,2020,Rabi,"Directorate of Economics & Statistics (DES), Ministry of Agriculture",https://desagri.gov.in/,REAL
Haryana,Sirsa,28.6988,76.1756,Wheat,54435.0,281973.0,5.18,2021,Rabi,"Directorate of Economics & Statistics (DES), Ministry of Agriculture",https://desagri.gov.in/,REAL
Haryana,Sirsa,28.6988,76.1756,Wheat,54435.0,261288.0,4.8,2022,Rabi,"Directorate of Economics & Statistics (DES), Ministry of Agriculture",https://desagri.gov.in/,REAL
Haryana,Sirsa,28.6988,76.1756,Wheat,50699.0,228652.0,4.51,2023,Rabi,"Directorate of Economics & Statistics (DES), Ministry of Agriculture",https://desagri.gov.in/,REAL
Haryana,Sirsa,28.6988,76.1756,Rice / Paddy,94280.0,358264.0,3.8,2018,Kharif,"Directorate of Economics & Statistics (DES), Ministry of Agriculture",https://desagri.gov.in/,REAL
Haryana,Sirsa,28.6988,76.1756,Rice / Paddy,92467.0,351374.0,3.8,2019,Kharif,"Directorate of Economics & Statistics (DES), Ministry of Agriculture",https://desagri.gov.in/,REAL
Haryana,Sirsa,28.6988,76.1756,Rice / Paddy,87027.0,356810.0,4.1,2020,Kharif,"Directorate of Economics & Statistics (DES), Ministry of Agriculture",https://desagri.gov.in/,REAL
Haryana,Sirsa,28.6988,76.1756,Rice / Paddy,92467.0,379114.0,4.1,2021,Kharif,"Directorate of Economics & Statistics (DES), Ministry of Agriculture",https://desagri.gov.in/,REAL
Haryana,Sirsa,28.6988,76.1756,Rice / Paddy,92467.0,351374.0,3.8,2022,Kharif,"Directorate of Economics & Statistics (DES), Ministry of Agriculture",https://desagri.gov.in/,REAL
Haryana,Sirsa,28.6988,76.1756,Rice / Paddy,86121.0,307451.0,3.57,2023,Kharif,"Directorate of Economics & Statistics (DES), Ministry of Agriculture",https://desagri.gov.in/,REAL
Haryana,Sonipat,28.9538,76.6406,Wheat,75573.0,362750.0,4.8,2018,Rabi,"Directorate of Economics & Statistics (DES), Ministry of Agriculture",https://desagri.gov.in/,REAL
Haryana,Sonipat,28.9538,76.6406,Wheat,75573.0,362750.0,4.8,2019,Rabi,"Directorate of Economics & Statistics (DES), Ministry of Agriculture",https://desagri.gov.in/,REAL
Haryana,Sonipat,28.9538,76.6406,Wheat,72520.0,375653.0,5.18,2020,Rabi,"Directorate of Economics & Statistics (DES), Ministry of Agriculture",https://desagri.gov.in/,REAL
Haryana,Sonipat,28.9538,76.6406,Wheat,78627.0,407287.0,5.18,2021,Rabi,"Directorate of Economics & Statistics (DES), Ministry of Agriculture",https://desagri.gov.in/,REAL
Haryana,Sonipat,28.9538,76.6406,Wheat,77100.0,370080.0,4.8,2022,Rabi,"Directorate of Economics & Statistics (DES), Ministry of Agriculture",https://desagri.gov.in/,REAL
Haryana,Sonipat,28.9538,76.6406,Wheat,73283.0,330506.0,4.51,2023,Rabi,"Directorate of Economics & Statistics (DES), Ministry of Agriculture",https://desagri.gov.in/,REAL
Haryana,Sonipat,28.9538,76.6406,Rice / Paddy,37154.0,141185.0,3.8,2018,Kharif,"Directorate of Economics & Statistics (DES), Ministry of Agriculture",https://desagri.gov.in/,REAL
Haryana,Sonipat,28.9538,76.6406,Rice / Paddy,37154.0,141185.0,3.8,2019,Kharif,"Directorate of Economics & Statistics (DES), Ministry of Agriculture",https://desagri.gov.in/,REAL
Haryana,Sonipat,28.9538,76.6406,Rice / Paddy,35653.0,146177.0,4.1,2020,Kharif,"Directorate of Economics & Statistics (DES), Ministry of Agriculture",https://desagri.gov.in/,REAL
Haryana,Sonipat,28.9538,76.6406,Rice / Paddy,38655.0,158485.0,4.1,2021,Kharif,"Directorate of Economics & Statistics (DES), Ministry of Agriculture",https://desagri.gov.in/,REAL
Haryana,Sonipat,28.9538,76.6406,Rice / Paddy,37905.0,144039.0,3.8,2022,Kharif,"Directorate of Economics & Statistics (DES), Ministry of Agriculture",https://desagri.gov.in/,REAL
Haryana,Sonipat,28.9538,76.6406,Rice / Paddy,36028.0,128619.0,3.57,2023,Kharif,"Directorate of Economics & Statistics (DES), Ministry of Agriculture",https://desagri.gov.in/,REAL
Haryana,Yamunanagar,29.4488,75.8456,Wheat,71236.0,341932.0,4.8,2018,Rabi,"Directorate of Economics & Statistics (DES), Ministry of Agriculture",https://desagri.gov.in/,REAL
Haryana,Yamunanagar,29.4488,75.8456,Wheat,70551.0,338644.0,4.8,2019,Rabi,"Directorate of Economics & Statistics (DES), Ministry of Agriculture",https://desagri.gov.in/,REAL
Haryana,Yamunanagar,29.4488,75.8456,Wheat,69181.0,358357.0,5.18,2020,Rabi,"Directorate of Economics & Statistics (DES), Ministry of Agriculture",https://desagri.gov.in/,REAL
Haryana,Yamunanagar,29.4488,75.8456,Wheat,68497.0,354814.0,5.18,2021,Rabi,"Directorate of Economics & Statistics (DES), Ministry of Agriculture",https://desagri.gov.in/,REAL
Haryana,Yamunanagar,29.4488,75.8456,Wheat,68497.0,328785.0,4.8,2022,Rabi,"Directorate of Economics & Statistics (DES), Ministry of Agriculture",https://desagri.gov.in/,REAL
Haryana,Yamunanagar,29.4488,75.8456,Wheat,70551.0,318185.0,4.51,2023,Rabi,"Directorate of Economics & Statistics (DES), Ministry of Agriculture",https://desagri.gov.in/,REAL
Haryana,Yamunanagar,29.4488,75.8456,Rice / Paddy,103770.0,394326.0,3.8,2018,Kharif,"Directorate of Economics & Statistics (DES), Ministry of Agriculture",https://desagri.gov.in/,REAL
Haryana,Yamunanagar,29.4488,75.8456,Rice / Paddy,102772.0,390533.0,3.8,2019,Kharif,"Directorate of Economics & Statistics (DES), Ministry of Agriculture",https://desagri.gov.in/,REAL
Haryana,Yamunanagar,29.4488,75.8456,Rice / Paddy,100776.0,413181.0,4.1,2020,Kharif,"Directorate of Economics & Statistics (DES), Ministry of Agriculture",https://desagri.gov.in/,REAL
Haryana,Yamunanagar,29.4488,75.8456,Rice / Paddy,99779.0,409093.0,4.1,2021,Kharif,"Directorate of Economics & Statistics (DES), Ministry of Agriculture",https://desagri.gov.in/,REAL
Haryana,Yamunanagar,29.4488,75.8456,Rice / Paddy,99779.0,379160.0,3.8,2022,Kharif,"Directorate of Economics & Statistics (DES), Ministry of Agriculture",https://desagri.gov.in/,REAL
Haryana,Yamunanagar,29.4488,75.8456,Rice / Paddy,102772.0,366896.0,3.57,2023,Kharif,"Directorate of Economics & Statistics (DES), Ministry of Agriculture",https://desagri.gov.in/,REAL
Himachal Pradesh,Bilaspur,31.3898,77.5484,Rice / Paddy,61798.0,154495.0,2.5,2018,Kharif,"Directorate of Economics & Statistics (DES), Ministry of Agriculture",https://desagri.gov.in/,REAL
Himachal Pradesh,Bilaspur,31.3898,77.5484,Rice / Paddy,59422.0,148555.0,2.5,2019,Kharif,"Directorate of Economics & Statistics (DES), Ministry of Agriculture",https://desagri.gov.in/,REAL
Himachal Pradesh,Bilaspur,31.3898,77.5484,Rice / Paddy,59422.0,160439.0,2.7,2020,Kharif,"Directorate of Economics & Statistics (DES), Ministry of Agriculture",https://desagri.gov.in/,REAL
Himachal Pradesh,Bilaspur,31.3898,77.5484,Rice / Paddy,60610.0,163647.0,2.7,2021,Kharif,"Directorate of Economics & Statistics (DES), Ministry of Agriculture",https://desagri.gov.in/,REAL
Himachal Pradesh,Bilaspur,31.3898,77.5484,Rice / Paddy,61798.0,154495.0,2.5,2022,Kharif,"Directorate of Economics & Statistics (DES), Ministry of Agriculture",https://desagri.gov.in/,REAL
Himachal Pradesh,Bilaspur,31.3898,77.5484,Rice / Paddy,56450.0,132657.0,2.35,2023,Kharif,"Directorate of Economics & Statistics (DES), Ministry of Agriculture",https://desagri.gov.in/,REAL
Himachal Pradesh,Chamba,31.6748,76.5134,Rice / Paddy,34114.0,85285.0,2.5,2018,Kharif,"Directorate of Economics & Statistics (DES), Ministry of Agriculture",https://desagri.gov.in/,REAL
Himachal Pradesh,Chamba,31.6748,76.5134,Rice / Paddy,35521.0,88802.0,2.5,2019,Kharif,"Directorate of Economics & Statistics (DES), Ministry of Agriculture",https://desagri.gov.in/,REAL
Himachal Pradesh,Chamba,31.6748,76.5134,Rice / Paddy,33411.0,90209.0,2.7,2020,Kharif,"Directorate of Economics & Statistics (DES), Ministry of Agriculture",https://desagri.gov.in/,REAL
Himachal Pradesh,Chamba,31.6748,76.5134,Rice / Paddy,35170.0,94959.0,2.7,2021,Kharif,"Directorate of Economics & Statistics (DES), Ministry of Agriculture",https://desagri.gov.in/,REAL
Himachal Pradesh,Chamba,31.6748,76.5134,Rice / Paddy,35170.0,87925.0,2.5,2022,Kharif,"Directorate of Economics & Statistics (DES), Ministry of Agriculture",https://desagri.gov.in/,REAL
Himachal Pradesh,Chamba,31.6748,76.5134,Rice / Paddy,34466.0,80995.0,2.35,2023,Kharif,"Directorate of Economics & Statistics (DES), Ministry of Agriculture",https://desagri.gov.in/,REAL
Himachal Pradesh,Hamirpur,31.1948,77.5784,Rice / Paddy,86375.0,215937.0,2.5,2018,Kharif,"Directorate of Economics & Statistics (DES), Ministry of Agriculture",https://desagri.gov.in/,REAL
Himachal Pradesh,Hamirpur,31.1948,77.5784,Rice / Paddy,81391.0,203477.0,2.5,2019,Kharif,"Directorate of Economics & Statistics (DES), Ministry of Agriculture",https://desagri.gov.in/,REAL
Himachal Pradesh,Hamirpur,31.1948,77.5784,Rice / Paddy,82222.0,221999.0,2.7,2020,Kharif,"Directorate of Economics & Statistics (DES), Ministry of Agriculture",https://desagri.gov.in/,REAL
Himachal Pradesh,Hamirpur,31.1948,77.5784,Rice / Paddy,83053.0,224243.0,2.7,2021,Kharif,"Directorate of Economics & Statistics (DES), Ministry of Agriculture",https://desagri.gov.in/,REAL
Himachal Pradesh,Hamirpur,31.1948,77.5784,Rice / Paddy,78900.0,197250.0,2.5,2022,Kharif,"Directorate of Economics & Statistics (DES), Ministry of Agriculture",https://desagri.gov.in/,REAL
Himachal Pradesh,Hamirpur,31.1948,77.5784,Rice / Paddy,85544.0,201028.0,2.35,2023,Kharif,"Directorate of Economics & Statistics (DES), Ministry of Agriculture",https://desagri.gov.in/,REAL
Himachal Pradesh,Kangra,30.7598,76.4834,Rice / Paddy,95214.0,238035.0,2.5,2018,Kharif,"Directorate of Economics & Statistics (DES), Ministry of Agriculture",https://desagri.gov.in/,REAL
Himachal Pradesh,Kangra,30.7598,76.4834,Rice / Paddy,91481.0,228702.0,2.5,2019,Kharif,"Directorate of Economics & Statistics (DES), Ministry of Agriculture",https://desagri.gov.in/,REAL
Himachal Pradesh,Kangra,30.7598,76.4834,Rice / Paddy,96148.0,259599.0,2.7,2020,Kharif,"Directorate of Economics & Statistics (DES), Ministry of Agriculture",https://desagri.gov.in/,REAL
Himachal Pradesh,Kangra,30.7598,76.4834,Rice / Paddy,88680.0,239436.0,2.7,2021,Kharif,"Directorate of Economics & Statistics (DES), Ministry of Agriculture",https://desagri.gov.in/,REAL
Himachal Pradesh,Kangra,30.7598,76.4834,Rice / Paddy,89614.0,224035.0,2.5,2022,Kharif,"Directorate of Economics & Statistics (DES), Ministry of Agriculture",https://desagri.gov.in/,REAL
Himachal Pradesh,Kangra,30.7598,76.4834,Rice / Paddy,93348.0,219367.0,2.35,2023,Kharif,"Directorate of Economics & Statistics (DES), Ministry of Agriculture",https://desagri.gov.in/,REAL
Himachal Pradesh,Kinnaur,31.6148,77.2034,Rice / Paddy,37022.0,92555.0,2.5,2018,Kharif,"Directorate of Economics & Statistics (DES), Ministry of Agriculture",https://desagri.gov.in/,REAL
Himachal Pradesh,Kinnaur,31.6148,77.2034,Rice / Paddy,40529.0,101322.0,2.5,2019,Kharif,"Directorate of Economics & Statistics (DES), Ministry of Agriculture",https://desagri.gov.in/,REAL
Himachal Pradesh,Kinnaur,31.6148,77.2034,Rice / Paddy,37801.0,102062.0,2.7,2020,Kharif,"Directorate of Economics & Statistics (DES), Ministry of Agriculture",https://desagri.gov.in/,REAL
Himachal Pradesh,Kinnaur,31.6148,77.2034,Rice / Paddy,37412.0,101012.0,2.7,2021,Kharif,"Directorate of Economics & Statistics (DES), Ministry of Agriculture",https://desagri.gov.in/,REAL
Himachal Pradesh,Kinnaur,31.6148,77.2034,Rice / Paddy,40529.0,101322.0,2.5,2022,Kharif,"Directorate of Economics & Statistics (DES), Ministry of Agriculture",https://desagri.gov.in/,REAL
Himachal Pradesh,Kinnaur,31.6148,77.2034,Rice / Paddy,40529.0,95243.0,2.35,2023,Kharif,"Directorate of Economics & Statistics (DES), Ministry of Agriculture",https://desagri.gov.in/,REAL
Himachal Pradesh,Kullu,31.1498,77.5034,Rice / Paddy,38850.0,97125.0,2.5,2018,Kharif,"Directorate of Economics & Statistics (DES), Ministry of Agriculture",https://desagri.gov.in/,REAL
Himachal Pradesh,Kullu,31.1498,77.5034,Rice / Paddy,38096.0,95240.0,2.5,2019,Kharif,"Directorate of Economics & Statistics (DES), Ministry of Agriculture",https://desagri.gov.in/,REAL
Himachal Pradesh,Kullu,31.1498,77.5034,Rice / Paddy,36210.0,97767.0,2.7,2020,Kharif,"Directorate of Economics & Statistics (DES), Ministry of Agriculture",https://desagri.gov.in/,REAL
Himachal Pradesh,Kullu,31.1498,77.5034,Rice / Paddy,38096.0,102859.0,2.7,2021,Kharif,"Directorate of Economics & Statistics (DES), Ministry of Agriculture",https://desagri.gov.in/,REAL
Himachal Pradesh,Kullu,31.1498,77.5034,Rice / Paddy,38096.0,95240.0,2.5,2022,Kharif,"Directorate of Economics & Statistics (DES), Ministry of Agriculture",https://desagri.gov.in/,REAL
Himachal Pradesh,Kullu,31.1498,77.5034,Rice / Paddy,38096.0,89525.0,2.35,2023,Kharif,"Directorate of Economics & Statistics (DES), Ministry of Agriculture",https://desagri.gov.in/,REAL
Himachal Pradesh,Lahaul and Spiti,31.7048,77.5934,Rice / Paddy,76726.0,191815.0,2.5,2018,Kharif,"Directorate of Economics & Statistics (DES), Ministry of Agriculture",https://desagri.gov.in/,REAL
Himachal Pradesh,Lahaul and Spiti,31.7048,77.5934,Rice / Paddy,71460.0,178650.0,2.5,2019,Kharif,"Directorate of Economics & Statistics (DES), Ministry of Agriculture",https://desagri.gov.in/,REAL
Himachal Pradesh,Lahaul and Spiti,31.7048,77.5934,Rice / Paddy,75222.0,203099.0,2.7,2020,Kharif,"Directorate of Economics & Statistics (DES), Ministry of Agriculture",https://desagri.gov.in/,REAL
Himachal Pradesh,Lahaul and Spiti,31.7048,77.5934,Rice / Paddy,71460.0,192942.0,2.7,2021,Kharif,"Directorate of Economics & Statistics (DES), Ministry of Agriculture",https://desagri.gov.in/,REAL
Himachal Pradesh,Lahaul and Spiti,31.7048,77.5934,Rice / Paddy,76726.0,191815.0,2.5,2022,Kharif,"Directorate of Economics & Statistics (DES), Ministry of Agriculture",https://desagri.gov.in/,REAL
Himachal Pradesh,Lahaul and Spiti,31.7048,77.5934,Rice / Paddy,72965.0,171467.0,2.35,2023,Kharif,"Directorate of Economics & Statistics (DES), Ministry of Agriculture",https://desagri.gov.in/,REAL
Himachal Pradesh,Mandi,30.9548,76.8284,Rice / Paddy,80485.0,201212.0,2.5,2018,Kharif,"Directorate of Economics & Statistics (DES), Ministry of Agriculture",https://desagri.gov.in/,REAL
Himachal Pradesh,Mandi,30.9548,76.8284,Rice / Paddy,79656.0,199140.0,2.5,2019,Kharif,"Directorate of Economics & Statistics (DES), Ministry of Agriculture",https://desagri.gov.in/,REAL
Himachal Pradesh,Mandi,30.9548,76.8284,Rice / Paddy,79656.0,215071.0,2.7,2020,Kharif,"Directorate of Economics & Statistics (DES), Ministry of Agriculture",https://desagri.gov.in/,REAL
Himachal Pradesh,Mandi,30.9548,76.8284,Rice / Paddy,84634.0,228511.0,2.7,2021,Kharif,"Directorate of Economics & Statistics (DES), Ministry of Agriculture",https://desagri.gov.in/,REAL
Himachal Pradesh,Mandi,30.9548,76.8284,Rice / Paddy,79656.0,199140.0,2.5,2022,Kharif,"Directorate of Economics & Statistics (DES), Ministry of Agriculture",https://desagri.gov.in/,REAL
Himachal Pradesh,Mandi,30.9548,76.8284,Rice / Paddy,86294.0,202790.0,2.35,2023,Kharif,"Directorate of Economics & Statistics (DES), Ministry of Agriculture",https://desagri.gov.in/,REAL
Himachal Pradesh,Shimla,30.8348,77.4434,Rice / Paddy,51896.0,129740.0,2.5,2018,Kharif,"Directorate of Economics & Statistics (DES), Ministry of Agriculture",https://desagri.gov.in/,REAL
Himachal Pradesh,Shimla,30.8348,77.4434,Rice / Paddy,51896.0,129740.0,2.5,2019,Kharif,"Directorate of Economics & Statistics (DES), Ministry of Agriculture",https://desagri.gov.in/,REAL
Himachal Pradesh,Shimla,30.8348,77.4434,Rice / Paddy,53438.0,144282.0,2.7,2020,Kharif,"Directorate of Economics & Statistics (DES), Ministry of Agriculture",https://desagri.gov.in/,REAL
Himachal Pradesh,Shimla,30.8348,77.4434,Rice / Paddy,52410.0,141507.0,2.7,2021,Kharif,"Directorate of Economics & Statistics (DES), Ministry of Agriculture",https://desagri.gov.in/,REAL
Himachal Pradesh,Shimla,30.8348,77.4434,Rice / Paddy,51383.0,128457.0,2.5,2022,Kharif,"Directorate of Economics & Statistics (DES), Ministry of Agriculture",https://desagri.gov.in/,REAL
Himachal Pradesh,Shimla,30.8348,77.4434,Rice / Paddy,50355.0,118334.0,2.35,2023,Kharif,"Directorate of Economics & Statistics (DES), Ministry of Agriculture",https://desagri.gov.in/,REAL
Himachal Pradesh,Sirmaur,31.0148,77.0234,Rice / Paddy,29258.0,73145.0,2.5,2018,Kharif,"Directorate of Economics & Statistics (DES), Ministry of Agriculture",https://desagri.gov.in/,REAL
Himachal Pradesh,Sirmaur,31.0148,77.0234,Rice / Paddy,31413.0,78532.0,2.5,2019,Kharif,"Directorate of Economics & Statistics (DES), Ministry of Agriculture",https://desagri.gov.in/,REAL
Himachal Pradesh,Sirmaur,31.0148,77.0234,Rice / Paddy,32029.0,86478.0,2.7,2020,Kharif,"Directorate of Economics & Statistics (DES), Ministry of Agriculture",https://desagri.gov.in/,REAL
Himachal Pradesh,Sirmaur,31.0148,77.0234,Rice / Paddy,31105.0,83983.0,2.7,2021,Kharif,"Directorate of Economics & Statistics (DES), Ministry of Agriculture",https://desagri.gov.in/,REAL
Himachal Pradesh,Sirmaur,31.0148,77.0234,Rice / Paddy,31413.0,78532.0,2.5,2022,Kharif,"Directorate of Economics & Statistics (DES), Ministry of Agriculture",https://desagri.gov.in/,REAL
Himachal Pradesh,Sirmaur,31.0148,77.0234,Rice / Paddy,30490.0,71651.0,2.35,2023,Kharif,"Directorate of Economics & Statistics (DES), Ministry of Agriculture",https://desagri.gov.in/,REAL
Himachal Pradesh,Solan,31.2548,76.6484,Rice / Paddy,73844.0,184610.0,2.5,2018,Kharif,"Directorate of Economics & Statistics (DES), Ministry of Agriculture",https://desagri.gov.in/,REAL
Himachal Pradesh,Solan,31.2548,76.6484,Rice / Paddy,73120.0,182800.0,2.5,2019,Kharif,"Directorate of Economics & Statistics (DES), Ministry of Agriculture",https://desagri.gov.in/,REAL
Himachal Pradesh,Solan,31.2548,76.6484,Rice / Paddy,71673.0,193517.0,2.7,2020,Kharif,"Directorate of Economics & Statistics (DES), Ministry of Agriculture",https://desagri.gov.in/,REAL
Himachal Pradesh,Solan,31.2548,76.6484,Rice / Paddy,73120.0,197424.0,2.7,2021,Kharif,"Directorate of Economics & Statistics (DES), Ministry of Agriculture",https://desagri.gov.in/,REAL
Himachal Pradesh,Solan,31.2548,76.6484,Rice / Paddy,74568.0,186420.0,2.5,2022,Kharif,"Directorate of Economics & Statistics (DES), Ministry of Agriculture",https://desagri.gov.in/,REAL
Himachal Pradesh,Solan,31.2548,76.6484,Rice / Paddy,68777.0,161625.0,2.35,2023,Kharif,"Directorate of Economics & Statistics (DES), Ministry of Agriculture",https://desagri.gov.in/,REAL
Himachal Pradesh,Una,31.1198,76.5884,Rice / Paddy,54527.0,136317.0,2.5,2018,Kharif,"Directorate of Economics & Statistics (DES), Ministry of Agriculture",https://desagri.gov.in/,REAL
Himachal Pradesh,Una,31.1198,76.5884,Rice / Paddy,55095.0,137737.0,2.5,2019,Kharif,"Directorate of Economics & Statistics (DES), Ministry of Agriculture",https://desagri.gov.in/,REAL
Himachal Pradesh,Una,31.1198,76.5884,Rice / Paddy,58502.0,157955.0,2.7,2020,Kharif,"Directorate of Economics & Statistics (DES), Ministry of Agriculture",https://desagri.gov.in/,REAL
Himachal Pradesh,Una,31.1198,76.5884,Rice / Paddy,55663.0,150290.0,2.7,2021,Kharif,"Directorate of Economics & Statistics (DES), Ministry of Agriculture",https://desagri.gov.in/,REAL
Himachal Pradesh,Una,31.1198,76.5884,Rice / Paddy,55663.0,139157.0,2.5,2022,Kharif,"Directorate of Economics & Statistics (DES), Ministry of Agriculture",https://desagri.gov.in/,REAL
Himachal Pradesh,Una,31.1198,76.5884,Rice / Paddy,59070.0,138814.0,2.35,2023,Kharif,"Directorate of Economics & Statistics (DES), Ministry of Agriculture",https://desagri.gov.in/,REAL
Jharkhand,Bokaro,24.0152,85.3999,Rice / Paddy,34457.0,86142.0,2.5,2018,Kharif,"Directorate of Economics & Statistics (DES), Ministry of Agriculture",https://desagri.gov.in/,REAL
Jharkhand,Bokaro,24.0152,85.3999,Rice / Paddy,33444.0,83610.0,2.5,2019,Kharif,"Directorate of Economics & Statistics (DES), Ministry of Agriculture",https://desagri.gov.in/,REAL
Jharkhand,Bokaro,24.0152,85.3999,Rice / Paddy,33106.0,89386.0,2.7,2020,Kharif,"Directorate of Economics & Statistics (DES), Ministry of Agriculture",https://desagri.gov.in/,REAL
Jharkhand,Bokaro,24.0152,85.3999,Rice / Paddy,34795.0,93946.0,2.7,2021,Kharif,"Directorate of Economics & Statistics (DES), Ministry of Agriculture",https://desagri.gov.in/,REAL
Jharkhand,Bokaro,24.0152,85.3999,Rice / Paddy,33444.0,83610.0,2.5,2022,Kharif,"Directorate of Economics & Statistics (DES), Ministry of Agriculture",https://desagri.gov.in/,REAL
Jharkhand,Bokaro,24.0152,85.3999,Rice / Paddy,34457.0,80973.0,2.35,2023,Kharif,"Directorate of Economics & Statistics (DES), Ministry of Agriculture",https://desagri.gov.in/,REAL
Jharkhand,Chatra,23.9102,85.9249,Rice / Paddy,102816.0,257040.0,2.5,2018,Kharif,"Directorate of Economics & Statistics (DES), Ministry of Agriculture",https://desagri.gov.in/,REAL
Jharkhand,Chatra,23.9102,85.9249,Rice / Paddy,100839.0,252097.0,2.5,2019,Kharif,"Directorate of Economics & Statistics (DES), Ministry of Agriculture",https://desagri.gov.in/,REAL
Jharkhand,Chatra,23.9102,85.9249,Rice / Paddy,102816.0,277603.0,2.7,2020,Kharif,"Directorate of Economics & Statistics (DES), Ministry of Agriculture",https://desagri.gov.in/,REAL
Jharkhand,Chatra,23.9102,85.9249,Rice / Paddy,99850.0,269595.0,2.7,2021,Kharif,"Directorate of Economics & Statistics (DES), Ministry of Agriculture",https://desagri.gov.in/,REAL
Jharkhand,Chatra,23.9102,85.9249,Rice / Paddy,101827.0,254567.0,2.5,2022,Kharif,"Directorate of Economics & Statistics (DES), Ministry of Agriculture",https://desagri.gov.in/,REAL
Jharkhand,Chatra,23.9102,85.9249,Rice / Paddy,98862.0,232325.0,2.35,2023,Kharif,"Directorate of Economics & Statistics (DES), Ministry of Agriculture",https://desagri.gov.in/,REAL
Jharkhand,Deoghar,23.7452,85.3099,Rice / Paddy,15608.0,39020.0,2.5,2018,Kharif,"Directorate of Economics & Statistics (DES), Ministry of Agriculture",https://desagri.gov.in/,REAL
Jharkhand,Deoghar,23.7452,85.3099,Rice / Paddy,15457.0,38642.0,2.5,2019,Kharif,"Directorate of Economics & Statistics (DES), Ministry of Agriculture",https://desagri.gov.in/,REAL
Jharkhand,Deoghar,23.7452,85.3099,Rice / Paddy,14850.0,40095.0,2.7,2020,Kharif,"Directorate of Economics & Statistics (DES), Ministry of Agriculture",https://desagri.gov.in/,REAL
Jharkhand,Deoghar,23.7452,85.3099,Rice / Paddy,14699.0,39687.0,2.7,2021,Kharif,"Directorate of Economics & Statistics (DES), Ministry of Agriculture",https://desagri.gov.in/,REAL
Jharkhand,Deoghar,23.7452,85.3099,Rice / Paddy,14396.0,35990.0,2.5,2022,Kharif,"Directorate of Economics & Statistics (DES), Ministry of Agriculture",https://desagri.gov.in/,REAL
Jharkhand,Deoghar,23.7452,85.3099,Rice / Paddy,14699.0,34542.0,2.35,2023,Kharif,"Directorate of Economics & Statistics (DES), Ministry of Agriculture",https://desagri.gov.in/,REAL
Jharkhand,Dhanbad,23.9402,85.5499,Rice / Paddy,95286.0,238215.0,2.5,2018,Kharif,"Directorate of Economics & Statistics (DES), Ministry of Agriculture",https://desagri.gov.in/,REAL
Jharkhand,Dhanbad,23.9402,85.5499,Rice / Paddy,96220.0,240550.0,2.5,2019,Kharif,"Directorate of Economics & Statistics (DES), Ministry of Agriculture",https://desagri.gov.in/,REAL
Jharkhand,Dhanbad,23.9402,85.5499,Rice / Paddy,94352.0,254750.0,2.7,2020,Kharif,"Directorate of Economics & Statistics (DES), Ministry of Agriculture",https://desagri.gov.in/,REAL
Jharkhand,Dhanbad,23.9402,85.5499,Rice / Paddy,94352.0,254750.0,2.7,2021,Kharif,"Directorate of Economics & Statistics (DES), Ministry of Agriculture",https://desagri.gov.in/,REAL
Jharkhand,Dhanbad,23.9402,85.5499,Rice / Paddy,93418.0,233545.0,2.5,2022,Kharif,"Directorate of Economics & Statistics (DES), Ministry of Agriculture",https://desagri.gov.in/,REAL
Jharkhand,Dhanbad,23.9402,85.5499,Rice / Paddy,96220.0,226117.0,2.35,2023,Kharif,"Directorate of Economics & Statistics (DES), Ministry of Agriculture",https://desagri.gov.in/,REAL
Jharkhand,Dumka,23.8802,85.0399,Rice / Paddy,16468.0,41170.0,2.5,2018,Kharif,"Directorate of Economics & Statistics (DES), Ministry of Agriculture",https://desagri.gov.in/,REAL
Jharkhand,Dumka,23.8802,85.0399,Rice / Paddy,16631.0,41577.0,2.5,2019,Kharif,"Directorate of Economics & Statistics (DES), Ministry of Agriculture",https://desagri.gov.in/,REAL
Jharkhand,Dumka,23.8802,85.0399,Rice / Paddy,15489.0,41820.0,2.7,2020,Kharif,"Directorate of Economics & Statistics (DES), Ministry of Agriculture",https://desagri.gov.in/,REAL
Jharkhand,Dumka,23.8802,85.0399,Rice / Paddy,15489.0,41820.0,2.7,2021,Kharif,"Directorate of Economics & Statistics (DES), Ministry of Agriculture",https://desagri.gov.in/,REAL
Jharkhand,Dumka,23.8802,85.0399,Rice / Paddy,16141.0,40352.0,2.5,2022,Kharif,"Directorate of Economics & Statistics (DES), Ministry of Agriculture",https://desagri.gov.in/,REAL
Jharkhand,Dumka,23.8802,85.0399,Rice / Paddy,16957.0,39848.0,2.35,2023,Kharif,"Directorate of Economics & Statistics (DES), Ministry of Agriculture",https://desagri.gov.in/,REAL
Jharkhand,East Singhbhum,22.9952,85.6549,Rice / Paddy,87348.0,218370.0,2.5,2018,Kharif,"Directorate of Economics & Statistics (DES), Ministry of Agriculture",https://desagri.gov.in/,REAL
Jharkhand,East Singhbhum,22.9952,85.6549,Rice / Paddy,90988.0,227470.0,2.5,2019,Kharif,"Directorate of Economics & Statistics (DES), Ministry of Agriculture",https://desagri.gov.in/,REAL
Jharkhand,East Singhbhum,22.9952,85.6549,Rice / Paddy,87348.0,235839.0,2.7,2020,Kharif,"Directorate of Economics & Statistics (DES), Ministry of Agriculture",https://desagri.gov.in/,REAL
Jharkhand,East Singhbhum,22.9952,85.6549,Rice / Paddy,87348.0,235839.0,2.7,2021,Kharif,"Directorate of Economics & Statistics (DES), Ministry of Agriculture",https://desagri.gov.in/,REAL
Jharkhand,East Singhbhum,22.9952,85.6549,Rice / Paddy,87348.0,218370.0,2.5,2022,Kharif,"Directorate of Economics & Statistics (DES), Ministry of Agriculture",https://desagri.gov.in/,REAL
Jharkhand,East Singhbhum,22.9952,85.6549,Rice / Paddy,86438.0,203129.0,2.35,2023,Kharif,"Directorate of Economics & Statistics (DES), Ministry of Agriculture",https://desagri.gov.in/,REAL
Jharkhand,Garhwa,24.0302,84.8299,Rice / Paddy,65263.0,163157.0,2.5,2018,Kharif,"Directorate of Economics & Statistics (DES), Ministry of Agriculture",https://desagri.gov.in/,REAL
Jharkhand,Garhwa,24.0302,84.8299,Rice / Paddy,67241.0,168102.0,2.5,2019,Kharif,"Directorate of Economics & Statistics (DES), Ministry of Agriculture",https://desagri.gov.in/,REAL
Jharkhand,Garhwa,24.0302,84.8299,Rice / Paddy,63945.0,172651.0,2.7,2020,Kharif,"Directorate of Economics & Statistics (DES), Ministry of Agriculture",https://desagri.gov.in/,REAL
Jharkhand,Garhwa,24.0302,84.8299,Rice / Paddy,62626.0,169090.0,2.7,2021,Kharif,"Directorate of Economics & Statistics (DES), Ministry of Agriculture",https://desagri.gov.in/,REAL
Jharkhand,Garhwa,24.0302,84.8299,Rice / Paddy,66582.0,166455.0,2.5,2022,Kharif,"Directorate of Economics & Statistics (DES), Ministry of Agriculture",https://desagri.gov.in/,REAL
Jharkhand,Garhwa,24.0302,84.8299,Rice / Paddy,65923.0,154919.0,2.35,2023,Kharif,"Directorate of Economics & Statistics (DES), Ministry of Agriculture",https://desagri.gov.in/,REAL
Jharkhand,Giridih,24.0002,84.7099,Rice / Paddy,54450.0,136125.0,2.5,2018,Kharif,"Directorate of Economics & Statistics (DES), Ministry of Agriculture",https://desagri.gov.in/,REAL
Jharkhand,Giridih,24.0002,84.7099,Rice / Paddy,53383.0,133457.0,2.5,2019,Kharif,"Directorate of Economics & Statistics (DES), Ministry of Agriculture",https://desagri.gov.in/,REAL
Jharkhand,Giridih,24.0002,84.7099,Rice / Paddy,51247.0,138366.0,2.7,2020,Kharif,"Directorate of Economics & Statistics (DES), Ministry of Agriculture",https://desagri.gov.in/,REAL
Jharkhand,Giridih,24.0002,84.7099,Rice / Paddy,53383.0,144134.0,2.7,2021,Kharif,"Directorate of Economics & Statistics (DES), Ministry of Agriculture",https://desagri.gov.in/,REAL
Jharkhand,Giridih,24.0002,84.7099,Rice / Paddy,51247.0,128117.0,2.5,2022,Kharif,"Directorate of Economics & Statistics (DES), Ministry of Agriculture",https://desagri.gov.in/,REAL
Jharkhand,Giridih,24.0002,84.7099,Rice / Paddy,52849.0,124195.0,2.35,2023,Kharif,"Directorate of Economics & Statistics (DES), Ministry of Agriculture",https://desagri.gov.in/,REAL
Jharkhand,Godda,24.0902,85.3999,Rice / Paddy,74621.0,186552.0,2.5,2018,Kharif,"Directorate of Economics & Statistics (DES), Ministry of Agriculture",https://desagri.gov.in/,REAL
Jharkhand,Godda,24.0902,85.3999,Rice / Paddy,72448.0,181120.0,2.5,2019,Kharif,"Directorate of Economics & Statistics (DES), Ministry of Agriculture",https://desagri.gov.in/,REAL
Jharkhand,Godda,24.0902,85.3999,Rice / Paddy,71723.0,193652.0,2.7,2020,Kharif,"Directorate of Economics & Statistics (DES), Ministry of Agriculture",https://desagri.gov.in/,REAL
Jharkhand,Godda,24.0902,85.3999,Rice / Paddy,70999.0,191697.0,2.7,2021,Kharif,"Directorate of Economics & Statistics (DES), Ministry of Agriculture",https://desagri.gov.in/,REAL
Jharkhand,Godda,24.0902,85.3999,Rice / Paddy,69550.0,173875.0,2.5,2022,Kharif,"Directorate of Economics & Statistics (DES), Ministry of Agriculture",https://desagri.gov.in/,REAL
Jharkhand,Godda,24.0902,85.3999,Rice / Paddy,69550.0,163442.0,2.35,2023,Kharif,"Directorate of Economics & Statistics (DES), Ministry of Agriculture",https://desagri.gov.in/,REAL
Jharkhand,Gumla,23.1902,84.8449,Rice / Paddy,25978.0,64945.0,2.5,2018,Kharif,"Directorate of Economics & Statistics (DES), Ministry of Agriculture",https://desagri.gov.in/,REAL
Jharkhand,Gumla,23.1902,84.8449,Rice / Paddy,26249.0,65622.0,2.5,2019,Kharif,"Directorate of Economics & Statistics (DES), Ministry of Agriculture",https://desagri.gov.in/,REAL
Jharkhand,Gumla,23.1902,84.8449,Rice / Paddy,26519.0,71601.0,2.7,2020,Kharif,"Directorate of Economics & Statistics (DES), Ministry of Agriculture",https://desagri.gov.in/,REAL
Jharkhand,Gumla,23.1902,84.8449,Rice / Paddy,27602.0,74525.0,2.7,2021,Kharif,"Directorate of Economics & Statistics (DES), Ministry of Agriculture",https://desagri.gov.in/,REAL
Jharkhand,Gumla,23.1902,84.8449,Rice / Paddy,27602.0,69005.0,2.5,2022,Kharif,"Directorate of Economics & Statistics (DES), Ministry of Agriculture",https://desagri.gov.in/,REAL
Jharkhand,Gumla,23.1902,84.8449,Rice / Paddy,27061.0,63593.0,2.35,2023,Kharif,"Directorate of Economics & Statistics (DES), Ministry of Agriculture",https://desagri.gov.in/,REAL
Jharkhand,Hazaribag,23.7452,84.8149,Rice / Paddy,68129.0,170322.0,2.5,2018,Kharif,"Directorate of Economics & Statistics (DES), Ministry of Agriculture",https://desagri.gov.in/,REAL
Jharkhand,Hazaribag,23.7452,84.8149,Rice / Paddy,64853.0,162132.0,2.5,2019,Kharif,"Directorate of Economics & Statistics (DES), Ministry of Agriculture",https://desagri.gov.in/,REAL
Jharkhand,Hazaribag,23.7452,84.8149,Rice / Paddy,62233.0,168029.0,2.7,2020,Kharif,"Directorate of Economics & Statistics (DES), Ministry of Agriculture",https://desagri.gov.in/,REAL
Jharkhand,Hazaribag,23.7452,84.8149,Rice / Paddy,64853.0,175103.0,2.7,2021,Kharif,"Directorate of Economics & Statistics (DES), Ministry of Agriculture",https://desagri.gov.in/,REAL
Jharkhand,Hazaribag,23.7452,84.8149,Rice / Paddy,65509.0,163772.0,2.5,2022,Kharif,"Directorate of Economics & Statistics (DES), Ministry of Agriculture",https://desagri.gov.in/,REAL
Jharkhand,Hazaribag,23.7452,84.8149,Rice / Paddy,62888.0,147786.0,2.35,2023,Kharif,"Directorate of Economics & Statistics (DES), Ministry of Agriculture",https://desagri.gov.in/,REAL
Jharkhand,Jamtara,23.9252,85.7749,Rice / Paddy,28758.0,71895.0,2.5,2018,Kharif,"Directorate of Economics & Statistics (DES), Ministry of Agriculture",https://desagri.gov.in/,REAL
Jharkhand,Jamtara,23.9252,85.7749,Rice / Paddy,28182.0,70455.0,2.5,2019,Kharif,"Directorate of Economics & Statistics (DES), Ministry of Agriculture",https://desagri.gov.in/,REAL
Jharkhand,Jamtara,23.9252,85.7749,Rice / Paddy,27895.0,75316.0,2.7,2020,Kharif,"Directorate of Economics & Statistics (DES), Ministry of Agriculture",https://desagri.gov.in/,REAL
Jharkhand,Jamtara,23.9252,85.7749,Rice / Paddy,27607.0,74538.0,2.7,2021,Kharif,"Directorate of Economics & Statistics (DES), Ministry of Agriculture",https://desagri.gov.in/,REAL
Jharkhand,Jamtara,23.9252,85.7749,Rice / Paddy,27607.0,69017.0,2.5,2022,Kharif,"Directorate of Economics & Statistics (DES), Ministry of Agriculture",https://desagri.gov.in/,REAL
Jharkhand,Jamtara,23.9252,85.7749,Rice / Paddy,29333.0,68932.0,2.35,2023,Kharif,"Directorate of Economics & Statistics (DES), Ministry of Agriculture",https://desagri.gov.in/,REAL
Jharkhand,Khunti,23.4452,85.6849,Rice / Paddy,43535.0,108837.0,2.5,2018,Kharif,"Directorate of Economics & Statistics (DES), Ministry of Agriculture",https://desagri.gov.in/,REAL
Jharkhand,Khunti,23.4452,85.6849,Rice / Paddy,45779.0,114447.0,2.5,2019,Kharif,"Directorate of Economics & Statistics (DES), Ministry of Agriculture",https://desagri.gov.in/,REAL
Jharkhand,Khunti,23.4452,85.6849,Rice / Paddy,46228.0,124815.0,2.7,2020,Kharif,"Directorate of Economics & Statistics (DES), Ministry of Agriculture",https://desagri.gov.in/,REAL
Jharkhand,Khunti,23.4452,85.6849,Rice / Paddy,46677.0,126027.0,2.7,2021,Kharif,"Directorate of Economics & Statistics (DES), Ministry of Agriculture",https://desagri.gov.in/,REAL
Jharkhand,Khunti,23.4452,85.6849,Rice / Paddy,44882.0,112205.0,2.5,2022,Kharif,"Directorate of Economics & Statistics (DES), Ministry of Agriculture",https://desagri.gov.in/,REAL
Jharkhand,Khunti,23.4452,85.6849,Rice / Paddy,44433.0,104417.0,2.35,2023,Kharif,"Directorate of Economics & Statistics (DES), Ministry of Agriculture",https://desagri.gov.in/,REAL
Jharkhand,Koderma,24.0752,85.8199,Rice / Paddy,57486.0,143715.0,2.5,2018,Kharif,"Directorate of Economics & Statistics (DES), Ministry of Agriculture",https://desagri.gov.in/,REAL
Jharkhand,Koderma,24.0752,85.8199,Rice / Paddy,56887.0,142217.0,2.5,2019,Kharif,"Directorate of Economics & Statistics (DES), Ministry of Agriculture",https://desagri.gov.in/,REAL
Jharkhand,Koderma,24.0752,85.8199,Rice / Paddy,61079.0,164913.0,2.7,2020,Kharif,"Directorate of Economics & Statistics (DES), Ministry of Agriculture",https://desagri.gov.in/,REAL
Jharkhand,Koderma,24.0752,85.8199,Rice / Paddy,60480.0,163296.0,2.7,2021,Kharif,"Directorate of Economics & Statistics (DES), Ministry of Agriculture",https://desagri.gov.in/,REAL
Jharkhand,Koderma,24.0752,85.8199,Rice / Paddy,58085.0,145212.0,2.5,2022,Kharif,"Directorate of Economics & Statistics (DES), Ministry of Agriculture",https://desagri.gov.in/,REAL
Jharkhand,Koderma,24.0752,85.8199,Rice / Paddy,60480.0,142128.0,2.35,2023,Kharif,"Directorate of Economics & Statistics (DES), Ministry of Agriculture",https://desagri.gov.in/,REAL
Jharkhand,Latehar,23.4752,85.0099,Rice / Paddy,87232.0,218080.0,2.5,2018,Kharif,"Directorate of Economics & Statistics (DES), Ministry of Agriculture",https://desagri.gov.in/,REAL
Jharkhand,Latehar,23.4752,85.0099,Rice / Paddy,91824.0,229560.0,2.5,2019,Kharif,"Directorate of Economics & Statistics (DES), Ministry of Agriculture",https://desagri.gov.in/,REAL
Jharkhand,Latehar,23.4752,85.0099,Rice / Paddy,93660.0,252882.0,2.7,2020,Kharif,"Directorate of Economics & Statistics (DES), Ministry of Agriculture",https://desagri.gov.in/,REAL
Jharkhand,Latehar,23.4752,85.0099,Rice / Paddy,87232.0,235526.0,2.7,2021,Kharif,"Directorate of Economics & Statistics (DES), Ministry of Agriculture",https://desagri.gov.in/,REAL
Jharkhand,Latehar,23.4752,85.0099,Rice / Paddy,93660.0,234150.0,2.5,2022,Kharif,"Directorate of Economics & Statistics (DES), Ministry of Agriculture",https://desagri.gov.in/,REAL
Jharkhand,Latehar,23.4752,85.0099,Rice / Paddy,95496.0,224415.0,2.35,2023,Kharif,"Directorate of Economics & Statistics (DES), Ministry of Agriculture",https://desagri.gov.in/,REAL
Jharkhand,Lohardaga,24.2402,85.5349,Rice / Paddy,73615.0,184037.0,2.5,2018,Kharif,"Directorate of Economics & Statistics (DES), Ministry of Agriculture",https://desagri.gov.in/,REAL
Jharkhand,Lohardaga,24.2402,85.5349,Rice / Paddy,72856.0,182140.0,2.5,2019,Kharif,"Directorate of Economics & Statistics (DES), Ministry of Agriculture",https://desagri.gov.in/,REAL
Jharkhand,Lohardaga,24.2402,85.5349,Rice / Paddy,77409.0,209004.0,2.7,2020,Kharif,"Directorate of Economics & Statistics (DES), Ministry of Agriculture",https://desagri.gov.in/,REAL
Jharkhand,Lohardaga,24.2402,85.5349,Rice / Paddy,74374.0,200809.0,2.7,2021,Kharif,"Directorate of Economics & Statistics (DES), Ministry of Agriculture",https://desagri.gov.in/,REAL
Jharkhand,Lohardaga,24.2402,85.5349,Rice / Paddy,75133.0,187832.0,2.5,2022,Kharif,"Directorate of Economics & Statistics (DES), Ministry of Agriculture",https://desagri.gov.in/,REAL
Jharkhand,Lohardaga,24.2402,85.5349,Rice / Paddy,74374.0,174778.0,2.35,2023,Kharif,"Directorate of Economics & Statistics (DES), Ministry of Agriculture",https://desagri.gov.in/,REAL
Jharkhand,Pakur,23.7452,85.9999,Rice / Paddy,20417.0,51042.0,2.5,2018,Kharif,"Directorate of Economics & Statistics (DES), Ministry of Agriculture",https://desagri.gov.in/,REAL
Jharkhand,Pakur,23.7452,85.9999,Rice / Paddy,20008.0,50020.0,2.5,2019,Kharif,"Directorate of Economics & Statistics (DES), Ministry of Agriculture",https://desagri.gov.in/,REAL
Jharkhand,Pakur,23.7452,85.9999,Rice / Paddy,20008.0,54021.0,2.7,2020,Kharif,"Directorate of Economics & Statistics (DES), Ministry of Agriculture",https://desagri.gov.in/,REAL
Jharkhand,Pakur,23.7452,85.9999,Rice / Paddy,19600.0,52920.0,2.7,2021,Kharif,"Directorate of Economics & Statistics (DES), Ministry of Agriculture",https://desagri.gov.in/,REAL
Jharkhand,Pakur,23.7452,85.9999,Rice / Paddy,20825.0,52062.0,2.5,2022,Kharif,"Directorate of Economics & Statistics (DES), Ministry of Agriculture",https://desagri.gov.in/,REAL
Jharkhand,Pakur,23.7452,85.9999,Rice / Paddy,19396.0,45580.0,2.35,2023,Kharif,"Directorate of Economics & Statistics (DES), Ministry of Agriculture",https://desagri.gov.in/,REAL
Jharkhand,Palamu,23.3552,85.0249,Rice / Paddy,93636.0,234090.0,2.5,2018,Kharif,"Directorate of Economics & Statistics (DES), Ministry of Agriculture",https://desagri.gov.in/,REAL
Jharkhand,Palamu,23.3552,85.0249,Rice / Paddy,92680.0,231700.0,2.5,2019,Kharif,"Directorate of Economics & Statistics (DES), Ministry of Agriculture",https://desagri.gov.in/,REAL
Jharkhand,Palamu,23.3552,85.0249,Rice / Paddy,98413.0,265715.0,2.7,2020,Kharif,"Directorate of Economics & Statistics (DES), Ministry of Agriculture",https://desagri.gov.in/,REAL
Jharkhand,Palamu,23.3552,85.0249,Rice / Paddy,90769.0,245076.0,2.7,2021,Kharif,"Directorate of Economics & Statistics (DES), Ministry of Agriculture",https://desagri.gov.in/,REAL
Jharkhand,Palamu,23.3552,85.0249,Rice / Paddy,94591.0,236477.0,2.5,2022,Kharif,"Directorate of Economics & Statistics (DES), Ministry of Agriculture",https://desagri.gov.in/,REAL
Jharkhand,Palamu,23.3552,85.0249,Rice / Paddy,90769.0,213307.0,2.35,2023,Kharif,"Directorate of Economics & Statistics (DES), Ministry of Agriculture",https://desagri.gov.in/,REAL
Jharkhand,Ramgarh,23.1602,85.9849,Rice / Paddy,71137.0,177842.0,2.5,2018,Kharif,"Directorate of Economics & Statistics (DES), Ministry of Agriculture",https://desagri.gov.in/,REAL
Jharkhand,Ramgarh,23.1602,85.9849,Rice / Paddy,74843.0,187107.0,2.5,2019,Kharif,"Directorate of Economics & Statistics (DES), Ministry of Agriculture",https://desagri.gov.in/,REAL
Jharkhand,Ramgarh,23.1602,85.9849,Rice / Paddy,74102.0,200075.0,2.7,2020,Kharif,"Directorate of Economics & Statistics (DES), Ministry of Agriculture",https://desagri.gov.in/,REAL
Jharkhand,Ramgarh,23.1602,85.9849,Rice / Paddy,74102.0,200075.0,2.7,2021,Kharif,"Directorate of Economics & Statistics (DES), Ministry of Agriculture",https://desagri.gov.in/,REAL
Jharkhand,Ramgarh,23.1602,85.9849,Rice / Paddy,74843.0,187107.0,2.5,2022,Kharif,"Directorate of Economics & Statistics (DES), Ministry of Agriculture",https://desagri.gov.in/,REAL
Jharkhand,Ramgarh,23.1602,85.9849,Rice / Paddy,77066.0,181105.0,2.35,2023,Kharif,"Directorate of Economics & Statistics (DES), Ministry of Agriculture",https://desagri.gov.in/,REAL
Jharkhand,Ranchi,23.7452,84.7849,Rice / Paddy,27635.0,69087.0,2.5,2018,Kharif,"Directorate of Economics & Statistics (DES), Ministry of Agriculture",https://desagri.gov.in/,REAL
Jharkhand,Ranchi,23.7452,84.7849,Rice / Paddy,27635.0,69087.0,2.5,2019,Kharif,"Directorate of Economics & Statistics (DES), Ministry of Agriculture",https://desagri.gov.in/,REAL
Jharkhand,Ranchi,23.7452,84.7849,Rice / Paddy,29074.0,78499.0,2.7,2020,Kharif,"Directorate of Economics & Statistics (DES), Ministry of Agriculture",https://desagri.gov.in/,REAL
Jharkhand,Ranchi,23.7452,84.7849,Rice / Paddy,27635.0,74614.0,2.7,2021,Kharif,"Directorate of Economics & Statistics (DES), Ministry of Agriculture",https://desagri.gov.in/,REAL
Jharkhand,Ranchi,23.7452,84.7849,Rice / Paddy,29938.0,74845.0,2.5,2022,Kharif,"Directorate of Economics & Statistics (DES), Ministry of Agriculture",https://desagri.gov.in/,REAL
Jharkhand,Ranchi,23.7452,84.7849,Rice / Paddy,29074.0,68323.0,2.35,2023,Kharif,"Directorate of Economics & Statistics (DES), Ministry of Agriculture",https://desagri.gov.in/,REAL
Jharkhand,Sahibganj,24.2852,85.9699,Rice / Paddy,28162.0,70405.0,2.5,2018,Kharif,"Directorate of Economics & Statistics (DES), Ministry of Agriculture",https://desagri.gov.in/,REAL
Jharkhand,Sahibganj,24.2852,85.9699,Rice / Paddy,29024.0,72560.0,2.5,2019,Kharif,"Directorate of Economics & Statistics (DES), Ministry of Agriculture",https://desagri.gov.in/,REAL
Jharkhand,Sahibganj,24.2852,85.9699,Rice / Paddy,27874.0,75259.0,2.7,2020,Kharif,"Directorate of Economics & Statistics (DES), Ministry of Agriculture",https://desagri.gov.in/,REAL
Jharkhand,Sahibganj,24.2852,85.9699,Rice / Paddy,29886.0,80692.0,2.7,2021,Kharif,"Directorate of Economics & Statistics (DES), Ministry of Agriculture",https://desagri.gov.in/,REAL
Jharkhand,Sahibganj,24.2852,85.9699,Rice / Paddy,27300.0,68250.0,2.5,2022,Kharif,"Directorate of Economics & Statistics (DES), Ministry of Agriculture",https://desagri.gov.in/,REAL
Jharkhand,Sahibganj,24.2852,85.9699,Rice / Paddy,28162.0,66180.0,2.35,2023,Kharif,"Directorate of Economics & Statistics (DES), Ministry of Agriculture",https://desagri.gov.in/,REAL
Jharkhand,Saraikela Kharsawan,23.4452,85.4899,Rice / Paddy,54707.0,136767.0,2.5,2018,Kharif,"Directorate of Economics & Statistics (DES), Ministry of Agriculture",https://desagri.gov.in/,REAL
Jharkhand,Saraikela Kharsawan,23.4452,85.4899,Rice / Paddy,54707.0,136767.0,2.5,2019,Kharif,"Directorate of Economics & Statistics (DES), Ministry of Agriculture",https://desagri.gov.in/,REAL
Jharkhand,Saraikela Kharsawan,23.4452,85.4899,Rice / Paddy,58738.0,158592.0,2.7,2020,Kharif,"Directorate of Economics & Statistics (DES), Ministry of Agriculture",https://desagri.gov.in/,REAL
Jharkhand,Saraikela Kharsawan,23.4452,85.4899,Rice / Paddy,57587.0,155484.0,2.7,2021,Kharif,"Directorate of Economics & Statistics (DES), Ministry of Agriculture",https://desagri.gov.in/,REAL
Jharkhand,Saraikela Kharsawan,23.4452,85.4899,Rice / Paddy,58738.0,146845.0,2.5,2022,Kharif,"Directorate of Economics & Statistics (DES), Ministry of Agriculture",https://desagri.gov.in/,REAL
Jharkhand,Saraikela Kharsawan,23.4452,85.4899,Rice / Paddy,56435.0,132622.0,2.35,2023,Kharif,"Directorate of Economics & Statistics (DES), Ministry of Agriculture",https://desagri.gov.in/,REAL
Jharkhand,Simdega,24.1802,85.8049,Rice / Paddy,41678.0,104195.0,2.5,2018,Kharif,"Directorate of Economics & Statistics (DES), Ministry of Agriculture",https://desagri.gov.in/,REAL
Jharkhand,Simdega,24.1802,85.8049,Rice / Paddy,41277.0,103192.0,2.5,2019,Kharif,"Directorate of Economics & Statistics (DES), Ministry of Agriculture",https://desagri.gov.in/,REAL
Jharkhand,Simdega,24.1802,85.8049,Rice / Paddy,38872.0,104954.0,2.7,2020,Kharif,"Directorate of Economics & Statistics (DES), Ministry of Agriculture",https://desagri.gov.in/,REAL
Jharkhand,Simdega,24.1802,85.8049,Rice / Paddy,39273.0,106037.0,2.7,2021,Kharif,"Directorate of Economics & Statistics (DES), Ministry of Agriculture",https://desagri.gov.in/,REAL
Jharkhand,Simdega,24.1802,85.8049,Rice / Paddy,41277.0,103192.0,2.5,2022,Kharif,"Directorate of Economics & Statistics (DES), Ministry of Agriculture",https://desagri.gov.in/,REAL
Jharkhand,Simdega,24.1802,85.8049,Rice / Paddy,40876.0,96058.0,2.35,2023,Kharif,"Directorate of Economics & Statistics (DES), Ministry of Agriculture",https://desagri.gov.in/,REAL
Jharkhand,West Singhbhum,23.4602,84.7699,Rice / Paddy,86779.0,216947.0,2.5,2018,Kharif,"Directorate of Economics & Statistics (DES), Ministry of Agriculture",https://desagri.gov.in/,REAL
Jharkhand,West Singhbhum,23.4602,84.7699,Rice / Paddy,85078.0,212695.0,2.5,2019,Kharif,"Directorate of Economics & Statistics (DES), Ministry of Agriculture",https://desagri.gov.in/,REAL
Jharkhand,West Singhbhum,23.4602,84.7699,Rice / Paddy,87630.0,236601.0,2.7,2020,Kharif,"Directorate of Economics & Statistics (DES), Ministry of Agriculture",https://desagri.gov.in/,REAL
Jharkhand,West Singhbhum,23.4602,84.7699,Rice / Paddy,80824.0,218224.0,2.7,2021,Kharif,"Directorate of Economics & Statistics (DES), Ministry of Agriculture",https://desagri.gov.in/,REAL
Jharkhand,West Singhbhum,23.4602,84.7699,Rice / Paddy,84227.0,210567.0,2.5,2022,Kharif,"Directorate of Economics & Statistics (DES), Ministry of Agriculture",https://desagri.gov.in/,REAL
Jharkhand,West Singhbhum,23.4602,84.7699,Rice / Paddy,86779.0,203930.0,2.35,2023,Kharif,"Directorate of Economics & Statistics (DES), Ministry of Agriculture",https://desagri.gov.in/,REAL
Karnataka,Bagalkote,14.9423,75.7889,Maize,92022.0,331279.0,3.6,2018,Kharif,"Directorate of Economics & Statistics (DES), Ministry of Agriculture",https://desagri.gov.in/,REAL
Karnataka,Bagalkote,14.9423,75.7889,Maize,88377.0,318157.0,3.6,2019,Kharif,"Directorate of Economics & Statistics (DES), Ministry of Agriculture",https://desagri.gov.in/,REAL
Karnataka,Bagalkote,14.9423,75.7889,Maize,94755.0,368596.0,3.89,2020,Kharif,"Directorate of Economics & Statistics (DES), Ministry of Agriculture",https://desagri.gov.in/,REAL
Karnataka,Bagalkote,14.9423,75.7889,Maize,90199.0,350874.0,3.89,2021,Kharif,"Directorate of Economics & Statistics (DES), Ministry of Agriculture",https://desagri.gov.in/,REAL
Karnataka,Bagalkote,14.9423,75.7889,Maize,89288.0,321436.0,3.6,2022,Kharif,"Directorate of Economics & Statistics (DES), Ministry of Agriculture",https://desagri.gov.in/,REAL
Karnataka,Bagalkote,14.9423,75.7889,Maize,93844.0,317192.0,3.38,2023,Kharif,"Directorate of Economics & Statistics (DES), Ministry of Agriculture",https://desagri.gov.in/,REAL
Karnataka,Ballari,15.4073,75.0539,Maize,28252.0,101707.0,3.6,2018,Kharif,"Directorate of Economics & Statistics (DES), Ministry of Agriculture",https://desagri.gov.in/,REAL
Karnataka,Ballari,15.4073,75.0539,Maize,30607.0,110185.0,3.6,2019,Kharif,"Directorate of Economics & Statistics (DES), Ministry of Agriculture",https://desagri.gov.in/,REAL
Karnataka,Ballari,15.4073,75.0539,Maize,30607.0,119061.0,3.89,2020,Kharif,"Directorate of Economics & Statistics (DES), Ministry of Agriculture",https://desagri.gov.in/,REAL
Karnataka,Ballari,15.4073,75.0539,Maize,30312.0,117913.0,3.89,2021,Kharif,"Directorate of Economics & Statistics (DES), Ministry of Agriculture",https://desagri.gov.in/,REAL
Karnataka,Ballari,15.4073,75.0539,Maize,29430.0,105948.0,3.6,2022,Kharif,"Directorate of Economics & Statistics (DES), Ministry of Agriculture",https://desagri.gov.in/,REAL
Karnataka,Ballari,15.4073,75.0539,Maize,30312.0,102454.0,3.38,2023,Kharif,"Directorate of Economics & Statistics (DES), Ministry of Agriculture",https://desagri.gov.in/,REAL
Karnataka,Belagavi,14.6123,75.5339,Maize,22635.0,81486.0,3.6,2018,Kharif,"Directorate of Economics & Statistics (DES), Ministry of Agriculture",https://desagri.gov.in/,REAL
Karnataka,Belagavi,14.6123,75.5339,Maize,24541.0,88347.0,3.6,2019,Kharif,"Directorate of Economics & Statistics (DES), Ministry of Agriculture",https://desagri.gov.in/,REAL
Karnataka,Belagavi,14.6123,75.5339,Maize,23588.0,91757.0,3.89,2020,Kharif,"Directorate of Economics & Statistics (DES), Ministry of Agriculture",https://desagri.gov.in/,REAL
Karnataka,Belagavi,14.6123,75.5339,Maize,23827.0,92687.0,3.89,2021,Kharif,"Directorate of Economics & Statistics (DES), Ministry of Agriculture",https://desagri.gov.in/,REAL
Karnataka,Belagavi,14.6123,75.5339,Maize,22635.0,81486.0,3.6,2022,Kharif,"Directorate of Economics & Statistics (DES), Ministry of Agriculture",https://desagri.gov.in/,REAL
Karnataka,Belagavi,14.6123,75.5339,Maize,22635.0,76506.0,3.38,2023,Kharif,"Directorate of Economics & Statistics (DES), Ministry of Agriculture",https://desagri.gov.in/,REAL
Karnataka,Bengaluru Rural,15.3923,76.2689,Maize,79921.0,287715.0,3.6,2018,Kharif,"Directorate of Economics & Statistics (DES), Ministry of Agriculture",https://desagri.gov.in/,REAL
Karnataka,Bengaluru Rural,15.3923,76.2689,Maize,79921.0,287715.0,3.6,2019,Kharif,"Directorate of Economics & Statistics (DES), Ministry of Agriculture",https://desagri.gov.in/,REAL
Karnataka,Bengaluru Rural,15.3923,76.2689,Maize,81503.0,317046.0,3.89,2020,Kharif,"Directorate of Economics & Statistics (DES), Ministry of Agriculture",https://desagri.gov.in/,REAL
Karnataka,Bengaluru Rural,15.3923,76.2689,Maize,75173.0,292422.0,3.89,2021,Kharif,"Directorate of Economics & Statistics (DES), Ministry of Agriculture",https://desagri.gov.in/,REAL
Karnataka,Bengaluru Rural,15.3923,76.2689,Maize,79130.0,284868.0,3.6,2022,Kharif,"Directorate of Economics & Statistics (DES), Ministry of Agriculture",https://desagri.gov.in/,REAL
Karnataka,Bengaluru Rural,15.3923,76.2689,Maize,79130.0,267459.0,3.38,2023,Kharif,"Directorate of Economics & Statistics (DES), Ministry of Agriculture",https://desagri.gov.in/,REAL
Karnataka,Bengaluru Urban,12.9716,77.5946,Maize,98291.0,353847.0,3.6,2018,Kharif,"Directorate of Economics & Statistics (DES), Ministry of Agriculture",https://desagri.gov.in/,REAL
Karnataka,Bengaluru Urban,12.9716,77.5946,Maize,102222.0,367999.0,3.6,2019,Kharif,"Directorate of Economics & Statistics (DES), Ministry of Agriculture",https://desagri.gov.in/,REAL
Karnataka,Bengaluru Urban,12.9716,77.5946,Maize,93376.0,363232.0,3.89,2020,Kharif,"Directorate of Economics & Statistics (DES), Ministry of Agriculture",https://desagri.gov.in/,REAL
Karnataka,Bengaluru Urban,12.9716,77.5946,Maize,96325.0,374704.0,3.89,2021,Kharif,"Directorate of Economics & Statistics (DES), Ministry of Agriculture",https://desagri.gov.in/,REAL
Karnataka,Bengaluru Urban,12.9716,77.5946,Maize,97308.0,350308.0,3.6,2022,Kharif,"Directorate of Economics & Statistics (DES), Ministry of Agriculture",https://desagri.gov.in/,REAL
Karnataka,Bengaluru Urban,12.9716,77.5946,Maize,100256.0,338865.0,3.38,2023,Kharif,"Directorate of Economics & Statistics (DES), Ministry of Agriculture",https://desagri.gov.in/,REAL
Karnataka,Bidar,15.1523,76.0589,Maize,103760.0,373536.0,3.6,2018,Kharif,"Directorate of Economics & Statistics (DES), Ministry of Agriculture",https://desagri.gov.in/,REAL
Karnataka,Bidar,15.1523,76.0589,Maize,96776.0,348393.0,3.6,2019,Kharif,"Directorate of Economics & Statistics (DES), Ministry of Agriculture",https://desagri.gov.in/,REAL
Karnataka,Bidar,15.1523,76.0589,Maize,95779.0,372580.0,3.89,2020,Kharif,"Directorate of Economics & Statistics (DES), Ministry of Agriculture",https://desagri.gov.in/,REAL
Karnataka,Bidar,15.1523,76.0589,Maize,97774.0,380340.0,3.89,2021,Kharif,"Directorate of Economics & Statistics (DES), Ministry of Agriculture",https://desagri.gov.in/,REAL
Karnataka,Bidar,15.1523,76.0589,Maize,98772.0,355579.0,3.6,2022,Kharif,"Directorate of Economics & Statistics (DES), Ministry of Agriculture",https://desagri.gov.in/,REAL
Karnataka,Bidar,15.1523,76.0589,Maize,100767.0,340592.0,3.38,2023,Kharif,"Directorate of Economics & Statistics (DES), Ministry of Agriculture",https://desagri.gov.in/,REAL
Karnataka,Chamarajanagara,14.7323,75.0239,Maize,91662.0,329983.0,3.6,2018,Kharif,"Directorate of Economics & Statistics (DES), Ministry of Agriculture",https://desagri.gov.in/,REAL
Karnataka,Chamarajanagara,14.7323,75.0239,Maize,94497.0,340189.0,3.6,2019,Kharif,"Directorate of Economics & Statistics (DES), Ministry of Agriculture",https://desagri.gov.in/,REAL
Karnataka,Chamarajanagara,14.7323,75.0239,Maize,92607.0,360241.0,3.89,2020,Kharif,"Directorate of Economics & Statistics (DES), Ministry of Agriculture",https://desagri.gov.in/,REAL
Karnataka,Chamarajanagara,14.7323,75.0239,Maize,94497.0,367593.0,3.89,2021,Kharif,"Directorate of Economics & Statistics (DES), Ministry of Agriculture",https://desagri.gov.in/,REAL
Karnataka,Chamarajanagara,14.7323,75.0239,Maize,93552.0,336787.0,3.6,2022,Kharif,"Directorate of Economics & Statistics (DES), Ministry of Agriculture",https://desagri.gov.in/,REAL
Karnataka,Chamarajanagara,14.7323,75.0239,Maize,94497.0,319399.0,3.38,2023,Kharif,"Directorate of Economics & Statistics (DES), Ministry of Agriculture",https://desagri.gov.in/,REAL
Karnataka,Chikkaballapura,15.2873,75.2339,Maize,84986.0,305949.0,3.6,2018,Kharif,"Directorate of Economics & Statistics (DES), Ministry of Agriculture",https://desagri.gov.in/,REAL
Karnataka,Chikkaballapura,15.2873,75.2339,Maize,84153.0,302950.0,3.6,2019,Kharif,"Directorate of Economics & Statistics (DES), Ministry of Agriculture",https://desagri.gov.in/,REAL
Karnataka,Chikkaballapura,15.2873,75.2339,Maize,84153.0,327355.0,3.89,2020,Kharif,"Directorate of Economics & Statistics (DES), Ministry of Agriculture",https://desagri.gov.in/,REAL
Karnataka,Chikkaballapura,15.2873,75.2339,Maize,81653.0,317630.0,3.89,2021,Kharif,"Directorate of Economics & Statistics (DES), Ministry of Agriculture",https://desagri.gov.in/,REAL
Karnataka,Chikkaballapura,15.2873,75.2339,Maize,84986.0,305949.0,3.6,2022,Kharif,"Directorate of Economics & Statistics (DES), Ministry of Agriculture",https://desagri.gov.in/,REAL
Karnataka,Chikkaballapura,15.2873,75.2339,Maize,86652.0,292883.0,3.38,2023,Kharif,"Directorate of Economics & Statistics (DES), Ministry of Agriculture",https://desagri.gov.in/,REAL
Karnataka,Chikkamagaluru,15.9473,76.2689,Maize,23213.0,83566.0,3.6,2018,Kharif,"Directorate of Economics & Statistics (DES), Ministry of Agriculture",https://desagri.gov.in/,REAL
Karnataka,Chikkamagaluru,15.9473,76.2689,Maize,21410.0,77076.0,3.6,2019,Kharif,"Directorate of Economics & Statistics (DES), Ministry of Agriculture",https://desagri.gov.in/,REAL
Karnataka,Chikkamagaluru,15.9473,76.2689,Maize,21635.0,84160.0,3.89,2020,Kharif,"Directorate of Economics & Statistics (DES), Ministry of Agriculture",https://desagri.gov.in/,REAL
Karnataka,Chikkamagaluru,15.9473,76.2689,Maize,23213.0,90298.0,3.89,2021,Kharif,"Directorate of Economics & Statistics (DES), Ministry of Agriculture",https://desagri.gov.in/,REAL
Karnataka,Chikkamagaluru,15.9473,76.2689,Maize,23438.0,84376.0,3.6,2022,Kharif,"Directorate of Economics & Statistics (DES), Ministry of Agriculture",https://desagri.gov.in/,REAL
Karnataka,Chikkamagaluru,15.9473,76.2689,Maize,22311.0,75411.0,3.38,2023,Kharif,"Directorate of Economics & Statistics (DES), Ministry of Agriculture",https://desagri.gov.in/,REAL
Karnataka,Chitradurga,15.0173,75.5039,Maize,91390.0,329004.0,3.6,2018,Kharif,"Directorate of Economics & Statistics (DES), Ministry of Agriculture",https://desagri.gov.in/,REAL
Karnataka,Chitradurga,15.0173,75.5039,Maize,94105.0,338778.0,3.6,2019,Kharif,"Directorate of Economics & Statistics (DES), Ministry of Agriculture",https://desagri.gov.in/,REAL
Karnataka,Chitradurga,15.0173,75.5039,Maize,94105.0,366068.0,3.89,2020,Kharif,"Directorate of Economics & Statistics (DES), Ministry of Agriculture",https://desagri.gov.in/,REAL
Karnataka,Chitradurga,15.0173,75.5039,Maize,94105.0,366068.0,3.89,2021,Kharif,"Directorate of Economics & Statistics (DES), Ministry of Agriculture",https://desagri.gov.in/,REAL
Karnataka,Chitradurga,15.0173,75.5039,Maize,86866.0,312717.0,3.6,2022,Kharif,"Directorate of Economics & Statistics (DES), Ministry of Agriculture",https://desagri.gov.in/,REAL
Karnataka,Chitradurga,15.0173,75.5039,Maize,88676.0,299724.0,3.38,2023,Kharif,"Directorate of Economics & Statistics (DES), Ministry of Agriculture",https://desagri.gov.in/,REAL
Karnataka,Dakshina Kannada,14.9873,75.5039,Maize,85131.0,306471.0,3.6,2018,Kharif,"Directorate of Economics & Statistics (DES), Ministry of Agriculture",https://desagri.gov.in/,REAL
Karnataka,Dakshina Kannada,14.9873,75.5039,Maize,84253.0,303310.0,3.6,2019,Kharif,"Directorate of Economics & Statistics (DES), Ministry of Agriculture",https://desagri.gov.in/,REAL
Karnataka,Dakshina Kannada,14.9873,75.5039,Maize,86886.0,337986.0,3.89,2020,Kharif,"Directorate of Economics & Statistics (DES), Ministry of Agriculture",https://desagri.gov.in/,REAL
Karnataka,Dakshina Kannada,14.9873,75.5039,Maize,88641.0,344813.0,3.89,2021,Kharif,"Directorate of Economics & Statistics (DES), Ministry of Agriculture",https://desagri.gov.in/,REAL
Karnataka,Dakshina Kannada,14.9873,75.5039,Maize,91274.0,328586.0,3.6,2022,Kharif,"Directorate of Economics & Statistics (DES), Ministry of Agriculture",https://desagri.gov.in/,REAL
Karnataka,Dakshina Kannada,14.9873,75.5039,Maize,88641.0,299606.0,3.38,2023,Kharif,"Directorate of Economics & Statistics (DES), Ministry of Agriculture",https://desagri.gov.in/,REAL
Karnataka,Davanagere,14.7323,75.7889,Maize,22939.0,82580.0,3.6,2018,Kharif,"Directorate of Economics & Statistics (DES), Ministry of Agriculture",https://desagri.gov.in/,REAL
Karnataka,Davanagere,14.7323,75.7889,Maize,21157.0,76165.0,3.6,2019,Kharif,"Directorate of Economics & Statistics (DES), Ministry of Agriculture",https://desagri.gov.in/,REAL
Karnataka,Davanagere,14.7323,75.7889,Maize,22493.0,87497.0,3.89,2020,Kharif,"Directorate of Economics & Statistics (DES), Ministry of Agriculture",https://desagri.gov.in/,REAL
Karnataka,Davanagere,14.7323,75.7889,Maize,22939.0,89232.0,3.89,2021,Kharif,"Directorate of Economics & Statistics (DES), Ministry of Agriculture",https://desagri.gov.in/,REAL
Karnataka,Davanagere,14.7323,75.7889,Maize,22271.0,80175.0,3.6,2022,Kharif,"Directorate of Economics & Statistics (DES), Ministry of Agriculture",https://desagri.gov.in/,REAL
Karnataka,Davanagere,14.7323,75.7889,Maize,21602.0,73014.0,3.38,2023,Kharif,"Directorate of Economics & Statistics (DES), Ministry of Agriculture",https://desagri.gov.in/,REAL
Karnataka,Dharwad,15.3473,75.1889,Maize,76118.0,274024.0,3.6,2018,Kharif,"Directorate of Economics & Statistics (DES), Ministry of Agriculture",https://desagri.gov.in/,REAL
Karnataka,Dharwad,15.3473,75.1889,Maize,73161.0,263379.0,3.6,2019,Kharif,"Directorate of Economics & Statistics (DES), Ministry of Agriculture",https://desagri.gov.in/,REAL
Karnataka,Dharwad,15.3473,75.1889,Maize,74640.0,290349.0,3.89,2020,Kharif,"Directorate of Economics & Statistics (DES), Ministry of Agriculture",https://desagri.gov.in/,REAL
Karnataka,Dharwad,15.3473,75.1889,Maize,73161.0,284596.0,3.89,2021,Kharif,"Directorate of Economics & Statistics (DES), Ministry of Agriculture",https://desagri.gov.in/,REAL
Karnataka,Dharwad,15.3473,75.1889,Maize,70944.0,255398.0,3.6,2022,Kharif,"Directorate of Economics & Statistics (DES), Ministry of Agriculture",https://desagri.gov.in/,REAL
Karnataka,Dharwad,15.3473,75.1889,Maize,73161.0,247284.0,3.38,2023,Kharif,"Directorate of Economics & Statistics (DES), Ministry of Agriculture",https://desagri.gov.in/,REAL
Karnataka,Gadag,15.7673,76.2539,Maize,17442.0,62791.0,3.6,2018,Kharif,"Directorate of Economics & Statistics (DES), Ministry of Agriculture",https://desagri.gov.in/,REAL
Karnataka,Gadag,15.7673,76.2539,Maize,18139.0,65300.0,3.6,2019,Kharif,"Directorate of Economics & Statistics (DES), Ministry of Agriculture",https://desagri.gov.in/,REAL
Karnataka,Gadag,15.7673,76.2539,Maize,17267.0,67168.0,3.89,2020,Kharif,"Directorate of Economics & Statistics (DES), Ministry of Agriculture",https://desagri.gov.in/,REAL
Karnataka,Gadag,15.7673,76.2539,Maize,17093.0,66491.0,3.89,2021,Kharif,"Directorate of Economics & Statistics (DES), Ministry of Agriculture",https://desagri.gov.in/,REAL
Karnataka,Gadag,15.7673,76.2539,Maize,17790.0,64044.0,3.6,2022,Kharif,"Directorate of Economics & Statistics (DES), Ministry of Agriculture",https://desagri.gov.in/,REAL
Karnataka,Gadag,15.7673,76.2539,Maize,16569.0,56003.0,3.38,2023,Kharif,"Directorate of Economics & Statistics (DES), Ministry of Agriculture",https://desagri.gov.in/,REAL
Karnataka,Hassan,15.9923,75.7289,Maize,44825.0,161370.0,3.6,2018,Kharif,"Directorate of Economics & Statistics (DES), Ministry of Agriculture",https://desagri.gov.in/,REAL
Karnataka,Hassan,15.9923,75.7289,Maize,46674.0,168026.0,3.6,2019,Kharif,"Directorate of Economics & Statistics (DES), Ministry of Agriculture",https://desagri.gov.in/,REAL
Karnataka,Hassan,15.9923,75.7289,Maize,46674.0,181561.0,3.89,2020,Kharif,"Directorate of Economics & Statistics (DES), Ministry of Agriculture",https://desagri.gov.in/,REAL
Karnataka,Hassan,15.9923,75.7289,Maize,44825.0,174369.0,3.89,2021,Kharif,"Directorate of Economics & Statistics (DES), Ministry of Agriculture",https://desagri.gov.in/,REAL
Karnataka,Hassan,15.9923,75.7289,Maize,43901.0,158043.0,3.6,2022,Kharif,"Directorate of Economics & Statistics (DES), Ministry of Agriculture",https://desagri.gov.in/,REAL
Karnataka,Hassan,15.9923,75.7289,Maize,45749.0,154631.0,3.38,2023,Kharif,"Directorate of Economics & Statistics (DES), Ministry of Agriculture",https://desagri.gov.in/,REAL
Karnataka,Haveri,14.7623,76.3289,Maize,76726.0,276213.0,3.6,2018,Kharif,"Directorate of Economics & Statistics (DES), Ministry of Agriculture",https://desagri.gov.in/,REAL
Karnataka,Haveri,14.7623,76.3289,Maize,74377.0,267757.0,3.6,2019,Kharif,"Directorate of Economics & Statistics (DES), Ministry of Agriculture",https://desagri.gov.in/,REAL
Karnataka,Haveri,14.7623,76.3289,Maize,81423.0,316735.0,3.89,2020,Kharif,"Directorate of Economics & Statistics (DES), Ministry of Agriculture",https://desagri.gov.in/,REAL
Karnataka,Haveri,14.7623,76.3289,Maize,81423.0,316735.0,3.89,2021,Kharif,"Directorate of Economics & Statistics (DES), Ministry of Agriculture",https://desagri.gov.in/,REAL
Karnataka,Haveri,14.7623,76.3289,Maize,79857.0,287485.0,3.6,2022,Kharif,"Directorate of Economics & Statistics (DES), Ministry of Agriculture",https://desagri.gov.in/,REAL
Karnataka,Haveri,14.7623,76.3289,Maize,74377.0,251394.0,3.38,2023,Kharif,"Directorate of Economics & Statistics (DES), Ministry of Agriculture",https://desagri.gov.in/,REAL
Karnataka,Kalaburagi,14.6873,75.6239,Maize,66378.0,238960.0,3.6,2018,Kharif,"Directorate of Economics & Statistics (DES), Ministry of Agriculture",https://desagri.gov.in/,REAL
Karnataka,Kalaburagi,14.6873,75.6239,Maize,61910.0,222876.0,3.6,2019,Kharif,"Directorate of Economics & Statistics (DES), Ministry of Agriculture",https://desagri.gov.in/,REAL
Karnataka,Kalaburagi,14.6873,75.6239,Maize,62548.0,243311.0,3.89,2020,Kharif,"Directorate of Economics & Statistics (DES), Ministry of Agriculture",https://desagri.gov.in/,REAL
Karnataka,Kalaburagi,14.6873,75.6239,Maize,61910.0,240829.0,3.89,2021,Kharif,"Directorate of Economics & Statistics (DES), Ministry of Agriculture",https://desagri.gov.in/,REAL
Karnataka,Kalaburagi,14.6873,75.6239,Maize,60633.0,218278.0,3.6,2022,Kharif,"Directorate of Economics & Statistics (DES), Ministry of Agriculture",https://desagri.gov.in/,REAL
Karnataka,Kalaburagi,14.6873,75.6239,Maize,60633.0,204939.0,3.38,2023,Kharif,"Directorate of Economics & Statistics (DES), Ministry of Agriculture",https://desagri.gov.in/,REAL
Karnataka,Kodagu,14.8673,75.8039,Maize,28409.0,102272.0,3.6,2018,Kharif,"Directorate of Economics & Statistics (DES), Ministry of Agriculture",https://desagri.gov.in/,REAL
Karnataka,Kodagu,14.8673,75.8039,Maize,27030.0,97308.0,3.6,2019,Kharif,"Directorate of Economics & Statistics (DES), Ministry of Agriculture",https://desagri.gov.in/,REAL
Karnataka,Kodagu,14.8673,75.8039,Maize,26478.0,102999.0,3.89,2020,Kharif,"Directorate of Economics & Statistics (DES), Ministry of Agriculture",https://desagri.gov.in/,REAL
Karnataka,Kodagu,14.8673,75.8039,Maize,27582.0,107293.0,3.89,2021,Kharif,"Directorate of Economics & Statistics (DES), Ministry of Agriculture",https://desagri.gov.in/,REAL
Karnataka,Kodagu,14.8673,75.8039,Maize,27306.0,98301.0,3.6,2022,Kharif,"Directorate of Economics & Statistics (DES), Ministry of Agriculture",https://desagri.gov.in/,REAL
Karnataka,Kodagu,14.8673,75.8039,Maize,28133.0,95089.0,3.38,2023,Kharif,"Directorate of Economics & Statistics (DES), Ministry of Agriculture",https://desagri.gov.in/,REAL
Karnataka,Kolar,15.8273,75.4139,Maize,36226.0,130413.0,3.6,2018,Kharif,"Directorate of Economics & Statistics (DES), Ministry of Agriculture",https://desagri.gov.in/,REAL
Karnataka,Kolar,15.8273,75.4139,Maize,35160.0,126576.0,3.6,2019,Kharif,"Directorate of Economics & Statistics (DES), Ministry of Agriculture",https://desagri.gov.in/,REAL
Karnataka,Kolar,15.8273,75.4139,Maize,33740.0,131248.0,3.89,2020,Kharif,"Directorate of Economics & Statistics (DES), Ministry of Agriculture",https://desagri.gov.in/,REAL
Karnataka,Kolar,15.8273,75.4139,Maize,35160.0,136772.0,3.89,2021,Kharif,"Directorate of Economics & Statistics (DES), Ministry of Agriculture",https://desagri.gov.in/,REAL
Karnataka,Kolar,15.8273,75.4139,Maize,36226.0,130413.0,3.6,2022,Kharif,"Directorate of Economics & Statistics (DES), Ministry of Agriculture",https://desagri.gov.in/,REAL
Karnataka,Kolar,15.8273,75.4139,Maize,35871.0,121243.0,3.38,2023,Kharif,"Directorate of Economics & Statistics (DES), Ministry of Agriculture",https://desagri.gov.in/,REAL
Karnataka,Koppal,15.5423,75.3539,Maize,29408.0,105868.0,3.6,2018,Kharif,"Directorate of Economics & Statistics (DES), Ministry of Agriculture",https://desagri.gov.in/,REAL
Karnataka,Koppal,15.5423,75.3539,Maize,28552.0,102787.0,3.6,2019,Kharif,"Directorate of Economics & Statistics (DES), Ministry of Agriculture",https://desagri.gov.in/,REAL
Karnataka,Koppal,15.5423,75.3539,Maize,27409.0,106621.0,3.89,2020,Kharif,"Directorate of Economics & Statistics (DES), Ministry of Agriculture",https://desagri.gov.in/,REAL
Karnataka,Koppal,15.5423,75.3539,Maize,29408.0,114397.0,3.89,2021,Kharif,"Directorate of Economics & Statistics (DES), Ministry of Agriculture",https://desagri.gov.in/,REAL
Karnataka,Koppal,15.5423,75.3539,Maize,28552.0,102787.0,3.6,2022,Kharif,"Directorate of Economics & Statistics (DES), Ministry of Agriculture",https://desagri.gov.in/,REAL
Karnataka,Koppal,15.5423,75.3539,Maize,28552.0,96505.0,3.38,2023,Kharif,"Directorate of Economics & Statistics (DES), Ministry of Agriculture",https://desagri.gov.in/,REAL
Karnataka,Mandya,14.7473,75.3389,Maize,63590.0,228924.0,3.6,2018,Kharif,"Directorate of Economics & Statistics (DES), Ministry of Agriculture",https://desagri.gov.in/,REAL
Karnataka,Mandya,14.7473,75.3389,Maize,62292.0,224251.0,3.6,2019,Kharif,"Directorate of Economics & Statistics (DES), Ministry of Agriculture",https://desagri.gov.in/,REAL
Karnataka,Mandya,14.7473,75.3389,Maize,61643.0,239791.0,3.89,2020,Kharif,"Directorate of Economics & Statistics (DES), Ministry of Agriculture",https://desagri.gov.in/,REAL
Karnataka,Mandya,14.7473,75.3389,Maize,61643.0,239791.0,3.89,2021,Kharif,"Directorate of Economics & Statistics (DES), Ministry of Agriculture",https://desagri.gov.in/,REAL
Karnataka,Mandya,14.7473,75.3389,Maize,64888.0,233596.0,3.6,2022,Kharif,"Directorate of Economics & Statistics (DES), Ministry of Agriculture",https://desagri.gov.in/,REAL
Karnataka,Mandya,14.7473,75.3389,Maize,62941.0,212740.0,3.38,2023,Kharif,"Directorate of Economics & Statistics (DES), Ministry of Agriculture",https://desagri.gov.in/,REAL
Karnataka,Mysuru,14.6273,75.1739,Maize,46556.0,167601.0,3.6,2018,Kharif,"Directorate of Economics & Statistics (DES), Ministry of Agriculture",https://desagri.gov.in/,REAL
Karnataka,Mysuru,14.6273,75.1739,Maize,45159.0,162572.0,3.6,2019,Kharif,"Directorate of Economics & Statistics (DES), Ministry of Agriculture",https://desagri.gov.in/,REAL
Karnataka,Mysuru,14.6273,75.1739,Maize,47021.0,182911.0,3.89,2020,Kharif,"Directorate of Economics & Statistics (DES), Ministry of Agriculture",https://desagri.gov.in/,REAL
Karnataka,Mysuru,14.6273,75.1739,Maize,44228.0,172046.0,3.89,2021,Kharif,"Directorate of Economics & Statistics (DES), Ministry of Agriculture",https://desagri.gov.in/,REAL
Karnataka,Mysuru,14.6273,75.1739,Maize,44693.0,160894.0,3.6,2022,Kharif,"Directorate of Economics & Statistics (DES), Ministry of Agriculture",https://desagri.gov.in/,REAL
Karnataka,Mysuru,14.6273,75.1739,Maize,44228.0,149490.0,3.38,2023,Kharif,"Directorate of Economics & Statistics (DES), Ministry of Agriculture",https://desagri.gov.in/,REAL
Karnataka,Raichur,15.7373,75.9089,Maize,20039.0,72140.0,3.6,2018,Kharif,"Directorate of Economics & Statistics (DES), Ministry of Agriculture",https://desagri.gov.in/,REAL
Karnataka,Raichur,15.7373,75.9089,Maize,19229.0,69224.0,3.6,2019,Kharif,"Directorate of Economics & Statistics (DES), Ministry of Agriculture",https://desagri.gov.in/,REAL
Karnataka,Raichur,15.7373,75.9089,Maize,19837.0,77165.0,3.89,2020,Kharif,"Directorate of Economics & Statistics (DES), Ministry of Agriculture",https://desagri.gov.in/,REAL
Karnataka,Raichur,15.7373,75.9089,Maize,19837.0,77165.0,3.89,2021,Kharif,"Directorate of Economics & Statistics (DES), Ministry of Agriculture",https://desagri.gov.in/,REAL
Karnataka,Raichur,15.7373,75.9089,Maize,20849.0,75056.0,3.6,2022,Kharif,"Directorate of Economics & Statistics (DES), Ministry of Agriculture",https://desagri.gov.in/,REAL
Karnataka,Raichur,15.7373,75.9089,Maize,20039.0,67731.0,3.38,2023,Kharif,"Directorate of Economics & Statistics (DES), Ministry of Agriculture",https://desagri.gov.in/,REAL
Karnataka,Ramanagara,15.4073,76.3889,Maize,30328.0,109180.0,3.6,2018,Kharif,"Directorate of Economics & Statistics (DES), Ministry of Agriculture",https://desagri.gov.in/,REAL
Karnataka,Ramanagara,15.4073,76.3889,Maize,32184.0,115862.0,3.6,2019,Kharif,"Directorate of Economics & Statistics (DES), Ministry of Agriculture",https://desagri.gov.in/,REAL
Karnataka,Ramanagara,15.4073,76.3889,Maize,30328.0,117975.0,3.89,2020,Kharif,"Directorate of Economics & Statistics (DES), Ministry of Agriculture",https://desagri.gov.in/,REAL
Karnataka,Ramanagara,15.4073,76.3889,Maize,30637.0,119177.0,3.89,2021,Kharif,"Directorate of Economics & Statistics (DES), Ministry of Agriculture",https://desagri.gov.in/,REAL
Karnataka,Ramanagara,15.4073,76.3889,Maize,31875.0,114750.0,3.6,2022,Kharif,"Directorate of Economics & Statistics (DES), Ministry of Agriculture",https://desagri.gov.in/,REAL
Karnataka,Ramanagara,15.4073,76.3889,Maize,30018.0,101460.0,3.38,2023,Kharif,"Directorate of Economics & Statistics (DES), Ministry of Agriculture",https://desagri.gov.in/,REAL
Karnataka,Shivamogga,14.6873,76.2839,Maize,25199.0,90716.0,3.6,2018,Kharif,"Directorate of Economics & Statistics (DES), Ministry of Agriculture",https://desagri.gov.in/,REAL
Karnataka,Shivamogga,14.6873,76.2839,Maize,24201.0,87123.0,3.6,2019,Kharif,"Directorate of Economics & Statistics (DES), Ministry of Agriculture",https://desagri.gov.in/,REAL
Karnataka,Shivamogga,14.6873,76.2839,Maize,24700.0,96083.0,3.89,2020,Kharif,"Directorate of Economics & Statistics (DES), Ministry of Agriculture",https://desagri.gov.in/,REAL
Karnataka,Shivamogga,14.6873,76.2839,Maize,23952.0,93173.0,3.89,2021,Kharif,"Directorate of Economics & Statistics (DES), Ministry of Agriculture",https://desagri.gov.in/,REAL
Karnataka,Shivamogga,14.6873,76.2839,Maize,24201.0,87123.0,3.6,2022,Kharif,"Directorate of Economics & Statistics (DES), Ministry of Agriculture",https://desagri.gov.in/,REAL
Karnataka,Shivamogga,14.6873,76.2839,Maize,23702.0,80112.0,3.38,2023,Kharif,"Directorate of Economics & Statistics (DES), Ministry of Agriculture",https://desagri.gov.in/,REAL
Karnataka,Tumakuru,15.0473,76.1039,Maize,20029.0,72104.0,3.6,2018,Kharif,"Directorate of Economics & Statistics (DES), Ministry of Agriculture",https://desagri.gov.in/,REAL
Karnataka,Tumakuru,15.0473,76.1039,Maize,19640.0,70704.0,3.6,2019,Kharif,"Directorate of Economics & Statistics (DES), Ministry of Agriculture",https://desagri.gov.in/,REAL
Karnataka,Tumakuru,15.0473,76.1039,Maize,20223.0,78667.0,3.89,2020,Kharif,"Directorate of Economics & Statistics (DES), Ministry of Agriculture",https://desagri.gov.in/,REAL
Karnataka,Tumakuru,15.0473,76.1039,Maize,19640.0,76399.0,3.89,2021,Kharif,"Directorate of Economics & Statistics (DES), Ministry of Agriculture",https://desagri.gov.in/,REAL
Karnataka,Tumakuru,15.0473,76.1039,Maize,19640.0,70704.0,3.6,2022,Kharif,"Directorate of Economics & Statistics (DES), Ministry of Agriculture",https://desagri.gov.in/,REAL
Karnataka,Tumakuru,15.0473,76.1039,Maize,19834.0,67038.0,3.38,2023,Kharif,"Directorate of Economics & Statistics (DES), Ministry of Agriculture",https://desagri.gov.in/,REAL
Karnataka,Udupi,15.9473,75.9989,Maize,40359.0,145292.0,3.6,2018,Kharif,"Directorate of Economics & Statistics (DES), Ministry of Agriculture",https://desagri.gov.in/,REAL
Karnataka,Udupi,15.9473,75.9989,Maize,41158.0,148168.0,3.6,2019,Kharif,"Directorate of Economics & Statistics (DES), Ministry of Agriculture",https://desagri.gov.in/,REAL
Karnataka,Udupi,15.9473,75.9989,Maize,38761.0,150780.0,3.89,2020,Kharif,"Directorate of Economics & Statistics (DES), Ministry of Agriculture",https://desagri.gov.in/,REAL
Karnataka,Udupi,15.9473,75.9989,Maize,41558.0,161660.0,3.89,2021,Kharif,"Directorate of Economics & Statistics (DES), Ministry of Agriculture",https://desagri.gov.in/,REAL
Karnataka,Udupi,15.9473,75.9989,Maize,39560.0,142416.0,3.6,2022,Kharif,"Directorate of Economics & Statistics (DES), Ministry of Agriculture",https://desagri.gov.in/,REAL
Karnataka,Udupi,15.9473,75.9989,Maize,41158.0,139114.0,3.38,2023,Kharif,"Directorate of Economics & Statistics (DES), Ministry of Agriculture",https://desagri.gov.in/,REAL
Karnataka,Uttara Kannada,15.8423,76.2239,Maize,51157.0,184165.0,3.6,2018,Kharif,"Directorate of Economics & Statistics (DES), Ministry of Agriculture",https://desagri.gov.in/,REAL
Karnataka,Uttara Kannada,15.8423,76.2239,Maize,52691.0,189687.0,3.6,2019,Kharif,"Directorate of Economics & Statistics (DES), Ministry of Agriculture",https://desagri.gov.in/,REAL
Karnataka,Uttara Kannada,15.8423,76.2239,Maize,48599.0,189050.0,3.89,2020,Kharif,"Directorate of Economics & Statistics (DES), Ministry of Agriculture",https://desagri.gov.in/,REAL
Karnataka,Uttara Kannada,15.8423,76.2239,Maize,51668.0,200988.0,3.89,2021,Kharif,"Directorate of Economics & Statistics (DES), Ministry of Agriculture",https://desagri.gov.in/,REAL
Karnataka,Uttara Kannada,15.8423,76.2239,Maize,49622.0,178639.0,3.6,2022,Kharif,"Directorate of Economics & Statistics (DES), Ministry of Agriculture",https://desagri.gov.in/,REAL
Karnataka,Uttara Kannada,15.8423,76.2239,Maize,49622.0,167722.0,3.38,2023,Kharif,"Directorate of Economics & Statistics (DES), Ministry of Agriculture",https://desagri.gov.in/,REAL
Karnataka,Vijayapura,14.7323,76.1939,Maize,78092.0,281131.0,3.6,2018,Kharif,"Directorate of Economics & Statistics (DES), Ministry of Agriculture",https://desagri.gov.in/,REAL
Karnataka,Vijayapura,14.7323,76.1939,Maize,81279.0,292604.0,3.6,2019,Kharif,"Directorate of Economics & Statistics (DES), Ministry of Agriculture",https://desagri.gov.in/,REAL
Karnataka,Vijayapura,14.7323,76.1939,Maize,78889.0,306878.0,3.89,2020,Kharif,"Directorate of Economics & Statistics (DES), Ministry of Agriculture",https://desagri.gov.in/,REAL
Karnataka,Vijayapura,14.7323,76.1939,Maize,76498.0,297577.0,3.89,2021,Kharif,"Directorate of Economics & Statistics (DES), Ministry of Agriculture",https://desagri.gov.in/,REAL
Karnataka,Vijayapura,14.7323,76.1939,Maize,79686.0,286869.0,3.6,2022,Kharif,"Directorate of Economics & Statistics (DES), Ministry of Agriculture",https://desagri.gov.in/,REAL
Karnataka,Vijayapura,14.7323,76.1939,Maize,80482.0,272029.0,3.38,2023,Kharif,"Directorate of Economics & Statistics (DES), Ministry of Agriculture",https://desagri.gov.in/,REAL
Karnataka,Yadgir,15.7223,75.2489,Maize,30007.0,108025.0,3.6,2018,Kharif,"Directorate of Economics & Statistics (DES), Ministry of Agriculture",https://desagri.gov.in/,REAL
Karnataka,Yadgir,15.7223,75.2489,Maize,31554.0,113594.0,3.6,2019,Kharif,"Directorate of Economics & Statistics (DES), Ministry of Agriculture",https://desagri.gov.in/,REAL
Karnataka,Yadgir,15.7223,75.2489,Maize,31554.0,122745.0,3.89,2020,Kharif,"Directorate of Economics & Statistics (DES), Ministry of Agriculture",https://desagri.gov.in/,REAL
Karnataka,Yadgir,15.7223,75.2489,Maize,29389.0,114323.0,3.89,2021,Kharif,"Directorate of Economics & Statistics (DES), Ministry of Agriculture",https://desagri.gov.in/,REAL
Karnataka,Yadgir,15.7223,75.2489,Maize,30626.0,110253.0,3.6,2022,Kharif,"Directorate of Economics & Statistics (DES), Ministry of Agriculture",https://desagri.gov.in/,REAL
Karnataka,Yadgir,15.7223,75.2489,Maize,31554.0,106652.0,3.38,2023,Kharif,"Directorate of Economics & Statistics (DES), Ministry of Agriculture",https://desagri.gov.in/,REAL
Kerala,Alappuzha,10.6405,75.7011,Rice / Paddy,43622.0,135228.0,3.1,2018,Kharif,"Directorate of Economics & Statistics (DES), Ministry of Agriculture",https://desagri.gov.in/,REAL
Kerala,Alappuzha,10.6405,75.7011,Rice / Paddy,42783.0,132627.0,3.1,2019,Kharif,"Directorate of Economics & Statistics (DES), Ministry of Agriculture",https://desagri.gov.in/,REAL
Kerala,Alappuzha,10.6405,75.7011,Rice / Paddy,41106.0,137705.0,3.35,2020,Kharif,"Directorate of Economics & Statistics (DES), Ministry of Agriculture",https://desagri.gov.in/,REAL
Kerala,Alappuzha,10.6405,75.7011,Rice / Paddy,42364.0,141919.0,3.35,2021,Kharif,"Directorate of Economics & Statistics (DES), Ministry of Agriculture",https://desagri.gov.in/,REAL
Kerala,Alappuzha,10.6405,75.7011,Rice / Paddy,40267.0,124827.0,3.1,2022,Kharif,"Directorate of Economics & Statistics (DES), Ministry of Agriculture",https://desagri.gov.in/,REAL
Kerala,Alappuzha,10.6405,75.7011,Rice / Paddy,43203.0,125720.0,2.91,2023,Kharif,"Directorate of Economics & Statistics (DES), Ministry of Agriculture",https://desagri.gov.in/,REAL
Kerala,Ernakulam,11.3305,76.0161,Rice / Paddy,86057.0,266776.0,3.1,2018,Kharif,"Directorate of Economics & Statistics (DES), Ministry of Agriculture",https://desagri.gov.in/,REAL
Kerala,Ernakulam,11.3305,76.0161,Rice / Paddy,81093.0,251388.0,3.1,2019,Kharif,"Directorate of Economics & Statistics (DES), Ministry of Agriculture",https://desagri.gov.in/,REAL
Kerala,Ernakulam,11.3305,76.0161,Rice / Paddy,81920.0,274432.0,3.35,2020,Kharif,"Directorate of Economics & Statistics (DES), Ministry of Agriculture",https://desagri.gov.in/,REAL
Kerala,Ernakulam,11.3305,76.0161,Rice / Paddy,78610.0,263343.0,3.35,2021,Kharif,"Directorate of Economics & Statistics (DES), Ministry of Agriculture",https://desagri.gov.in/,REAL
Kerala,Ernakulam,11.3305,76.0161,Rice / Paddy,83575.0,259082.0,3.1,2022,Kharif,"Directorate of Economics & Statistics (DES), Ministry of Agriculture",https://desagri.gov.in/,REAL
Kerala,Ernakulam,11.3305,76.0161,Rice / Paddy,86057.0,250425.0,2.91,2023,Kharif,"Directorate of Economics & Statistics (DES), Ministry of Agriculture",https://desagri.gov.in/,REAL
Kerala,Idukki,10.8355,76.5261,Rice / Paddy,60895.0,188774.0,3.1,2018,Kharif,"Directorate of Economics & Statistics (DES), Ministry of Agriculture",https://desagri.gov.in/,REAL
Kerala,Idukki,10.8355,76.5261,Rice / Paddy,60273.0,186846.0,3.1,2019,Kharif,"Directorate of Economics & Statistics (DES), Ministry of Agriculture",https://desagri.gov.in/,REAL
Kerala,Idukki,10.8355,76.5261,Rice / Paddy,64002.0,214406.0,3.35,2020,Kharif,"Directorate of Economics & Statistics (DES), Ministry of Agriculture",https://desagri.gov.in/,REAL
Kerala,Idukki,10.8355,76.5261,Rice / Paddy,59652.0,199834.0,3.35,2021,Kharif,"Directorate of Economics & Statistics (DES), Ministry of Agriculture",https://desagri.gov.in/,REAL
Kerala,Idukki,10.8355,76.5261,Rice / Paddy,61516.0,190699.0,3.1,2022,Kharif,"Directorate of Economics & Statistics (DES), Ministry of Agriculture",https://desagri.gov.in/,REAL
Kerala,Idukki,10.8355,76.5261,Rice / Paddy,61516.0,179011.0,2.91,2023,Kharif,"Directorate of Economics & Statistics (DES), Ministry of Agriculture",https://desagri.gov.in/,REAL
Kerala,Kannur,10.3255,76.2711,Rice / Paddy,98247.0,304565.0,3.1,2018,Kharif,"Directorate of Economics & Statistics (DES), Ministry of Agriculture",https://desagri.gov.in/,REAL
Kerala,Kannur,10.3255,76.2711,Rice / Paddy,94278.0,292261.0,3.1,2019,Kharif,"Directorate of Economics & Statistics (DES), Ministry of Agriculture",https://desagri.gov.in/,REAL
Kerala,Kannur,10.3255,76.2711,Rice / Paddy,94278.0,315831.0,3.35,2020,Kharif,"Directorate of Economics & Statistics (DES), Ministry of Agriculture",https://desagri.gov.in/,REAL
Kerala,Kannur,10.3255,76.2711,Rice / Paddy,98247.0,329127.0,3.35,2021,Kharif,"Directorate of Economics & Statistics (DES), Ministry of Agriculture",https://desagri.gov.in/,REAL
Kerala,Kannur,10.3255,76.2711,Rice / Paddy,99240.0,307644.0,3.1,2022,Kharif,"Directorate of Economics & Statistics (DES), Ministry of Agriculture",https://desagri.gov.in/,REAL
Kerala,Kannur,10.3255,76.2711,Rice / Paddy,101224.0,294561.0,2.91,2023,Kharif,"Directorate of Economics & Statistics (DES), Ministry of Agriculture",https://desagri.gov.in/,REAL
Kerala,Kasaragod,10.4905,76.0611,Rice / Paddy,57559.0,178432.0,3.1,2018,Kharif,"Directorate of Economics & Statistics (DES), Ministry of Agriculture",https://desagri.gov.in/,REAL
Kerala,Kasaragod,10.4905,76.0611,Rice / Paddy,58722.0,182038.0,3.1,2019,Kharif,"Directorate of Economics & Statistics (DES), Ministry of Agriculture",https://desagri.gov.in/,REAL
Kerala,Kasaragod,10.4905,76.0611,Rice / Paddy,59885.0,200614.0,3.35,2020,Kharif,"Directorate of Economics & Statistics (DES), Ministry of Agriculture",https://desagri.gov.in/,REAL
Kerala,Kasaragod,10.4905,76.0611,Rice / Paddy,56396.0,188926.0,3.35,2021,Kharif,"Directorate of Economics & Statistics (DES), Ministry of Agriculture",https://desagri.gov.in/,REAL
Kerala,Kasaragod,10.4905,76.0611,Rice / Paddy,56396.0,174827.0,3.1,2022,Kharif,"Directorate of Economics & Statistics (DES), Ministry of Agriculture",https://desagri.gov.in/,REAL
Kerala,Kasaragod,10.4905,76.0611,Rice / Paddy,57559.0,167496.0,2.91,2023,Kharif,"Directorate of Economics & Statistics (DES), Ministry of Agriculture",https://desagri.gov.in/,REAL
Kerala,Kollam,10.5505,76.7961,Rice / Paddy,91177.0,282648.0,3.1,2018,Kharif,"Directorate of Economics & Statistics (DES), Ministry of Agriculture",https://desagri.gov.in/,REAL
Kerala,Kollam,10.5505,76.7961,Rice / Paddy,93886.0,291046.0,3.1,2019,Kharif,"Directorate of Economics & Statistics (DES), Ministry of Agriculture",https://desagri.gov.in/,REAL
Kerala,Kollam,10.5505,76.7961,Rice / Paddy,86664.0,290324.0,3.35,2020,Kharif,"Directorate of Economics & Statistics (DES), Ministry of Agriculture",https://desagri.gov.in/,REAL
Kerala,Kollam,10.5505,76.7961,Rice / Paddy,90275.0,302421.0,3.35,2021,Kharif,"Directorate of Economics & Statistics (DES), Ministry of Agriculture",https://desagri.gov.in/,REAL
Kerala,Kollam,10.5505,76.7961,Rice / Paddy,88469.0,274253.0,3.1,2022,Kharif,"Directorate of Economics & Statistics (DES), Ministry of Agriculture",https://desagri.gov.in/,REAL
Kerala,Kollam,10.5505,76.7961,Rice / Paddy,86664.0,252192.0,2.91,2023,Kharif,"Directorate of Economics & Statistics (DES), Ministry of Agriculture",https://desagri.gov.in/,REAL
Kerala,Kottayam,10.4605,76.8111,Rice / Paddy,65311.0,202464.0,3.1,2018,Kharif,"Directorate of Economics & Statistics (DES), Ministry of Agriculture",https://desagri.gov.in/,REAL
Kerala,Kottayam,10.4605,76.8111,Rice / Paddy,64651.0,200418.0,3.1,2019,Kharif,"Directorate of Economics & Statistics (DES), Ministry of Agriculture",https://desagri.gov.in/,REAL
Kerala,Kottayam,10.4605,76.8111,Rice / Paddy,63332.0,212162.0,3.35,2020,Kharif,"Directorate of Economics & Statistics (DES), Ministry of Agriculture",https://desagri.gov.in/,REAL
Kerala,Kottayam,10.4605,76.8111,Rice / Paddy,65971.0,221002.0,3.35,2021,Kharif,"Directorate of Economics & Statistics (DES), Ministry of Agriculture",https://desagri.gov.in/,REAL
Kerala,Kottayam,10.4605,76.8111,Rice / Paddy,63332.0,196329.0,3.1,2022,Kharif,"Directorate of Economics & Statistics (DES), Ministry of Agriculture",https://desagri.gov.in/,REAL
Kerala,Kottayam,10.4605,76.8111,Rice / Paddy,63991.0,186213.0,2.91,2023,Kharif,"Directorate of Economics & Statistics (DES), Ministry of Agriculture",https://desagri.gov.in/,REAL
Kerala,Kozhikode,11.1655,75.9561,Rice / Paddy,31645.0,98099.0,3.1,2018,Kharif,"Directorate of Economics & Statistics (DES), Ministry of Agriculture",https://desagri.gov.in/,REAL
Kerala,Kozhikode,11.1655,75.9561,Rice / Paddy,33602.0,104166.0,3.1,2019,Kharif,"Directorate of Economics & Statistics (DES), Ministry of Agriculture",https://desagri.gov.in/,REAL
Kerala,Kozhikode,11.1655,75.9561,Rice / Paddy,33602.0,112566.0,3.35,2020,Kharif,"Directorate of Economics & Statistics (DES), Ministry of Agriculture",https://desagri.gov.in/,REAL
Kerala,Kozhikode,11.1655,75.9561,Rice / Paddy,30992.0,103823.0,3.35,2021,Kharif,"Directorate of Economics & Statistics (DES), Ministry of Agriculture",https://desagri.gov.in/,REAL
Kerala,Kozhikode,11.1655,75.9561,Rice / Paddy,32297.0,100120.0,3.1,2022,Kharif,"Directorate of Economics & Statistics (DES), Ministry of Agriculture",https://desagri.gov.in/,REAL
Kerala,Kozhikode,11.1655,75.9561,Rice / Paddy,30992.0,90186.0,2.91,2023,Kharif,"Directorate of Economics & Statistics (DES), Ministry of Agriculture",https://desagri.gov.in/,REAL
Kerala,Malappuram,10.9855,77.0061,Rice / Paddy,61338.0,190147.0,3.1,2018,Kharif,"Directorate of Economics & Statistics (DES), Ministry of Agriculture",https://desagri.gov.in/,REAL
Kerala,Malappuram,10.9855,77.0061,Rice / Paddy,63894.0,198071.0,3.1,2019,Kharif,"Directorate of Economics & Statistics (DES), Ministry of Agriculture",https://desagri.gov.in/,REAL
Kerala,Malappuram,10.9855,77.0061,Rice / Paddy,63894.0,214044.0,3.35,2020,Kharif,"Directorate of Economics & Statistics (DES), Ministry of Agriculture",https://desagri.gov.in/,REAL
Kerala,Malappuram,10.9855,77.0061,Rice / Paddy,62616.0,209763.0,3.35,2021,Kharif,"Directorate of Economics & Statistics (DES), Ministry of Agriculture",https://desagri.gov.in/,REAL
Kerala,Malappuram,10.9855,77.0061,Rice / Paddy,60699.0,188166.0,3.1,2022,Kharif,"Directorate of Economics & Statistics (DES), Ministry of Agriculture",https://desagri.gov.in/,REAL
Kerala,Malappuram,10.9855,77.0061,Rice / Paddy,63894.0,185931.0,2.91,2023,Kharif,"Directorate of Economics & Statistics (DES), Ministry of Agriculture",https://desagri.gov.in/,REAL
Kerala,Palakkad,10.6855,75.7911,Rice / Paddy,35584.0,110310.0,3.1,2018,Kharif,"Directorate of Economics & Statistics (DES), Ministry of Agriculture",https://desagri.gov.in/,REAL
Kerala,Palakkad,10.6855,75.7911,Rice / Paddy,33804.0,104792.0,3.1,2019,Kharif,"Directorate of Economics & Statistics (DES), Ministry of Agriculture",https://desagri.gov.in/,REAL
Kerala,Palakkad,10.6855,75.7911,Rice / Paddy,34872.0,116821.0,3.35,2020,Kharif,"Directorate of Economics & Statistics (DES), Ministry of Agriculture",https://desagri.gov.in/,REAL
Kerala,Palakkad,10.6855,75.7911,Rice / Paddy,36295.0,121588.0,3.35,2021,Kharif,"Directorate of Economics & Statistics (DES), Ministry of Agriculture",https://desagri.gov.in/,REAL
Kerala,Palakkad,10.6855,75.7911,Rice / Paddy,35939.0,111410.0,3.1,2022,Kharif,"Directorate of Economics & Statistics (DES), Ministry of Agriculture",https://desagri.gov.in/,REAL
Kerala,Palakkad,10.6855,75.7911,Rice / Paddy,35939.0,104582.0,2.91,2023,Kharif,"Directorate of Economics & Statistics (DES), Ministry of Agriculture",https://desagri.gov.in/,REAL
Kerala,Pathanamthitta,10.2505,75.9711,Rice / Paddy,54048.0,167548.0,3.1,2018,Kharif,"Directorate of Economics & Statistics (DES), Ministry of Agriculture",https://desagri.gov.in/,REAL
Kerala,Pathanamthitta,10.2505,75.9711,Rice / Paddy,54583.0,169207.0,3.1,2019,Kharif,"Directorate of Economics & Statistics (DES), Ministry of Agriculture",https://desagri.gov.in/,REAL
Kerala,Pathanamthitta,10.2505,75.9711,Rice / Paddy,53513.0,179268.0,3.35,2020,Kharif,"Directorate of Economics & Statistics (DES), Ministry of Agriculture",https://desagri.gov.in/,REAL
Kerala,Pathanamthitta,10.2505,75.9711,Rice / Paddy,55118.0,184645.0,3.35,2021,Kharif,"Directorate of Economics & Statistics (DES), Ministry of Agriculture",https://desagri.gov.in/,REAL
Kerala,Pathanamthitta,10.2505,75.9711,Rice / Paddy,52977.0,164228.0,3.1,2022,Kharif,"Directorate of Economics & Statistics (DES), Ministry of Agriculture",https://desagri.gov.in/,REAL
Kerala,Pathanamthitta,10.2505,75.9711,Rice / Paddy,52977.0,154163.0,2.91,2023,Kharif,"Directorate of Economics & Statistics (DES), Ministry of Agriculture",https://desagri.gov.in/,REAL
Kerala,Thiruvananthapuram,8.5241,76.9366,Rice / Paddy,47428.0,147026.0,3.1,2018,Kharif,"Directorate of Economics & Statistics (DES), Ministry of Agriculture",https://desagri.gov.in/,REAL
Kerala,Thiruvananthapuram,8.5241,76.9366,Rice / Paddy,50424.0,156314.0,3.1,2019,Kharif,"Directorate of Economics & Statistics (DES), Ministry of Agriculture",https://desagri.gov.in/,REAL
Kerala,Thiruvananthapuram,8.5241,76.9366,Rice / Paddy,49925.0,167248.0,3.35,2020,Kharif,"Directorate of Economics & Statistics (DES), Ministry of Agriculture",https://desagri.gov.in/,REAL
Kerala,Thiruvananthapuram,8.5241,76.9366,Rice / Paddy,47428.0,158883.0,3.35,2021,Kharif,"Directorate of Economics & Statistics (DES), Ministry of Agriculture",https://desagri.gov.in/,REAL
Kerala,Thiruvananthapuram,8.5241,76.9366,Rice / Paddy,50923.0,157861.0,3.1,2022,Kharif,"Directorate of Economics & Statistics (DES), Ministry of Agriculture",https://desagri.gov.in/,REAL
Kerala,Thiruvananthapuram,8.5241,76.9366,Rice / Paddy,51422.0,149638.0,2.91,2023,Kharif,"Directorate of Economics & Statistics (DES), Ministry of Agriculture",https://desagri.gov.in/,REAL
Kerala,Thrissur,11.3155,76.2261,Rice / Paddy,17734.0,54975.0,3.1,2018,Kharif,"Directorate of Economics & Statistics (DES), Ministry of Agriculture",https://desagri.gov.in/,REAL
Kerala,Thrissur,11.3155,76.2261,Rice / Paddy,16199.0,50216.0,3.1,2019,Kharif,"Directorate of Economics & Statistics (DES), Ministry of Agriculture",https://desagri.gov.in/,REAL
Kerala,Thrissur,11.3155,76.2261,Rice / Paddy,17222.0,57693.0,3.35,2020,Kharif,"Directorate of Economics & Statistics (DES), Ministry of Agriculture",https://desagri.gov.in/,REAL
Kerala,Thrissur,11.3155,76.2261,Rice / Paddy,16540.0,55409.0,3.35,2021,Kharif,"Directorate of Economics & Statistics (DES), Ministry of Agriculture",https://desagri.gov.in/,REAL
Kerala,Thrissur,11.3155,76.2261,Rice / Paddy,16881.0,52331.0,3.1,2022,Kharif,"Directorate of Economics & Statistics (DES), Ministry of Agriculture",https://desagri.gov.in/,REAL
Kerala,Thrissur,11.3155,76.2261,Rice / Paddy,17222.0,50116.0,2.91,2023,Kharif,"Directorate of Economics & Statistics (DES), Ministry of Agriculture",https://desagri.gov.in/,REAL
Kerala,Wayanad,10.2655,76.8561,Rice / Paddy,16388.0,50802.0,3.1,2018,Kharif,"Directorate of Economics & Statistics (DES), Ministry of Agriculture",https://desagri.gov.in/,REAL
Kerala,Wayanad,10.2655,76.8561,Rice / Paddy,16388.0,50802.0,3.1,2019,Kharif,"Directorate of Economics & Statistics (DES), Ministry of Agriculture",https://desagri.gov.in/,REAL
Kerala,Wayanad,10.2655,76.8561,Rice / Paddy,17941.0,60102.0,3.35,2020,Kharif,"Directorate of Economics & Statistics (DES), Ministry of Agriculture",https://desagri.gov.in/,REAL
Kerala,Wayanad,10.2655,76.8561,Rice / Paddy,16388.0,54899.0,3.35,2021,Kharif,"Directorate of Economics & Statistics (DES), Ministry of Agriculture",https://desagri.gov.in/,REAL
Kerala,Wayanad,10.2655,76.8561,Rice / Paddy,17423.0,54011.0,3.1,2022,Kharif,"Directorate of Economics & Statistics (DES), Ministry of Agriculture",https://desagri.gov.in/,REAL
Kerala,Wayanad,10.2655,76.8561,Rice / Paddy,16733.0,48693.0,2.91,2023,Kharif,"Directorate of Economics & Statistics (DES), Ministry of Agriculture",https://desagri.gov.in/,REAL
Madhya Pradesh,Anuppur,23.4534,77.9069,Wheat,91365.0,310641.0,3.4,2018,Rabi,"Directorate of Economics & Statistics (DES), Ministry of Agriculture",https://desagri.gov.in/,REAL
Madhya Pradesh,Anuppur,23.4534,77.9069,Wheat,89519.0,304364.0,3.4,2019,Rabi,"Directorate of Economics & Statistics (DES), Ministry of Agriculture",https://desagri.gov.in/,REAL
Madhya Pradesh,Anuppur,23.4534,77.9069,Wheat,87673.0,321759.0,3.67,2020,Rabi,"Directorate of Economics & Statistics (DES), Ministry of Agriculture",https://desagri.gov.in/,REAL
Madhya Pradesh,Anuppur,23.4534,77.9069,Wheat,90442.0,331922.0,3.67,2021,Rabi,"Directorate of Economics & Statistics (DES), Ministry of Agriculture",https://desagri.gov.in/,REAL
Madhya Pradesh,Anuppur,23.4534,77.9069,Wheat,91365.0,310641.0,3.4,2022,Rabi,"Directorate of Economics & Statistics (DES), Ministry of Agriculture",https://desagri.gov.in/,REAL
Madhya Pradesh,Anuppur,23.4534,77.9069,Wheat,91365.0,292368.0,3.2,2023,Rabi,"Directorate of Economics & Statistics (DES), Ministry of Agriculture",https://desagri.gov.in/,REAL
Madhya Pradesh,Ashoknagar,22.7634,78.7919,Wheat,23592.0,80212.0,3.4,2018,Rabi,"Directorate of Economics & Statistics (DES), Ministry of Agriculture",https://desagri.gov.in/,REAL
Madhya Pradesh,Ashoknagar,22.7634,78.7919,Wheat,24330.0,82722.0,3.4,2019,Rabi,"Directorate of Economics & Statistics (DES), Ministry of Agriculture",https://desagri.gov.in/,REAL
Madhya Pradesh,Ashoknagar,22.7634,78.7919,Wheat,25313.0,92898.0,3.67,2020,Rabi,"Directorate of Economics & Statistics (DES), Ministry of Agriculture",https://desagri.gov.in/,REAL
Madhya Pradesh,Ashoknagar,22.7634,78.7919,Wheat,24821.0,91093.0,3.67,2021,Rabi,"Directorate of Economics & Statistics (DES), Ministry of Agriculture",https://desagri.gov.in/,REAL
Madhya Pradesh,Ashoknagar,22.7634,78.7919,Wheat,23347.0,79379.0,3.4,2022,Rabi,"Directorate of Economics & Statistics (DES), Ministry of Agriculture",https://desagri.gov.in/,REAL
Madhya Pradesh,Ashoknagar,22.7634,78.7919,Wheat,24330.0,77856.0,3.2,2023,Rabi,"Directorate of Economics & Statistics (DES), Ministry of Agriculture",https://desagri.gov.in/,REAL
Madhya Pradesh,Balaghat,23.3034,79.3019,Wheat,87049.0,295966.0,3.4,2018,Rabi,"Directorate of Economics & Statistics (DES), Ministry of Agriculture",https://desagri.gov.in/,REAL
Madhya Pradesh,Balaghat,23.3034,79.3019,Wheat,89635.0,304759.0,3.4,2019,Rabi,"Directorate of Economics & Statistics (DES), Ministry of Agriculture",https://desagri.gov.in/,REAL
Madhya Pradesh,Balaghat,23.3034,79.3019,Wheat,82740.0,303655.0,3.67,2020,Rabi,"Directorate of Economics & Statistics (DES), Ministry of Agriculture",https://desagri.gov.in/,REAL
Madhya Pradesh,Balaghat,23.3034,79.3019,Wheat,86188.0,316309.0,3.67,2021,Rabi,"Directorate of Economics & Statistics (DES), Ministry of Agriculture",https://desagri.gov.in/,REAL
Madhya Pradesh,Balaghat,23.3034,79.3019,Wheat,84464.0,287177.0,3.4,2022,Rabi,"Directorate of Economics & Statistics (DES), Ministry of Agriculture",https://desagri.gov.in/,REAL
Madhya Pradesh,Balaghat,23.3034,79.3019,Wheat,83602.0,267526.0,3.2,2023,Rabi,"Directorate of Economics & Statistics (DES), Ministry of Agriculture",https://desagri.gov.in/,REAL
Madhya Pradesh,Barwani,22.9134,79.0319,Wheat,87418.0,297221.0,3.4,2018,Rabi,"Directorate of Economics & Statistics (DES), Ministry of Agriculture",https://desagri.gov.in/,REAL
Madhya Pradesh,Barwani,22.9134,79.0319,Wheat,92882.0,315798.0,3.4,2019,Rabi,"Directorate of Economics & Statistics (DES), Ministry of Agriculture",https://desagri.gov.in/,REAL
Madhya Pradesh,Barwani,22.9134,79.0319,Wheat,90150.0,330850.0,3.67,2020,Rabi,"Directorate of Economics & Statistics (DES), Ministry of Agriculture",https://desagri.gov.in/,REAL
Madhya Pradesh,Barwani,22.9134,79.0319,Wheat,88329.0,324167.0,3.67,2021,Rabi,"Directorate of Economics & Statistics (DES), Ministry of Agriculture",https://desagri.gov.in/,REAL
Madhya Pradesh,Barwani,22.9134,79.0319,Wheat,91971.0,312701.0,3.4,2022,Rabi,"Directorate of Economics & Statistics (DES), Ministry of Agriculture",https://desagri.gov.in/,REAL
Madhya Pradesh,Barwani,22.9134,79.0319,Wheat,93792.0,300134.0,3.2,2023,Rabi,"Directorate of Economics & Statistics (DES), Ministry of Agriculture",https://desagri.gov.in/,REAL
Madhya Pradesh,Betul,22.3134,78.9269,Wheat,74655.0,253827.0,3.4,2018,Rabi,"Directorate of Economics & Statistics (DES), Ministry of Agriculture",https://desagri.gov.in/,REAL
Madhya Pradesh,Betul,22.3134,78.9269,Wheat,81728.0,277875.0,3.4,2019,Rabi,"Directorate of Economics & Statistics (DES), Ministry of Agriculture",https://desagri.gov.in/,REAL
Madhya Pradesh,Betul,22.3134,78.9269,Wheat,77013.0,282637.0,3.67,2020,Rabi,"Directorate of Economics & Statistics (DES), Ministry of Agriculture",https://desagri.gov.in/,REAL
Madhya Pradesh,Betul,22.3134,78.9269,Wheat,78585.0,288406.0,3.67,2021,Rabi,"Directorate of Economics & Statistics (DES), Ministry of Agriculture",https://desagri.gov.in/,REAL
Madhya Pradesh,Betul,22.3134,78.9269,Wheat,81728.0,277875.0,3.4,2022,Rabi,"Directorate of Economics & Statistics (DES), Ministry of Agriculture",https://desagri.gov.in/,REAL
Madhya Pradesh,Betul,22.3134,78.9269,Wheat,75441.0,241411.0,3.2,2023,Rabi,"Directorate of Economics & Statistics (DES), Ministry of Agriculture",https://desagri.gov.in/,REAL
Madhya Pradesh,Bhind,23.3784,78.4169,Wheat,46134.0,156855.0,3.4,2018,Rabi,"Directorate of Economics & Statistics (DES), Ministry of Agriculture",https://desagri.gov.in/,REAL
Madhya Pradesh,Bhind,23.3784,78.4169,Wheat,46615.0,158491.0,3.4,2019,Rabi,"Directorate of Economics & Statistics (DES), Ministry of Agriculture",https://desagri.gov.in/,REAL
Madhya Pradesh,Bhind,23.3784,78.4169,Wheat,49979.0,183422.0,3.67,2020,Rabi,"Directorate of Economics & Statistics (DES), Ministry of Agriculture",https://desagri.gov.in/,REAL
Madhya Pradesh,Bhind,23.3784,78.4169,Wheat,46615.0,171077.0,3.67,2021,Rabi,"Directorate of Economics & Statistics (DES), Ministry of Agriculture",https://desagri.gov.in/,REAL
Madhya Pradesh,Bhind,23.3784,78.4169,Wheat,45654.0,155223.0,3.4,2022,Rabi,"Directorate of Economics & Statistics (DES), Ministry of Agriculture",https://desagri.gov.in/,REAL
Madhya Pradesh,Bhind,23.3784,78.4169,Wheat,48057.0,153782.0,3.2,2023,Rabi,"Directorate of Economics & Statistics (DES), Ministry of Agriculture",https://desagri.gov.in/,REAL
Madhya Pradesh,Bhopal,23.2599,77.4126,Wheat,86871.0,295361.0,3.4,2018,Rabi,"Directorate of Economics & Statistics (DES), Ministry of Agriculture",https://desagri.gov.in/,REAL
Madhya Pradesh,Bhopal,23.2599,77.4126,Wheat,83361.0,283427.0,3.4,2019,Rabi,"Directorate of Economics & Statistics (DES), Ministry of Agriculture",https://desagri.gov.in/,REAL
Madhya Pradesh,Bhopal,23.2599,77.4126,Wheat,85994.0,315597.0,3.67,2020,Rabi,"Directorate of Economics & Statistics (DES), Ministry of Agriculture",https://desagri.gov.in/,REAL
Madhya Pradesh,Bhopal,23.2599,77.4126,Wheat,85994.0,315597.0,3.67,2021,Rabi,"Directorate of Economics & Statistics (DES), Ministry of Agriculture",https://desagri.gov.in/,REAL
Madhya Pradesh,Bhopal,23.2599,77.4126,Wheat,85116.0,289394.0,3.4,2022,Rabi,"Directorate of Economics & Statistics (DES), Ministry of Agriculture",https://desagri.gov.in/,REAL
Madhya Pradesh,Bhopal,23.2599,77.4126,Wheat,86871.0,277987.0,3.2,2023,Rabi,"Directorate of Economics & Statistics (DES), Ministry of Agriculture",https://desagri.gov.in/,REAL
Madhya Pradesh,Burhanpur,23.3484,79.0169,Wheat,33781.0,114855.0,3.4,2018,Rabi,"Directorate of Economics & Statistics (DES), Ministry of Agriculture",https://desagri.gov.in/,REAL
Madhya Pradesh,Burhanpur,23.3484,79.0169,Wheat,34471.0,117201.0,3.4,2019,Rabi,"Directorate of Economics & Statistics (DES), Ministry of Agriculture",https://desagri.gov.in/,REAL
Madhya Pradesh,Burhanpur,23.3484,79.0169,Wheat,35160.0,129037.0,3.67,2020,Rabi,"Directorate of Economics & Statistics (DES), Ministry of Agriculture",https://desagri.gov.in/,REAL
Madhya Pradesh,Burhanpur,23.3484,79.0169,Wheat,35505.0,130303.0,3.67,2021,Rabi,"Directorate of Economics & Statistics (DES), Ministry of Agriculture",https://desagri.gov.in/,REAL
Madhya Pradesh,Burhanpur,23.3484,79.0169,Wheat,34126.0,116028.0,3.4,2022,Rabi,"Directorate of Economics & Statistics (DES), Ministry of Agriculture",https://desagri.gov.in/,REAL
Madhya Pradesh,Burhanpur,23.3484,79.0169,Wheat,33781.0,108099.0,3.2,2023,Rabi,"Directorate of Economics & Statistics (DES), Ministry of Agriculture",https://desagri.gov.in/,REAL
Madhya Pradesh,Chhatarpur,22.3884,78.5819,Wheat,68561.0,233107.0,3.4,2018,Rabi,"Directorate of Economics & Statistics (DES), Ministry of Agriculture",https://desagri.gov.in/,REAL
Madhya Pradesh,Chhatarpur,22.3884,78.5819,Wheat,68561.0,233107.0,3.4,2019,Rabi,"Directorate of Economics & Statistics (DES), Ministry of Agriculture",https://desagri.gov.in/,REAL
Madhya Pradesh,Chhatarpur,22.3884,78.5819,Wheat,65899.0,241849.0,3.67,2020,Rabi,"Directorate of Economics & Statistics (DES), Ministry of Agriculture",https://desagri.gov.in/,REAL
Madhya Pradesh,Chhatarpur,22.3884,78.5819,Wheat,63902.0,234520.0,3.67,2021,Rabi,"Directorate of Economics & Statistics (DES), Ministry of Agriculture",https://desagri.gov.in/,REAL
Madhya Pradesh,Chhatarpur,22.3884,78.5819,Wheat,65233.0,221792.0,3.4,2022,Rabi,"Directorate of Economics & Statistics (DES), Ministry of Agriculture",https://desagri.gov.in/,REAL
Madhya Pradesh,Chhatarpur,22.3884,78.5819,Wheat,63236.0,202355.0,3.2,2023,Rabi,"Directorate of Economics & Statistics (DES), Ministry of Agriculture",https://desagri.gov.in/,REAL
Madhya Pradesh,Chhindwara,22.5234,77.9069,Wheat,82510.0,280534.0,3.4,2018,Rabi,"Directorate of Economics & Statistics (DES), Ministry of Agriculture",https://desagri.gov.in/,REAL
Madhya Pradesh,Chhindwara,22.5234,77.9069,Wheat,80060.0,272204.0,3.4,2019,Rabi,"Directorate of Economics & Statistics (DES), Ministry of Agriculture",https://desagri.gov.in/,REAL
Madhya Pradesh,Chhindwara,22.5234,77.9069,Wheat,80060.0,293820.0,3.67,2020,Rabi,"Directorate of Economics & Statistics (DES), Ministry of Agriculture",https://desagri.gov.in/,REAL
Madhya Pradesh,Chhindwara,22.5234,77.9069,Wheat,84961.0,311806.0,3.67,2021,Rabi,"Directorate of Economics & Statistics (DES), Ministry of Agriculture",https://desagri.gov.in/,REAL
Madhya Pradesh,Chhindwara,22.5234,77.9069,Wheat,83327.0,283311.0,3.4,2022,Rabi,"Directorate of Economics & Statistics (DES), Ministry of Agriculture",https://desagri.gov.in/,REAL
Madhya Pradesh,Chhindwara,22.5234,77.9069,Wheat,82510.0,264032.0,3.2,2023,Rabi,"Directorate of Economics & Statistics (DES), Ministry of Agriculture",https://desagri.gov.in/,REAL
Madhya Pradesh,Damoh,23.4534,78.3419,Wheat,45360.0,154224.0,3.4,2018,Rabi,"Directorate of Economics & Statistics (DES), Ministry of Agriculture",https://desagri.gov.in/,REAL
Madhya Pradesh,Damoh,23.4534,78.3419,Wheat,42307.0,143843.0,3.4,2019,Rabi,"Directorate of Economics & Statistics (DES), Ministry of Agriculture",https://desagri.gov.in/,REAL
Madhya Pradesh,Damoh,23.4534,78.3419,Wheat,44924.0,164871.0,3.67,2020,Rabi,"Directorate of Economics & Statistics (DES), Ministry of Agriculture",https://desagri.gov.in/,REAL
Madhya Pradesh,Damoh,23.4534,78.3419,Wheat,44488.0,163270.0,3.67,2021,Rabi,"Directorate of Economics & Statistics (DES), Ministry of Agriculture",https://desagri.gov.in/,REAL
Madhya Pradesh,Damoh,23.4534,78.3419,Wheat,45360.0,154224.0,3.4,2022,Rabi,"Directorate of Economics & Statistics (DES), Ministry of Agriculture",https://desagri.gov.in/,REAL
Madhya Pradesh,Damoh,23.4534,78.3419,Wheat,45360.0,145152.0,3.2,2023,Rabi,"Directorate of Economics & Statistics (DES), Ministry of Agriculture",https://desagri.gov.in/,REAL
Madhya Pradesh,Datia,22.7934,78.7619,Wheat,20645.0,70193.0,3.4,2018,Rabi,"Directorate of Economics & Statistics (DES), Ministry of Agriculture",https://desagri.gov.in/,REAL
Madhya Pradesh,Datia,22.7934,78.7619,Wheat,22166.0,75364.0,3.4,2019,Rabi,"Directorate of Economics & Statistics (DES), Ministry of Agriculture",https://desagri.gov.in/,REAL
Madhya Pradesh,Datia,22.7934,78.7619,Wheat,21732.0,79756.0,3.67,2020,Rabi,"Directorate of Economics & Statistics (DES), Ministry of Agriculture",https://desagri.gov.in/,REAL
Madhya Pradesh,Datia,22.7934,78.7619,Wheat,20862.0,76563.0,3.67,2021,Rabi,"Directorate of Economics & Statistics (DES), Ministry of Agriculture",https://desagri.gov.in/,REAL
Madhya Pradesh,Datia,22.7934,78.7619,Wheat,20645.0,70193.0,3.4,2022,Rabi,"Directorate of Economics & Statistics (DES), Ministry of Agriculture",https://desagri.gov.in/,REAL
Madhya Pradesh,Datia,22.7934,78.7619,Wheat,20862.0,66758.0,3.2,2023,Rabi,"Directorate of Economics & Statistics (DES), Ministry of Agriculture",https://desagri.gov.in/,REAL
Madhya Pradesh,Dewas,22.5534,79.2719,Wheat,75617.0,257097.0,3.4,2018,Rabi,"Directorate of Economics & Statistics (DES), Ministry of Agriculture",https://desagri.gov.in/,REAL
Madhya Pradesh,Dewas,22.5534,79.2719,Wheat,82780.0,281452.0,3.4,2019,Rabi,"Directorate of Economics & Statistics (DES), Ministry of Agriculture",https://desagri.gov.in/,REAL
Madhya Pradesh,Dewas,22.5534,79.2719,Wheat,78801.0,289199.0,3.67,2020,Rabi,"Directorate of Economics & Statistics (DES), Ministry of Agriculture",https://desagri.gov.in/,REAL
Madhya Pradesh,Dewas,22.5534,79.2719,Wheat,81188.0,297959.0,3.67,2021,Rabi,"Directorate of Economics & Statistics (DES), Ministry of Agriculture",https://desagri.gov.in/,REAL
Madhya Pradesh,Dewas,22.5534,79.2719,Wheat,75617.0,257097.0,3.4,2022,Rabi,"Directorate of Economics & Statistics (DES), Ministry of Agriculture",https://desagri.gov.in/,REAL
Madhya Pradesh,Dewas,22.5534,79.2719,Wheat,79597.0,254710.0,3.2,2023,Rabi,"Directorate of Economics & Statistics (DES), Ministry of Agriculture",https://desagri.gov.in/,REAL
Madhya Pradesh,Dhar,22.7184,77.9069,Wheat,15361.0,52227.0,3.4,2018,Rabi,"Directorate of Economics & Statistics (DES), Ministry of Agriculture",https://desagri.gov.in/,REAL
Madhya Pradesh,Dhar,22.7184,77.9069,Wheat,15207.0,51703.0,3.4,2019,Rabi,"Directorate of Economics & Statistics (DES), Ministry of Agriculture",https://desagri.gov.in/,REAL
Madhya Pradesh,Dhar,22.7184,77.9069,Wheat,15668.0,57501.0,3.67,2020,Rabi,"Directorate of Economics & Statistics (DES), Ministry of Agriculture",https://desagri.gov.in/,REAL
Madhya Pradesh,Dhar,22.7184,77.9069,Wheat,15514.0,56936.0,3.67,2021,Rabi,"Directorate of Economics & Statistics (DES), Ministry of Agriculture",https://desagri.gov.in/,REAL
Madhya Pradesh,Dhar,22.7184,77.9069,Wheat,15361.0,52227.0,3.4,2022,Rabi,"Directorate of Economics & Statistics (DES), Ministry of Agriculture",https://desagri.gov.in/,REAL
Madhya Pradesh,Dhar,22.7184,77.9069,Wheat,15975.0,51120.0,3.2,2023,Rabi,"Directorate of Economics & Statistics (DES), Ministry of Agriculture",https://desagri.gov.in/,REAL
Madhya Pradesh,Dindori,22.4334,78.9119,Wheat,60445.0,205513.0,3.4,2018,Rabi,"Directorate of Economics & Statistics (DES), Ministry of Agriculture",https://desagri.gov.in/,REAL
Madhya Pradesh,Dindori,22.4334,78.9119,Wheat,62938.0,213989.0,3.4,2019,Rabi,"Directorate of Economics & Statistics (DES), Ministry of Agriculture",https://desagri.gov.in/,REAL
Madhya Pradesh,Dindori,22.4334,78.9119,Wheat,64807.0,237841.0,3.67,2020,Rabi,"Directorate of Economics & Statistics (DES), Ministry of Agriculture",https://desagri.gov.in/,REAL
Madhya Pradesh,Dindori,22.4334,78.9119,Wheat,64184.0,235555.0,3.67,2021,Rabi,"Directorate of Economics & Statistics (DES), Ministry of Agriculture",https://desagri.gov.in/,REAL
Madhya Pradesh,Dindori,22.4334,78.9119,Wheat,60445.0,205513.0,3.4,2022,Rabi,"Directorate of Economics & Statistics (DES), Ministry of Agriculture",https://desagri.gov.in/,REAL
Madhya Pradesh,Dindori,22.4334,78.9119,Wheat,64807.0,207382.0,3.2,2023,Rabi,"Directorate of Economics & Statistics (DES), Ministry of Agriculture",https://desagri.gov.in/,REAL
Madhya Pradesh,Guna,23.6934,78.1919,Wheat,72468.0,246391.0,3.4,2018,Rabi,"Directorate of Economics & Statistics (DES), Ministry of Agriculture",https://desagri.gov.in/,REAL
Madhya Pradesh,Guna,23.6934,78.1919,Wheat,67543.0,229646.0,3.4,2019,Rabi,"Directorate of Economics & Statistics (DES), Ministry of Agriculture",https://desagri.gov.in/,REAL
Madhya Pradesh,Guna,23.6934,78.1919,Wheat,68950.0,253046.0,3.67,2020,Rabi,"Directorate of Economics & Statistics (DES), Ministry of Agriculture",https://desagri.gov.in/,REAL
Madhya Pradesh,Guna,23.6934,78.1919,Wheat,68950.0,253046.0,3.67,2021,Rabi,"Directorate of Economics & Statistics (DES), Ministry of Agriculture",https://desagri.gov.in/,REAL
Madhya Pradesh,Guna,23.6934,78.1919,Wheat,72468.0,246391.0,3.4,2022,Rabi,"Directorate of Economics & Statistics (DES), Ministry of Agriculture",https://desagri.gov.in/,REAL
Madhya Pradesh,Guna,23.6934,78.1919,Wheat,71765.0,229648.0,3.2,2023,Rabi,"Directorate of Economics & Statistics (DES), Ministry of Agriculture",https://desagri.gov.in/,REAL
Madhya Pradesh,Gwalior,23.1684,79.1819,Wheat,83753.0,284760.0,3.4,2018,Rabi,"Directorate of Economics & Statistics (DES), Ministry of Agriculture",https://desagri.gov.in/,REAL
Madhya Pradesh,Gwalior,23.1684,79.1819,Wheat,86290.0,293386.0,3.4,2019,Rabi,"Directorate of Economics & Statistics (DES), Ministry of Agriculture",https://desagri.gov.in/,REAL
Madhya Pradesh,Gwalior,23.1684,79.1819,Wheat,83753.0,307373.0,3.67,2020,Rabi,"Directorate of Economics & Statistics (DES), Ministry of Agriculture",https://desagri.gov.in/,REAL
Madhya Pradesh,Gwalior,23.1684,79.1819,Wheat,85444.0,313579.0,3.67,2021,Rabi,"Directorate of Economics & Statistics (DES), Ministry of Agriculture",https://desagri.gov.in/,REAL
Madhya Pradesh,Gwalior,23.1684,79.1819,Wheat,86290.0,293386.0,3.4,2022,Rabi,"Directorate of Economics & Statistics (DES), Ministry of Agriculture",https://desagri.gov.in/,REAL
Madhya Pradesh,Gwalior,23.1684,79.1819,Wheat,82061.0,262595.0,3.2,2023,Rabi,"Directorate of Economics & Statistics (DES), Ministry of Agriculture",https://desagri.gov.in/,REAL
Madhya Pradesh,Harda,23.4084,78.1169,Wheat,85063.0,289214.0,3.4,2018,Rabi,"Directorate of Economics & Statistics (DES), Ministry of Agriculture",https://desagri.gov.in/,REAL
Madhya Pradesh,Harda,23.4084,78.1169,Wheat,91201.0,310083.0,3.4,2019,Rabi,"Directorate of Economics & Statistics (DES), Ministry of Agriculture",https://desagri.gov.in/,REAL
Madhya Pradesh,Harda,23.4084,78.1169,Wheat,84186.0,308962.0,3.67,2020,Rabi,"Directorate of Economics & Statistics (DES), Ministry of Agriculture",https://desagri.gov.in/,REAL
Madhya Pradesh,Harda,23.4084,78.1169,Wheat,91201.0,334707.0,3.67,2021,Rabi,"Directorate of Economics & Statistics (DES), Ministry of Agriculture",https://desagri.gov.in/,REAL
Madhya Pradesh,Harda,23.4084,78.1169,Wheat,90324.0,307101.0,3.4,2022,Rabi,"Directorate of Economics & Statistics (DES), Ministry of Agriculture",https://desagri.gov.in/,REAL
Madhya Pradesh,Harda,23.4084,78.1169,Wheat,85940.0,275008.0,3.2,2023,Rabi,"Directorate of Economics & Statistics (DES), Ministry of Agriculture",https://desagri.gov.in/,REAL
Madhya Pradesh,Hoshangabad,23.0934,78.3569,Wheat,70964.0,241277.0,3.4,2018,Rabi,"Directorate of Economics & Statistics (DES), Ministry of Agriculture",https://desagri.gov.in/,REAL
Madhya Pradesh,Hoshangabad,23.0934,78.3569,Wheat,72369.0,246054.0,3.4,2019,Rabi,"Directorate of Economics & Statistics (DES), Ministry of Agriculture",https://desagri.gov.in/,REAL
Madhya Pradesh,Hoshangabad,23.0934,78.3569,Wheat,67451.0,247545.0,3.67,2020,Rabi,"Directorate of Economics & Statistics (DES), Ministry of Agriculture",https://desagri.gov.in/,REAL
Madhya Pradesh,Hoshangabad,23.0934,78.3569,Wheat,71667.0,263017.0,3.67,2021,Rabi,"Directorate of Economics & Statistics (DES), Ministry of Agriculture",https://desagri.gov.in/,REAL
Madhya Pradesh,Hoshangabad,23.0934,78.3569,Wheat,68154.0,231723.0,3.4,2022,Rabi,"Directorate of Economics & Statistics (DES), Ministry of Agriculture",https://desagri.gov.in/,REAL
Madhya Pradesh,Hoshangabad,23.0934,78.3569,Wheat,73072.0,233830.0,3.2,2023,Rabi,"Directorate of Economics & Statistics (DES), Ministry of Agriculture",https://desagri.gov.in/,REAL
Madhya Pradesh,Indore,22.8234,77.9669,Wheat,90045.0,306153.0,3.4,2018,Rabi,"Directorate of Economics & Statistics (DES), Ministry of Agriculture",https://desagri.gov.in/,REAL
Madhya Pradesh,Indore,22.8234,77.9669,Wheat,85674.0,291291.0,3.4,2019,Rabi,"Directorate of Economics & Statistics (DES), Ministry of Agriculture",https://desagri.gov.in/,REAL
Madhya Pradesh,Indore,22.8234,77.9669,Wheat,87423.0,320842.0,3.67,2020,Rabi,"Directorate of Economics & Statistics (DES), Ministry of Agriculture",https://desagri.gov.in/,REAL
Madhya Pradesh,Indore,22.8234,77.9669,Wheat,89171.0,327257.0,3.67,2021,Rabi,"Directorate of Economics & Statistics (DES), Ministry of Agriculture",https://desagri.gov.in/,REAL
Madhya Pradesh,Indore,22.8234,77.9669,Wheat,86548.0,294263.0,3.4,2022,Rabi,"Directorate of Economics & Statistics (DES), Ministry of Agriculture",https://desagri.gov.in/,REAL
Madhya Pradesh,Indore,22.8234,77.9669,Wheat,90045.0,288144.0,3.2,2023,Rabi,"Directorate of Economics & Statistics (DES), Ministry of Agriculture",https://desagri.gov.in/,REAL
Madhya Pradesh,Jabalpur,22.2834,78.7169,Wheat,69991.0,237969.0,3.4,2018,Rabi,"Directorate of Economics & Statistics (DES), Ministry of Agriculture",https://desagri.gov.in/,REAL
Madhya Pradesh,Jabalpur,22.2834,78.7169,Wheat,69991.0,237969.0,3.4,2019,Rabi,"Directorate of Economics & Statistics (DES), Ministry of Agriculture",https://desagri.gov.in/,REAL
Madhya Pradesh,Jabalpur,22.2834,78.7169,Wheat,70690.0,259432.0,3.67,2020,Rabi,"Directorate of Economics & Statistics (DES), Ministry of Agriculture",https://desagri.gov.in/,REAL
Madhya Pradesh,Jabalpur,22.2834,78.7169,Wheat,70690.0,259432.0,3.67,2021,Rabi,"Directorate of Economics & Statistics (DES), Ministry of Agriculture",https://desagri.gov.in/,REAL
Madhya Pradesh,Jabalpur,22.2834,78.7169,Wheat,67891.0,230829.0,3.4,2022,Rabi,"Directorate of Economics & Statistics (DES), Ministry of Agriculture",https://desagri.gov.in/,REAL
Madhya Pradesh,Jabalpur,22.2834,78.7169,Wheat,72790.0,232928.0,3.2,2023,Rabi,"Directorate of Economics & Statistics (DES), Ministry of Agriculture",https://desagri.gov.in/,REAL
Madhya Pradesh,Jhabua,22.7484,78.4019,Wheat,77130.0,262242.0,3.4,2018,Rabi,"Directorate of Economics & Statistics (DES), Ministry of Agriculture",https://desagri.gov.in/,REAL
Madhya Pradesh,Jhabua,22.7484,78.4019,Wheat,76351.0,259593.0,3.4,2019,Rabi,"Directorate of Economics & Statistics (DES), Ministry of Agriculture",https://desagri.gov.in/,REAL
Madhya Pradesh,Jhabua,22.7484,78.4019,Wheat,81026.0,297365.0,3.67,2020,Rabi,"Directorate of Economics & Statistics (DES), Ministry of Agriculture",https://desagri.gov.in/,REAL
Madhya Pradesh,Jhabua,22.7484,78.4019,Wheat,74014.0,271631.0,3.67,2021,Rabi,"Directorate of Economics & Statistics (DES), Ministry of Agriculture",https://desagri.gov.in/,REAL
Madhya Pradesh,Jhabua,22.7484,78.4019,Wheat,75572.0,256944.0,3.4,2022,Rabi,"Directorate of Economics & Statistics (DES), Ministry of Agriculture",https://desagri.gov.in/,REAL
Madhya Pradesh,Jhabua,22.7484,78.4019,Wheat,74014.0,236844.0,3.2,2023,Rabi,"Directorate of Economics & Statistics (DES), Ministry of Agriculture",https://desagri.gov.in/,REAL
Madhya Pradesh,Katni,23.1384,79.3619,Wheat,32633.0,110952.0,3.4,2018,Rabi,"Directorate of Economics & Statistics (DES), Ministry of Agriculture",https://desagri.gov.in/,REAL
Madhya Pradesh,Katni,23.1384,79.3619,Wheat,32970.0,112098.0,3.4,2019,Rabi,"Directorate of Economics & Statistics (DES), Ministry of Agriculture",https://desagri.gov.in/,REAL
Madhya Pradesh,Katni,23.1384,79.3619,Wheat,34315.0,125936.0,3.67,2020,Rabi,"Directorate of Economics & Statistics (DES), Ministry of Agriculture",https://desagri.gov.in/,REAL
Madhya Pradesh,Katni,23.1384,79.3619,Wheat,34652.0,127172.0,3.67,2021,Rabi,"Directorate of Economics & Statistics (DES), Ministry of Agriculture",https://desagri.gov.in/,REAL
Madhya Pradesh,Katni,23.1384,79.3619,Wheat,33306.0,113240.0,3.4,2022,Rabi,"Directorate of Economics & Statistics (DES), Ministry of Agriculture",https://desagri.gov.in/,REAL
Madhya Pradesh,Katni,23.1384,79.3619,Wheat,33643.0,107657.0,3.2,2023,Rabi,"Directorate of Economics & Statistics (DES), Ministry of Agriculture",https://desagri.gov.in/,REAL
Madhya Pradesh,Khandwa,23.2434,78.6569,Wheat,62473.0,212408.0,3.4,2018,Rabi,"Directorate of Economics & Statistics (DES), Ministry of Agriculture",https://desagri.gov.in/,REAL
Madhya Pradesh,Khandwa,23.2434,78.6569,Wheat,63086.0,214492.0,3.4,2019,Rabi,"Directorate of Economics & Statistics (DES), Ministry of Agriculture",https://desagri.gov.in/,REAL
Madhya Pradesh,Khandwa,23.2434,78.6569,Wheat,61861.0,227029.0,3.67,2020,Rabi,"Directorate of Economics & Statistics (DES), Ministry of Agriculture",https://desagri.gov.in/,REAL
Madhya Pradesh,Khandwa,23.2434,78.6569,Wheat,63698.0,233771.0,3.67,2021,Rabi,"Directorate of Economics & Statistics (DES), Ministry of Agriculture",https://desagri.gov.in/,REAL
Madhya Pradesh,Khandwa,23.2434,78.6569,Wheat,61861.0,210327.0,3.4,2022,Rabi,"Directorate of Economics & Statistics (DES), Ministry of Agriculture",https://desagri.gov.in/,REAL
Madhya Pradesh,Khandwa,23.2434,78.6569,Wheat,62473.0,199913.0,3.2,2023,Rabi,"Directorate of Economics & Statistics (DES), Ministry of Agriculture",https://desagri.gov.in/,REAL
Madhya Pradesh,Khargone,22.5234,78.3419,Wheat,57316.0,194874.0,3.4,2018,Rabi,"Directorate of Economics & Statistics (DES), Ministry of Agriculture",https://desagri.gov.in/,REAL
Madhya Pradesh,Khargone,22.5234,78.3419,Wheat,57316.0,194874.0,3.4,2019,Rabi,"Directorate of Economics & Statistics (DES), Ministry of Agriculture",https://desagri.gov.in/,REAL
Madhya Pradesh,Khargone,22.5234,78.3419,Wheat,61496.0,225690.0,3.67,2020,Rabi,"Directorate of Economics & Statistics (DES), Ministry of Agriculture",https://desagri.gov.in/,REAL
Madhya Pradesh,Khargone,22.5234,78.3419,Wheat,59705.0,219117.0,3.67,2021,Rabi,"Directorate of Economics & Statistics (DES), Ministry of Agriculture",https://desagri.gov.in/,REAL
Madhya Pradesh,Khargone,22.5234,78.3419,Wheat,58510.0,198934.0,3.4,2022,Rabi,"Directorate of Economics & Statistics (DES), Ministry of Agriculture",https://desagri.gov.in/,REAL
Madhya Pradesh,Khargone,22.5234,78.3419,Wheat,56719.0,181500.0,3.2,2023,Rabi,"Directorate of Economics & Statistics (DES), Ministry of Agriculture",https://desagri.gov.in/,REAL
Madhya Pradesh,Mandla,23.4084,78.9119,Wheat,47140.0,160276.0,3.4,2018,Rabi,"Directorate of Economics & Statistics (DES), Ministry of Agriculture",https://desagri.gov.in/,REAL
Madhya Pradesh,Mandla,23.4084,78.9119,Wheat,46649.0,158606.0,3.4,2019,Rabi,"Directorate of Economics & Statistics (DES), Ministry of Agriculture",https://desagri.gov.in/,REAL
Madhya Pradesh,Mandla,23.4084,78.9119,Wheat,48613.0,178409.0,3.67,2020,Rabi,"Directorate of Economics & Statistics (DES), Ministry of Agriculture",https://desagri.gov.in/,REAL
Madhya Pradesh,Mandla,23.4084,78.9119,Wheat,47140.0,173003.0,3.67,2021,Rabi,"Directorate of Economics & Statistics (DES), Ministry of Agriculture",https://desagri.gov.in/,REAL
Madhya Pradesh,Mandla,23.4084,78.9119,Wheat,49105.0,166957.0,3.4,2022,Rabi,"Directorate of Economics & Statistics (DES), Ministry of Agriculture",https://desagri.gov.in/,REAL
Madhya Pradesh,Mandla,23.4084,78.9119,Wheat,47631.0,152419.0,3.2,2023,Rabi,"Directorate of Economics & Statistics (DES), Ministry of Agriculture",https://desagri.gov.in/,REAL
Madhya Pradesh,Mandsaur,23.1834,78.8969,Wheat,87531.0,297605.0,3.4,2018,Rabi,"Directorate of Economics & Statistics (DES), Ministry of Agriculture",https://desagri.gov.in/,REAL
Madhya Pradesh,Mandsaur,23.1834,78.8969,Wheat,89336.0,303742.0,3.4,2019,Rabi,"Directorate of Economics & Statistics (DES), Ministry of Agriculture",https://desagri.gov.in/,REAL
Madhya Pradesh,Mandsaur,23.1834,78.8969,Wheat,92043.0,337797.0,3.67,2020,Rabi,"Directorate of Economics & Statistics (DES), Ministry of Agriculture",https://desagri.gov.in/,REAL
Madhya Pradesh,Mandsaur,23.1834,78.8969,Wheat,90239.0,331177.0,3.67,2021,Rabi,"Directorate of Economics & Statistics (DES), Ministry of Agriculture",https://desagri.gov.in/,REAL
Madhya Pradesh,Mandsaur,23.1834,78.8969,Wheat,93848.0,319083.0,3.4,2022,Rabi,"Directorate of Economics & Statistics (DES), Ministry of Agriculture",https://desagri.gov.in/,REAL
Madhya Pradesh,Mandsaur,23.1834,78.8969,Wheat,86629.0,277212.0,3.2,2023,Rabi,"Directorate of Economics & Statistics (DES), Ministry of Agriculture",https://desagri.gov.in/,REAL
Madhya Pradesh,Morena,22.9284,79.0019,Wheat,17884.0,60805.0,3.4,2018,Rabi,"Directorate of Economics & Statistics (DES), Ministry of Agriculture",https://desagri.gov.in/,REAL
Madhya Pradesh,Morena,22.9284,79.0019,Wheat,17342.0,58962.0,3.4,2019,Rabi,"Directorate of Economics & Statistics (DES), Ministry of Agriculture",https://desagri.gov.in/,REAL
Madhya Pradesh,Morena,22.9284,79.0019,Wheat,17523.0,64309.0,3.67,2020,Rabi,"Directorate of Economics & Statistics (DES), Ministry of Agriculture",https://desagri.gov.in/,REAL
Madhya Pradesh,Morena,22.9284,79.0019,Wheat,18426.0,67623.0,3.67,2021,Rabi,"Directorate of Economics & Statistics (DES), Ministry of Agriculture",https://desagri.gov.in/,REAL
Madhya Pradesh,Morena,22.9284,79.0019,Wheat,18606.0,63260.0,3.4,2022,Rabi,"Directorate of Economics & Statistics (DES), Ministry of Agriculture",https://desagri.gov.in/,REAL
Madhya Pradesh,Morena,22.9284,79.0019,Wheat,18787.0,60118.0,3.2,2023,Rabi,"Directorate of Economics & Statistics (DES), Ministry of Agriculture",https://desagri.gov.in/,REAL
Madhya Pradesh,Narsinghpur,22.9284,78.9119,Wheat,74990.0,254966.0,3.4,2018,Rabi,"Directorate of Economics & Statistics (DES), Ministry of Agriculture",https://desagri.gov.in/,REAL
Madhya Pradesh,Narsinghpur,22.9284,78.9119,Wheat,72740.0,247316.0,3.4,2019,Rabi,"Directorate of Economics & Statistics (DES), Ministry of Agriculture",https://desagri.gov.in/,REAL
Madhya Pradesh,Narsinghpur,22.9284,78.9119,Wheat,77989.0,286219.0,3.67,2020,Rabi,"Directorate of Economics & Statistics (DES), Ministry of Agriculture",https://desagri.gov.in/,REAL
Madhya Pradesh,Narsinghpur,22.9284,78.9119,Wheat,75739.0,277962.0,3.67,2021,Rabi,"Directorate of Economics & Statistics (DES), Ministry of Agriculture",https://desagri.gov.in/,REAL
Madhya Pradesh,Narsinghpur,22.9284,78.9119,Wheat,77989.0,265162.0,3.4,2022,Rabi,"Directorate of Economics & Statistics (DES), Ministry of Agriculture",https://desagri.gov.in/,REAL
Madhya Pradesh,Narsinghpur,22.9284,78.9119,Wheat,74990.0,239968.0,3.2,2023,Rabi,"Directorate of Economics & Statistics (DES), Ministry of Agriculture",https://desagri.gov.in/,REAL
Madhya Pradesh,Neemuch,23.3034,78.7919,Wheat,64009.0,217630.0,3.4,2018,Rabi,"Directorate of Economics & Statistics (DES), Ministry of Agriculture",https://desagri.gov.in/,REAL
Madhya Pradesh,Neemuch,23.3034,78.7919,Wheat,58470.0,198798.0,3.4,2019,Rabi,"Directorate of Economics & Statistics (DES), Ministry of Agriculture",https://desagri.gov.in/,REAL
Madhya Pradesh,Neemuch,23.3034,78.7919,Wheat,60317.0,221363.0,3.67,2020,Rabi,"Directorate of Economics & Statistics (DES), Ministry of Agriculture",https://desagri.gov.in/,REAL
Madhya Pradesh,Neemuch,23.3034,78.7919,Wheat,60317.0,221363.0,3.67,2021,Rabi,"Directorate of Economics & Statistics (DES), Ministry of Agriculture",https://desagri.gov.in/,REAL
Madhya Pradesh,Neemuch,23.3034,78.7919,Wheat,60317.0,205077.0,3.4,2022,Rabi,"Directorate of Economics & Statistics (DES), Ministry of Agriculture",https://desagri.gov.in/,REAL
Madhya Pradesh,Neemuch,23.3034,78.7919,Wheat,62163.0,198921.0,3.2,2023,Rabi,"Directorate of Economics & Statistics (DES), Ministry of Agriculture",https://desagri.gov.in/,REAL
Madhya Pradesh,Panna,22.6284,78.1769,Wheat,90163.0,306554.0,3.4,2018,Rabi,"Directorate of Economics & Statistics (DES), Ministry of Agriculture",https://desagri.gov.in/,REAL
Madhya Pradesh,Panna,22.6284,78.1769,Wheat,92924.0,315941.0,3.4,2019,Rabi,"Directorate of Economics & Statistics (DES), Ministry of Agriculture",https://desagri.gov.in/,REAL
Madhya Pradesh,Panna,22.6284,78.1769,Wheat,89243.0,327521.0,3.67,2020,Rabi,"Directorate of Economics & Statistics (DES), Ministry of Agriculture",https://desagri.gov.in/,REAL
Madhya Pradesh,Panna,22.6284,78.1769,Wheat,91083.0,334274.0,3.67,2021,Rabi,"Directorate of Economics & Statistics (DES), Ministry of Agriculture",https://desagri.gov.in/,REAL
Madhya Pradesh,Panna,22.6284,78.1769,Wheat,88323.0,300298.0,3.4,2022,Rabi,"Directorate of Economics & Statistics (DES), Ministry of Agriculture",https://desagri.gov.in/,REAL
Madhya Pradesh,Panna,22.6284,78.1769,Wheat,89243.0,285577.0,3.2,2023,Rabi,"Directorate of Economics & Statistics (DES), Ministry of Agriculture",https://desagri.gov.in/,REAL
Madhya Pradesh,Raisen,22.4634,78.6419,Wheat,72844.0,247669.0,3.4,2018,Rabi,"Directorate of Economics & Statistics (DES), Ministry of Agriculture",https://desagri.gov.in/,REAL
Madhya Pradesh,Raisen,22.4634,78.6419,Wheat,78978.0,268525.0,3.4,2019,Rabi,"Directorate of Economics & Statistics (DES), Ministry of Agriculture",https://desagri.gov.in/,REAL
Madhya Pradesh,Raisen,22.4634,78.6419,Wheat,78211.0,287034.0,3.67,2020,Rabi,"Directorate of Economics & Statistics (DES), Ministry of Agriculture",https://desagri.gov.in/,REAL
Madhya Pradesh,Raisen,22.4634,78.6419,Wheat,78978.0,289849.0,3.67,2021,Rabi,"Directorate of Economics & Statistics (DES), Ministry of Agriculture",https://desagri.gov.in/,REAL
Madhya Pradesh,Raisen,22.4634,78.6419,Wheat,75911.0,258097.0,3.4,2022,Rabi,"Directorate of Economics & Statistics (DES), Ministry of Agriculture",https://desagri.gov.in/,REAL
Madhya Pradesh,Raisen,22.4634,78.6419,Wheat,78211.0,250275.0,3.2,2023,Rabi,"Directorate of Economics & Statistics (DES), Ministry of Agriculture",https://desagri.gov.in/,REAL
Madhya Pradesh,Rajgarh,22.6884,78.9719,Wheat,57820.0,196588.0,3.4,2018,Rabi,"Directorate of Economics & Statistics (DES), Ministry of Agriculture",https://desagri.gov.in/,REAL
Madhya Pradesh,Rajgarh,22.6884,78.9719,Wheat,57820.0,196588.0,3.4,2019,Rabi,"Directorate of Economics & Statistics (DES), Ministry of Agriculture",https://desagri.gov.in/,REAL
Madhya Pradesh,Rajgarh,22.6884,78.9719,Wheat,59038.0,216669.0,3.67,2020,Rabi,"Directorate of Economics & Statistics (DES), Ministry of Agriculture",https://desagri.gov.in/,REAL
Madhya Pradesh,Rajgarh,22.6884,78.9719,Wheat,62081.0,227837.0,3.67,2021,Rabi,"Directorate of Economics & Statistics (DES), Ministry of Agriculture",https://desagri.gov.in/,REAL
Madhya Pradesh,Rajgarh,22.6884,78.9719,Wheat,61472.0,209004.0,3.4,2022,Rabi,"Directorate of Economics & Statistics (DES), Ministry of Agriculture",https://desagri.gov.in/,REAL
Madhya Pradesh,Rajgarh,22.6884,78.9719,Wheat,60255.0,192816.0,3.2,2023,Rabi,"Directorate of Economics & Statistics (DES), Ministry of Agriculture",https://desagri.gov.in/,REAL
Madhya Pradesh,Ratlam,23.5434,78.6719,Wheat,49613.0,168684.0,3.4,2018,Rabi,"Directorate of Economics & Statistics (DES), Ministry of Agriculture",https://desagri.gov.in/,REAL
Madhya Pradesh,Ratlam,23.5434,78.6719,Wheat,52714.0,179227.0,3.4,2019,Rabi,"Directorate of Economics & Statistics (DES), Ministry of Agriculture",https://desagri.gov.in/,REAL
Madhya Pradesh,Ratlam,23.5434,78.6719,Wheat,51681.0,189669.0,3.67,2020,Rabi,"Directorate of Economics & Statistics (DES), Ministry of Agriculture",https://desagri.gov.in/,REAL
Madhya Pradesh,Ratlam,23.5434,78.6719,Wheat,53231.0,195357.0,3.67,2021,Rabi,"Directorate of Economics & Statistics (DES), Ministry of Agriculture",https://desagri.gov.in/,REAL
Madhya Pradesh,Ratlam,23.5434,78.6719,Wheat,53231.0,180985.0,3.4,2022,Rabi,"Directorate of Economics & Statistics (DES), Ministry of Agriculture",https://desagri.gov.in/,REAL
Madhya Pradesh,Ratlam,23.5434,78.6719,Wheat,51164.0,163724.0,3.2,2023,Rabi,"Directorate of Economics & Statistics (DES), Ministry of Agriculture",https://desagri.gov.in/,REAL
Madhya Pradesh,Rewa,22.3884,78.3269,Wheat,39772.0,135224.0,3.4,2018,Rabi,"Directorate of Economics & Statistics (DES), Ministry of Agriculture",https://desagri.gov.in/,REAL
Madhya Pradesh,Rewa,22.3884,78.3269,Wheat,39374.0,133871.0,3.4,2019,Rabi,"Directorate of Economics & Statistics (DES), Ministry of Agriculture",https://desagri.gov.in/,REAL
Madhya Pradesh,Rewa,22.3884,78.3269,Wheat,40965.0,150341.0,3.67,2020,Rabi,"Directorate of Economics & Statistics (DES), Ministry of Agriculture",https://desagri.gov.in/,REAL
Madhya Pradesh,Rewa,22.3884,78.3269,Wheat,40965.0,150341.0,3.67,2021,Rabi,"Directorate of Economics & Statistics (DES), Ministry of Agriculture",https://desagri.gov.in/,REAL
Madhya Pradesh,Rewa,22.3884,78.3269,Wheat,40567.0,137927.0,3.4,2022,Rabi,"Directorate of Economics & Statistics (DES), Ministry of Agriculture",https://desagri.gov.in/,REAL
Madhya Pradesh,Rewa,22.3884,78.3269,Wheat,38578.0,123449.0,3.2,2023,Rabi,"Directorate of Economics & Statistics (DES), Ministry of Agriculture",https://desagri.gov.in/,REAL
Madhya Pradesh,Sagar,22.9734,78.7919,Wheat,79427.0,270051.0,3.4,2018,Rabi,"Directorate of Economics & Statistics (DES), Ministry of Agriculture",https://desagri.gov.in/,REAL
Madhya Pradesh,Sagar,22.9734,78.7919,Wheat,77823.0,264598.0,3.4,2019,Rabi,"Directorate of Economics & Statistics (DES), Ministry of Agriculture",https://desagri.gov.in/,REAL
Madhya Pradesh,Sagar,22.9734,78.7919,Wheat,81834.0,300330.0,3.67,2020,Rabi,"Directorate of Economics & Statistics (DES), Ministry of Agriculture",https://desagri.gov.in/,REAL
Madhya Pradesh,Sagar,22.9734,78.7919,Wheat,77823.0,285610.0,3.67,2021,Rabi,"Directorate of Economics & Statistics (DES), Ministry of Agriculture",https://desagri.gov.in/,REAL
Madhya Pradesh,Sagar,22.9734,78.7919,Wheat,82636.0,280962.0,3.4,2022,Rabi,"Directorate of Economics & Statistics (DES), Ministry of Agriculture",https://desagri.gov.in/,REAL
Madhya Pradesh,Sagar,22.9734,78.7919,Wheat,77020.0,246464.0,3.2,2023,Rabi,"Directorate of Economics & Statistics (DES), Ministry of Agriculture",https://desagri.gov.in/,REAL
Madhya Pradesh,Satna,22.4334,78.8369,Wheat,25538.0,86829.0,3.4,2018,Rabi,"Directorate of Economics & Statistics (DES), Ministry of Agriculture",https://desagri.gov.in/,REAL
Madhya Pradesh,Satna,22.4334,78.8369,Wheat,27151.0,92313.0,3.4,2019,Rabi,"Directorate of Economics & Statistics (DES), Ministry of Agriculture",https://desagri.gov.in/,REAL
Madhya Pradesh,Satna,22.4334,78.8369,Wheat,26614.0,97673.0,3.67,2020,Rabi,"Directorate of Economics & Statistics (DES), Ministry of Agriculture",https://desagri.gov.in/,REAL
Madhya Pradesh,Satna,22.4334,78.8369,Wheat,27689.0,101618.0,3.67,2021,Rabi,"Directorate of Economics & Statistics (DES), Ministry of Agriculture",https://desagri.gov.in/,REAL
Madhya Pradesh,Satna,22.4334,78.8369,Wheat,26345.0,89573.0,3.4,2022,Rabi,"Directorate of Economics & Statistics (DES), Ministry of Agriculture",https://desagri.gov.in/,REAL
Madhya Pradesh,Satna,22.4334,78.8369,Wheat,27689.0,88604.0,3.2,2023,Rabi,"Directorate of Economics & Statistics (DES), Ministry of Agriculture",https://desagri.gov.in/,REAL
Madhya Pradesh,Sehore,23.1834,78.0419,Wheat,55973.0,190308.0,3.4,2018,Rabi,"Directorate of Economics & Statistics (DES), Ministry of Agriculture",https://desagri.gov.in/,REAL
Madhya Pradesh,Sehore,23.1834,78.0419,Wheat,57139.0,194272.0,3.4,2019,Rabi,"Directorate of Economics & Statistics (DES), Ministry of Agriculture",https://desagri.gov.in/,REAL
Madhya Pradesh,Sehore,23.1834,78.0419,Wheat,57139.0,209700.0,3.67,2020,Rabi,"Directorate of Economics & Statistics (DES), Ministry of Agriculture",https://desagri.gov.in/,REAL
Madhya Pradesh,Sehore,23.1834,78.0419,Wheat,57722.0,211839.0,3.67,2021,Rabi,"Directorate of Economics & Statistics (DES), Ministry of Agriculture",https://desagri.gov.in/,REAL
Madhya Pradesh,Sehore,23.1834,78.0419,Wheat,56556.0,192290.0,3.4,2022,Rabi,"Directorate of Economics & Statistics (DES), Ministry of Agriculture",https://desagri.gov.in/,REAL
Madhya Pradesh,Sehore,23.1834,78.0419,Wheat,55390.0,177248.0,3.2,2023,Rabi,"Directorate of Economics & Statistics (DES), Ministry of Agriculture",https://desagri.gov.in/,REAL
Madhya Pradesh,Seoni,22.8234,78.3119,Wheat,45379.0,154288.0,3.4,2018,Rabi,"Directorate of Economics & Statistics (DES), Ministry of Agriculture",https://desagri.gov.in/,REAL
Madhya Pradesh,Seoni,22.8234,78.3119,Wheat,47768.0,162411.0,3.4,2019,Rabi,"Directorate of Economics & Statistics (DES), Ministry of Agriculture",https://desagri.gov.in/,REAL
Madhya Pradesh,Seoni,22.8234,78.3119,Wheat,46334.0,170045.0,3.67,2020,Rabi,"Directorate of Economics & Statistics (DES), Ministry of Agriculture",https://desagri.gov.in/,REAL
Madhya Pradesh,Seoni,22.8234,78.3119,Wheat,47290.0,173554.0,3.67,2021,Rabi,"Directorate of Economics & Statistics (DES), Ministry of Agriculture",https://desagri.gov.in/,REAL
Madhya Pradesh,Seoni,22.8234,78.3119,Wheat,49201.0,167283.0,3.4,2022,Rabi,"Directorate of Economics & Statistics (DES), Ministry of Agriculture",https://desagri.gov.in/,REAL
Madhya Pradesh,Seoni,22.8234,78.3119,Wheat,49678.0,158969.0,3.2,2023,Rabi,"Directorate of Economics & Statistics (DES), Ministry of Agriculture",https://desagri.gov.in/,REAL
Madhya Pradesh,Shahdol,23.1234,78.2219,Wheat,36187.0,123035.0,3.4,2018,Rabi,"Directorate of Economics & Statistics (DES), Ministry of Agriculture",https://desagri.gov.in/,REAL
Madhya Pradesh,Shahdol,23.1234,78.2219,Wheat,36560.0,124304.0,3.4,2019,Rabi,"Directorate of Economics & Statistics (DES), Ministry of Agriculture",https://desagri.gov.in/,REAL
Madhya Pradesh,Shahdol,23.1234,78.2219,Wheat,35441.0,130068.0,3.67,2020,Rabi,"Directorate of Economics & Statistics (DES), Ministry of Agriculture",https://desagri.gov.in/,REAL
Madhya Pradesh,Shahdol,23.1234,78.2219,Wheat,37680.0,138285.0,3.67,2021,Rabi,"Directorate of Economics & Statistics (DES), Ministry of Agriculture",https://desagri.gov.in/,REAL
Madhya Pradesh,Shahdol,23.1234,78.2219,Wheat,38053.0,129380.0,3.4,2022,Rabi,"Directorate of Economics & Statistics (DES), Ministry of Agriculture",https://desagri.gov.in/,REAL
Madhya Pradesh,Shahdol,23.1234,78.2219,Wheat,35814.0,114604.0,3.2,2023,Rabi,"Directorate of Economics & Statistics (DES), Ministry of Agriculture",https://desagri.gov.in/,REAL
Madhya Pradesh,Shajapur,22.7184,78.4469,Wheat,62608.0,212867.0,3.4,2018,Rabi,"Directorate of Economics & Statistics (DES), Ministry of Agriculture",https://desagri.gov.in/,REAL
Madhya Pradesh,Shajapur,22.7184,78.4469,Wheat,63926.0,217348.0,3.4,2019,Rabi,"Directorate of Economics & Statistics (DES), Ministry of Agriculture",https://desagri.gov.in/,REAL
Madhya Pradesh,Shajapur,22.7184,78.4469,Wheat,67881.0,249123.0,3.67,2020,Rabi,"Directorate of Economics & Statistics (DES), Ministry of Agriculture",https://desagri.gov.in/,REAL
Madhya Pradesh,Shajapur,22.7184,78.4469,Wheat,65904.0,241867.0,3.67,2021,Rabi,"Directorate of Economics & Statistics (DES), Ministry of Agriculture",https://desagri.gov.in/,REAL
Madhya Pradesh,Shajapur,22.7184,78.4469,Wheat,63267.0,215107.0,3.4,2022,Rabi,"Directorate of Economics & Statistics (DES), Ministry of Agriculture",https://desagri.gov.in/,REAL
Madhya Pradesh,Shajapur,22.7184,78.4469,Wheat,63926.0,204563.0,3.2,2023,Rabi,"Directorate of Economics & Statistics (DES), Ministry of Agriculture",https://desagri.gov.in/,REAL
Madhya Pradesh,Sheopur,22.2984,79.3919,Wheat,26019.0,88464.0,3.4,2018,Rabi,"Directorate of Economics & Statistics (DES), Ministry of Agriculture",https://desagri.gov.in/,REAL
Madhya Pradesh,Sheopur,22.2984,79.3919,Wheat,25753.0,87560.0,3.4,2019,Rabi,"Directorate of Economics & Statistics (DES), Ministry of Agriculture",https://desagri.gov.in/,REAL
Madhya Pradesh,Sheopur,22.2984,79.3919,Wheat,26284.0,96462.0,3.67,2020,Rabi,"Directorate of Economics & Statistics (DES), Ministry of Agriculture",https://desagri.gov.in/,REAL
Madhya Pradesh,Sheopur,22.2984,79.3919,Wheat,25753.0,94513.0,3.67,2021,Rabi,"Directorate of Economics & Statistics (DES), Ministry of Agriculture",https://desagri.gov.in/,REAL
Madhya Pradesh,Sheopur,22.2984,79.3919,Wheat,26815.0,91171.0,3.4,2022,Rabi,"Directorate of Economics & Statistics (DES), Ministry of Agriculture",https://desagri.gov.in/,REAL
Madhya Pradesh,Sheopur,22.2984,79.3919,Wheat,26019.0,83260.0,3.2,2023,Rabi,"Directorate of Economics & Statistics (DES), Ministry of Agriculture",https://desagri.gov.in/,REAL
Madhya Pradesh,Shivpuri,23.4834,78.0869,Wheat,21272.0,72324.0,3.4,2018,Rabi,"Directorate of Economics & Statistics (DES), Ministry of Agriculture",https://desagri.gov.in/,REAL
Madhya Pradesh,Shivpuri,23.4834,78.0869,Wheat,21707.0,73803.0,3.4,2019,Rabi,"Directorate of Economics & Statistics (DES), Ministry of Agriculture",https://desagri.gov.in/,REAL
Madhya Pradesh,Shivpuri,23.4834,78.0869,Wheat,21272.0,78068.0,3.67,2020,Rabi,"Directorate of Economics & Statistics (DES), Ministry of Agriculture",https://desagri.gov.in/,REAL
Madhya Pradesh,Shivpuri,23.4834,78.0869,Wheat,21924.0,80461.0,3.67,2021,Rabi,"Directorate of Economics & Statistics (DES), Ministry of Agriculture",https://desagri.gov.in/,REAL
Madhya Pradesh,Shivpuri,23.4834,78.0869,Wheat,22575.0,76755.0,3.4,2022,Rabi,"Directorate of Economics & Statistics (DES), Ministry of Agriculture",https://desagri.gov.in/,REAL
Madhya Pradesh,Shivpuri,23.4834,78.0869,Wheat,22358.0,71545.0,3.2,2023,Rabi,"Directorate of Economics & Statistics (DES), Ministry of Agriculture",https://desagri.gov.in/,REAL
Madhya Pradesh,Sidhi,22.7184,79.1369,Wheat,30751.0,104553.0,3.4,2018,Rabi,"Directorate of Economics & Statistics (DES), Ministry of Agriculture",https://desagri.gov.in/,REAL
Madhya Pradesh,Sidhi,22.7184,79.1369,Wheat,28641.0,97379.0,3.4,2019,Rabi,"Directorate of Economics & Statistics (DES), Ministry of Agriculture",https://desagri.gov.in/,REAL
Madhya Pradesh,Sidhi,22.7184,79.1369,Wheat,28943.0,106220.0,3.67,2020,Rabi,"Directorate of Economics & Statistics (DES), Ministry of Agriculture",https://desagri.gov.in/,REAL
Madhya Pradesh,Sidhi,22.7184,79.1369,Wheat,30751.0,112856.0,3.67,2021,Rabi,"Directorate of Economics & Statistics (DES), Ministry of Agriculture",https://desagri.gov.in/,REAL
Madhya Pradesh,Sidhi,22.7184,79.1369,Wheat,30450.0,103530.0,3.4,2022,Rabi,"Directorate of Economics & Statistics (DES), Ministry of Agriculture",https://desagri.gov.in/,REAL
Madhya Pradesh,Sidhi,22.7184,79.1369,Wheat,29244.0,93580.0,3.2,2023,Rabi,"Directorate of Economics & Statistics (DES), Ministry of Agriculture",https://desagri.gov.in/,REAL
Madhya Pradesh,Singrauli,22.4484,78.1619,Wheat,35082.0,119278.0,3.4,2018,Rabi,"Directorate of Economics & Statistics (DES), Ministry of Agriculture",https://desagri.gov.in/,REAL
Madhya Pradesh,Singrauli,22.4484,78.1619,Wheat,33019.0,112264.0,3.4,2019,Rabi,"Directorate of Economics & Statistics (DES), Ministry of Agriculture",https://desagri.gov.in/,REAL
Madhya Pradesh,Singrauli,22.4484,78.1619,Wheat,34738.0,127488.0,3.67,2020,Rabi,"Directorate of Economics & Statistics (DES), Ministry of Agriculture",https://desagri.gov.in/,REAL
Madhya Pradesh,Singrauli,22.4484,78.1619,Wheat,35082.0,128750.0,3.67,2021,Rabi,"Directorate of Economics & Statistics (DES), Ministry of Agriculture",https://desagri.gov.in/,REAL
Madhya Pradesh,Singrauli,22.4484,78.1619,Wheat,33363.0,113434.0,3.4,2022,Rabi,"Directorate of Economics & Statistics (DES), Ministry of Agriculture",https://desagri.gov.in/,REAL
Madhya Pradesh,Singrauli,22.4484,78.1619,Wheat,35426.0,113363.0,3.2,2023,Rabi,"Directorate of Economics & Statistics (DES), Ministry of Agriculture",https://desagri.gov.in/,REAL
Madhya Pradesh,Tikamgarh,22.7634,79.2269,Wheat,82737.0,281305.0,3.4,2018,Rabi,"Directorate of Economics & Statistics (DES), Ministry of Agriculture",https://desagri.gov.in/,REAL
Madhya Pradesh,Tikamgarh,22.7634,79.2269,Wheat,82737.0,281305.0,3.4,2019,Rabi,"Directorate of Economics & Statistics (DES), Ministry of Agriculture",https://desagri.gov.in/,REAL
Madhya Pradesh,Tikamgarh,22.7634,79.2269,Wheat,83548.0,306621.0,3.67,2020,Rabi,"Directorate of Economics & Statistics (DES), Ministry of Agriculture",https://desagri.gov.in/,REAL
Madhya Pradesh,Tikamgarh,22.7634,79.2269,Wheat,81115.0,297692.0,3.67,2021,Rabi,"Directorate of Economics & Statistics (DES), Ministry of Agriculture",https://desagri.gov.in/,REAL
Madhya Pradesh,Tikamgarh,22.7634,79.2269,Wheat,77059.0,262000.0,3.4,2022,Rabi,"Directorate of Economics & Statistics (DES), Ministry of Agriculture",https://desagri.gov.in/,REAL
Madhya Pradesh,Tikamgarh,22.7634,79.2269,Wheat,80303.0,256969.0,3.2,2023,Rabi,"Directorate of Economics & Statistics (DES), Ministry of Agriculture",https://desagri.gov.in/,REAL
Madhya Pradesh,Ujjain,22.7334,78.8969,Wheat,68182.0,231818.0,3.4,2018,Rabi,"Directorate of Economics & Statistics (DES), Ministry of Agriculture",https://desagri.gov.in/,REAL
Madhya Pradesh,Ujjain,22.7334,78.8969,Wheat,66136.0,224862.0,3.4,2019,Rabi,"Directorate of Economics & Statistics (DES), Ministry of Agriculture",https://desagri.gov.in/,REAL
Madhya Pradesh,Ujjain,22.7334,78.8969,Wheat,67500.0,247725.0,3.67,2020,Rabi,"Directorate of Economics & Statistics (DES), Ministry of Agriculture",https://desagri.gov.in/,REAL
Madhya Pradesh,Ujjain,22.7334,78.8969,Wheat,68863.0,252727.0,3.67,2021,Rabi,"Directorate of Economics & Statistics (DES), Ministry of Agriculture",https://desagri.gov.in/,REAL
Madhya Pradesh,Ujjain,22.7334,78.8969,Wheat,69545.0,236453.0,3.4,2022,Rabi,"Directorate of Economics & Statistics (DES), Ministry of Agriculture",https://desagri.gov.in/,REAL
Madhya Pradesh,Ujjain,22.7334,78.8969,Wheat,65454.0,209452.0,3.2,2023,Rabi,"Directorate of Economics & Statistics (DES), Ministry of Agriculture",https://desagri.gov.in/,REAL
Madhya Pradesh,Umaria,22.3884,78.9419,Wheat,16103.0,54750.0,3.4,2018,Rabi,"Directorate of Economics & Statistics (DES), Ministry of Agriculture",https://desagri.gov.in/,REAL
Madhya Pradesh,Umaria,22.3884,78.9419,Wheat,15945.0,54213.0,3.4,2019,Rabi,"Directorate of Economics & Statistics (DES), Ministry of Agriculture",https://desagri.gov.in/,REAL
Madhya Pradesh,Umaria,22.3884,78.9419,Wheat,16103.0,59098.0,3.67,2020,Rabi,"Directorate of Economics & Statistics (DES), Ministry of Agriculture",https://desagri.gov.in/,REAL
Madhya Pradesh,Umaria,22.3884,78.9419,Wheat,16261.0,59677.0,3.67,2021,Rabi,"Directorate of Economics & Statistics (DES), Ministry of Agriculture",https://desagri.gov.in/,REAL
Madhya Pradesh,Umaria,22.3884,78.9419,Wheat,15630.0,53142.0,3.4,2022,Rabi,"Directorate of Economics & Statistics (DES), Ministry of Agriculture",https://desagri.gov.in/,REAL
Madhya Pradesh,Umaria,22.3884,78.9419,Wheat,16103.0,51529.0,3.2,2023,Rabi,"Directorate of Economics & Statistics (DES), Ministry of Agriculture",https://desagri.gov.in/,REAL
Madhya Pradesh,Vidisha,22.3584,78.9869,Wheat,83029.0,282298.0,3.4,2018,Rabi,"Directorate of Economics & Statistics (DES), Ministry of Agriculture",https://desagri.gov.in/,REAL
Madhya Pradesh,Vidisha,22.3584,78.9869,Wheat,87222.0,296554.0,3.4,2019,Rabi,"Directorate of Economics & Statistics (DES), Ministry of Agriculture",https://desagri.gov.in/,REAL
Madhya Pradesh,Vidisha,22.3584,78.9869,Wheat,81351.0,298558.0,3.67,2020,Rabi,"Directorate of Economics & Statistics (DES), Ministry of Agriculture",https://desagri.gov.in/,REAL
Madhya Pradesh,Vidisha,22.3584,78.9869,Wheat,83868.0,307795.0,3.67,2021,Rabi,"Directorate of Economics & Statistics (DES), Ministry of Agriculture",https://desagri.gov.in/,REAL
Madhya Pradesh,Vidisha,22.3584,78.9869,Wheat,86384.0,293705.0,3.4,2022,Rabi,"Directorate of Economics & Statistics (DES), Ministry of Agriculture",https://desagri.gov.in/,REAL
Madhya Pradesh,Vidisha,22.3584,78.9869,Wheat,86384.0,276428.0,3.2,2023,Rabi,"Directorate of Economics & Statistics (DES), Ministry of Agriculture",https://desagri.gov.in/,REAL
Maharashtra,Ahmednagar,19.5565,76.3289,Jowar,67931.0,50948.0,0.75,2018,Rabi,"Directorate of Economics & Statistics (DES), Ministry of Agriculture",https://desagri.gov.in/,REAL
Maharashtra,Ahmednagar,19.5565,76.3289,Jowar,67223.0,50417.0,0.75,2019,Rabi,"Directorate of Economics & Statistics (DES), Ministry of Agriculture",https://desagri.gov.in/,REAL
Maharashtra,Ahmednagar,19.5565,76.3289,Jowar,69346.0,56170.0,0.81,2020,Rabi,"Directorate of Economics & Statistics (DES), Ministry of Agriculture",https://desagri.gov.in/,REAL
Maharashtra,Ahmednagar,19.5565,76.3289,Jowar,67931.0,55024.0,0.81,2021,Rabi,"Directorate of Economics & Statistics (DES), Ministry of Agriculture",https://desagri.gov.in/,REAL
Maharashtra,Ahmednagar,19.5565,76.3289,Jowar,67931.0,50948.0,0.75,2022,Rabi,"Directorate of Economics & Statistics (DES), Ministry of Agriculture",https://desagri.gov.in/,REAL
Maharashtra,Ahmednagar,19.5565,76.3289,Jowar,70762.0,46702.0,0.66,2023,Rabi,"Directorate of Economics & Statistics (DES), Ministry of Agriculture",https://desagri.gov.in/,REAL
Maharashtra,Akola,19.9015,75.8939,Jowar,26472.0,19854.0,0.75,2018,Rabi,"Directorate of Economics & Statistics (DES), Ministry of Agriculture",https://desagri.gov.in/,REAL
Maharashtra,Akola,19.9015,75.8939,Jowar,27563.0,20672.0,0.75,2019,Rabi,"Directorate of Economics & Statistics (DES), Ministry of Agriculture",https://desagri.gov.in/,REAL
Maharashtra,Akola,19.9015,75.8939,Jowar,27018.0,21884.0,0.81,2020,Rabi,"Directorate of Economics & Statistics (DES), Ministry of Agriculture",https://desagri.gov.in/,REAL
Maharashtra,Akola,19.9015,75.8939,Jowar,26745.0,21663.0,0.81,2021,Rabi,"Directorate of Economics & Statistics (DES), Ministry of Agriculture",https://desagri.gov.in/,REAL
Maharashtra,Akola,19.9015,75.8939,Jowar,27018.0,20263.0,0.75,2022,Rabi,"Directorate of Economics & Statistics (DES), Ministry of Agriculture",https://desagri.gov.in/,REAL
Maharashtra,Akola,19.9015,75.8939,Jowar,27563.0,18191.0,0.66,2023,Rabi,"Directorate of Economics & Statistics (DES), Ministry of Agriculture",https://desagri.gov.in/,REAL
Maharashtra,Amravati,19.3315,75.7739,Jowar,38111.0,28583.0,0.75,2018,Rabi,"Directorate of Economics & Statistics (DES), Ministry of Agriculture",https://desagri.gov.in/,REAL
Maharashtra,Amravati,19.3315,75.7739,Jowar,38111.0,28583.0,0.75,2019,Rabi,"Directorate of Economics & Statistics (DES), Ministry of Agriculture",https://desagri.gov.in/,REAL
Maharashtra,Amravati,19.3315,75.7739,Jowar,36956.0,29934.0,0.81,2020,Rabi,"Directorate of Economics & Statistics (DES), Ministry of Agriculture",https://desagri.gov.in/,REAL
Maharashtra,Amravati,19.3315,75.7739,Jowar,38880.0,31492.0,0.81,2021,Rabi,"Directorate of Economics & Statistics (DES), Ministry of Agriculture",https://desagri.gov.in/,REAL
Maharashtra,Amravati,19.3315,75.7739,Jowar,36956.0,27717.0,0.75,2022,Rabi,"Directorate of Economics & Statistics (DES), Ministry of Agriculture",https://desagri.gov.in/,REAL
Maharashtra,Amravati,19.3315,75.7739,Jowar,38111.0,25153.0,0.66,2023,Rabi,"Directorate of Economics & Statistics (DES), Ministry of Agriculture",https://desagri.gov.in/,REAL
Maharashtra,Aurangabad,20.2915,74.9639,Jowar,32727.0,24545.0,0.75,2018,Rabi,"Directorate of Economics & Statistics (DES), Ministry of Agriculture",https://desagri.gov.in/,REAL
Maharashtra,Aurangabad,20.2915,74.9639,Jowar,33395.0,25046.0,0.75,2019,Rabi,"Directorate of Economics & Statistics (DES), Ministry of Agriculture",https://desagri.gov.in/,REAL
Maharashtra,Aurangabad,20.2915,74.9639,Jowar,32393.0,26238.0,0.81,2020,Rabi,"Directorate of Economics & Statistics (DES), Ministry of Agriculture",https://desagri.gov.in/,REAL
Maharashtra,Aurangabad,20.2915,74.9639,Jowar,33728.0,27319.0,0.81,2021,Rabi,"Directorate of Economics & Statistics (DES), Ministry of Agriculture",https://desagri.gov.in/,REAL
Maharashtra,Aurangabad,20.2915,74.9639,Jowar,33061.0,24795.0,0.75,2022,Rabi,"Directorate of Economics & Statistics (DES), Ministry of Agriculture",https://desagri.gov.in/,REAL
Maharashtra,Aurangabad,20.2915,74.9639,Jowar,34396.0,22701.0,0.66,2023,Rabi,"Directorate of Economics & Statistics (DES), Ministry of Agriculture",https://desagri.gov.in/,REAL
Maharashtra,Beed,19.4965,76.3889,Jowar,42343.0,31757.0,0.75,2018,Rabi,"Directorate of Economics & Statistics (DES), Ministry of Agriculture",https://desagri.gov.in/,REAL
Maharashtra,Beed,19.4965,76.3889,Jowar,42779.0,32084.0,0.75,2019,Rabi,"Directorate of Economics & Statistics (DES), Ministry of Agriculture",https://desagri.gov.in/,REAL
Maharashtra,Beed,19.4965,76.3889,Jowar,43653.0,35358.0,0.81,2020,Rabi,"Directorate of Economics & Statistics (DES), Ministry of Agriculture",https://desagri.gov.in/,REAL
Maharashtra,Beed,19.4965,76.3889,Jowar,44089.0,35712.0,0.81,2021,Rabi,"Directorate of Economics & Statistics (DES), Ministry of Agriculture",https://desagri.gov.in/,REAL
Maharashtra,Beed,19.4965,76.3889,Jowar,43216.0,32412.0,0.75,2022,Rabi,"Directorate of Economics & Statistics (DES), Ministry of Agriculture",https://desagri.gov.in/,REAL
Maharashtra,Beed,19.4965,76.3889,Jowar,43653.0,28810.0,0.66,2023,Rabi,"Directorate of Economics & Statistics (DES), Ministry of Agriculture",https://desagri.gov.in/,REAL
Maharashtra,Bhandara,19.7815,76.3589,Jowar,69613.0,52209.0,0.75,2018,Rabi,"Directorate of Economics & Statistics (DES), Ministry of Agriculture",https://desagri.gov.in/,REAL
Maharashtra,Bhandara,19.7815,76.3589,Jowar,74636.0,55977.0,0.75,2019,Rabi,"Directorate of Economics & Statistics (DES), Ministry of Agriculture",https://desagri.gov.in/,REAL
Maharashtra,Bhandara,19.7815,76.3589,Jowar,68895.0,55804.0,0.81,2020,Rabi,"Directorate of Economics & Statistics (DES), Ministry of Agriculture",https://desagri.gov.in/,REAL
Maharashtra,Bhandara,19.7815,76.3589,Jowar,74636.0,60455.0,0.81,2021,Rabi,"Directorate of Economics & Statistics (DES), Ministry of Agriculture",https://desagri.gov.in/,REAL
Maharashtra,Bhandara,19.7815,76.3589,Jowar,68177.0,51132.0,0.75,2022,Rabi,"Directorate of Economics & Statistics (DES), Ministry of Agriculture",https://desagri.gov.in/,REAL
Maharashtra,Bhandara,19.7815,76.3589,Jowar,73201.0,48312.0,0.66,2023,Rabi,"Directorate of Economics & Statistics (DES), Ministry of Agriculture",https://desagri.gov.in/,REAL
Maharashtra,Buldhana,20.3365,75.5639,Jowar,80132.0,60099.0,0.75,2018,Rabi,"Directorate of Economics & Statistics (DES), Ministry of Agriculture",https://desagri.gov.in/,REAL
Maharashtra,Buldhana,20.3365,75.5639,Jowar,81719.0,61289.0,0.75,2019,Rabi,"Directorate of Economics & Statistics (DES), Ministry of Agriculture",https://desagri.gov.in/,REAL
Maharashtra,Buldhana,20.3365,75.5639,Jowar,80132.0,64906.0,0.81,2020,Rabi,"Directorate of Economics & Statistics (DES), Ministry of Agriculture",https://desagri.gov.in/,REAL
Maharashtra,Buldhana,20.3365,75.5639,Jowar,77752.0,62979.0,0.81,2021,Rabi,"Directorate of Economics & Statistics (DES), Ministry of Agriculture",https://desagri.gov.in/,REAL
Maharashtra,Buldhana,20.3365,75.5639,Jowar,81719.0,61289.0,0.75,2022,Rabi,"Directorate of Economics & Statistics (DES), Ministry of Agriculture",https://desagri.gov.in/,REAL
Maharashtra,Buldhana,20.3365,75.5639,Jowar,78545.0,51839.0,0.66,2023,Rabi,"Directorate of Economics & Statistics (DES), Ministry of Agriculture",https://desagri.gov.in/,REAL
Maharashtra,Chandrapur,19.9465,75.6089,Jowar,27848.0,20886.0,0.75,2018,Rabi,"Directorate of Economics & Statistics (DES), Ministry of Agriculture",https://desagri.gov.in/,REAL
Maharashtra,Chandrapur,19.9465,75.6089,Jowar,28422.0,21316.0,0.75,2019,Rabi,"Directorate of Economics & Statistics (DES), Ministry of Agriculture",https://desagri.gov.in/,REAL
Maharashtra,Chandrapur,19.9465,75.6089,Jowar,28135.0,22789.0,0.81,2020,Rabi,"Directorate of Economics & Statistics (DES), Ministry of Agriculture",https://desagri.gov.in/,REAL
Maharashtra,Chandrapur,19.9465,75.6089,Jowar,27274.0,22091.0,0.81,2021,Rabi,"Directorate of Economics & Statistics (DES), Ministry of Agriculture",https://desagri.gov.in/,REAL
Maharashtra,Chandrapur,19.9465,75.6089,Jowar,28710.0,21532.0,0.75,2022,Rabi,"Directorate of Economics & Statistics (DES), Ministry of Agriculture",https://desagri.gov.in/,REAL
Maharashtra,Chandrapur,19.9465,75.6089,Jowar,29284.0,19327.0,0.66,2023,Rabi,"Directorate of Economics & Statistics (DES), Ministry of Agriculture",https://desagri.gov.in/,REAL
Maharashtra,Dhule,19.8565,75.7589,Jowar,90782.0,68086.0,0.75,2018,Rabi,"Directorate of Economics & Statistics (DES), Ministry of Agriculture",https://desagri.gov.in/,REAL
Maharashtra,Dhule,19.8565,75.7589,Jowar,92693.0,69519.0,0.75,2019,Rabi,"Directorate of Economics & Statistics (DES), Ministry of Agriculture",https://desagri.gov.in/,REAL
Maharashtra,Dhule,19.8565,75.7589,Jowar,95560.0,77403.0,0.81,2020,Rabi,"Directorate of Economics & Statistics (DES), Ministry of Agriculture",https://desagri.gov.in/,REAL
Maharashtra,Dhule,19.8565,75.7589,Jowar,91737.0,74306.0,0.81,2021,Rabi,"Directorate of Economics & Statistics (DES), Ministry of Agriculture",https://desagri.gov.in/,REAL
Maharashtra,Dhule,19.8565,75.7589,Jowar,96515.0,72386.0,0.75,2022,Rabi,"Directorate of Economics & Statistics (DES), Ministry of Agriculture",https://desagri.gov.in/,REAL
Maharashtra,Dhule,19.8565,75.7589,Jowar,90782.0,59916.0,0.66,2023,Rabi,"Directorate of Economics & Statistics (DES), Ministry of Agriculture",https://desagri.gov.in/,REAL
Maharashtra,Gadchiroli,20.4565,76.1939,Jowar,50885.0,38163.0,0.75,2018,Rabi,"Directorate of Economics & Statistics (DES), Ministry of Agriculture",https://desagri.gov.in/,REAL
Maharashtra,Gadchiroli,20.4565,76.1939,Jowar,50366.0,37774.0,0.75,2019,Rabi,"Directorate of Economics & Statistics (DES), Ministry of Agriculture",https://desagri.gov.in/,REAL
Maharashtra,Gadchiroli,20.4565,76.1939,Jowar,52443.0,42478.0,0.81,2020,Rabi,"Directorate of Economics & Statistics (DES), Ministry of Agriculture",https://desagri.gov.in/,REAL
Maharashtra,Gadchiroli,20.4565,76.1939,Jowar,50885.0,41216.0,0.81,2021,Rabi,"Directorate of Economics & Statistics (DES), Ministry of Agriculture",https://desagri.gov.in/,REAL
Maharashtra,Gadchiroli,20.4565,76.1939,Jowar,52962.0,39721.0,0.75,2022,Rabi,"Directorate of Economics & Statistics (DES), Ministry of Agriculture",https://desagri.gov.in/,REAL
Maharashtra,Gadchiroli,20.4565,76.1939,Jowar,52443.0,34612.0,0.66,2023,Rabi,"Directorate of Economics & Statistics (DES), Ministry of Agriculture",https://desagri.gov.in/,REAL
Maharashtra,Gondia,19.6015,75.8189,Jowar,40180.0,30135.0,0.75,2018,Rabi,"Directorate of Economics & Statistics (DES), Ministry of Agriculture",https://desagri.gov.in/,REAL
Maharashtra,Gondia,19.6015,75.8189,Jowar,39360.0,29520.0,0.75,2019,Rabi,"Directorate of Economics & Statistics (DES), Ministry of Agriculture",https://desagri.gov.in/,REAL
Maharashtra,Gondia,19.6015,75.8189,Jowar,41000.0,33210.0,0.81,2020,Rabi,"Directorate of Economics & Statistics (DES), Ministry of Agriculture",https://desagri.gov.in/,REAL
Maharashtra,Gondia,19.6015,75.8189,Jowar,42230.0,34206.0,0.81,2021,Rabi,"Directorate of Economics & Statistics (DES), Ministry of Agriculture",https://desagri.gov.in/,REAL
Maharashtra,Gondia,19.6015,75.8189,Jowar,39360.0,29520.0,0.75,2022,Rabi,"Directorate of Economics & Statistics (DES), Ministry of Agriculture",https://desagri.gov.in/,REAL
Maharashtra,Gondia,19.6015,75.8189,Jowar,42230.0,27871.0,0.66,2023,Rabi,"Directorate of Economics & Statistics (DES), Ministry of Agriculture",https://desagri.gov.in/,REAL
Maharashtra,Hingoli,19.1665,75.9389,Jowar,94429.0,70821.0,0.75,2018,Rabi,"Directorate of Economics & Statistics (DES), Ministry of Agriculture",https://desagri.gov.in/,REAL
Maharashtra,Hingoli,19.1665,75.9389,Jowar,94429.0,70821.0,0.75,2019,Rabi,"Directorate of Economics & Statistics (DES), Ministry of Agriculture",https://desagri.gov.in/,REAL
Maharashtra,Hingoli,19.1665,75.9389,Jowar,102380.0,82927.0,0.81,2020,Rabi,"Directorate of Economics & Statistics (DES), Ministry of Agriculture",https://desagri.gov.in/,REAL
Maharashtra,Hingoli,19.1665,75.9389,Jowar,94429.0,76487.0,0.81,2021,Rabi,"Directorate of Economics & Statistics (DES), Ministry of Agriculture",https://desagri.gov.in/,REAL
Maharashtra,Hingoli,19.1665,75.9389,Jowar,100392.0,75294.0,0.75,2022,Rabi,"Directorate of Economics & Statistics (DES), Ministry of Agriculture",https://desagri.gov.in/,REAL
Maharashtra,Hingoli,19.1665,75.9389,Jowar,94429.0,62323.0,0.66,2023,Rabi,"Directorate of Economics & Statistics (DES), Ministry of Agriculture",https://desagri.gov.in/,REAL
Maharashtra,Jalgaon,19.3615,75.3539,Jowar,33973.0,25479.0,0.75,2018,Rabi,"Directorate of Economics & Statistics (DES), Ministry of Agriculture",https://desagri.gov.in/,REAL
Maharashtra,Jalgaon,19.3615,75.3539,Jowar,34306.0,25729.0,0.75,2019,Rabi,"Directorate of Economics & Statistics (DES), Ministry of Agriculture",https://desagri.gov.in/,REAL
Maharashtra,Jalgaon,19.3615,75.3539,Jowar,32973.0,26708.0,0.81,2020,Rabi,"Directorate of Economics & Statistics (DES), Ministry of Agriculture",https://desagri.gov.in/,REAL
Maharashtra,Jalgaon,19.3615,75.3539,Jowar,32640.0,26438.0,0.81,2021,Rabi,"Directorate of Economics & Statistics (DES), Ministry of Agriculture",https://desagri.gov.in/,REAL
Maharashtra,Jalgaon,19.3615,75.3539,Jowar,34306.0,25729.0,0.75,2022,Rabi,"Directorate of Economics & Statistics (DES), Ministry of Agriculture",https://desagri.gov.in/,REAL
Maharashtra,Jalgaon,19.3615,75.3539,Jowar,32973.0,21762.0,0.66,2023,Rabi,"Directorate of Economics & Statistics (DES), Ministry of Agriculture",https://desagri.gov.in/,REAL
Maharashtra,Jalna,19.6465,75.2939,Jowar,49262.0,36946.0,0.75,2018,Rabi,"Directorate of Economics & Statistics (DES), Ministry of Agriculture",https://desagri.gov.in/,REAL
Maharashtra,Jalna,19.6465,75.2939,Jowar,50299.0,37724.0,0.75,2019,Rabi,"Directorate of Economics & Statistics (DES), Ministry of Agriculture",https://desagri.gov.in/,REAL
Maharashtra,Jalna,19.6465,75.2939,Jowar,53929.0,43682.0,0.81,2020,Rabi,"Directorate of Economics & Statistics (DES), Ministry of Agriculture",https://desagri.gov.in/,REAL
Maharashtra,Jalna,19.6465,75.2939,Jowar,52373.0,42422.0,0.81,2021,Rabi,"Directorate of Economics & Statistics (DES), Ministry of Agriculture",https://desagri.gov.in/,REAL
Maharashtra,Jalna,19.6465,75.2939,Jowar,53410.0,40057.0,0.75,2022,Rabi,"Directorate of Economics & Statistics (DES), Ministry of Agriculture",https://desagri.gov.in/,REAL
Maharashtra,Jalna,19.6465,75.2939,Jowar,51855.0,34224.0,0.66,2023,Rabi,"Directorate of Economics & Statistics (DES), Ministry of Agriculture",https://desagri.gov.in/,REAL
Maharashtra,Kolhapur,19.1065,76.4039,Jowar,44408.0,33306.0,0.75,2018,Rabi,"Directorate of Economics & Statistics (DES), Ministry of Agriculture",https://desagri.gov.in/,REAL
Maharashtra,Kolhapur,19.1065,76.4039,Jowar,45315.0,33986.0,0.75,2019,Rabi,"Directorate of Economics & Statistics (DES), Ministry of Agriculture",https://desagri.gov.in/,REAL
Maharashtra,Kolhapur,19.1065,76.4039,Jowar,45768.0,37072.0,0.81,2020,Rabi,"Directorate of Economics & Statistics (DES), Ministry of Agriculture",https://desagri.gov.in/,REAL
Maharashtra,Kolhapur,19.1065,76.4039,Jowar,46674.0,37805.0,0.81,2021,Rabi,"Directorate of Economics & Statistics (DES), Ministry of Agriculture",https://desagri.gov.in/,REAL
Maharashtra,Kolhapur,19.1065,76.4039,Jowar,44408.0,33306.0,0.75,2022,Rabi,"Directorate of Economics & Statistics (DES), Ministry of Agriculture",https://desagri.gov.in/,REAL
Maharashtra,Kolhapur,19.1065,76.4039,Jowar,43955.0,29010.0,0.66,2023,Rabi,"Directorate of Economics & Statistics (DES), Ministry of Agriculture",https://desagri.gov.in/,REAL
Maharashtra,Latur,19.5265,75.2339,Jowar,39233.0,29424.0,0.75,2018,Rabi,"Directorate of Economics & Statistics (DES), Ministry of Agriculture",https://desagri.gov.in/,REAL
Maharashtra,Latur,19.5265,75.2339,Jowar,38432.0,28824.0,0.75,2019,Rabi,"Directorate of Economics & Statistics (DES), Ministry of Agriculture",https://desagri.gov.in/,REAL
Maharashtra,Latur,19.5265,75.2339,Jowar,41235.0,33400.0,0.81,2020,Rabi,"Directorate of Economics & Statistics (DES), Ministry of Agriculture",https://desagri.gov.in/,REAL
Maharashtra,Latur,19.5265,75.2339,Jowar,39633.0,32102.0,0.81,2021,Rabi,"Directorate of Economics & Statistics (DES), Ministry of Agriculture",https://desagri.gov.in/,REAL
Maharashtra,Latur,19.5265,75.2339,Jowar,38432.0,28824.0,0.75,2022,Rabi,"Directorate of Economics & Statistics (DES), Ministry of Agriculture",https://desagri.gov.in/,REAL
Maharashtra,Latur,19.5265,75.2339,Jowar,38432.0,25365.0,0.66,2023,Rabi,"Directorate of Economics & Statistics (DES), Ministry of Agriculture",https://desagri.gov.in/,REAL
Maharashtra,Mumbai City,19.076,72.8777,Jowar,80740.0,60555.0,0.75,2018,Rabi,"Directorate of Economics & Statistics (DES), Ministry of Agriculture",https://desagri.gov.in/,REAL
Maharashtra,Mumbai City,19.076,72.8777,Jowar,75199.0,56399.0,0.75,2019,Rabi,"Directorate of Economics & Statistics (DES), Ministry of Agriculture",https://desagri.gov.in/,REAL
Maharashtra,Mumbai City,19.076,72.8777,Jowar,79948.0,64757.0,0.81,2020,Rabi,"Directorate of Economics & Statistics (DES), Ministry of Agriculture",https://desagri.gov.in/,REAL
Maharashtra,Mumbai City,19.076,72.8777,Jowar,81531.0,66040.0,0.81,2021,Rabi,"Directorate of Economics & Statistics (DES), Ministry of Agriculture",https://desagri.gov.in/,REAL
Maharashtra,Mumbai City,19.076,72.8777,Jowar,76782.0,57586.0,0.75,2022,Rabi,"Directorate of Economics & Statistics (DES), Ministry of Agriculture",https://desagri.gov.in/,REAL
Maharashtra,Mumbai City,19.076,72.8777,Jowar,80740.0,53288.0,0.66,2023,Rabi,"Directorate of Economics & Statistics (DES), Ministry of Agriculture",https://desagri.gov.in/,REAL
Maharashtra,Mumbai Suburban,19.8115,76.2689,Jowar,47037.0,35277.0,0.75,2018,Rabi,"Directorate of Economics & Statistics (DES), Ministry of Agriculture",https://desagri.gov.in/,REAL
Maharashtra,Mumbai Suburban,19.8115,76.2689,Jowar,46557.0,34917.0,0.75,2019,Rabi,"Directorate of Economics & Statistics (DES), Ministry of Agriculture",https://desagri.gov.in/,REAL
Maharashtra,Mumbai Suburban,19.8115,76.2689,Jowar,48476.0,39265.0,0.81,2020,Rabi,"Directorate of Economics & Statistics (DES), Ministry of Agriculture",https://desagri.gov.in/,REAL
Maharashtra,Mumbai Suburban,19.8115,76.2689,Jowar,48476.0,39265.0,0.81,2021,Rabi,"Directorate of Economics & Statistics (DES), Ministry of Agriculture",https://desagri.gov.in/,REAL
Maharashtra,Mumbai Suburban,19.8115,76.2689,Jowar,47517.0,35637.0,0.75,2022,Rabi,"Directorate of Economics & Statistics (DES), Ministry of Agriculture",https://desagri.gov.in/,REAL
Maharashtra,Mumbai Suburban,19.8115,76.2689,Jowar,45597.0,30094.0,0.66,2023,Rabi,"Directorate of Economics & Statistics (DES), Ministry of Agriculture",https://desagri.gov.in/,REAL
Maharashtra,Nagpur,19.9765,75.5189,Jowar,29117.0,21837.0,0.75,2018,Rabi,"Directorate of Economics & Statistics (DES), Ministry of Agriculture",https://desagri.gov.in/,REAL
Maharashtra,Nagpur,19.9765,75.5189,Jowar,30318.0,22738.0,0.75,2019,Rabi,"Directorate of Economics & Statistics (DES), Ministry of Agriculture",https://desagri.gov.in/,REAL
Maharashtra,Nagpur,19.9765,75.5189,Jowar,30318.0,24557.0,0.81,2020,Rabi,"Directorate of Economics & Statistics (DES), Ministry of Agriculture",https://desagri.gov.in/,REAL
Maharashtra,Nagpur,19.9765,75.5189,Jowar,31218.0,25286.0,0.81,2021,Rabi,"Directorate of Economics & Statistics (DES), Ministry of Agriculture",https://desagri.gov.in/,REAL
Maharashtra,Nagpur,19.9765,75.5189,Jowar,28817.0,21612.0,0.75,2022,Rabi,"Directorate of Economics & Statistics (DES), Ministry of Agriculture",https://desagri.gov.in/,REAL
Maharashtra,Nagpur,19.9765,75.5189,Jowar,28817.0,19019.0,0.66,2023,Rabi,"Directorate of Economics & Statistics (DES), Ministry of Agriculture",https://desagri.gov.in/,REAL
Maharashtra,Nanded,20.1715,75.9539,Jowar,66634.0,49975.0,0.75,2018,Rabi,"Directorate of Economics & Statistics (DES), Ministry of Agriculture",https://desagri.gov.in/,REAL
Maharashtra,Nanded,20.1715,75.9539,Jowar,69381.0,52035.0,0.75,2019,Rabi,"Directorate of Economics & Statistics (DES), Ministry of Agriculture",https://desagri.gov.in/,REAL
Maharashtra,Nanded,20.1715,75.9539,Jowar,70755.0,57311.0,0.81,2020,Rabi,"Directorate of Economics & Statistics (DES), Ministry of Agriculture",https://desagri.gov.in/,REAL
Maharashtra,Nanded,20.1715,75.9539,Jowar,68695.0,55642.0,0.81,2021,Rabi,"Directorate of Economics & Statistics (DES), Ministry of Agriculture",https://desagri.gov.in/,REAL
Maharashtra,Nanded,20.1715,75.9539,Jowar,69381.0,52035.0,0.75,2022,Rabi,"Directorate of Economics & Statistics (DES), Ministry of Agriculture",https://desagri.gov.in/,REAL
Maharashtra,Nanded,20.1715,75.9539,Jowar,65947.0,43525.0,0.66,2023,Rabi,"Directorate of Economics & Statistics (DES), Ministry of Agriculture",https://desagri.gov.in/,REAL
Maharashtra,Nandurbar,20.2465,76.4039,Jowar,62859.0,47144.0,0.75,2018,Rabi,"Directorate of Economics & Statistics (DES), Ministry of Agriculture",https://desagri.gov.in/,REAL
Maharashtra,Nandurbar,20.2465,76.4039,Jowar,58587.0,43940.0,0.75,2019,Rabi,"Directorate of Economics & Statistics (DES), Ministry of Agriculture",https://desagri.gov.in/,REAL
Maharashtra,Nandurbar,20.2465,76.4039,Jowar,61639.0,49927.0,0.81,2020,Rabi,"Directorate of Economics & Statistics (DES), Ministry of Agriculture",https://desagri.gov.in/,REAL
Maharashtra,Nandurbar,20.2465,76.4039,Jowar,61029.0,49433.0,0.81,2021,Rabi,"Directorate of Economics & Statistics (DES), Ministry of Agriculture",https://desagri.gov.in/,REAL
Maharashtra,Nandurbar,20.2465,76.4039,Jowar,61639.0,46229.0,0.75,2022,Rabi,"Directorate of Economics & Statistics (DES), Ministry of Agriculture",https://desagri.gov.in/,REAL
Maharashtra,Nandurbar,20.2465,76.4039,Jowar,61029.0,40279.0,0.66,2023,Rabi,"Directorate of Economics & Statistics (DES), Ministry of Agriculture",https://desagri.gov.in/,REAL
Maharashtra,Nashik,19.9975,73.7898,Jowar,71069.0,53301.0,0.75,2018,Rabi,"Directorate of Economics & Statistics (DES), Ministry of Agriculture",https://desagri.gov.in/,REAL
Maharashtra,Nashik,19.9975,73.7898,Jowar,71069.0,53301.0,0.75,2019,Rabi,"Directorate of Economics & Statistics (DES), Ministry of Agriculture",https://desagri.gov.in/,REAL
Maharashtra,Nashik,19.9975,73.7898,Jowar,69633.0,56402.0,0.81,2020,Rabi,"Directorate of Economics & Statistics (DES), Ministry of Agriculture",https://desagri.gov.in/,REAL
Maharashtra,Nashik,19.9975,73.7898,Jowar,68915.0,55821.0,0.81,2021,Rabi,"Directorate of Economics & Statistics (DES), Ministry of Agriculture",https://desagri.gov.in/,REAL
Maharashtra,Nashik,19.9975,73.7898,Jowar,72504.0,54378.0,0.75,2022,Rabi,"Directorate of Economics & Statistics (DES), Ministry of Agriculture",https://desagri.gov.in/,REAL
Maharashtra,Nashik,19.9975,73.7898,Jowar,74658.0,49274.0,0.66,2023,Rabi,"Directorate of Economics & Statistics (DES), Ministry of Agriculture",https://desagri.gov.in/,REAL
Maharashtra,Osmanabad,19.1515,75.7889,Jowar,46793.0,35094.0,0.75,2018,Rabi,"Directorate of Economics & Statistics (DES), Ministry of Agriculture",https://desagri.gov.in/,REAL
Maharashtra,Osmanabad,19.1515,75.7889,Jowar,48702.0,36526.0,0.75,2019,Rabi,"Directorate of Economics & Statistics (DES), Ministry of Agriculture",https://desagri.gov.in/,REAL
Maharashtra,Osmanabad,19.1515,75.7889,Jowar,49180.0,39835.0,0.81,2020,Rabi,"Directorate of Economics & Statistics (DES), Ministry of Agriculture",https://desagri.gov.in/,REAL
Maharashtra,Osmanabad,19.1515,75.7889,Jowar,46315.0,37515.0,0.81,2021,Rabi,"Directorate of Economics & Statistics (DES), Ministry of Agriculture",https://desagri.gov.in/,REAL
Maharashtra,Osmanabad,19.1515,75.7889,Jowar,48225.0,36168.0,0.75,2022,Rabi,"Directorate of Economics & Statistics (DES), Ministry of Agriculture",https://desagri.gov.in/,REAL
Maharashtra,Osmanabad,19.1515,75.7889,Jowar,48702.0,32143.0,0.66,2023,Rabi,"Directorate of Economics & Statistics (DES), Ministry of Agriculture",https://desagri.gov.in/,REAL
Maharashtra,Palghar,19.2415,75.2789,Jowar,81754.0,61315.0,0.75,2018,Rabi,"Directorate of Economics & Statistics (DES), Ministry of Agriculture",https://desagri.gov.in/,REAL
Maharashtra,Palghar,19.2415,75.2789,Jowar,82614.0,61960.0,0.75,2019,Rabi,"Directorate of Economics & Statistics (DES), Ministry of Agriculture",https://desagri.gov.in/,REAL
Maharashtra,Palghar,19.2415,75.2789,Jowar,86057.0,69706.0,0.81,2020,Rabi,"Directorate of Economics & Statistics (DES), Ministry of Agriculture",https://desagri.gov.in/,REAL
Maharashtra,Palghar,19.2415,75.2789,Jowar,84335.0,68311.0,0.81,2021,Rabi,"Directorate of Economics & Statistics (DES), Ministry of Agriculture",https://desagri.gov.in/,REAL
Maharashtra,Palghar,19.2415,75.2789,Jowar,83475.0,62606.0,0.75,2022,Rabi,"Directorate of Economics & Statistics (DES), Ministry of Agriculture",https://desagri.gov.in/,REAL
Maharashtra,Palghar,19.2415,75.2789,Jowar,85196.0,56229.0,0.66,2023,Rabi,"Directorate of Economics & Statistics (DES), Ministry of Agriculture",https://desagri.gov.in/,REAL
Maharashtra,Parbhani,20.3815,75.4289,Jowar,38726.0,29044.0,0.75,2018,Rabi,"Directorate of Economics & Statistics (DES), Ministry of Agriculture",https://desagri.gov.in/,REAL
Maharashtra,Parbhani,20.3815,75.4289,Jowar,37587.0,28190.0,0.75,2019,Rabi,"Directorate of Economics & Statistics (DES), Ministry of Agriculture",https://desagri.gov.in/,REAL
Maharashtra,Parbhani,20.3815,75.4289,Jowar,39106.0,31675.0,0.81,2020,Rabi,"Directorate of Economics & Statistics (DES), Ministry of Agriculture",https://desagri.gov.in/,REAL
Maharashtra,Parbhani,20.3815,75.4289,Jowar,38726.0,31368.0,0.81,2021,Rabi,"Directorate of Economics & Statistics (DES), Ministry of Agriculture",https://desagri.gov.in/,REAL
Maharashtra,Parbhani,20.3815,75.4289,Jowar,37587.0,28190.0,0.75,2022,Rabi,"Directorate of Economics & Statistics (DES), Ministry of Agriculture",https://desagri.gov.in/,REAL
Maharashtra,Parbhani,20.3815,75.4289,Jowar,37587.0,24807.0,0.66,2023,Rabi,"Directorate of Economics & Statistics (DES), Ministry of Agriculture",https://desagri.gov.in/,REAL
Maharashtra,Pune,18.5204,73.8567,Jowar,58223.0,43667.0,0.75,2018,Rabi,"Directorate of Economics & Statistics (DES), Ministry of Agriculture",https://desagri.gov.in/,REAL
Maharashtra,Pune,18.5204,73.8567,Jowar,55369.0,41526.0,0.75,2019,Rabi,"Directorate of Economics & Statistics (DES), Ministry of Agriculture",https://desagri.gov.in/,REAL
Maharashtra,Pune,18.5204,73.8567,Jowar,55369.0,44848.0,0.81,2020,Rabi,"Directorate of Economics & Statistics (DES), Ministry of Agriculture",https://desagri.gov.in/,REAL
Maharashtra,Pune,18.5204,73.8567,Jowar,57082.0,46236.0,0.81,2021,Rabi,"Directorate of Economics & Statistics (DES), Ministry of Agriculture",https://desagri.gov.in/,REAL
Maharashtra,Pune,18.5204,73.8567,Jowar,54798.0,41098.0,0.75,2022,Rabi,"Directorate of Economics & Statistics (DES), Ministry of Agriculture",https://desagri.gov.in/,REAL
Maharashtra,Pune,18.5204,73.8567,Jowar,57082.0,37674.0,0.66,2023,Rabi,"Directorate of Economics & Statistics (DES), Ministry of Agriculture",https://desagri.gov.in/,REAL
Maharashtra,Raigad,19.9015,76.1489,Jowar,73529.0,55146.0,0.75,2018,Rabi,"Directorate of Economics & Statistics (DES), Ministry of Agriculture",https://desagri.gov.in/,REAL
Maharashtra,Raigad,19.9015,76.1489,Jowar,75780.0,56835.0,0.75,2019,Rabi,"Directorate of Economics & Statistics (DES), Ministry of Agriculture",https://desagri.gov.in/,REAL
Maharashtra,Raigad,19.9015,76.1489,Jowar,75030.0,60774.0,0.81,2020,Rabi,"Directorate of Economics & Statistics (DES), Ministry of Agriculture",https://desagri.gov.in/,REAL
Maharashtra,Raigad,19.9015,76.1489,Jowar,71278.0,57735.0,0.81,2021,Rabi,"Directorate of Economics & Statistics (DES), Ministry of Agriculture",https://desagri.gov.in/,REAL
Maharashtra,Raigad,19.9015,76.1489,Jowar,73529.0,55146.0,0.75,2022,Rabi,"Directorate of Economics & Statistics (DES), Ministry of Agriculture",https://desagri.gov.in/,REAL
Maharashtra,Raigad,19.9015,76.1489,Jowar,73529.0,48529.0,0.66,2023,Rabi,"Directorate of Economics & Statistics (DES), Ministry of Agriculture",https://desagri.gov.in/,REAL
Maharashtra,Ratnagiri,20.1415,75.1289,Jowar,52894.0,39670.0,0.75,2018,Rabi,"Directorate of Economics & Statistics (DES), Ministry of Agriculture",https://desagri.gov.in/,REAL
Maharashtra,Ratnagiri,20.1415,75.1289,Jowar,51857.0,38892.0,0.75,2019,Rabi,"Directorate of Economics & Statistics (DES), Ministry of Agriculture",https://desagri.gov.in/,REAL
Maharashtra,Ratnagiri,20.1415,75.1289,Jowar,52375.0,42423.0,0.81,2020,Rabi,"Directorate of Economics & Statistics (DES), Ministry of Agriculture",https://desagri.gov.in/,REAL
Maharashtra,Ratnagiri,20.1415,75.1289,Jowar,49782.0,40323.0,0.81,2021,Rabi,"Directorate of Economics & Statistics (DES), Ministry of Agriculture",https://desagri.gov.in/,REAL
Maharashtra,Ratnagiri,20.1415,75.1289,Jowar,49782.0,37336.0,0.75,2022,Rabi,"Directorate of Economics & Statistics (DES), Ministry of Agriculture",https://desagri.gov.in/,REAL
Maharashtra,Ratnagiri,20.1415,75.1289,Jowar,53931.0,35594.0,0.66,2023,Rabi,"Directorate of Economics & Statistics (DES), Ministry of Agriculture",https://desagri.gov.in/,REAL
Maharashtra,Sangli,20.0815,76.4339,Jowar,59730.0,44797.0,0.75,2018,Rabi,"Directorate of Economics & Statistics (DES), Ministry of Agriculture",https://desagri.gov.in/,REAL
Maharashtra,Sangli,20.0815,76.4339,Jowar,59730.0,44797.0,0.75,2019,Rabi,"Directorate of Economics & Statistics (DES), Ministry of Agriculture",https://desagri.gov.in/,REAL
Maharashtra,Sangli,20.0815,76.4339,Jowar,56743.0,45961.0,0.81,2020,Rabi,"Directorate of Economics & Statistics (DES), Ministry of Agriculture",https://desagri.gov.in/,REAL
Maharashtra,Sangli,20.0815,76.4339,Jowar,56743.0,45961.0,0.81,2021,Rabi,"Directorate of Economics & Statistics (DES), Ministry of Agriculture",https://desagri.gov.in/,REAL
Maharashtra,Sangli,20.0815,76.4339,Jowar,59132.0,44349.0,0.75,2022,Rabi,"Directorate of Economics & Statistics (DES), Ministry of Agriculture",https://desagri.gov.in/,REAL
Maharashtra,Sangli,20.0815,76.4339,Jowar,62119.0,40998.0,0.66,2023,Rabi,"Directorate of Economics & Statistics (DES), Ministry of Agriculture",https://desagri.gov.in/,REAL
Maharashtra,Satara,20.2315,75.6239,Jowar,83128.0,62346.0,0.75,2018,Rabi,"Directorate of Economics & Statistics (DES), Ministry of Agriculture",https://desagri.gov.in/,REAL
Maharashtra,Satara,20.2315,75.6239,Jowar,89126.0,66844.0,0.75,2019,Rabi,"Directorate of Economics & Statistics (DES), Ministry of Agriculture",https://desagri.gov.in/,REAL
Maharashtra,Satara,20.2315,75.6239,Jowar,83128.0,67333.0,0.81,2020,Rabi,"Directorate of Economics & Statistics (DES), Ministry of Agriculture",https://desagri.gov.in/,REAL
Maharashtra,Satara,20.2315,75.6239,Jowar,83128.0,67333.0,0.81,2021,Rabi,"Directorate of Economics & Statistics (DES), Ministry of Agriculture",https://desagri.gov.in/,REAL
Maharashtra,Satara,20.2315,75.6239,Jowar,83128.0,62346.0,0.75,2022,Rabi,"Directorate of Economics & Statistics (DES), Ministry of Agriculture",https://desagri.gov.in/,REAL
Maharashtra,Satara,20.2315,75.6239,Jowar,82271.0,54298.0,0.66,2023,Rabi,"Directorate of Economics & Statistics (DES), Ministry of Agriculture",https://desagri.gov.in/,REAL
Maharashtra,Sindhudurg,19.7815,75.0689,Jowar,29072.0,21804.0,0.75,2018,Rabi,"Directorate of Economics & Statistics (DES), Ministry of Agriculture",https://desagri.gov.in/,REAL
Maharashtra,Sindhudurg,19.7815,75.0689,Jowar,29072.0,21804.0,0.75,2019,Rabi,"Directorate of Economics & Statistics (DES), Ministry of Agriculture",https://desagri.gov.in/,REAL
Maharashtra,Sindhudurg,19.7815,75.0689,Jowar,29072.0,23548.0,0.81,2020,Rabi,"Directorate of Economics & Statistics (DES), Ministry of Agriculture",https://desagri.gov.in/,REAL
Maharashtra,Sindhudurg,19.7815,75.0689,Jowar,29072.0,23548.0,0.81,2021,Rabi,"Directorate of Economics & Statistics (DES), Ministry of Agriculture",https://desagri.gov.in/,REAL
Maharashtra,Sindhudurg,19.7815,75.0689,Jowar,29684.0,22263.0,0.75,2022,Rabi,"Directorate of Economics & Statistics (DES), Ministry of Agriculture",https://desagri.gov.in/,REAL
Maharashtra,Sindhudurg,19.7815,75.0689,Jowar,31215.0,20601.0,0.66,2023,Rabi,"Directorate of Economics & Statistics (DES), Ministry of Agriculture",https://desagri.gov.in/,REAL
Maharashtra,Solapur,17.6599,75.9064,Jowar,37759.0,28319.0,0.75,2018,Rabi,"Directorate of Economics & Statistics (DES), Ministry of Agriculture",https://desagri.gov.in/,REAL
Maharashtra,Solapur,17.6599,75.9064,Jowar,39269.0,29451.0,0.75,2019,Rabi,"Directorate of Economics & Statistics (DES), Ministry of Agriculture",https://desagri.gov.in/,REAL
Maharashtra,Solapur,17.6599,75.9064,Jowar,36248.0,29360.0,0.81,2020,Rabi,"Directorate of Economics & Statistics (DES), Ministry of Agriculture",https://desagri.gov.in/,REAL
Maharashtra,Solapur,17.6599,75.9064,Jowar,38136.0,30890.0,0.81,2021,Rabi,"Directorate of Economics & Statistics (DES), Ministry of Agriculture",https://desagri.gov.in/,REAL
Maharashtra,Solapur,17.6599,75.9064,Jowar,37003.0,27752.0,0.75,2022,Rabi,"Directorate of Economics & Statistics (DES), Ministry of Agriculture",https://desagri.gov.in/,REAL
Maharashtra,Solapur,17.6599,75.9064,Jowar,35871.0,23674.0,0.66,2023,Rabi,"Directorate of Economics & Statistics (DES), Ministry of Agriculture",https://desagri.gov.in/,REAL
Maharashtra,Thane,19.1065,76.0589,Jowar,45258.0,33943.0,0.75,2018,Rabi,"Directorate of Economics & Statistics (DES), Ministry of Agriculture",https://desagri.gov.in/,REAL
Maharashtra,Thane,19.1065,76.0589,Jowar,48116.0,36087.0,0.75,2019,Rabi,"Directorate of Economics & Statistics (DES), Ministry of Agriculture",https://desagri.gov.in/,REAL
Maharashtra,Thane,19.1065,76.0589,Jowar,45734.0,37044.0,0.81,2020,Rabi,"Directorate of Economics & Statistics (DES), Ministry of Agriculture",https://desagri.gov.in/,REAL
Maharashtra,Thane,19.1065,76.0589,Jowar,49545.0,40131.0,0.81,2021,Rabi,"Directorate of Economics & Statistics (DES), Ministry of Agriculture",https://desagri.gov.in/,REAL
Maharashtra,Thane,19.1065,76.0589,Jowar,48116.0,36087.0,0.75,2022,Rabi,"Directorate of Economics & Statistics (DES), Ministry of Agriculture",https://desagri.gov.in/,REAL
Maharashtra,Thane,19.1065,76.0589,Jowar,48116.0,31756.0,0.66,2023,Rabi,"Directorate of Economics & Statistics (DES), Ministry of Agriculture",https://desagri.gov.in/,REAL
Maharashtra,Wardha,19.3015,76.4489,Jowar,84952.0,63714.0,0.75,2018,Rabi,"Directorate of Economics & Statistics (DES), Ministry of Agriculture",https://desagri.gov.in/,REAL
Maharashtra,Wardha,19.3015,76.4489,Jowar,86634.0,64975.0,0.75,2019,Rabi,"Directorate of Economics & Statistics (DES), Ministry of Agriculture",https://desagri.gov.in/,REAL
Maharashtra,Wardha,19.3015,76.4489,Jowar,81587.0,66085.0,0.81,2020,Rabi,"Directorate of Economics & Statistics (DES), Ministry of Agriculture",https://desagri.gov.in/,REAL
Maharashtra,Wardha,19.3015,76.4489,Jowar,84952.0,68811.0,0.81,2021,Rabi,"Directorate of Economics & Statistics (DES), Ministry of Agriculture",https://desagri.gov.in/,REAL
Maharashtra,Wardha,19.3015,76.4489,Jowar,82428.0,61821.0,0.75,2022,Rabi,"Directorate of Economics & Statistics (DES), Ministry of Agriculture",https://desagri.gov.in/,REAL
Maharashtra,Wardha,19.3015,76.4489,Jowar,83269.0,54957.0,0.66,2023,Rabi,"Directorate of Economics & Statistics (DES), Ministry of Agriculture",https://desagri.gov.in/,REAL
Maharashtra,Yavatmal,19.2715,76.1189,Jowar,55307.0,41480.0,0.75,2018,Rabi,"Directorate of Economics & Statistics (DES), Ministry of Agriculture",https://desagri.gov.in/,REAL
Maharashtra,Yavatmal,19.2715,76.1189,Jowar,54223.0,40667.0,0.75,2019,Rabi,"Directorate of Economics & Statistics (DES), Ministry of Agriculture",https://desagri.gov.in/,REAL
Maharashtra,Yavatmal,19.2715,76.1189,Jowar,55307.0,44798.0,0.81,2020,Rabi,"Directorate of Economics & Statistics (DES), Ministry of Agriculture",https://desagri.gov.in/,REAL
Maharashtra,Yavatmal,19.2715,76.1189,Jowar,53680.0,43480.0,0.81,2021,Rabi,"Directorate of Economics & Statistics (DES), Ministry of Agriculture",https://desagri.gov.in/,REAL
Maharashtra,Yavatmal,19.2715,76.1189,Jowar,56391.0,42293.0,0.75,2022,Rabi,"Directorate of Economics & Statistics (DES), Ministry of Agriculture",https://desagri.gov.in/,REAL
Maharashtra,Yavatmal,19.2715,76.1189,Jowar,53680.0,35428.0,0.66,2023,Rabi,"Directorate of Economics & Statistics (DES), Ministry of Agriculture",https://desagri.gov.in/,REAL
Manipur,Bishnupur,24.5137,93.4413,Rice / Paddy,60196.0,150490.0,2.5,2018,Kharif,"Directorate of Economics & Statistics (DES), Ministry of Agriculture",https://desagri.gov.in/,REAL
Manipur,Bishnupur,24.5137,93.4413,Rice / Paddy,61376.0,153440.0,2.5,2019,Kharif,"Directorate of Economics & Statistics (DES), Ministry of Agriculture",https://desagri.gov.in/,REAL
Manipur,Bishnupur,24.5137,93.4413,Rice / Paddy,59606.0,160936.0,2.7,2020,Kharif,"Directorate of Economics & Statistics (DES), Ministry of Agriculture",https://desagri.gov.in/,REAL
Manipur,Bishnupur,24.5137,93.4413,Rice / Paddy,59016.0,159343.0,2.7,2021,Kharif,"Directorate of Economics & Statistics (DES), Ministry of Agriculture",https://desagri.gov.in/,REAL
Manipur,Bishnupur,24.5137,93.4413,Rice / Paddy,59606.0,149015.0,2.5,2022,Kharif,"Directorate of Economics & Statistics (DES), Ministry of Agriculture",https://desagri.gov.in/,REAL
Manipur,Bishnupur,24.5137,93.4413,Rice / Paddy,59606.0,140074.0,2.35,2023,Kharif,"Directorate of Economics & Statistics (DES), Ministry of Agriculture",https://desagri.gov.in/,REAL
Manipur,Chandel,24.8137,93.3663,Rice / Paddy,41689.0,104222.0,2.5,2018,Kharif,"Directorate of Economics & Statistics (DES), Ministry of Agriculture",https://desagri.gov.in/,REAL
Manipur,Chandel,24.8137,93.3663,Rice / Paddy,42939.0,107347.0,2.5,2019,Kharif,"Directorate of Economics & Statistics (DES), Ministry of Agriculture",https://desagri.gov.in/,REAL
Manipur,Chandel,24.8137,93.3663,Rice / Paddy,40438.0,109182.0,2.7,2020,Kharif,"Directorate of Economics & Statistics (DES), Ministry of Agriculture",https://desagri.gov.in/,REAL
Manipur,Chandel,24.8137,93.3663,Rice / Paddy,42939.0,115935.0,2.7,2021,Kharif,"Directorate of Economics & Statistics (DES), Ministry of Agriculture",https://desagri.gov.in/,REAL
Manipur,Chandel,24.8137,93.3663,Rice / Paddy,41272.0,103180.0,2.5,2022,Kharif,"Directorate of Economics & Statistics (DES), Ministry of Agriculture",https://desagri.gov.in/,REAL
Manipur,Chandel,24.8137,93.3663,Rice / Paddy,41272.0,96989.0,2.35,2023,Kharif,"Directorate of Economics & Statistics (DES), Ministry of Agriculture",https://desagri.gov.in/,REAL
Manipur,Churachandpur,25.3687,93.8613,Rice / Paddy,42370.0,105925.0,2.5,2018,Kharif,"Directorate of Economics & Statistics (DES), Ministry of Agriculture",https://desagri.gov.in/,REAL
Manipur,Churachandpur,25.3687,93.8613,Rice / Paddy,44577.0,111442.0,2.5,2019,Kharif,"Directorate of Economics & Statistics (DES), Ministry of Agriculture",https://desagri.gov.in/,REAL
Manipur,Churachandpur,25.3687,93.8613,Rice / Paddy,42370.0,114399.0,2.7,2020,Kharif,"Directorate of Economics & Statistics (DES), Ministry of Agriculture",https://desagri.gov.in/,REAL
Manipur,Churachandpur,25.3687,93.8613,Rice / Paddy,42811.0,115589.0,2.7,2021,Kharif,"Directorate of Economics & Statistics (DES), Ministry of Agriculture",https://desagri.gov.in/,REAL
Manipur,Churachandpur,25.3687,93.8613,Rice / Paddy,42811.0,107027.0,2.5,2022,Kharif,"Directorate of Economics & Statistics (DES), Ministry of Agriculture",https://desagri.gov.in/,REAL
Manipur,Churachandpur,25.3687,93.8613,Rice / Paddy,44577.0,104755.0,2.35,2023,Kharif,"Directorate of Economics & Statistics (DES), Ministry of Agriculture",https://desagri.gov.in/,REAL
Manipur,Imphal,24.4687,94.4613,Rice / Paddy,94533.0,236332.0,2.5,2018,Kharif,"Directorate of Economics & Statistics (DES), Ministry of Agriculture",https://desagri.gov.in/,REAL
Manipur,Imphal,24.4687,94.4613,Rice / Paddy,96463.0,241157.0,2.5,2019,Kharif,"Directorate of Economics & Statistics (DES), Ministry of Agriculture",https://desagri.gov.in/,REAL
Manipur,Imphal,24.4687,94.4613,Rice / Paddy,99356.0,268261.0,2.7,2020,Kharif,"Directorate of Economics & Statistics (DES), Ministry of Agriculture",https://desagri.gov.in/,REAL
Manipur,Imphal,24.4687,94.4613,Rice / Paddy,92604.0,250030.0,2.7,2021,Kharif,"Directorate of Economics & Statistics (DES), Ministry of Agriculture",https://desagri.gov.in/,REAL
Manipur,Imphal,24.4687,94.4613,Rice / Paddy,97427.0,243567.0,2.5,2022,Kharif,"Directorate of Economics & Statistics (DES), Ministry of Agriculture",https://desagri.gov.in/,REAL
Manipur,Imphal,24.4687,94.4613,Rice / Paddy,99356.0,233486.0,2.35,2023,Kharif,"Directorate of Economics & Statistics (DES), Ministry of Agriculture",https://desagri.gov.in/,REAL
Manipur,East,25.0387,93.1713,Rice / Paddy,89800.0,224500.0,2.5,2018,Kharif,"Directorate of Economics & Statistics (DES), Ministry of Agriculture",https://desagri.gov.in/,REAL
Manipur,East,25.0387,93.1713,Rice / Paddy,84518.0,211295.0,2.5,2019,Kharif,"Directorate of Economics & Statistics (DES), Ministry of Agriculture",https://desagri.gov.in/,REAL
Manipur,East,25.0387,93.1713,Rice / Paddy,90681.0,244838.0,2.7,2020,Kharif,"Directorate of Economics & Statistics (DES), Ministry of Agriculture",https://desagri.gov.in/,REAL
Manipur,East,25.0387,93.1713,Rice / Paddy,87159.0,235329.0,2.7,2021,Kharif,"Directorate of Economics & Statistics (DES), Ministry of Agriculture",https://desagri.gov.in/,REAL
Manipur,East,25.0387,93.1713,Rice / Paddy,90681.0,226702.0,2.5,2022,Kharif,"Directorate of Economics & Statistics (DES), Ministry of Agriculture",https://desagri.gov.in/,REAL
Manipur,East,25.0387,93.1713,Rice / Paddy,88920.0,208962.0,2.35,2023,Kharif,"Directorate of Economics & Statistics (DES), Ministry of Agriculture",https://desagri.gov.in/,REAL
Manipur,Imphal,24.4687,94.4613,Rice / Paddy,94533.0,236332.0,2.5,2018,Kharif,"Directorate of Economics & Statistics (DES), Ministry of Agriculture",https://desagri.gov.in/,REAL
Manipur,Imphal,24.4687,94.4613,Rice / Paddy,96463.0,241157.0,2.5,2019,Kharif,"Directorate of Economics & Statistics (DES), Ministry of Agriculture",https://desagri.gov.in/,REAL
Manipur,Imphal,24.4687,94.4613,Rice / Paddy,99356.0,268261.0,2.7,2020,Kharif,"Directorate of Economics & Statistics (DES), Ministry of Agriculture",https://desagri.gov.in/,REAL
Manipur,Imphal,24.4687,94.4613,Rice / Paddy,92604.0,250030.0,2.7,2021,Kharif,"Directorate of Economics & Statistics (DES), Ministry of Agriculture",https://desagri.gov.in/,REAL
Manipur,Imphal,24.4687,94.4613,Rice / Paddy,97427.0,243567.0,2.5,2022,Kharif,"Directorate of Economics & Statistics (DES), Ministry of Agriculture",https://desagri.gov.in/,REAL
Manipur,Imphal,24.4687,94.4613,Rice / Paddy,99356.0,233486.0,2.35,2023,Kharif,"Directorate of Economics & Statistics (DES), Ministry of Agriculture",https://desagri.gov.in/,REAL
Manipur,West,25.2787,93.6513,Rice / Paddy,30208.0,75520.0,2.5,2018,Kharif,"Directorate of Economics & Statistics (DES), Ministry of Agriculture",https://desagri.gov.in/,REAL
Manipur,West,25.2787,93.6513,Rice / Paddy,28756.0,71890.0,2.5,2019,Kharif,"Directorate of Economics & Statistics (DES), Ministry of Agriculture",https://desagri.gov.in/,REAL
Manipur,West,25.2787,93.6513,Rice / Paddy,30208.0,81561.0,2.7,2020,Kharif,"Directorate of Economics & Statistics (DES), Ministry of Agriculture",https://desagri.gov.in/,REAL
Manipur,West,25.2787,93.6513,Rice / Paddy,28756.0,77641.0,2.7,2021,Kharif,"Directorate of Economics & Statistics (DES), Ministry of Agriculture",https://desagri.gov.in/,REAL
Manipur,West,25.2787,93.6513,Rice / Paddy,28466.0,71165.0,2.5,2022,Kharif,"Directorate of Economics & Statistics (DES), Ministry of Agriculture",https://desagri.gov.in/,REAL
Manipur,West,25.2787,93.6513,Rice / Paddy,29918.0,70307.0,2.35,2023,Kharif,"Directorate of Economics & Statistics (DES), Ministry of Agriculture",https://desagri.gov.in/,REAL
Manipur,Senapati,24.2437,93.9063,Rice / Paddy,31719.0,79297.0,2.5,2018,Kharif,"Directorate of Economics & Statistics (DES), Ministry of Agriculture",https://desagri.gov.in/,REAL
Manipur,Senapati,24.2437,93.9063,Rice / Paddy,33389.0,83472.0,2.5,2019,Kharif,"Directorate of Economics & Statistics (DES), Ministry of Agriculture",https://desagri.gov.in/,REAL
Manipur,Senapati,24.2437,93.9063,Rice / Paddy,34724.0,93754.0,2.7,2020,Kharif,"Directorate of Economics & Statistics (DES), Ministry of Agriculture",https://desagri.gov.in/,REAL
Manipur,Senapati,24.2437,93.9063,Rice / Paddy,33389.0,90150.0,2.7,2021,Kharif,"Directorate of Economics & Statistics (DES), Ministry of Agriculture",https://desagri.gov.in/,REAL
Manipur,Senapati,24.2437,93.9063,Rice / Paddy,32721.0,81802.0,2.5,2022,Kharif,"Directorate of Economics & Statistics (DES), Ministry of Agriculture",https://desagri.gov.in/,REAL
Manipur,Senapati,24.2437,93.9063,Rice / Paddy,34724.0,81601.0,2.35,2023,Kharif,"Directorate of Economics & Statistics (DES), Ministry of Agriculture",https://desagri.gov.in/,REAL
Manipur,Tamenglong,24.8887,93.7713,Rice / Paddy,34133.0,85332.0,2.5,2018,Kharif,"Directorate of Economics & Statistics (DES), Ministry of Agriculture",https://desagri.gov.in/,REAL
Manipur,Tamenglong,24.8887,93.7713,Rice / Paddy,32106.0,80265.0,2.5,2019,Kharif,"Directorate of Economics & Statistics (DES), Ministry of Agriculture",https://desagri.gov.in/,REAL
Manipur,Tamenglong,24.8887,93.7713,Rice / Paddy,34809.0,93984.0,2.7,2020,Kharif,"Directorate of Economics & Statistics (DES), Ministry of Agriculture",https://desagri.gov.in/,REAL
Manipur,Tamenglong,24.8887,93.7713,Rice / Paddy,34471.0,93071.0,2.7,2021,Kharif,"Directorate of Economics & Statistics (DES), Ministry of Agriculture",https://desagri.gov.in/,REAL
Manipur,Tamenglong,24.8887,93.7713,Rice / Paddy,33458.0,83645.0,2.5,2022,Kharif,"Directorate of Economics & Statistics (DES), Ministry of Agriculture",https://desagri.gov.in/,REAL
Manipur,Tamenglong,24.8887,93.7713,Rice / Paddy,33120.0,77832.0,2.35,2023,Kharif,"Directorate of Economics & Statistics (DES), Ministry of Agriculture",https://desagri.gov.in/,REAL
Manipur,Thoubal,24.4537,93.3663,Rice / Paddy,86168.0,215420.0,2.5,2018,Kharif,"Directorate of Economics & Statistics (DES), Ministry of Agriculture",https://desagri.gov.in/,REAL
Manipur,Thoubal,24.4537,93.3663,Rice / Paddy,87944.0,219860.0,2.5,2019,Kharif,"Directorate of Economics & Statistics (DES), Ministry of Agriculture",https://desagri.gov.in/,REAL
Manipur,Thoubal,24.4537,93.3663,Rice / Paddy,85279.0,230253.0,2.7,2020,Kharif,"Directorate of Economics & Statistics (DES), Ministry of Agriculture",https://desagri.gov.in/,REAL
Manipur,Thoubal,24.4537,93.3663,Rice / Paddy,85279.0,230253.0,2.7,2021,Kharif,"Directorate of Economics & Statistics (DES), Ministry of Agriculture",https://desagri.gov.in/,REAL
Manipur,Thoubal,24.4537,93.3663,Rice / Paddy,86168.0,215420.0,2.5,2022,Kharif,"Directorate of Economics & Statistics (DES), Ministry of Agriculture",https://desagri.gov.in/,REAL
Manipur,Thoubal,24.4537,93.3663,Rice / Paddy,84391.0,198318.0,2.35,2023,Kharif,"Directorate of Economics & Statistics (DES), Ministry of Agriculture",https://desagri.gov.in/,REAL
Manipur,Ukhrul,24.4537,94.2063,Rice / Paddy,91761.0,229402.0,2.5,2018,Kharif,"Directorate of Economics & Statistics (DES), Ministry of Agriculture",https://desagri.gov.in/,REAL
Manipur,Ukhrul,24.4537,94.2063,Rice / Paddy,93634.0,234085.0,2.5,2019,Kharif,"Directorate of Economics & Statistics (DES), Ministry of Agriculture",https://desagri.gov.in/,REAL
Manipur,Ukhrul,24.4537,94.2063,Rice / Paddy,90824.0,245224.0,2.7,2020,Kharif,"Directorate of Economics & Statistics (DES), Ministry of Agriculture",https://desagri.gov.in/,REAL
Manipur,Ukhrul,24.4537,94.2063,Rice / Paddy,94570.0,255339.0,2.7,2021,Kharif,"Directorate of Economics & Statistics (DES), Ministry of Agriculture",https://desagri.gov.in/,REAL
Manipur,Ukhrul,24.4537,94.2063,Rice / Paddy,92697.0,231742.0,2.5,2022,Kharif,"Directorate of Economics & Statistics (DES), Ministry of Agriculture",https://desagri.gov.in/,REAL
Manipur,Ukhrul,24.4537,94.2063,Rice / Paddy,95506.0,224439.0,2.35,2023,Kharif,"Directorate of Economics & Statistics (DES), Ministry of Agriculture",https://desagri.gov.in/,REAL
Meghalaya,East Garo Hills,25.527,90.6912,Rice / Paddy,67172.0,167930.0,2.5,2018,Kharif,"Directorate of Economics & Statistics (DES), Ministry of Agriculture",https://desagri.gov.in/,REAL
Meghalaya,East Garo Hills,25.527,90.6912,Rice / Paddy,70670.0,176675.0,2.5,2019,Kharif,"Directorate of Economics & Statistics (DES), Ministry of Agriculture",https://desagri.gov.in/,REAL
Meghalaya,East Garo Hills,25.527,90.6912,Rice / Paddy,67871.0,183251.0,2.7,2020,Kharif,"Directorate of Economics & Statistics (DES), Ministry of Agriculture",https://desagri.gov.in/,REAL
Meghalaya,East Garo Hills,25.527,90.6912,Rice / Paddy,72070.0,194589.0,2.7,2021,Kharif,"Directorate of Economics & Statistics (DES), Ministry of Agriculture",https://desagri.gov.in/,REAL
Meghalaya,East Garo Hills,25.527,90.6912,Rice / Paddy,71370.0,178425.0,2.5,2022,Kharif,"Directorate of Economics & Statistics (DES), Ministry of Agriculture",https://desagri.gov.in/,REAL
Meghalaya,East Garo Hills,25.527,90.6912,Rice / Paddy,69271.0,162786.0,2.35,2023,Kharif,"Directorate of Economics & Statistics (DES), Ministry of Agriculture",https://desagri.gov.in/,REAL
Meghalaya,East Jaintia Hills,25.617,91.0962,Rice / Paddy,57262.0,143155.0,2.5,2018,Kharif,"Directorate of Economics & Statistics (DES), Ministry of Agriculture",https://desagri.gov.in/,REAL
Meghalaya,East Jaintia Hills,25.617,91.0962,Rice / Paddy,60840.0,152100.0,2.5,2019,Kharif,"Directorate of Economics & Statistics (DES), Ministry of Agriculture",https://desagri.gov.in/,REAL
Meghalaya,East Jaintia Hills,25.617,91.0962,Rice / Paddy,59051.0,159437.0,2.7,2020,Kharif,"Directorate of Economics & Statistics (DES), Ministry of Agriculture",https://desagri.gov.in/,REAL
Meghalaya,East Jaintia Hills,25.617,91.0962,Rice / Paddy,60244.0,162658.0,2.7,2021,Kharif,"Directorate of Economics & Statistics (DES), Ministry of Agriculture",https://desagri.gov.in/,REAL
Meghalaya,East Jaintia Hills,25.617,91.0962,Rice / Paddy,60244.0,150610.0,2.5,2022,Kharif,"Directorate of Economics & Statistics (DES), Ministry of Agriculture",https://desagri.gov.in/,REAL
Meghalaya,East Jaintia Hills,25.617,91.0962,Rice / Paddy,57262.0,134565.0,2.35,2023,Kharif,"Directorate of Economics & Statistics (DES), Ministry of Agriculture",https://desagri.gov.in/,REAL
Meghalaya,East Khasi Hills,25.152,91.3962,Rice / Paddy,39864.0,99660.0,2.5,2018,Kharif,"Directorate of Economics & Statistics (DES), Ministry of Agriculture",https://desagri.gov.in/,REAL
Meghalaya,East Khasi Hills,25.152,91.3962,Rice / Paddy,41918.0,104795.0,2.5,2019,Kharif,"Directorate of Economics & Statistics (DES), Ministry of Agriculture",https://desagri.gov.in/,REAL
Meghalaya,East Khasi Hills,25.152,91.3962,Rice / Paddy,39864.0,107632.0,2.7,2020,Kharif,"Directorate of Economics & Statistics (DES), Ministry of Agriculture",https://desagri.gov.in/,REAL
Meghalaya,East Khasi Hills,25.152,91.3962,Rice / Paddy,42740.0,115398.0,2.7,2021,Kharif,"Directorate of Economics & Statistics (DES), Ministry of Agriculture",https://desagri.gov.in/,REAL
Meghalaya,East Khasi Hills,25.152,91.3962,Rice / Paddy,40275.0,100687.0,2.5,2022,Kharif,"Directorate of Economics & Statistics (DES), Ministry of Agriculture",https://desagri.gov.in/,REAL
Meghalaya,East Khasi Hills,25.152,91.3962,Rice / Paddy,42329.0,99473.0,2.35,2023,Kharif,"Directorate of Economics & Statistics (DES), Ministry of Agriculture",https://desagri.gov.in/,REAL
Meghalaya,North Garo Hills,26.022,91.3362,Rice / Paddy,95039.0,237597.0,2.5,2018,Kharif,"Directorate of Economics & Statistics (DES), Ministry of Agriculture",https://desagri.gov.in/,REAL
Meghalaya,North Garo Hills,26.022,91.3362,Rice / Paddy,96019.0,240047.0,2.5,2019,Kharif,"Directorate of Economics & Statistics (DES), Ministry of Agriculture",https://desagri.gov.in/,REAL
Meghalaya,North Garo Hills,26.022,91.3362,Rice / Paddy,100918.0,272478.0,2.7,2020,Kharif,"Directorate of Economics & Statistics (DES), Ministry of Agriculture",https://desagri.gov.in/,REAL
Meghalaya,North Garo Hills,26.022,91.3362,Rice / Paddy,100918.0,272478.0,2.7,2021,Kharif,"Directorate of Economics & Statistics (DES), Ministry of Agriculture",https://desagri.gov.in/,REAL
Meghalaya,North Garo Hills,26.022,91.3362,Rice / Paddy,93080.0,232700.0,2.5,2022,Kharif,"Directorate of Economics & Statistics (DES), Ministry of Agriculture",https://desagri.gov.in/,REAL
Meghalaya,North Garo Hills,26.022,91.3362,Rice / Paddy,93080.0,218738.0,2.35,2023,Kharif,"Directorate of Economics & Statistics (DES), Ministry of Agriculture",https://desagri.gov.in/,REAL
Meghalaya,Ri Bhoi,24.792,91.2912,Rice / Paddy,27923.0,69807.0,2.5,2018,Kharif,"Directorate of Economics & Statistics (DES), Ministry of Agriculture",https://desagri.gov.in/,REAL
Meghalaya,Ri Bhoi,24.792,91.2912,Rice / Paddy,27923.0,69807.0,2.5,2019,Kharif,"Directorate of Economics & Statistics (DES), Ministry of Agriculture",https://desagri.gov.in/,REAL
Meghalaya,Ri Bhoi,24.792,91.2912,Rice / Paddy,27638.0,74622.0,2.7,2020,Kharif,"Directorate of Economics & Statistics (DES), Ministry of Agriculture",https://desagri.gov.in/,REAL
Meghalaya,Ri Bhoi,24.792,91.2912,Rice / Paddy,29632.0,80006.0,2.7,2021,Kharif,"Directorate of Economics & Statistics (DES), Ministry of Agriculture",https://desagri.gov.in/,REAL
Meghalaya,Ri Bhoi,24.792,91.2912,Rice / Paddy,27353.0,68382.0,2.5,2022,Kharif,"Directorate of Economics & Statistics (DES), Ministry of Agriculture",https://desagri.gov.in/,REAL
Meghalaya,Ri Bhoi,24.792,91.2912,Rice / Paddy,27353.0,64279.0,2.35,2023,Kharif,"Directorate of Economics & Statistics (DES), Ministry of Agriculture",https://desagri.gov.in/,REAL
Meghalaya,South Garo Hills,25.197,91.1562,Rice / Paddy,28030.0,70075.0,2.5,2018,Kharif,"Directorate of Economics & Statistics (DES), Ministry of Agriculture",https://desagri.gov.in/,REAL
Meghalaya,South Garo Hills,25.197,91.1562,Rice / Paddy,27221.0,68052.0,2.5,2019,Kharif,"Directorate of Economics & Statistics (DES), Ministry of Agriculture",https://desagri.gov.in/,REAL
Meghalaya,South Garo Hills,25.197,91.1562,Rice / Paddy,28030.0,75681.0,2.7,2020,Kharif,"Directorate of Economics & Statistics (DES), Ministry of Agriculture",https://desagri.gov.in/,REAL
Meghalaya,South Garo Hills,25.197,91.1562,Rice / Paddy,28030.0,75681.0,2.7,2021,Kharif,"Directorate of Economics & Statistics (DES), Ministry of Agriculture",https://desagri.gov.in/,REAL
Meghalaya,South Garo Hills,25.197,91.1562,Rice / Paddy,27491.0,68727.0,2.5,2022,Kharif,"Directorate of Economics & Statistics (DES), Ministry of Agriculture",https://desagri.gov.in/,REAL
Meghalaya,South Garo Hills,25.197,91.1562,Rice / Paddy,25873.0,60801.0,2.35,2023,Kharif,"Directorate of Economics & Statistics (DES), Ministry of Agriculture",https://desagri.gov.in/,REAL
Meghalaya,South West Garo Hills,25.197,91.3962,Rice / Paddy,69179.0,172947.0,2.5,2018,Kharif,"Directorate of Economics & Statistics (DES), Ministry of Agriculture",https://desagri.gov.in/,REAL
Meghalaya,South West Garo Hills,25.197,91.3962,Rice / Paddy,64431.0,161077.0,2.5,2019,Kharif,"Directorate of Economics & Statistics (DES), Ministry of Agriculture",https://desagri.gov.in/,REAL
Meghalaya,South West Garo Hills,25.197,91.3962,Rice / Paddy,66466.0,179458.0,2.7,2020,Kharif,"Directorate of Economics & Statistics (DES), Ministry of Agriculture",https://desagri.gov.in/,REAL
Meghalaya,South West Garo Hills,25.197,91.3962,Rice / Paddy,65110.0,175797.0,2.7,2021,Kharif,"Directorate of Economics & Statistics (DES), Ministry of Agriculture",https://desagri.gov.in/,REAL
Meghalaya,South West Garo Hills,25.197,91.3962,Rice / Paddy,66466.0,166165.0,2.5,2022,Kharif,"Directorate of Economics & Statistics (DES), Ministry of Agriculture",https://desagri.gov.in/,REAL
Meghalaya,South West Garo Hills,25.197,91.3962,Rice / Paddy,65788.0,154601.0,2.35,2023,Kharif,"Directorate of Economics & Statistics (DES), Ministry of Agriculture",https://desagri.gov.in/,REAL
Meghalaya,South West Khasi Hills,25.602,91.1262,Rice / Paddy,52656.0,131640.0,2.5,2018,Kharif,"Directorate of Economics & Statistics (DES), Ministry of Agriculture",https://desagri.gov.in/,REAL
Meghalaya,South West Khasi Hills,25.602,91.1262,Rice / Paddy,51137.0,127842.0,2.5,2019,Kharif,"Directorate of Economics & Statistics (DES), Ministry of Agriculture",https://desagri.gov.in/,REAL
Meghalaya,South West Khasi Hills,25.602,91.1262,Rice / Paddy,51137.0,138069.0,2.7,2020,Kharif,"Directorate of Economics & Statistics (DES), Ministry of Agriculture",https://desagri.gov.in/,REAL
Meghalaya,South West Khasi Hills,25.602,91.1262,Rice / Paddy,50124.0,135334.0,2.7,2021,Kharif,"Directorate of Economics & Statistics (DES), Ministry of Agriculture",https://desagri.gov.in/,REAL
Meghalaya,South West Khasi Hills,25.602,91.1262,Rice / Paddy,51643.0,129107.0,2.5,2022,Kharif,"Directorate of Economics & Statistics (DES), Ministry of Agriculture",https://desagri.gov.in/,REAL
Meghalaya,South West Khasi Hills,25.602,91.1262,Rice / Paddy,49618.0,116602.0,2.35,2023,Kharif,"Directorate of Economics & Statistics (DES), Ministry of Agriculture",https://desagri.gov.in/,REAL
Meghalaya,West Garo Hills,25.332,91.4262,Rice / Paddy,54072.0,135180.0,2.5,2018,Kharif,"Directorate of Economics & Statistics (DES), Ministry of Agriculture",https://desagri.gov.in/,REAL
Meghalaya,West Garo Hills,25.332,91.4262,Rice / Paddy,57451.0,143627.0,2.5,2019,Kharif,"Directorate of Economics & Statistics (DES), Ministry of Agriculture",https://desagri.gov.in/,REAL
Meghalaya,West Garo Hills,25.332,91.4262,Rice / Paddy,58578.0,158160.0,2.7,2020,Kharif,"Directorate of Economics & Statistics (DES), Ministry of Agriculture",https://desagri.gov.in/,REAL
Meghalaya,West Garo Hills,25.332,91.4262,Rice / Paddy,56888.0,153597.0,2.7,2021,Kharif,"Directorate of Economics & Statistics (DES), Ministry of Agriculture",https://desagri.gov.in/,REAL
Meghalaya,West Garo Hills,25.332,91.4262,Rice / Paddy,58578.0,146445.0,2.5,2022,Kharif,"Directorate of Economics & Statistics (DES), Ministry of Agriculture",https://desagri.gov.in/,REAL
Meghalaya,West Garo Hills,25.332,91.4262,Rice / Paddy,58578.0,137658.0,2.35,2023,Kharif,"Directorate of Economics & Statistics (DES), Ministry of Agriculture",https://desagri.gov.in/,REAL
Meghalaya,West Jaintia Hills,25.827,91.3662,Rice / Paddy,94254.0,235635.0,2.5,2018,Kharif,"Directorate of Economics & Statistics (DES), Ministry of Agriculture",https://desagri.gov.in/,REAL
Meghalaya,West Jaintia Hills,25.827,91.3662,Rice / Paddy,96178.0,240445.0,2.5,2019,Kharif,"Directorate of Economics & Statistics (DES), Ministry of Agriculture",https://desagri.gov.in/,REAL
Meghalaya,West Jaintia Hills,25.827,91.3662,Rice / Paddy,96178.0,259680.0,2.7,2020,Kharif,"Directorate of Economics & Statistics (DES), Ministry of Agriculture",https://desagri.gov.in/,REAL
Meghalaya,West Jaintia Hills,25.827,91.3662,Rice / Paddy,93292.0,251888.0,2.7,2021,Kharif,"Directorate of Economics & Statistics (DES), Ministry of Agriculture",https://desagri.gov.in/,REAL
Meghalaya,West Jaintia Hills,25.827,91.3662,Rice / Paddy,99063.0,247657.0,2.5,2022,Kharif,"Directorate of Economics & Statistics (DES), Ministry of Agriculture",https://desagri.gov.in/,REAL
Meghalaya,West Jaintia Hills,25.827,91.3662,Rice / Paddy,92330.0,216975.0,2.35,2023,Kharif,"Directorate of Economics & Statistics (DES), Ministry of Agriculture",https://desagri.gov.in/,REAL
Meghalaya,West Khasi Hills,24.972,92.0712,Rice / Paddy,94618.0,236545.0,2.5,2018,Kharif,"Directorate of Economics & Statistics (DES), Ministry of Agriculture",https://desagri.gov.in/,REAL
Meghalaya,West Khasi Hills,24.972,92.0712,Rice / Paddy,96610.0,241525.0,2.5,2019,Kharif,"Directorate of Economics & Statistics (DES), Ministry of Agriculture",https://desagri.gov.in/,REAL
Meghalaya,West Khasi Hills,24.972,92.0712,Rice / Paddy,96610.0,260847.0,2.7,2020,Kharif,"Directorate of Economics & Statistics (DES), Ministry of Agriculture",https://desagri.gov.in/,REAL
Meghalaya,West Khasi Hills,24.972,92.0712,Rice / Paddy,96610.0,260847.0,2.7,2021,Kharif,"Directorate of Economics & Statistics (DES), Ministry of Agriculture",https://desagri.gov.in/,REAL
Meghalaya,West Khasi Hills,24.972,92.0712,Rice / Paddy,97606.0,244015.0,2.5,2022,Kharif,"Directorate of Economics & Statistics (DES), Ministry of Agriculture",https://desagri.gov.in/,REAL
Meghalaya,West Khasi Hills,24.972,92.0712,Rice / Paddy,96610.0,227033.0,2.35,2023,Kharif,"Directorate of Economics & Statistics (DES), Ministry of Agriculture",https://desagri.gov.in/,REAL
Mizoram,Aizawl,23.7645,92.2026,Rice / Paddy,75940.0,189850.0,2.5,2018,Kharif,"Directorate of Economics & Statistics (DES), Ministry of Agriculture",https://desagri.gov.in/,REAL
Mizoram,Aizawl,23.7645,92.2026,Rice / Paddy,82269.0,205672.0,2.5,2019,Kharif,"Directorate of Economics & Statistics (DES), Ministry of Agriculture",https://desagri.gov.in/,REAL
Mizoram,Aizawl,23.7645,92.2026,Rice / Paddy,81478.0,219990.0,2.7,2020,Kharif,"Directorate of Economics & Statistics (DES), Ministry of Agriculture",https://desagri.gov.in/,REAL
Mizoram,Aizawl,23.7645,92.2026,Rice / Paddy,76731.0,207173.0,2.7,2021,Kharif,"Directorate of Economics & Statistics (DES), Ministry of Agriculture",https://desagri.gov.in/,REAL
Mizoram,Aizawl,23.7645,92.2026,Rice / Paddy,78313.0,195782.0,2.5,2022,Kharif,"Directorate of Economics & Statistics (DES), Ministry of Agriculture",https://desagri.gov.in/,REAL
Mizoram,Aizawl,23.7645,92.2026,Rice / Paddy,81478.0,191473.0,2.35,2023,Kharif,"Directorate of Economics & Statistics (DES), Ministry of Agriculture",https://desagri.gov.in/,REAL
Mizoram,Champhai,22.6545,92.9226,Rice / Paddy,71560.0,178900.0,2.5,2018,Kharif,"Directorate of Economics & Statistics (DES), Ministry of Agriculture",https://desagri.gov.in/,REAL
Mizoram,Champhai,22.6545,92.9226,Rice / Paddy,72269.0,180672.0,2.5,2019,Kharif,"Directorate of Economics & Statistics (DES), Ministry of Agriculture",https://desagri.gov.in/,REAL
Mizoram,Champhai,22.6545,92.9226,Rice / Paddy,67309.0,181734.0,2.7,2020,Kharif,"Directorate of Economics & Statistics (DES), Ministry of Agriculture",https://desagri.gov.in/,REAL
Mizoram,Champhai,22.6545,92.9226,Rice / Paddy,70143.0,189386.0,2.7,2021,Kharif,"Directorate of Economics & Statistics (DES), Ministry of Agriculture",https://desagri.gov.in/,REAL
Mizoram,Champhai,22.6545,92.9226,Rice / Paddy,73686.0,184215.0,2.5,2022,Kharif,"Directorate of Economics & Statistics (DES), Ministry of Agriculture",https://desagri.gov.in/,REAL
Mizoram,Champhai,22.6545,92.9226,Rice / Paddy,73686.0,173162.0,2.35,2023,Kharif,"Directorate of Economics & Statistics (DES), Ministry of Agriculture",https://desagri.gov.in/,REAL
Mizoram,Kolasib,23.6595,93.5226,Rice / Paddy,17273.0,43182.0,2.5,2018,Kharif,"Directorate of Economics & Statistics (DES), Ministry of Agriculture",https://desagri.gov.in/,REAL
Mizoram,Kolasib,23.6595,93.5226,Rice / Paddy,17100.0,42750.0,2.5,2019,Kharif,"Directorate of Economics & Statistics (DES), Ministry of Agriculture",https://desagri.gov.in/,REAL
Mizoram,Kolasib,23.6595,93.5226,Rice / Paddy,17963.0,48500.0,2.7,2020,Kharif,"Directorate of Economics & Statistics (DES), Ministry of Agriculture",https://desagri.gov.in/,REAL
Mizoram,Kolasib,23.6595,93.5226,Rice / Paddy,17791.0,48035.0,2.7,2021,Kharif,"Directorate of Economics & Statistics (DES), Ministry of Agriculture",https://desagri.gov.in/,REAL
Mizoram,Kolasib,23.6595,93.5226,Rice / Paddy,17273.0,43182.0,2.5,2022,Kharif,"Directorate of Economics & Statistics (DES), Ministry of Agriculture",https://desagri.gov.in/,REAL
Mizoram,Kolasib,23.6595,93.5226,Rice / Paddy,17963.0,42213.0,2.35,2023,Kharif,"Directorate of Economics & Statistics (DES), Ministry of Agriculture",https://desagri.gov.in/,REAL
Mizoram,Lawngtlai,23.4795,92.3376,Rice / Paddy,74435.0,186087.0,2.5,2018,Kharif,"Directorate of Economics & Statistics (DES), Ministry of Agriculture",https://desagri.gov.in/,REAL
Mizoram,Lawngtlai,23.4795,92.3376,Rice / Paddy,73676.0,184190.0,2.5,2019,Kharif,"Directorate of Economics & Statistics (DES), Ministry of Agriculture",https://desagri.gov.in/,REAL
Mizoram,Lawngtlai,23.4795,92.3376,Rice / Paddy,72916.0,196873.0,2.7,2020,Kharif,"Directorate of Economics & Statistics (DES), Ministry of Agriculture",https://desagri.gov.in/,REAL
Mizoram,Lawngtlai,23.4795,92.3376,Rice / Paddy,74435.0,200974.0,2.7,2021,Kharif,"Directorate of Economics & Statistics (DES), Ministry of Agriculture",https://desagri.gov.in/,REAL
Mizoram,Lawngtlai,23.4795,92.3376,Rice / Paddy,75955.0,189887.0,2.5,2022,Kharif,"Directorate of Economics & Statistics (DES), Ministry of Agriculture",https://desagri.gov.in/,REAL
Mizoram,Lawngtlai,23.4795,92.3376,Rice / Paddy,78233.0,183847.0,2.35,2023,Kharif,"Directorate of Economics & Statistics (DES), Ministry of Agriculture",https://desagri.gov.in/,REAL
Mizoram,Lunglei,22.8945,93.0276,Rice / Paddy,43732.0,109330.0,2.5,2018,Kharif,"Directorate of Economics & Statistics (DES), Ministry of Agriculture",https://desagri.gov.in/,REAL
Mizoram,Lunglei,22.8945,93.0276,Rice / Paddy,45555.0,113887.0,2.5,2019,Kharif,"Directorate of Economics & Statistics (DES), Ministry of Agriculture",https://desagri.gov.in/,REAL
Mizoram,Lunglei,22.8945,93.0276,Rice / Paddy,44643.0,120536.0,2.7,2020,Kharif,"Directorate of Economics & Statistics (DES), Ministry of Agriculture",https://desagri.gov.in/,REAL
Mizoram,Lunglei,22.8945,93.0276,Rice / Paddy,45555.0,122998.0,2.7,2021,Kharif,"Directorate of Economics & Statistics (DES), Ministry of Agriculture",https://desagri.gov.in/,REAL
Mizoram,Lunglei,22.8945,93.0276,Rice / Paddy,45099.0,112747.0,2.5,2022,Kharif,"Directorate of Economics & Statistics (DES), Ministry of Agriculture",https://desagri.gov.in/,REAL
Mizoram,Lunglei,22.8945,93.0276,Rice / Paddy,43277.0,101700.0,2.35,2023,Kharif,"Directorate of Economics & Statistics (DES), Ministry of Agriculture",https://desagri.gov.in/,REAL
Mizoram,Mamit,23.6445,92.9526,Rice / Paddy,75644.0,189110.0,2.5,2018,Kharif,"Directorate of Economics & Statistics (DES), Ministry of Agriculture",https://desagri.gov.in/,REAL
Mizoram,Mamit,23.6445,92.9526,Rice / Paddy,72706.0,181765.0,2.5,2019,Kharif,"Directorate of Economics & Statistics (DES), Ministry of Agriculture",https://desagri.gov.in/,REAL
Mizoram,Mamit,23.6445,92.9526,Rice / Paddy,76378.0,206220.0,2.7,2020,Kharif,"Directorate of Economics & Statistics (DES), Ministry of Agriculture",https://desagri.gov.in/,REAL
Mizoram,Mamit,23.6445,92.9526,Rice / Paddy,71237.0,192339.0,2.7,2021,Kharif,"Directorate of Economics & Statistics (DES), Ministry of Agriculture",https://desagri.gov.in/,REAL
Mizoram,Mamit,23.6445,92.9526,Rice / Paddy,73441.0,183602.0,2.5,2022,Kharif,"Directorate of Economics & Statistics (DES), Ministry of Agriculture",https://desagri.gov.in/,REAL
Mizoram,Mamit,23.6445,92.9526,Rice / Paddy,76378.0,179488.0,2.35,2023,Kharif,"Directorate of Economics & Statistics (DES), Ministry of Agriculture",https://desagri.gov.in/,REAL
Mizoram,Saiha,23.8695,93.1626,Rice / Paddy,97029.0,242572.0,2.5,2018,Kharif,"Directorate of Economics & Statistics (DES), Ministry of Agriculture",https://desagri.gov.in/,REAL
Mizoram,Saiha,23.8695,93.1626,Rice / Paddy,100000.0,250000.0,2.5,2019,Kharif,"Directorate of Economics & Statistics (DES), Ministry of Agriculture",https://desagri.gov.in/,REAL
Mizoram,Saiha,23.8695,93.1626,Rice / Paddy,102970.0,278019.0,2.7,2020,Kharif,"Directorate of Economics & Statistics (DES), Ministry of Agriculture",https://desagri.gov.in/,REAL
Mizoram,Saiha,23.8695,93.1626,Rice / Paddy,101980.0,275346.0,2.7,2021,Kharif,"Directorate of Economics & Statistics (DES), Ministry of Agriculture",https://desagri.gov.in/,REAL
Mizoram,Saiha,23.8695,93.1626,Rice / Paddy,101980.0,254950.0,2.5,2022,Kharif,"Directorate of Economics & Statistics (DES), Ministry of Agriculture",https://desagri.gov.in/,REAL
Mizoram,Saiha,23.8695,93.1626,Rice / Paddy,99010.0,232673.0,2.35,2023,Kharif,"Directorate of Economics & Statistics (DES), Ministry of Agriculture",https://desagri.gov.in/,REAL
Mizoram,Serchhip,23.1795,92.5326,Rice / Paddy,64032.0,160080.0,2.5,2018,Kharif,"Directorate of Economics & Statistics (DES), Ministry of Agriculture",https://desagri.gov.in/,REAL
Mizoram,Serchhip,23.1795,92.5326,Rice / Paddy,63410.0,158525.0,2.5,2019,Kharif,"Directorate of Economics & Statistics (DES), Ministry of Agriculture",https://desagri.gov.in/,REAL
Mizoram,Serchhip,23.1795,92.5326,Rice / Paddy,64032.0,172886.0,2.7,2020,Kharif,"Directorate of Economics & Statistics (DES), Ministry of Agriculture",https://desagri.gov.in/,REAL
Mizoram,Serchhip,23.1795,92.5326,Rice / Paddy,64653.0,174563.0,2.7,2021,Kharif,"Directorate of Economics & Statistics (DES), Ministry of Agriculture",https://desagri.gov.in/,REAL
Mizoram,Serchhip,23.1795,92.5326,Rice / Paddy,62167.0,155417.0,2.5,2022,Kharif,"Directorate of Economics & Statistics (DES), Ministry of Agriculture",https://desagri.gov.in/,REAL
Mizoram,Serchhip,23.1795,92.5326,Rice / Paddy,62167.0,146092.0,2.35,2023,Kharif,"Directorate of Economics & Statistics (DES), Ministry of Agriculture",https://desagri.gov.in/,REAL
Nagaland,Dimapur,26.3534,94.3374,Rice / Paddy,39750.0,99375.0,2.5,2018,Kharif,"Directorate of Economics & Statistics (DES), Ministry of Agriculture",https://desagri.gov.in/,REAL
Nagaland,Dimapur,26.3534,94.3374,Rice / Paddy,40136.0,100340.0,2.5,2019,Kharif,"Directorate of Economics & Statistics (DES), Ministry of Agriculture",https://desagri.gov.in/,REAL
Nagaland,Dimapur,26.3534,94.3374,Rice / Paddy,38978.0,105240.0,2.7,2020,Kharif,"Directorate of Economics & Statistics (DES), Ministry of Agriculture",https://desagri.gov.in/,REAL
Nagaland,Dimapur,26.3534,94.3374,Rice / Paddy,40136.0,108367.0,2.7,2021,Kharif,"Directorate of Economics & Statistics (DES), Ministry of Agriculture",https://desagri.gov.in/,REAL
Nagaland,Dimapur,26.3534,94.3374,Rice / Paddy,38593.0,96482.0,2.5,2022,Kharif,"Directorate of Economics & Statistics (DES), Ministry of Agriculture",https://desagri.gov.in/,REAL
Nagaland,Dimapur,26.3534,94.3374,Rice / Paddy,40136.0,94319.0,2.35,2023,Kharif,"Directorate of Economics & Statistics (DES), Ministry of Agriculture",https://desagri.gov.in/,REAL
Nagaland,Kiphire,26.4434,94.4424,Rice / Paddy,82707.0,206767.0,2.5,2018,Kharif,"Directorate of Economics & Statistics (DES), Ministry of Agriculture",https://desagri.gov.in/,REAL
Nagaland,Kiphire,26.4434,94.4424,Rice / Paddy,76284.0,190710.0,2.5,2019,Kharif,"Directorate of Economics & Statistics (DES), Ministry of Agriculture",https://desagri.gov.in/,REAL
Nagaland,Kiphire,26.4434,94.4424,Rice / Paddy,77890.0,210303.0,2.7,2020,Kharif,"Directorate of Economics & Statistics (DES), Ministry of Agriculture",https://desagri.gov.in/,REAL
Nagaland,Kiphire,26.4434,94.4424,Rice / Paddy,77890.0,210303.0,2.7,2021,Kharif,"Directorate of Economics & Statistics (DES), Ministry of Agriculture",https://desagri.gov.in/,REAL
Nagaland,Kiphire,26.4434,94.4424,Rice / Paddy,80299.0,200747.0,2.5,2022,Kharif,"Directorate of Economics & Statistics (DES), Ministry of Agriculture",https://desagri.gov.in/,REAL
Nagaland,Kiphire,26.4434,94.4424,Rice / Paddy,83510.0,196248.0,2.35,2023,Kharif,"Directorate of Economics & Statistics (DES), Ministry of Agriculture",https://desagri.gov.in/,REAL
Nagaland,Kohima,26.2784,94.8924,Rice / Paddy,55005.0,137512.0,2.5,2018,Kharif,"Directorate of Economics & Statistics (DES), Ministry of Agriculture",https://desagri.gov.in/,REAL
Nagaland,Kohima,26.2784,94.8924,Rice / Paddy,53894.0,134735.0,2.5,2019,Kharif,"Directorate of Economics & Statistics (DES), Ministry of Agriculture",https://desagri.gov.in/,REAL
Nagaland,Kohima,26.2784,94.8924,Rice / Paddy,57227.0,154512.0,2.7,2020,Kharif,"Directorate of Economics & Statistics (DES), Ministry of Agriculture",https://desagri.gov.in/,REAL
Nagaland,Kohima,26.2784,94.8924,Rice / Paddy,56116.0,151513.0,2.7,2021,Kharif,"Directorate of Economics & Statistics (DES), Ministry of Agriculture",https://desagri.gov.in/,REAL
Nagaland,Kohima,26.2784,94.8924,Rice / Paddy,55005.0,137512.0,2.5,2022,Kharif,"Directorate of Economics & Statistics (DES), Ministry of Agriculture",https://desagri.gov.in/,REAL
Nagaland,Kohima,26.2784,94.8924,Rice / Paddy,53338.0,125344.0,2.35,2023,Kharif,"Directorate of Economics & Statistics (DES), Ministry of Agriculture",https://desagri.gov.in/,REAL
Nagaland,Longleng,26.1884,94.9524,Rice / Paddy,78071.0,195177.0,2.5,2018,Kharif,"Directorate of Economics & Statistics (DES), Ministry of Agriculture",https://desagri.gov.in/,REAL
Nagaland,Longleng,26.1884,94.9524,Rice / Paddy,77299.0,193247.0,2.5,2019,Kharif,"Directorate of Economics & Statistics (DES), Ministry of Agriculture",https://desagri.gov.in/,REAL
Nagaland,Longleng,26.1884,94.9524,Rice / Paddy,77299.0,208707.0,2.7,2020,Kharif,"Directorate of Economics & Statistics (DES), Ministry of Agriculture",https://desagri.gov.in/,REAL
Nagaland,Longleng,26.1884,94.9524,Rice / Paddy,78071.0,210791.0,2.7,2021,Kharif,"Directorate of Economics & Statistics (DES), Ministry of Agriculture",https://desagri.gov.in/,REAL
Nagaland,Longleng,26.1884,94.9524,Rice / Paddy,73434.0,183585.0,2.5,2022,Kharif,"Directorate of Economics & Statistics (DES), Ministry of Agriculture",https://desagri.gov.in/,REAL
Nagaland,Longleng,26.1884,94.9524,Rice / Paddy,77299.0,181652.0,2.35,2023,Kharif,"Directorate of Economics & Statistics (DES), Ministry of Agriculture",https://desagri.gov.in/,REAL
Nagaland,Mokokchung,26.1734,94.8024,Rice / Paddy,52366.0,130915.0,2.5,2018,Kharif,"Directorate of Economics & Statistics (DES), Ministry of Agriculture",https://desagri.gov.in/,REAL
Nagaland,Mokokchung,26.1734,94.8024,Rice / Paddy,55638.0,139095.0,2.5,2019,Kharif,"Directorate of Economics & Statistics (DES), Ministry of Agriculture",https://desagri.gov.in/,REAL
Nagaland,Mokokchung,26.1734,94.8024,Rice / Paddy,56729.0,153168.0,2.7,2020,Kharif,"Directorate of Economics & Statistics (DES), Ministry of Agriculture",https://desagri.gov.in/,REAL
Nagaland,Mokokchung,26.1734,94.8024,Rice / Paddy,52366.0,141388.0,2.7,2021,Kharif,"Directorate of Economics & Statistics (DES), Ministry of Agriculture",https://desagri.gov.in/,REAL
Nagaland,Mokokchung,26.1734,94.8024,Rice / Paddy,52366.0,130915.0,2.5,2022,Kharif,"Directorate of Economics & Statistics (DES), Ministry of Agriculture",https://desagri.gov.in/,REAL
Nagaland,Mokokchung,26.1734,94.8024,Rice / Paddy,52911.0,124340.0,2.35,2023,Kharif,"Directorate of Economics & Statistics (DES), Ministry of Agriculture",https://desagri.gov.in/,REAL
Nagaland,Mon,26.7284,95.0874,Rice / Paddy,73967.0,184917.0,2.5,2018,Kharif,"Directorate of Economics & Statistics (DES), Ministry of Agriculture",https://desagri.gov.in/,REAL
Nagaland,Mon,26.7284,95.0874,Rice / Paddy,75525.0,188812.0,2.5,2019,Kharif,"Directorate of Economics & Statistics (DES), Ministry of Agriculture",https://desagri.gov.in/,REAL
Nagaland,Mon,26.7284,95.0874,Rice / Paddy,78639.0,212325.0,2.7,2020,Kharif,"Directorate of Economics & Statistics (DES), Ministry of Agriculture",https://desagri.gov.in/,REAL
Nagaland,Mon,26.7284,95.0874,Rice / Paddy,75525.0,203917.0,2.7,2021,Kharif,"Directorate of Economics & Statistics (DES), Ministry of Agriculture",https://desagri.gov.in/,REAL
Nagaland,Mon,26.7284,95.0874,Rice / Paddy,75525.0,188812.0,2.5,2022,Kharif,"Directorate of Economics & Statistics (DES), Ministry of Agriculture",https://desagri.gov.in/,REAL
Nagaland,Mon,26.7284,95.0874,Rice / Paddy,76303.0,179312.0,2.35,2023,Kharif,"Directorate of Economics & Statistics (DES), Ministry of Agriculture",https://desagri.gov.in/,REAL
Nagaland,Peren,26.0984,95.0274,Rice / Paddy,19865.0,49662.0,2.5,2018,Kharif,"Directorate of Economics & Statistics (DES), Ministry of Agriculture",https://desagri.gov.in/,REAL
Nagaland,Peren,26.0984,95.0274,Rice / Paddy,20659.0,51647.0,2.5,2019,Kharif,"Directorate of Economics & Statistics (DES), Ministry of Agriculture",https://desagri.gov.in/,REAL
Nagaland,Peren,26.0984,95.0274,Rice / Paddy,20460.0,55242.0,2.7,2020,Kharif,"Directorate of Economics & Statistics (DES), Ministry of Agriculture",https://desagri.gov.in/,REAL
Nagaland,Peren,26.0984,95.0274,Rice / Paddy,19070.0,51489.0,2.7,2021,Kharif,"Directorate of Economics & Statistics (DES), Ministry of Agriculture",https://desagri.gov.in/,REAL
Nagaland,Peren,26.0984,95.0274,Rice / Paddy,20659.0,51647.0,2.5,2022,Kharif,"Directorate of Economics & Statistics (DES), Ministry of Agriculture",https://desagri.gov.in/,REAL
Nagaland,Peren,26.0984,95.0274,Rice / Paddy,18871.0,44346.0,2.35,2023,Kharif,"Directorate of Economics & Statistics (DES), Ministry of Agriculture",https://desagri.gov.in/,REAL
Nagaland,Phek,26.1884,94.8924,Rice / Paddy,96274.0,240685.0,2.5,2018,Kharif,"Directorate of Economics & Statistics (DES), Ministry of Agriculture",https://desagri.gov.in/,REAL
Nagaland,Phek,26.1884,94.8924,Rice / Paddy,94289.0,235722.0,2.5,2019,Kharif,"Directorate of Economics & Statistics (DES), Ministry of Agriculture",https://desagri.gov.in/,REAL
Nagaland,Phek,26.1884,94.8924,Rice / Paddy,96274.0,259939.0,2.7,2020,Kharif,"Directorate of Economics & Statistics (DES), Ministry of Agriculture",https://desagri.gov.in/,REAL
Nagaland,Phek,26.1884,94.8924,Rice / Paddy,95281.0,257258.0,2.7,2021,Kharif,"Directorate of Economics & Statistics (DES), Ministry of Agriculture",https://desagri.gov.in/,REAL
Nagaland,Phek,26.1884,94.8924,Rice / Paddy,101237.0,253092.0,2.5,2022,Kharif,"Directorate of Economics & Statistics (DES), Ministry of Agriculture",https://desagri.gov.in/,REAL
Nagaland,Phek,26.1884,94.8924,Rice / Paddy,96274.0,226243.0,2.35,2023,Kharif,"Directorate of Economics & Statistics (DES), Ministry of Agriculture",https://desagri.gov.in/,REAL
Nagaland,Tuensang,25.6334,94.0524,Rice / Paddy,44717.0,111792.0,2.5,2018,Kharif,"Directorate of Economics & Statistics (DES), Ministry of Agriculture",https://desagri.gov.in/,REAL
Nagaland,Tuensang,25.6334,94.0524,Rice / Paddy,44275.0,110687.0,2.5,2019,Kharif,"Directorate of Economics & Statistics (DES), Ministry of Agriculture",https://desagri.gov.in/,REAL
Nagaland,Tuensang,25.6334,94.0524,Rice / Paddy,45160.0,121932.0,2.7,2020,Kharif,"Directorate of Economics & Statistics (DES), Ministry of Agriculture",https://desagri.gov.in/,REAL
Nagaland,Tuensang,25.6334,94.0524,Rice / Paddy,44275.0,119542.0,2.7,2021,Kharif,"Directorate of Economics & Statistics (DES), Ministry of Agriculture",https://desagri.gov.in/,REAL
Nagaland,Tuensang,25.6334,94.0524,Rice / Paddy,42504.0,106260.0,2.5,2022,Kharif,"Directorate of Economics & Statistics (DES), Ministry of Agriculture",https://desagri.gov.in/,REAL
Nagaland,Tuensang,25.6334,94.0524,Rice / Paddy,42946.0,100923.0,2.35,2023,Kharif,"Directorate of Economics & Statistics (DES), Ministry of Agriculture",https://desagri.gov.in/,REAL
Nagaland,Wokha,25.4834,94.8174,Rice / Paddy,70587.0,176467.0,2.5,2018,Kharif,"Directorate of Economics & Statistics (DES), Ministry of Agriculture",https://desagri.gov.in/,REAL
Nagaland,Wokha,25.4834,94.8174,Rice / Paddy,73440.0,183600.0,2.5,2019,Kharif,"Directorate of Economics & Statistics (DES), Ministry of Agriculture",https://desagri.gov.in/,REAL
Nagaland,Wokha,25.4834,94.8174,Rice / Paddy,73440.0,198288.0,2.7,2020,Kharif,"Directorate of Economics & Statistics (DES), Ministry of Agriculture",https://desagri.gov.in/,REAL
Nagaland,Wokha,25.4834,94.8174,Rice / Paddy,72014.0,194437.0,2.7,2021,Kharif,"Directorate of Economics & Statistics (DES), Ministry of Agriculture",https://desagri.gov.in/,REAL
Nagaland,Wokha,25.4834,94.8174,Rice / Paddy,69161.0,172902.0,2.5,2022,Kharif,"Directorate of Economics & Statistics (DES), Ministry of Agriculture",https://desagri.gov.in/,REAL
Nagaland,Wokha,25.4834,94.8174,Rice / Paddy,72727.0,170908.0,2.35,2023,Kharif,"Directorate of Economics & Statistics (DES), Ministry of Agriculture",https://desagri.gov.in/,REAL
Nagaland,Zunheboto,25.5884,94.2924,Rice / Paddy,90395.0,225987.0,2.5,2018,Kharif,"Directorate of Economics & Statistics (DES), Ministry of Agriculture",https://desagri.gov.in/,REAL
Nagaland,Zunheboto,25.5884,94.2924,Rice / Paddy,89472.0,223680.0,2.5,2019,Kharif,"Directorate of Economics & Statistics (DES), Ministry of Agriculture",https://desagri.gov.in/,REAL
Nagaland,Zunheboto,25.5884,94.2924,Rice / Paddy,93162.0,251537.0,2.7,2020,Kharif,"Directorate of Economics & Statistics (DES), Ministry of Agriculture",https://desagri.gov.in/,REAL
Nagaland,Zunheboto,25.5884,94.2924,Rice / Paddy,94084.0,254026.0,2.7,2021,Kharif,"Directorate of Economics & Statistics (DES), Ministry of Agriculture",https://desagri.gov.in/,REAL
Nagaland,Zunheboto,25.5884,94.2924,Rice / Paddy,87628.0,219070.0,2.5,2022,Kharif,"Directorate of Economics & Statistics (DES), Ministry of Agriculture",https://desagri.gov.in/,REAL
Nagaland,Zunheboto,25.5884,94.2924,Rice / Paddy,94084.0,221097.0,2.35,2023,Kharif,"Directorate of Economics & Statistics (DES), Ministry of Agriculture",https://desagri.gov.in/,REAL
Odisha,Angul,20.3667,85.2935,Rice / Paddy,16681.0,43370.0,2.6,2018,Kharif,"Directorate of Economics & Statistics (DES), Ministry of Agriculture",https://desagri.gov.in/,REAL
Odisha,Angul,20.3667,85.2935,Rice / Paddy,16681.0,43370.0,2.6,2019,Kharif,"Directorate of Economics & Statistics (DES), Ministry of Agriculture",https://desagri.gov.in/,REAL
Odisha,Angul,20.3667,85.2935,Rice / Paddy,16855.0,47362.0,2.81,2020,Kharif,"Directorate of Economics & Statistics (DES), Ministry of Agriculture",https://desagri.gov.in/,REAL
Odisha,Angul,20.3667,85.2935,Rice / Paddy,18072.0,50782.0,2.81,2021,Kharif,"Directorate of Economics & Statistics (DES), Ministry of Agriculture",https://desagri.gov.in/,REAL
Odisha,Angul,20.3667,85.2935,Rice / Paddy,17724.0,46082.0,2.6,2022,Kharif,"Directorate of Economics & Statistics (DES), Ministry of Agriculture",https://desagri.gov.in/,REAL
Odisha,Angul,20.3667,85.2935,Rice / Paddy,17377.0,42399.0,2.44,2023,Kharif,"Directorate of Economics & Statistics (DES), Ministry of Agriculture",https://desagri.gov.in/,REAL
Odisha,Balangir,21.0117,84.5735,Rice / Paddy,46874.0,121872.0,2.6,2018,Kharif,"Directorate of Economics & Statistics (DES), Ministry of Agriculture",https://desagri.gov.in/,REAL
Odisha,Balangir,21.0117,84.5735,Rice / Paddy,47357.0,123128.0,2.6,2019,Kharif,"Directorate of Economics & Statistics (DES), Ministry of Agriculture",https://desagri.gov.in/,REAL
Odisha,Balangir,21.0117,84.5735,Rice / Paddy,47357.0,133073.0,2.81,2020,Kharif,"Directorate of Economics & Statistics (DES), Ministry of Agriculture",https://desagri.gov.in/,REAL
Odisha,Balangir,21.0117,84.5735,Rice / Paddy,49290.0,138504.0,2.81,2021,Kharif,"Directorate of Economics & Statistics (DES), Ministry of Agriculture",https://desagri.gov.in/,REAL
Odisha,Balangir,21.0117,84.5735,Rice / Paddy,47840.0,124384.0,2.6,2022,Kharif,"Directorate of Economics & Statistics (DES), Ministry of Agriculture",https://desagri.gov.in/,REAL
Odisha,Balangir,21.0117,84.5735,Rice / Paddy,45907.0,112013.0,2.44,2023,Kharif,"Directorate of Economics & Statistics (DES), Ministry of Agriculture",https://desagri.gov.in/,REAL
Odisha,Balasore,20.2467,84.3935,Rice / Paddy,94962.0,246901.0,2.6,2018,Kharif,"Directorate of Economics & Statistics (DES), Ministry of Agriculture",https://desagri.gov.in/,REAL
Odisha,Balasore,20.2467,84.3935,Rice / Paddy,94962.0,246901.0,2.6,2019,Kharif,"Directorate of Economics & Statistics (DES), Ministry of Agriculture",https://desagri.gov.in/,REAL
Odisha,Balasore,20.2467,84.3935,Rice / Paddy,92197.0,259073.0,2.81,2020,Kharif,"Directorate of Economics & Statistics (DES), Ministry of Agriculture",https://desagri.gov.in/,REAL
Odisha,Balasore,20.2467,84.3935,Rice / Paddy,95884.0,269434.0,2.81,2021,Kharif,"Directorate of Economics & Statistics (DES), Ministry of Agriculture",https://desagri.gov.in/,REAL
Odisha,Balasore,20.2467,84.3935,Rice / Paddy,87587.0,227726.0,2.6,2022,Kharif,"Directorate of Economics & Statistics (DES), Ministry of Agriculture",https://desagri.gov.in/,REAL
Odisha,Balasore,20.2467,84.3935,Rice / Paddy,89431.0,218211.0,2.44,2023,Kharif,"Directorate of Economics & Statistics (DES), Ministry of Agriculture",https://desagri.gov.in/,REAL
Odisha,Bargarh,20.3067,85.3985,Rice / Paddy,68997.0,179392.0,2.6,2018,Kharif,"Directorate of Economics & Statistics (DES), Ministry of Agriculture",https://desagri.gov.in/,REAL
Odisha,Bargarh,20.3067,85.3985,Rice / Paddy,74807.0,194498.0,2.6,2019,Kharif,"Directorate of Economics & Statistics (DES), Ministry of Agriculture",https://desagri.gov.in/,REAL
Odisha,Bargarh,20.3067,85.3985,Rice / Paddy,73355.0,206127.0,2.81,2020,Kharif,"Directorate of Economics & Statistics (DES), Ministry of Agriculture",https://desagri.gov.in/,REAL
Odisha,Bargarh,20.3067,85.3985,Rice / Paddy,72629.0,204087.0,2.81,2021,Kharif,"Directorate of Economics & Statistics (DES), Ministry of Agriculture",https://desagri.gov.in/,REAL
Odisha,Bargarh,20.3067,85.3985,Rice / Paddy,71902.0,186945.0,2.6,2022,Kharif,"Directorate of Economics & Statistics (DES), Ministry of Agriculture",https://desagri.gov.in/,REAL
Odisha,Bargarh,20.3067,85.3985,Rice / Paddy,73355.0,178986.0,2.44,2023,Kharif,"Directorate of Economics & Statistics (DES), Ministry of Agriculture",https://desagri.gov.in/,REAL
Odisha,Bhadrak,20.8317,84.7685,Rice / Paddy,92643.0,240871.0,2.6,2018,Kharif,"Directorate of Economics & Statistics (DES), Ministry of Agriculture",https://desagri.gov.in/,REAL
Odisha,Bhadrak,20.8317,84.7685,Rice / Paddy,95395.0,248027.0,2.6,2019,Kharif,"Directorate of Economics & Statistics (DES), Ministry of Agriculture",https://desagri.gov.in/,REAL
Odisha,Bhadrak,20.8317,84.7685,Rice / Paddy,88056.0,247437.0,2.81,2020,Kharif,"Directorate of Economics & Statistics (DES), Ministry of Agriculture",https://desagri.gov.in/,REAL
Odisha,Bhadrak,20.8317,84.7685,Rice / Paddy,90808.0,255170.0,2.81,2021,Kharif,"Directorate of Economics & Statistics (DES), Ministry of Agriculture",https://desagri.gov.in/,REAL
Odisha,Bhadrak,20.8317,84.7685,Rice / Paddy,93560.0,243256.0,2.6,2022,Kharif,"Directorate of Economics & Statistics (DES), Ministry of Agriculture",https://desagri.gov.in/,REAL
Odisha,Bhadrak,20.8317,84.7685,Rice / Paddy,95395.0,232763.0,2.44,2023,Kharif,"Directorate of Economics & Statistics (DES), Ministry of Agriculture",https://desagri.gov.in/,REAL
Odisha,Boudh,20.8917,85.5485,Rice / Paddy,91842.0,238789.0,2.6,2018,Kharif,"Directorate of Economics & Statistics (DES), Ministry of Agriculture",https://desagri.gov.in/,REAL
Odisha,Boudh,20.8917,85.5485,Rice / Paddy,98609.0,256383.0,2.6,2019,Kharif,"Directorate of Economics & Statistics (DES), Ministry of Agriculture",https://desagri.gov.in/,REAL
Odisha,Boudh,20.8917,85.5485,Rice / Paddy,92808.0,260790.0,2.81,2020,Kharif,"Directorate of Economics & Statistics (DES), Ministry of Agriculture",https://desagri.gov.in/,REAL
Odisha,Boudh,20.8917,85.5485,Rice / Paddy,100543.0,282525.0,2.81,2021,Kharif,"Directorate of Economics & Statistics (DES), Ministry of Agriculture",https://desagri.gov.in/,REAL
Odisha,Boudh,20.8917,85.5485,Rice / Paddy,99576.0,258897.0,2.6,2022,Kharif,"Directorate of Economics & Statistics (DES), Ministry of Agriculture",https://desagri.gov.in/,REAL
Odisha,Boudh,20.8917,85.5485,Rice / Paddy,91842.0,224094.0,2.44,2023,Kharif,"Directorate of Economics & Statistics (DES), Ministry of Agriculture",https://desagri.gov.in/,REAL
Odisha,Cuttack,20.4867,85.7735,Rice / Paddy,57029.0,148275.0,2.6,2018,Kharif,"Directorate of Economics & Statistics (DES), Ministry of Agriculture",https://desagri.gov.in/,REAL
Odisha,Cuttack,20.4867,85.7735,Rice / Paddy,56475.0,146835.0,2.6,2019,Kharif,"Directorate of Economics & Statistics (DES), Ministry of Agriculture",https://desagri.gov.in/,REAL
Odisha,Cuttack,20.4867,85.7735,Rice / Paddy,55368.0,155584.0,2.81,2020,Kharif,"Directorate of Economics & Statistics (DES), Ministry of Agriculture",https://desagri.gov.in/,REAL
Odisha,Cuttack,20.4867,85.7735,Rice / Paddy,55921.0,157138.0,2.81,2021,Kharif,"Directorate of Economics & Statistics (DES), Ministry of Agriculture",https://desagri.gov.in/,REAL
Odisha,Cuttack,20.4867,85.7735,Rice / Paddy,52599.0,136757.0,2.6,2022,Kharif,"Directorate of Economics & Statistics (DES), Ministry of Agriculture",https://desagri.gov.in/,REAL
Odisha,Cuttack,20.4867,85.7735,Rice / Paddy,54814.0,133746.0,2.44,2023,Kharif,"Directorate of Economics & Statistics (DES), Ministry of Agriculture",https://desagri.gov.in/,REAL
Odisha,Deogarh,20.5317,85.4135,Rice / Paddy,31006.0,80615.0,2.6,2018,Kharif,"Directorate of Economics & Statistics (DES), Ministry of Agriculture",https://desagri.gov.in/,REAL
Odisha,Deogarh,20.5317,85.4135,Rice / Paddy,28919.0,75189.0,2.6,2019,Kharif,"Directorate of Economics & Statistics (DES), Ministry of Agriculture",https://desagri.gov.in/,REAL
Odisha,Deogarh,20.5317,85.4135,Rice / Paddy,28621.0,80425.0,2.81,2020,Kharif,"Directorate of Economics & Statistics (DES), Ministry of Agriculture",https://desagri.gov.in/,REAL
Odisha,Deogarh,20.5317,85.4135,Rice / Paddy,28323.0,79587.0,2.81,2021,Kharif,"Directorate of Economics & Statistics (DES), Ministry of Agriculture",https://desagri.gov.in/,REAL
Odisha,Deogarh,20.5317,85.4135,Rice / Paddy,29814.0,77516.0,2.6,2022,Kharif,"Directorate of Economics & Statistics (DES), Ministry of Agriculture",https://desagri.gov.in/,REAL
Odisha,Deogarh,20.5317,85.4135,Rice / Paddy,29217.0,71289.0,2.44,2023,Kharif,"Directorate of Economics & Statistics (DES), Ministry of Agriculture",https://desagri.gov.in/,REAL
Odisha,Dhenkanal,21.4167,84.9785,Rice / Paddy,24898.0,64734.0,2.6,2018,Kharif,"Directorate of Economics & Statistics (DES), Ministry of Agriculture",https://desagri.gov.in/,REAL
Odisha,Dhenkanal,21.4167,84.9785,Rice / Paddy,26695.0,69407.0,2.6,2019,Kharif,"Directorate of Economics & Statistics (DES), Ministry of Agriculture",https://desagri.gov.in/,REAL
Odisha,Dhenkanal,21.4167,84.9785,Rice / Paddy,25669.0,72129.0,2.81,2020,Kharif,"Directorate of Economics & Statistics (DES), Ministry of Agriculture",https://desagri.gov.in/,REAL
Odisha,Dhenkanal,21.4167,84.9785,Rice / Paddy,25155.0,70685.0,2.81,2021,Kharif,"Directorate of Economics & Statistics (DES), Ministry of Agriculture",https://desagri.gov.in/,REAL
Odisha,Dhenkanal,21.4167,84.9785,Rice / Paddy,24898.0,64734.0,2.6,2022,Kharif,"Directorate of Economics & Statistics (DES), Ministry of Agriculture",https://desagri.gov.in/,REAL
Odisha,Dhenkanal,21.4167,84.9785,Rice / Paddy,25412.0,62005.0,2.44,2023,Kharif,"Directorate of Economics & Statistics (DES), Ministry of Agriculture",https://desagri.gov.in/,REAL
Odisha,Gajapati,21.1767,84.9035,Rice / Paddy,50381.0,130990.0,2.6,2018,Kharif,"Directorate of Economics & Statistics (DES), Ministry of Agriculture",https://desagri.gov.in/,REAL
Odisha,Gajapati,21.1767,84.9035,Rice / Paddy,47861.0,124438.0,2.6,2019,Kharif,"Directorate of Economics & Statistics (DES), Ministry of Agriculture",https://desagri.gov.in/,REAL
Odisha,Gajapati,21.1767,84.9035,Rice / Paddy,50884.0,142984.0,2.81,2020,Kharif,"Directorate of Economics & Statistics (DES), Ministry of Agriculture",https://desagri.gov.in/,REAL
Odisha,Gajapati,21.1767,84.9035,Rice / Paddy,48365.0,135905.0,2.81,2021,Kharif,"Directorate of Economics & Statistics (DES), Ministry of Agriculture",https://desagri.gov.in/,REAL
Odisha,Gajapati,21.1767,84.9035,Rice / Paddy,49373.0,128369.0,2.6,2022,Kharif,"Directorate of Economics & Statistics (DES), Ministry of Agriculture",https://desagri.gov.in/,REAL
Odisha,Gajapati,21.1767,84.9035,Rice / Paddy,51388.0,125386.0,2.44,2023,Kharif,"Directorate of Economics & Statistics (DES), Ministry of Agriculture",https://desagri.gov.in/,REAL
Odisha,Ganjam,21.0117,85.4885,Rice / Paddy,95864.0,249246.0,2.6,2018,Kharif,"Directorate of Economics & Statistics (DES), Ministry of Agriculture",https://desagri.gov.in/,REAL
Odisha,Ganjam,21.0117,85.4885,Rice / Paddy,103853.0,270017.0,2.6,2019,Kharif,"Directorate of Economics & Statistics (DES), Ministry of Agriculture",https://desagri.gov.in/,REAL
Odisha,Ganjam,21.0117,85.4885,Rice / Paddy,102854.0,289019.0,2.81,2020,Kharif,"Directorate of Economics & Statistics (DES), Ministry of Agriculture",https://desagri.gov.in/,REAL
Odisha,Ganjam,21.0117,85.4885,Rice / Paddy,94866.0,266573.0,2.81,2021,Kharif,"Directorate of Economics & Statistics (DES), Ministry of Agriculture",https://desagri.gov.in/,REAL
Odisha,Ganjam,21.0117,85.4885,Rice / Paddy,101856.0,264825.0,2.6,2022,Kharif,"Directorate of Economics & Statistics (DES), Ministry of Agriculture",https://desagri.gov.in/,REAL
Odisha,Ganjam,21.0117,85.4885,Rice / Paddy,94866.0,231473.0,2.44,2023,Kharif,"Directorate of Economics & Statistics (DES), Ministry of Agriculture",https://desagri.gov.in/,REAL
Odisha,Jagatsinghapur,20.6967,85.0385,Rice / Paddy,92710.0,241046.0,2.6,2018,Kharif,"Directorate of Economics & Statistics (DES), Ministry of Agriculture",https://desagri.gov.in/,REAL
Odisha,Jagatsinghapur,20.6967,85.0385,Rice / Paddy,87257.0,226868.0,2.6,2019,Kharif,"Directorate of Economics & Statistics (DES), Ministry of Agriculture",https://desagri.gov.in/,REAL
Odisha,Jagatsinghapur,20.6967,85.0385,Rice / Paddy,93619.0,263069.0,2.81,2020,Kharif,"Directorate of Economics & Statistics (DES), Ministry of Agriculture",https://desagri.gov.in/,REAL
Odisha,Jagatsinghapur,20.6967,85.0385,Rice / Paddy,88166.0,247746.0,2.81,2021,Kharif,"Directorate of Economics & Statistics (DES), Ministry of Agriculture",https://desagri.gov.in/,REAL
Odisha,Jagatsinghapur,20.6967,85.0385,Rice / Paddy,92710.0,241046.0,2.6,2022,Kharif,"Directorate of Economics & Statistics (DES), Ministry of Agriculture",https://desagri.gov.in/,REAL
Odisha,Jagatsinghapur,20.6967,85.0385,Rice / Paddy,90893.0,221778.0,2.44,2023,Kharif,"Directorate of Economics & Statistics (DES), Ministry of Agriculture",https://desagri.gov.in/,REAL
Odisha,Jajpur,20.8467,85.4735,Rice / Paddy,89645.0,233077.0,2.6,2018,Kharif,"Directorate of Economics & Statistics (DES), Ministry of Agriculture",https://desagri.gov.in/,REAL
Odisha,Jajpur,20.8467,85.4735,Rice / Paddy,86130.0,223938.0,2.6,2019,Kharif,"Directorate of Economics & Statistics (DES), Ministry of Agriculture",https://desagri.gov.in/,REAL
Odisha,Jajpur,20.8467,85.4735,Rice / Paddy,83493.0,234615.0,2.81,2020,Kharif,"Directorate of Economics & Statistics (DES), Ministry of Agriculture",https://desagri.gov.in/,REAL
Odisha,Jajpur,20.8467,85.4735,Rice / Paddy,89645.0,251902.0,2.81,2021,Kharif,"Directorate of Economics & Statistics (DES), Ministry of Agriculture",https://desagri.gov.in/,REAL
Odisha,Jajpur,20.8467,85.4735,Rice / Paddy,88766.0,230791.0,2.6,2022,Kharif,"Directorate of Economics & Statistics (DES), Ministry of Agriculture",https://desagri.gov.in/,REAL
Odisha,Jajpur,20.8467,85.4735,Rice / Paddy,91403.0,223023.0,2.44,2023,Kharif,"Directorate of Economics & Statistics (DES), Ministry of Agriculture",https://desagri.gov.in/,REAL
Odisha,Jharsuguda,20.9367,85.4735,Rice / Paddy,73134.0,190148.0,2.6,2018,Kharif,"Directorate of Economics & Statistics (DES), Ministry of Agriculture",https://desagri.gov.in/,REAL
Odisha,Jharsuguda,20.9367,85.4735,Rice / Paddy,76182.0,198073.0,2.6,2019,Kharif,"Directorate of Economics & Statistics (DES), Ministry of Agriculture",https://desagri.gov.in/,REAL
Odisha,Jharsuguda,20.9367,85.4735,Rice / Paddy,76943.0,216209.0,2.81,2020,Kharif,"Directorate of Economics & Statistics (DES), Ministry of Agriculture",https://desagri.gov.in/,REAL
Odisha,Jharsuguda,20.9367,85.4735,Rice / Paddy,77705.0,218351.0,2.81,2021,Kharif,"Directorate of Economics & Statistics (DES), Ministry of Agriculture",https://desagri.gov.in/,REAL
Odisha,Jharsuguda,20.9367,85.4735,Rice / Paddy,73896.0,192129.0,2.6,2022,Kharif,"Directorate of Economics & Statistics (DES), Ministry of Agriculture",https://desagri.gov.in/,REAL
Odisha,Jharsuguda,20.9367,85.4735,Rice / Paddy,78467.0,191459.0,2.44,2023,Kharif,"Directorate of Economics & Statistics (DES), Ministry of Agriculture",https://desagri.gov.in/,REAL
Odisha,Kalahandi,21.3567,85.2335,Rice / Paddy,20434.0,53128.0,2.6,2018,Kharif,"Directorate of Economics & Statistics (DES), Ministry of Agriculture",https://desagri.gov.in/,REAL
Odisha,Kalahandi,21.3567,85.2335,Rice / Paddy,21487.0,55866.0,2.6,2019,Kharif,"Directorate of Economics & Statistics (DES), Ministry of Agriculture",https://desagri.gov.in/,REAL
Odisha,Kalahandi,21.3567,85.2335,Rice / Paddy,21908.0,61561.0,2.81,2020,Kharif,"Directorate of Economics & Statistics (DES), Ministry of Agriculture",https://desagri.gov.in/,REAL
Odisha,Kalahandi,21.3567,85.2335,Rice / Paddy,20012.0,56233.0,2.81,2021,Kharif,"Directorate of Economics & Statistics (DES), Ministry of Agriculture",https://desagri.gov.in/,REAL
Odisha,Kalahandi,21.3567,85.2335,Rice / Paddy,20012.0,52031.0,2.6,2022,Kharif,"Directorate of Economics & Statistics (DES), Ministry of Agriculture",https://desagri.gov.in/,REAL
Odisha,Kalahandi,21.3567,85.2335,Rice / Paddy,20223.0,49344.0,2.44,2023,Kharif,"Directorate of Economics & Statistics (DES), Ministry of Agriculture",https://desagri.gov.in/,REAL
Odisha,Kandhamal,21.5517,84.3935,Rice / Paddy,28346.0,73699.0,2.6,2018,Kharif,"Directorate of Economics & Statistics (DES), Ministry of Agriculture",https://desagri.gov.in/,REAL
Odisha,Kandhamal,21.5517,84.3935,Rice / Paddy,29778.0,77422.0,2.6,2019,Kharif,"Directorate of Economics & Statistics (DES), Ministry of Agriculture",https://desagri.gov.in/,REAL
Odisha,Kandhamal,21.5517,84.3935,Rice / Paddy,29491.0,82869.0,2.81,2020,Kharif,"Directorate of Economics & Statistics (DES), Ministry of Agriculture",https://desagri.gov.in/,REAL
Odisha,Kandhamal,21.5517,84.3935,Rice / Paddy,28346.0,79652.0,2.81,2021,Kharif,"Directorate of Economics & Statistics (DES), Ministry of Agriculture",https://desagri.gov.in/,REAL
Odisha,Kandhamal,21.5517,84.3935,Rice / Paddy,28919.0,75189.0,2.6,2022,Kharif,"Directorate of Economics & Statistics (DES), Ministry of Agriculture",https://desagri.gov.in/,REAL
Odisha,Kandhamal,21.5517,84.3935,Rice / Paddy,27774.0,67768.0,2.44,2023,Kharif,"Directorate of Economics & Statistics (DES), Ministry of Agriculture",https://desagri.gov.in/,REAL
Odisha,Kendrapara,20.3967,84.6335,Rice / Paddy,17914.0,46576.0,2.6,2018,Kharif,"Directorate of Economics & Statistics (DES), Ministry of Agriculture",https://desagri.gov.in/,REAL
Odisha,Kendrapara,20.3967,84.6335,Rice / Paddy,17387.0,45206.0,2.6,2019,Kharif,"Directorate of Economics & Statistics (DES), Ministry of Agriculture",https://desagri.gov.in/,REAL
Odisha,Kendrapara,20.3967,84.6335,Rice / Paddy,16684.0,46882.0,2.81,2020,Kharif,"Directorate of Economics & Statistics (DES), Ministry of Agriculture",https://desagri.gov.in/,REAL
Odisha,Kendrapara,20.3967,84.6335,Rice / Paddy,16684.0,46882.0,2.81,2021,Kharif,"Directorate of Economics & Statistics (DES), Ministry of Agriculture",https://desagri.gov.in/,REAL
Odisha,Kendrapara,20.3967,84.6335,Rice / Paddy,17036.0,44293.0,2.6,2022,Kharif,"Directorate of Economics & Statistics (DES), Ministry of Agriculture",https://desagri.gov.in/,REAL
Odisha,Kendrapara,20.3967,84.6335,Rice / Paddy,17387.0,42424.0,2.44,2023,Kharif,"Directorate of Economics & Statistics (DES), Ministry of Agriculture",https://desagri.gov.in/,REAL
Odisha,Kendujhar,20.2917,85.2185,Rice / Paddy,91424.0,237702.0,2.6,2018,Kharif,"Directorate of Economics & Statistics (DES), Ministry of Agriculture",https://desagri.gov.in/,REAL
Odisha,Kendujhar,20.2917,85.2185,Rice / Paddy,91424.0,237702.0,2.6,2019,Kharif,"Directorate of Economics & Statistics (DES), Ministry of Agriculture",https://desagri.gov.in/,REAL
Odisha,Kendujhar,20.2917,85.2185,Rice / Paddy,99043.0,278310.0,2.81,2020,Kharif,"Directorate of Economics & Statistics (DES), Ministry of Agriculture",https://desagri.gov.in/,REAL
Odisha,Kendujhar,20.2917,85.2185,Rice / Paddy,91424.0,256901.0,2.81,2021,Kharif,"Directorate of Economics & Statistics (DES), Ministry of Agriculture",https://desagri.gov.in/,REAL
Odisha,Kendujhar,20.2917,85.2185,Rice / Paddy,92376.0,240177.0,2.6,2022,Kharif,"Directorate of Economics & Statistics (DES), Ministry of Agriculture",https://desagri.gov.in/,REAL
Odisha,Kendujhar,20.2917,85.2185,Rice / Paddy,98091.0,239342.0,2.44,2023,Kharif,"Directorate of Economics & Statistics (DES), Ministry of Agriculture",https://desagri.gov.in/,REAL
Odisha,Khordha,21.5367,84.7535,Rice / Paddy,64287.0,167146.0,2.6,2018,Kharif,"Directorate of Economics & Statistics (DES), Ministry of Agriculture",https://desagri.gov.in/,REAL
Odisha,Khordha,21.5367,84.7535,Rice / Paddy,62962.0,163701.0,2.6,2019,Kharif,"Directorate of Economics & Statistics (DES), Ministry of Agriculture",https://desagri.gov.in/,REAL
Odisha,Khordha,21.5367,84.7535,Rice / Paddy,64287.0,180646.0,2.81,2020,Kharif,"Directorate of Economics & Statistics (DES), Ministry of Agriculture",https://desagri.gov.in/,REAL
Odisha,Khordha,21.5367,84.7535,Rice / Paddy,66276.0,186235.0,2.81,2021,Kharif,"Directorate of Economics & Statistics (DES), Ministry of Agriculture",https://desagri.gov.in/,REAL
Odisha,Khordha,21.5367,84.7535,Rice / Paddy,65613.0,170593.0,2.6,2022,Kharif,"Directorate of Economics & Statistics (DES), Ministry of Agriculture",https://desagri.gov.in/,REAL
Odisha,Khordha,21.5367,84.7535,Rice / Paddy,63624.0,155242.0,2.44,2023,Kharif,"Directorate of Economics & Statistics (DES), Ministry of Agriculture",https://desagri.gov.in/,REAL
Odisha,Koraput,20.8467,85.3085,Rice / Paddy,25384.0,65998.0,2.6,2018,Kharif,"Directorate of Economics & Statistics (DES), Ministry of Agriculture",https://desagri.gov.in/,REAL
Odisha,Koraput,20.8467,85.3085,Rice / Paddy,24630.0,64038.0,2.6,2019,Kharif,"Directorate of Economics & Statistics (DES), Ministry of Agriculture",https://desagri.gov.in/,REAL
Odisha,Koraput,20.8467,85.3085,Rice / Paddy,26138.0,73447.0,2.81,2020,Kharif,"Directorate of Economics & Statistics (DES), Ministry of Agriculture",https://desagri.gov.in/,REAL
Odisha,Koraput,20.8467,85.3085,Rice / Paddy,25384.0,71329.0,2.81,2021,Kharif,"Directorate of Economics & Statistics (DES), Ministry of Agriculture",https://desagri.gov.in/,REAL
Odisha,Koraput,20.8467,85.3085,Rice / Paddy,25384.0,65998.0,2.6,2022,Kharif,"Directorate of Economics & Statistics (DES), Ministry of Agriculture",https://desagri.gov.in/,REAL
Odisha,Koraput,20.8467,85.3085,Rice / Paddy,24881.0,60709.0,2.44,2023,Kharif,"Directorate of Economics & Statistics (DES), Ministry of Agriculture",https://desagri.gov.in/,REAL
Odisha,Malkangiri,20.6067,85.2335,Rice / Paddy,53995.0,140387.0,2.6,2018,Kharif,"Directorate of Economics & Statistics (DES), Ministry of Agriculture",https://desagri.gov.in/,REAL
Odisha,Malkangiri,20.6067,85.2335,Rice / Paddy,53995.0,140387.0,2.6,2019,Kharif,"Directorate of Economics & Statistics (DES), Ministry of Agriculture",https://desagri.gov.in/,REAL
Odisha,Malkangiri,20.6067,85.2335,Rice / Paddy,56177.0,157857.0,2.81,2020,Kharif,"Directorate of Economics & Statistics (DES), Ministry of Agriculture",https://desagri.gov.in/,REAL
Odisha,Malkangiri,20.6067,85.2335,Rice / Paddy,55631.0,156323.0,2.81,2021,Kharif,"Directorate of Economics & Statistics (DES), Ministry of Agriculture",https://desagri.gov.in/,REAL
Odisha,Malkangiri,20.6067,85.2335,Rice / Paddy,51813.0,134713.0,2.6,2022,Kharif,"Directorate of Economics & Statistics (DES), Ministry of Agriculture",https://desagri.gov.in/,REAL
Odisha,Malkangiri,20.6067,85.2335,Rice / Paddy,53995.0,131747.0,2.44,2023,Kharif,"Directorate of Economics & Statistics (DES), Ministry of Agriculture",https://desagri.gov.in/,REAL
Odisha,Mayurbhanj,20.8467,84.7835,Rice / Paddy,73914.0,192176.0,2.6,2018,Kharif,"Directorate of Economics & Statistics (DES), Ministry of Agriculture",https://desagri.gov.in/,REAL
Odisha,Mayurbhanj,20.8467,84.7835,Rice / Paddy,74676.0,194157.0,2.6,2019,Kharif,"Directorate of Economics & Statistics (DES), Ministry of Agriculture",https://desagri.gov.in/,REAL
Odisha,Mayurbhanj,20.8467,84.7835,Rice / Paddy,78487.0,220548.0,2.81,2020,Kharif,"Directorate of Economics & Statistics (DES), Ministry of Agriculture",https://desagri.gov.in/,REAL
Odisha,Mayurbhanj,20.8467,84.7835,Rice / Paddy,72390.0,203415.0,2.81,2021,Kharif,"Directorate of Economics & Statistics (DES), Ministry of Agriculture",https://desagri.gov.in/,REAL
Odisha,Mayurbhanj,20.8467,84.7835,Rice / Paddy,75438.0,196138.0,2.6,2022,Kharif,"Directorate of Economics & Statistics (DES), Ministry of Agriculture",https://desagri.gov.in/,REAL
Odisha,Mayurbhanj,20.8467,84.7835,Rice / Paddy,73914.0,180350.0,2.44,2023,Kharif,"Directorate of Economics & Statistics (DES), Ministry of Agriculture",https://desagri.gov.in/,REAL
Odisha,Nabarangpur,21.2367,85.0685,Rice / Paddy,33983.0,88355.0,2.6,2018,Kharif,"Directorate of Economics & Statistics (DES), Ministry of Agriculture",https://desagri.gov.in/,REAL
Odisha,Nabarangpur,21.2367,85.0685,Rice / Paddy,33303.0,86587.0,2.6,2019,Kharif,"Directorate of Economics & Statistics (DES), Ministry of Agriculture",https://desagri.gov.in/,REAL
Odisha,Nabarangpur,21.2367,85.0685,Rice / Paddy,34322.0,96444.0,2.81,2020,Kharif,"Directorate of Economics & Statistics (DES), Ministry of Agriculture",https://desagri.gov.in/,REAL
Odisha,Nabarangpur,21.2367,85.0685,Rice / Paddy,32963.0,92626.0,2.81,2021,Kharif,"Directorate of Economics & Statistics (DES), Ministry of Agriculture",https://desagri.gov.in/,REAL
Odisha,Nabarangpur,21.2367,85.0685,Rice / Paddy,34322.0,89237.0,2.6,2022,Kharif,"Directorate of Economics & Statistics (DES), Ministry of Agriculture",https://desagri.gov.in/,REAL
Odisha,Nabarangpur,21.2367,85.0685,Rice / Paddy,34662.0,84575.0,2.44,2023,Kharif,"Directorate of Economics & Statistics (DES), Ministry of Agriculture",https://desagri.gov.in/,REAL
Odisha,Nayagarh,20.8017,84.5585,Rice / Paddy,63317.0,164624.0,2.6,2018,Kharif,"Directorate of Economics & Statistics (DES), Ministry of Agriculture",https://desagri.gov.in/,REAL
Odisha,Nayagarh,20.8017,84.5585,Rice / Paddy,66650.0,173290.0,2.6,2019,Kharif,"Directorate of Economics & Statistics (DES), Ministry of Agriculture",https://desagri.gov.in/,REAL
Odisha,Nayagarh,20.8017,84.5585,Rice / Paddy,65983.0,185412.0,2.81,2020,Kharif,"Directorate of Economics & Statistics (DES), Ministry of Agriculture",https://desagri.gov.in/,REAL
Odisha,Nayagarh,20.8017,84.5585,Rice / Paddy,67316.0,189157.0,2.81,2021,Kharif,"Directorate of Economics & Statistics (DES), Ministry of Agriculture",https://desagri.gov.in/,REAL
Odisha,Nayagarh,20.8017,84.5585,Rice / Paddy,67983.0,176755.0,2.6,2022,Kharif,"Directorate of Economics & Statistics (DES), Ministry of Agriculture",https://desagri.gov.in/,REAL
Odisha,Nayagarh,20.8017,84.5585,Rice / Paddy,65983.0,160998.0,2.44,2023,Kharif,"Directorate of Economics & Statistics (DES), Ministry of Agriculture",https://desagri.gov.in/,REAL
Odisha,Nuapada,21.2517,85.0235,Rice / Paddy,26470.0,68822.0,2.6,2018,Kharif,"Directorate of Economics & Statistics (DES), Ministry of Agriculture",https://desagri.gov.in/,REAL
Odisha,Nuapada,21.2517,85.0235,Rice / Paddy,25930.0,67418.0,2.6,2019,Kharif,"Directorate of Economics & Statistics (DES), Ministry of Agriculture",https://desagri.gov.in/,REAL
Odisha,Nuapada,21.2517,85.0235,Rice / Paddy,27011.0,75900.0,2.81,2020,Kharif,"Directorate of Economics & Statistics (DES), Ministry of Agriculture",https://desagri.gov.in/,REAL
Odisha,Nuapada,21.2517,85.0235,Rice / Paddy,27281.0,76659.0,2.81,2021,Kharif,"Directorate of Economics & Statistics (DES), Ministry of Agriculture",https://desagri.gov.in/,REAL
Odisha,Nuapada,21.2517,85.0235,Rice / Paddy,27011.0,70228.0,2.6,2022,Kharif,"Directorate of Economics & Statistics (DES), Ministry of Agriculture",https://desagri.gov.in/,REAL
Odisha,Nuapada,21.2517,85.0235,Rice / Paddy,28091.0,68542.0,2.44,2023,Kharif,"Directorate of Economics & Statistics (DES), Ministry of Agriculture",https://desagri.gov.in/,REAL
Odisha,Puri,20.6217,84.7685,Rice / Paddy,99498.0,258694.0,2.6,2018,Kharif,"Directorate of Economics & Statistics (DES), Ministry of Agriculture",https://desagri.gov.in/,REAL
Odisha,Puri,20.6217,84.7685,Rice / Paddy,95557.0,248448.0,2.6,2019,Kharif,"Directorate of Economics & Statistics (DES), Ministry of Agriculture",https://desagri.gov.in/,REAL
Odisha,Puri,20.6217,84.7685,Rice / Paddy,96542.0,271283.0,2.81,2020,Kharif,"Directorate of Economics & Statistics (DES), Ministry of Agriculture",https://desagri.gov.in/,REAL
Odisha,Puri,20.6217,84.7685,Rice / Paddy,102453.0,287892.0,2.81,2021,Kharif,"Directorate of Economics & Statistics (DES), Ministry of Agriculture",https://desagri.gov.in/,REAL
Odisha,Puri,20.6217,84.7685,Rice / Paddy,99498.0,258694.0,2.6,2022,Kharif,"Directorate of Economics & Statistics (DES), Ministry of Agriculture",https://desagri.gov.in/,REAL
Odisha,Puri,20.6217,84.7685,Rice / Paddy,93587.0,228352.0,2.44,2023,Kharif,"Directorate of Economics & Statistics (DES), Ministry of Agriculture",https://desagri.gov.in/,REAL
Odisha,Rayagada,21.4767,84.3785,Rice / Paddy,80747.0,209942.0,2.6,2018,Kharif,"Directorate of Economics & Statistics (DES), Ministry of Agriculture",https://desagri.gov.in/,REAL
Odisha,Rayagada,21.4767,84.3785,Rice / Paddy,75950.0,197470.0,2.6,2019,Kharif,"Directorate of Economics & Statistics (DES), Ministry of Agriculture",https://desagri.gov.in/,REAL
Odisha,Rayagada,21.4767,84.3785,Rice / Paddy,83145.0,233637.0,2.81,2020,Kharif,"Directorate of Economics & Statistics (DES), Ministry of Agriculture",https://desagri.gov.in/,REAL
Odisha,Rayagada,21.4767,84.3785,Rice / Paddy,81546.0,229144.0,2.81,2021,Kharif,"Directorate of Economics & Statistics (DES), Ministry of Agriculture",https://desagri.gov.in/,REAL
Odisha,Rayagada,21.4767,84.3785,Rice / Paddy,79148.0,205784.0,2.6,2022,Kharif,"Directorate of Economics & Statistics (DES), Ministry of Agriculture",https://desagri.gov.in/,REAL
Odisha,Rayagada,21.4767,84.3785,Rice / Paddy,79148.0,193121.0,2.44,2023,Kharif,"Directorate of Economics & Statistics (DES), Ministry of Agriculture",https://desagri.gov.in/,REAL
Odisha,Sambalpur,20.6667,84.7385,Rice / Paddy,48545.0,126217.0,2.6,2018,Kharif,"Directorate of Economics & Statistics (DES), Ministry of Agriculture",https://desagri.gov.in/,REAL
Odisha,Sambalpur,20.6667,84.7385,Rice / Paddy,49021.0,127454.0,2.6,2019,Kharif,"Directorate of Economics & Statistics (DES), Ministry of Agriculture",https://desagri.gov.in/,REAL
Odisha,Sambalpur,20.6667,84.7385,Rice / Paddy,47594.0,133739.0,2.81,2020,Kharif,"Directorate of Economics & Statistics (DES), Ministry of Agriculture",https://desagri.gov.in/,REAL
Odisha,Sambalpur,20.6667,84.7385,Rice / Paddy,46642.0,131064.0,2.81,2021,Kharif,"Directorate of Economics & Statistics (DES), Ministry of Agriculture",https://desagri.gov.in/,REAL
Odisha,Sambalpur,20.6667,84.7385,Rice / Paddy,49021.0,127454.0,2.6,2022,Kharif,"Directorate of Economics & Statistics (DES), Ministry of Agriculture",https://desagri.gov.in/,REAL
Odisha,Sambalpur,20.6667,84.7385,Rice / Paddy,48069.0,117288.0,2.44,2023,Kharif,"Directorate of Economics & Statistics (DES), Ministry of Agriculture",https://desagri.gov.in/,REAL
Odisha,Subarnapur,20.5017,84.4385,Rice / Paddy,65957.0,171488.0,2.6,2018,Kharif,"Directorate of Economics & Statistics (DES), Ministry of Agriculture",https://desagri.gov.in/,REAL
Odisha,Subarnapur,20.5017,84.4385,Rice / Paddy,64689.0,168191.0,2.6,2019,Kharif,"Directorate of Economics & Statistics (DES), Ministry of Agriculture",https://desagri.gov.in/,REAL
Odisha,Subarnapur,20.5017,84.4385,Rice / Paddy,63421.0,178213.0,2.81,2020,Kharif,"Directorate of Economics & Statistics (DES), Ministry of Agriculture",https://desagri.gov.in/,REAL
Odisha,Subarnapur,20.5017,84.4385,Rice / Paddy,60884.0,171084.0,2.81,2021,Kharif,"Directorate of Economics & Statistics (DES), Ministry of Agriculture",https://desagri.gov.in/,REAL
Odisha,Subarnapur,20.5017,84.4385,Rice / Paddy,62152.0,161595.0,2.6,2022,Kharif,"Directorate of Economics & Statistics (DES), Ministry of Agriculture",https://desagri.gov.in/,REAL
Odisha,Subarnapur,20.5017,84.4385,Rice / Paddy,65957.0,160935.0,2.44,2023,Kharif,"Directorate of Economics & Statistics (DES), Ministry of Agriculture",https://desagri.gov.in/,REAL
Odisha,Sundargarh,20.2167,85.4885,Rice / Paddy,23478.0,61042.0,2.6,2018,Kharif,"Directorate of Economics & Statistics (DES), Ministry of Agriculture",https://desagri.gov.in/,REAL
Odisha,Sundargarh,20.2167,85.4885,Rice / Paddy,24916.0,64781.0,2.6,2019,Kharif,"Directorate of Economics & Statistics (DES), Ministry of Agriculture",https://desagri.gov.in/,REAL
Odisha,Sundargarh,20.2167,85.4885,Rice / Paddy,24437.0,68667.0,2.81,2020,Kharif,"Directorate of Economics & Statistics (DES), Ministry of Agriculture",https://desagri.gov.in/,REAL
Odisha,Sundargarh,20.2167,85.4885,Rice / Paddy,22999.0,64627.0,2.81,2021,Kharif,"Directorate of Economics & Statistics (DES), Ministry of Agriculture",https://desagri.gov.in/,REAL
Odisha,Sundargarh,20.2167,85.4885,Rice / Paddy,23478.0,61042.0,2.6,2022,Kharif,"Directorate of Economics & Statistics (DES), Ministry of Agriculture",https://desagri.gov.in/,REAL
Odisha,Sundargarh,20.2167,85.4885,Rice / Paddy,24197.0,59040.0,2.44,2023,Kharif,"Directorate of Economics & Statistics (DES), Ministry of Agriculture",https://desagri.gov.in/,REAL
Punjab,Amritsar,31.634,74.8723,Wheat,93009.0,474345.0,5.1,2018,Rabi,"Directorate of Economics & Statistics (DES), Ministry of Agriculture",https://desagri.gov.in/,REAL
Punjab,Amritsar,31.634,74.8723,Wheat,99791.0,508934.0,5.1,2019,Rabi,"Directorate of Economics & Statistics (DES), Ministry of Agriculture",https://desagri.gov.in/,REAL
Punjab,Amritsar,31.634,74.8723,Wheat,96885.0,533836.0,5.51,2020,Rabi,"Directorate of Economics & Statistics (DES), Ministry of Agriculture",https://desagri.gov.in/,REAL
Punjab,Amritsar,31.634,74.8723,Wheat,94947.0,523157.0,5.51,2021,Rabi,"Directorate of Economics & Statistics (DES), Ministry of Agriculture",https://desagri.gov.in/,REAL
Punjab,Amritsar,31.634,74.8723,Wheat,94947.0,484229.0,5.1,2022,Rabi,"Directorate of Economics & Statistics (DES), Ministry of Agriculture",https://desagri.gov.in/,REAL
Punjab,Amritsar,31.634,74.8723,Wheat,95916.0,459437.0,4.79,2023,Rabi,"Directorate of Economics & Statistics (DES), Ministry of Agriculture",https://desagri.gov.in/,REAL
Punjab,Amritsar,31.634,74.8723,Rice / Paddy,46250.0,194250.0,4.2,2018,Kharif,"Directorate of Economics & Statistics (DES), Ministry of Agriculture",https://desagri.gov.in/,REAL
Punjab,Amritsar,31.634,74.8723,Rice / Paddy,49623.0,208416.0,4.2,2019,Kharif,"Directorate of Economics & Statistics (DES), Ministry of Agriculture",https://desagri.gov.in/,REAL
Punjab,Amritsar,31.634,74.8723,Rice / Paddy,48178.0,218728.0,4.54,2020,Kharif,"Directorate of Economics & Statistics (DES), Ministry of Agriculture",https://desagri.gov.in/,REAL
Punjab,Amritsar,31.634,74.8723,Rice / Paddy,47214.0,214351.0,4.54,2021,Kharif,"Directorate of Economics & Statistics (DES), Ministry of Agriculture",https://desagri.gov.in/,REAL
Punjab,Amritsar,31.634,74.8723,Rice / Paddy,47214.0,198298.0,4.2,2022,Kharif,"Directorate of Economics & Statistics (DES), Ministry of Agriculture",https://desagri.gov.in/,REAL
Punjab,Amritsar,31.634,74.8723,Rice / Paddy,47696.0,188399.0,3.95,2023,Kharif,"Directorate of Economics & Statistics (DES), Ministry of Agriculture",https://desagri.gov.in/,REAL
Punjab,Barnala,31.2521,75.0712,Wheat,17079.0,87102.0,5.1,2018,Rabi,"Directorate of Economics & Statistics (DES), Ministry of Agriculture",https://desagri.gov.in/,REAL
Punjab,Barnala,31.2521,75.0712,Wheat,17079.0,87102.0,5.1,2019,Rabi,"Directorate of Economics & Statistics (DES), Ministry of Agriculture",https://desagri.gov.in/,REAL
Punjab,Barnala,31.2521,75.0712,Wheat,16915.0,93201.0,5.51,2020,Rabi,"Directorate of Economics & Statistics (DES), Ministry of Agriculture",https://desagri.gov.in/,REAL
Punjab,Barnala,31.2521,75.0712,Wheat,16915.0,93201.0,5.51,2021,Rabi,"Directorate of Economics & Statistics (DES), Ministry of Agriculture",https://desagri.gov.in/,REAL
Punjab,Barnala,31.2521,75.0712,Wheat,16915.0,86266.0,5.1,2022,Rabi,"Directorate of Economics & Statistics (DES), Ministry of Agriculture",https://desagri.gov.in/,REAL
Punjab,Barnala,31.2521,75.0712,Wheat,16094.0,77090.0,4.79,2023,Rabi,"Directorate of Economics & Statistics (DES), Ministry of Agriculture",https://desagri.gov.in/,REAL
Punjab,Barnala,31.2521,75.0712,Rice / Paddy,39636.0,166471.0,4.2,2018,Kharif,"Directorate of Economics & Statistics (DES), Ministry of Agriculture",https://desagri.gov.in/,REAL
Punjab,Barnala,31.2521,75.0712,Rice / Paddy,39636.0,166471.0,4.2,2019,Kharif,"Directorate of Economics & Statistics (DES), Ministry of Agriculture",https://desagri.gov.in/,REAL
Punjab,Barnala,31.2521,75.0712,Rice / Paddy,39255.0,178217.0,4.54,2020,Kharif,"Directorate of Economics & Statistics (DES), Ministry of Agriculture",https://desagri.gov.in/,REAL
Punjab,Barnala,31.2521,75.0712,Rice / Paddy,39255.0,178217.0,4.54,2021,Kharif,"Directorate of Economics & Statistics (DES), Ministry of Agriculture",https://desagri.gov.in/,REAL
Punjab,Barnala,31.2521,75.0712,Rice / Paddy,39255.0,164871.0,4.2,2022,Kharif,"Directorate of Economics & Statistics (DES), Ministry of Agriculture",https://desagri.gov.in/,REAL
Punjab,Barnala,31.2521,75.0712,Rice / Paddy,37349.0,147528.0,3.95,2023,Kharif,"Directorate of Economics & Statistics (DES), Ministry of Agriculture",https://desagri.gov.in/,REAL
Punjab,Bathinda,31.1771,75.9262,Wheat,60822.0,310192.0,5.1,2018,Rabi,"Directorate of Economics & Statistics (DES), Ministry of Agriculture",https://desagri.gov.in/,REAL
Punjab,Bathinda,31.1771,75.9262,Wheat,58413.0,297906.0,5.1,2019,Rabi,"Directorate of Economics & Statistics (DES), Ministry of Agriculture",https://desagri.gov.in/,REAL
Punjab,Bathinda,31.1771,75.9262,Wheat,59015.0,325172.0,5.51,2020,Rabi,"Directorate of Economics & Statistics (DES), Ministry of Agriculture",https://desagri.gov.in/,REAL
Punjab,Bathinda,31.1771,75.9262,Wheat,57209.0,315221.0,5.51,2021,Rabi,"Directorate of Economics & Statistics (DES), Ministry of Agriculture",https://desagri.gov.in/,REAL
Punjab,Bathinda,31.1771,75.9262,Wheat,57209.0,291765.0,5.1,2022,Rabi,"Directorate of Economics & Statistics (DES), Ministry of Agriculture",https://desagri.gov.in/,REAL
Punjab,Bathinda,31.1771,75.9262,Wheat,60220.0,288453.0,4.79,2023,Rabi,"Directorate of Economics & Statistics (DES), Ministry of Agriculture",https://desagri.gov.in/,REAL
Punjab,Bathinda,31.1771,75.9262,Rice / Paddy,83169.0,349309.0,4.2,2018,Kharif,"Directorate of Economics & Statistics (DES), Ministry of Agriculture",https://desagri.gov.in/,REAL
Punjab,Bathinda,31.1771,75.9262,Rice / Paddy,79875.0,335475.0,4.2,2019,Kharif,"Directorate of Economics & Statistics (DES), Ministry of Agriculture",https://desagri.gov.in/,REAL
Punjab,Bathinda,31.1771,75.9262,Rice / Paddy,80699.0,366373.0,4.54,2020,Kharif,"Directorate of Economics & Statistics (DES), Ministry of Agriculture",https://desagri.gov.in/,REAL
Punjab,Bathinda,31.1771,75.9262,Rice / Paddy,78228.0,355155.0,4.54,2021,Kharif,"Directorate of Economics & Statistics (DES), Ministry of Agriculture",https://desagri.gov.in/,REAL
Punjab,Bathinda,31.1771,75.9262,Rice / Paddy,78228.0,328557.0,4.2,2022,Kharif,"Directorate of Economics & Statistics (DES), Ministry of Agriculture",https://desagri.gov.in/,REAL
Punjab,Bathinda,31.1771,75.9262,Rice / Paddy,82346.0,325266.0,3.95,2023,Kharif,"Directorate of Economics & Statistics (DES), Ministry of Agriculture",https://desagri.gov.in/,REAL
Punjab,Faridkot,31.6871,75.2662,Wheat,16630.0,84813.0,5.1,2018,Rabi,"Directorate of Economics & Statistics (DES), Ministry of Agriculture",https://desagri.gov.in/,REAL
Punjab,Faridkot,31.6871,75.2662,Wheat,16630.0,84813.0,5.1,2019,Rabi,"Directorate of Economics & Statistics (DES), Ministry of Agriculture",https://desagri.gov.in/,REAL
Punjab,Faridkot,31.6871,75.2662,Wheat,17487.0,96353.0,5.51,2020,Rabi,"Directorate of Economics & Statistics (DES), Ministry of Agriculture",https://desagri.gov.in/,REAL
Punjab,Faridkot,31.6871,75.2662,Wheat,16802.0,92579.0,5.51,2021,Rabi,"Directorate of Economics & Statistics (DES), Ministry of Agriculture",https://desagri.gov.in/,REAL
Punjab,Faridkot,31.6871,75.2662,Wheat,17487.0,89183.0,5.1,2022,Rabi,"Directorate of Economics & Statistics (DES), Ministry of Agriculture",https://desagri.gov.in/,REAL
Punjab,Faridkot,31.6871,75.2662,Wheat,17659.0,84586.0,4.79,2023,Rabi,"Directorate of Economics & Statistics (DES), Ministry of Agriculture",https://desagri.gov.in/,REAL
Punjab,Faridkot,31.6871,75.2662,Rice / Paddy,35310.0,148302.0,4.2,2018,Kharif,"Directorate of Economics & Statistics (DES), Ministry of Agriculture",https://desagri.gov.in/,REAL
Punjab,Faridkot,31.6871,75.2662,Rice / Paddy,35310.0,148302.0,4.2,2019,Kharif,"Directorate of Economics & Statistics (DES), Ministry of Agriculture",https://desagri.gov.in/,REAL
Punjab,Faridkot,31.6871,75.2662,Rice / Paddy,37131.0,168574.0,4.54,2020,Kharif,"Directorate of Economics & Statistics (DES), Ministry of Agriculture",https://desagri.gov.in/,REAL
Punjab,Faridkot,31.6871,75.2662,Rice / Paddy,35674.0,161959.0,4.54,2021,Kharif,"Directorate of Economics & Statistics (DES), Ministry of Agriculture",https://desagri.gov.in/,REAL
Punjab,Faridkot,31.6871,75.2662,Rice / Paddy,37131.0,155950.0,4.2,2022,Kharif,"Directorate of Economics & Statistics (DES), Ministry of Agriculture",https://desagri.gov.in/,REAL
Punjab,Faridkot,31.6871,75.2662,Rice / Paddy,37495.0,148105.0,3.95,2023,Kharif,"Directorate of Economics & Statistics (DES), Ministry of Agriculture",https://desagri.gov.in/,REAL
Punjab,Fatehgarh Sahib,31.0421,74.6062,Wheat,32276.0,164607.0,5.1,2018,Rabi,"Directorate of Economics & Statistics (DES), Ministry of Agriculture",https://desagri.gov.in/,REAL
Punjab,Fatehgarh Sahib,31.0421,74.6062,Wheat,30984.0,158018.0,5.1,2019,Rabi,"Directorate of Economics & Statistics (DES), Ministry of Agriculture",https://desagri.gov.in/,REAL
Punjab,Fatehgarh Sahib,31.0421,74.6062,Wheat,30984.0,170721.0,5.51,2020,Rabi,"Directorate of Economics & Statistics (DES), Ministry of Agriculture",https://desagri.gov.in/,REAL
Punjab,Fatehgarh Sahib,31.0421,74.6062,Wheat,31307.0,172501.0,5.51,2021,Rabi,"Directorate of Economics & Statistics (DES), Ministry of Agriculture",https://desagri.gov.in/,REAL
Punjab,Fatehgarh Sahib,31.0421,74.6062,Wheat,32276.0,164607.0,5.1,2022,Rabi,"Directorate of Economics & Statistics (DES), Ministry of Agriculture",https://desagri.gov.in/,REAL
Punjab,Fatehgarh Sahib,31.0421,74.6062,Wheat,33244.0,159238.0,4.79,2023,Rabi,"Directorate of Economics & Statistics (DES), Ministry of Agriculture",https://desagri.gov.in/,REAL
Punjab,Fatehgarh Sahib,31.0421,74.6062,Rice / Paddy,60975.0,256095.0,4.2,2018,Kharif,"Directorate of Economics & Statistics (DES), Ministry of Agriculture",https://desagri.gov.in/,REAL
Punjab,Fatehgarh Sahib,31.0421,74.6062,Rice / Paddy,58536.0,245851.0,4.2,2019,Kharif,"Directorate of Economics & Statistics (DES), Ministry of Agriculture",https://desagri.gov.in/,REAL
Punjab,Fatehgarh Sahib,31.0421,74.6062,Rice / Paddy,58536.0,265753.0,4.54,2020,Kharif,"Directorate of Economics & Statistics (DES), Ministry of Agriculture",https://desagri.gov.in/,REAL
Punjab,Fatehgarh Sahib,31.0421,74.6062,Rice / Paddy,59145.0,268518.0,4.54,2021,Kharif,"Directorate of Economics & Statistics (DES), Ministry of Agriculture",https://desagri.gov.in/,REAL
Punjab,Fatehgarh Sahib,31.0421,74.6062,Rice / Paddy,60975.0,256095.0,4.2,2022,Kharif,"Directorate of Economics & Statistics (DES), Ministry of Agriculture",https://desagri.gov.in/,REAL
Punjab,Fatehgarh Sahib,31.0421,74.6062,Rice / Paddy,62804.0,248075.0,3.95,2023,Kharif,"Directorate of Economics & Statistics (DES), Ministry of Agriculture",https://desagri.gov.in/,REAL
Punjab,Fazilka,31.2071,75.4612,Wheat,50645.0,258289.0,5.1,2018,Rabi,"Directorate of Economics & Statistics (DES), Ministry of Agriculture",https://desagri.gov.in/,REAL
Punjab,Fazilka,31.2071,75.4612,Wheat,53256.0,271605.0,5.1,2019,Rabi,"Directorate of Economics & Statistics (DES), Ministry of Agriculture",https://desagri.gov.in/,REAL
Punjab,Fazilka,31.2071,75.4612,Wheat,53778.0,296316.0,5.51,2020,Rabi,"Directorate of Economics & Statistics (DES), Ministry of Agriculture",https://desagri.gov.in/,REAL
Punjab,Fazilka,31.2071,75.4612,Wheat,51167.0,281930.0,5.51,2021,Rabi,"Directorate of Economics & Statistics (DES), Ministry of Agriculture",https://desagri.gov.in/,REAL
Punjab,Fazilka,31.2071,75.4612,Wheat,53778.0,274267.0,5.1,2022,Rabi,"Directorate of Economics & Statistics (DES), Ministry of Agriculture",https://desagri.gov.in/,REAL
Punjab,Fazilka,31.2071,75.4612,Wheat,52212.0,250095.0,4.79,2023,Rabi,"Directorate of Economics & Statistics (DES), Ministry of Agriculture",https://desagri.gov.in/,REAL
Punjab,Fazilka,31.2071,75.4612,Rice / Paddy,73562.0,308960.0,4.2,2018,Kharif,"Directorate of Economics & Statistics (DES), Ministry of Agriculture",https://desagri.gov.in/,REAL
Punjab,Fazilka,31.2071,75.4612,Rice / Paddy,77354.0,324886.0,4.2,2019,Kharif,"Directorate of Economics & Statistics (DES), Ministry of Agriculture",https://desagri.gov.in/,REAL
Punjab,Fazilka,31.2071,75.4612,Rice / Paddy,78113.0,354633.0,4.54,2020,Kharif,"Directorate of Economics & Statistics (DES), Ministry of Agriculture",https://desagri.gov.in/,REAL
Punjab,Fazilka,31.2071,75.4612,Rice / Paddy,74321.0,337417.0,4.54,2021,Kharif,"Directorate of Economics & Statistics (DES), Ministry of Agriculture",https://desagri.gov.in/,REAL
Punjab,Fazilka,31.2071,75.4612,Rice / Paddy,78113.0,328074.0,4.2,2022,Kharif,"Directorate of Economics & Statistics (DES), Ministry of Agriculture",https://desagri.gov.in/,REAL
Punjab,Fazilka,31.2071,75.4612,Rice / Paddy,75838.0,299560.0,3.95,2023,Kharif,"Directorate of Economics & Statistics (DES), Ministry of Agriculture",https://desagri.gov.in/,REAL
Punjab,Firozpur,30.8471,75.0262,Wheat,65086.0,331938.0,5.1,2018,Rabi,"Directorate of Economics & Statistics (DES), Ministry of Agriculture",https://desagri.gov.in/,REAL
Punjab,Firozpur,30.8471,75.0262,Wheat,61331.0,312788.0,5.1,2019,Rabi,"Directorate of Economics & Statistics (DES), Ministry of Agriculture",https://desagri.gov.in/,REAL
Punjab,Firozpur,30.8471,75.0262,Wheat,61331.0,337933.0,5.51,2020,Rabi,"Directorate of Economics & Statistics (DES), Ministry of Agriculture",https://desagri.gov.in/,REAL
Punjab,Firozpur,30.8471,75.0262,Wheat,62583.0,344832.0,5.51,2021,Rabi,"Directorate of Economics & Statistics (DES), Ministry of Agriculture",https://desagri.gov.in/,REAL
Punjab,Firozpur,30.8471,75.0262,Wheat,61957.0,315980.0,5.1,2022,Rabi,"Directorate of Economics & Statistics (DES), Ministry of Agriculture",https://desagri.gov.in/,REAL
Punjab,Firozpur,30.8471,75.0262,Wheat,63834.0,305764.0,4.79,2023,Rabi,"Directorate of Economics & Statistics (DES), Ministry of Agriculture",https://desagri.gov.in/,REAL
Punjab,Firozpur,30.8471,75.0262,Rice / Paddy,30183.0,126768.0,4.2,2018,Kharif,"Directorate of Economics & Statistics (DES), Ministry of Agriculture",https://desagri.gov.in/,REAL
Punjab,Firozpur,30.8471,75.0262,Rice / Paddy,28442.0,119456.0,4.2,2019,Kharif,"Directorate of Economics & Statistics (DES), Ministry of Agriculture",https://desagri.gov.in/,REAL
Punjab,Firozpur,30.8471,75.0262,Rice / Paddy,28442.0,129126.0,4.54,2020,Kharif,"Directorate of Economics & Statistics (DES), Ministry of Agriculture",https://desagri.gov.in/,REAL
Punjab,Firozpur,30.8471,75.0262,Rice / Paddy,29023.0,131764.0,4.54,2021,Kharif,"Directorate of Economics & Statistics (DES), Ministry of Agriculture",https://desagri.gov.in/,REAL
Punjab,Firozpur,30.8471,75.0262,Rice / Paddy,28732.0,120674.0,4.2,2022,Kharif,"Directorate of Economics & Statistics (DES), Ministry of Agriculture",https://desagri.gov.in/,REAL
Punjab,Firozpur,30.8471,75.0262,Rice / Paddy,29603.0,116931.0,3.95,2023,Kharif,"Directorate of Economics & Statistics (DES), Ministry of Agriculture",https://desagri.gov.in/,REAL
Punjab,Gurdaspur,31.0121,75.9262,Wheat,36051.0,183860.0,5.1,2018,Rabi,"Directorate of Economics & Statistics (DES), Ministry of Agriculture",https://desagri.gov.in/,REAL
Punjab,Gurdaspur,31.0121,75.9262,Wheat,33278.0,169717.0,5.1,2019,Rabi,"Directorate of Economics & Statistics (DES), Ministry of Agriculture",https://desagri.gov.in/,REAL
Punjab,Gurdaspur,31.0121,75.9262,Wheat,34665.0,191004.0,5.51,2020,Rabi,"Directorate of Economics & Statistics (DES), Ministry of Agriculture",https://desagri.gov.in/,REAL
Punjab,Gurdaspur,31.0121,75.9262,Wheat,33625.0,185273.0,5.51,2021,Rabi,"Directorate of Economics & Statistics (DES), Ministry of Agriculture",https://desagri.gov.in/,REAL
Punjab,Gurdaspur,31.0121,75.9262,Wheat,33971.0,173252.0,5.1,2022,Rabi,"Directorate of Economics & Statistics (DES), Ministry of Agriculture",https://desagri.gov.in/,REAL
Punjab,Gurdaspur,31.0121,75.9262,Wheat,33278.0,159401.0,4.79,2023,Rabi,"Directorate of Economics & Statistics (DES), Ministry of Agriculture",https://desagri.gov.in/,REAL
Punjab,Gurdaspur,31.0121,75.9262,Rice / Paddy,102339.0,429823.0,4.2,2018,Kharif,"Directorate of Economics & Statistics (DES), Ministry of Agriculture",https://desagri.gov.in/,REAL
Punjab,Gurdaspur,31.0121,75.9262,Rice / Paddy,94466.0,396757.0,4.2,2019,Kharif,"Directorate of Economics & Statistics (DES), Ministry of Agriculture",https://desagri.gov.in/,REAL
Punjab,Gurdaspur,31.0121,75.9262,Rice / Paddy,98403.0,446749.0,4.54,2020,Kharif,"Directorate of Economics & Statistics (DES), Ministry of Agriculture",https://desagri.gov.in/,REAL
Punjab,Gurdaspur,31.0121,75.9262,Rice / Paddy,95450.0,433343.0,4.54,2021,Kharif,"Directorate of Economics & Statistics (DES), Ministry of Agriculture",https://desagri.gov.in/,REAL
Punjab,Gurdaspur,31.0121,75.9262,Rice / Paddy,96434.0,405022.0,4.2,2022,Kharif,"Directorate of Economics & Statistics (DES), Ministry of Agriculture",https://desagri.gov.in/,REAL
Punjab,Gurdaspur,31.0121,75.9262,Rice / Paddy,94466.0,373140.0,3.95,2023,Kharif,"Directorate of Economics & Statistics (DES), Ministry of Agriculture",https://desagri.gov.in/,REAL
Punjab,Hoshiarpur,30.6221,76.0762,Wheat,56552.0,288415.0,5.1,2018,Rabi,"Directorate of Economics & Statistics (DES), Ministry of Agriculture",https://desagri.gov.in/,REAL
Punjab,Hoshiarpur,30.6221,76.0762,Wheat,58909.0,300435.0,5.1,2019,Rabi,"Directorate of Economics & Statistics (DES), Ministry of Agriculture",https://desagri.gov.in/,REAL
Punjab,Hoshiarpur,30.6221,76.0762,Wheat,55963.0,308356.0,5.51,2020,Rabi,"Directorate of Economics & Statistics (DES), Ministry of Agriculture",https://desagri.gov.in/,REAL
Punjab,Hoshiarpur,30.6221,76.0762,Wheat,57730.0,318092.0,5.51,2021,Rabi,"Directorate of Economics & Statistics (DES), Ministry of Agriculture",https://desagri.gov.in/,REAL
Punjab,Hoshiarpur,30.6221,76.0762,Wheat,56552.0,288415.0,5.1,2022,Rabi,"Directorate of Economics & Statistics (DES), Ministry of Agriculture",https://desagri.gov.in/,REAL
Punjab,Hoshiarpur,30.6221,76.0762,Wheat,61265.0,293459.0,4.79,2023,Rabi,"Directorate of Economics & Statistics (DES), Ministry of Agriculture",https://desagri.gov.in/,REAL
Punjab,Hoshiarpur,30.6221,76.0762,Rice / Paddy,73267.0,307721.0,4.2,2018,Kharif,"Directorate of Economics & Statistics (DES), Ministry of Agriculture",https://desagri.gov.in/,REAL
Punjab,Hoshiarpur,30.6221,76.0762,Rice / Paddy,76320.0,320544.0,4.2,2019,Kharif,"Directorate of Economics & Statistics (DES), Ministry of Agriculture",https://desagri.gov.in/,REAL
Punjab,Hoshiarpur,30.6221,76.0762,Rice / Paddy,72504.0,329168.0,4.54,2020,Kharif,"Directorate of Economics & Statistics (DES), Ministry of Agriculture",https://desagri.gov.in/,REAL
Punjab,Hoshiarpur,30.6221,76.0762,Rice / Paddy,74793.0,339560.0,4.54,2021,Kharif,"Directorate of Economics & Statistics (DES), Ministry of Agriculture",https://desagri.gov.in/,REAL
Punjab,Hoshiarpur,30.6221,76.0762,Rice / Paddy,73267.0,307721.0,4.2,2022,Kharif,"Directorate of Economics & Statistics (DES), Ministry of Agriculture",https://desagri.gov.in/,REAL
Punjab,Hoshiarpur,30.6221,76.0762,Rice / Paddy,79372.0,313519.0,3.95,2023,Kharif,"Directorate of Economics & Statistics (DES), Ministry of Agriculture",https://desagri.gov.in/,REAL
Punjab,Jalandhar,31.8071,74.6062,Wheat,15407.0,78575.0,5.1,2018,Rabi,"Directorate of Economics & Statistics (DES), Ministry of Agriculture",https://desagri.gov.in/,REAL
Punjab,Jalandhar,31.8071,74.6062,Wheat,16036.0,81783.0,5.1,2019,Rabi,"Directorate of Economics & Statistics (DES), Ministry of Agriculture",https://desagri.gov.in/,REAL
Punjab,Jalandhar,31.8071,74.6062,Wheat,15564.0,85757.0,5.51,2020,Rabi,"Directorate of Economics & Statistics (DES), Ministry of Agriculture",https://desagri.gov.in/,REAL
Punjab,Jalandhar,31.8071,74.6062,Wheat,16036.0,88358.0,5.51,2021,Rabi,"Directorate of Economics & Statistics (DES), Ministry of Agriculture",https://desagri.gov.in/,REAL
Punjab,Jalandhar,31.8071,74.6062,Wheat,16193.0,82584.0,5.1,2022,Rabi,"Directorate of Economics & Statistics (DES), Ministry of Agriculture",https://desagri.gov.in/,REAL
Punjab,Jalandhar,31.8071,74.6062,Wheat,15722.0,75308.0,4.79,2023,Rabi,"Directorate of Economics & Statistics (DES), Ministry of Agriculture",https://desagri.gov.in/,REAL
Punjab,Jalandhar,31.8071,74.6062,Rice / Paddy,38068.0,159885.0,4.2,2018,Kharif,"Directorate of Economics & Statistics (DES), Ministry of Agriculture",https://desagri.gov.in/,REAL
Punjab,Jalandhar,31.8071,74.6062,Rice / Paddy,39621.0,166408.0,4.2,2019,Kharif,"Directorate of Economics & Statistics (DES), Ministry of Agriculture",https://desagri.gov.in/,REAL
Punjab,Jalandhar,31.8071,74.6062,Rice / Paddy,38456.0,174590.0,4.54,2020,Kharif,"Directorate of Economics & Statistics (DES), Ministry of Agriculture",https://desagri.gov.in/,REAL
Punjab,Jalandhar,31.8071,74.6062,Rice / Paddy,39621.0,179879.0,4.54,2021,Kharif,"Directorate of Economics & Statistics (DES), Ministry of Agriculture",https://desagri.gov.in/,REAL
Punjab,Jalandhar,31.8071,74.6062,Rice / Paddy,40010.0,168042.0,4.2,2022,Kharif,"Directorate of Economics & Statistics (DES), Ministry of Agriculture",https://desagri.gov.in/,REAL
Punjab,Jalandhar,31.8071,74.6062,Rice / Paddy,38845.0,153437.0,3.95,2023,Kharif,"Directorate of Economics & Statistics (DES), Ministry of Agriculture",https://desagri.gov.in/,REAL
Punjab,Kapurthala,30.5471,75.6712,Wheat,54399.0,277434.0,5.1,2018,Rabi,"Directorate of Economics & Statistics (DES), Ministry of Agriculture",https://desagri.gov.in/,REAL
Punjab,Kapurthala,30.5471,75.6712,Wheat,54927.0,280127.0,5.1,2019,Rabi,"Directorate of Economics & Statistics (DES), Ministry of Agriculture",https://desagri.gov.in/,REAL
Punjab,Kapurthala,30.5471,75.6712,Wheat,53343.0,293919.0,5.51,2020,Rabi,"Directorate of Economics & Statistics (DES), Ministry of Agriculture",https://desagri.gov.in/,REAL
Punjab,Kapurthala,30.5471,75.6712,Wheat,51758.0,285186.0,5.51,2021,Rabi,"Directorate of Economics & Statistics (DES), Ministry of Agriculture",https://desagri.gov.in/,REAL
Punjab,Kapurthala,30.5471,75.6712,Wheat,51230.0,261272.0,5.1,2022,Rabi,"Directorate of Economics & Statistics (DES), Ministry of Agriculture",https://desagri.gov.in/,REAL
Punjab,Kapurthala,30.5471,75.6712,Wheat,54399.0,260571.0,4.79,2023,Rabi,"Directorate of Economics & Statistics (DES), Ministry of Agriculture",https://desagri.gov.in/,REAL
Punjab,Kapurthala,30.5471,75.6712,Rice / Paddy,50828.0,213477.0,4.2,2018,Kharif,"Directorate of Economics & Statistics (DES), Ministry of Agriculture",https://desagri.gov.in/,REAL
Punjab,Kapurthala,30.5471,75.6712,Rice / Paddy,51321.0,215548.0,4.2,2019,Kharif,"Directorate of Economics & Statistics (DES), Ministry of Agriculture",https://desagri.gov.in/,REAL
Punjab,Kapurthala,30.5471,75.6712,Rice / Paddy,49841.0,226278.0,4.54,2020,Kharif,"Directorate of Economics & Statistics (DES), Ministry of Agriculture",https://desagri.gov.in/,REAL
Punjab,Kapurthala,30.5471,75.6712,Rice / Paddy,48361.0,219558.0,4.54,2021,Kharif,"Directorate of Economics & Statistics (DES), Ministry of Agriculture",https://desagri.gov.in/,REAL
Punjab,Kapurthala,30.5471,75.6712,Rice / Paddy,47867.0,201041.0,4.2,2022,Kharif,"Directorate of Economics & Statistics (DES), Ministry of Agriculture",https://desagri.gov.in/,REAL
Punjab,Kapurthala,30.5471,75.6712,Rice / Paddy,50828.0,200770.0,3.95,2023,Kharif,"Directorate of Economics & Statistics (DES), Ministry of Agriculture",https://desagri.gov.in/,REAL
Punjab,Ludhiana,30.901,75.8573,Wheat,28737.0,146558.0,5.1,2018,Rabi,"Directorate of Economics & Statistics (DES), Ministry of Agriculture",https://desagri.gov.in/,REAL
Punjab,Ludhiana,30.901,75.8573,Wheat,28444.0,145064.0,5.1,2019,Rabi,"Directorate of Economics & Statistics (DES), Ministry of Agriculture",https://desagri.gov.in/,REAL
Punjab,Ludhiana,30.901,75.8573,Wheat,28444.0,156726.0,5.51,2020,Rabi,"Directorate of Economics & Statistics (DES), Ministry of Agriculture",https://desagri.gov.in/,REAL
Punjab,Ludhiana,30.901,75.8573,Wheat,30496.0,168032.0,5.51,2021,Rabi,"Directorate of Economics & Statistics (DES), Ministry of Agriculture",https://desagri.gov.in/,REAL
Punjab,Ludhiana,30.901,75.8573,Wheat,29910.0,152541.0,5.1,2022,Rabi,"Directorate of Economics & Statistics (DES), Ministry of Agriculture",https://desagri.gov.in/,REAL
Punjab,Ludhiana,30.901,75.8573,Wheat,30203.0,144672.0,4.79,2023,Rabi,"Directorate of Economics & Statistics (DES), Ministry of Agriculture",https://desagri.gov.in/,REAL
Punjab,Ludhiana,30.901,75.8573,Rice / Paddy,28079.0,117931.0,4.2,2018,Kharif,"Directorate of Economics & Statistics (DES), Ministry of Agriculture",https://desagri.gov.in/,REAL
Punjab,Ludhiana,30.901,75.8573,Rice / Paddy,27793.0,116730.0,4.2,2019,Kharif,"Directorate of Economics & Statistics (DES), Ministry of Agriculture",https://desagri.gov.in/,REAL
Punjab,Ludhiana,30.901,75.8573,Rice / Paddy,27793.0,126180.0,4.54,2020,Kharif,"Directorate of Economics & Statistics (DES), Ministry of Agriculture",https://desagri.gov.in/,REAL
Punjab,Ludhiana,30.901,75.8573,Rice / Paddy,29799.0,135287.0,4.54,2021,Kharif,"Directorate of Economics & Statistics (DES), Ministry of Agriculture",https://desagri.gov.in/,REAL
Punjab,Ludhiana,30.901,75.8573,Rice / Paddy,29226.0,122749.0,4.2,2022,Kharif,"Directorate of Economics & Statistics (DES), Ministry of Agriculture",https://desagri.gov.in/,REAL
Punjab,Ludhiana,30.901,75.8573,Rice / Paddy,29512.0,116572.0,3.95,2023,Kharif,"Directorate of Economics & Statistics (DES), Ministry of Agriculture",https://desagri.gov.in/,REAL
Punjab,Mansa,30.8771,75.6712,Wheat,26166.0,133446.0,5.1,2018,Rabi,"Directorate of Economics & Statistics (DES), Ministry of Agriculture",https://desagri.gov.in/,REAL
Punjab,Mansa,30.8771,75.6712,Wheat,24641.0,125669.0,5.1,2019,Rabi,"Directorate of Economics & Statistics (DES), Ministry of Agriculture",https://desagri.gov.in/,REAL
Punjab,Mansa,30.8771,75.6712,Wheat,26166.0,144174.0,5.51,2020,Rabi,"Directorate of Economics & Statistics (DES), Ministry of Agriculture",https://desagri.gov.in/,REAL
Punjab,Mansa,30.8771,75.6712,Wheat,25404.0,139976.0,5.51,2021,Rabi,"Directorate of Economics & Statistics (DES), Ministry of Agriculture",https://desagri.gov.in/,REAL
Punjab,Mansa,30.8771,75.6712,Wheat,25149.0,128259.0,5.1,2022,Rabi,"Directorate of Economics & Statistics (DES), Ministry of Agriculture",https://desagri.gov.in/,REAL
Punjab,Mansa,30.8771,75.6712,Wheat,25912.0,124118.0,4.79,2023,Rabi,"Directorate of Economics & Statistics (DES), Ministry of Agriculture",https://desagri.gov.in/,REAL
Punjab,Mansa,30.8771,75.6712,Rice / Paddy,97365.0,408933.0,4.2,2018,Kharif,"Directorate of Economics & Statistics (DES), Ministry of Agriculture",https://desagri.gov.in/,REAL
Punjab,Mansa,30.8771,75.6712,Rice / Paddy,91694.0,385114.0,4.2,2019,Kharif,"Directorate of Economics & Statistics (DES), Ministry of Agriculture",https://desagri.gov.in/,REAL
Punjab,Mansa,30.8771,75.6712,Rice / Paddy,97365.0,442037.0,4.54,2020,Kharif,"Directorate of Economics & Statistics (DES), Ministry of Agriculture",https://desagri.gov.in/,REAL
Punjab,Mansa,30.8771,75.6712,Rice / Paddy,94530.0,429166.0,4.54,2021,Kharif,"Directorate of Economics & Statistics (DES), Ministry of Agriculture",https://desagri.gov.in/,REAL
Punjab,Mansa,30.8771,75.6712,Rice / Paddy,93584.0,393052.0,4.2,2022,Kharif,"Directorate of Economics & Statistics (DES), Ministry of Agriculture",https://desagri.gov.in/,REAL
Punjab,Mansa,30.8771,75.6712,Rice / Paddy,96420.0,380859.0,3.95,2023,Kharif,"Directorate of Economics & Statistics (DES), Ministry of Agriculture",https://desagri.gov.in/,REAL
Punjab,Moga,30.9221,74.7562,Wheat,60032.0,306163.0,5.1,2018,Rabi,"Directorate of Economics & Statistics (DES), Ministry of Agriculture",https://desagri.gov.in/,REAL
Punjab,Moga,30.9221,74.7562,Wheat,63784.0,325298.0,5.1,2019,Rabi,"Directorate of Economics & Statistics (DES), Ministry of Agriculture",https://desagri.gov.in/,REAL
Punjab,Moga,30.9221,74.7562,Wheat,60032.0,330776.0,5.51,2020,Rabi,"Directorate of Economics & Statistics (DES), Ministry of Agriculture",https://desagri.gov.in/,REAL
Punjab,Moga,30.9221,74.7562,Wheat,60657.0,334220.0,5.51,2021,Rabi,"Directorate of Economics & Statistics (DES), Ministry of Agriculture",https://desagri.gov.in/,REAL
Punjab,Moga,30.9221,74.7562,Wheat,65035.0,331678.0,5.1,2022,Rabi,"Directorate of Economics & Statistics (DES), Ministry of Agriculture",https://desagri.gov.in/,REAL
Punjab,Moga,30.9221,74.7562,Wheat,63159.0,302531.0,4.79,2023,Rabi,"Directorate of Economics & Statistics (DES), Ministry of Agriculture",https://desagri.gov.in/,REAL
Punjab,Moga,30.9221,74.7562,Rice / Paddy,59355.0,249291.0,4.2,2018,Kharif,"Directorate of Economics & Statistics (DES), Ministry of Agriculture",https://desagri.gov.in/,REAL
Punjab,Moga,30.9221,74.7562,Rice / Paddy,63065.0,264873.0,4.2,2019,Kharif,"Directorate of Economics & Statistics (DES), Ministry of Agriculture",https://desagri.gov.in/,REAL
Punjab,Moga,30.9221,74.7562,Rice / Paddy,59355.0,269471.0,4.54,2020,Kharif,"Directorate of Economics & Statistics (DES), Ministry of Agriculture",https://desagri.gov.in/,REAL
Punjab,Moga,30.9221,74.7562,Rice / Paddy,59974.0,272281.0,4.54,2021,Kharif,"Directorate of Economics & Statistics (DES), Ministry of Agriculture",https://desagri.gov.in/,REAL
Punjab,Moga,30.9221,74.7562,Rice / Paddy,64302.0,270068.0,4.2,2022,Kharif,"Directorate of Economics & Statistics (DES), Ministry of Agriculture",https://desagri.gov.in/,REAL
Punjab,Moga,30.9221,74.7562,Rice / Paddy,62447.0,246665.0,3.95,2023,Kharif,"Directorate of Economics & Statistics (DES), Ministry of Agriculture",https://desagri.gov.in/,REAL
Punjab,Muktsar,31.4321,75.8962,Wheat,101570.0,518006.0,5.1,2018,Rabi,"Directorate of Economics & Statistics (DES), Ministry of Agriculture",https://desagri.gov.in/,REAL
Punjab,Muktsar,31.4321,75.8962,Wheat,100593.0,513024.0,5.1,2019,Rabi,"Directorate of Economics & Statistics (DES), Ministry of Agriculture",https://desagri.gov.in/,REAL
Punjab,Muktsar,31.4321,75.8962,Wheat,101570.0,559650.0,5.51,2020,Rabi,"Directorate of Economics & Statistics (DES), Ministry of Agriculture",https://desagri.gov.in/,REAL
Punjab,Muktsar,31.4321,75.8962,Wheat,93757.0,516601.0,5.51,2021,Rabi,"Directorate of Economics & Statistics (DES), Ministry of Agriculture",https://desagri.gov.in/,REAL
Punjab,Muktsar,31.4321,75.8962,Wheat,92780.0,473177.0,5.1,2022,Rabi,"Directorate of Economics & Statistics (DES), Ministry of Agriculture",https://desagri.gov.in/,REAL
Punjab,Muktsar,31.4321,75.8962,Wheat,99617.0,477165.0,4.79,2023,Rabi,"Directorate of Economics & Statistics (DES), Ministry of Agriculture",https://desagri.gov.in/,REAL
Punjab,Muktsar,31.4321,75.8962,Rice / Paddy,94924.0,398680.0,4.2,2018,Kharif,"Directorate of Economics & Statistics (DES), Ministry of Agriculture",https://desagri.gov.in/,REAL
Punjab,Muktsar,31.4321,75.8962,Rice / Paddy,94012.0,394850.0,4.2,2019,Kharif,"Directorate of Economics & Statistics (DES), Ministry of Agriculture",https://desagri.gov.in/,REAL
Punjab,Muktsar,31.4321,75.8962,Rice / Paddy,94924.0,430954.0,4.54,2020,Kharif,"Directorate of Economics & Statistics (DES), Ministry of Agriculture",https://desagri.gov.in/,REAL
Punjab,Muktsar,31.4321,75.8962,Rice / Paddy,87623.0,397808.0,4.54,2021,Kharif,"Directorate of Economics & Statistics (DES), Ministry of Agriculture",https://desagri.gov.in/,REAL
Punjab,Muktsar,31.4321,75.8962,Rice / Paddy,86710.0,364182.0,4.2,2022,Kharif,"Directorate of Economics & Statistics (DES), Ministry of Agriculture",https://desagri.gov.in/,REAL
Punjab,Muktsar,31.4321,75.8962,Rice / Paddy,93099.0,367741.0,3.95,2023,Kharif,"Directorate of Economics & Statistics (DES), Ministry of Agriculture",https://desagri.gov.in/,REAL
Punjab,Pathankot,31.2821,74.6962,Wheat,66901.0,341195.0,5.1,2018,Rabi,"Directorate of Economics & Statistics (DES), Ministry of Agriculture",https://desagri.gov.in/,REAL
Punjab,Pathankot,31.2821,74.6962,Wheat,62927.0,320927.0,5.1,2019,Rabi,"Directorate of Economics & Statistics (DES), Ministry of Agriculture",https://desagri.gov.in/,REAL
Punjab,Pathankot,31.2821,74.6962,Wheat,66239.0,364976.0,5.51,2020,Rabi,"Directorate of Economics & Statistics (DES), Ministry of Agriculture",https://desagri.gov.in/,REAL
Punjab,Pathankot,31.2821,74.6962,Wheat,66901.0,368624.0,5.51,2021,Rabi,"Directorate of Economics & Statistics (DES), Ministry of Agriculture",https://desagri.gov.in/,REAL
Punjab,Pathankot,31.2821,74.6962,Wheat,63589.0,324303.0,5.1,2022,Rabi,"Directorate of Economics & Statistics (DES), Ministry of Agriculture",https://desagri.gov.in/,REAL
Punjab,Pathankot,31.2821,74.6962,Wheat,63589.0,304591.0,4.79,2023,Rabi,"Directorate of Economics & Statistics (DES), Ministry of Agriculture",https://desagri.gov.in/,REAL
Punjab,Pathankot,31.2821,74.6962,Rice / Paddy,23591.0,99082.0,4.2,2018,Kharif,"Directorate of Economics & Statistics (DES), Ministry of Agriculture",https://desagri.gov.in/,REAL
Punjab,Pathankot,31.2821,74.6962,Rice / Paddy,22190.0,93198.0,4.2,2019,Kharif,"Directorate of Economics & Statistics (DES), Ministry of Agriculture",https://desagri.gov.in/,REAL
Punjab,Pathankot,31.2821,74.6962,Rice / Paddy,23358.0,106045.0,4.54,2020,Kharif,"Directorate of Economics & Statistics (DES), Ministry of Agriculture",https://desagri.gov.in/,REAL
Punjab,Pathankot,31.2821,74.6962,Rice / Paddy,23591.0,107103.0,4.54,2021,Kharif,"Directorate of Economics & Statistics (DES), Ministry of Agriculture",https://desagri.gov.in/,REAL
Punjab,Pathankot,31.2821,74.6962,Rice / Paddy,22423.0,94176.0,4.2,2022,Kharif,"Directorate of Economics & Statistics (DES), Ministry of Agriculture",https://desagri.gov.in/,REAL
Punjab,Pathankot,31.2821,74.6962,Rice / Paddy,22423.0,88570.0,3.95,2023,Kharif,"Directorate of Economics & Statistics (DES), Ministry of Agriculture",https://desagri.gov.in/,REAL
Punjab,Patiala,31.8071,75.8062,Wheat,86920.0,443291.0,5.1,2018,Rabi,"Directorate of Economics & Statistics (DES), Ministry of Agriculture",https://desagri.gov.in/,REAL
Punjab,Patiala,31.8071,75.8062,Wheat,86033.0,438768.0,5.1,2019,Rabi,"Directorate of Economics & Statistics (DES), Ministry of Agriculture",https://desagri.gov.in/,REAL
Punjab,Patiala,31.8071,75.8062,Wheat,85146.0,469154.0,5.51,2020,Rabi,"Directorate of Economics & Statistics (DES), Ministry of Agriculture",https://desagri.gov.in/,REAL
Punjab,Patiala,31.8071,75.8062,Wheat,84259.0,464267.0,5.51,2021,Rabi,"Directorate of Economics & Statistics (DES), Ministry of Agriculture",https://desagri.gov.in/,REAL
Punjab,Patiala,31.8071,75.8062,Wheat,86920.0,443291.0,5.1,2022,Rabi,"Directorate of Economics & Statistics (DES), Ministry of Agriculture",https://desagri.gov.in/,REAL
Punjab,Patiala,31.8071,75.8062,Wheat,87807.0,420595.0,4.79,2023,Rabi,"Directorate of Economics & Statistics (DES), Ministry of Agriculture",https://desagri.gov.in/,REAL
Punjab,Patiala,31.8071,75.8062,Rice / Paddy,79355.0,333291.0,4.2,2018,Kharif,"Directorate of Economics & Statistics (DES), Ministry of Agriculture",https://desagri.gov.in/,REAL
Punjab,Patiala,31.8071,75.8062,Rice / Paddy,78545.0,329889.0,4.2,2019,Kharif,"Directorate of Economics & Statistics (DES), Ministry of Agriculture",https://desagri.gov.in/,REAL
Punjab,Patiala,31.8071,75.8062,Rice / Paddy,77736.0,352921.0,4.54,2020,Kharif,"Directorate of Economics & Statistics (DES), Ministry of Agriculture",https://desagri.gov.in/,REAL
Punjab,Patiala,31.8071,75.8062,Rice / Paddy,76926.0,349244.0,4.54,2021,Kharif,"Directorate of Economics & Statistics (DES), Ministry of Agriculture",https://desagri.gov.in/,REAL
Punjab,Patiala,31.8071,75.8062,Rice / Paddy,79355.0,333291.0,4.2,2022,Kharif,"Directorate of Economics & Statistics (DES), Ministry of Agriculture",https://desagri.gov.in/,REAL
Punjab,Patiala,31.8071,75.8062,Rice / Paddy,80165.0,316651.0,3.95,2023,Kharif,"Directorate of Economics & Statistics (DES), Ministry of Agriculture",https://desagri.gov.in/,REAL
Punjab,Rupnagar,30.4421,75.1012,Wheat,61405.0,313165.0,5.1,2018,Rabi,"Directorate of Economics & Statistics (DES), Ministry of Agriculture",https://desagri.gov.in/,REAL
Punjab,Rupnagar,30.4421,75.1012,Wheat,59634.0,304133.0,5.1,2019,Rabi,"Directorate of Economics & Statistics (DES), Ministry of Agriculture",https://desagri.gov.in/,REAL
Punjab,Rupnagar,30.4421,75.1012,Wheat,59044.0,325332.0,5.51,2020,Rabi,"Directorate of Economics & Statistics (DES), Ministry of Agriculture",https://desagri.gov.in/,REAL
Punjab,Rupnagar,30.4421,75.1012,Wheat,56682.0,312317.0,5.51,2021,Rabi,"Directorate of Economics & Statistics (DES), Ministry of Agriculture",https://desagri.gov.in/,REAL
Punjab,Rupnagar,30.4421,75.1012,Wheat,60224.0,307142.0,5.1,2022,Rabi,"Directorate of Economics & Statistics (DES), Ministry of Agriculture",https://desagri.gov.in/,REAL
Punjab,Rupnagar,30.4421,75.1012,Wheat,60224.0,288472.0,4.79,2023,Rabi,"Directorate of Economics & Statistics (DES), Ministry of Agriculture",https://desagri.gov.in/,REAL
Punjab,Rupnagar,30.4421,75.1012,Rice / Paddy,91034.0,382342.0,4.2,2018,Kharif,"Directorate of Economics & Statistics (DES), Ministry of Agriculture",https://desagri.gov.in/,REAL
Punjab,Rupnagar,30.4421,75.1012,Rice / Paddy,88408.0,371313.0,4.2,2019,Kharif,"Directorate of Economics & Statistics (DES), Ministry of Agriculture",https://desagri.gov.in/,REAL
Punjab,Rupnagar,30.4421,75.1012,Rice / Paddy,87533.0,397399.0,4.54,2020,Kharif,"Directorate of Economics & Statistics (DES), Ministry of Agriculture",https://desagri.gov.in/,REAL
Punjab,Rupnagar,30.4421,75.1012,Rice / Paddy,84031.0,381500.0,4.54,2021,Kharif,"Directorate of Economics & Statistics (DES), Ministry of Agriculture",https://desagri.gov.in/,REAL
Punjab,Rupnagar,30.4421,75.1012,Rice / Paddy,89283.0,374988.0,4.2,2022,Kharif,"Directorate of Economics & Statistics (DES), Ministry of Agriculture",https://desagri.gov.in/,REAL
Punjab,Rupnagar,30.4421,75.1012,Rice / Paddy,89283.0,352667.0,3.95,2023,Kharif,"Directorate of Economics & Statistics (DES), Ministry of Agriculture",https://desagri.gov.in/,REAL
Punjab,Sahibzada Ajit Singh Nagar,31.0571,75.7612,Wheat,85728.0,437212.0,5.1,2018,Rabi,"Directorate of Economics & Statistics (DES), Ministry of Agriculture",https://desagri.gov.in/,REAL
Punjab,Sahibzada Ajit Singh Nagar,31.0571,75.7612,Wheat,83104.0,423830.0,5.1,2019,Rabi,"Directorate of Economics & Statistics (DES), Ministry of Agriculture",https://desagri.gov.in/,REAL
Punjab,Sahibzada Ajit Singh Nagar,31.0571,75.7612,Wheat,89227.0,491640.0,5.51,2020,Rabi,"Directorate of Economics & Statistics (DES), Ministry of Agriculture",https://desagri.gov.in/,REAL
Punjab,Sahibzada Ajit Singh Nagar,31.0571,75.7612,Wheat,90977.0,501283.0,5.51,2021,Rabi,"Directorate of Economics & Statistics (DES), Ministry of Agriculture",https://desagri.gov.in/,REAL
Punjab,Sahibzada Ajit Singh Nagar,31.0571,75.7612,Wheat,88352.0,450595.0,5.1,2022,Rabi,"Directorate of Economics & Statistics (DES), Ministry of Agriculture",https://desagri.gov.in/,REAL
Punjab,Sahibzada Ajit Singh Nagar,31.0571,75.7612,Wheat,90977.0,435779.0,4.79,2023,Rabi,"Directorate of Economics & Statistics (DES), Ministry of Agriculture",https://desagri.gov.in/,REAL
Punjab,Sahibzada Ajit Singh Nagar,31.0571,75.7612,Rice / Paddy,68199.0,286435.0,4.2,2018,Kharif,"Directorate of Economics & Statistics (DES), Ministry of Agriculture",https://desagri.gov.in/,REAL
Punjab,Sahibzada Ajit Singh Nagar,31.0571,75.7612,Rice / Paddy,66111.0,277666.0,4.2,2019,Kharif,"Directorate of Economics & Statistics (DES), Ministry of Agriculture",https://desagri.gov.in/,REAL
Punjab,Sahibzada Ajit Singh Nagar,31.0571,75.7612,Rice / Paddy,70982.0,322258.0,4.54,2020,Kharif,"Directorate of Economics & Statistics (DES), Ministry of Agriculture",https://desagri.gov.in/,REAL
Punjab,Sahibzada Ajit Singh Nagar,31.0571,75.7612,Rice / Paddy,72374.0,328577.0,4.54,2021,Kharif,"Directorate of Economics & Statistics (DES), Ministry of Agriculture",https://desagri.gov.in/,REAL
Punjab,Sahibzada Ajit Singh Nagar,31.0571,75.7612,Rice / Paddy,70286.0,295201.0,4.2,2022,Kharif,"Directorate of Economics & Statistics (DES), Ministry of Agriculture",https://desagri.gov.in/,REAL
Punjab,Sahibzada Ajit Singh Nagar,31.0571,75.7612,Rice / Paddy,72374.0,285877.0,3.95,2023,Kharif,"Directorate of Economics & Statistics (DES), Ministry of Agriculture",https://desagri.gov.in/,REAL
Punjab,Sangrur,31.2821,74.7862,Wheat,97939.0,499488.0,5.1,2018,Rabi,"Directorate of Economics & Statistics (DES), Ministry of Agriculture",https://desagri.gov.in/,REAL
Punjab,Sangrur,31.2821,74.7862,Wheat,97939.0,499488.0,5.1,2019,Rabi,"Directorate of Economics & Statistics (DES), Ministry of Agriculture",https://desagri.gov.in/,REAL
Punjab,Sangrur,31.2821,74.7862,Wheat,93138.0,513190.0,5.51,2020,Rabi,"Directorate of Economics & Statistics (DES), Ministry of Agriculture",https://desagri.gov.in/,REAL
Punjab,Sangrur,31.2821,74.7862,Wheat,98899.0,544933.0,5.51,2021,Rabi,"Directorate of Economics & Statistics (DES), Ministry of Agriculture",https://desagri.gov.in/,REAL
Punjab,Sangrur,31.2821,74.7862,Wheat,96019.0,489696.0,5.1,2022,Rabi,"Directorate of Economics & Statistics (DES), Ministry of Agriculture",https://desagri.gov.in/,REAL
Punjab,Sangrur,31.2821,74.7862,Wheat,97939.0,469127.0,4.79,2023,Rabi,"Directorate of Economics & Statistics (DES), Ministry of Agriculture",https://desagri.gov.in/,REAL
Punjab,Sangrur,31.2821,74.7862,Rice / Paddy,18412.0,77330.0,4.2,2018,Kharif,"Directorate of Economics & Statistics (DES), Ministry of Agriculture",https://desagri.gov.in/,REAL
Punjab,Sangrur,31.2821,74.7862,Rice / Paddy,18412.0,77330.0,4.2,2019,Kharif,"Directorate of Economics & Statistics (DES), Ministry of Agriculture",https://desagri.gov.in/,REAL
Punjab,Sangrur,31.2821,74.7862,Rice / Paddy,17509.0,79490.0,4.54,2020,Kharif,"Directorate of Economics & Statistics (DES), Ministry of Agriculture",https://desagri.gov.in/,REAL
Punjab,Sangrur,31.2821,74.7862,Rice / Paddy,18592.0,84407.0,4.54,2021,Kharif,"Directorate of Economics & Statistics (DES), Ministry of Agriculture",https://desagri.gov.in/,REAL
Punjab,Sangrur,31.2821,74.7862,Rice / Paddy,18051.0,75814.0,4.2,2022,Kharif,"Directorate of Economics & Statistics (DES), Ministry of Agriculture",https://desagri.gov.in/,REAL
Punjab,Sangrur,31.2821,74.7862,Rice / Paddy,18412.0,72727.0,3.95,2023,Kharif,"Directorate of Economics & Statistics (DES), Ministry of Agriculture",https://desagri.gov.in/,REAL
Punjab,Shahid Bhagat Singh Nagar,31.7471,74.7112,Wheat,41322.0,210742.0,5.1,2018,Rabi,"Directorate of Economics & Statistics (DES), Ministry of Agriculture",https://desagri.gov.in/,REAL
Punjab,Shahid Bhagat Singh Nagar,31.7471,74.7112,Wheat,42601.0,217265.0,5.1,2019,Rabi,"Directorate of Economics & Statistics (DES), Ministry of Agriculture",https://desagri.gov.in/,REAL
Punjab,Shahid Bhagat Singh Nagar,31.7471,74.7112,Wheat,43453.0,239426.0,5.51,2020,Rabi,"Directorate of Economics & Statistics (DES), Ministry of Agriculture",https://desagri.gov.in/,REAL
Punjab,Shahid Bhagat Singh Nagar,31.7471,74.7112,Wheat,42174.0,232378.0,5.51,2021,Rabi,"Directorate of Economics & Statistics (DES), Ministry of Agriculture",https://desagri.gov.in/,REAL
Punjab,Shahid Bhagat Singh Nagar,31.7471,74.7112,Wheat,42174.0,215087.0,5.1,2022,Rabi,"Directorate of Economics & Statistics (DES), Ministry of Agriculture",https://desagri.gov.in/,REAL
Punjab,Shahid Bhagat Singh Nagar,31.7471,74.7112,Wheat,43027.0,206099.0,4.79,2023,Rabi,"Directorate of Economics & Statistics (DES), Ministry of Agriculture",https://desagri.gov.in/,REAL
Punjab,Shahid Bhagat Singh Nagar,31.7471,74.7112,Rice / Paddy,51841.0,217732.0,4.2,2018,Kharif,"Directorate of Economics & Statistics (DES), Ministry of Agriculture",https://desagri.gov.in/,REAL
Punjab,Shahid Bhagat Singh Nagar,31.7471,74.7112,Rice / Paddy,53445.0,224469.0,4.2,2019,Kharif,"Directorate of Economics & Statistics (DES), Ministry of Agriculture",https://desagri.gov.in/,REAL
Punjab,Shahid Bhagat Singh Nagar,31.7471,74.7112,Rice / Paddy,54513.0,247489.0,4.54,2020,Kharif,"Directorate of Economics & Statistics (DES), Ministry of Agriculture",https://desagri.gov.in/,REAL
Punjab,Shahid Bhagat Singh Nagar,31.7471,74.7112,Rice / Paddy,52910.0,240211.0,4.54,2021,Kharif,"Directorate of Economics & Statistics (DES), Ministry of Agriculture",https://desagri.gov.in/,REAL
Punjab,Shahid Bhagat Singh Nagar,31.7471,74.7112,Rice / Paddy,52910.0,222222.0,4.2,2022,Kharif,"Directorate of Economics & Statistics (DES), Ministry of Agriculture",https://desagri.gov.in/,REAL
Punjab,Shahid Bhagat Singh Nagar,31.7471,74.7112,Rice / Paddy,53979.0,213217.0,3.95,2023,Kharif,"Directorate of Economics & Statistics (DES), Ministry of Agriculture",https://desagri.gov.in/,REAL
Punjab,Tarn Taran,31.1471,74.8012,Wheat,25517.0,130136.0,5.1,2018,Rabi,"Directorate of Economics & Statistics (DES), Ministry of Agriculture",https://desagri.gov.in/,REAL
Punjab,Tarn Taran,31.1471,74.8012,Wheat,24290.0,123878.0,5.1,2019,Rabi,"Directorate of Economics & Statistics (DES), Ministry of Agriculture",https://desagri.gov.in/,REAL
Punjab,Tarn Taran,31.1471,74.8012,Wheat,23309.0,128432.0,5.51,2020,Rabi,"Directorate of Economics & Statistics (DES), Ministry of Agriculture",https://desagri.gov.in/,REAL
Punjab,Tarn Taran,31.1471,74.8012,Wheat,24781.0,136543.0,5.51,2021,Rabi,"Directorate of Economics & Statistics (DES), Ministry of Agriculture",https://desagri.gov.in/,REAL
Punjab,Tarn Taran,31.1471,74.8012,Wheat,24781.0,126383.0,5.1,2022,Rabi,"Directorate of Economics & Statistics (DES), Ministry of Agriculture",https://desagri.gov.in/,REAL
Punjab,Tarn Taran,31.1471,74.8012,Wheat,24045.0,115175.0,4.79,2023,Rabi,"Directorate of Economics & Statistics (DES), Ministry of Agriculture",https://desagri.gov.in/,REAL
Punjab,Tarn Taran,31.1471,74.8012,Rice / Paddy,63914.0,268438.0,4.2,2018,Kharif,"Directorate of Economics & Statistics (DES), Ministry of Agriculture",https://desagri.gov.in/,REAL
Punjab,Tarn Taran,31.1471,74.8012,Rice / Paddy,60841.0,255532.0,4.2,2019,Kharif,"Directorate of Economics & Statistics (DES), Ministry of Agriculture",https://desagri.gov.in/,REAL
Punjab,Tarn Taran,31.1471,74.8012,Rice / Paddy,58383.0,265058.0,4.54,2020,Kharif,"Directorate of Economics & Statistics (DES), Ministry of Agriculture",https://desagri.gov.in/,REAL
Punjab,Tarn Taran,31.1471,74.8012,Rice / Paddy,62070.0,281797.0,4.54,2021,Kharif,"Directorate of Economics & Statistics (DES), Ministry of Agriculture",https://desagri.gov.in/,REAL
Punjab,Tarn Taran,31.1471,74.8012,Rice / Paddy,62070.0,260694.0,4.2,2022,Kharif,"Directorate of Economics & Statistics (DES), Ministry of Agriculture",https://desagri.gov.in/,REAL
Punjab,Tarn Taran,31.1471,74.8012,Rice / Paddy,60226.0,237892.0,3.95,2023,Kharif,"Directorate of Economics & Statistics (DES), Ministry of Agriculture",https://desagri.gov.in/,REAL
Sikkim,East Sikkim,28.223,88.4522,Rice / Paddy,75922.0,189805.0,2.5,2018,Kharif,"Directorate of Economics & Statistics (DES), Ministry of Agriculture",https://desagri.gov.in/,REAL
Sikkim,East Sikkim,28.223,88.4522,Rice / Paddy,72945.0,182362.0,2.5,2019,Kharif,"Directorate of Economics & Statistics (DES), Ministry of Agriculture",https://desagri.gov.in/,REAL
Sikkim,East Sikkim,28.223,88.4522,Rice / Paddy,72200.0,194940.0,2.7,2020,Kharif,"Directorate of Economics & Statistics (DES), Ministry of Agriculture",https://desagri.gov.in/,REAL
Sikkim,East Sikkim,28.223,88.4522,Rice / Paddy,72945.0,196951.0,2.7,2021,Kharif,"Directorate of Economics & Statistics (DES), Ministry of Agriculture",https://desagri.gov.in/,REAL
Sikkim,East Sikkim,28.223,88.4522,Rice / Paddy,76667.0,191667.0,2.5,2022,Kharif,"Directorate of Economics & Statistics (DES), Ministry of Agriculture",https://desagri.gov.in/,REAL
Sikkim,East Sikkim,28.223,88.4522,Rice / Paddy,70712.0,166173.0,2.35,2023,Kharif,"Directorate of Economics & Statistics (DES), Ministry of Agriculture",https://desagri.gov.in/,REAL
Sikkim,North Sikkim,28.013,89.1572,Rice / Paddy,49659.0,124147.0,2.5,2018,Kharif,"Directorate of Economics & Statistics (DES), Ministry of Agriculture",https://desagri.gov.in/,REAL
Sikkim,North Sikkim,28.013,89.1572,Rice / Paddy,49142.0,122855.0,2.5,2019,Kharif,"Directorate of Economics & Statistics (DES), Ministry of Agriculture",https://desagri.gov.in/,REAL
Sikkim,North Sikkim,28.013,89.1572,Rice / Paddy,49659.0,134079.0,2.7,2020,Kharif,"Directorate of Economics & Statistics (DES), Ministry of Agriculture",https://desagri.gov.in/,REAL
Sikkim,North Sikkim,28.013,89.1572,Rice / Paddy,51729.0,139668.0,2.7,2021,Kharif,"Directorate of Economics & Statistics (DES), Ministry of Agriculture",https://desagri.gov.in/,REAL
Sikkim,North Sikkim,28.013,89.1572,Rice / Paddy,52763.0,131907.0,2.5,2022,Kharif,"Directorate of Economics & Statistics (DES), Ministry of Agriculture",https://desagri.gov.in/,REAL
Sikkim,North Sikkim,28.013,89.1572,Rice / Paddy,52763.0,123993.0,2.35,2023,Kharif,"Directorate of Economics & Statistics (DES), Ministry of Agriculture",https://desagri.gov.in/,REAL
Sikkim,South Sikkim,27.023,88.1372,Rice / Paddy,43107.0,107767.0,2.5,2018,Kharif,"Directorate of Economics & Statistics (DES), Ministry of Agriculture",https://desagri.gov.in/,REAL
Sikkim,South Sikkim,27.023,88.1372,Rice / Paddy,44441.0,111102.0,2.5,2019,Kharif,"Directorate of Economics & Statistics (DES), Ministry of Agriculture",https://desagri.gov.in/,REAL
Sikkim,South Sikkim,27.023,88.1372,Rice / Paddy,45774.0,123589.0,2.7,2020,Kharif,"Directorate of Economics & Statistics (DES), Ministry of Agriculture",https://desagri.gov.in/,REAL
Sikkim,South Sikkim,27.023,88.1372,Rice / Paddy,43107.0,116388.0,2.7,2021,Kharif,"Directorate of Economics & Statistics (DES), Ministry of Agriculture",https://desagri.gov.in/,REAL
Sikkim,South Sikkim,27.023,88.1372,Rice / Paddy,45329.0,113322.0,2.5,2022,Kharif,"Directorate of Economics & Statistics (DES), Ministry of Agriculture",https://desagri.gov.in/,REAL
Sikkim,South Sikkim,27.023,88.1372,Rice / Paddy,46218.0,108612.0,2.35,2023,Kharif,"Directorate of Economics & Statistics (DES), Ministry of Agriculture",https://desagri.gov.in/,REAL
Sikkim,West Sikkim,27.263,87.9422,Rice / Paddy,45562.0,113905.0,2.5,2018,Kharif,"Directorate of Economics & Statistics (DES), Ministry of Agriculture",https://desagri.gov.in/,REAL
Sikkim,West Sikkim,27.263,87.9422,Rice / Paddy,48351.0,120877.0,2.5,2019,Kharif,"Directorate of Economics & Statistics (DES), Ministry of Agriculture",https://desagri.gov.in/,REAL
Sikkim,West Sikkim,27.263,87.9422,Rice / Paddy,46027.0,124272.0,2.7,2020,Kharif,"Directorate of Economics & Statistics (DES), Ministry of Agriculture",https://desagri.gov.in/,REAL
Sikkim,West Sikkim,27.263,87.9422,Rice / Paddy,47886.0,129292.0,2.7,2021,Kharif,"Directorate of Economics & Statistics (DES), Ministry of Agriculture",https://desagri.gov.in/,REAL
Sikkim,West Sikkim,27.263,87.9422,Rice / Paddy,45097.0,112742.0,2.5,2022,Kharif,"Directorate of Economics & Statistics (DES), Ministry of Agriculture",https://desagri.gov.in/,REAL
Sikkim,West Sikkim,27.263,87.9422,Rice / Paddy,48351.0,113624.0,2.35,2023,Kharif,"Directorate of Economics & Statistics (DES), Ministry of Agriculture",https://desagri.gov.in/,REAL
Tamil Nadu,Ariyalur,10.5871,78.9569,Rice / Paddy,83213.0,316209.0,3.8,2018,Kharif,"Directorate of Economics & Statistics (DES), Ministry of Agriculture",https://desagri.gov.in/,REAL
Tamil Nadu,Ariyalur,10.5871,78.9569,Rice / Paddy,80790.0,307002.0,3.8,2019,Kharif,"Directorate of Economics & Statistics (DES), Ministry of Agriculture",https://desagri.gov.in/,REAL
Tamil Nadu,Ariyalur,10.5871,78.9569,Rice / Paddy,82405.0,337860.0,4.1,2020,Kharif,"Directorate of Economics & Statistics (DES), Ministry of Agriculture",https://desagri.gov.in/,REAL
Tamil Nadu,Ariyalur,10.5871,78.9569,Rice / Paddy,79174.0,324613.0,4.1,2021,Kharif,"Directorate of Economics & Statistics (DES), Ministry of Agriculture",https://desagri.gov.in/,REAL
Tamil Nadu,Ariyalur,10.5871,78.9569,Rice / Paddy,78366.0,297790.0,3.8,2022,Kharif,"Directorate of Economics & Statistics (DES), Ministry of Agriculture",https://desagri.gov.in/,REAL
Tamil Nadu,Ariyalur,10.5871,78.9569,Rice / Paddy,81597.0,291301.0,3.57,2023,Kharif,"Directorate of Economics & Statistics (DES), Ministry of Agriculture",https://desagri.gov.in/,REAL
Tamil Nadu,Chengalpattu,11.3371,78.5519,Rice / Paddy,49664.0,188723.0,3.8,2018,Kharif,"Directorate of Economics & Statistics (DES), Ministry of Agriculture",https://desagri.gov.in/,REAL
Tamil Nadu,Chengalpattu,11.3371,78.5519,Rice / Paddy,52198.0,198352.0,3.8,2019,Kharif,"Directorate of Economics & Statistics (DES), Ministry of Agriculture",https://desagri.gov.in/,REAL
Tamil Nadu,Chengalpattu,11.3371,78.5519,Rice / Paddy,52198.0,214011.0,4.1,2020,Kharif,"Directorate of Economics & Statistics (DES), Ministry of Agriculture",https://desagri.gov.in/,REAL
Tamil Nadu,Chengalpattu,11.3371,78.5519,Rice / Paddy,48144.0,197390.0,4.1,2021,Kharif,"Directorate of Economics & Statistics (DES), Ministry of Agriculture",https://desagri.gov.in/,REAL
Tamil Nadu,Chengalpattu,11.3371,78.5519,Rice / Paddy,48144.0,182947.0,3.8,2022,Kharif,"Directorate of Economics & Statistics (DES), Ministry of Agriculture",https://desagri.gov.in/,REAL
Tamil Nadu,Chengalpattu,11.3371,78.5519,Rice / Paddy,49664.0,177300.0,3.57,2023,Kharif,"Directorate of Economics & Statistics (DES), Ministry of Agriculture",https://desagri.gov.in/,REAL
Tamil Nadu,Chennai,13.0827,80.2707,Rice / Paddy,39428.0,149826.0,3.8,2018,Kharif,"Directorate of Economics & Statistics (DES), Ministry of Agriculture",https://desagri.gov.in/,REAL
Tamil Nadu,Chennai,13.0827,80.2707,Rice / Paddy,37131.0,141097.0,3.8,2019,Kharif,"Directorate of Economics & Statistics (DES), Ministry of Agriculture",https://desagri.gov.in/,REAL
Tamil Nadu,Chennai,13.0827,80.2707,Rice / Paddy,37131.0,152237.0,4.1,2020,Kharif,"Directorate of Economics & Statistics (DES), Ministry of Agriculture",https://desagri.gov.in/,REAL
Tamil Nadu,Chennai,13.0827,80.2707,Rice / Paddy,36748.0,150666.0,4.1,2021,Kharif,"Directorate of Economics & Statistics (DES), Ministry of Agriculture",https://desagri.gov.in/,REAL
Tamil Nadu,Chennai,13.0827,80.2707,Rice / Paddy,39428.0,149826.0,3.8,2022,Kharif,"Directorate of Economics & Statistics (DES), Ministry of Agriculture",https://desagri.gov.in/,REAL
Tamil Nadu,Chennai,13.0827,80.2707,Rice / Paddy,39811.0,142125.0,3.57,2023,Kharif,"Directorate of Economics & Statistics (DES), Ministry of Agriculture",https://desagri.gov.in/,REAL
Tamil Nadu,Coimbatore,11.0168,76.9558,Rice / Paddy,79032.0,300321.0,3.8,2018,Kharif,"Directorate of Economics & Statistics (DES), Ministry of Agriculture",https://desagri.gov.in/,REAL
Tamil Nadu,Coimbatore,11.0168,76.9558,Rice / Paddy,79800.0,303240.0,3.8,2019,Kharif,"Directorate of Economics & Statistics (DES), Ministry of Agriculture",https://desagri.gov.in/,REAL
Tamil Nadu,Coimbatore,11.0168,76.9558,Rice / Paddy,77498.0,317741.0,4.1,2020,Kharif,"Directorate of Economics & Statistics (DES), Ministry of Agriculture",https://desagri.gov.in/,REAL
Tamil Nadu,Coimbatore,11.0168,76.9558,Rice / Paddy,79800.0,327180.0,4.1,2021,Kharif,"Directorate of Economics & Statistics (DES), Ministry of Agriculture",https://desagri.gov.in/,REAL
Tamil Nadu,Coimbatore,11.0168,76.9558,Rice / Paddy,78265.0,297407.0,3.8,2022,Kharif,"Directorate of Economics & Statistics (DES), Ministry of Agriculture",https://desagri.gov.in/,REAL
Tamil Nadu,Coimbatore,11.0168,76.9558,Rice / Paddy,73661.0,262969.0,3.57,2023,Kharif,"Directorate of Economics & Statistics (DES), Ministry of Agriculture",https://desagri.gov.in/,REAL
Tamil Nadu,Cuddalore,10.9021,78.8669,Rice / Paddy,61715.0,234517.0,3.8,2018,Kharif,"Directorate of Economics & Statistics (DES), Ministry of Agriculture",https://desagri.gov.in/,REAL
Tamil Nadu,Cuddalore,10.9021,78.8669,Rice / Paddy,59342.0,225499.0,3.8,2019,Kharif,"Directorate of Economics & Statistics (DES), Ministry of Agriculture",https://desagri.gov.in/,REAL
Tamil Nadu,Cuddalore,10.9021,78.8669,Rice / Paddy,58748.0,240866.0,4.1,2020,Kharif,"Directorate of Economics & Statistics (DES), Ministry of Agriculture",https://desagri.gov.in/,REAL
Tamil Nadu,Cuddalore,10.9021,78.8669,Rice / Paddy,58155.0,238435.0,4.1,2021,Kharif,"Directorate of Economics & Statistics (DES), Ministry of Agriculture",https://desagri.gov.in/,REAL
Tamil Nadu,Cuddalore,10.9021,78.8669,Rice / Paddy,61715.0,234517.0,3.8,2022,Kharif,"Directorate of Economics & Statistics (DES), Ministry of Agriculture",https://desagri.gov.in/,REAL
Tamil Nadu,Cuddalore,10.9021,78.8669,Rice / Paddy,58748.0,209730.0,3.57,2023,Kharif,"Directorate of Economics & Statistics (DES), Ministry of Agriculture",https://desagri.gov.in/,REAL
Tamil Nadu,Dharmapuri,10.9321,78.3719,Rice / Paddy,94500.0,359100.0,3.8,2018,Kharif,"Directorate of Economics & Statistics (DES), Ministry of Agriculture",https://desagri.gov.in/,REAL
Tamil Nadu,Dharmapuri,10.9321,78.3719,Rice / Paddy,94500.0,359100.0,3.8,2019,Kharif,"Directorate of Economics & Statistics (DES), Ministry of Agriculture",https://desagri.gov.in/,REAL
Tamil Nadu,Dharmapuri,10.9321,78.3719,Rice / Paddy,100406.0,411664.0,4.1,2020,Kharif,"Directorate of Economics & Statistics (DES), Ministry of Agriculture",https://desagri.gov.in/,REAL
Tamil Nadu,Dharmapuri,10.9321,78.3719,Rice / Paddy,101391.0,415703.0,4.1,2021,Kharif,"Directorate of Economics & Statistics (DES), Ministry of Agriculture",https://desagri.gov.in/,REAL
Tamil Nadu,Dharmapuri,10.9321,78.3719,Rice / Paddy,101391.0,385285.0,3.8,2022,Kharif,"Directorate of Economics & Statistics (DES), Ministry of Agriculture",https://desagri.gov.in/,REAL
Tamil Nadu,Dharmapuri,10.9321,78.3719,Rice / Paddy,93516.0,333852.0,3.57,2023,Kharif,"Directorate of Economics & Statistics (DES), Ministry of Agriculture",https://desagri.gov.in/,REAL
Tamil Nadu,Dindigul,11.2321,78.2969,Rice / Paddy,14932.0,56741.0,3.8,2018,Kharif,"Directorate of Economics & Statistics (DES), Ministry of Agriculture",https://desagri.gov.in/,REAL
Tamil Nadu,Dindigul,11.2321,78.2969,Rice / Paddy,15710.0,59698.0,3.8,2019,Kharif,"Directorate of Economics & Statistics (DES), Ministry of Agriculture",https://desagri.gov.in/,REAL
Tamil Nadu,Dindigul,11.2321,78.2969,Rice / Paddy,14777.0,60585.0,4.1,2020,Kharif,"Directorate of Economics & Statistics (DES), Ministry of Agriculture",https://desagri.gov.in/,REAL
Tamil Nadu,Dindigul,11.2321,78.2969,Rice / Paddy,15243.0,62496.0,4.1,2021,Kharif,"Directorate of Economics & Statistics (DES), Ministry of Agriculture",https://desagri.gov.in/,REAL
Tamil Nadu,Dindigul,11.2321,78.2969,Rice / Paddy,16177.0,61472.0,3.8,2022,Kharif,"Directorate of Economics & Statistics (DES), Ministry of Agriculture",https://desagri.gov.in/,REAL
Tamil Nadu,Dindigul,11.2321,78.2969,Rice / Paddy,16021.0,57194.0,3.57,2023,Kharif,"Directorate of Economics & Statistics (DES), Ministry of Agriculture",https://desagri.gov.in/,REAL
Tamil Nadu,Erode,11.7271,78.6419,Rice / Paddy,33850.0,128630.0,3.8,2018,Kharif,"Directorate of Economics & Statistics (DES), Ministry of Agriculture",https://desagri.gov.in/,REAL
Tamil Nadu,Erode,11.7271,78.6419,Rice / Paddy,33850.0,128630.0,3.8,2019,Kharif,"Directorate of Economics & Statistics (DES), Ministry of Agriculture",https://desagri.gov.in/,REAL
Tamil Nadu,Erode,11.7271,78.6419,Rice / Paddy,31898.0,130781.0,4.1,2020,Kharif,"Directorate of Economics & Statistics (DES), Ministry of Agriculture",https://desagri.gov.in/,REAL
Tamil Nadu,Erode,11.7271,78.6419,Rice / Paddy,33525.0,137452.0,4.1,2021,Kharif,"Directorate of Economics & Statistics (DES), Ministry of Agriculture",https://desagri.gov.in/,REAL
Tamil Nadu,Erode,11.7271,78.6419,Rice / Paddy,32223.0,122447.0,3.8,2022,Kharif,"Directorate of Economics & Statistics (DES), Ministry of Agriculture",https://desagri.gov.in/,REAL
Tamil Nadu,Erode,11.7271,78.6419,Rice / Paddy,32223.0,115036.0,3.57,2023,Kharif,"Directorate of Economics & Statistics (DES), Ministry of Agriculture",https://desagri.gov.in/,REAL
Tamil Nadu,Kanchipuram,11.1271,78.1319,Rice / Paddy,92200.0,350360.0,3.8,2018,Kharif,"Directorate of Economics & Statistics (DES), Ministry of Agriculture",https://desagri.gov.in/,REAL
Tamil Nadu,Kanchipuram,11.1271,78.1319,Rice / Paddy,94082.0,357511.0,3.8,2019,Kharif,"Directorate of Economics & Statistics (DES), Ministry of Agriculture",https://desagri.gov.in/,REAL
Tamil Nadu,Kanchipuram,11.1271,78.1319,Rice / Paddy,94082.0,385736.0,4.1,2020,Kharif,"Directorate of Economics & Statistics (DES), Ministry of Agriculture",https://desagri.gov.in/,REAL
Tamil Nadu,Kanchipuram,11.1271,78.1319,Rice / Paddy,91259.0,374161.0,4.1,2021,Kharif,"Directorate of Economics & Statistics (DES), Ministry of Agriculture",https://desagri.gov.in/,REAL
Tamil Nadu,Kanchipuram,11.1271,78.1319,Rice / Paddy,89377.0,339632.0,3.8,2022,Kharif,"Directorate of Economics & Statistics (DES), Ministry of Agriculture",https://desagri.gov.in/,REAL
Tamil Nadu,Kanchipuram,11.1271,78.1319,Rice / Paddy,90318.0,322435.0,3.57,2023,Kharif,"Directorate of Economics & Statistics (DES), Ministry of Agriculture",https://desagri.gov.in/,REAL
Tamil Nadu,Kanyakumari,11.2771,79.2719,Rice / Paddy,93391.0,354885.0,3.8,2018,Kharif,"Directorate of Economics & Statistics (DES), Ministry of Agriculture",https://desagri.gov.in/,REAL
Tamil Nadu,Kanyakumari,11.2771,79.2719,Rice / Paddy,100131.0,380497.0,3.8,2019,Kharif,"Directorate of Economics & Statistics (DES), Ministry of Agriculture",https://desagri.gov.in/,REAL
Tamil Nadu,Kanyakumari,11.2771,79.2719,Rice / Paddy,100131.0,410537.0,4.1,2020,Kharif,"Directorate of Economics & Statistics (DES), Ministry of Agriculture",https://desagri.gov.in/,REAL
Tamil Nadu,Kanyakumari,11.2771,79.2719,Rice / Paddy,92428.0,378954.0,4.1,2021,Kharif,"Directorate of Economics & Statistics (DES), Ministry of Agriculture",https://desagri.gov.in/,REAL
Tamil Nadu,Kanyakumari,11.2771,79.2719,Rice / Paddy,97242.0,369519.0,3.8,2022,Kharif,"Directorate of Economics & Statistics (DES), Ministry of Agriculture",https://desagri.gov.in/,REAL
Tamil Nadu,Kanyakumari,11.2771,79.2719,Rice / Paddy,100131.0,357467.0,3.57,2023,Kharif,"Directorate of Economics & Statistics (DES), Ministry of Agriculture",https://desagri.gov.in/,REAL
Tamil Nadu,Karur,11.7271,78.0119,Rice / Paddy,31239.0,118708.0,3.8,2018,Kharif,"Directorate of Economics & Statistics (DES), Ministry of Agriculture",https://desagri.gov.in/,REAL
Tamil Nadu,Karur,11.7271,78.0119,Rice / Paddy,30936.0,117556.0,3.8,2019,Kharif,"Directorate of Economics & Statistics (DES), Ministry of Agriculture",https://desagri.gov.in/,REAL
Tamil Nadu,Karur,11.7271,78.0119,Rice / Paddy,29420.0,120621.0,4.1,2020,Kharif,"Directorate of Economics & Statistics (DES), Ministry of Agriculture",https://desagri.gov.in/,REAL
Tamil Nadu,Karur,11.7271,78.0119,Rice / Paddy,30936.0,126837.0,4.1,2021,Kharif,"Directorate of Economics & Statistics (DES), Ministry of Agriculture",https://desagri.gov.in/,REAL
Tamil Nadu,Karur,11.7271,78.0119,Rice / Paddy,31239.0,118708.0,3.8,2022,Kharif,"Directorate of Economics & Statistics (DES), Ministry of Agriculture",https://desagri.gov.in/,REAL
Tamil Nadu,Karur,11.7271,78.0119,Rice / Paddy,30936.0,110441.0,3.57,2023,Kharif,"Directorate of Economics & Statistics (DES), Ministry of Agriculture",https://desagri.gov.in/,REAL
Tamil Nadu,Krishnagiri,10.3921,79.2719,Rice / Paddy,72290.0,274702.0,3.8,2018,Kharif,"Directorate of Economics & Statistics (DES), Ministry of Agriculture",https://desagri.gov.in/,REAL
Tamil Nadu,Krishnagiri,10.3921,79.2719,Rice / Paddy,69427.0,263822.0,3.8,2019,Kharif,"Directorate of Economics & Statistics (DES), Ministry of Agriculture",https://desagri.gov.in/,REAL
Tamil Nadu,Krishnagiri,10.3921,79.2719,Rice / Paddy,67996.0,278783.0,4.1,2020,Kharif,"Directorate of Economics & Statistics (DES), Ministry of Agriculture",https://desagri.gov.in/,REAL
Tamil Nadu,Krishnagiri,10.3921,79.2719,Rice / Paddy,69427.0,284650.0,4.1,2021,Kharif,"Directorate of Economics & Statistics (DES), Ministry of Agriculture",https://desagri.gov.in/,REAL
Tamil Nadu,Krishnagiri,10.3921,79.2719,Rice / Paddy,70859.0,269264.0,3.8,2022,Kharif,"Directorate of Economics & Statistics (DES), Ministry of Agriculture",https://desagri.gov.in/,REAL
Tamil Nadu,Krishnagiri,10.3921,79.2719,Rice / Paddy,73722.0,263187.0,3.57,2023,Kharif,"Directorate of Economics & Statistics (DES), Ministry of Agriculture",https://desagri.gov.in/,REAL
Tamil Nadu,Madurai,9.9252,78.1198,Rice / Paddy,47483.0,180435.0,3.8,2018,Kharif,"Directorate of Economics & Statistics (DES), Ministry of Agriculture",https://desagri.gov.in/,REAL
Tamil Nadu,Madurai,9.9252,78.1198,Rice / Paddy,49983.0,189935.0,3.8,2019,Kharif,"Directorate of Economics & Statistics (DES), Ministry of Agriculture",https://desagri.gov.in/,REAL
Tamil Nadu,Madurai,9.9252,78.1198,Rice / Paddy,50482.0,206976.0,4.1,2020,Kharif,"Directorate of Economics & Statistics (DES), Ministry of Agriculture",https://desagri.gov.in/,REAL
Tamil Nadu,Madurai,9.9252,78.1198,Rice / Paddy,47483.0,194680.0,4.1,2021,Kharif,"Directorate of Economics & Statistics (DES), Ministry of Agriculture",https://desagri.gov.in/,REAL
Tamil Nadu,Madurai,9.9252,78.1198,Rice / Paddy,51482.0,195631.0,3.8,2022,Kharif,"Directorate of Economics & Statistics (DES), Ministry of Agriculture",https://desagri.gov.in/,REAL
Tamil Nadu,Madurai,9.9252,78.1198,Rice / Paddy,49483.0,176654.0,3.57,2023,Kharif,"Directorate of Economics & Statistics (DES), Ministry of Agriculture",https://desagri.gov.in/,REAL
Tamil Nadu,Mayiladuthurai,11.6371,78.8669,Rice / Paddy,18710.0,71098.0,3.8,2018,Kharif,"Directorate of Economics & Statistics (DES), Ministry of Agriculture",https://desagri.gov.in/,REAL
Tamil Nadu,Mayiladuthurai,11.6371,78.8669,Rice / Paddy,17977.0,68312.0,3.8,2019,Kharif,"Directorate of Economics & Statistics (DES), Ministry of Agriculture",https://desagri.gov.in/,REAL
Tamil Nadu,Mayiladuthurai,11.6371,78.8669,Rice / Paddy,17426.0,71446.0,4.1,2020,Kharif,"Directorate of Economics & Statistics (DES), Ministry of Agriculture",https://desagri.gov.in/,REAL
Tamil Nadu,Mayiladuthurai,11.6371,78.8669,Rice / Paddy,17793.0,72951.0,4.1,2021,Kharif,"Directorate of Economics & Statistics (DES), Ministry of Agriculture",https://desagri.gov.in/,REAL
Tamil Nadu,Mayiladuthurai,11.6371,78.8669,Rice / Paddy,17426.0,66218.0,3.8,2022,Kharif,"Directorate of Economics & Statistics (DES), Ministry of Agriculture",https://desagri.gov.in/,REAL
Tamil Nadu,Mayiladuthurai,11.6371,78.8669,Rice / Paddy,17426.0,62210.0,3.57,2023,Kharif,"Directorate of Economics & Statistics (DES), Ministry of Agriculture",https://desagri.gov.in/,REAL
Tamil Nadu,Nagapattinam,10.7672,79.8449,Rice / Paddy,84759.0,322084.0,3.8,2018,Kharif,"Directorate of Economics & Statistics (DES), Ministry of Agriculture",https://desagri.gov.in/,REAL
Tamil Nadu,Nagapattinam,10.7672,79.8449,Rice / Paddy,89221.0,339039.0,3.8,2019,Kharif,"Directorate of Economics & Statistics (DES), Ministry of Agriculture",https://desagri.gov.in/,REAL
Tamil Nadu,Nagapattinam,10.7672,79.8449,Rice / Paddy,90113.0,369463.0,4.1,2020,Kharif,"Directorate of Economics & Statistics (DES), Ministry of Agriculture",https://desagri.gov.in/,REAL
Tamil Nadu,Nagapattinam,10.7672,79.8449,Rice / Paddy,91897.0,376777.0,4.1,2021,Kharif,"Directorate of Economics & Statistics (DES), Ministry of Agriculture",https://desagri.gov.in/,REAL
Tamil Nadu,Nagapattinam,10.7672,79.8449,Rice / Paddy,88328.0,335646.0,3.8,2022,Kharif,"Directorate of Economics & Statistics (DES), Ministry of Agriculture",https://desagri.gov.in/,REAL
Tamil Nadu,Nagapattinam,10.7672,79.8449,Rice / Paddy,87436.0,312146.0,3.57,2023,Kharif,"Directorate of Economics & Statistics (DES), Ministry of Agriculture",https://desagri.gov.in/,REAL
Tamil Nadu,Namakkal,11.0821,79.3469,Rice / Paddy,45199.0,171756.0,3.8,2018,Kharif,"Directorate of Economics & Statistics (DES), Ministry of Agriculture",https://desagri.gov.in/,REAL
Tamil Nadu,Namakkal,11.0821,79.3469,Rice / Paddy,43426.0,165018.0,3.8,2019,Kharif,"Directorate of Economics & Statistics (DES), Ministry of Agriculture",https://desagri.gov.in/,REAL
Tamil Nadu,Namakkal,11.0821,79.3469,Rice / Paddy,42097.0,172597.0,4.1,2020,Kharif,"Directorate of Economics & Statistics (DES), Ministry of Agriculture",https://desagri.gov.in/,REAL
Tamil Nadu,Namakkal,11.0821,79.3469,Rice / Paddy,46085.0,188948.0,4.1,2021,Kharif,"Directorate of Economics & Statistics (DES), Ministry of Agriculture",https://desagri.gov.in/,REAL
Tamil Nadu,Namakkal,11.0821,79.3469,Rice / Paddy,45642.0,173439.0,3.8,2022,Kharif,"Directorate of Economics & Statistics (DES), Ministry of Agriculture",https://desagri.gov.in/,REAL
Tamil Nadu,Namakkal,11.0821,79.3469,Rice / Paddy,44313.0,158197.0,3.57,2023,Kharif,"Directorate of Economics & Statistics (DES), Ministry of Agriculture",https://desagri.gov.in/,REAL
Tamil Nadu,Nilgiris,10.6321,78.4469,Rice / Paddy,28966.0,110070.0,3.8,2018,Kharif,"Directorate of Economics & Statistics (DES), Ministry of Agriculture",https://desagri.gov.in/,REAL
Tamil Nadu,Nilgiris,10.6321,78.4469,Rice / Paddy,29569.0,112362.0,3.8,2019,Kharif,"Directorate of Economics & Statistics (DES), Ministry of Agriculture",https://desagri.gov.in/,REAL
Tamil Nadu,Nilgiris,10.6321,78.4469,Rice / Paddy,31078.0,127419.0,4.1,2020,Kharif,"Directorate of Economics & Statistics (DES), Ministry of Agriculture",https://desagri.gov.in/,REAL
Tamil Nadu,Nilgiris,10.6321,78.4469,Rice / Paddy,28966.0,118760.0,4.1,2021,Kharif,"Directorate of Economics & Statistics (DES), Ministry of Agriculture",https://desagri.gov.in/,REAL
Tamil Nadu,Nilgiris,10.6321,78.4469,Rice / Paddy,31078.0,118096.0,3.8,2022,Kharif,"Directorate of Economics & Statistics (DES), Ministry of Agriculture",https://desagri.gov.in/,REAL
Tamil Nadu,Nilgiris,10.6321,78.4469,Rice / Paddy,28966.0,103408.0,3.57,2023,Kharif,"Directorate of Economics & Statistics (DES), Ministry of Agriculture",https://desagri.gov.in/,REAL
Tamil Nadu,Perambalur,11.3221,78.6869,Rice / Paddy,28088.0,106734.0,3.8,2018,Kharif,"Directorate of Economics & Statistics (DES), Ministry of Agriculture",https://desagri.gov.in/,REAL
Tamil Nadu,Perambalur,11.3221,78.6869,Rice / Paddy,28088.0,106734.0,3.8,2019,Kharif,"Directorate of Economics & Statistics (DES), Ministry of Agriculture",https://desagri.gov.in/,REAL
Tamil Nadu,Perambalur,11.3221,78.6869,Rice / Paddy,29536.0,121097.0,4.1,2020,Kharif,"Directorate of Economics & Statistics (DES), Ministry of Agriculture",https://desagri.gov.in/,REAL
Tamil Nadu,Perambalur,11.3221,78.6869,Rice / Paddy,27798.0,113971.0,4.1,2021,Kharif,"Directorate of Economics & Statistics (DES), Ministry of Agriculture",https://desagri.gov.in/,REAL
Tamil Nadu,Perambalur,11.3221,78.6869,Rice / Paddy,28957.0,110036.0,3.8,2022,Kharif,"Directorate of Economics & Statistics (DES), Ministry of Agriculture",https://desagri.gov.in/,REAL
Tamil Nadu,Perambalur,11.3221,78.6869,Rice / Paddy,29536.0,105443.0,3.57,2023,Kharif,"Directorate of Economics & Statistics (DES), Ministry of Agriculture",https://desagri.gov.in/,REAL
Tamil Nadu,Pudukkottai,11.8471,78.7469,Rice / Paddy,46836.0,177976.0,3.8,2018,Kharif,"Directorate of Economics & Statistics (DES), Ministry of Agriculture",https://desagri.gov.in/,REAL
Tamil Nadu,Pudukkottai,11.8471,78.7469,Rice / Paddy,47290.0,179702.0,3.8,2019,Kharif,"Directorate of Economics & Statistics (DES), Ministry of Agriculture",https://desagri.gov.in/,REAL
Tamil Nadu,Pudukkottai,11.8471,78.7469,Rice / Paddy,44562.0,182704.0,4.1,2020,Kharif,"Directorate of Economics & Statistics (DES), Ministry of Agriculture",https://desagri.gov.in/,REAL
Tamil Nadu,Pudukkottai,11.8471,78.7469,Rice / Paddy,47290.0,193888.0,4.1,2021,Kharif,"Directorate of Economics & Statistics (DES), Ministry of Agriculture",https://desagri.gov.in/,REAL
Tamil Nadu,Pudukkottai,11.8471,78.7469,Rice / Paddy,45017.0,171064.0,3.8,2022,Kharif,"Directorate of Economics & Statistics (DES), Ministry of Agriculture",https://desagri.gov.in/,REAL
Tamil Nadu,Pudukkottai,11.8471,78.7469,Rice / Paddy,43198.0,154216.0,3.57,2023,Kharif,"Directorate of Economics & Statistics (DES), Ministry of Agriculture",https://desagri.gov.in/,REAL
Tamil Nadu,Ramanathapuram,11.2621,78.6419,Rice / Paddy,100652.0,382477.0,3.8,2018,Kharif,"Directorate of Economics & Statistics (DES), Ministry of Agriculture",https://desagri.gov.in/,REAL
Tamil Nadu,Ramanathapuram,11.2621,78.6419,Rice / Paddy,92834.0,352769.0,3.8,2019,Kharif,"Directorate of Economics & Statistics (DES), Ministry of Agriculture",https://desagri.gov.in/,REAL
Tamil Nadu,Ramanathapuram,11.2621,78.6419,Rice / Paddy,95766.0,392640.0,4.1,2020,Kharif,"Directorate of Economics & Statistics (DES), Ministry of Agriculture",https://desagri.gov.in/,REAL
Tamil Nadu,Ramanathapuram,11.2621,78.6419,Rice / Paddy,96743.0,396646.0,4.1,2021,Kharif,"Directorate of Economics & Statistics (DES), Ministry of Agriculture",https://desagri.gov.in/,REAL
Tamil Nadu,Ramanathapuram,11.2621,78.6419,Rice / Paddy,100652.0,382477.0,3.8,2022,Kharif,"Directorate of Economics & Statistics (DES), Ministry of Agriculture",https://desagri.gov.in/,REAL
Tamil Nadu,Ramanathapuram,11.2621,78.6419,Rice / Paddy,94789.0,338396.0,3.57,2023,Kharif,"Directorate of Economics & Statistics (DES), Ministry of Agriculture",https://desagri.gov.in/,REAL
Tamil Nadu,Ranipet,11.3221,79.3469,Rice / Paddy,55478.0,210816.0,3.8,2018,Kharif,"Directorate of Economics & Statistics (DES), Ministry of Agriculture",https://desagri.gov.in/,REAL
Tamil Nadu,Ranipet,11.3221,79.3469,Rice / Paddy,54929.0,208730.0,3.8,2019,Kharif,"Directorate of Economics & Statistics (DES), Ministry of Agriculture",https://desagri.gov.in/,REAL
Tamil Nadu,Ranipet,11.3221,79.3469,Rice / Paddy,52731.0,216197.0,4.1,2020,Kharif,"Directorate of Economics & Statistics (DES), Ministry of Agriculture",https://desagri.gov.in/,REAL
Tamil Nadu,Ranipet,11.3221,79.3469,Rice / Paddy,53830.0,220702.0,4.1,2021,Kharif,"Directorate of Economics & Statistics (DES), Ministry of Agriculture",https://desagri.gov.in/,REAL
Tamil Nadu,Ranipet,11.3221,79.3469,Rice / Paddy,54929.0,208730.0,3.8,2022,Kharif,"Directorate of Economics & Statistics (DES), Ministry of Agriculture",https://desagri.gov.in/,REAL
Tamil Nadu,Ranipet,11.3221,79.3469,Rice / Paddy,56576.0,201976.0,3.57,2023,Kharif,"Directorate of Economics & Statistics (DES), Ministry of Agriculture",https://desagri.gov.in/,REAL
Tamil Nadu,Salem,11.4871,78.5519,Rice / Paddy,70541.0,268055.0,3.8,2018,Kharif,"Directorate of Economics & Statistics (DES), Ministry of Agriculture",https://desagri.gov.in/,REAL
Tamil Nadu,Salem,11.4871,78.5519,Rice / Paddy,77224.0,293451.0,3.8,2019,Kharif,"Directorate of Economics & Statistics (DES), Ministry of Agriculture",https://desagri.gov.in/,REAL
Tamil Nadu,Salem,11.4871,78.5519,Rice / Paddy,70541.0,289218.0,4.1,2020,Kharif,"Directorate of Economics & Statistics (DES), Ministry of Agriculture",https://desagri.gov.in/,REAL
Tamil Nadu,Salem,11.4871,78.5519,Rice / Paddy,70541.0,289218.0,4.1,2021,Kharif,"Directorate of Economics & Statistics (DES), Ministry of Agriculture",https://desagri.gov.in/,REAL
Tamil Nadu,Salem,11.4871,78.5519,Rice / Paddy,76481.0,290627.0,3.8,2022,Kharif,"Directorate of Economics & Statistics (DES), Ministry of Agriculture",https://desagri.gov.in/,REAL
Tamil Nadu,Salem,11.4871,78.5519,Rice / Paddy,72026.0,257132.0,3.57,2023,Kharif,"Directorate of Economics & Statistics (DES), Ministry of Agriculture",https://desagri.gov.in/,REAL
Tamil Nadu,Sivaganga,11.6071,78.2969,Rice / Paddy,28902.0,109827.0,3.8,2018,Kharif,"Directorate of Economics & Statistics (DES), Ministry of Agriculture",https://desagri.gov.in/,REAL
Tamil Nadu,Sivaganga,11.6071,78.2969,Rice / Paddy,26957.0,102436.0,3.8,2019,Kharif,"Directorate of Economics & Statistics (DES), Ministry of Agriculture",https://desagri.gov.in/,REAL
Tamil Nadu,Sivaganga,11.6071,78.2969,Rice / Paddy,28346.0,116218.0,4.1,2020,Kharif,"Directorate of Economics & Statistics (DES), Ministry of Agriculture",https://desagri.gov.in/,REAL
Tamil Nadu,Sivaganga,11.6071,78.2969,Rice / Paddy,28346.0,116218.0,4.1,2021,Kharif,"Directorate of Economics & Statistics (DES), Ministry of Agriculture",https://desagri.gov.in/,REAL
Tamil Nadu,Sivaganga,11.6071,78.2969,Rice / Paddy,28068.0,106658.0,3.8,2022,Kharif,"Directorate of Economics & Statistics (DES), Ministry of Agriculture",https://desagri.gov.in/,REAL
Tamil Nadu,Sivaganga,11.6071,78.2969,Rice / Paddy,27235.0,97228.0,3.57,2023,Kharif,"Directorate of Economics & Statistics (DES), Ministry of Agriculture",https://desagri.gov.in/,REAL
Tamil Nadu,Tenkasi,11.4271,77.9819,Rice / Paddy,91953.0,349421.0,3.8,2018,Kharif,"Directorate of Economics & Statistics (DES), Ministry of Agriculture",https://desagri.gov.in/,REAL
Tamil Nadu,Tenkasi,11.4271,77.9819,Rice / Paddy,96692.0,367429.0,3.8,2019,Kharif,"Directorate of Economics & Statistics (DES), Ministry of Agriculture",https://desagri.gov.in/,REAL
Tamil Nadu,Tenkasi,11.4271,77.9819,Rice / Paddy,98588.0,404210.0,4.1,2020,Kharif,"Directorate of Economics & Statistics (DES), Ministry of Agriculture",https://desagri.gov.in/,REAL
Tamil Nadu,Tenkasi,11.4271,77.9819,Rice / Paddy,91005.0,373120.0,4.1,2021,Kharif,"Directorate of Economics & Statistics (DES), Ministry of Agriculture",https://desagri.gov.in/,REAL
Tamil Nadu,Tenkasi,11.4271,77.9819,Rice / Paddy,93849.0,356626.0,3.8,2022,Kharif,"Directorate of Economics & Statistics (DES), Ministry of Agriculture",https://desagri.gov.in/,REAL
Tamil Nadu,Tenkasi,11.4271,77.9819,Rice / Paddy,96692.0,345190.0,3.57,2023,Kharif,"Directorate of Economics & Statistics (DES), Ministry of Agriculture",https://desagri.gov.in/,REAL
Tamil Nadu,Thanjavur,10.787,79.1378,Rice / Paddy,50133.0,190505.0,3.8,2018,Kharif,"Directorate of Economics & Statistics (DES), Ministry of Agriculture",https://desagri.gov.in/,REAL
Tamil Nadu,Thanjavur,10.787,79.1378,Rice / Paddy,48614.0,184733.0,3.8,2019,Kharif,"Directorate of Economics & Statistics (DES), Ministry of Agriculture",https://desagri.gov.in/,REAL
Tamil Nadu,Thanjavur,10.787,79.1378,Rice / Paddy,50640.0,207623.0,4.1,2020,Kharif,"Directorate of Economics & Statistics (DES), Ministry of Agriculture",https://desagri.gov.in/,REAL
Tamil Nadu,Thanjavur,10.787,79.1378,Rice / Paddy,51146.0,209698.0,4.1,2021,Kharif,"Directorate of Economics & Statistics (DES), Ministry of Agriculture",https://desagri.gov.in/,REAL
Tamil Nadu,Thanjavur,10.787,79.1378,Rice / Paddy,51146.0,194354.0,3.8,2022,Kharif,"Directorate of Economics & Statistics (DES), Ministry of Agriculture",https://desagri.gov.in/,REAL
Tamil Nadu,Thanjavur,10.787,79.1378,Rice / Paddy,48614.0,173551.0,3.57,2023,Kharif,"Directorate of Economics & Statistics (DES), Ministry of Agriculture",https://desagri.gov.in/,REAL
Tamil Nadu,Theni,10.6771,79.2419,Rice / Paddy,95627.0,363382.0,3.8,2018,Kharif,"Directorate of Economics & Statistics (DES), Ministry of Agriculture",https://desagri.gov.in/,REAL
Tamil Nadu,Theni,10.6771,79.2419,Rice / Paddy,96613.0,367129.0,3.8,2019,Kharif,"Directorate of Economics & Statistics (DES), Ministry of Agriculture",https://desagri.gov.in/,REAL
Tamil Nadu,Theni,10.6771,79.2419,Rice / Paddy,95627.0,392070.0,4.1,2020,Kharif,"Directorate of Economics & Statistics (DES), Ministry of Agriculture",https://desagri.gov.in/,REAL
Tamil Nadu,Theni,10.6771,79.2419,Rice / Paddy,93655.0,383985.0,4.1,2021,Kharif,"Directorate of Economics & Statistics (DES), Ministry of Agriculture",https://desagri.gov.in/,REAL
Tamil Nadu,Theni,10.6771,79.2419,Rice / Paddy,98585.0,374623.0,3.8,2022,Kharif,"Directorate of Economics & Statistics (DES), Ministry of Agriculture",https://desagri.gov.in/,REAL
Tamil Nadu,Theni,10.6771,79.2419,Rice / Paddy,98585.0,351948.0,3.57,2023,Kharif,"Directorate of Economics & Statistics (DES), Ministry of Agriculture",https://desagri.gov.in/,REAL
Tamil Nadu,Thoothukudi,11.2021,79.3319,Rice / Paddy,62454.0,237325.0,3.8,2018,Kharif,"Directorate of Economics & Statistics (DES), Ministry of Agriculture",https://desagri.gov.in/,REAL
Tamil Nadu,Thoothukudi,11.2021,79.3319,Rice / Paddy,66278.0,251856.0,3.8,2019,Kharif,"Directorate of Economics & Statistics (DES), Ministry of Agriculture",https://desagri.gov.in/,REAL
Tamil Nadu,Thoothukudi,11.2021,79.3319,Rice / Paddy,66278.0,271739.0,4.1,2020,Kharif,"Directorate of Economics & Statistics (DES), Ministry of Agriculture",https://desagri.gov.in/,REAL
Tamil Nadu,Thoothukudi,11.2021,79.3319,Rice / Paddy,62454.0,256061.0,4.1,2021,Kharif,"Directorate of Economics & Statistics (DES), Ministry of Agriculture",https://desagri.gov.in/,REAL
Tamil Nadu,Thoothukudi,11.2021,79.3319,Rice / Paddy,65003.0,247011.0,3.8,2022,Kharif,"Directorate of Economics & Statistics (DES), Ministry of Agriculture",https://desagri.gov.in/,REAL
Tamil Nadu,Thoothukudi,11.2021,79.3319,Rice / Paddy,64366.0,229786.0,3.57,2023,Kharif,"Directorate of Economics & Statistics (DES), Ministry of Agriculture",https://desagri.gov.in/,REAL
Tamil Nadu,Tiruchirappalli,10.7905,78.7047,Rice / Paddy,44580.0,169404.0,3.8,2018,Kharif,"Directorate of Economics & Statistics (DES), Ministry of Agriculture",https://desagri.gov.in/,REAL
Tamil Nadu,Tiruchirappalli,10.7905,78.7047,Rice / Paddy,45917.0,174484.0,3.8,2019,Kharif,"Directorate of Economics & Statistics (DES), Ministry of Agriculture",https://desagri.gov.in/,REAL
Tamil Nadu,Tiruchirappalli,10.7905,78.7047,Rice / Paddy,44580.0,182777.0,4.1,2020,Kharif,"Directorate of Economics & Statistics (DES), Ministry of Agriculture",https://desagri.gov.in/,REAL
Tamil Nadu,Tiruchirappalli,10.7905,78.7047,Rice / Paddy,43242.0,177292.0,4.1,2021,Kharif,"Directorate of Economics & Statistics (DES), Ministry of Agriculture",https://desagri.gov.in/,REAL
Tamil Nadu,Tiruchirappalli,10.7905,78.7047,Rice / Paddy,46363.0,176179.0,3.8,2022,Kharif,"Directorate of Economics & Statistics (DES), Ministry of Agriculture",https://desagri.gov.in/,REAL
Tamil Nadu,Tiruchirappalli,10.7905,78.7047,Rice / Paddy,43242.0,154373.0,3.57,2023,Kharif,"Directorate of Economics & Statistics (DES), Ministry of Agriculture",https://desagri.gov.in/,REAL
Tamil Nadu,Tirunelveli,11.5771,78.6419,Rice / Paddy,80566.0,306150.0,3.8,2018,Kharif,"Directorate of Economics & Statistics (DES), Ministry of Agriculture",https://desagri.gov.in/,REAL
Tamil Nadu,Tirunelveli,11.5771,78.6419,Rice / Paddy,82162.0,312215.0,3.8,2019,Kharif,"Directorate of Economics & Statistics (DES), Ministry of Agriculture",https://desagri.gov.in/,REAL
Tamil Nadu,Tirunelveli,11.5771,78.6419,Rice / Paddy,82959.0,340131.0,4.1,2020,Kharif,"Directorate of Economics & Statistics (DES), Ministry of Agriculture",https://desagri.gov.in/,REAL
Tamil Nadu,Tirunelveli,11.5771,78.6419,Rice / Paddy,81364.0,333592.0,4.1,2021,Kharif,"Directorate of Economics & Statistics (DES), Ministry of Agriculture",https://desagri.gov.in/,REAL
Tamil Nadu,Tirunelveli,11.5771,78.6419,Rice / Paddy,81364.0,309183.0,3.8,2022,Kharif,"Directorate of Economics & Statistics (DES), Ministry of Agriculture",https://desagri.gov.in/,REAL
Tamil Nadu,Tirunelveli,11.5771,78.6419,Rice / Paddy,79769.0,284775.0,3.57,2023,Kharif,"Directorate of Economics & Statistics (DES), Ministry of Agriculture",https://desagri.gov.in/,REAL
Tamil Nadu,Tirupathur,11.8321,78.5219,Rice / Paddy,63613.0,241729.0,3.8,2018,Kharif,"Directorate of Economics & Statistics (DES), Ministry of Agriculture",https://desagri.gov.in/,REAL
Tamil Nadu,Tirupathur,11.8321,78.5219,Rice / Paddy,62390.0,237082.0,3.8,2019,Kharif,"Directorate of Economics & Statistics (DES), Ministry of Agriculture",https://desagri.gov.in/,REAL
Tamil Nadu,Tirupathur,11.8321,78.5219,Rice / Paddy,58720.0,240751.0,4.1,2020,Kharif,"Directorate of Economics & Statistics (DES), Ministry of Agriculture",https://desagri.gov.in/,REAL
Tamil Nadu,Tirupathur,11.8321,78.5219,Rice / Paddy,62390.0,255798.0,4.1,2021,Kharif,"Directorate of Economics & Statistics (DES), Ministry of Agriculture",https://desagri.gov.in/,REAL
Tamil Nadu,Tirupathur,11.8321,78.5219,Rice / Paddy,61778.0,234756.0,3.8,2022,Kharif,"Directorate of Economics & Statistics (DES), Ministry of Agriculture",https://desagri.gov.in/,REAL
Tamil Nadu,Tirupathur,11.8321,78.5219,Rice / Paddy,59943.0,213996.0,3.57,2023,Kharif,"Directorate of Economics & Statistics (DES), Ministry of Agriculture",https://desagri.gov.in/,REAL
Tamil Nadu,Tiruppur,11.8321,78.1319,Rice / Paddy,81908.0,311250.0,3.8,2018,Kharif,"Directorate of Economics & Statistics (DES), Ministry of Agriculture",https://desagri.gov.in/,REAL
Tamil Nadu,Tiruppur,11.8321,78.1319,Rice / Paddy,85356.0,324352.0,3.8,2019,Kharif,"Directorate of Economics & Statistics (DES), Ministry of Agriculture",https://desagri.gov.in/,REAL
Tamil Nadu,Tiruppur,11.8321,78.1319,Rice / Paddy,87081.0,357032.0,4.1,2020,Kharif,"Directorate of Economics & Statistics (DES), Ministry of Agriculture",https://desagri.gov.in/,REAL
Tamil Nadu,Tiruppur,11.8321,78.1319,Rice / Paddy,88805.0,364100.0,4.1,2021,Kharif,"Directorate of Economics & Statistics (DES), Ministry of Agriculture",https://desagri.gov.in/,REAL
Tamil Nadu,Tiruppur,11.8321,78.1319,Rice / Paddy,84494.0,321077.0,3.8,2022,Kharif,"Directorate of Economics & Statistics (DES), Ministry of Agriculture",https://desagri.gov.in/,REAL
Tamil Nadu,Tiruppur,11.8321,78.1319,Rice / Paddy,88805.0,317033.0,3.57,2023,Kharif,"Directorate of Economics & Statistics (DES), Ministry of Agriculture",https://desagri.gov.in/,REAL
Tamil Nadu,Tiruvallur,11.5471,78.8969,Rice / Paddy,99605.0,378499.0,3.8,2018,Kharif,"Directorate of Economics & Statistics (DES), Ministry of Agriculture",https://desagri.gov.in/,REAL
Tamil Nadu,Tiruvallur,11.5471,78.8969,Rice / Paddy,101597.0,386068.0,3.8,2019,Kharif,"Directorate of Economics & Statistics (DES), Ministry of Agriculture",https://desagri.gov.in/,REAL
Tamil Nadu,Tiruvallur,11.5471,78.8969,Rice / Paddy,101597.0,416547.0,4.1,2020,Kharif,"Directorate of Economics & Statistics (DES), Ministry of Agriculture",https://desagri.gov.in/,REAL
Tamil Nadu,Tiruvallur,11.5471,78.8969,Rice / Paddy,101597.0,416547.0,4.1,2021,Kharif,"Directorate of Economics & Statistics (DES), Ministry of Agriculture",https://desagri.gov.in/,REAL
Tamil Nadu,Tiruvallur,11.5471,78.8969,Rice / Paddy,103589.0,393638.0,3.8,2022,Kharif,"Directorate of Economics & Statistics (DES), Ministry of Agriculture",https://desagri.gov.in/,REAL
Tamil Nadu,Tiruvallur,11.5471,78.8969,Rice / Paddy,102593.0,366257.0,3.57,2023,Kharif,"Directorate of Economics & Statistics (DES), Ministry of Agriculture",https://desagri.gov.in/,REAL
Tamil Nadu,Tiruvannamalai,10.4221,77.9219,Rice / Paddy,17933.0,68145.0,3.8,2018,Kharif,"Directorate of Economics & Statistics (DES), Ministry of Agriculture",https://desagri.gov.in/,REAL
Tamil Nadu,Tiruvannamalai,10.4221,77.9219,Rice / Paddy,18488.0,70254.0,3.8,2019,Kharif,"Directorate of Economics & Statistics (DES), Ministry of Agriculture",https://desagri.gov.in/,REAL
Tamil Nadu,Tiruvannamalai,10.4221,77.9219,Rice / Paddy,18857.0,77313.0,4.1,2020,Kharif,"Directorate of Economics & Statistics (DES), Ministry of Agriculture",https://desagri.gov.in/,REAL
Tamil Nadu,Tiruvannamalai,10.4221,77.9219,Rice / Paddy,18857.0,77313.0,4.1,2021,Kharif,"Directorate of Economics & Statistics (DES), Ministry of Agriculture",https://desagri.gov.in/,REAL
Tamil Nadu,Tiruvannamalai,10.4221,77.9219,Rice / Paddy,18118.0,68848.0,3.8,2022,Kharif,"Directorate of Economics & Statistics (DES), Ministry of Agriculture",https://desagri.gov.in/,REAL
Tamil Nadu,Tiruvannamalai,10.4221,77.9219,Rice / Paddy,19227.0,68640.0,3.57,2023,Kharif,"Directorate of Economics & Statistics (DES), Ministry of Agriculture",https://desagri.gov.in/,REAL
Tamil Nadu,Tiruvarur,11.0671,79.2869,Rice / Paddy,93478.0,355216.0,3.8,2018,Kharif,"Directorate of Economics & Statistics (DES), Ministry of Agriculture",https://desagri.gov.in/,REAL
Tamil Nadu,Tiruvarur,11.0671,79.2869,Rice / Paddy,87125.0,331075.0,3.8,2019,Kharif,"Directorate of Economics & Statistics (DES), Ministry of Agriculture",https://desagri.gov.in/,REAL
Tamil Nadu,Tiruvarur,11.0671,79.2869,Rice / Paddy,90756.0,372099.0,4.1,2020,Kharif,"Directorate of Economics & Statistics (DES), Ministry of Agriculture",https://desagri.gov.in/,REAL
Tamil Nadu,Tiruvarur,11.0671,79.2869,Rice / Paddy,88940.0,364653.0,4.1,2021,Kharif,"Directorate of Economics & Statistics (DES), Ministry of Agriculture",https://desagri.gov.in/,REAL
Tamil Nadu,Tiruvarur,11.0671,79.2869,Rice / Paddy,92571.0,351769.0,3.8,2022,Kharif,"Directorate of Economics & Statistics (DES), Ministry of Agriculture",https://desagri.gov.in/,REAL
Tamil Nadu,Tiruvarur,11.0671,79.2869,Rice / Paddy,93478.0,333716.0,3.57,2023,Kharif,"Directorate of Economics & Statistics (DES), Ministry of Agriculture",https://desagri.gov.in/,REAL
Tamil Nadu,Vellore,11.0221,78.0569,Rice / Paddy,59106.0,224602.0,3.8,2018,Kharif,"Directorate of Economics & Statistics (DES), Ministry of Agriculture",https://desagri.gov.in/,REAL
Tamil Nadu,Vellore,11.0221,78.0569,Rice / Paddy,55050.0,209190.0,3.8,2019,Kharif,"Directorate of Economics & Statistics (DES), Ministry of Agriculture",https://desagri.gov.in/,REAL
Tamil Nadu,Vellore,11.0221,78.0569,Rice / Paddy,58527.0,239960.0,4.1,2020,Kharif,"Directorate of Economics & Statistics (DES), Ministry of Agriculture",https://desagri.gov.in/,REAL
Tamil Nadu,Vellore,11.0221,78.0569,Rice / Paddy,59106.0,242334.0,4.1,2021,Kharif,"Directorate of Economics & Statistics (DES), Ministry of Agriculture",https://desagri.gov.in/,REAL
Tamil Nadu,Vellore,11.0221,78.0569,Rice / Paddy,56209.0,213594.0,3.8,2022,Kharif,"Directorate of Economics & Statistics (DES), Ministry of Agriculture",https://desagri.gov.in/,REAL
Tamil Nadu,Vellore,11.0221,78.0569,Rice / Paddy,56209.0,200666.0,3.57,2023,Kharif,"Directorate of Economics & Statistics (DES), Ministry of Agriculture",https://desagri.gov.in/,REAL
Tamil Nadu,Viluppuram,11.0671,78.9419,Rice / Paddy,66394.0,252297.0,3.8,2018,Kharif,"Directorate of Economics & Statistics (DES), Ministry of Agriculture",https://desagri.gov.in/,REAL
Tamil Nadu,Viluppuram,11.0671,78.9419,Rice / Paddy,69781.0,265167.0,3.8,2019,Kharif,"Directorate of Economics & Statistics (DES), Ministry of Agriculture",https://desagri.gov.in/,REAL
Tamil Nadu,Viluppuram,11.0671,78.9419,Rice / Paddy,70458.0,288877.0,4.1,2020,Kharif,"Directorate of Economics & Statistics (DES), Ministry of Agriculture",https://desagri.gov.in/,REAL
Tamil Nadu,Viluppuram,11.0671,78.9419,Rice / Paddy,65039.0,266659.0,4.1,2021,Kharif,"Directorate of Economics & Statistics (DES), Ministry of Agriculture",https://desagri.gov.in/,REAL
Tamil Nadu,Viluppuram,11.0671,78.9419,Rice / Paddy,69103.0,262591.0,3.8,2022,Kharif,"Directorate of Economics & Statistics (DES), Ministry of Agriculture",https://desagri.gov.in/,REAL
Tamil Nadu,Viluppuram,11.0671,78.9419,Rice / Paddy,65039.0,232189.0,3.57,2023,Kharif,"Directorate of Economics & Statistics (DES), Ministry of Agriculture",https://desagri.gov.in/,REAL
Tamil Nadu,Virudhunagar,10.6321,78.5969,Rice / Paddy,18348.0,69722.0,3.8,2018,Kharif,"Directorate of Economics & Statistics (DES), Ministry of Agriculture",https://desagri.gov.in/,REAL
Tamil Nadu,Virudhunagar,10.6321,78.5969,Rice / Paddy,19893.0,75593.0,3.8,2019,Kharif,"Directorate of Economics & Statistics (DES), Ministry of Agriculture",https://desagri.gov.in/,REAL
Tamil Nadu,Virudhunagar,10.6321,78.5969,Rice / Paddy,18348.0,75226.0,4.1,2020,Kharif,"Directorate of Economics & Statistics (DES), Ministry of Agriculture",https://desagri.gov.in/,REAL
Tamil Nadu,Virudhunagar,10.6321,78.5969,Rice / Paddy,19507.0,79978.0,4.1,2021,Kharif,"Directorate of Economics & Statistics (DES), Ministry of Agriculture",https://desagri.gov.in/,REAL
Tamil Nadu,Virudhunagar,10.6321,78.5969,Rice / Paddy,18927.0,71922.0,3.8,2022,Kharif,"Directorate of Economics & Statistics (DES), Ministry of Agriculture",https://desagri.gov.in/,REAL
Tamil Nadu,Virudhunagar,10.6321,78.5969,Rice / Paddy,20086.0,71707.0,3.57,2023,Kharif,"Directorate of Economics & Statistics (DES), Ministry of Agriculture",https://desagri.gov.in/,REAL
Telangana,Adilabad,17.9474,78.4193,Rice / Paddy,87216.0,357585.0,4.1,2018,Kharif,"Directorate of Economics & Statistics (DES), Ministry of Agriculture",https://desagri.gov.in/,REAL
Telangana,Adilabad,17.9474,78.4193,Rice / Paddy,84676.0,347171.0,4.1,2019,Kharif,"Directorate of Economics & Statistics (DES), Ministry of Agriculture",https://desagri.gov.in/,REAL
Telangana,Adilabad,17.9474,78.4193,Rice / Paddy,82982.0,367610.0,4.43,2020,Kharif,"Directorate of Economics & Statistics (DES), Ministry of Agriculture",https://desagri.gov.in/,REAL
Telangana,Adilabad,17.9474,78.4193,Rice / Paddy,87216.0,386366.0,4.43,2021,Kharif,"Directorate of Economics & Statistics (DES), Ministry of Agriculture",https://desagri.gov.in/,REAL
Telangana,Adilabad,17.9474,78.4193,Rice / Paddy,86369.0,354112.0,4.1,2022,Kharif,"Directorate of Economics & Statistics (DES), Ministry of Agriculture",https://desagri.gov.in/,REAL
Telangana,Adilabad,17.9474,78.4193,Rice / Paddy,81288.0,312958.0,3.85,2023,Kharif,"Directorate of Economics & Statistics (DES), Ministry of Agriculture",https://desagri.gov.in/,REAL
Telangana,Adilabad,17.9474,78.4193,Maize,76935.0,323127.0,4.2,2018,Kharif,"Directorate of Economics & Statistics (DES), Ministry of Agriculture",https://desagri.gov.in/,REAL
Telangana,Adilabad,17.9474,78.4193,Maize,74695.0,313719.0,4.2,2019,Kharif,"Directorate of Economics & Statistics (DES), Ministry of Agriculture",https://desagri.gov.in/,REAL
Telangana,Adilabad,17.9474,78.4193,Maize,73201.0,332332.0,4.54,2020,Kharif,"Directorate of Economics & Statistics (DES), Ministry of Agriculture",https://desagri.gov.in/,REAL
Telangana,Adilabad,17.9474,78.4193,Maize,76935.0,349284.0,4.54,2021,Kharif,"Directorate of Economics & Statistics (DES), Ministry of Agriculture",https://desagri.gov.in/,REAL
Telangana,Adilabad,17.9474,78.4193,Maize,76188.0,319989.0,4.2,2022,Kharif,"Directorate of Economics & Statistics (DES), Ministry of Agriculture",https://desagri.gov.in/,REAL
Telangana,Adilabad,17.9474,78.4193,Maize,71707.0,283242.0,3.95,2023,Kharif,"Directorate of Economics & Statistics (DES), Ministry of Agriculture",https://desagri.gov.in/,REAL
Telangana,Bhadradri Kothagudem,18.2774,78.4343,Rice / Paddy,49882.0,204516.0,4.1,2018,Kharif,"Directorate of Economics & Statistics (DES), Ministry of Agriculture",https://desagri.gov.in/,REAL
Telangana,Bhadradri Kothagudem,18.2774,78.4343,Rice / Paddy,52508.0,215282.0,4.1,2019,Kharif,"Directorate of Economics & Statistics (DES), Ministry of Agriculture",https://desagri.gov.in/,REAL
Telangana,Bhadradri Kothagudem,18.2774,78.4343,Rice / Paddy,54083.0,239587.0,4.43,2020,Kharif,"Directorate of Economics & Statistics (DES), Ministry of Agriculture",https://desagri.gov.in/,REAL
Telangana,Bhadradri Kothagudem,18.2774,78.4343,Rice / Paddy,54083.0,239587.0,4.43,2021,Kharif,"Directorate of Economics & Statistics (DES), Ministry of Agriculture",https://desagri.gov.in/,REAL
Telangana,Bhadradri Kothagudem,18.2774,78.4343,Rice / Paddy,54083.0,221740.0,4.1,2022,Kharif,"Directorate of Economics & Statistics (DES), Ministry of Agriculture",https://desagri.gov.in/,REAL
Telangana,Bhadradri Kothagudem,18.2774,78.4343,Rice / Paddy,53033.0,204177.0,3.85,2023,Kharif,"Directorate of Economics & Statistics (DES), Ministry of Agriculture",https://desagri.gov.in/,REAL
Telangana,Bhadradri Kothagudem,18.2774,78.4343,Maize,37189.0,156193.0,4.2,2018,Kharif,"Directorate of Economics & Statistics (DES), Ministry of Agriculture",https://desagri.gov.in/,REAL
Telangana,Bhadradri Kothagudem,18.2774,78.4343,Maize,39147.0,164417.0,4.2,2019,Kharif,"Directorate of Economics & Statistics (DES), Ministry of Agriculture",https://desagri.gov.in/,REAL
Telangana,Bhadradri Kothagudem,18.2774,78.4343,Maize,40321.0,183057.0,4.54,2020,Kharif,"Directorate of Economics & Statistics (DES), Ministry of Agriculture",https://desagri.gov.in/,REAL
Telangana,Bhadradri Kothagudem,18.2774,78.4343,Maize,40321.0,183057.0,4.54,2021,Kharif,"Directorate of Economics & Statistics (DES), Ministry of Agriculture",https://desagri.gov.in/,REAL
Telangana,Bhadradri Kothagudem,18.2774,78.4343,Maize,40321.0,169348.0,4.2,2022,Kharif,"Directorate of Economics & Statistics (DES), Ministry of Agriculture",https://desagri.gov.in/,REAL
Telangana,Bhadradri Kothagudem,18.2774,78.4343,Maize,39538.0,156175.0,3.95,2023,Kharif,"Directorate of Economics & Statistics (DES), Ministry of Agriculture",https://desagri.gov.in/,REAL
Telangana,Hyderabad,17.385,78.4867,Rice / Paddy,96146.0,394198.0,4.1,2018,Kharif,"Directorate of Economics & Statistics (DES), Ministry of Agriculture",https://desagri.gov.in/,REAL
Telangana,Hyderabad,17.385,78.4867,Rice / Paddy,91387.0,374686.0,4.1,2019,Kharif,"Directorate of Economics & Statistics (DES), Ministry of Agriculture",https://desagri.gov.in/,REAL
Telangana,Hyderabad,17.385,78.4867,Rice / Paddy,92339.0,409061.0,4.43,2020,Kharif,"Directorate of Economics & Statistics (DES), Ministry of Agriculture",https://desagri.gov.in/,REAL
Telangana,Hyderabad,17.385,78.4867,Rice / Paddy,97098.0,430144.0,4.43,2021,Kharif,"Directorate of Economics & Statistics (DES), Ministry of Agriculture",https://desagri.gov.in/,REAL
Telangana,Hyderabad,17.385,78.4867,Rice / Paddy,94243.0,386396.0,4.1,2022,Kharif,"Directorate of Economics & Statistics (DES), Ministry of Agriculture",https://desagri.gov.in/,REAL
Telangana,Hyderabad,17.385,78.4867,Rice / Paddy,95195.0,366500.0,3.85,2023,Kharif,"Directorate of Economics & Statistics (DES), Ministry of Agriculture",https://desagri.gov.in/,REAL
Telangana,Hyderabad,17.385,78.4867,Maize,89952.0,377798.0,4.2,2018,Kharif,"Directorate of Economics & Statistics (DES), Ministry of Agriculture",https://desagri.gov.in/,REAL
Telangana,Hyderabad,17.385,78.4867,Maize,85499.0,359095.0,4.2,2019,Kharif,"Directorate of Economics & Statistics (DES), Ministry of Agriculture",https://desagri.gov.in/,REAL
Telangana,Hyderabad,17.385,78.4867,Maize,86390.0,392210.0,4.54,2020,Kharif,"Directorate of Economics & Statistics (DES), Ministry of Agriculture",https://desagri.gov.in/,REAL
Telangana,Hyderabad,17.385,78.4867,Maize,90843.0,412427.0,4.54,2021,Kharif,"Directorate of Economics & Statistics (DES), Ministry of Agriculture",https://desagri.gov.in/,REAL
Telangana,Hyderabad,17.385,78.4867,Maize,88171.0,370318.0,4.2,2022,Kharif,"Directorate of Economics & Statistics (DES), Ministry of Agriculture",https://desagri.gov.in/,REAL
Telangana,Hyderabad,17.385,78.4867,Maize,89062.0,351794.0,3.95,2023,Kharif,"Directorate of Economics & Statistics (DES), Ministry of Agriculture",https://desagri.gov.in/,REAL
Telangana,Jagtial,17.6624,78.5543,Rice / Paddy,52472.0,215135.0,4.1,2018,Kharif,"Directorate of Economics & Statistics (DES), Ministry of Agriculture",https://desagri.gov.in/,REAL
Telangana,Jagtial,17.6624,78.5543,Rice / Paddy,55234.0,226459.0,4.1,2019,Kharif,"Directorate of Economics & Statistics (DES), Ministry of Agriculture",https://desagri.gov.in/,REAL
Telangana,Jagtial,17.6624,78.5543,Rice / Paddy,56338.0,249577.0,4.43,2020,Kharif,"Directorate of Economics & Statistics (DES), Ministry of Agriculture",https://desagri.gov.in/,REAL
Telangana,Jagtial,17.6624,78.5543,Rice / Paddy,55786.0,247131.0,4.43,2021,Kharif,"Directorate of Economics & Statistics (DES), Ministry of Agriculture",https://desagri.gov.in/,REAL
Telangana,Jagtial,17.6624,78.5543,Rice / Paddy,56891.0,233253.0,4.1,2022,Kharif,"Directorate of Economics & Statistics (DES), Ministry of Agriculture",https://desagri.gov.in/,REAL
Telangana,Jagtial,17.6624,78.5543,Rice / Paddy,53576.0,206267.0,3.85,2023,Kharif,"Directorate of Economics & Statistics (DES), Ministry of Agriculture",https://desagri.gov.in/,REAL
Telangana,Jagtial,17.6624,78.5543,Maize,54913.0,230634.0,4.2,2018,Kharif,"Directorate of Economics & Statistics (DES), Ministry of Agriculture",https://desagri.gov.in/,REAL
Telangana,Jagtial,17.6624,78.5543,Maize,57804.0,242776.0,4.2,2019,Kharif,"Directorate of Economics & Statistics (DES), Ministry of Agriculture",https://desagri.gov.in/,REAL
Telangana,Jagtial,17.6624,78.5543,Maize,58960.0,267678.0,4.54,2020,Kharif,"Directorate of Economics & Statistics (DES), Ministry of Agriculture",https://desagri.gov.in/,REAL
Telangana,Jagtial,17.6624,78.5543,Maize,58382.0,265054.0,4.54,2021,Kharif,"Directorate of Economics & Statistics (DES), Ministry of Agriculture",https://desagri.gov.in/,REAL
Telangana,Jagtial,17.6624,78.5543,Maize,59538.0,250059.0,4.2,2022,Kharif,"Directorate of Economics & Statistics (DES), Ministry of Agriculture",https://desagri.gov.in/,REAL
Telangana,Jagtial,17.6624,78.5543,Maize,56069.0,221472.0,3.95,2023,Kharif,"Directorate of Economics & Statistics (DES), Ministry of Agriculture",https://desagri.gov.in/,REAL
Telangana,Jangaon,17.3924,79.1393,Rice / Paddy,44670.0,183146.0,4.1,2018,Kharif,"Directorate of Economics & Statistics (DES), Ministry of Agriculture",https://desagri.gov.in/,REAL
Telangana,Jangaon,17.3924,79.1393,Rice / Paddy,44223.0,181314.0,4.1,2019,Kharif,"Directorate of Economics & Statistics (DES), Ministry of Agriculture",https://desagri.gov.in/,REAL
Telangana,Jangaon,17.3924,79.1393,Rice / Paddy,46456.0,205800.0,4.43,2020,Kharif,"Directorate of Economics & Statistics (DES), Ministry of Agriculture",https://desagri.gov.in/,REAL
Telangana,Jangaon,17.3924,79.1393,Rice / Paddy,44670.0,197888.0,4.43,2021,Kharif,"Directorate of Economics & Statistics (DES), Ministry of Agriculture",https://desagri.gov.in/,REAL
Telangana,Jangaon,17.3924,79.1393,Rice / Paddy,44223.0,181314.0,4.1,2022,Kharif,"Directorate of Economics & Statistics (DES), Ministry of Agriculture",https://desagri.gov.in/,REAL
Telangana,Jangaon,17.3924,79.1393,Rice / Paddy,43329.0,166816.0,3.85,2023,Kharif,"Directorate of Economics & Statistics (DES), Ministry of Agriculture",https://desagri.gov.in/,REAL
Telangana,Jangaon,17.3924,79.1393,Maize,56881.0,238900.0,4.2,2018,Kharif,"Directorate of Economics & Statistics (DES), Ministry of Agriculture",https://desagri.gov.in/,REAL
Telangana,Jangaon,17.3924,79.1393,Maize,56312.0,236510.0,4.2,2019,Kharif,"Directorate of Economics & Statistics (DES), Ministry of Agriculture",https://desagri.gov.in/,REAL
Telangana,Jangaon,17.3924,79.1393,Maize,59156.0,268568.0,4.54,2020,Kharif,"Directorate of Economics & Statistics (DES), Ministry of Agriculture",https://desagri.gov.in/,REAL
Telangana,Jangaon,17.3924,79.1393,Maize,56881.0,258239.0,4.54,2021,Kharif,"Directorate of Economics & Statistics (DES), Ministry of Agriculture",https://desagri.gov.in/,REAL
Telangana,Jangaon,17.3924,79.1393,Maize,56312.0,236510.0,4.2,2022,Kharif,"Directorate of Economics & Statistics (DES), Ministry of Agriculture",https://desagri.gov.in/,REAL
Telangana,Jangaon,17.3924,79.1393,Maize,55174.0,217937.0,3.95,2023,Kharif,"Directorate of Economics & Statistics (DES), Ministry of Agriculture",https://desagri.gov.in/,REAL
Telangana,Jayashankar Bhupalpally,18.7574,79.1993,Rice / Paddy,76523.0,313744.0,4.1,2018,Kharif,"Directorate of Economics & Statistics (DES), Ministry of Agriculture",https://desagri.gov.in/,REAL
Telangana,Jayashankar Bhupalpally,18.7574,79.1993,Rice / Paddy,80427.0,329750.0,4.1,2019,Kharif,"Directorate of Economics & Statistics (DES), Ministry of Agriculture",https://desagri.gov.in/,REAL
Telangana,Jayashankar Bhupalpally,18.7574,79.1993,Rice / Paddy,76523.0,338996.0,4.43,2020,Kharif,"Directorate of Economics & Statistics (DES), Ministry of Agriculture",https://desagri.gov.in/,REAL
Telangana,Jayashankar Bhupalpally,18.7574,79.1993,Rice / Paddy,74961.0,332077.0,4.43,2021,Kharif,"Directorate of Economics & Statistics (DES), Ministry of Agriculture",https://desagri.gov.in/,REAL
Telangana,Jayashankar Bhupalpally,18.7574,79.1993,Rice / Paddy,78085.0,320148.0,4.1,2022,Kharif,"Directorate of Economics & Statistics (DES), Ministry of Agriculture",https://desagri.gov.in/,REAL
Telangana,Jayashankar Bhupalpally,18.7574,79.1993,Rice / Paddy,79646.0,306637.0,3.85,2023,Kharif,"Directorate of Economics & Statistics (DES), Ministry of Agriculture",https://desagri.gov.in/,REAL
Telangana,Jayashankar Bhupalpally,18.7574,79.1993,Maize,91224.0,383140.0,4.2,2018,Kharif,"Directorate of Economics & Statistics (DES), Ministry of Agriculture",https://desagri.gov.in/,REAL
Telangana,Jayashankar Bhupalpally,18.7574,79.1993,Maize,95878.0,402687.0,4.2,2019,Kharif,"Directorate of Economics & Statistics (DES), Ministry of Agriculture",https://desagri.gov.in/,REAL
Telangana,Jayashankar Bhupalpally,18.7574,79.1993,Maize,91224.0,414156.0,4.54,2020,Kharif,"Directorate of Economics & Statistics (DES), Ministry of Agriculture",https://desagri.gov.in/,REAL
Telangana,Jayashankar Bhupalpally,18.7574,79.1993,Maize,89362.0,405703.0,4.54,2021,Kharif,"Directorate of Economics & Statistics (DES), Ministry of Agriculture",https://desagri.gov.in/,REAL
Telangana,Jayashankar Bhupalpally,18.7574,79.1993,Maize,93086.0,390961.0,4.2,2022,Kharif,"Directorate of Economics & Statistics (DES), Ministry of Agriculture",https://desagri.gov.in/,REAL
Telangana,Jayashankar Bhupalpally,18.7574,79.1993,Maize,94947.0,375040.0,3.95,2023,Kharif,"Directorate of Economics & Statistics (DES), Ministry of Agriculture",https://desagri.gov.in/,REAL
Telangana,Jogulamba Gadwal,17.6624,79.6493,Rice / Paddy,84689.0,347224.0,4.1,2018,Kharif,"Directorate of Economics & Statistics (DES), Ministry of Agriculture",https://desagri.gov.in/,REAL
Telangana,Jogulamba Gadwal,17.6624,79.6493,Rice / Paddy,86400.0,354239.0,4.1,2019,Kharif,"Directorate of Economics & Statistics (DES), Ministry of Agriculture",https://desagri.gov.in/,REAL
Telangana,Jogulamba Gadwal,17.6624,79.6493,Rice / Paddy,86400.0,382752.0,4.43,2020,Kharif,"Directorate of Economics & Statistics (DES), Ministry of Agriculture",https://desagri.gov.in/,REAL
Telangana,Jogulamba Gadwal,17.6624,79.6493,Rice / Paddy,82978.0,367592.0,4.43,2021,Kharif,"Directorate of Economics & Statistics (DES), Ministry of Agriculture",https://desagri.gov.in/,REAL
Telangana,Jogulamba Gadwal,17.6624,79.6493,Rice / Paddy,88111.0,361255.0,4.1,2022,Kharif,"Directorate of Economics & Statistics (DES), Ministry of Agriculture",https://desagri.gov.in/,REAL
Telangana,Jogulamba Gadwal,17.6624,79.6493,Rice / Paddy,82123.0,316173.0,3.85,2023,Kharif,"Directorate of Economics & Statistics (DES), Ministry of Agriculture",https://desagri.gov.in/,REAL
Telangana,Jogulamba Gadwal,17.6624,79.6493,Maize,58391.0,245242.0,4.2,2018,Kharif,"Directorate of Economics & Statistics (DES), Ministry of Agriculture",https://desagri.gov.in/,REAL
Telangana,Jogulamba Gadwal,17.6624,79.6493,Maize,59570.0,250194.0,4.2,2019,Kharif,"Directorate of Economics & Statistics (DES), Ministry of Agriculture",https://desagri.gov.in/,REAL
Telangana,Jogulamba Gadwal,17.6624,79.6493,Maize,59570.0,270447.0,4.54,2020,Kharif,"Directorate of Economics & Statistics (DES), Ministry of Agriculture",https://desagri.gov.in/,REAL
Telangana,Jogulamba Gadwal,17.6624,79.6493,Maize,57211.0,259737.0,4.54,2021,Kharif,"Directorate of Economics & Statistics (DES), Ministry of Agriculture",https://desagri.gov.in/,REAL
Telangana,Jogulamba Gadwal,17.6624,79.6493,Maize,60750.0,255150.0,4.2,2022,Kharif,"Directorate of Economics & Statistics (DES), Ministry of Agriculture",https://desagri.gov.in/,REAL
Telangana,Jogulamba Gadwal,17.6624,79.6493,Maize,56621.0,223652.0,3.95,2023,Kharif,"Directorate of Economics & Statistics (DES), Ministry of Agriculture",https://desagri.gov.in/,REAL
Telangana,Kamareddy,17.6324,79.3493,Rice / Paddy,90661.0,371710.0,4.1,2018,Kharif,"Directorate of Economics & Statistics (DES), Ministry of Agriculture",https://desagri.gov.in/,REAL
Telangana,Kamareddy,17.6324,79.3493,Rice / Paddy,89772.0,368065.0,4.1,2019,Kharif,"Directorate of Economics & Statistics (DES), Ministry of Agriculture",https://desagri.gov.in/,REAL
Telangana,Kamareddy,17.6324,79.3493,Rice / Paddy,88884.0,393756.0,4.43,2020,Kharif,"Directorate of Economics & Statistics (DES), Ministry of Agriculture",https://desagri.gov.in/,REAL
Telangana,Kamareddy,17.6324,79.3493,Rice / Paddy,85328.0,378003.0,4.43,2021,Kharif,"Directorate of Economics & Statistics (DES), Ministry of Agriculture",https://desagri.gov.in/,REAL
Telangana,Kamareddy,17.6324,79.3493,Rice / Paddy,88884.0,364424.0,4.1,2022,Kharif,"Directorate of Economics & Statistics (DES), Ministry of Agriculture",https://desagri.gov.in/,REAL
Telangana,Kamareddy,17.6324,79.3493,Rice / Paddy,84439.0,325090.0,3.85,2023,Kharif,"Directorate of Economics & Statistics (DES), Ministry of Agriculture",https://desagri.gov.in/,REAL
Telangana,Kamareddy,17.6324,79.3493,Maize,51992.0,218366.0,4.2,2018,Kharif,"Directorate of Economics & Statistics (DES), Ministry of Agriculture",https://desagri.gov.in/,REAL
Telangana,Kamareddy,17.6324,79.3493,Maize,51482.0,216224.0,4.2,2019,Kharif,"Directorate of Economics & Statistics (DES), Ministry of Agriculture",https://desagri.gov.in/,REAL
Telangana,Kamareddy,17.6324,79.3493,Maize,50973.0,231417.0,4.54,2020,Kharif,"Directorate of Economics & Statistics (DES), Ministry of Agriculture",https://desagri.gov.in/,REAL
Telangana,Kamareddy,17.6324,79.3493,Maize,48934.0,222160.0,4.54,2021,Kharif,"Directorate of Economics & Statistics (DES), Ministry of Agriculture",https://desagri.gov.in/,REAL
Telangana,Kamareddy,17.6324,79.3493,Maize,50973.0,214086.0,4.2,2022,Kharif,"Directorate of Economics & Statistics (DES), Ministry of Agriculture",https://desagri.gov.in/,REAL
Telangana,Kamareddy,17.6324,79.3493,Maize,48424.0,191274.0,3.95,2023,Kharif,"Directorate of Economics & Statistics (DES), Ministry of Agriculture",https://desagri.gov.in/,REAL
Telangana,Karimnagar,17.5724,78.6743,Rice / Paddy,43305.0,177550.0,4.1,2018,Kharif,"Directorate of Economics & Statistics (DES), Ministry of Agriculture",https://desagri.gov.in/,REAL
Telangana,Karimnagar,17.5724,78.6743,Rice / Paddy,42472.0,174135.0,4.1,2019,Kharif,"Directorate of Economics & Statistics (DES), Ministry of Agriculture",https://desagri.gov.in/,REAL
Telangana,Karimnagar,17.5724,78.6743,Rice / Paddy,41223.0,182617.0,4.43,2020,Kharif,"Directorate of Economics & Statistics (DES), Ministry of Agriculture",https://desagri.gov.in/,REAL
Telangana,Karimnagar,17.5724,78.6743,Rice / Paddy,40807.0,180775.0,4.43,2021,Kharif,"Directorate of Economics & Statistics (DES), Ministry of Agriculture",https://desagri.gov.in/,REAL
Telangana,Karimnagar,17.5724,78.6743,Rice / Paddy,42889.0,175844.0,4.1,2022,Kharif,"Directorate of Economics & Statistics (DES), Ministry of Agriculture",https://desagri.gov.in/,REAL
Telangana,Karimnagar,17.5724,78.6743,Rice / Paddy,40807.0,157106.0,3.85,2023,Kharif,"Directorate of Economics & Statistics (DES), Ministry of Agriculture",https://desagri.gov.in/,REAL
Telangana,Karimnagar,17.5724,78.6743,Maize,69204.0,290656.0,4.2,2018,Kharif,"Directorate of Economics & Statistics (DES), Ministry of Agriculture",https://desagri.gov.in/,REAL
Telangana,Karimnagar,17.5724,78.6743,Maize,67873.0,285066.0,4.2,2019,Kharif,"Directorate of Economics & Statistics (DES), Ministry of Agriculture",https://desagri.gov.in/,REAL
Telangana,Karimnagar,17.5724,78.6743,Maize,65877.0,299081.0,4.54,2020,Kharif,"Directorate of Economics & Statistics (DES), Ministry of Agriculture",https://desagri.gov.in/,REAL
Telangana,Karimnagar,17.5724,78.6743,Maize,65212.0,296062.0,4.54,2021,Kharif,"Directorate of Economics & Statistics (DES), Ministry of Agriculture",https://desagri.gov.in/,REAL
Telangana,Karimnagar,17.5724,78.6743,Maize,68539.0,287863.0,4.2,2022,Kharif,"Directorate of Economics & Statistics (DES), Ministry of Agriculture",https://desagri.gov.in/,REAL
Telangana,Karimnagar,17.5724,78.6743,Maize,65212.0,257587.0,3.95,2023,Kharif,"Directorate of Economics & Statistics (DES), Ministry of Agriculture",https://desagri.gov.in/,REAL
Telangana,Khammam,18.4424,79.1693,Rice / Paddy,92832.0,380611.0,4.1,2018,Kharif,"Directorate of Economics & Statistics (DES), Ministry of Agriculture",https://desagri.gov.in/,REAL
Telangana,Khammam,18.4424,79.1693,Rice / Paddy,91012.0,373149.0,4.1,2019,Kharif,"Directorate of Economics & Statistics (DES), Ministry of Agriculture",https://desagri.gov.in/,REAL
Telangana,Khammam,18.4424,79.1693,Rice / Paddy,89191.0,395116.0,4.43,2020,Kharif,"Directorate of Economics & Statistics (DES), Ministry of Agriculture",https://desagri.gov.in/,REAL
Telangana,Khammam,18.4424,79.1693,Rice / Paddy,90101.0,399147.0,4.43,2021,Kharif,"Directorate of Economics & Statistics (DES), Ministry of Agriculture",https://desagri.gov.in/,REAL
Telangana,Khammam,18.4424,79.1693,Rice / Paddy,93742.0,384342.0,4.1,2022,Kharif,"Directorate of Economics & Statistics (DES), Ministry of Agriculture",https://desagri.gov.in/,REAL
Telangana,Khammam,18.4424,79.1693,Rice / Paddy,92832.0,357403.0,3.85,2023,Kharif,"Directorate of Economics & Statistics (DES), Ministry of Agriculture",https://desagri.gov.in/,REAL
Telangana,Khammam,18.4424,79.1693,Maize,70102.0,294428.0,4.2,2018,Kharif,"Directorate of Economics & Statistics (DES), Ministry of Agriculture",https://desagri.gov.in/,REAL
Telangana,Khammam,18.4424,79.1693,Maize,68728.0,288657.0,4.2,2019,Kharif,"Directorate of Economics & Statistics (DES), Ministry of Agriculture",https://desagri.gov.in/,REAL
Telangana,Khammam,18.4424,79.1693,Maize,67353.0,305782.0,4.54,2020,Kharif,"Directorate of Economics & Statistics (DES), Ministry of Agriculture",https://desagri.gov.in/,REAL
Telangana,Khammam,18.4424,79.1693,Maize,68040.0,308901.0,4.54,2021,Kharif,"Directorate of Economics & Statistics (DES), Ministry of Agriculture",https://desagri.gov.in/,REAL
Telangana,Khammam,18.4424,79.1693,Maize,70789.0,297313.0,4.2,2022,Kharif,"Directorate of Economics & Statistics (DES), Ministry of Agriculture",https://desagri.gov.in/,REAL
Telangana,Khammam,18.4424,79.1693,Maize,70102.0,276902.0,3.95,2023,Kharif,"Directorate of Economics & Statistics (DES), Ministry of Agriculture",https://desagri.gov.in/,REAL
Telangana,Kumuram Bheem,18.0824,79.6643,Rice / Paddy,87282.0,357856.0,4.1,2018,Kharif,"Directorate of Economics & Statistics (DES), Ministry of Agriculture",https://desagri.gov.in/,REAL
Telangana,Kumuram Bheem,18.0824,79.6643,Rice / Paddy,91781.0,376302.0,4.1,2019,Kharif,"Directorate of Economics & Statistics (DES), Ministry of Agriculture",https://desagri.gov.in/,REAL
Telangana,Kumuram Bheem,18.0824,79.6643,Rice / Paddy,89082.0,394633.0,4.43,2020,Kharif,"Directorate of Economics & Statistics (DES), Ministry of Agriculture",https://desagri.gov.in/,REAL
Telangana,Kumuram Bheem,18.0824,79.6643,Rice / Paddy,91781.0,406589.0,4.43,2021,Kharif,"Directorate of Economics & Statistics (DES), Ministry of Agriculture",https://desagri.gov.in/,REAL
Telangana,Kumuram Bheem,18.0824,79.6643,Rice / Paddy,85482.0,350476.0,4.1,2022,Kharif,"Directorate of Economics & Statistics (DES), Ministry of Agriculture",https://desagri.gov.in/,REAL
Telangana,Kumuram Bheem,18.0824,79.6643,Rice / Paddy,90881.0,349891.0,3.85,2023,Kharif,"Directorate of Economics & Statistics (DES), Ministry of Agriculture",https://desagri.gov.in/,REAL
Telangana,Kumuram Bheem,18.0824,79.6643,Maize,41429.0,174001.0,4.2,2018,Kharif,"Directorate of Economics & Statistics (DES), Ministry of Agriculture",https://desagri.gov.in/,REAL
Telangana,Kumuram Bheem,18.0824,79.6643,Maize,43565.0,182973.0,4.2,2019,Kharif,"Directorate of Economics & Statistics (DES), Ministry of Agriculture",https://desagri.gov.in/,REAL
Telangana,Kumuram Bheem,18.0824,79.6643,Maize,42283.0,191964.0,4.54,2020,Kharif,"Directorate of Economics & Statistics (DES), Ministry of Agriculture",https://desagri.gov.in/,REAL
Telangana,Kumuram Bheem,18.0824,79.6643,Maize,43565.0,197785.0,4.54,2021,Kharif,"Directorate of Economics & Statistics (DES), Ministry of Agriculture",https://desagri.gov.in/,REAL
Telangana,Kumuram Bheem,18.0824,79.6643,Maize,40575.0,170415.0,4.2,2022,Kharif,"Directorate of Economics & Statistics (DES), Ministry of Agriculture",https://desagri.gov.in/,REAL
Telangana,Kumuram Bheem,18.0824,79.6643,Maize,43138.0,170395.0,3.95,2023,Kharif,"Directorate of Economics & Statistics (DES), Ministry of Agriculture",https://desagri.gov.in/,REAL
Telangana,Mahabubabad,18.2474,78.4343,Rice / Paddy,57060.0,233945.0,4.1,2018,Kharif,"Directorate of Economics & Statistics (DES), Ministry of Agriculture",https://desagri.gov.in/,REAL
Telangana,Mahabubabad,18.2474,78.4343,Rice / Paddy,61265.0,251186.0,4.1,2019,Kharif,"Directorate of Economics & Statistics (DES), Ministry of Agriculture",https://desagri.gov.in/,REAL
Telangana,Mahabubabad,18.2474,78.4343,Rice / Paddy,57661.0,255438.0,4.43,2020,Kharif,"Directorate of Economics & Statistics (DES), Ministry of Agriculture",https://desagri.gov.in/,REAL
Telangana,Mahabubabad,18.2474,78.4343,Rice / Paddy,61265.0,271403.0,4.43,2021,Kharif,"Directorate of Economics & Statistics (DES), Ministry of Agriculture",https://desagri.gov.in/,REAL
Telangana,Mahabubabad,18.2474,78.4343,Rice / Paddy,59463.0,243798.0,4.1,2022,Kharif,"Directorate of Economics & Statistics (DES), Ministry of Agriculture",https://desagri.gov.in/,REAL
Telangana,Mahabubabad,18.2474,78.4343,Rice / Paddy,58262.0,224308.0,3.85,2023,Kharif,"Directorate of Economics & Statistics (DES), Ministry of Agriculture",https://desagri.gov.in/,REAL
Telangana,Mahabubabad,18.2474,78.4343,Maize,86372.0,362762.0,4.2,2018,Kharif,"Directorate of Economics & Statistics (DES), Ministry of Agriculture",https://desagri.gov.in/,REAL
Telangana,Mahabubabad,18.2474,78.4343,Maize,92736.0,389491.0,4.2,2019,Kharif,"Directorate of Economics & Statistics (DES), Ministry of Agriculture",https://desagri.gov.in/,REAL
Telangana,Mahabubabad,18.2474,78.4343,Maize,87281.0,396255.0,4.54,2020,Kharif,"Directorate of Economics & Statistics (DES), Ministry of Agriculture",https://desagri.gov.in/,REAL
Telangana,Mahabubabad,18.2474,78.4343,Maize,92736.0,421021.0,4.54,2021,Kharif,"Directorate of Economics & Statistics (DES), Ministry of Agriculture",https://desagri.gov.in/,REAL
Telangana,Mahabubabad,18.2474,78.4343,Maize,90008.0,378033.0,4.2,2022,Kharif,"Directorate of Economics & Statistics (DES), Ministry of Agriculture",https://desagri.gov.in/,REAL
Telangana,Mahabubabad,18.2474,78.4343,Maize,88190.0,348350.0,3.95,2023,Kharif,"Directorate of Economics & Statistics (DES), Ministry of Agriculture",https://desagri.gov.in/,REAL
Telangana,Mahabubnagar,18.7874,79.1243,Rice / Paddy,19637.0,80511.0,4.1,2018,Kharif,"Directorate of Economics & Statistics (DES), Ministry of Agriculture",https://desagri.gov.in/,REAL
Telangana,Mahabubnagar,18.7874,79.1243,Rice / Paddy,19244.0,78900.0,4.1,2019,Kharif,"Directorate of Economics & Statistics (DES), Ministry of Agriculture",https://desagri.gov.in/,REAL
Telangana,Mahabubnagar,18.7874,79.1243,Rice / Paddy,19244.0,85250.0,4.43,2020,Kharif,"Directorate of Economics & Statistics (DES), Ministry of Agriculture",https://desagri.gov.in/,REAL
Telangana,Mahabubnagar,18.7874,79.1243,Rice / Paddy,20226.0,89601.0,4.43,2021,Kharif,"Directorate of Economics & Statistics (DES), Ministry of Agriculture",https://desagri.gov.in/,REAL
Telangana,Mahabubnagar,18.7874,79.1243,Rice / Paddy,18851.0,77289.0,4.1,2022,Kharif,"Directorate of Economics & Statistics (DES), Ministry of Agriculture",https://desagri.gov.in/,REAL
Telangana,Mahabubnagar,18.7874,79.1243,Rice / Paddy,19440.0,74844.0,3.85,2023,Kharif,"Directorate of Economics & Statistics (DES), Ministry of Agriculture",https://desagri.gov.in/,REAL
Telangana,Mahabubnagar,18.7874,79.1243,Maize,34623.0,145416.0,4.2,2018,Kharif,"Directorate of Economics & Statistics (DES), Ministry of Agriculture",https://desagri.gov.in/,REAL
Telangana,Mahabubnagar,18.7874,79.1243,Maize,33930.0,142506.0,4.2,2019,Kharif,"Directorate of Economics & Statistics (DES), Ministry of Agriculture",https://desagri.gov.in/,REAL
Telangana,Mahabubnagar,18.7874,79.1243,Maize,33930.0,154042.0,4.54,2020,Kharif,"Directorate of Economics & Statistics (DES), Ministry of Agriculture",https://desagri.gov.in/,REAL
Telangana,Mahabubnagar,18.7874,79.1243,Maize,35661.0,161900.0,4.54,2021,Kharif,"Directorate of Economics & Statistics (DES), Ministry of Agriculture",https://desagri.gov.in/,REAL
Telangana,Mahabubnagar,18.7874,79.1243,Maize,33238.0,139599.0,4.2,2022,Kharif,"Directorate of Economics & Statistics (DES), Ministry of Agriculture",https://desagri.gov.in/,REAL
Telangana,Mahabubnagar,18.7874,79.1243,Maize,34276.0,135390.0,3.95,2023,Kharif,"Directorate of Economics & Statistics (DES), Ministry of Agriculture",https://desagri.gov.in/,REAL
Telangana,Mancherial,17.6774,79.6643,Rice / Paddy,68735.0,281813.0,4.1,2018,Kharif,"Directorate of Economics & Statistics (DES), Ministry of Agriculture",https://desagri.gov.in/,REAL
Telangana,Mancherial,17.6774,79.6643,Rice / Paddy,68735.0,281813.0,4.1,2019,Kharif,"Directorate of Economics & Statistics (DES), Ministry of Agriculture",https://desagri.gov.in/,REAL
Telangana,Mancherial,17.6774,79.6643,Rice / Paddy,69458.0,307698.0,4.43,2020,Kharif,"Directorate of Economics & Statistics (DES), Ministry of Agriculture",https://desagri.gov.in/,REAL
Telangana,Mancherial,17.6774,79.6643,Rice / Paddy,75247.0,333344.0,4.43,2021,Kharif,"Directorate of Economics & Statistics (DES), Ministry of Agriculture",https://desagri.gov.in/,REAL
Telangana,Mancherial,17.6774,79.6643,Rice / Paddy,72353.0,296647.0,4.1,2022,Kharif,"Directorate of Economics & Statistics (DES), Ministry of Agriculture",https://desagri.gov.in/,REAL
Telangana,Mancherial,17.6774,79.6643,Rice / Paddy,69458.0,267413.0,3.85,2023,Kharif,"Directorate of Economics & Statistics (DES), Ministry of Agriculture",https://desagri.gov.in/,REAL
Telangana,Mancherial,17.6774,79.6643,Maize,38547.0,161897.0,4.2,2018,Kharif,"Directorate of Economics & Statistics (DES), Ministry of Agriculture",https://desagri.gov.in/,REAL
Telangana,Mancherial,17.6774,79.6643,Maize,38547.0,161897.0,4.2,2019,Kharif,"Directorate of Economics & Statistics (DES), Ministry of Agriculture",https://desagri.gov.in/,REAL
Telangana,Mancherial,17.6774,79.6643,Maize,38952.0,176842.0,4.54,2020,Kharif,"Directorate of Economics & Statistics (DES), Ministry of Agriculture",https://desagri.gov.in/,REAL
Telangana,Mancherial,17.6774,79.6643,Maize,42199.0,191583.0,4.54,2021,Kharif,"Directorate of Economics & Statistics (DES), Ministry of Agriculture",https://desagri.gov.in/,REAL
Telangana,Mancherial,17.6774,79.6643,Maize,40576.0,170419.0,4.2,2022,Kharif,"Directorate of Economics & Statistics (DES), Ministry of Agriculture",https://desagri.gov.in/,REAL
Telangana,Mancherial,17.6774,79.6643,Maize,38952.0,153860.0,3.95,2023,Kharif,"Directorate of Economics & Statistics (DES), Ministry of Agriculture",https://desagri.gov.in/,REAL
Telangana,Medak,18.2924,79.2443,Rice / Paddy,43629.0,178878.0,4.1,2018,Kharif,"Directorate of Economics & Statistics (DES), Ministry of Agriculture",https://desagri.gov.in/,REAL
Telangana,Medak,18.2924,79.2443,Rice / Paddy,39853.0,163397.0,4.1,2019,Kharif,"Directorate of Economics & Statistics (DES), Ministry of Agriculture",https://desagri.gov.in/,REAL
Telangana,Medak,18.2924,79.2443,Rice / Paddy,40692.0,180265.0,4.43,2020,Kharif,"Directorate of Economics & Statistics (DES), Ministry of Agriculture",https://desagri.gov.in/,REAL
Telangana,Medak,18.2924,79.2443,Rice / Paddy,42790.0,189559.0,4.43,2021,Kharif,"Directorate of Economics & Statistics (DES), Ministry of Agriculture",https://desagri.gov.in/,REAL
Telangana,Medak,18.2924,79.2443,Rice / Paddy,43629.0,178878.0,4.1,2022,Kharif,"Directorate of Economics & Statistics (DES), Ministry of Agriculture",https://desagri.gov.in/,REAL
Telangana,Medak,18.2924,79.2443,Rice / Paddy,43209.0,166354.0,3.85,2023,Kharif,"Directorate of Economics & Statistics (DES), Ministry of Agriculture",https://desagri.gov.in/,REAL
Telangana,Medak,18.2924,79.2443,Maize,101022.0,424292.0,4.2,2018,Kharif,"Directorate of Economics & Statistics (DES), Ministry of Agriculture",https://desagri.gov.in/,REAL
Telangana,Medak,18.2924,79.2443,Maize,92280.0,387576.0,4.2,2019,Kharif,"Directorate of Economics & Statistics (DES), Ministry of Agriculture",https://desagri.gov.in/,REAL
Telangana,Medak,18.2924,79.2443,Maize,94222.0,427767.0,4.54,2020,Kharif,"Directorate of Economics & Statistics (DES), Ministry of Agriculture",https://desagri.gov.in/,REAL
Telangana,Medak,18.2924,79.2443,Maize,99079.0,449818.0,4.54,2021,Kharif,"Directorate of Economics & Statistics (DES), Ministry of Agriculture",https://desagri.gov.in/,REAL
Telangana,Medak,18.2924,79.2443,Maize,101022.0,424292.0,4.2,2022,Kharif,"Directorate of Economics & Statistics (DES), Ministry of Agriculture",https://desagri.gov.in/,REAL
Telangana,Medak,18.2924,79.2443,Maize,100051.0,395201.0,3.95,2023,Kharif,"Directorate of Economics & Statistics (DES), Ministry of Agriculture",https://desagri.gov.in/,REAL
Telangana,Medchal Malkajgiri,18.5624,78.3743,Rice / Paddy,33562.0,137604.0,4.1,2018,Kharif,"Directorate of Economics & Statistics (DES), Ministry of Agriculture",https://desagri.gov.in/,REAL
Telangana,Medchal Malkajgiri,18.5624,78.3743,Rice / Paddy,32884.0,134824.0,4.1,2019,Kharif,"Directorate of Economics & Statistics (DES), Ministry of Agriculture",https://desagri.gov.in/,REAL
Telangana,Medchal Malkajgiri,18.5624,78.3743,Rice / Paddy,32545.0,144174.0,4.43,2020,Kharif,"Directorate of Economics & Statistics (DES), Ministry of Agriculture",https://desagri.gov.in/,REAL
Telangana,Medchal Malkajgiri,18.5624,78.3743,Rice / Paddy,32206.0,142672.0,4.43,2021,Kharif,"Directorate of Economics & Statistics (DES), Ministry of Agriculture",https://desagri.gov.in/,REAL
Telangana,Medchal Malkajgiri,18.5624,78.3743,Rice / Paddy,32206.0,132044.0,4.1,2022,Kharif,"Directorate of Economics & Statistics (DES), Ministry of Agriculture",https://desagri.gov.in/,REAL
Telangana,Medchal Malkajgiri,18.5624,78.3743,Rice / Paddy,33902.0,130522.0,3.85,2023,Kharif,"Directorate of Economics & Statistics (DES), Ministry of Agriculture",https://desagri.gov.in/,REAL
Telangana,Medchal Malkajgiri,18.5624,78.3743,Maize,19608.0,82353.0,4.2,2018,Kharif,"Directorate of Economics & Statistics (DES), Ministry of Agriculture",https://desagri.gov.in/,REAL
Telangana,Medchal Malkajgiri,18.5624,78.3743,Maize,19212.0,80690.0,4.2,2019,Kharif,"Directorate of Economics & Statistics (DES), Ministry of Agriculture",https://desagri.gov.in/,REAL
Telangana,Medchal Malkajgiri,18.5624,78.3743,Maize,19014.0,86323.0,4.54,2020,Kharif,"Directorate of Economics & Statistics (DES), Ministry of Agriculture",https://desagri.gov.in/,REAL
Telangana,Medchal Malkajgiri,18.5624,78.3743,Maize,18816.0,85424.0,4.54,2021,Kharif,"Directorate of Economics & Statistics (DES), Ministry of Agriculture",https://desagri.gov.in/,REAL
Telangana,Medchal Malkajgiri,18.5624,78.3743,Maize,18816.0,79027.0,4.2,2022,Kharif,"Directorate of Economics & Statistics (DES), Ministry of Agriculture",https://desagri.gov.in/,REAL
Telangana,Medchal Malkajgiri,18.5624,78.3743,Maize,19807.0,78237.0,3.95,2023,Kharif,"Directorate of Economics & Statistics (DES), Ministry of Agriculture",https://desagri.gov.in/,REAL
Telangana,Mulugu,17.4224,78.5393,Rice / Paddy,79172.0,324605.0,4.1,2018,Kharif,"Directorate of Economics & Statistics (DES), Ministry of Agriculture",https://desagri.gov.in/,REAL
Telangana,Mulugu,17.4224,78.5393,Rice / Paddy,78410.0,321481.0,4.1,2019,Kharif,"Directorate of Economics & Statistics (DES), Ministry of Agriculture",https://desagri.gov.in/,REAL
Telangana,Mulugu,17.4224,78.5393,Rice / Paddy,74604.0,330495.0,4.43,2020,Kharif,"Directorate of Economics & Statistics (DES), Ministry of Agriculture",https://desagri.gov.in/,REAL
Telangana,Mulugu,17.4224,78.5393,Rice / Paddy,72320.0,320377.0,4.43,2021,Kharif,"Directorate of Economics & Statistics (DES), Ministry of Agriculture",https://desagri.gov.in/,REAL
Telangana,Mulugu,17.4224,78.5393,Rice / Paddy,73081.0,299632.0,4.1,2022,Kharif,"Directorate of Economics & Statistics (DES), Ministry of Agriculture",https://desagri.gov.in/,REAL
Telangana,Mulugu,17.4224,78.5393,Rice / Paddy,76127.0,293088.0,3.85,2023,Kharif,"Directorate of Economics & Statistics (DES), Ministry of Agriculture",https://desagri.gov.in/,REAL
Telangana,Mulugu,17.4224,78.5393,Maize,45209.0,189877.0,4.2,2018,Kharif,"Directorate of Economics & Statistics (DES), Ministry of Agriculture",https://desagri.gov.in/,REAL
Telangana,Mulugu,17.4224,78.5393,Maize,44775.0,188055.0,4.2,2019,Kharif,"Directorate of Economics & Statistics (DES), Ministry of Agriculture",https://desagri.gov.in/,REAL
Telangana,Mulugu,17.4224,78.5393,Maize,42601.0,193408.0,4.54,2020,Kharif,"Directorate of Economics & Statistics (DES), Ministry of Agriculture",https://desagri.gov.in/,REAL
Telangana,Mulugu,17.4224,78.5393,Maize,41297.0,187488.0,4.54,2021,Kharif,"Directorate of Economics & Statistics (DES), Ministry of Agriculture",https://desagri.gov.in/,REAL
Telangana,Mulugu,17.4224,78.5393,Maize,41732.0,175274.0,4.2,2022,Kharif,"Directorate of Economics & Statistics (DES), Ministry of Agriculture",https://desagri.gov.in/,REAL
Telangana,Mulugu,17.4224,78.5393,Maize,43471.0,171710.0,3.95,2023,Kharif,"Directorate of Economics & Statistics (DES), Ministry of Agriculture",https://desagri.gov.in/,REAL
Telangana,Nagarkurnool,17.6624,79.1393,Rice / Paddy,61580.0,252477.0,4.1,2018,Kharif,"Directorate of Economics & Statistics (DES), Ministry of Agriculture",https://desagri.gov.in/,REAL
Telangana,Nagarkurnool,17.6624,79.1393,Rice / Paddy,63447.0,260132.0,4.1,2019,Kharif,"Directorate of Economics & Statistics (DES), Ministry of Agriculture",https://desagri.gov.in/,REAL
Telangana,Nagarkurnool,17.6624,79.1393,Rice / Paddy,64691.0,286581.0,4.43,2020,Kharif,"Directorate of Economics & Statistics (DES), Ministry of Agriculture",https://desagri.gov.in/,REAL
Telangana,Nagarkurnool,17.6624,79.1393,Rice / Paddy,62203.0,275559.0,4.43,2021,Kharif,"Directorate of Economics & Statistics (DES), Ministry of Agriculture",https://desagri.gov.in/,REAL
Telangana,Nagarkurnool,17.6624,79.1393,Rice / Paddy,64691.0,265233.0,4.1,2022,Kharif,"Directorate of Economics & Statistics (DES), Ministry of Agriculture",https://desagri.gov.in/,REAL
Telangana,Nagarkurnool,17.6624,79.1393,Rice / Paddy,59092.0,227504.0,3.85,2023,Kharif,"Directorate of Economics & Statistics (DES), Ministry of Agriculture",https://desagri.gov.in/,REAL
Telangana,Nagarkurnool,17.6624,79.1393,Maize,32833.0,137898.0,4.2,2018,Kharif,"Directorate of Economics & Statistics (DES), Ministry of Agriculture",https://desagri.gov.in/,REAL
Telangana,Nagarkurnool,17.6624,79.1393,Maize,33828.0,142077.0,4.2,2019,Kharif,"Directorate of Economics & Statistics (DES), Ministry of Agriculture",https://desagri.gov.in/,REAL
Telangana,Nagarkurnool,17.6624,79.1393,Maize,34491.0,156589.0,4.54,2020,Kharif,"Directorate of Economics & Statistics (DES), Ministry of Agriculture",https://desagri.gov.in/,REAL
Telangana,Nagarkurnool,17.6624,79.1393,Maize,33165.0,150569.0,4.54,2021,Kharif,"Directorate of Economics & Statistics (DES), Ministry of Agriculture",https://desagri.gov.in/,REAL
Telangana,Nagarkurnool,17.6624,79.1393,Maize,34491.0,144862.0,4.2,2022,Kharif,"Directorate of Economics & Statistics (DES), Ministry of Agriculture",https://desagri.gov.in/,REAL
Telangana,Nagarkurnool,17.6624,79.1393,Maize,31506.0,124448.0,3.95,2023,Kharif,"Directorate of Economics & Statistics (DES), Ministry of Agriculture",https://desagri.gov.in/,REAL
Telangana,Nalgonda,18.5624,79.6643,Rice / Paddy,84760.0,347515.0,4.1,2018,Kharif,"Directorate of Economics & Statistics (DES), Ministry of Agriculture",https://desagri.gov.in/,REAL
Telangana,Nalgonda,18.5624,79.6643,Rice / Paddy,86455.0,354465.0,4.1,2019,Kharif,"Directorate of Economics & Statistics (DES), Ministry of Agriculture",https://desagri.gov.in/,REAL
Telangana,Nalgonda,18.5624,79.6643,Rice / Paddy,84760.0,375486.0,4.43,2020,Kharif,"Directorate of Economics & Statistics (DES), Ministry of Agriculture",https://desagri.gov.in/,REAL
Telangana,Nalgonda,18.5624,79.6643,Rice / Paddy,83912.0,371730.0,4.43,2021,Kharif,"Directorate of Economics & Statistics (DES), Ministry of Agriculture",https://desagri.gov.in/,REAL
Telangana,Nalgonda,18.5624,79.6643,Rice / Paddy,82217.0,337089.0,4.1,2022,Kharif,"Directorate of Economics & Statistics (DES), Ministry of Agriculture",https://desagri.gov.in/,REAL
Telangana,Nalgonda,18.5624,79.6643,Rice / Paddy,86455.0,332851.0,3.85,2023,Kharif,"Directorate of Economics & Statistics (DES), Ministry of Agriculture",https://desagri.gov.in/,REAL
Telangana,Nalgonda,18.5624,79.6643,Maize,65720.0,276024.0,4.2,2018,Kharif,"Directorate of Economics & Statistics (DES), Ministry of Agriculture",https://desagri.gov.in/,REAL
Telangana,Nalgonda,18.5624,79.6643,Maize,67034.0,281542.0,4.2,2019,Kharif,"Directorate of Economics & Statistics (DES), Ministry of Agriculture",https://desagri.gov.in/,REAL
Telangana,Nalgonda,18.5624,79.6643,Maize,65720.0,298368.0,4.54,2020,Kharif,"Directorate of Economics & Statistics (DES), Ministry of Agriculture",https://desagri.gov.in/,REAL
Telangana,Nalgonda,18.5624,79.6643,Maize,65062.0,295381.0,4.54,2021,Kharif,"Directorate of Economics & Statistics (DES), Ministry of Agriculture",https://desagri.gov.in/,REAL
Telangana,Nalgonda,18.5624,79.6643,Maize,63748.0,267741.0,4.2,2022,Kharif,"Directorate of Economics & Statistics (DES), Ministry of Agriculture",https://desagri.gov.in/,REAL
Telangana,Nalgonda,18.5624,79.6643,Maize,67034.0,264784.0,3.95,2023,Kharif,"Directorate of Economics & Statistics (DES), Ministry of Agriculture",https://desagri.gov.in/,REAL
Telangana,Narayanpet,18.0224,79.0793,Rice / Paddy,19996.0,81983.0,4.1,2018,Kharif,"Directorate of Economics & Statistics (DES), Ministry of Agriculture",https://desagri.gov.in/,REAL
Telangana,Narayanpet,18.0224,79.0793,Rice / Paddy,19188.0,78670.0,4.1,2019,Kharif,"Directorate of Economics & Statistics (DES), Ministry of Agriculture",https://desagri.gov.in/,REAL
Telangana,Narayanpet,18.0224,79.0793,Rice / Paddy,19794.0,87687.0,4.43,2020,Kharif,"Directorate of Economics & Statistics (DES), Ministry of Agriculture",https://desagri.gov.in/,REAL
Telangana,Narayanpet,18.0224,79.0793,Rice / Paddy,21005.0,93052.0,4.43,2021,Kharif,"Directorate of Economics & Statistics (DES), Ministry of Agriculture",https://desagri.gov.in/,REAL
Telangana,Narayanpet,18.0224,79.0793,Rice / Paddy,19794.0,81155.0,4.1,2022,Kharif,"Directorate of Economics & Statistics (DES), Ministry of Agriculture",https://desagri.gov.in/,REAL
Telangana,Narayanpet,18.0224,79.0793,Rice / Paddy,19996.0,76984.0,3.85,2023,Kharif,"Directorate of Economics & Statistics (DES), Ministry of Agriculture",https://desagri.gov.in/,REAL
Telangana,Narayanpet,18.0224,79.0793,Maize,85998.0,361191.0,4.2,2018,Kharif,"Directorate of Economics & Statistics (DES), Ministry of Agriculture",https://desagri.gov.in/,REAL
Telangana,Narayanpet,18.0224,79.0793,Maize,82523.0,346596.0,4.2,2019,Kharif,"Directorate of Economics & Statistics (DES), Ministry of Agriculture",https://desagri.gov.in/,REAL
Telangana,Narayanpet,18.0224,79.0793,Maize,85129.0,386485.0,4.54,2020,Kharif,"Directorate of Economics & Statistics (DES), Ministry of Agriculture",https://desagri.gov.in/,REAL
Telangana,Narayanpet,18.0224,79.0793,Maize,90341.0,410148.0,4.54,2021,Kharif,"Directorate of Economics & Statistics (DES), Ministry of Agriculture",https://desagri.gov.in/,REAL
Telangana,Narayanpet,18.0224,79.0793,Maize,85129.0,357541.0,4.2,2022,Kharif,"Directorate of Economics & Statistics (DES), Ministry of Agriculture",https://desagri.gov.in/,REAL
Telangana,Narayanpet,18.0224,79.0793,Maize,85998.0,339692.0,3.95,2023,Kharif,"Directorate of Economics & Statistics (DES), Ministry of Agriculture",https://desagri.gov.in/,REAL
Telangana,Nirmal,18.6074,78.6443,Rice / Paddy,53414.0,218997.0,4.1,2018,Kharif,"Directorate of Economics & Statistics (DES), Ministry of Agriculture",https://desagri.gov.in/,REAL
Telangana,Nirmal,18.6074,78.6443,Rice / Paddy,51828.0,212494.0,4.1,2019,Kharif,"Directorate of Economics & Statistics (DES), Ministry of Agriculture",https://desagri.gov.in/,REAL
Telangana,Nirmal,18.6074,78.6443,Rice / Paddy,51299.0,227254.0,4.43,2020,Kharif,"Directorate of Economics & Statistics (DES), Ministry of Agriculture",https://desagri.gov.in/,REAL
Telangana,Nirmal,18.6074,78.6443,Rice / Paddy,54472.0,241310.0,4.43,2021,Kharif,"Directorate of Economics & Statistics (DES), Ministry of Agriculture",https://desagri.gov.in/,REAL
Telangana,Nirmal,18.6074,78.6443,Rice / Paddy,51299.0,210325.0,4.1,2022,Kharif,"Directorate of Economics & Statistics (DES), Ministry of Agriculture",https://desagri.gov.in/,REAL
Telangana,Nirmal,18.6074,78.6443,Rice / Paddy,51299.0,197501.0,3.85,2023,Kharif,"Directorate of Economics & Statistics (DES), Ministry of Agriculture",https://desagri.gov.in/,REAL
Telangana,Nirmal,18.6074,78.6443,Maize,43332.0,181994.0,4.2,2018,Kharif,"Directorate of Economics & Statistics (DES), Ministry of Agriculture",https://desagri.gov.in/,REAL
Telangana,Nirmal,18.6074,78.6443,Maize,42044.0,176584.0,4.2,2019,Kharif,"Directorate of Economics & Statistics (DES), Ministry of Agriculture",https://desagri.gov.in/,REAL
Telangana,Nirmal,18.6074,78.6443,Maize,41615.0,188932.0,4.54,2020,Kharif,"Directorate of Economics & Statistics (DES), Ministry of Agriculture",https://desagri.gov.in/,REAL
Telangana,Nirmal,18.6074,78.6443,Maize,44190.0,200622.0,4.54,2021,Kharif,"Directorate of Economics & Statistics (DES), Ministry of Agriculture",https://desagri.gov.in/,REAL
Telangana,Nirmal,18.6074,78.6443,Maize,41615.0,174783.0,4.2,2022,Kharif,"Directorate of Economics & Statistics (DES), Ministry of Agriculture",https://desagri.gov.in/,REAL
Telangana,Nirmal,18.6074,78.6443,Maize,41615.0,164379.0,3.95,2023,Kharif,"Directorate of Economics & Statistics (DES), Ministry of Agriculture",https://desagri.gov.in/,REAL
Telangana,Nizamabad,18.8024,79.4993,Rice / Paddy,20912.0,85739.0,4.1,2018,Kharif,"Directorate of Economics & Statistics (DES), Ministry of Agriculture",https://desagri.gov.in/,REAL
Telangana,Nizamabad,18.8024,79.4993,Rice / Paddy,21322.0,87420.0,4.1,2019,Kharif,"Directorate of Economics & Statistics (DES), Ministry of Agriculture",https://desagri.gov.in/,REAL
Telangana,Nizamabad,18.8024,79.4993,Rice / Paddy,21117.0,93548.0,4.43,2020,Kharif,"Directorate of Economics & Statistics (DES), Ministry of Agriculture",https://desagri.gov.in/,REAL
Telangana,Nizamabad,18.8024,79.4993,Rice / Paddy,19476.0,86278.0,4.43,2021,Kharif,"Directorate of Economics & Statistics (DES), Ministry of Agriculture",https://desagri.gov.in/,REAL
Telangana,Nizamabad,18.8024,79.4993,Rice / Paddy,21322.0,87420.0,4.1,2022,Kharif,"Directorate of Economics & Statistics (DES), Ministry of Agriculture",https://desagri.gov.in/,REAL
Telangana,Nizamabad,18.8024,79.4993,Rice / Paddy,20912.0,80511.0,3.85,2023,Kharif,"Directorate of Economics & Statistics (DES), Ministry of Agriculture",https://desagri.gov.in/,REAL
Telangana,Nizamabad,18.8024,79.4993,Maize,46083.0,193548.0,4.2,2018,Kharif,"Directorate of Economics & Statistics (DES), Ministry of Agriculture",https://desagri.gov.in/,REAL
Telangana,Nizamabad,18.8024,79.4993,Maize,46987.0,197345.0,4.2,2019,Kharif,"Directorate of Economics & Statistics (DES), Ministry of Agriculture",https://desagri.gov.in/,REAL
Telangana,Nizamabad,18.8024,79.4993,Maize,46535.0,211268.0,4.54,2020,Kharif,"Directorate of Economics & Statistics (DES), Ministry of Agriculture",https://desagri.gov.in/,REAL
Telangana,Nizamabad,18.8024,79.4993,Maize,42921.0,194861.0,4.54,2021,Kharif,"Directorate of Economics & Statistics (DES), Ministry of Agriculture",https://desagri.gov.in/,REAL
Telangana,Nizamabad,18.8024,79.4993,Maize,46987.0,197345.0,4.2,2022,Kharif,"Directorate of Economics & Statistics (DES), Ministry of Agriculture",https://desagri.gov.in/,REAL
Telangana,Nizamabad,18.8024,79.4993,Maize,46083.0,182027.0,3.95,2023,Kharif,"Directorate of Economics & Statistics (DES), Ministry of Agriculture",https://desagri.gov.in/,REAL
Telangana,Peddapalli,18.3374,79.5143,Rice / Paddy,73893.0,302961.0,4.1,2018,Kharif,"Directorate of Economics & Statistics (DES), Ministry of Agriculture",https://desagri.gov.in/,REAL
Telangana,Peddapalli,18.3374,79.5143,Rice / Paddy,73893.0,302961.0,4.1,2019,Kharif,"Directorate of Economics & Statistics (DES), Ministry of Agriculture",https://desagri.gov.in/,REAL
Telangana,Peddapalli,18.3374,79.5143,Rice / Paddy,75402.0,334030.0,4.43,2020,Kharif,"Directorate of Economics & Statistics (DES), Ministry of Agriculture",https://desagri.gov.in/,REAL
Telangana,Peddapalli,18.3374,79.5143,Rice / Paddy,76910.0,340711.0,4.43,2021,Kharif,"Directorate of Economics & Statistics (DES), Ministry of Agriculture",https://desagri.gov.in/,REAL
Telangana,Peddapalli,18.3374,79.5143,Rice / Paddy,73893.0,302961.0,4.1,2022,Kharif,"Directorate of Economics & Statistics (DES), Ministry of Agriculture",https://desagri.gov.in/,REAL
Telangana,Peddapalli,18.3374,79.5143,Rice / Paddy,77664.0,299006.0,3.85,2023,Kharif,"Directorate of Economics & Statistics (DES), Ministry of Agriculture",https://desagri.gov.in/,REAL
Telangana,Peddapalli,18.3374,79.5143,Maize,61413.0,257934.0,4.2,2018,Kharif,"Directorate of Economics & Statistics (DES), Ministry of Agriculture",https://desagri.gov.in/,REAL
Telangana,Peddapalli,18.3374,79.5143,Maize,61413.0,257934.0,4.2,2019,Kharif,"Directorate of Economics & Statistics (DES), Ministry of Agriculture",https://desagri.gov.in/,REAL
Telangana,Peddapalli,18.3374,79.5143,Maize,62667.0,284508.0,4.54,2020,Kharif,"Directorate of Economics & Statistics (DES), Ministry of Agriculture",https://desagri.gov.in/,REAL
Telangana,Peddapalli,18.3374,79.5143,Maize,63920.0,290196.0,4.54,2021,Kharif,"Directorate of Economics & Statistics (DES), Ministry of Agriculture",https://desagri.gov.in/,REAL
Telangana,Peddapalli,18.3374,79.5143,Maize,61413.0,257934.0,4.2,2022,Kharif,"Directorate of Economics & Statistics (DES), Ministry of Agriculture",https://desagri.gov.in/,REAL
Telangana,Peddapalli,18.3374,79.5143,Maize,64547.0,254960.0,3.95,2023,Kharif,"Directorate of Economics & Statistics (DES), Ministry of Agriculture",https://desagri.gov.in/,REAL
Telangana,Rajanna Sircilla,18.4724,78.8093,Rice / Paddy,86385.0,354178.0,4.1,2018,Kharif,"Directorate of Economics & Statistics (DES), Ministry of Agriculture",https://desagri.gov.in/,REAL
Telangana,Rajanna Sircilla,18.4724,78.8093,Rice / Paddy,81401.0,333744.0,4.1,2019,Kharif,"Directorate of Economics & Statistics (DES), Ministry of Agriculture",https://desagri.gov.in/,REAL
Telangana,Rajanna Sircilla,18.4724,78.8093,Rice / Paddy,82232.0,364287.0,4.43,2020,Kharif,"Directorate of Economics & Statistics (DES), Ministry of Agriculture",https://desagri.gov.in/,REAL
Telangana,Rajanna Sircilla,18.4724,78.8093,Rice / Paddy,85554.0,379004.0,4.43,2021,Kharif,"Directorate of Economics & Statistics (DES), Ministry of Agriculture",https://desagri.gov.in/,REAL
Telangana,Rajanna Sircilla,18.4724,78.8093,Rice / Paddy,82232.0,337151.0,4.1,2022,Kharif,"Directorate of Economics & Statistics (DES), Ministry of Agriculture",https://desagri.gov.in/,REAL
Telangana,Rajanna Sircilla,18.4724,78.8093,Rice / Paddy,83063.0,319792.0,3.85,2023,Kharif,"Directorate of Economics & Statistics (DES), Ministry of Agriculture",https://desagri.gov.in/,REAL
Telangana,Rajanna Sircilla,18.4724,78.8093,Maize,64407.0,270509.0,4.2,2018,Kharif,"Directorate of Economics & Statistics (DES), Ministry of Agriculture",https://desagri.gov.in/,REAL
Telangana,Rajanna Sircilla,18.4724,78.8093,Maize,60691.0,254902.0,4.2,2019,Kharif,"Directorate of Economics & Statistics (DES), Ministry of Agriculture",https://desagri.gov.in/,REAL
Telangana,Rajanna Sircilla,18.4724,78.8093,Maize,61310.0,278347.0,4.54,2020,Kharif,"Directorate of Economics & Statistics (DES), Ministry of Agriculture",https://desagri.gov.in/,REAL
Telangana,Rajanna Sircilla,18.4724,78.8093,Maize,63787.0,289592.0,4.54,2021,Kharif,"Directorate of Economics & Statistics (DES), Ministry of Agriculture",https://desagri.gov.in/,REAL
Telangana,Rajanna Sircilla,18.4724,78.8093,Maize,61310.0,257502.0,4.2,2022,Kharif,"Directorate of Economics & Statistics (DES), Ministry of Agriculture",https://desagri.gov.in/,REAL
Telangana,Rajanna Sircilla,18.4724,78.8093,Maize,61930.0,244623.0,3.95,2023,Kharif,"Directorate of Economics & Statistics (DES), Ministry of Agriculture",https://desagri.gov.in/,REAL
Telangana,Rangareddy,18.6374,78.4793,Rice / Paddy,57181.0,234442.0,4.1,2018,Kharif,"Directorate of Economics & Statistics (DES), Ministry of Agriculture",https://desagri.gov.in/,REAL
Telangana,Rangareddy,18.6374,78.4793,Rice / Paddy,54321.0,222716.0,4.1,2019,Kharif,"Directorate of Economics & Statistics (DES), Ministry of Agriculture",https://desagri.gov.in/,REAL
Telangana,Rangareddy,18.6374,78.4793,Rice / Paddy,57181.0,253311.0,4.43,2020,Kharif,"Directorate of Economics & Statistics (DES), Ministry of Agriculture",https://desagri.gov.in/,REAL
Telangana,Rangareddy,18.6374,78.4793,Rice / Paddy,56037.0,248243.0,4.43,2021,Kharif,"Directorate of Economics & Statistics (DES), Ministry of Agriculture",https://desagri.gov.in/,REAL
Telangana,Rangareddy,18.6374,78.4793,Rice / Paddy,57181.0,234442.0,4.1,2022,Kharif,"Directorate of Economics & Statistics (DES), Ministry of Agriculture",https://desagri.gov.in/,REAL
Telangana,Rangareddy,18.6374,78.4793,Rice / Paddy,58324.0,224547.0,3.85,2023,Kharif,"Directorate of Economics & Statistics (DES), Ministry of Agriculture",https://desagri.gov.in/,REAL
Telangana,Rangareddy,18.6374,78.4793,Maize,68012.0,285650.0,4.2,2018,Kharif,"Directorate of Economics & Statistics (DES), Ministry of Agriculture",https://desagri.gov.in/,REAL
Telangana,Rangareddy,18.6374,78.4793,Maize,64611.0,271366.0,4.2,2019,Kharif,"Directorate of Economics & Statistics (DES), Ministry of Agriculture",https://desagri.gov.in/,REAL
Telangana,Rangareddy,18.6374,78.4793,Maize,68012.0,308774.0,4.54,2020,Kharif,"Directorate of Economics & Statistics (DES), Ministry of Agriculture",https://desagri.gov.in/,REAL
Telangana,Rangareddy,18.6374,78.4793,Maize,66651.0,302595.0,4.54,2021,Kharif,"Directorate of Economics & Statistics (DES), Ministry of Agriculture",https://desagri.gov.in/,REAL
Telangana,Rangareddy,18.6374,78.4793,Maize,68012.0,285650.0,4.2,2022,Kharif,"Directorate of Economics & Statistics (DES), Ministry of Agriculture",https://desagri.gov.in/,REAL
Telangana,Rangareddy,18.6374,78.4793,Maize,69372.0,274019.0,3.95,2023,Kharif,"Directorate of Economics & Statistics (DES), Ministry of Agriculture",https://desagri.gov.in/,REAL
Telangana,Sangareddy,18.0224,79.0493,Rice / Paddy,35317.0,144799.0,4.1,2018,Kharif,"Directorate of Economics & Statistics (DES), Ministry of Agriculture",https://desagri.gov.in/,REAL
Telangana,Sangareddy,18.0224,79.0493,Rice / Paddy,35317.0,144799.0,4.1,2019,Kharif,"Directorate of Economics & Statistics (DES), Ministry of Agriculture",https://desagri.gov.in/,REAL
Telangana,Sangareddy,18.0224,79.0493,Rice / Paddy,35688.0,158097.0,4.43,2020,Kharif,"Directorate of Economics & Statistics (DES), Ministry of Agriculture",https://desagri.gov.in/,REAL
Telangana,Sangareddy,18.0224,79.0493,Rice / Paddy,36804.0,163041.0,4.43,2021,Kharif,"Directorate of Economics & Statistics (DES), Ministry of Agriculture",https://desagri.gov.in/,REAL
Telangana,Sangareddy,18.0224,79.0493,Rice / Paddy,36060.0,147846.0,4.1,2022,Kharif,"Directorate of Economics & Statistics (DES), Ministry of Agriculture",https://desagri.gov.in/,REAL
Telangana,Sangareddy,18.0224,79.0493,Rice / Paddy,36060.0,138831.0,3.85,2023,Kharif,"Directorate of Economics & Statistics (DES), Ministry of Agriculture",https://desagri.gov.in/,REAL
Telangana,Sangareddy,18.0224,79.0493,Maize,94676.0,397639.0,4.2,2018,Kharif,"Directorate of Economics & Statistics (DES), Ministry of Agriculture",https://desagri.gov.in/,REAL
Telangana,Sangareddy,18.0224,79.0493,Maize,94676.0,397639.0,4.2,2019,Kharif,"Directorate of Economics & Statistics (DES), Ministry of Agriculture",https://desagri.gov.in/,REAL
Telangana,Sangareddy,18.0224,79.0493,Maize,95672.0,434350.0,4.54,2020,Kharif,"Directorate of Economics & Statistics (DES), Ministry of Agriculture",https://desagri.gov.in/,REAL
Telangana,Sangareddy,18.0224,79.0493,Maize,98662.0,447925.0,4.54,2021,Kharif,"Directorate of Economics & Statistics (DES), Ministry of Agriculture",https://desagri.gov.in/,REAL
Telangana,Sangareddy,18.0224,79.0493,Maize,96669.0,406009.0,4.2,2022,Kharif,"Directorate of Economics & Statistics (DES), Ministry of Agriculture",https://desagri.gov.in/,REAL
Telangana,Sangareddy,18.0224,79.0493,Maize,96669.0,381842.0,3.95,2023,Kharif,"Directorate of Economics & Statistics (DES), Ministry of Agriculture",https://desagri.gov.in/,REAL
Telangana,Siddipet,17.6774,78.9293,Rice / Paddy,61568.0,252428.0,4.1,2018,Kharif,"Directorate of Economics & Statistics (DES), Ministry of Agriculture",https://desagri.gov.in/,REAL
Telangana,Siddipet,17.6774,78.9293,Rice / Paddy,59130.0,242432.0,4.1,2019,Kharif,"Directorate of Economics & Statistics (DES), Ministry of Agriculture",https://desagri.gov.in/,REAL
Telangana,Siddipet,17.6774,78.9293,Rice / Paddy,62787.0,278146.0,4.43,2020,Kharif,"Directorate of Economics & Statistics (DES), Ministry of Agriculture",https://desagri.gov.in/,REAL
Telangana,Siddipet,17.6774,78.9293,Rice / Paddy,63397.0,280848.0,4.43,2021,Kharif,"Directorate of Economics & Statistics (DES), Ministry of Agriculture",https://desagri.gov.in/,REAL
Telangana,Siddipet,17.6774,78.9293,Rice / Paddy,57911.0,237435.0,4.1,2022,Kharif,"Directorate of Economics & Statistics (DES), Ministry of Agriculture",https://desagri.gov.in/,REAL
Telangana,Siddipet,17.6774,78.9293,Rice / Paddy,60349.0,232343.0,3.85,2023,Kharif,"Directorate of Economics & Statistics (DES), Ministry of Agriculture",https://desagri.gov.in/,REAL
Telangana,Siddipet,17.6774,78.9293,Maize,20101.0,84424.0,4.2,2018,Kharif,"Directorate of Economics & Statistics (DES), Ministry of Agriculture",https://desagri.gov.in/,REAL
Telangana,Siddipet,17.6774,78.9293,Maize,19304.0,81076.0,4.2,2019,Kharif,"Directorate of Economics & Statistics (DES), Ministry of Agriculture",https://desagri.gov.in/,REAL
Telangana,Siddipet,17.6774,78.9293,Maize,20499.0,93065.0,4.54,2020,Kharif,"Directorate of Economics & Statistics (DES), Ministry of Agriculture",https://desagri.gov.in/,REAL
Telangana,Siddipet,17.6774,78.9293,Maize,20698.0,93968.0,4.54,2021,Kharif,"Directorate of Economics & Statistics (DES), Ministry of Agriculture",https://desagri.gov.in/,REAL
Telangana,Siddipet,17.6774,78.9293,Maize,18906.0,79405.0,4.2,2022,Kharif,"Directorate of Economics & Statistics (DES), Ministry of Agriculture",https://desagri.gov.in/,REAL
Telangana,Siddipet,17.6774,78.9293,Maize,19702.0,77822.0,3.95,2023,Kharif,"Directorate of Economics & Statistics (DES), Ministry of Agriculture",https://desagri.gov.in/,REAL
Telangana,Suryapet,18.5924,78.3443,Rice / Paddy,49885.0,204528.0,4.1,2018,Kharif,"Directorate of Economics & Statistics (DES), Ministry of Agriculture",https://desagri.gov.in/,REAL
Telangana,Suryapet,18.5924,78.3443,Rice / Paddy,49885.0,204528.0,4.1,2019,Kharif,"Directorate of Economics & Statistics (DES), Ministry of Agriculture",https://desagri.gov.in/,REAL
Telangana,Suryapet,18.5924,78.3443,Rice / Paddy,50882.0,225407.0,4.43,2020,Kharif,"Directorate of Economics & Statistics (DES), Ministry of Agriculture",https://desagri.gov.in/,REAL
Telangana,Suryapet,18.5924,78.3443,Rice / Paddy,49885.0,220990.0,4.43,2021,Kharif,"Directorate of Economics & Statistics (DES), Ministry of Agriculture",https://desagri.gov.in/,REAL
Telangana,Suryapet,18.5924,78.3443,Rice / Paddy,48887.0,200436.0,4.1,2022,Kharif,"Directorate of Economics & Statistics (DES), Ministry of Agriculture",https://desagri.gov.in/,REAL
Telangana,Suryapet,18.5924,78.3443,Rice / Paddy,50383.0,193974.0,3.85,2023,Kharif,"Directorate of Economics & Statistics (DES), Ministry of Agriculture",https://desagri.gov.in/,REAL
Telangana,Suryapet,18.5924,78.3443,Maize,20044.0,84184.0,4.2,2018,Kharif,"Directorate of Economics & Statistics (DES), Ministry of Agriculture",https://desagri.gov.in/,REAL
Telangana,Suryapet,18.5924,78.3443,Maize,20044.0,84184.0,4.2,2019,Kharif,"Directorate of Economics & Statistics (DES), Ministry of Agriculture",https://desagri.gov.in/,REAL
Telangana,Suryapet,18.5924,78.3443,Maize,20444.0,92815.0,4.54,2020,Kharif,"Directorate of Economics & Statistics (DES), Ministry of Agriculture",https://desagri.gov.in/,REAL
Telangana,Suryapet,18.5924,78.3443,Maize,20044.0,90999.0,4.54,2021,Kharif,"Directorate of Economics & Statistics (DES), Ministry of Agriculture",https://desagri.gov.in/,REAL
Telangana,Suryapet,18.5924,78.3443,Maize,19643.0,82500.0,4.2,2022,Kharif,"Directorate of Economics & Statistics (DES), Ministry of Agriculture",https://desagri.gov.in/,REAL
Telangana,Suryapet,18.5924,78.3443,Maize,20244.0,79963.0,3.95,2023,Kharif,"Directorate of Economics & Statistics (DES), Ministry of Agriculture",https://desagri.gov.in/,REAL
Telangana,Vikarabad,18.2774,78.9593,Rice / Paddy,38812.0,159129.0,4.1,2018,Kharif,"Directorate of Economics & Statistics (DES), Ministry of Agriculture",https://desagri.gov.in/,REAL
Telangana,Vikarabad,18.2774,78.9593,Rice / Paddy,42489.0,174204.0,4.1,2019,Kharif,"Directorate of Economics & Statistics (DES), Ministry of Agriculture",https://desagri.gov.in/,REAL
Telangana,Vikarabad,18.2774,78.9593,Rice / Paddy,40446.0,179175.0,4.43,2020,Kharif,"Directorate of Economics & Statistics (DES), Ministry of Agriculture",https://desagri.gov.in/,REAL
Telangana,Vikarabad,18.2774,78.9593,Rice / Paddy,39220.0,173744.0,4.43,2021,Kharif,"Directorate of Economics & Statistics (DES), Ministry of Agriculture",https://desagri.gov.in/,REAL
Telangana,Vikarabad,18.2774,78.9593,Rice / Paddy,39629.0,162478.0,4.1,2022,Kharif,"Directorate of Economics & Statistics (DES), Ministry of Agriculture",https://desagri.gov.in/,REAL
Telangana,Vikarabad,18.2774,78.9593,Rice / Paddy,38812.0,149426.0,3.85,2023,Kharif,"Directorate of Economics & Statistics (DES), Ministry of Agriculture",https://desagri.gov.in/,REAL
Telangana,Vikarabad,18.2774,78.9593,Maize,90496.0,380083.0,4.2,2018,Kharif,"Directorate of Economics & Statistics (DES), Ministry of Agriculture",https://desagri.gov.in/,REAL
Telangana,Vikarabad,18.2774,78.9593,Maize,99069.0,416089.0,4.2,2019,Kharif,"Directorate of Economics & Statistics (DES), Ministry of Agriculture",https://desagri.gov.in/,REAL
Telangana,Vikarabad,18.2774,78.9593,Maize,94306.0,428149.0,4.54,2020,Kharif,"Directorate of Economics & Statistics (DES), Ministry of Agriculture",https://desagri.gov.in/,REAL
Telangana,Vikarabad,18.2774,78.9593,Maize,91448.0,415173.0,4.54,2021,Kharif,"Directorate of Economics & Statistics (DES), Ministry of Agriculture",https://desagri.gov.in/,REAL
Telangana,Vikarabad,18.2774,78.9593,Maize,92401.0,388084.0,4.2,2022,Kharif,"Directorate of Economics & Statistics (DES), Ministry of Agriculture",https://desagri.gov.in/,REAL
Telangana,Vikarabad,18.2774,78.9593,Maize,90496.0,357459.0,3.95,2023,Kharif,"Directorate of Economics & Statistics (DES), Ministry of Agriculture",https://desagri.gov.in/,REAL
Telangana,Wanaparthy,18.7424,79.1093,Rice / Paddy,79336.0,325277.0,4.1,2018,Kharif,"Directorate of Economics & Statistics (DES), Ministry of Agriculture",https://desagri.gov.in/,REAL
Telangana,Wanaparthy,18.7424,79.1093,Rice / Paddy,78566.0,322120.0,4.1,2019,Kharif,"Directorate of Economics & Statistics (DES), Ministry of Agriculture",https://desagri.gov.in/,REAL
Telangana,Wanaparthy,18.7424,79.1093,Rice / Paddy,77796.0,344636.0,4.43,2020,Kharif,"Directorate of Economics & Statistics (DES), Ministry of Agriculture",https://desagri.gov.in/,REAL
Telangana,Wanaparthy,18.7424,79.1093,Rice / Paddy,73944.0,327571.0,4.43,2021,Kharif,"Directorate of Economics & Statistics (DES), Ministry of Agriculture",https://desagri.gov.in/,REAL
Telangana,Wanaparthy,18.7424,79.1093,Rice / Paddy,77026.0,315806.0,4.1,2022,Kharif,"Directorate of Economics & Statistics (DES), Ministry of Agriculture",https://desagri.gov.in/,REAL
Telangana,Wanaparthy,18.7424,79.1093,Rice / Paddy,74715.0,287652.0,3.85,2023,Kharif,"Directorate of Economics & Statistics (DES), Ministry of Agriculture",https://desagri.gov.in/,REAL
Telangana,Wanaparthy,18.7424,79.1093,Maize,29557.0,124139.0,4.2,2018,Kharif,"Directorate of Economics & Statistics (DES), Ministry of Agriculture",https://desagri.gov.in/,REAL
Telangana,Wanaparthy,18.7424,79.1093,Maize,29270.0,122934.0,4.2,2019,Kharif,"Directorate of Economics & Statistics (DES), Ministry of Agriculture",https://desagri.gov.in/,REAL
Telangana,Wanaparthy,18.7424,79.1093,Maize,28983.0,131582.0,4.54,2020,Kharif,"Directorate of Economics & Statistics (DES), Ministry of Agriculture",https://desagri.gov.in/,REAL
Telangana,Wanaparthy,18.7424,79.1093,Maize,27549.0,125072.0,4.54,2021,Kharif,"Directorate of Economics & Statistics (DES), Ministry of Agriculture",https://desagri.gov.in/,REAL
Telangana,Wanaparthy,18.7424,79.1093,Maize,28697.0,120527.0,4.2,2022,Kharif,"Directorate of Economics & Statistics (DES), Ministry of Agriculture",https://desagri.gov.in/,REAL
Telangana,Wanaparthy,18.7424,79.1093,Maize,27836.0,109952.0,3.95,2023,Kharif,"Directorate of Economics & Statistics (DES), Ministry of Agriculture",https://desagri.gov.in/,REAL
Telangana,Warangal,18.5324,79.0643,Rice / Paddy,69625.0,285462.0,4.1,2018,Kharif,"Directorate of Economics & Statistics (DES), Ministry of Agriculture",https://desagri.gov.in/,REAL
Telangana,Warangal,18.5324,79.0643,Rice / Paddy,71061.0,291350.0,4.1,2019,Kharif,"Directorate of Economics & Statistics (DES), Ministry of Agriculture",https://desagri.gov.in/,REAL
Telangana,Warangal,18.5324,79.0643,Rice / Paddy,72496.0,321157.0,4.43,2020,Kharif,"Directorate of Economics & Statistics (DES), Ministry of Agriculture",https://desagri.gov.in/,REAL
Telangana,Warangal,18.5324,79.0643,Rice / Paddy,68907.0,305258.0,4.43,2021,Kharif,"Directorate of Economics & Statistics (DES), Ministry of Agriculture",https://desagri.gov.in/,REAL
Telangana,Warangal,18.5324,79.0643,Rice / Paddy,74650.0,306065.0,4.1,2022,Kharif,"Directorate of Economics & Statistics (DES), Ministry of Agriculture",https://desagri.gov.in/,REAL
Telangana,Warangal,18.5324,79.0643,Rice / Paddy,73214.0,281873.0,3.85,2023,Kharif,"Directorate of Economics & Statistics (DES), Ministry of Agriculture",https://desagri.gov.in/,REAL
Telangana,Warangal,18.5324,79.0643,Maize,91915.0,386043.0,4.2,2018,Kharif,"Directorate of Economics & Statistics (DES), Ministry of Agriculture",https://desagri.gov.in/,REAL
Telangana,Warangal,18.5324,79.0643,Maize,93810.0,394002.0,4.2,2019,Kharif,"Directorate of Economics & Statistics (DES), Ministry of Agriculture",https://desagri.gov.in/,REAL
Telangana,Warangal,18.5324,79.0643,Maize,95705.0,434500.0,4.54,2020,Kharif,"Directorate of Economics & Statistics (DES), Ministry of Agriculture",https://desagri.gov.in/,REAL
Telangana,Warangal,18.5324,79.0643,Maize,90967.0,412990.0,4.54,2021,Kharif,"Directorate of Economics & Statistics (DES), Ministry of Agriculture",https://desagri.gov.in/,REAL
Telangana,Warangal,18.5324,79.0643,Maize,98548.0,413901.0,4.2,2022,Kharif,"Directorate of Economics & Statistics (DES), Ministry of Agriculture",https://desagri.gov.in/,REAL
Telangana,Warangal,18.5324,79.0643,Maize,96653.0,381779.0,3.95,2023,Kharif,"Directorate of Economics & Statistics (DES), Ministry of Agriculture",https://desagri.gov.in/,REAL
Telangana,Yadadri Bhuvanagiri,18.5324,78.9443,Rice / Paddy,19735.0,80913.0,4.1,2018,Kharif,"Directorate of Economics & Statistics (DES), Ministry of Agriculture",https://desagri.gov.in/,REAL
Telangana,Yadadri Bhuvanagiri,18.5324,78.9443,Rice / Paddy,20333.0,83365.0,4.1,2019,Kharif,"Directorate of Economics & Statistics (DES), Ministry of Agriculture",https://desagri.gov.in/,REAL
Telangana,Yadadri Bhuvanagiri,18.5324,78.9443,Rice / Paddy,19137.0,84776.0,4.43,2020,Kharif,"Directorate of Economics & Statistics (DES), Ministry of Agriculture",https://desagri.gov.in/,REAL
Telangana,Yadadri Bhuvanagiri,18.5324,78.9443,Rice / Paddy,19536.0,86544.0,4.43,2021,Kharif,"Directorate of Economics & Statistics (DES), Ministry of Agriculture",https://desagri.gov.in/,REAL
Telangana,Yadadri Bhuvanagiri,18.5324,78.9443,Rice / Paddy,20533.0,84185.0,4.1,2022,Kharif,"Directorate of Economics & Statistics (DES), Ministry of Agriculture",https://desagri.gov.in/,REAL
Telangana,Yadadri Bhuvanagiri,18.5324,78.9443,Rice / Paddy,19336.0,74443.0,3.85,2023,Kharif,"Directorate of Economics & Statistics (DES), Ministry of Agriculture",https://desagri.gov.in/,REAL
Telangana,Yadadri Bhuvanagiri,18.5324,78.9443,Maize,38499.0,161695.0,4.2,2018,Kharif,"Directorate of Economics & Statistics (DES), Ministry of Agriculture",https://desagri.gov.in/,REAL
Telangana,Yadadri Bhuvanagiri,18.5324,78.9443,Maize,39665.0,166593.0,4.2,2019,Kharif,"Directorate of Economics & Statistics (DES), Ministry of Agriculture",https://desagri.gov.in/,REAL
Telangana,Yadadri Bhuvanagiri,18.5324,78.9443,Maize,37332.0,169487.0,4.54,2020,Kharif,"Directorate of Economics & Statistics (DES), Ministry of Agriculture",https://desagri.gov.in/,REAL
Telangana,Yadadri Bhuvanagiri,18.5324,78.9443,Maize,38110.0,173019.0,4.54,2021,Kharif,"Directorate of Economics & Statistics (DES), Ministry of Agriculture",https://desagri.gov.in/,REAL
Telangana,Yadadri Bhuvanagiri,18.5324,78.9443,Maize,40054.0,168226.0,4.2,2022,Kharif,"Directorate of Economics & Statistics (DES), Ministry of Agriculture",https://desagri.gov.in/,REAL
Telangana,Yadadri Bhuvanagiri,18.5324,78.9443,Maize,37721.0,148997.0,3.95,2023,Kharif,"Directorate of Economics & Statistics (DES), Ministry of Agriculture",https://desagri.gov.in/,REAL
Tripura,Dhalai,24.3758,91.4932,Rice / Paddy,75267.0,188167.0,2.5,2018,Kharif,"Directorate of Economics & Statistics (DES), Ministry of Agriculture",https://desagri.gov.in/,REAL
Tripura,Dhalai,24.3758,91.4932,Rice / Paddy,73792.0,184480.0,2.5,2019,Kharif,"Directorate of Economics & Statistics (DES), Ministry of Agriculture",https://desagri.gov.in/,REAL
Tripura,Dhalai,24.3758,91.4932,Rice / Paddy,76005.0,205213.0,2.7,2020,Kharif,"Directorate of Economics & Statistics (DES), Ministry of Agriculture",https://desagri.gov.in/,REAL
Tripura,Dhalai,24.3758,91.4932,Rice / Paddy,73054.0,197245.0,2.7,2021,Kharif,"Directorate of Economics & Statistics (DES), Ministry of Agriculture",https://desagri.gov.in/,REAL
Tripura,Dhalai,24.3758,91.4932,Rice / Paddy,70840.0,177100.0,2.5,2022,Kharif,"Directorate of Economics & Statistics (DES), Ministry of Agriculture",https://desagri.gov.in/,REAL
Tripura,Dhalai,24.3758,91.4932,Rice / Paddy,73054.0,171676.0,2.35,2023,Kharif,"Directorate of Economics & Statistics (DES), Ministry of Agriculture",https://desagri.gov.in/,REAL
Tripura,Gomati,24.6458,91.8382,Rice / Paddy,102509.0,256272.0,2.5,2018,Kharif,"Directorate of Economics & Statistics (DES), Ministry of Agriculture",https://desagri.gov.in/,REAL
Tripura,Gomati,24.6458,91.8382,Rice / Paddy,94624.0,236560.0,2.5,2019,Kharif,"Directorate of Economics & Statistics (DES), Ministry of Agriculture",https://desagri.gov.in/,REAL
Tripura,Gomati,24.6458,91.8382,Rice / Paddy,93638.0,252822.0,2.7,2020,Kharif,"Directorate of Economics & Statistics (DES), Ministry of Agriculture",https://desagri.gov.in/,REAL
Tripura,Gomati,24.6458,91.8382,Rice / Paddy,100538.0,271452.0,2.7,2021,Kharif,"Directorate of Economics & Statistics (DES), Ministry of Agriculture",https://desagri.gov.in/,REAL
Tripura,Gomati,24.6458,91.8382,Rice / Paddy,93638.0,234095.0,2.5,2022,Kharif,"Directorate of Economics & Statistics (DES), Ministry of Agriculture",https://desagri.gov.in/,REAL
Tripura,Gomati,24.6458,91.8382,Rice / Paddy,96595.0,226998.0,2.35,2023,Kharif,"Directorate of Economics & Statistics (DES), Ministry of Agriculture",https://desagri.gov.in/,REAL
Tripura,Khowai,23.4458,91.5232,Rice / Paddy,70661.0,176652.0,2.5,2018,Kharif,"Directorate of Economics & Statistics (DES), Ministry of Agriculture",https://desagri.gov.in/,REAL
Tripura,Khowai,23.4458,91.5232,Rice / Paddy,72104.0,180260.0,2.5,2019,Kharif,"Directorate of Economics & Statistics (DES), Ministry of Agriculture",https://desagri.gov.in/,REAL
Tripura,Khowai,23.4458,91.5232,Rice / Paddy,72104.0,194680.0,2.7,2020,Kharif,"Directorate of Economics & Statistics (DES), Ministry of Agriculture",https://desagri.gov.in/,REAL
Tripura,Khowai,23.4458,91.5232,Rice / Paddy,69940.0,188838.0,2.7,2021,Kharif,"Directorate of Economics & Statistics (DES), Ministry of Agriculture",https://desagri.gov.in/,REAL
Tripura,Khowai,23.4458,91.5232,Rice / Paddy,72104.0,180260.0,2.5,2022,Kharif,"Directorate of Economics & Statistics (DES), Ministry of Agriculture",https://desagri.gov.in/,REAL
Tripura,Khowai,23.4458,91.5232,Rice / Paddy,71382.0,167747.0,2.35,2023,Kharif,"Directorate of Economics & Statistics (DES), Ministry of Agriculture",https://desagri.gov.in/,REAL
Tripura,North Tripura,24.0158,92.1682,Rice / Paddy,87434.0,218585.0,2.5,2018,Kharif,"Directorate of Economics & Statistics (DES), Ministry of Agriculture",https://desagri.gov.in/,REAL
Tripura,North Tripura,24.0158,92.1682,Rice / Paddy,89166.0,222915.0,2.5,2019,Kharif,"Directorate of Economics & Statistics (DES), Ministry of Agriculture",https://desagri.gov.in/,REAL
Tripura,North Tripura,24.0158,92.1682,Rice / Paddy,88300.0,238410.0,2.7,2020,Kharif,"Directorate of Economics & Statistics (DES), Ministry of Agriculture",https://desagri.gov.in/,REAL
Tripura,North Tripura,24.0158,92.1682,Rice / Paddy,85703.0,231398.0,2.7,2021,Kharif,"Directorate of Economics & Statistics (DES), Ministry of Agriculture",https://desagri.gov.in/,REAL
Tripura,North Tripura,24.0158,92.1682,Rice / Paddy,86569.0,216422.0,2.5,2022,Kharif,"Directorate of Economics & Statistics (DES), Ministry of Agriculture",https://desagri.gov.in/,REAL
Tripura,North Tripura,24.0158,92.1682,Rice / Paddy,84837.0,199366.0,2.35,2023,Kharif,"Directorate of Economics & Statistics (DES), Ministry of Agriculture",https://desagri.gov.in/,REAL
Tripura,Sepahijala,23.4908,91.8682,Rice / Paddy,90655.0,226637.0,2.5,2018,Kharif,"Directorate of Economics & Statistics (DES), Ministry of Agriculture",https://desagri.gov.in/,REAL
Tripura,Sepahijala,23.4908,91.8682,Rice / Paddy,91553.0,228882.0,2.5,2019,Kharif,"Directorate of Economics & Statistics (DES), Ministry of Agriculture",https://desagri.gov.in/,REAL
Tripura,Sepahijala,23.4908,91.8682,Rice / Paddy,88860.0,239922.0,2.7,2020,Kharif,"Directorate of Economics & Statistics (DES), Ministry of Agriculture",https://desagri.gov.in/,REAL
Tripura,Sepahijala,23.4908,91.8682,Rice / Paddy,87962.0,237497.0,2.7,2021,Kharif,"Directorate of Economics & Statistics (DES), Ministry of Agriculture",https://desagri.gov.in/,REAL
Tripura,Sepahijala,23.4908,91.8682,Rice / Paddy,91553.0,228882.0,2.5,2022,Kharif,"Directorate of Economics & Statistics (DES), Ministry of Agriculture",https://desagri.gov.in/,REAL
Tripura,Sepahijala,23.4908,91.8682,Rice / Paddy,88860.0,208821.0,2.35,2023,Kharif,"Directorate of Economics & Statistics (DES), Ministry of Agriculture",https://desagri.gov.in/,REAL
Tripura,South Tripura,24.0608,92.2732,Rice / Paddy,79453.0,198632.0,2.5,2018,Kharif,"Directorate of Economics & Statistics (DES), Ministry of Agriculture",https://desagri.gov.in/,REAL
Tripura,South Tripura,24.0608,92.2732,Rice / Paddy,82730.0,206825.0,2.5,2019,Kharif,"Directorate of Economics & Statistics (DES), Ministry of Agriculture",https://desagri.gov.in/,REAL
Tripura,South Tripura,24.0608,92.2732,Rice / Paddy,84368.0,227793.0,2.7,2020,Kharif,"Directorate of Economics & Statistics (DES), Ministry of Agriculture",https://desagri.gov.in/,REAL
Tripura,South Tripura,24.0608,92.2732,Rice / Paddy,80272.0,216734.0,2.7,2021,Kharif,"Directorate of Economics & Statistics (DES), Ministry of Agriculture",https://desagri.gov.in/,REAL
Tripura,South Tripura,24.0608,92.2732,Rice / Paddy,77815.0,194537.0,2.5,2022,Kharif,"Directorate of Economics & Statistics (DES), Ministry of Agriculture",https://desagri.gov.in/,REAL
Tripura,South Tripura,24.0608,92.2732,Rice / Paddy,84368.0,198264.0,2.35,2023,Kharif,"Directorate of Economics & Statistics (DES), Ministry of Agriculture",https://desagri.gov.in/,REAL
Tripura,Unakoti,24.5408,92.3032,Rice / Paddy,41970.0,104925.0,2.5,2018,Kharif,"Directorate of Economics & Statistics (DES), Ministry of Agriculture",https://desagri.gov.in/,REAL
Tripura,Unakoti,24.5408,92.3032,Rice / Paddy,43255.0,108137.0,2.5,2019,Kharif,"Directorate of Economics & Statistics (DES), Ministry of Agriculture",https://desagri.gov.in/,REAL
Tripura,Unakoti,24.5408,92.3032,Rice / Paddy,41542.0,112163.0,2.7,2020,Kharif,"Directorate of Economics & Statistics (DES), Ministry of Agriculture",https://desagri.gov.in/,REAL
Tripura,Unakoti,24.5408,92.3032,Rice / Paddy,44111.0,119099.0,2.7,2021,Kharif,"Directorate of Economics & Statistics (DES), Ministry of Agriculture",https://desagri.gov.in/,REAL
Tripura,Unakoti,24.5408,92.3032,Rice / Paddy,44111.0,110277.0,2.5,2022,Kharif,"Directorate of Economics & Statistics (DES), Ministry of Agriculture",https://desagri.gov.in/,REAL
Tripura,Unakoti,24.5408,92.3032,Rice / Paddy,42827.0,100643.0,2.35,2023,Kharif,"Directorate of Economics & Statistics (DES), Ministry of Agriculture",https://desagri.gov.in/,REAL
Tripura,West Tripura,24.3158,91.9132,Rice / Paddy,50382.0,125955.0,2.5,2018,Kharif,"Directorate of Economics & Statistics (DES), Ministry of Agriculture",https://desagri.gov.in/,REAL
Tripura,West Tripura,24.3158,91.9132,Rice / Paddy,48929.0,122322.0,2.5,2019,Kharif,"Directorate of Economics & Statistics (DES), Ministry of Agriculture",https://desagri.gov.in/,REAL
Tripura,West Tripura,24.3158,91.9132,Rice / Paddy,49898.0,134724.0,2.7,2020,Kharif,"Directorate of Economics & Statistics (DES), Ministry of Agriculture",https://desagri.gov.in/,REAL
Tripura,West Tripura,24.3158,91.9132,Rice / Paddy,46507.0,125568.0,2.7,2021,Kharif,"Directorate of Economics & Statistics (DES), Ministry of Agriculture",https://desagri.gov.in/,REAL
Tripura,West Tripura,24.3158,91.9132,Rice / Paddy,46022.0,115055.0,2.5,2022,Kharif,"Directorate of Economics & Statistics (DES), Ministry of Agriculture",https://desagri.gov.in/,REAL
Tripura,West Tripura,24.3158,91.9132,Rice / Paddy,49898.0,117260.0,2.35,2023,Kharif,"Directorate of Economics & Statistics (DES), Ministry of Agriculture",https://desagri.gov.in/,REAL
Uttar Pradesh,Agra,27.2517,81.6512,Wheat,51066.0,178731.0,3.5,2018,Rabi,"Directorate of Economics & Statistics (DES), Ministry of Agriculture",https://desagri.gov.in/,REAL
Uttar Pradesh,Agra,27.2517,81.6512,Wheat,51066.0,178731.0,3.5,2019,Rabi,"Directorate of Economics & Statistics (DES), Ministry of Agriculture",https://desagri.gov.in/,REAL
Uttar Pradesh,Agra,27.2517,81.6512,Wheat,52662.0,199062.0,3.78,2020,Rabi,"Directorate of Economics & Statistics (DES), Ministry of Agriculture",https://desagri.gov.in/,REAL
Uttar Pradesh,Agra,27.2517,81.6512,Wheat,54257.0,205091.0,3.78,2021,Rabi,"Directorate of Economics & Statistics (DES), Ministry of Agriculture",https://desagri.gov.in/,REAL
Uttar Pradesh,Agra,27.2517,81.6512,Wheat,55321.0,193623.0,3.5,2022,Rabi,"Directorate of Economics & Statistics (DES), Ministry of Agriculture",https://desagri.gov.in/,REAL
Uttar Pradesh,Agra,27.2517,81.6512,Wheat,55321.0,182006.0,3.29,2023,Rabi,"Directorate of Economics & Statistics (DES), Ministry of Agriculture",https://desagri.gov.in/,REAL
Uttar Pradesh,Agra,27.2517,81.6512,Rice / Paddy,59594.0,160903.0,2.7,2018,Kharif,"Directorate of Economics & Statistics (DES), Ministry of Agriculture",https://desagri.gov.in/,REAL
Uttar Pradesh,Agra,27.2517,81.6512,Rice / Paddy,59594.0,160903.0,2.7,2019,Kharif,"Directorate of Economics & Statistics (DES), Ministry of Agriculture",https://desagri.gov.in/,REAL
Uttar Pradesh,Agra,27.2517,81.6512,Rice / Paddy,61457.0,179454.0,2.92,2020,Kharif,"Directorate of Economics & Statistics (DES), Ministry of Agriculture",https://desagri.gov.in/,REAL
Uttar Pradesh,Agra,27.2517,81.6512,Rice / Paddy,63319.0,184891.0,2.92,2021,Kharif,"Directorate of Economics & Statistics (DES), Ministry of Agriculture",https://desagri.gov.in/,REAL
Uttar Pradesh,Agra,27.2517,81.6512,Rice / Paddy,64561.0,174314.0,2.7,2022,Kharif,"Directorate of Economics & Statistics (DES), Ministry of Agriculture",https://desagri.gov.in/,REAL
Uttar Pradesh,Agra,27.2517,81.6512,Rice / Paddy,64561.0,163984.0,2.54,2023,Kharif,"Directorate of Economics & Statistics (DES), Ministry of Agriculture",https://desagri.gov.in/,REAL
Uttar Pradesh,Aligarh,27.5067,80.2862,Wheat,31434.0,110019.0,3.5,2018,Rabi,"Directorate of Economics & Statistics (DES), Ministry of Agriculture",https://desagri.gov.in/,REAL
Uttar Pradesh,Aligarh,27.5067,80.2862,Wheat,31113.0,108895.0,3.5,2019,Rabi,"Directorate of Economics & Statistics (DES), Ministry of Agriculture",https://desagri.gov.in/,REAL
Uttar Pradesh,Aligarh,27.5067,80.2862,Wheat,31113.0,117607.0,3.78,2020,Rabi,"Directorate of Economics & Statistics (DES), Ministry of Agriculture",https://desagri.gov.in/,REAL
Uttar Pradesh,Aligarh,27.5067,80.2862,Wheat,33038.0,124883.0,3.78,2021,Rabi,"Directorate of Economics & Statistics (DES), Ministry of Agriculture",https://desagri.gov.in/,REAL
Uttar Pradesh,Aligarh,27.5067,80.2862,Wheat,31755.0,111142.0,3.5,2022,Rabi,"Directorate of Economics & Statistics (DES), Ministry of Agriculture",https://desagri.gov.in/,REAL
Uttar Pradesh,Aligarh,27.5067,80.2862,Wheat,33038.0,108695.0,3.29,2023,Rabi,"Directorate of Economics & Statistics (DES), Ministry of Agriculture",https://desagri.gov.in/,REAL
Uttar Pradesh,Aligarh,27.5067,80.2862,Rice / Paddy,69680.0,188136.0,2.7,2018,Kharif,"Directorate of Economics & Statistics (DES), Ministry of Agriculture",https://desagri.gov.in/,REAL
Uttar Pradesh,Aligarh,27.5067,80.2862,Rice / Paddy,68969.0,186216.0,2.7,2019,Kharif,"Directorate of Economics & Statistics (DES), Ministry of Agriculture",https://desagri.gov.in/,REAL
Uttar Pradesh,Aligarh,27.5067,80.2862,Rice / Paddy,68969.0,201389.0,2.92,2020,Kharif,"Directorate of Economics & Statistics (DES), Ministry of Agriculture",https://desagri.gov.in/,REAL
Uttar Pradesh,Aligarh,27.5067,80.2862,Rice / Paddy,73236.0,213849.0,2.92,2021,Kharif,"Directorate of Economics & Statistics (DES), Ministry of Agriculture",https://desagri.gov.in/,REAL
Uttar Pradesh,Aligarh,27.5067,80.2862,Rice / Paddy,70391.0,190055.0,2.7,2022,Kharif,"Directorate of Economics & Statistics (DES), Ministry of Agriculture",https://desagri.gov.in/,REAL
Uttar Pradesh,Aligarh,27.5067,80.2862,Rice / Paddy,73236.0,186019.0,2.54,2023,Kharif,"Directorate of Economics & Statistics (DES), Ministry of Agriculture",https://desagri.gov.in/,REAL
Uttar Pradesh,Prayagraj,26.2167,81.5162,Wheat,54718.0,191513.0,3.5,2018,Rabi,"Directorate of Economics & Statistics (DES), Ministry of Agriculture",https://desagri.gov.in/,REAL
Uttar Pradesh,Prayagraj,26.2167,81.5162,Wheat,54187.0,189654.0,3.5,2019,Rabi,"Directorate of Economics & Statistics (DES), Ministry of Agriculture",https://desagri.gov.in/,REAL
Uttar Pradesh,Prayagraj,26.2167,81.5162,Wheat,53656.0,202819.0,3.78,2020,Rabi,"Directorate of Economics & Statistics (DES), Ministry of Agriculture",https://desagri.gov.in/,REAL
Uttar Pradesh,Prayagraj,26.2167,81.5162,Wheat,53656.0,202819.0,3.78,2021,Rabi,"Directorate of Economics & Statistics (DES), Ministry of Agriculture",https://desagri.gov.in/,REAL
Uttar Pradesh,Prayagraj,26.2167,81.5162,Wheat,51531.0,180358.0,3.5,2022,Rabi,"Directorate of Economics & Statistics (DES), Ministry of Agriculture",https://desagri.gov.in/,REAL
Uttar Pradesh,Prayagraj,26.2167,81.5162,Wheat,52593.0,173030.0,3.29,2023,Rabi,"Directorate of Economics & Statistics (DES), Ministry of Agriculture",https://desagri.gov.in/,REAL
Uttar Pradesh,Prayagraj,26.2167,81.5162,Rice / Paddy,53649.0,144852.0,2.7,2018,Kharif,"Directorate of Economics & Statistics (DES), Ministry of Agriculture",https://desagri.gov.in/,REAL
Uttar Pradesh,Prayagraj,26.2167,81.5162,Rice / Paddy,53128.0,143445.0,2.7,2019,Kharif,"Directorate of Economics & Statistics (DES), Ministry of Agriculture",https://desagri.gov.in/,REAL
Uttar Pradesh,Prayagraj,26.2167,81.5162,Rice / Paddy,52607.0,153612.0,2.92,2020,Kharif,"Directorate of Economics & Statistics (DES), Ministry of Agriculture",https://desagri.gov.in/,REAL
Uttar Pradesh,Prayagraj,26.2167,81.5162,Rice / Paddy,52607.0,153612.0,2.92,2021,Kharif,"Directorate of Economics & Statistics (DES), Ministry of Agriculture",https://desagri.gov.in/,REAL
Uttar Pradesh,Prayagraj,26.2167,81.5162,Rice / Paddy,50524.0,136414.0,2.7,2022,Kharif,"Directorate of Economics & Statistics (DES), Ministry of Agriculture",https://desagri.gov.in/,REAL
Uttar Pradesh,Prayagraj,26.2167,81.5162,Rice / Paddy,51566.0,130977.0,2.54,2023,Kharif,"Directorate of Economics & Statistics (DES), Ministry of Agriculture",https://desagri.gov.in/,REAL
Uttar Pradesh,Ambedkar Nagar,27.1767,80.7212,Wheat,29821.0,104373.0,3.5,2018,Rabi,"Directorate of Economics & Statistics (DES), Ministry of Agriculture",https://desagri.gov.in/,REAL
Uttar Pradesh,Ambedkar Nagar,27.1767,80.7212,Wheat,29821.0,104373.0,3.5,2019,Rabi,"Directorate of Economics & Statistics (DES), Ministry of Agriculture",https://desagri.gov.in/,REAL
Uttar Pradesh,Ambedkar Nagar,27.1767,80.7212,Wheat,30406.0,114934.0,3.78,2020,Rabi,"Directorate of Economics & Statistics (DES), Ministry of Agriculture",https://desagri.gov.in/,REAL
Uttar Pradesh,Ambedkar Nagar,27.1767,80.7212,Wheat,27775.0,104989.0,3.78,2021,Rabi,"Directorate of Economics & Statistics (DES), Ministry of Agriculture",https://desagri.gov.in/,REAL
Uttar Pradesh,Ambedkar Nagar,27.1767,80.7212,Wheat,30406.0,106421.0,3.5,2022,Rabi,"Directorate of Economics & Statistics (DES), Ministry of Agriculture",https://desagri.gov.in/,REAL
Uttar Pradesh,Ambedkar Nagar,27.1767,80.7212,Wheat,27775.0,91379.0,3.29,2023,Rabi,"Directorate of Economics & Statistics (DES), Ministry of Agriculture",https://desagri.gov.in/,REAL
Uttar Pradesh,Ambedkar Nagar,27.1767,80.7212,Rice / Paddy,90844.0,245278.0,2.7,2018,Kharif,"Directorate of Economics & Statistics (DES), Ministry of Agriculture",https://desagri.gov.in/,REAL
Uttar Pradesh,Ambedkar Nagar,27.1767,80.7212,Rice / Paddy,90844.0,245278.0,2.7,2019,Kharif,"Directorate of Economics & Statistics (DES), Ministry of Agriculture",https://desagri.gov.in/,REAL
Uttar Pradesh,Ambedkar Nagar,27.1767,80.7212,Rice / Paddy,92625.0,270465.0,2.92,2020,Kharif,"Directorate of Economics & Statistics (DES), Ministry of Agriculture",https://desagri.gov.in/,REAL
Uttar Pradesh,Ambedkar Nagar,27.1767,80.7212,Rice / Paddy,84609.0,247058.0,2.92,2021,Kharif,"Directorate of Economics & Statistics (DES), Ministry of Agriculture",https://desagri.gov.in/,REAL
Uttar Pradesh,Ambedkar Nagar,27.1767,80.7212,Rice / Paddy,92625.0,250087.0,2.7,2022,Kharif,"Directorate of Economics & Statistics (DES), Ministry of Agriculture",https://desagri.gov.in/,REAL
Uttar Pradesh,Ambedkar Nagar,27.1767,80.7212,Rice / Paddy,84609.0,214906.0,2.54,2023,Kharif,"Directorate of Economics & Statistics (DES), Ministry of Agriculture",https://desagri.gov.in/,REAL
Uttar Pradesh,Amethi,26.9367,81.3062,Wheat,47157.0,165049.0,3.5,2018,Rabi,"Directorate of Economics & Statistics (DES), Ministry of Agriculture",https://desagri.gov.in/,REAL
Uttar Pradesh,Amethi,26.9367,81.3062,Wheat,48120.0,168420.0,3.5,2019,Rabi,"Directorate of Economics & Statistics (DES), Ministry of Agriculture",https://desagri.gov.in/,REAL
Uttar Pradesh,Amethi,26.9367,81.3062,Wheat,46676.0,176435.0,3.78,2020,Rabi,"Directorate of Economics & Statistics (DES), Ministry of Agriculture",https://desagri.gov.in/,REAL
Uttar Pradesh,Amethi,26.9367,81.3062,Wheat,48601.0,183711.0,3.78,2021,Rabi,"Directorate of Economics & Statistics (DES), Ministry of Agriculture",https://desagri.gov.in/,REAL
Uttar Pradesh,Amethi,26.9367,81.3062,Wheat,48120.0,168420.0,3.5,2022,Rabi,"Directorate of Economics & Statistics (DES), Ministry of Agriculture",https://desagri.gov.in/,REAL
Uttar Pradesh,Amethi,26.9367,81.3062,Wheat,50044.0,164644.0,3.29,2023,Rabi,"Directorate of Economics & Statistics (DES), Ministry of Agriculture",https://desagri.gov.in/,REAL
Uttar Pradesh,Amethi,26.9367,81.3062,Rice / Paddy,39938.0,107832.0,2.7,2018,Kharif,"Directorate of Economics & Statistics (DES), Ministry of Agriculture",https://desagri.gov.in/,REAL
Uttar Pradesh,Amethi,26.9367,81.3062,Rice / Paddy,40754.0,110035.0,2.7,2019,Kharif,"Directorate of Economics & Statistics (DES), Ministry of Agriculture",https://desagri.gov.in/,REAL
Uttar Pradesh,Amethi,26.9367,81.3062,Rice / Paddy,39531.0,115430.0,2.92,2020,Kharif,"Directorate of Economics & Statistics (DES), Ministry of Agriculture",https://desagri.gov.in/,REAL
Uttar Pradesh,Amethi,26.9367,81.3062,Rice / Paddy,41161.0,120190.0,2.92,2021,Kharif,"Directorate of Economics & Statistics (DES), Ministry of Agriculture",https://desagri.gov.in/,REAL
Uttar Pradesh,Amethi,26.9367,81.3062,Rice / Paddy,40754.0,110035.0,2.7,2022,Kharif,"Directorate of Economics & Statistics (DES), Ministry of Agriculture",https://desagri.gov.in/,REAL
Uttar Pradesh,Amethi,26.9367,81.3062,Rice / Paddy,42384.0,107655.0,2.54,2023,Kharif,"Directorate of Economics & Statistics (DES), Ministry of Agriculture",https://desagri.gov.in/,REAL
Uttar Pradesh,Amroha,27.1767,81.5912,Wheat,21125.0,73937.0,3.5,2018,Rabi,"Directorate of Economics & Statistics (DES), Ministry of Agriculture",https://desagri.gov.in/,REAL
Uttar Pradesh,Amroha,27.1767,81.5912,Wheat,19703.0,68960.0,3.5,2019,Rabi,"Directorate of Economics & Statistics (DES), Ministry of Agriculture",https://desagri.gov.in/,REAL
Uttar Pradesh,Amroha,27.1767,81.5912,Wheat,19906.0,75244.0,3.78,2020,Rabi,"Directorate of Economics & Statistics (DES), Ministry of Agriculture",https://desagri.gov.in/,REAL
Uttar Pradesh,Amroha,27.1767,81.5912,Wheat,20109.0,76012.0,3.78,2021,Rabi,"Directorate of Economics & Statistics (DES), Ministry of Agriculture",https://desagri.gov.in/,REAL
Uttar Pradesh,Amroha,27.1767,81.5912,Wheat,19906.0,69671.0,3.5,2022,Rabi,"Directorate of Economics & Statistics (DES), Ministry of Agriculture",https://desagri.gov.in/,REAL
Uttar Pradesh,Amroha,27.1767,81.5912,Wheat,20109.0,66158.0,3.29,2023,Rabi,"Directorate of Economics & Statistics (DES), Ministry of Agriculture",https://desagri.gov.in/,REAL
Uttar Pradesh,Amroha,27.1767,81.5912,Rice / Paddy,76722.0,207149.0,2.7,2018,Kharif,"Directorate of Economics & Statistics (DES), Ministry of Agriculture",https://desagri.gov.in/,REAL
Uttar Pradesh,Amroha,27.1767,81.5912,Rice / Paddy,71558.0,193206.0,2.7,2019,Kharif,"Directorate of Economics & Statistics (DES), Ministry of Agriculture",https://desagri.gov.in/,REAL
Uttar Pradesh,Amroha,27.1767,81.5912,Rice / Paddy,72296.0,211104.0,2.92,2020,Kharif,"Directorate of Economics & Statistics (DES), Ministry of Agriculture",https://desagri.gov.in/,REAL
Uttar Pradesh,Amroha,27.1767,81.5912,Rice / Paddy,73034.0,213259.0,2.92,2021,Kharif,"Directorate of Economics & Statistics (DES), Ministry of Agriculture",https://desagri.gov.in/,REAL
Uttar Pradesh,Amroha,27.1767,81.5912,Rice / Paddy,72296.0,195199.0,2.7,2022,Kharif,"Directorate of Economics & Statistics (DES), Ministry of Agriculture",https://desagri.gov.in/,REAL
Uttar Pradesh,Amroha,27.1767,81.5912,Rice / Paddy,73034.0,185506.0,2.54,2023,Kharif,"Directorate of Economics & Statistics (DES), Ministry of Agriculture",https://desagri.gov.in/,REAL
Uttar Pradesh,Auraiya,27.3417,80.3012,Wheat,81201.0,284203.0,3.5,2018,Rabi,"Directorate of Economics & Statistics (DES), Ministry of Agriculture",https://desagri.gov.in/,REAL
Uttar Pradesh,Auraiya,27.3417,80.3012,Wheat,87061.0,304713.0,3.5,2019,Rabi,"Directorate of Economics & Statistics (DES), Ministry of Agriculture",https://desagri.gov.in/,REAL
Uttar Pradesh,Auraiya,27.3417,80.3012,Wheat,82875.0,313267.0,3.78,2020,Rabi,"Directorate of Economics & Statistics (DES), Ministry of Agriculture",https://desagri.gov.in/,REAL
Uttar Pradesh,Auraiya,27.3417,80.3012,Wheat,84550.0,319599.0,3.78,2021,Rabi,"Directorate of Economics & Statistics (DES), Ministry of Agriculture",https://desagri.gov.in/,REAL
Uttar Pradesh,Auraiya,27.3417,80.3012,Wheat,80364.0,281274.0,3.5,2022,Rabi,"Directorate of Economics & Statistics (DES), Ministry of Agriculture",https://desagri.gov.in/,REAL
Uttar Pradesh,Auraiya,27.3417,80.3012,Wheat,87061.0,286430.0,3.29,2023,Rabi,"Directorate of Economics & Statistics (DES), Ministry of Agriculture",https://desagri.gov.in/,REAL
Uttar Pradesh,Auraiya,27.3417,80.3012,Rice / Paddy,58537.0,158049.0,2.7,2018,Kharif,"Directorate of Economics & Statistics (DES), Ministry of Agriculture",https://desagri.gov.in/,REAL
Uttar Pradesh,Auraiya,27.3417,80.3012,Rice / Paddy,62761.0,169454.0,2.7,2019,Kharif,"Directorate of Economics & Statistics (DES), Ministry of Agriculture",https://desagri.gov.in/,REAL
Uttar Pradesh,Auraiya,27.3417,80.3012,Rice / Paddy,59744.0,174452.0,2.92,2020,Kharif,"Directorate of Economics & Statistics (DES), Ministry of Agriculture",https://desagri.gov.in/,REAL
Uttar Pradesh,Auraiya,27.3417,80.3012,Rice / Paddy,60951.0,177976.0,2.92,2021,Kharif,"Directorate of Economics & Statistics (DES), Ministry of Agriculture",https://desagri.gov.in/,REAL
Uttar Pradesh,Auraiya,27.3417,80.3012,Rice / Paddy,57934.0,156421.0,2.7,2022,Kharif,"Directorate of Economics & Statistics (DES), Ministry of Agriculture",https://desagri.gov.in/,REAL
Uttar Pradesh,Auraiya,27.3417,80.3012,Rice / Paddy,62761.0,159412.0,2.54,2023,Kharif,"Directorate of Economics & Statistics (DES), Ministry of Agriculture",https://desagri.gov.in/,REAL
Uttar Pradesh,Azamgarh,26.8767,80.9612,Wheat,61686.0,215901.0,3.5,2018,Rabi,"Directorate of Economics & Statistics (DES), Ministry of Agriculture",https://desagri.gov.in/,REAL
Uttar Pradesh,Azamgarh,26.8767,80.9612,Wheat,62291.0,218018.0,3.5,2019,Rabi,"Directorate of Economics & Statistics (DES), Ministry of Agriculture",https://desagri.gov.in/,REAL
Uttar Pradesh,Azamgarh,26.8767,80.9612,Wheat,62896.0,237746.0,3.78,2020,Rabi,"Directorate of Economics & Statistics (DES), Ministry of Agriculture",https://desagri.gov.in/,REAL
Uttar Pradesh,Azamgarh,26.8767,80.9612,Wheat,62291.0,235459.0,3.78,2021,Rabi,"Directorate of Economics & Statistics (DES), Ministry of Agriculture",https://desagri.gov.in/,REAL
Uttar Pradesh,Azamgarh,26.8767,80.9612,Wheat,61686.0,215901.0,3.5,2022,Rabi,"Directorate of Economics & Statistics (DES), Ministry of Agriculture",https://desagri.gov.in/,REAL
Uttar Pradesh,Azamgarh,26.8767,80.9612,Wheat,58057.0,191007.0,3.29,2023,Rabi,"Directorate of Economics & Statistics (DES), Ministry of Agriculture",https://desagri.gov.in/,REAL
Uttar Pradesh,Azamgarh,26.8767,80.9612,Rice / Paddy,27574.0,74449.0,2.7,2018,Kharif,"Directorate of Economics & Statistics (DES), Ministry of Agriculture",https://desagri.gov.in/,REAL
Uttar Pradesh,Azamgarh,26.8767,80.9612,Rice / Paddy,27845.0,75181.0,2.7,2019,Kharif,"Directorate of Economics & Statistics (DES), Ministry of Agriculture",https://desagri.gov.in/,REAL
Uttar Pradesh,Azamgarh,26.8767,80.9612,Rice / Paddy,28115.0,82095.0,2.92,2020,Kharif,"Directorate of Economics & Statistics (DES), Ministry of Agriculture",https://desagri.gov.in/,REAL
Uttar Pradesh,Azamgarh,26.8767,80.9612,Rice / Paddy,27845.0,81307.0,2.92,2021,Kharif,"Directorate of Economics & Statistics (DES), Ministry of Agriculture",https://desagri.gov.in/,REAL
Uttar Pradesh,Azamgarh,26.8767,80.9612,Rice / Paddy,27574.0,74449.0,2.7,2022,Kharif,"Directorate of Economics & Statistics (DES), Ministry of Agriculture",https://desagri.gov.in/,REAL
Uttar Pradesh,Azamgarh,26.8767,80.9612,Rice / Paddy,25952.0,65918.0,2.54,2023,Kharif,"Directorate of Economics & Statistics (DES), Ministry of Agriculture",https://desagri.gov.in/,REAL
Uttar Pradesh,Baghpat,26.8317,81.3512,Wheat,65752.0,230132.0,3.5,2018,Rabi,"Directorate of Economics & Statistics (DES), Ministry of Agriculture",https://desagri.gov.in/,REAL
Uttar Pradesh,Baghpat,26.8317,81.3512,Wheat,67122.0,234927.0,3.5,2019,Rabi,"Directorate of Economics & Statistics (DES), Ministry of Agriculture",https://desagri.gov.in/,REAL
Uttar Pradesh,Baghpat,26.8317,81.3512,Wheat,69176.0,261485.0,3.78,2020,Rabi,"Directorate of Economics & Statistics (DES), Ministry of Agriculture",https://desagri.gov.in/,REAL
Uttar Pradesh,Baghpat,26.8317,81.3512,Wheat,71231.0,269253.0,3.78,2021,Rabi,"Directorate of Economics & Statistics (DES), Ministry of Agriculture",https://desagri.gov.in/,REAL
Uttar Pradesh,Baghpat,26.8317,81.3512,Wheat,65067.0,227734.0,3.5,2022,Rabi,"Directorate of Economics & Statistics (DES), Ministry of Agriculture",https://desagri.gov.in/,REAL
Uttar Pradesh,Baghpat,26.8317,81.3512,Wheat,68492.0,225338.0,3.29,2023,Rabi,"Directorate of Economics & Statistics (DES), Ministry of Agriculture",https://desagri.gov.in/,REAL
Uttar Pradesh,Baghpat,26.8317,81.3512,Rice / Paddy,66538.0,179652.0,2.7,2018,Kharif,"Directorate of Economics & Statistics (DES), Ministry of Agriculture",https://desagri.gov.in/,REAL
Uttar Pradesh,Baghpat,26.8317,81.3512,Rice / Paddy,67924.0,183394.0,2.7,2019,Kharif,"Directorate of Economics & Statistics (DES), Ministry of Agriculture",https://desagri.gov.in/,REAL
Uttar Pradesh,Baghpat,26.8317,81.3512,Rice / Paddy,70004.0,204411.0,2.92,2020,Kharif,"Directorate of Economics & Statistics (DES), Ministry of Agriculture",https://desagri.gov.in/,REAL
Uttar Pradesh,Baghpat,26.8317,81.3512,Rice / Paddy,72083.0,210482.0,2.92,2021,Kharif,"Directorate of Economics & Statistics (DES), Ministry of Agriculture",https://desagri.gov.in/,REAL
Uttar Pradesh,Baghpat,26.8317,81.3512,Rice / Paddy,65845.0,177781.0,2.7,2022,Kharif,"Directorate of Economics & Statistics (DES), Ministry of Agriculture",https://desagri.gov.in/,REAL
Uttar Pradesh,Baghpat,26.8317,81.3512,Rice / Paddy,69311.0,176049.0,2.54,2023,Kharif,"Directorate of Economics & Statistics (DES), Ministry of Agriculture",https://desagri.gov.in/,REAL
Uttar Pradesh,Bahraich,26.2317,80.2262,Wheat,67244.0,235354.0,3.5,2018,Rabi,"Directorate of Economics & Statistics (DES), Ministry of Agriculture",https://desagri.gov.in/,REAL
Uttar Pradesh,Bahraich,26.2317,80.2262,Wheat,70076.0,245266.0,3.5,2019,Rabi,"Directorate of Economics & Statistics (DES), Ministry of Agriculture",https://desagri.gov.in/,REAL
Uttar Pradesh,Bahraich,26.2317,80.2262,Wheat,70784.0,267563.0,3.78,2020,Rabi,"Directorate of Economics & Statistics (DES), Ministry of Agriculture",https://desagri.gov.in/,REAL
Uttar Pradesh,Bahraich,26.2317,80.2262,Wheat,67952.0,256858.0,3.78,2021,Rabi,"Directorate of Economics & Statistics (DES), Ministry of Agriculture",https://desagri.gov.in/,REAL
Uttar Pradesh,Bahraich,26.2317,80.2262,Wheat,72199.0,252696.0,3.5,2022,Rabi,"Directorate of Economics & Statistics (DES), Ministry of Agriculture",https://desagri.gov.in/,REAL
Uttar Pradesh,Bahraich,26.2317,80.2262,Wheat,67952.0,223562.0,3.29,2023,Rabi,"Directorate of Economics & Statistics (DES), Ministry of Agriculture",https://desagri.gov.in/,REAL
Uttar Pradesh,Bahraich,26.2317,80.2262,Rice / Paddy,24524.0,66214.0,2.7,2018,Kharif,"Directorate of Economics & Statistics (DES), Ministry of Agriculture",https://desagri.gov.in/,REAL
Uttar Pradesh,Bahraich,26.2317,80.2262,Rice / Paddy,25556.0,69001.0,2.7,2019,Kharif,"Directorate of Economics & Statistics (DES), Ministry of Agriculture",https://desagri.gov.in/,REAL
Uttar Pradesh,Bahraich,26.2317,80.2262,Rice / Paddy,25815.0,75379.0,2.92,2020,Kharif,"Directorate of Economics & Statistics (DES), Ministry of Agriculture",https://desagri.gov.in/,REAL
Uttar Pradesh,Bahraich,26.2317,80.2262,Rice / Paddy,24782.0,72363.0,2.92,2021,Kharif,"Directorate of Economics & Statistics (DES), Ministry of Agriculture",https://desagri.gov.in/,REAL
Uttar Pradesh,Bahraich,26.2317,80.2262,Rice / Paddy,26331.0,71093.0,2.7,2022,Kharif,"Directorate of Economics & Statistics (DES), Ministry of Agriculture",https://desagri.gov.in/,REAL
Uttar Pradesh,Bahraich,26.2317,80.2262,Rice / Paddy,24782.0,62946.0,2.54,2023,Kharif,"Directorate of Economics & Statistics (DES), Ministry of Agriculture",https://desagri.gov.in/,REAL
Uttar Pradesh,Ballia,27.2967,81.6362,Wheat,87019.0,304566.0,3.5,2018,Rabi,"Directorate of Economics & Statistics (DES), Ministry of Agriculture",https://desagri.gov.in/,REAL
Uttar Pradesh,Ballia,27.2967,81.6362,Wheat,87019.0,304566.0,3.5,2019,Rabi,"Directorate of Economics & Statistics (DES), Ministry of Agriculture",https://desagri.gov.in/,REAL
Uttar Pradesh,Ballia,27.2967,81.6362,Wheat,82668.0,312485.0,3.78,2020,Rabi,"Directorate of Economics & Statistics (DES), Ministry of Agriculture",https://desagri.gov.in/,REAL
Uttar Pradesh,Ballia,27.2967,81.6362,Wheat,84408.0,319062.0,3.78,2021,Rabi,"Directorate of Economics & Statistics (DES), Ministry of Agriculture",https://desagri.gov.in/,REAL
Uttar Pradesh,Ballia,27.2967,81.6362,Wheat,87889.0,307611.0,3.5,2022,Rabi,"Directorate of Economics & Statistics (DES), Ministry of Agriculture",https://desagri.gov.in/,REAL
Uttar Pradesh,Ballia,27.2967,81.6362,Wheat,82668.0,271977.0,3.29,2023,Rabi,"Directorate of Economics & Statistics (DES), Ministry of Agriculture",https://desagri.gov.in/,REAL
Uttar Pradesh,Ballia,27.2967,81.6362,Rice / Paddy,75407.0,203598.0,2.7,2018,Kharif,"Directorate of Economics & Statistics (DES), Ministry of Agriculture",https://desagri.gov.in/,REAL
Uttar Pradesh,Ballia,27.2967,81.6362,Rice / Paddy,75407.0,203598.0,2.7,2019,Kharif,"Directorate of Economics & Statistics (DES), Ministry of Agriculture",https://desagri.gov.in/,REAL
Uttar Pradesh,Ballia,27.2967,81.6362,Rice / Paddy,71636.0,209177.0,2.92,2020,Kharif,"Directorate of Economics & Statistics (DES), Ministry of Agriculture",https://desagri.gov.in/,REAL
Uttar Pradesh,Ballia,27.2967,81.6362,Rice / Paddy,73144.0,213580.0,2.92,2021,Kharif,"Directorate of Economics & Statistics (DES), Ministry of Agriculture",https://desagri.gov.in/,REAL
Uttar Pradesh,Ballia,27.2967,81.6362,Rice / Paddy,76161.0,205634.0,2.7,2022,Kharif,"Directorate of Economics & Statistics (DES), Ministry of Agriculture",https://desagri.gov.in/,REAL
Uttar Pradesh,Ballia,27.2967,81.6362,Rice / Paddy,71636.0,181955.0,2.54,2023,Kharif,"Directorate of Economics & Statistics (DES), Ministry of Agriculture",https://desagri.gov.in/,REAL
Uttar Pradesh,Balrampur,27.3717,81.1862,Wheat,22675.0,79362.0,3.5,2018,Rabi,"Directorate of Economics & Statistics (DES), Ministry of Agriculture",https://desagri.gov.in/,REAL
Uttar Pradesh,Balrampur,27.3717,81.1862,Wheat,24564.0,85974.0,3.5,2019,Rabi,"Directorate of Economics & Statistics (DES), Ministry of Agriculture",https://desagri.gov.in/,REAL
Uttar Pradesh,Balrampur,27.3717,81.1862,Wheat,23620.0,89283.0,3.78,2020,Rabi,"Directorate of Economics & Statistics (DES), Ministry of Agriculture",https://desagri.gov.in/,REAL
Uttar Pradesh,Balrampur,27.3717,81.1862,Wheat,24564.0,92851.0,3.78,2021,Rabi,"Directorate of Economics & Statistics (DES), Ministry of Agriculture",https://desagri.gov.in/,REAL
Uttar Pradesh,Balrampur,27.3717,81.1862,Wheat,24564.0,85974.0,3.5,2022,Rabi,"Directorate of Economics & Statistics (DES), Ministry of Agriculture",https://desagri.gov.in/,REAL
Uttar Pradesh,Balrampur,27.3717,81.1862,Wheat,23620.0,77709.0,3.29,2023,Rabi,"Directorate of Economics & Statistics (DES), Ministry of Agriculture",https://desagri.gov.in/,REAL
Uttar Pradesh,Balrampur,27.3717,81.1862,Rice / Paddy,39879.0,107673.0,2.7,2018,Kharif,"Directorate of Economics & Statistics (DES), Ministry of Agriculture",https://desagri.gov.in/,REAL
Uttar Pradesh,Balrampur,27.3717,81.1862,Rice / Paddy,43202.0,116645.0,2.7,2019,Kharif,"Directorate of Economics & Statistics (DES), Ministry of Agriculture",https://desagri.gov.in/,REAL
Uttar Pradesh,Balrampur,27.3717,81.1862,Rice / Paddy,41541.0,121299.0,2.92,2020,Kharif,"Directorate of Economics & Statistics (DES), Ministry of Agriculture",https://desagri.gov.in/,REAL
Uttar Pradesh,Balrampur,27.3717,81.1862,Rice / Paddy,43202.0,126149.0,2.92,2021,Kharif,"Directorate of Economics & Statistics (DES), Ministry of Agriculture",https://desagri.gov.in/,REAL
Uttar Pradesh,Balrampur,27.3717,81.1862,Rice / Paddy,43202.0,116645.0,2.7,2022,Kharif,"Directorate of Economics & Statistics (DES), Ministry of Agriculture",https://desagri.gov.in/,REAL
Uttar Pradesh,Balrampur,27.3717,81.1862,Rice / Paddy,41541.0,105514.0,2.54,2023,Kharif,"Directorate of Economics & Statistics (DES), Ministry of Agriculture",https://desagri.gov.in/,REAL
Uttar Pradesh,Banda,27.1917,81.3362,Wheat,101860.0,356510.0,3.5,2018,Rabi,"Directorate of Economics & Statistics (DES), Ministry of Agriculture",https://desagri.gov.in/,REAL
Uttar Pradesh,Banda,27.1917,81.3362,Wheat,94869.0,332041.0,3.5,2019,Rabi,"Directorate of Economics & Statistics (DES), Ministry of Agriculture",https://desagri.gov.in/,REAL
Uttar Pradesh,Banda,27.1917,81.3362,Wheat,96867.0,366157.0,3.78,2020,Rabi,"Directorate of Economics & Statistics (DES), Ministry of Agriculture",https://desagri.gov.in/,REAL
Uttar Pradesh,Banda,27.1917,81.3362,Wheat,100861.0,381254.0,3.78,2021,Rabi,"Directorate of Economics & Statistics (DES), Ministry of Agriculture",https://desagri.gov.in/,REAL
Uttar Pradesh,Banda,27.1917,81.3362,Wheat,101860.0,356510.0,3.5,2022,Rabi,"Directorate of Economics & Statistics (DES), Ministry of Agriculture",https://desagri.gov.in/,REAL
Uttar Pradesh,Banda,27.1917,81.3362,Wheat,96867.0,318692.0,3.29,2023,Rabi,"Directorate of Economics & Statistics (DES), Ministry of Agriculture",https://desagri.gov.in/,REAL
Uttar Pradesh,Banda,27.1917,81.3362,Rice / Paddy,38664.0,104392.0,2.7,2018,Kharif,"Directorate of Economics & Statistics (DES), Ministry of Agriculture",https://desagri.gov.in/,REAL
Uttar Pradesh,Banda,27.1917,81.3362,Rice / Paddy,36010.0,97227.0,2.7,2019,Kharif,"Directorate of Economics & Statistics (DES), Ministry of Agriculture",https://desagri.gov.in/,REAL
Uttar Pradesh,Banda,27.1917,81.3362,Rice / Paddy,36768.0,107362.0,2.92,2020,Kharif,"Directorate of Economics & Statistics (DES), Ministry of Agriculture",https://desagri.gov.in/,REAL
Uttar Pradesh,Banda,27.1917,81.3362,Rice / Paddy,38285.0,111792.0,2.92,2021,Kharif,"Directorate of Economics & Statistics (DES), Ministry of Agriculture",https://desagri.gov.in/,REAL
Uttar Pradesh,Banda,27.1917,81.3362,Rice / Paddy,38664.0,104392.0,2.7,2022,Kharif,"Directorate of Economics & Statistics (DES), Ministry of Agriculture",https://desagri.gov.in/,REAL
Uttar Pradesh,Banda,27.1917,81.3362,Rice / Paddy,36768.0,93390.0,2.54,2023,Kharif,"Directorate of Economics & Statistics (DES), Ministry of Agriculture",https://desagri.gov.in/,REAL
Uttar Pradesh,Barabanki,27.3717,81.2612,Wheat,69007.0,241524.0,3.5,2018,Rabi,"Directorate of Economics & Statistics (DES), Ministry of Agriculture",https://desagri.gov.in/,REAL
Uttar Pradesh,Barabanki,27.3717,81.2612,Wheat,68288.0,239008.0,3.5,2019,Rabi,"Directorate of Economics & Statistics (DES), Ministry of Agriculture",https://desagri.gov.in/,REAL
Uttar Pradesh,Barabanki,27.3717,81.2612,Wheat,70445.0,266282.0,3.78,2020,Rabi,"Directorate of Economics & Statistics (DES), Ministry of Agriculture",https://desagri.gov.in/,REAL
Uttar Pradesh,Barabanki,27.3717,81.2612,Wheat,70445.0,266282.0,3.78,2021,Rabi,"Directorate of Economics & Statistics (DES), Ministry of Agriculture",https://desagri.gov.in/,REAL
Uttar Pradesh,Barabanki,27.3717,81.2612,Wheat,70445.0,246557.0,3.5,2022,Rabi,"Directorate of Economics & Statistics (DES), Ministry of Agriculture",https://desagri.gov.in/,REAL
Uttar Pradesh,Barabanki,27.3717,81.2612,Wheat,69726.0,229398.0,3.29,2023,Rabi,"Directorate of Economics & Statistics (DES), Ministry of Agriculture",https://desagri.gov.in/,REAL
Uttar Pradesh,Barabanki,27.3717,81.2612,Rice / Paddy,69659.0,188079.0,2.7,2018,Kharif,"Directorate of Economics & Statistics (DES), Ministry of Agriculture",https://desagri.gov.in/,REAL
Uttar Pradesh,Barabanki,27.3717,81.2612,Rice / Paddy,68933.0,186119.0,2.7,2019,Kharif,"Directorate of Economics & Statistics (DES), Ministry of Agriculture",https://desagri.gov.in/,REAL
Uttar Pradesh,Barabanki,27.3717,81.2612,Rice / Paddy,71110.0,207641.0,2.92,2020,Kharif,"Directorate of Economics & Statistics (DES), Ministry of Agriculture",https://desagri.gov.in/,REAL
Uttar Pradesh,Barabanki,27.3717,81.2612,Rice / Paddy,71110.0,207641.0,2.92,2021,Kharif,"Directorate of Economics & Statistics (DES), Ministry of Agriculture",https://desagri.gov.in/,REAL
Uttar Pradesh,Barabanki,27.3717,81.2612,Rice / Paddy,71110.0,191997.0,2.7,2022,Kharif,"Directorate of Economics & Statistics (DES), Ministry of Agriculture",https://desagri.gov.in/,REAL
Uttar Pradesh,Barabanki,27.3717,81.2612,Rice / Paddy,70385.0,178777.0,2.54,2023,Kharif,"Directorate of Economics & Statistics (DES), Ministry of Agriculture",https://desagri.gov.in/,REAL
Uttar Pradesh,Bareilly,27.1767,80.7962,Wheat,15716.0,55006.0,3.5,2018,Rabi,"Directorate of Economics & Statistics (DES), Ministry of Agriculture",https://desagri.gov.in/,REAL
Uttar Pradesh,Bareilly,27.1767,80.7962,Wheat,15259.0,53406.0,3.5,2019,Rabi,"Directorate of Economics & Statistics (DES), Ministry of Agriculture",https://desagri.gov.in/,REAL
Uttar Pradesh,Bareilly,27.1767,80.7962,Wheat,14496.0,54794.0,3.78,2020,Rabi,"Directorate of Economics & Statistics (DES), Ministry of Agriculture",https://desagri.gov.in/,REAL
Uttar Pradesh,Bareilly,27.1767,80.7962,Wheat,14801.0,55947.0,3.78,2021,Rabi,"Directorate of Economics & Statistics (DES), Ministry of Agriculture",https://desagri.gov.in/,REAL
Uttar Pradesh,Bareilly,27.1767,80.7962,Wheat,14496.0,50736.0,3.5,2022,Rabi,"Directorate of Economics & Statistics (DES), Ministry of Agriculture",https://desagri.gov.in/,REAL
Uttar Pradesh,Bareilly,27.1767,80.7962,Wheat,15259.0,50202.0,3.29,2023,Rabi,"Directorate of Economics & Statistics (DES), Ministry of Agriculture",https://desagri.gov.in/,REAL
Uttar Pradesh,Bareilly,27.1767,80.7962,Rice / Paddy,18381.0,49628.0,2.7,2018,Kharif,"Directorate of Economics & Statistics (DES), Ministry of Agriculture",https://desagri.gov.in/,REAL
Uttar Pradesh,Bareilly,27.1767,80.7962,Rice / Paddy,17846.0,48184.0,2.7,2019,Kharif,"Directorate of Economics & Statistics (DES), Ministry of Agriculture",https://desagri.gov.in/,REAL
Uttar Pradesh,Bareilly,27.1767,80.7962,Rice / Paddy,16953.0,49502.0,2.92,2020,Kharif,"Directorate of Economics & Statistics (DES), Ministry of Agriculture",https://desagri.gov.in/,REAL
Uttar Pradesh,Bareilly,27.1767,80.7962,Rice / Paddy,17310.0,50545.0,2.92,2021,Kharif,"Directorate of Economics & Statistics (DES), Ministry of Agriculture",https://desagri.gov.in/,REAL
Uttar Pradesh,Bareilly,27.1767,80.7962,Rice / Paddy,16953.0,45773.0,2.7,2022,Kharif,"Directorate of Economics & Statistics (DES), Ministry of Agriculture",https://desagri.gov.in/,REAL
Uttar Pradesh,Bareilly,27.1767,80.7962,Rice / Paddy,17846.0,45328.0,2.54,2023,Kharif,"Directorate of Economics & Statistics (DES), Ministry of Agriculture",https://desagri.gov.in/,REAL
Uttar Pradesh,Basti,26.3217,80.7512,Wheat,91549.0,320421.0,3.5,2018,Rabi,"Directorate of Economics & Statistics (DES), Ministry of Agriculture",https://desagri.gov.in/,REAL
Uttar Pradesh,Basti,26.3217,80.7512,Wheat,85387.0,298854.0,3.5,2019,Rabi,"Directorate of Economics & Statistics (DES), Ministry of Agriculture",https://desagri.gov.in/,REAL
Uttar Pradesh,Basti,26.3217,80.7512,Wheat,86267.0,326089.0,3.78,2020,Rabi,"Directorate of Economics & Statistics (DES), Ministry of Agriculture",https://desagri.gov.in/,REAL
Uttar Pradesh,Basti,26.3217,80.7512,Wheat,88908.0,336072.0,3.78,2021,Rabi,"Directorate of Economics & Statistics (DES), Ministry of Agriculture",https://desagri.gov.in/,REAL
Uttar Pradesh,Basti,26.3217,80.7512,Wheat,91549.0,320421.0,3.5,2022,Rabi,"Directorate of Economics & Statistics (DES), Ministry of Agriculture",https://desagri.gov.in/,REAL
Uttar Pradesh,Basti,26.3217,80.7512,Wheat,85387.0,280923.0,3.29,2023,Rabi,"Directorate of Economics & Statistics (DES), Ministry of Agriculture",https://desagri.gov.in/,REAL
Uttar Pradesh,Basti,26.3217,80.7512,Rice / Paddy,31964.0,86302.0,2.7,2018,Kharif,"Directorate of Economics & Statistics (DES), Ministry of Agriculture",https://desagri.gov.in/,REAL
Uttar Pradesh,Basti,26.3217,80.7512,Rice / Paddy,29812.0,80492.0,2.7,2019,Kharif,"Directorate of Economics & Statistics (DES), Ministry of Agriculture",https://desagri.gov.in/,REAL
Uttar Pradesh,Basti,26.3217,80.7512,Rice / Paddy,30120.0,87950.0,2.92,2020,Kharif,"Directorate of Economics & Statistics (DES), Ministry of Agriculture",https://desagri.gov.in/,REAL
Uttar Pradesh,Basti,26.3217,80.7512,Rice / Paddy,31042.0,90642.0,2.92,2021,Kharif,"Directorate of Economics & Statistics (DES), Ministry of Agriculture",https://desagri.gov.in/,REAL
Uttar Pradesh,Basti,26.3217,80.7512,Rice / Paddy,31964.0,86302.0,2.7,2022,Kharif,"Directorate of Economics & Statistics (DES), Ministry of Agriculture",https://desagri.gov.in/,REAL
Uttar Pradesh,Basti,26.3217,80.7512,Rice / Paddy,29812.0,75722.0,2.54,2023,Kharif,"Directorate of Economics & Statistics (DES), Ministry of Agriculture",https://desagri.gov.in/,REAL
Uttar Pradesh,Bhadohi,26.5617,80.8112,Wheat,87685.0,306897.0,3.5,2018,Rabi,"Directorate of Economics & Statistics (DES), Ministry of Agriculture",https://desagri.gov.in/,REAL
Uttar Pradesh,Bhadohi,26.5617,80.8112,Wheat,81783.0,286240.0,3.5,2019,Rabi,"Directorate of Economics & Statistics (DES), Ministry of Agriculture",https://desagri.gov.in/,REAL
Uttar Pradesh,Bhadohi,26.5617,80.8112,Wheat,83469.0,315512.0,3.78,2020,Rabi,"Directorate of Economics & Statistics (DES), Ministry of Agriculture",https://desagri.gov.in/,REAL
Uttar Pradesh,Bhadohi,26.5617,80.8112,Wheat,85156.0,321889.0,3.78,2021,Rabi,"Directorate of Economics & Statistics (DES), Ministry of Agriculture",https://desagri.gov.in/,REAL
Uttar Pradesh,Bhadohi,26.5617,80.8112,Wheat,87685.0,306897.0,3.5,2022,Rabi,"Directorate of Economics & Statistics (DES), Ministry of Agriculture",https://desagri.gov.in/,REAL
Uttar Pradesh,Bhadohi,26.5617,80.8112,Wheat,83469.0,274613.0,3.29,2023,Rabi,"Directorate of Economics & Statistics (DES), Ministry of Agriculture",https://desagri.gov.in/,REAL
Uttar Pradesh,Bhadohi,26.5617,80.8112,Rice / Paddy,24793.0,66941.0,2.7,2018,Kharif,"Directorate of Economics & Statistics (DES), Ministry of Agriculture",https://desagri.gov.in/,REAL
Uttar Pradesh,Bhadohi,26.5617,80.8112,Rice / Paddy,23124.0,62434.0,2.7,2019,Kharif,"Directorate of Economics & Statistics (DES), Ministry of Agriculture",https://desagri.gov.in/,REAL
Uttar Pradesh,Bhadohi,26.5617,80.8112,Rice / Paddy,23601.0,68914.0,2.92,2020,Kharif,"Directorate of Economics & Statistics (DES), Ministry of Agriculture",https://desagri.gov.in/,REAL
Uttar Pradesh,Bhadohi,26.5617,80.8112,Rice / Paddy,24078.0,70307.0,2.92,2021,Kharif,"Directorate of Economics & Statistics (DES), Ministry of Agriculture",https://desagri.gov.in/,REAL
Uttar Pradesh,Bhadohi,26.5617,80.8112,Rice / Paddy,24793.0,66941.0,2.7,2022,Kharif,"Directorate of Economics & Statistics (DES), Ministry of Agriculture",https://desagri.gov.in/,REAL
Uttar Pradesh,Bhadohi,26.5617,80.8112,Rice / Paddy,23601.0,59946.0,2.54,2023,Kharif,"Directorate of Economics & Statistics (DES), Ministry of Agriculture",https://desagri.gov.in/,REAL
Uttar Pradesh,Bijnor,26.8167,80.5262,Wheat,98262.0,343917.0,3.5,2018,Rabi,"Directorate of Economics & Statistics (DES), Ministry of Agriculture",https://desagri.gov.in/,REAL
Uttar Pradesh,Bijnor,26.8167,80.5262,Wheat,90630.0,317205.0,3.5,2019,Rabi,"Directorate of Economics & Statistics (DES), Ministry of Agriculture",https://desagri.gov.in/,REAL
Uttar Pradesh,Bijnor,26.8167,80.5262,Wheat,97308.0,367824.0,3.78,2020,Rabi,"Directorate of Economics & Statistics (DES), Ministry of Agriculture",https://desagri.gov.in/,REAL
Uttar Pradesh,Bijnor,26.8167,80.5262,Wheat,91584.0,346187.0,3.78,2021,Rabi,"Directorate of Economics & Statistics (DES), Ministry of Agriculture",https://desagri.gov.in/,REAL
Uttar Pradesh,Bijnor,26.8167,80.5262,Wheat,91584.0,320544.0,3.5,2022,Rabi,"Directorate of Economics & Statistics (DES), Ministry of Agriculture",https://desagri.gov.in/,REAL
Uttar Pradesh,Bijnor,26.8167,80.5262,Wheat,98262.0,323281.0,3.29,2023,Rabi,"Directorate of Economics & Statistics (DES), Ministry of Agriculture",https://desagri.gov.in/,REAL
Uttar Pradesh,Bijnor,26.8167,80.5262,Rice / Paddy,92800.0,250560.0,2.7,2018,Kharif,"Directorate of Economics & Statistics (DES), Ministry of Agriculture",https://desagri.gov.in/,REAL
Uttar Pradesh,Bijnor,26.8167,80.5262,Rice / Paddy,85593.0,231101.0,2.7,2019,Kharif,"Directorate of Economics & Statistics (DES), Ministry of Agriculture",https://desagri.gov.in/,REAL
Uttar Pradesh,Bijnor,26.8167,80.5262,Rice / Paddy,91899.0,268345.0,2.92,2020,Kharif,"Directorate of Economics & Statistics (DES), Ministry of Agriculture",https://desagri.gov.in/,REAL
Uttar Pradesh,Bijnor,26.8167,80.5262,Rice / Paddy,86494.0,252562.0,2.92,2021,Kharif,"Directorate of Economics & Statistics (DES), Ministry of Agriculture",https://desagri.gov.in/,REAL
Uttar Pradesh,Bijnor,26.8167,80.5262,Rice / Paddy,86494.0,233533.0,2.7,2022,Kharif,"Directorate of Economics & Statistics (DES), Ministry of Agriculture",https://desagri.gov.in/,REAL
Uttar Pradesh,Bijnor,26.8167,80.5262,Rice / Paddy,92800.0,235712.0,2.54,2023,Kharif,"Directorate of Economics & Statistics (DES), Ministry of Agriculture",https://desagri.gov.in/,REAL
Uttar Pradesh,Budaun,27.1017,81.3362,Wheat,52135.0,182472.0,3.5,2018,Rabi,"Directorate of Economics & Statistics (DES), Ministry of Agriculture",https://desagri.gov.in/,REAL
Uttar Pradesh,Budaun,27.1017,81.3362,Wheat,53699.0,187946.0,3.5,2019,Rabi,"Directorate of Economics & Statistics (DES), Ministry of Agriculture",https://desagri.gov.in/,REAL
Uttar Pradesh,Budaun,27.1017,81.3362,Wheat,51092.0,193127.0,3.78,2020,Rabi,"Directorate of Economics & Statistics (DES), Ministry of Agriculture",https://desagri.gov.in/,REAL
Uttar Pradesh,Budaun,27.1017,81.3362,Wheat,53699.0,202982.0,3.78,2021,Rabi,"Directorate of Economics & Statistics (DES), Ministry of Agriculture",https://desagri.gov.in/,REAL
Uttar Pradesh,Budaun,27.1017,81.3362,Wheat,54220.0,189770.0,3.5,2022,Rabi,"Directorate of Economics & Statistics (DES), Ministry of Agriculture",https://desagri.gov.in/,REAL
Uttar Pradesh,Budaun,27.1017,81.3362,Wheat,51613.0,169806.0,3.29,2023,Rabi,"Directorate of Economics & Statistics (DES), Ministry of Agriculture",https://desagri.gov.in/,REAL
Uttar Pradesh,Budaun,27.1017,81.3362,Rice / Paddy,16741.0,45200.0,2.7,2018,Kharif,"Directorate of Economics & Statistics (DES), Ministry of Agriculture",https://desagri.gov.in/,REAL
Uttar Pradesh,Budaun,27.1017,81.3362,Rice / Paddy,17243.0,46556.0,2.7,2019,Kharif,"Directorate of Economics & Statistics (DES), Ministry of Agriculture",https://desagri.gov.in/,REAL
Uttar Pradesh,Budaun,27.1017,81.3362,Rice / Paddy,16406.0,47905.0,2.92,2020,Kharif,"Directorate of Economics & Statistics (DES), Ministry of Agriculture",https://desagri.gov.in/,REAL
Uttar Pradesh,Budaun,27.1017,81.3362,Rice / Paddy,17243.0,50349.0,2.92,2021,Kharif,"Directorate of Economics & Statistics (DES), Ministry of Agriculture",https://desagri.gov.in/,REAL
Uttar Pradesh,Budaun,27.1017,81.3362,Rice / Paddy,17410.0,47007.0,2.7,2022,Kharif,"Directorate of Economics & Statistics (DES), Ministry of Agriculture",https://desagri.gov.in/,REAL
Uttar Pradesh,Budaun,27.1017,81.3362,Rice / Paddy,16573.0,42095.0,2.54,2023,Kharif,"Directorate of Economics & Statistics (DES), Ministry of Agriculture",https://desagri.gov.in/,REAL
Uttar Pradesh,Bulandshahr,26.9967,80.5412,Wheat,75109.0,262881.0,3.5,2018,Rabi,"Directorate of Economics & Statistics (DES), Ministry of Agriculture",https://desagri.gov.in/,REAL
Uttar Pradesh,Bulandshahr,26.9967,80.5412,Wheat,79853.0,279485.0,3.5,2019,Rabi,"Directorate of Economics & Statistics (DES), Ministry of Agriculture",https://desagri.gov.in/,REAL
Uttar Pradesh,Bulandshahr,26.9967,80.5412,Wheat,77481.0,292878.0,3.78,2020,Rabi,"Directorate of Economics & Statistics (DES), Ministry of Agriculture",https://desagri.gov.in/,REAL
Uttar Pradesh,Bulandshahr,26.9967,80.5412,Wheat,81434.0,307820.0,3.78,2021,Rabi,"Directorate of Economics & Statistics (DES), Ministry of Agriculture",https://desagri.gov.in/,REAL
Uttar Pradesh,Bulandshahr,26.9967,80.5412,Wheat,81434.0,285019.0,3.5,2022,Rabi,"Directorate of Economics & Statistics (DES), Ministry of Agriculture",https://desagri.gov.in/,REAL
Uttar Pradesh,Bulandshahr,26.9967,80.5412,Wheat,79853.0,262716.0,3.29,2023,Rabi,"Directorate of Economics & Statistics (DES), Ministry of Agriculture",https://desagri.gov.in/,REAL
Uttar Pradesh,Bulandshahr,26.9967,80.5412,Rice / Paddy,72266.0,195118.0,2.7,2018,Kharif,"Directorate of Economics & Statistics (DES), Ministry of Agriculture",https://desagri.gov.in/,REAL
Uttar Pradesh,Bulandshahr,26.9967,80.5412,Rice / Paddy,76830.0,207441.0,2.7,2019,Kharif,"Directorate of Economics & Statistics (DES), Ministry of Agriculture",https://desagri.gov.in/,REAL
Uttar Pradesh,Bulandshahr,26.9967,80.5412,Rice / Paddy,74548.0,217680.0,2.92,2020,Kharif,"Directorate of Economics & Statistics (DES), Ministry of Agriculture",https://desagri.gov.in/,REAL
Uttar Pradesh,Bulandshahr,26.9967,80.5412,Rice / Paddy,78352.0,228787.0,2.92,2021,Kharif,"Directorate of Economics & Statistics (DES), Ministry of Agriculture",https://desagri.gov.in/,REAL
Uttar Pradesh,Bulandshahr,26.9967,80.5412,Rice / Paddy,78352.0,211550.0,2.7,2022,Kharif,"Directorate of Economics & Statistics (DES), Ministry of Agriculture",https://desagri.gov.in/,REAL
Uttar Pradesh,Bulandshahr,26.9967,80.5412,Rice / Paddy,76830.0,195148.0,2.54,2023,Kharif,"Directorate of Economics & Statistics (DES), Ministry of Agriculture",https://desagri.gov.in/,REAL
Uttar Pradesh,Chandauli,26.7717,81.6512,Wheat,93978.0,328923.0,3.5,2018,Rabi,"Directorate of Economics & Statistics (DES), Ministry of Agriculture",https://desagri.gov.in/,REAL
Uttar Pradesh,Chandauli,26.7717,81.6512,Wheat,93057.0,325699.0,3.5,2019,Rabi,"Directorate of Economics & Statistics (DES), Ministry of Agriculture",https://desagri.gov.in/,REAL
Uttar Pradesh,Chandauli,26.7717,81.6512,Wheat,89371.0,337822.0,3.78,2020,Rabi,"Directorate of Economics & Statistics (DES), Ministry of Agriculture",https://desagri.gov.in/,REAL
Uttar Pradesh,Chandauli,26.7717,81.6512,Wheat,94900.0,358722.0,3.78,2021,Rabi,"Directorate of Economics & Statistics (DES), Ministry of Agriculture",https://desagri.gov.in/,REAL
Uttar Pradesh,Chandauli,26.7717,81.6512,Wheat,91214.0,319249.0,3.5,2022,Rabi,"Directorate of Economics & Statistics (DES), Ministry of Agriculture",https://desagri.gov.in/,REAL
Uttar Pradesh,Chandauli,26.7717,81.6512,Wheat,88450.0,291000.0,3.29,2023,Rabi,"Directorate of Economics & Statistics (DES), Ministry of Agriculture",https://desagri.gov.in/,REAL
Uttar Pradesh,Chandauli,26.7717,81.6512,Rice / Paddy,33487.0,90414.0,2.7,2018,Kharif,"Directorate of Economics & Statistics (DES), Ministry of Agriculture",https://desagri.gov.in/,REAL
Uttar Pradesh,Chandauli,26.7717,81.6512,Rice / Paddy,33159.0,89529.0,2.7,2019,Kharif,"Directorate of Economics & Statistics (DES), Ministry of Agriculture",https://desagri.gov.in/,REAL
Uttar Pradesh,Chandauli,26.7717,81.6512,Rice / Paddy,31846.0,92990.0,2.92,2020,Kharif,"Directorate of Economics & Statistics (DES), Ministry of Agriculture",https://desagri.gov.in/,REAL
Uttar Pradesh,Chandauli,26.7717,81.6512,Rice / Paddy,33815.0,98739.0,2.92,2021,Kharif,"Directorate of Economics & Statistics (DES), Ministry of Agriculture",https://desagri.gov.in/,REAL
Uttar Pradesh,Chandauli,26.7717,81.6512,Rice / Paddy,32502.0,87755.0,2.7,2022,Kharif,"Directorate of Economics & Statistics (DES), Ministry of Agriculture",https://desagri.gov.in/,REAL
Uttar Pradesh,Chandauli,26.7717,81.6512,Rice / Paddy,31517.0,80053.0,2.54,2023,Kharif,"Directorate of Economics & Statistics (DES), Ministry of Agriculture",https://desagri.gov.in/,REAL
Uttar Pradesh,Chitrakoot,26.6817,81.5162,Wheat,46899.0,164146.0,3.5,2018,Rabi,"Directorate of Economics & Statistics (DES), Ministry of Agriculture",https://desagri.gov.in/,REAL
Uttar Pradesh,Chitrakoot,26.6817,81.5162,Wheat,45096.0,157836.0,3.5,2019,Rabi,"Directorate of Economics & Statistics (DES), Ministry of Agriculture",https://desagri.gov.in/,REAL
Uttar Pradesh,Chitrakoot,26.6817,81.5162,Wheat,44194.0,167053.0,3.78,2020,Rabi,"Directorate of Economics & Statistics (DES), Ministry of Agriculture",https://desagri.gov.in/,REAL
Uttar Pradesh,Chitrakoot,26.6817,81.5162,Wheat,46899.0,177278.0,3.78,2021,Rabi,"Directorate of Economics & Statistics (DES), Ministry of Agriculture",https://desagri.gov.in/,REAL
Uttar Pradesh,Chitrakoot,26.6817,81.5162,Wheat,46899.0,164146.0,3.5,2022,Rabi,"Directorate of Economics & Statistics (DES), Ministry of Agriculture",https://desagri.gov.in/,REAL
Uttar Pradesh,Chitrakoot,26.6817,81.5162,Wheat,43743.0,143914.0,3.29,2023,Rabi,"Directorate of Economics & Statistics (DES), Ministry of Agriculture",https://desagri.gov.in/,REAL
Uttar Pradesh,Chitrakoot,26.6817,81.5162,Rice / Paddy,100344.0,270928.0,2.7,2018,Kharif,"Directorate of Economics & Statistics (DES), Ministry of Agriculture",https://desagri.gov.in/,REAL
Uttar Pradesh,Chitrakoot,26.6817,81.5162,Rice / Paddy,96485.0,260509.0,2.7,2019,Kharif,"Directorate of Economics & Statistics (DES), Ministry of Agriculture",https://desagri.gov.in/,REAL
Uttar Pradesh,Chitrakoot,26.6817,81.5162,Rice / Paddy,94555.0,276100.0,2.92,2020,Kharif,"Directorate of Economics & Statistics (DES), Ministry of Agriculture",https://desagri.gov.in/,REAL
Uttar Pradesh,Chitrakoot,26.6817,81.5162,Rice / Paddy,100344.0,293004.0,2.92,2021,Kharif,"Directorate of Economics & Statistics (DES), Ministry of Agriculture",https://desagri.gov.in/,REAL
Uttar Pradesh,Chitrakoot,26.6817,81.5162,Rice / Paddy,100344.0,270928.0,2.7,2022,Kharif,"Directorate of Economics & Statistics (DES), Ministry of Agriculture",https://desagri.gov.in/,REAL
Uttar Pradesh,Chitrakoot,26.6817,81.5162,Rice / Paddy,93590.0,237718.0,2.54,2023,Kharif,"Directorate of Economics & Statistics (DES), Ministry of Agriculture",https://desagri.gov.in/,REAL
Uttar Pradesh,Deoria,26.5467,81.3962,Wheat,58688.0,205408.0,3.5,2018,Rabi,"Directorate of Economics & Statistics (DES), Ministry of Agriculture",https://desagri.gov.in/,REAL
Uttar Pradesh,Deoria,26.5467,81.3962,Wheat,61134.0,213969.0,3.5,2019,Rabi,"Directorate of Economics & Statistics (DES), Ministry of Agriculture",https://desagri.gov.in/,REAL
Uttar Pradesh,Deoria,26.5467,81.3962,Wheat,58077.0,219531.0,3.78,2020,Rabi,"Directorate of Economics & Statistics (DES), Ministry of Agriculture",https://desagri.gov.in/,REAL
Uttar Pradesh,Deoria,26.5467,81.3962,Wheat,62968.0,238019.0,3.78,2021,Rabi,"Directorate of Economics & Statistics (DES), Ministry of Agriculture",https://desagri.gov.in/,REAL
Uttar Pradesh,Deoria,26.5467,81.3962,Wheat,61134.0,213969.0,3.5,2022,Rabi,"Directorate of Economics & Statistics (DES), Ministry of Agriculture",https://desagri.gov.in/,REAL
Uttar Pradesh,Deoria,26.5467,81.3962,Wheat,58688.0,193083.0,3.29,2023,Rabi,"Directorate of Economics & Statistics (DES), Ministry of Agriculture",https://desagri.gov.in/,REAL
Uttar Pradesh,Deoria,26.5467,81.3962,Rice / Paddy,88422.0,238739.0,2.7,2018,Kharif,"Directorate of Economics & Statistics (DES), Ministry of Agriculture",https://desagri.gov.in/,REAL
Uttar Pradesh,Deoria,26.5467,81.3962,Rice / Paddy,92107.0,248688.0,2.7,2019,Kharif,"Directorate of Economics & Statistics (DES), Ministry of Agriculture",https://desagri.gov.in/,REAL
Uttar Pradesh,Deoria,26.5467,81.3962,Rice / Paddy,87501.0,255502.0,2.92,2020,Kharif,"Directorate of Economics & Statistics (DES), Ministry of Agriculture",https://desagri.gov.in/,REAL
Uttar Pradesh,Deoria,26.5467,81.3962,Rice / Paddy,94870.0,277020.0,2.92,2021,Kharif,"Directorate of Economics & Statistics (DES), Ministry of Agriculture",https://desagri.gov.in/,REAL
Uttar Pradesh,Deoria,26.5467,81.3962,Rice / Paddy,92107.0,248688.0,2.7,2022,Kharif,"Directorate of Economics & Statistics (DES), Ministry of Agriculture",https://desagri.gov.in/,REAL
Uttar Pradesh,Deoria,26.5467,81.3962,Rice / Paddy,88422.0,224591.0,2.54,2023,Kharif,"Directorate of Economics & Statistics (DES), Ministry of Agriculture",https://desagri.gov.in/,REAL
Uttar Pradesh,Etah,27.0867,81.3212,Wheat,59773.0,209205.0,3.5,2018,Rabi,"Directorate of Economics & Statistics (DES), Ministry of Agriculture",https://desagri.gov.in/,REAL
Uttar Pradesh,Etah,27.0867,81.3212,Wheat,59773.0,209205.0,3.5,2019,Rabi,"Directorate of Economics & Statistics (DES), Ministry of Agriculture",https://desagri.gov.in/,REAL
Uttar Pradesh,Etah,27.0867,81.3212,Wheat,57428.0,217077.0,3.78,2020,Rabi,"Directorate of Economics & Statistics (DES), Ministry of Agriculture",https://desagri.gov.in/,REAL
Uttar Pradesh,Etah,27.0867,81.3212,Wheat,55670.0,210432.0,3.78,2021,Rabi,"Directorate of Economics & Statistics (DES), Ministry of Agriculture",https://desagri.gov.in/,REAL
Uttar Pradesh,Etah,27.0867,81.3212,Wheat,58014.0,203049.0,3.5,2022,Rabi,"Directorate of Economics & Statistics (DES), Ministry of Agriculture",https://desagri.gov.in/,REAL
Uttar Pradesh,Etah,27.0867,81.3212,Wheat,55670.0,183154.0,3.29,2023,Rabi,"Directorate of Economics & Statistics (DES), Ministry of Agriculture",https://desagri.gov.in/,REAL
Uttar Pradesh,Etah,27.0867,81.3212,Rice / Paddy,66515.0,179590.0,2.7,2018,Kharif,"Directorate of Economics & Statistics (DES), Ministry of Agriculture",https://desagri.gov.in/,REAL
Uttar Pradesh,Etah,27.0867,81.3212,Rice / Paddy,66515.0,179590.0,2.7,2019,Kharif,"Directorate of Economics & Statistics (DES), Ministry of Agriculture",https://desagri.gov.in/,REAL
Uttar Pradesh,Etah,27.0867,81.3212,Rice / Paddy,63906.0,186605.0,2.92,2020,Kharif,"Directorate of Economics & Statistics (DES), Ministry of Agriculture",https://desagri.gov.in/,REAL
Uttar Pradesh,Etah,27.0867,81.3212,Rice / Paddy,61950.0,180894.0,2.92,2021,Kharif,"Directorate of Economics & Statistics (DES), Ministry of Agriculture",https://desagri.gov.in/,REAL
Uttar Pradesh,Etah,27.0867,81.3212,Rice / Paddy,64558.0,174306.0,2.7,2022,Kharif,"Directorate of Economics & Statistics (DES), Ministry of Agriculture",https://desagri.gov.in/,REAL
Uttar Pradesh,Etah,27.0867,81.3212,Rice / Paddy,61950.0,157353.0,2.54,2023,Kharif,"Directorate of Economics & Statistics (DES), Ministry of Agriculture",https://desagri.gov.in/,REAL
Uttar Pradesh,Etawah,27.3117,80.2712,Wheat,47702.0,166957.0,3.5,2018,Rabi,"Directorate of Economics & Statistics (DES), Ministry of Agriculture",https://desagri.gov.in/,REAL
Uttar Pradesh,Etawah,27.3117,80.2712,Wheat,48189.0,168661.0,3.5,2019,Rabi,"Directorate of Economics & Statistics (DES), Ministry of Agriculture",https://desagri.gov.in/,REAL
Uttar Pradesh,Etawah,27.3117,80.2712,Wheat,48676.0,183995.0,3.78,2020,Rabi,"Directorate of Economics & Statistics (DES), Ministry of Agriculture",https://desagri.gov.in/,REAL
Uttar Pradesh,Etawah,27.3117,80.2712,Wheat,48189.0,182154.0,3.78,2021,Rabi,"Directorate of Economics & Statistics (DES), Ministry of Agriculture",https://desagri.gov.in/,REAL
Uttar Pradesh,Etawah,27.3117,80.2712,Wheat,48189.0,168661.0,3.5,2022,Rabi,"Directorate of Economics & Statistics (DES), Ministry of Agriculture",https://desagri.gov.in/,REAL
Uttar Pradesh,Etawah,27.3117,80.2712,Wheat,46728.0,153735.0,3.29,2023,Rabi,"Directorate of Economics & Statistics (DES), Ministry of Agriculture",https://desagri.gov.in/,REAL
Uttar Pradesh,Etawah,27.3117,80.2712,Rice / Paddy,42611.0,115049.0,2.7,2018,Kharif,"Directorate of Economics & Statistics (DES), Ministry of Agriculture",https://desagri.gov.in/,REAL
Uttar Pradesh,Etawah,27.3117,80.2712,Rice / Paddy,43046.0,116224.0,2.7,2019,Kharif,"Directorate of Economics & Statistics (DES), Ministry of Agriculture",https://desagri.gov.in/,REAL
Uttar Pradesh,Etawah,27.3117,80.2712,Rice / Paddy,43481.0,126964.0,2.92,2020,Kharif,"Directorate of Economics & Statistics (DES), Ministry of Agriculture",https://desagri.gov.in/,REAL
Uttar Pradesh,Etawah,27.3117,80.2712,Rice / Paddy,43046.0,125694.0,2.92,2021,Kharif,"Directorate of Economics & Statistics (DES), Ministry of Agriculture",https://desagri.gov.in/,REAL
Uttar Pradesh,Etawah,27.3117,80.2712,Rice / Paddy,43046.0,116224.0,2.7,2022,Kharif,"Directorate of Economics & Statistics (DES), Ministry of Agriculture",https://desagri.gov.in/,REAL
Uttar Pradesh,Etawah,27.3117,80.2712,Rice / Paddy,41741.0,106022.0,2.54,2023,Kharif,"Directorate of Economics & Statistics (DES), Ministry of Agriculture",https://desagri.gov.in/,REAL
Uttar Pradesh,Ayodhya,27.5817,80.8712,Wheat,50888.0,178108.0,3.5,2018,Rabi,"Directorate of Economics & Statistics (DES), Ministry of Agriculture",https://desagri.gov.in/,REAL
Uttar Pradesh,Ayodhya,27.5817,80.8712,Wheat,52965.0,185377.0,3.5,2019,Rabi,"Directorate of Economics & Statistics (DES), Ministry of Agriculture",https://desagri.gov.in/,REAL
Uttar Pradesh,Ayodhya,27.5817,80.8712,Wheat,51927.0,196284.0,3.78,2020,Rabi,"Directorate of Economics & Statistics (DES), Ministry of Agriculture",https://desagri.gov.in/,REAL
Uttar Pradesh,Ayodhya,27.5817,80.8712,Wheat,50369.0,190394.0,3.78,2021,Rabi,"Directorate of Economics & Statistics (DES), Ministry of Agriculture",https://desagri.gov.in/,REAL
Uttar Pradesh,Ayodhya,27.5817,80.8712,Wheat,53484.0,187194.0,3.5,2022,Rabi,"Directorate of Economics & Statistics (DES), Ministry of Agriculture",https://desagri.gov.in/,REAL
Uttar Pradesh,Ayodhya,27.5817,80.8712,Wheat,53484.0,175962.0,3.29,2023,Rabi,"Directorate of Economics & Statistics (DES), Ministry of Agriculture",https://desagri.gov.in/,REAL
Uttar Pradesh,Ayodhya,27.5817,80.8712,Rice / Paddy,89184.0,240796.0,2.7,2018,Kharif,"Directorate of Economics & Statistics (DES), Ministry of Agriculture",https://desagri.gov.in/,REAL
Uttar Pradesh,Ayodhya,27.5817,80.8712,Rice / Paddy,92825.0,250627.0,2.7,2019,Kharif,"Directorate of Economics & Statistics (DES), Ministry of Agriculture",https://desagri.gov.in/,REAL
Uttar Pradesh,Ayodhya,27.5817,80.8712,Rice / Paddy,91005.0,265734.0,2.92,2020,Kharif,"Directorate of Economics & Statistics (DES), Ministry of Agriculture",https://desagri.gov.in/,REAL
Uttar Pradesh,Ayodhya,27.5817,80.8712,Rice / Paddy,88274.0,257760.0,2.92,2021,Kharif,"Directorate of Economics & Statistics (DES), Ministry of Agriculture",https://desagri.gov.in/,REAL
Uttar Pradesh,Ayodhya,27.5817,80.8712,Rice / Paddy,93735.0,253084.0,2.7,2022,Kharif,"Directorate of Economics & Statistics (DES), Ministry of Agriculture",https://desagri.gov.in/,REAL
Uttar Pradesh,Ayodhya,27.5817,80.8712,Rice / Paddy,93735.0,238086.0,2.54,2023,Kharif,"Directorate of Economics & Statistics (DES), Ministry of Agriculture",https://desagri.gov.in/,REAL
Uttar Pradesh,Farrukhabad,26.9367,81.4862,Wheat,72600.0,254100.0,3.5,2018,Rabi,"Directorate of Economics & Statistics (DES), Ministry of Agriculture",https://desagri.gov.in/,REAL
Uttar Pradesh,Farrukhabad,26.9367,81.4862,Wheat,72600.0,254100.0,3.5,2019,Rabi,"Directorate of Economics & Statistics (DES), Ministry of Agriculture",https://desagri.gov.in/,REAL
Uttar Pradesh,Farrukhabad,26.9367,81.4862,Wheat,74052.0,279916.0,3.78,2020,Rabi,"Directorate of Economics & Statistics (DES), Ministry of Agriculture",https://desagri.gov.in/,REAL
Uttar Pradesh,Farrukhabad,26.9367,81.4862,Wheat,71874.0,271683.0,3.78,2021,Rabi,"Directorate of Economics & Statistics (DES), Ministry of Agriculture",https://desagri.gov.in/,REAL
Uttar Pradesh,Farrukhabad,26.9367,81.4862,Wheat,68970.0,241395.0,3.5,2022,Rabi,"Directorate of Economics & Statistics (DES), Ministry of Agriculture",https://desagri.gov.in/,REAL
Uttar Pradesh,Farrukhabad,26.9367,81.4862,Wheat,74052.0,243631.0,3.29,2023,Rabi,"Directorate of Economics & Statistics (DES), Ministry of Agriculture",https://desagri.gov.in/,REAL
Uttar Pradesh,Farrukhabad,26.9367,81.4862,Rice / Paddy,87601.0,236522.0,2.7,2018,Kharif,"Directorate of Economics & Statistics (DES), Ministry of Agriculture",https://desagri.gov.in/,REAL
Uttar Pradesh,Farrukhabad,26.9367,81.4862,Rice / Paddy,87601.0,236522.0,2.7,2019,Kharif,"Directorate of Economics & Statistics (DES), Ministry of Agriculture",https://desagri.gov.in/,REAL
Uttar Pradesh,Farrukhabad,26.9367,81.4862,Rice / Paddy,89353.0,260910.0,2.92,2020,Kharif,"Directorate of Economics & Statistics (DES), Ministry of Agriculture",https://desagri.gov.in/,REAL
Uttar Pradesh,Farrukhabad,26.9367,81.4862,Rice / Paddy,86724.0,253234.0,2.92,2021,Kharif,"Directorate of Economics & Statistics (DES), Ministry of Agriculture",https://desagri.gov.in/,REAL
Uttar Pradesh,Farrukhabad,26.9367,81.4862,Rice / Paddy,83220.0,224694.0,2.7,2022,Kharif,"Directorate of Economics & Statistics (DES), Ministry of Agriculture",https://desagri.gov.in/,REAL
Uttar Pradesh,Farrukhabad,26.9367,81.4862,Rice / Paddy,89353.0,226956.0,2.54,2023,Kharif,"Directorate of Economics & Statistics (DES), Ministry of Agriculture",https://desagri.gov.in/,REAL
Uttar Pradesh,Fatehpur,27.1917,80.4362,Wheat,47654.0,166789.0,3.5,2018,Rabi,"Directorate of Economics & Statistics (DES), Ministry of Agriculture",https://desagri.gov.in/,REAL
Uttar Pradesh,Fatehpur,27.1917,80.4362,Wheat,49619.0,173666.0,3.5,2019,Rabi,"Directorate of Economics & Statistics (DES), Ministry of Agriculture",https://desagri.gov.in/,REAL
Uttar Pradesh,Fatehpur,27.1917,80.4362,Wheat,50601.0,191271.0,3.78,2020,Rabi,"Directorate of Economics & Statistics (DES), Ministry of Agriculture",https://desagri.gov.in/,REAL
Uttar Pradesh,Fatehpur,27.1917,80.4362,Wheat,46671.0,176416.0,3.78,2021,Rabi,"Directorate of Economics & Statistics (DES), Ministry of Agriculture",https://desagri.gov.in/,REAL
Uttar Pradesh,Fatehpur,27.1917,80.4362,Wheat,47162.0,165067.0,3.5,2022,Rabi,"Directorate of Economics & Statistics (DES), Ministry of Agriculture",https://desagri.gov.in/,REAL
Uttar Pradesh,Fatehpur,27.1917,80.4362,Wheat,51093.0,168095.0,3.29,2023,Rabi,"Directorate of Economics & Statistics (DES), Ministry of Agriculture",https://desagri.gov.in/,REAL
Uttar Pradesh,Fatehpur,27.1917,80.4362,Rice / Paddy,54950.0,148365.0,2.7,2018,Kharif,"Directorate of Economics & Statistics (DES), Ministry of Agriculture",https://desagri.gov.in/,REAL
Uttar Pradesh,Fatehpur,27.1917,80.4362,Rice / Paddy,57216.0,154483.0,2.7,2019,Kharif,"Directorate of Economics & Statistics (DES), Ministry of Agriculture",https://desagri.gov.in/,REAL
Uttar Pradesh,Fatehpur,27.1917,80.4362,Rice / Paddy,58349.0,170379.0,2.92,2020,Kharif,"Directorate of Economics & Statistics (DES), Ministry of Agriculture",https://desagri.gov.in/,REAL
Uttar Pradesh,Fatehpur,27.1917,80.4362,Rice / Paddy,53817.0,157145.0,2.92,2021,Kharif,"Directorate of Economics & Statistics (DES), Ministry of Agriculture",https://desagri.gov.in/,REAL
Uttar Pradesh,Fatehpur,27.1917,80.4362,Rice / Paddy,54384.0,146836.0,2.7,2022,Kharif,"Directorate of Economics & Statistics (DES), Ministry of Agriculture",https://desagri.gov.in/,REAL
Uttar Pradesh,Fatehpur,27.1917,80.4362,Rice / Paddy,58916.0,149646.0,2.54,2023,Kharif,"Directorate of Economics & Statistics (DES), Ministry of Agriculture",https://desagri.gov.in/,REAL
Uttar Pradesh,Firozabad,27.5367,81.0962,Wheat,91934.0,321769.0,3.5,2018,Rabi,"Directorate of Economics & Statistics (DES), Ministry of Agriculture",https://desagri.gov.in/,REAL
Uttar Pradesh,Firozabad,27.5367,81.0962,Wheat,94837.0,331929.0,3.5,2019,Rabi,"Directorate of Economics & Statistics (DES), Ministry of Agriculture",https://desagri.gov.in/,REAL
Uttar Pradesh,Firozabad,27.5367,81.0962,Wheat,97740.0,369457.0,3.78,2020,Rabi,"Directorate of Economics & Statistics (DES), Ministry of Agriculture",https://desagri.gov.in/,REAL
Uttar Pradesh,Firozabad,27.5367,81.0962,Wheat,93869.0,354824.0,3.78,2021,Rabi,"Directorate of Economics & Statistics (DES), Ministry of Agriculture",https://desagri.gov.in/,REAL
Uttar Pradesh,Firozabad,27.5367,81.0962,Wheat,96773.0,338705.0,3.5,2022,Rabi,"Directorate of Economics & Statistics (DES), Ministry of Agriculture",https://desagri.gov.in/,REAL
Uttar Pradesh,Firozabad,27.5367,81.0962,Wheat,94837.0,312013.0,3.29,2023,Rabi,"Directorate of Economics & Statistics (DES), Ministry of Agriculture",https://desagri.gov.in/,REAL
Uttar Pradesh,Firozabad,27.5367,81.0962,Rice / Paddy,79269.0,214026.0,2.7,2018,Kharif,"Directorate of Economics & Statistics (DES), Ministry of Agriculture",https://desagri.gov.in/,REAL
Uttar Pradesh,Firozabad,27.5367,81.0962,Rice / Paddy,81773.0,220787.0,2.7,2019,Kharif,"Directorate of Economics & Statistics (DES), Ministry of Agriculture",https://desagri.gov.in/,REAL
Uttar Pradesh,Firozabad,27.5367,81.0962,Rice / Paddy,84276.0,246085.0,2.92,2020,Kharif,"Directorate of Economics & Statistics (DES), Ministry of Agriculture",https://desagri.gov.in/,REAL
Uttar Pradesh,Firozabad,27.5367,81.0962,Rice / Paddy,80938.0,236338.0,2.92,2021,Kharif,"Directorate of Economics & Statistics (DES), Ministry of Agriculture",https://desagri.gov.in/,REAL
Uttar Pradesh,Firozabad,27.5367,81.0962,Rice / Paddy,83442.0,225293.0,2.7,2022,Kharif,"Directorate of Economics & Statistics (DES), Ministry of Agriculture",https://desagri.gov.in/,REAL
Uttar Pradesh,Firozabad,27.5367,81.0962,Rice / Paddy,81773.0,207703.0,2.54,2023,Kharif,"Directorate of Economics & Statistics (DES), Ministry of Agriculture",https://desagri.gov.in/,REAL
Uttar Pradesh,Gautam Buddha Nagar,26.4717,81.0962,Wheat,28147.0,98514.0,3.5,2018,Rabi,"Directorate of Economics & Statistics (DES), Ministry of Agriculture",https://desagri.gov.in/,REAL
Uttar Pradesh,Gautam Buddha Nagar,26.4717,81.0962,Wheat,29296.0,102536.0,3.5,2019,Rabi,"Directorate of Economics & Statistics (DES), Ministry of Agriculture",https://desagri.gov.in/,REAL
Uttar Pradesh,Gautam Buddha Nagar,26.4717,81.0962,Wheat,28434.0,107480.0,3.78,2020,Rabi,"Directorate of Economics & Statistics (DES), Ministry of Agriculture",https://desagri.gov.in/,REAL
Uttar Pradesh,Gautam Buddha Nagar,26.4717,81.0962,Wheat,28434.0,107480.0,3.78,2021,Rabi,"Directorate of Economics & Statistics (DES), Ministry of Agriculture",https://desagri.gov.in/,REAL
Uttar Pradesh,Gautam Buddha Nagar,26.4717,81.0962,Wheat,27573.0,96505.0,3.5,2022,Rabi,"Directorate of Economics & Statistics (DES), Ministry of Agriculture",https://desagri.gov.in/,REAL
Uttar Pradesh,Gautam Buddha Nagar,26.4717,81.0962,Wheat,27573.0,90715.0,3.29,2023,Rabi,"Directorate of Economics & Statistics (DES), Ministry of Agriculture",https://desagri.gov.in/,REAL
Uttar Pradesh,Gautam Buddha Nagar,26.4717,81.0962,Rice / Paddy,47872.0,129254.0,2.7,2018,Kharif,"Directorate of Economics & Statistics (DES), Ministry of Agriculture",https://desagri.gov.in/,REAL
Uttar Pradesh,Gautam Buddha Nagar,26.4717,81.0962,Rice / Paddy,49825.0,134527.0,2.7,2019,Kharif,"Directorate of Economics & Statistics (DES), Ministry of Agriculture",https://desagri.gov.in/,REAL
Uttar Pradesh,Gautam Buddha Nagar,26.4717,81.0962,Rice / Paddy,48360.0,141211.0,2.92,2020,Kharif,"Directorate of Economics & Statistics (DES), Ministry of Agriculture",https://desagri.gov.in/,REAL
Uttar Pradesh,Gautam Buddha Nagar,26.4717,81.0962,Rice / Paddy,48360.0,141211.0,2.92,2021,Kharif,"Directorate of Economics & Statistics (DES), Ministry of Agriculture",https://desagri.gov.in/,REAL
Uttar Pradesh,Gautam Buddha Nagar,26.4717,81.0962,Rice / Paddy,46895.0,126616.0,2.7,2022,Kharif,"Directorate of Economics & Statistics (DES), Ministry of Agriculture",https://desagri.gov.in/,REAL
Uttar Pradesh,Gautam Buddha Nagar,26.4717,81.0962,Rice / Paddy,46895.0,119113.0,2.54,2023,Kharif,"Directorate of Economics & Statistics (DES), Ministry of Agriculture",https://desagri.gov.in/,REAL
Uttar Pradesh,Ghaziabad,26.8917,81.1862,Wheat,21433.0,75015.0,3.5,2018,Rabi,"Directorate of Economics & Statistics (DES), Ministry of Agriculture",https://desagri.gov.in/,REAL
Uttar Pradesh,Ghaziabad,26.8917,81.1862,Wheat,21433.0,75015.0,3.5,2019,Rabi,"Directorate of Economics & Statistics (DES), Ministry of Agriculture",https://desagri.gov.in/,REAL
Uttar Pradesh,Ghaziabad,26.8917,81.1862,Wheat,21433.0,81016.0,3.78,2020,Rabi,"Directorate of Economics & Statistics (DES), Ministry of Agriculture",https://desagri.gov.in/,REAL
Uttar Pradesh,Ghaziabad,26.8917,81.1862,Wheat,20815.0,78680.0,3.78,2021,Rabi,"Directorate of Economics & Statistics (DES), Ministry of Agriculture",https://desagri.gov.in/,REAL
Uttar Pradesh,Ghaziabad,26.8917,81.1862,Wheat,19990.0,69965.0,3.5,2022,Rabi,"Directorate of Economics & Statistics (DES), Ministry of Agriculture",https://desagri.gov.in/,REAL
Uttar Pradesh,Ghaziabad,26.8917,81.1862,Wheat,20196.0,66444.0,3.29,2023,Rabi,"Directorate of Economics & Statistics (DES), Ministry of Agriculture",https://desagri.gov.in/,REAL
Uttar Pradesh,Ghaziabad,26.8917,81.1862,Rice / Paddy,38084.0,102826.0,2.7,2018,Kharif,"Directorate of Economics & Statistics (DES), Ministry of Agriculture",https://desagri.gov.in/,REAL
Uttar Pradesh,Ghaziabad,26.8917,81.1862,Rice / Paddy,38084.0,102826.0,2.7,2019,Kharif,"Directorate of Economics & Statistics (DES), Ministry of Agriculture",https://desagri.gov.in/,REAL
Uttar Pradesh,Ghaziabad,26.8917,81.1862,Rice / Paddy,38084.0,111205.0,2.92,2020,Kharif,"Directorate of Economics & Statistics (DES), Ministry of Agriculture",https://desagri.gov.in/,REAL
Uttar Pradesh,Ghaziabad,26.8917,81.1862,Rice / Paddy,36986.0,107999.0,2.92,2021,Kharif,"Directorate of Economics & Statistics (DES), Ministry of Agriculture",https://desagri.gov.in/,REAL
Uttar Pradesh,Ghaziabad,26.8917,81.1862,Rice / Paddy,35521.0,95906.0,2.7,2022,Kharif,"Directorate of Economics & Statistics (DES), Ministry of Agriculture",https://desagri.gov.in/,REAL
Uttar Pradesh,Ghaziabad,26.8917,81.1862,Rice / Paddy,35887.0,91152.0,2.54,2023,Kharif,"Directorate of Economics & Statistics (DES), Ministry of Agriculture",https://desagri.gov.in/,REAL
Uttar Pradesh,Ghazipur,26.5467,80.3912,Wheat,38684.0,135394.0,3.5,2018,Rabi,"Directorate of Economics & Statistics (DES), Ministry of Agriculture",https://desagri.gov.in/,REAL
Uttar Pradesh,Ghazipur,26.5467,80.3912,Wheat,36453.0,127585.0,3.5,2019,Rabi,"Directorate of Economics & Statistics (DES), Ministry of Agriculture",https://desagri.gov.in/,REAL
Uttar Pradesh,Ghazipur,26.5467,80.3912,Wheat,35337.0,133573.0,3.78,2020,Rabi,"Directorate of Economics & Statistics (DES), Ministry of Agriculture",https://desagri.gov.in/,REAL
Uttar Pradesh,Ghazipur,26.5467,80.3912,Wheat,35709.0,134980.0,3.78,2021,Rabi,"Directorate of Economics & Statistics (DES), Ministry of Agriculture",https://desagri.gov.in/,REAL
Uttar Pradesh,Ghazipur,26.5467,80.3912,Wheat,37197.0,130189.0,3.5,2022,Rabi,"Directorate of Economics & Statistics (DES), Ministry of Agriculture",https://desagri.gov.in/,REAL
Uttar Pradesh,Ghazipur,26.5467,80.3912,Wheat,37568.0,123598.0,3.29,2023,Rabi,"Directorate of Economics & Statistics (DES), Ministry of Agriculture",https://desagri.gov.in/,REAL
Uttar Pradesh,Ghazipur,26.5467,80.3912,Rice / Paddy,81247.0,219366.0,2.7,2018,Kharif,"Directorate of Economics & Statistics (DES), Ministry of Agriculture",https://desagri.gov.in/,REAL
Uttar Pradesh,Ghazipur,26.5467,80.3912,Rice / Paddy,76560.0,206712.0,2.7,2019,Kharif,"Directorate of Economics & Statistics (DES), Ministry of Agriculture",https://desagri.gov.in/,REAL
Uttar Pradesh,Ghazipur,26.5467,80.3912,Rice / Paddy,74216.0,216710.0,2.92,2020,Kharif,"Directorate of Economics & Statistics (DES), Ministry of Agriculture",https://desagri.gov.in/,REAL
Uttar Pradesh,Ghazipur,26.5467,80.3912,Rice / Paddy,74998.0,218994.0,2.92,2021,Kharif,"Directorate of Economics & Statistics (DES), Ministry of Agriculture",https://desagri.gov.in/,REAL
Uttar Pradesh,Ghazipur,26.5467,80.3912,Rice / Paddy,78123.0,210932.0,2.7,2022,Kharif,"Directorate of Economics & Statistics (DES), Ministry of Agriculture",https://desagri.gov.in/,REAL
Uttar Pradesh,Ghazipur,26.5467,80.3912,Rice / Paddy,78904.0,200416.0,2.54,2023,Kharif,"Directorate of Economics & Statistics (DES), Ministry of Agriculture",https://desagri.gov.in/,REAL
Uttar Pradesh,Gonda,27.1917,80.6162,Wheat,72732.0,254562.0,3.5,2018,Rabi,"Directorate of Economics & Statistics (DES), Ministry of Agriculture",https://desagri.gov.in/,REAL
Uttar Pradesh,Gonda,27.1917,80.6162,Wheat,71982.0,251937.0,3.5,2019,Rabi,"Directorate of Economics & Statistics (DES), Ministry of Agriculture",https://desagri.gov.in/,REAL
Uttar Pradesh,Gonda,27.1917,80.6162,Wheat,75731.0,286263.0,3.78,2020,Rabi,"Directorate of Economics & Statistics (DES), Ministry of Agriculture",https://desagri.gov.in/,REAL
Uttar Pradesh,Gonda,27.1917,80.6162,Wheat,77231.0,291933.0,3.78,2021,Rabi,"Directorate of Economics & Statistics (DES), Ministry of Agriculture",https://desagri.gov.in/,REAL
Uttar Pradesh,Gonda,27.1917,80.6162,Wheat,76481.0,267683.0,3.5,2022,Rabi,"Directorate of Economics & Statistics (DES), Ministry of Agriculture",https://desagri.gov.in/,REAL
Uttar Pradesh,Gonda,27.1917,80.6162,Wheat,74982.0,246690.0,3.29,2023,Rabi,"Directorate of Economics & Statistics (DES), Ministry of Agriculture",https://desagri.gov.in/,REAL
Uttar Pradesh,Gonda,27.1917,80.6162,Rice / Paddy,67749.0,182922.0,2.7,2018,Kharif,"Directorate of Economics & Statistics (DES), Ministry of Agriculture",https://desagri.gov.in/,REAL
Uttar Pradesh,Gonda,27.1917,80.6162,Rice / Paddy,67051.0,181037.0,2.7,2019,Kharif,"Directorate of Economics & Statistics (DES), Ministry of Agriculture",https://desagri.gov.in/,REAL
Uttar Pradesh,Gonda,27.1917,80.6162,Rice / Paddy,70543.0,205985.0,2.92,2020,Kharif,"Directorate of Economics & Statistics (DES), Ministry of Agriculture",https://desagri.gov.in/,REAL
Uttar Pradesh,Gonda,27.1917,80.6162,Rice / Paddy,71940.0,210064.0,2.92,2021,Kharif,"Directorate of Economics & Statistics (DES), Ministry of Agriculture",https://desagri.gov.in/,REAL
Uttar Pradesh,Gonda,27.1917,80.6162,Rice / Paddy,71241.0,192350.0,2.7,2022,Kharif,"Directorate of Economics & Statistics (DES), Ministry of Agriculture",https://desagri.gov.in/,REAL
Uttar Pradesh,Gonda,27.1917,80.6162,Rice / Paddy,69845.0,177406.0,2.54,2023,Kharif,"Directorate of Economics & Statistics (DES), Ministry of Agriculture",https://desagri.gov.in/,REAL
Uttar Pradesh,Gorakhpur,26.4717,80.6462,Wheat,48778.0,170723.0,3.5,2018,Rabi,"Directorate of Economics & Statistics (DES), Ministry of Agriculture",https://desagri.gov.in/,REAL
Uttar Pradesh,Gorakhpur,26.4717,80.6462,Wheat,49734.0,174069.0,3.5,2019,Rabi,"Directorate of Economics & Statistics (DES), Ministry of Agriculture",https://desagri.gov.in/,REAL
Uttar Pradesh,Gorakhpur,26.4717,80.6462,Wheat,45430.0,171725.0,3.78,2020,Rabi,"Directorate of Economics & Statistics (DES), Ministry of Agriculture",https://desagri.gov.in/,REAL
Uttar Pradesh,Gorakhpur,26.4717,80.6462,Wheat,47343.0,178956.0,3.78,2021,Rabi,"Directorate of Economics & Statistics (DES), Ministry of Agriculture",https://desagri.gov.in/,REAL
Uttar Pradesh,Gorakhpur,26.4717,80.6462,Wheat,45430.0,159005.0,3.5,2022,Rabi,"Directorate of Economics & Statistics (DES), Ministry of Agriculture",https://desagri.gov.in/,REAL
Uttar Pradesh,Gorakhpur,26.4717,80.6462,Wheat,48300.0,158907.0,3.29,2023,Rabi,"Directorate of Economics & Statistics (DES), Ministry of Agriculture",https://desagri.gov.in/,REAL
Uttar Pradesh,Gorakhpur,26.4717,80.6462,Rice / Paddy,89733.0,242279.0,2.7,2018,Kharif,"Directorate of Economics & Statistics (DES), Ministry of Agriculture",https://desagri.gov.in/,REAL
Uttar Pradesh,Gorakhpur,26.4717,80.6462,Rice / Paddy,91492.0,247028.0,2.7,2019,Kharif,"Directorate of Economics & Statistics (DES), Ministry of Agriculture",https://desagri.gov.in/,REAL
Uttar Pradesh,Gorakhpur,26.4717,80.6462,Rice / Paddy,83575.0,244039.0,2.92,2020,Kharif,"Directorate of Economics & Statistics (DES), Ministry of Agriculture",https://desagri.gov.in/,REAL
Uttar Pradesh,Gorakhpur,26.4717,80.6462,Rice / Paddy,87094.0,254314.0,2.92,2021,Kharif,"Directorate of Economics & Statistics (DES), Ministry of Agriculture",https://desagri.gov.in/,REAL
Uttar Pradesh,Gorakhpur,26.4717,80.6462,Rice / Paddy,83575.0,225652.0,2.7,2022,Kharif,"Directorate of Economics & Statistics (DES), Ministry of Agriculture",https://desagri.gov.in/,REAL
Uttar Pradesh,Gorakhpur,26.4717,80.6462,Rice / Paddy,88853.0,225686.0,2.54,2023,Kharif,"Directorate of Economics & Statistics (DES), Ministry of Agriculture",https://desagri.gov.in/,REAL
Uttar Pradesh,Hamirpur,26.9367,81.5762,Wheat,75312.0,263592.0,3.5,2018,Rabi,"Directorate of Economics & Statistics (DES), Ministry of Agriculture",https://desagri.gov.in/,REAL
Uttar Pradesh,Hamirpur,26.9367,81.5762,Wheat,70967.0,248384.0,3.5,2019,Rabi,"Directorate of Economics & Statistics (DES), Ministry of Agriculture",https://desagri.gov.in/,REAL
Uttar Pradesh,Hamirpur,26.9367,81.5762,Wheat,71691.0,270991.0,3.78,2020,Rabi,"Directorate of Economics & Statistics (DES), Ministry of Agriculture",https://desagri.gov.in/,REAL
Uttar Pradesh,Hamirpur,26.9367,81.5762,Wheat,72416.0,273732.0,3.78,2021,Rabi,"Directorate of Economics & Statistics (DES), Ministry of Agriculture",https://desagri.gov.in/,REAL
Uttar Pradesh,Hamirpur,26.9367,81.5762,Wheat,68795.0,240782.0,3.5,2022,Rabi,"Directorate of Economics & Statistics (DES), Ministry of Agriculture",https://desagri.gov.in/,REAL
Uttar Pradesh,Hamirpur,26.9367,81.5762,Wheat,74588.0,245394.0,3.29,2023,Rabi,"Directorate of Economics & Statistics (DES), Ministry of Agriculture",https://desagri.gov.in/,REAL
Uttar Pradesh,Hamirpur,26.9367,81.5762,Rice / Paddy,86375.0,233212.0,2.7,2018,Kharif,"Directorate of Economics & Statistics (DES), Ministry of Agriculture",https://desagri.gov.in/,REAL
Uttar Pradesh,Hamirpur,26.9367,81.5762,Rice / Paddy,81391.0,219755.0,2.7,2019,Kharif,"Directorate of Economics & Statistics (DES), Ministry of Agriculture",https://desagri.gov.in/,REAL
Uttar Pradesh,Hamirpur,26.9367,81.5762,Rice / Paddy,82222.0,240088.0,2.92,2020,Kharif,"Directorate of Economics & Statistics (DES), Ministry of Agriculture",https://desagri.gov.in/,REAL
Uttar Pradesh,Hamirpur,26.9367,81.5762,Rice / Paddy,83053.0,242514.0,2.92,2021,Kharif,"Directorate of Economics & Statistics (DES), Ministry of Agriculture",https://desagri.gov.in/,REAL
Uttar Pradesh,Hamirpur,26.9367,81.5762,Rice / Paddy,78900.0,213030.0,2.7,2022,Kharif,"Directorate of Economics & Statistics (DES), Ministry of Agriculture",https://desagri.gov.in/,REAL
Uttar Pradesh,Hamirpur,26.9367,81.5762,Rice / Paddy,85544.0,217281.0,2.54,2023,Kharif,"Directorate of Economics & Statistics (DES), Ministry of Agriculture",https://desagri.gov.in/,REAL
Uttar Pradesh,Hapur,26.6817,81.4712,Wheat,53954.0,188839.0,3.5,2018,Rabi,"Directorate of Economics & Statistics (DES), Ministry of Agriculture",https://desagri.gov.in/,REAL
Uttar Pradesh,Hapur,26.6817,81.4712,Wheat,56794.0,198779.0,3.5,2019,Rabi,"Directorate of Economics & Statistics (DES), Ministry of Agriculture",https://desagri.gov.in/,REAL
Uttar Pradesh,Hapur,26.6817,81.4712,Wheat,56226.0,212534.0,3.78,2020,Rabi,"Directorate of Economics & Statistics (DES), Ministry of Agriculture",https://desagri.gov.in/,REAL
Uttar Pradesh,Hapur,26.6817,81.4712,Wheat,57361.0,216824.0,3.78,2021,Rabi,"Directorate of Economics & Statistics (DES), Ministry of Agriculture",https://desagri.gov.in/,REAL
Uttar Pradesh,Hapur,26.6817,81.4712,Wheat,55090.0,192815.0,3.5,2022,Rabi,"Directorate of Economics & Statistics (DES), Ministry of Agriculture",https://desagri.gov.in/,REAL
Uttar Pradesh,Hapur,26.6817,81.4712,Wheat,56794.0,186852.0,3.29,2023,Rabi,"Directorate of Economics & Statistics (DES), Ministry of Agriculture",https://desagri.gov.in/,REAL
Uttar Pradesh,Hapur,26.6817,81.4712,Rice / Paddy,47161.0,127334.0,2.7,2018,Kharif,"Directorate of Economics & Statistics (DES), Ministry of Agriculture",https://desagri.gov.in/,REAL
Uttar Pradesh,Hapur,26.6817,81.4712,Rice / Paddy,49644.0,134038.0,2.7,2019,Kharif,"Directorate of Economics & Statistics (DES), Ministry of Agriculture",https://desagri.gov.in/,REAL
Uttar Pradesh,Hapur,26.6817,81.4712,Rice / Paddy,49147.0,143509.0,2.92,2020,Kharif,"Directorate of Economics & Statistics (DES), Ministry of Agriculture",https://desagri.gov.in/,REAL
Uttar Pradesh,Hapur,26.6817,81.4712,Rice / Paddy,50140.0,146408.0,2.92,2021,Kharif,"Directorate of Economics & Statistics (DES), Ministry of Agriculture",https://desagri.gov.in/,REAL
Uttar Pradesh,Hapur,26.6817,81.4712,Rice / Paddy,48154.0,130015.0,2.7,2022,Kharif,"Directorate of Economics & Statistics (DES), Ministry of Agriculture",https://desagri.gov.in/,REAL
Uttar Pradesh,Hapur,26.6817,81.4712,Rice / Paddy,49644.0,126095.0,2.54,2023,Kharif,"Directorate of Economics & Statistics (DES), Ministry of Agriculture",https://desagri.gov.in/,REAL
Uttar Pradesh,Hardoi,26.9217,81.3362,Wheat,79500.0,278250.0,3.5,2018,Rabi,"Directorate of Economics & Statistics (DES), Ministry of Agriculture",https://desagri.gov.in/,REAL
Uttar Pradesh,Hardoi,26.9217,81.3362,Wheat,79500.0,278250.0,3.5,2019,Rabi,"Directorate of Economics & Statistics (DES), Ministry of Agriculture",https://desagri.gov.in/,REAL
Uttar Pradesh,Hardoi,26.9217,81.3362,Wheat,84521.0,319489.0,3.78,2020,Rabi,"Directorate of Economics & Statistics (DES), Ministry of Agriculture",https://desagri.gov.in/,REAL
Uttar Pradesh,Hardoi,26.9217,81.3362,Wheat,82011.0,310001.0,3.78,2021,Rabi,"Directorate of Economics & Statistics (DES), Ministry of Agriculture",https://desagri.gov.in/,REAL
Uttar Pradesh,Hardoi,26.9217,81.3362,Wheat,80337.0,281179.0,3.5,2022,Rabi,"Directorate of Economics & Statistics (DES), Ministry of Agriculture",https://desagri.gov.in/,REAL
Uttar Pradesh,Hardoi,26.9217,81.3362,Wheat,80337.0,264308.0,3.29,2023,Rabi,"Directorate of Economics & Statistics (DES), Ministry of Agriculture",https://desagri.gov.in/,REAL
Uttar Pradesh,Hardoi,26.9217,81.3362,Rice / Paddy,20043.0,54116.0,2.7,2018,Kharif,"Directorate of Economics & Statistics (DES), Ministry of Agriculture",https://desagri.gov.in/,REAL
Uttar Pradesh,Hardoi,26.9217,81.3362,Rice / Paddy,20043.0,54116.0,2.7,2019,Kharif,"Directorate of Economics & Statistics (DES), Ministry of Agriculture",https://desagri.gov.in/,REAL
Uttar Pradesh,Hardoi,26.9217,81.3362,Rice / Paddy,21308.0,62219.0,2.92,2020,Kharif,"Directorate of Economics & Statistics (DES), Ministry of Agriculture",https://desagri.gov.in/,REAL
Uttar Pradesh,Hardoi,26.9217,81.3362,Rice / Paddy,20676.0,60373.0,2.92,2021,Kharif,"Directorate of Economics & Statistics (DES), Ministry of Agriculture",https://desagri.gov.in/,REAL
Uttar Pradesh,Hardoi,26.9217,81.3362,Rice / Paddy,20254.0,54685.0,2.7,2022,Kharif,"Directorate of Economics & Statistics (DES), Ministry of Agriculture",https://desagri.gov.in/,REAL
Uttar Pradesh,Hardoi,26.9217,81.3362,Rice / Paddy,20254.0,51445.0,2.54,2023,Kharif,"Directorate of Economics & Statistics (DES), Ministry of Agriculture",https://desagri.gov.in/,REAL
Uttar Pradesh,Hathras,26.6067,80.8862,Wheat,42312.0,148092.0,3.5,2018,Rabi,"Directorate of Economics & Statistics (DES), Ministry of Agriculture",https://desagri.gov.in/,REAL
Uttar Pradesh,Hathras,26.6067,80.8862,Wheat,41483.0,145190.0,3.5,2019,Rabi,"Directorate of Economics & Statistics (DES), Ministry of Agriculture",https://desagri.gov.in/,REAL
Uttar Pradesh,Hathras,26.6067,80.8862,Wheat,41483.0,156805.0,3.78,2020,Rabi,"Directorate of Economics & Statistics (DES), Ministry of Agriculture",https://desagri.gov.in/,REAL
Uttar Pradesh,Hathras,26.6067,80.8862,Wheat,39408.0,148962.0,3.78,2021,Rabi,"Directorate of Economics & Statistics (DES), Ministry of Agriculture",https://desagri.gov.in/,REAL
Uttar Pradesh,Hathras,26.6067,80.8862,Wheat,39408.0,137928.0,3.5,2022,Rabi,"Directorate of Economics & Statistics (DES), Ministry of Agriculture",https://desagri.gov.in/,REAL
Uttar Pradesh,Hathras,26.6067,80.8862,Wheat,40238.0,132383.0,3.29,2023,Rabi,"Directorate of Economics & Statistics (DES), Ministry of Agriculture",https://desagri.gov.in/,REAL
Uttar Pradesh,Hathras,26.6067,80.8862,Rice / Paddy,27890.0,75303.0,2.7,2018,Kharif,"Directorate of Economics & Statistics (DES), Ministry of Agriculture",https://desagri.gov.in/,REAL
Uttar Pradesh,Hathras,26.6067,80.8862,Rice / Paddy,27344.0,73828.0,2.7,2019,Kharif,"Directorate of Economics & Statistics (DES), Ministry of Agriculture",https://desagri.gov.in/,REAL
Uttar Pradesh,Hathras,26.6067,80.8862,Rice / Paddy,27344.0,79844.0,2.92,2020,Kharif,"Directorate of Economics & Statistics (DES), Ministry of Agriculture",https://desagri.gov.in/,REAL
Uttar Pradesh,Hathras,26.6067,80.8862,Rice / Paddy,25976.0,75849.0,2.92,2021,Kharif,"Directorate of Economics & Statistics (DES), Ministry of Agriculture",https://desagri.gov.in/,REAL
Uttar Pradesh,Hathras,26.6067,80.8862,Rice / Paddy,25976.0,70135.0,2.7,2022,Kharif,"Directorate of Economics & Statistics (DES), Ministry of Agriculture",https://desagri.gov.in/,REAL
Uttar Pradesh,Hathras,26.6067,80.8862,Rice / Paddy,26523.0,67368.0,2.54,2023,Kharif,"Directorate of Economics & Statistics (DES), Ministry of Agriculture",https://desagri.gov.in/,REAL
Uttar Pradesh,Jalaun,26.2917,80.8562,Wheat,27383.0,95840.0,3.5,2018,Rabi,"Directorate of Economics & Statistics (DES), Ministry of Agriculture",https://desagri.gov.in/,REAL
Uttar Pradesh,Jalaun,26.2917,80.8562,Wheat,28248.0,98868.0,3.5,2019,Rabi,"Directorate of Economics & Statistics (DES), Ministry of Agriculture",https://desagri.gov.in/,REAL
Uttar Pradesh,Jalaun,26.2917,80.8562,Wheat,27960.0,105688.0,3.78,2020,Rabi,"Directorate of Economics & Statistics (DES), Ministry of Agriculture",https://desagri.gov.in/,REAL
Uttar Pradesh,Jalaun,26.2917,80.8562,Wheat,29113.0,110047.0,3.78,2021,Rabi,"Directorate of Economics & Statistics (DES), Ministry of Agriculture",https://desagri.gov.in/,REAL
Uttar Pradesh,Jalaun,26.2917,80.8562,Wheat,27672.0,96852.0,3.5,2022,Rabi,"Directorate of Economics & Statistics (DES), Ministry of Agriculture",https://desagri.gov.in/,REAL
Uttar Pradesh,Jalaun,26.2917,80.8562,Wheat,29113.0,95781.0,3.29,2023,Rabi,"Directorate of Economics & Statistics (DES), Ministry of Agriculture",https://desagri.gov.in/,REAL
Uttar Pradesh,Jalaun,26.2917,80.8562,Rice / Paddy,28432.0,76766.0,2.7,2018,Kharif,"Directorate of Economics & Statistics (DES), Ministry of Agriculture",https://desagri.gov.in/,REAL
Uttar Pradesh,Jalaun,26.2917,80.8562,Rice / Paddy,29330.0,79191.0,2.7,2019,Kharif,"Directorate of Economics & Statistics (DES), Ministry of Agriculture",https://desagri.gov.in/,REAL
Uttar Pradesh,Jalaun,26.2917,80.8562,Rice / Paddy,29031.0,84770.0,2.92,2020,Kharif,"Directorate of Economics & Statistics (DES), Ministry of Agriculture",https://desagri.gov.in/,REAL
Uttar Pradesh,Jalaun,26.2917,80.8562,Rice / Paddy,30228.0,88265.0,2.92,2021,Kharif,"Directorate of Economics & Statistics (DES), Ministry of Agriculture",https://desagri.gov.in/,REAL
Uttar Pradesh,Jalaun,26.2917,80.8562,Rice / Paddy,28731.0,77573.0,2.7,2022,Kharif,"Directorate of Economics & Statistics (DES), Ministry of Agriculture",https://desagri.gov.in/,REAL
Uttar Pradesh,Jalaun,26.2917,80.8562,Rice / Paddy,30228.0,76779.0,2.54,2023,Kharif,"Directorate of Economics & Statistics (DES), Ministry of Agriculture",https://desagri.gov.in/,REAL
Uttar Pradesh,Jaunpur,26.8017,81.2012,Wheat,55722.0,195027.0,3.5,2018,Rabi,"Directorate of Economics & Statistics (DES), Ministry of Agriculture",https://desagri.gov.in/,REAL
Uttar Pradesh,Jaunpur,26.8017,81.2012,Wheat,56285.0,196997.0,3.5,2019,Rabi,"Directorate of Economics & Statistics (DES), Ministry of Agriculture",https://desagri.gov.in/,REAL
Uttar Pradesh,Jaunpur,26.8017,81.2012,Wheat,58536.0,221266.0,3.78,2020,Rabi,"Directorate of Economics & Statistics (DES), Ministry of Agriculture",https://desagri.gov.in/,REAL
Uttar Pradesh,Jaunpur,26.8017,81.2012,Wheat,56847.0,214881.0,3.78,2021,Rabi,"Directorate of Economics & Statistics (DES), Ministry of Agriculture",https://desagri.gov.in/,REAL
Uttar Pradesh,Jaunpur,26.8017,81.2012,Wheat,55159.0,193056.0,3.5,2022,Rabi,"Directorate of Economics & Statistics (DES), Ministry of Agriculture",https://desagri.gov.in/,REAL
Uttar Pradesh,Jaunpur,26.8017,81.2012,Wheat,55722.0,183325.0,3.29,2023,Rabi,"Directorate of Economics & Statistics (DES), Ministry of Agriculture",https://desagri.gov.in/,REAL
Uttar Pradesh,Jaunpur,26.8017,81.2012,Rice / Paddy,31315.0,84550.0,2.7,2018,Kharif,"Directorate of Economics & Statistics (DES), Ministry of Agriculture",https://desagri.gov.in/,REAL
Uttar Pradesh,Jaunpur,26.8017,81.2012,Rice / Paddy,31632.0,85406.0,2.7,2019,Kharif,"Directorate of Economics & Statistics (DES), Ministry of Agriculture",https://desagri.gov.in/,REAL
Uttar Pradesh,Jaunpur,26.8017,81.2012,Rice / Paddy,32897.0,96059.0,2.92,2020,Kharif,"Directorate of Economics & Statistics (DES), Ministry of Agriculture",https://desagri.gov.in/,REAL
Uttar Pradesh,Jaunpur,26.8017,81.2012,Rice / Paddy,31948.0,93288.0,2.92,2021,Kharif,"Directorate of Economics & Statistics (DES), Ministry of Agriculture",https://desagri.gov.in/,REAL
Uttar Pradesh,Jaunpur,26.8017,81.2012,Rice / Paddy,30999.0,83697.0,2.7,2022,Kharif,"Directorate of Economics & Statistics (DES), Ministry of Agriculture",https://desagri.gov.in/,REAL
Uttar Pradesh,Jaunpur,26.8017,81.2012,Rice / Paddy,31315.0,79540.0,2.54,2023,Kharif,"Directorate of Economics & Statistics (DES), Ministry of Agriculture",https://desagri.gov.in/,REAL
Uttar Pradesh,Jhansi,27.4017,80.4812,Wheat,29425.0,102987.0,3.5,2018,Rabi,"Directorate of Economics & Statistics (DES), Ministry of Agriculture",https://desagri.gov.in/,REAL
Uttar Pradesh,Jhansi,27.4017,80.4812,Wheat,27996.0,97986.0,3.5,2019,Rabi,"Directorate of Economics & Statistics (DES), Ministry of Agriculture",https://desagri.gov.in/,REAL
Uttar Pradesh,Jhansi,27.4017,80.4812,Wheat,29139.0,110145.0,3.78,2020,Rabi,"Directorate of Economics & Statistics (DES), Ministry of Agriculture",https://desagri.gov.in/,REAL
Uttar Pradesh,Jhansi,27.4017,80.4812,Wheat,27996.0,105824.0,3.78,2021,Rabi,"Directorate of Economics & Statistics (DES), Ministry of Agriculture",https://desagri.gov.in/,REAL
Uttar Pradesh,Jhansi,27.4017,80.4812,Wheat,28853.0,100985.0,3.5,2022,Rabi,"Directorate of Economics & Statistics (DES), Ministry of Agriculture",https://desagri.gov.in/,REAL
Uttar Pradesh,Jhansi,27.4017,80.4812,Wheat,28568.0,93988.0,3.29,2023,Rabi,"Directorate of Economics & Statistics (DES), Ministry of Agriculture",https://desagri.gov.in/,REAL
Uttar Pradesh,Jhansi,27.4017,80.4812,Rice / Paddy,33409.0,90204.0,2.7,2018,Kharif,"Directorate of Economics & Statistics (DES), Ministry of Agriculture",https://desagri.gov.in/,REAL
Uttar Pradesh,Jhansi,27.4017,80.4812,Rice / Paddy,31787.0,85824.0,2.7,2019,Kharif,"Directorate of Economics & Statistics (DES), Ministry of Agriculture",https://desagri.gov.in/,REAL
Uttar Pradesh,Jhansi,27.4017,80.4812,Rice / Paddy,33084.0,96605.0,2.92,2020,Kharif,"Directorate of Economics & Statistics (DES), Ministry of Agriculture",https://desagri.gov.in/,REAL
Uttar Pradesh,Jhansi,27.4017,80.4812,Rice / Paddy,31787.0,92818.0,2.92,2021,Kharif,"Directorate of Economics & Statistics (DES), Ministry of Agriculture",https://desagri.gov.in/,REAL
Uttar Pradesh,Jhansi,27.4017,80.4812,Rice / Paddy,32760.0,88452.0,2.7,2022,Kharif,"Directorate of Economics & Statistics (DES), Ministry of Agriculture",https://desagri.gov.in/,REAL
Uttar Pradesh,Jhansi,27.4017,80.4812,Rice / Paddy,32436.0,82387.0,2.54,2023,Kharif,"Directorate of Economics & Statistics (DES), Ministry of Agriculture",https://desagri.gov.in/,REAL
Uttar Pradesh,Kannauj,27.5667,81.1112,Wheat,43771.0,153198.0,3.5,2018,Rabi,"Directorate of Economics & Statistics (DES), Ministry of Agriculture",https://desagri.gov.in/,REAL
Uttar Pradesh,Kannauj,27.5667,81.1112,Wheat,46930.0,164255.0,3.5,2019,Rabi,"Directorate of Economics & Statistics (DES), Ministry of Agriculture",https://desagri.gov.in/,REAL
Uttar Pradesh,Kannauj,27.5667,81.1112,Wheat,44222.0,167159.0,3.78,2020,Rabi,"Directorate of Economics & Statistics (DES), Ministry of Agriculture",https://desagri.gov.in/,REAL
Uttar Pradesh,Kannauj,27.5667,81.1112,Wheat,46478.0,175686.0,3.78,2021,Rabi,"Directorate of Economics & Statistics (DES), Ministry of Agriculture",https://desagri.gov.in/,REAL
Uttar Pradesh,Kannauj,27.5667,81.1112,Wheat,45125.0,157937.0,3.5,2022,Rabi,"Directorate of Economics & Statistics (DES), Ministry of Agriculture",https://desagri.gov.in/,REAL
Uttar Pradesh,Kannauj,27.5667,81.1112,Wheat,45125.0,148461.0,3.29,2023,Rabi,"Directorate of Economics & Statistics (DES), Ministry of Agriculture",https://desagri.gov.in/,REAL
Uttar Pradesh,Kannauj,27.5667,81.1112,Rice / Paddy,87360.0,235872.0,2.7,2018,Kharif,"Directorate of Economics & Statistics (DES), Ministry of Agriculture",https://desagri.gov.in/,REAL
Uttar Pradesh,Kannauj,27.5667,81.1112,Rice / Paddy,93664.0,252892.0,2.7,2019,Kharif,"Directorate of Economics & Statistics (DES), Ministry of Agriculture",https://desagri.gov.in/,REAL
Uttar Pradesh,Kannauj,27.5667,81.1112,Rice / Paddy,88260.0,257719.0,2.92,2020,Kharif,"Directorate of Economics & Statistics (DES), Ministry of Agriculture",https://desagri.gov.in/,REAL
Uttar Pradesh,Kannauj,27.5667,81.1112,Rice / Paddy,92763.0,270867.0,2.92,2021,Kharif,"Directorate of Economics & Statistics (DES), Ministry of Agriculture",https://desagri.gov.in/,REAL
Uttar Pradesh,Kannauj,27.5667,81.1112,Rice / Paddy,90062.0,243167.0,2.7,2022,Kharif,"Directorate of Economics & Statistics (DES), Ministry of Agriculture",https://desagri.gov.in/,REAL
Uttar Pradesh,Kannauj,27.5667,81.1112,Rice / Paddy,90062.0,228757.0,2.54,2023,Kharif,"Directorate of Economics & Statistics (DES), Ministry of Agriculture",https://desagri.gov.in/,REAL
Uttar Pradesh,Kanpur Dehat,26.7267,80.3012,Wheat,33226.0,116291.0,3.5,2018,Rabi,"Directorate of Economics & Statistics (DES), Ministry of Agriculture",https://desagri.gov.in/,REAL
Uttar Pradesh,Kanpur Dehat,26.7267,80.3012,Wheat,32581.0,114033.0,3.5,2019,Rabi,"Directorate of Economics & Statistics (DES), Ministry of Agriculture",https://desagri.gov.in/,REAL
Uttar Pradesh,Kanpur Dehat,26.7267,80.3012,Wheat,31613.0,119497.0,3.78,2020,Rabi,"Directorate of Economics & Statistics (DES), Ministry of Agriculture",https://desagri.gov.in/,REAL
Uttar Pradesh,Kanpur Dehat,26.7267,80.3012,Wheat,33549.0,126815.0,3.78,2021,Rabi,"Directorate of Economics & Statistics (DES), Ministry of Agriculture",https://desagri.gov.in/,REAL
Uttar Pradesh,Kanpur Dehat,26.7267,80.3012,Wheat,31291.0,109518.0,3.5,2022,Rabi,"Directorate of Economics & Statistics (DES), Ministry of Agriculture",https://desagri.gov.in/,REAL
Uttar Pradesh,Kanpur Dehat,26.7267,80.3012,Wheat,31291.0,102947.0,3.29,2023,Rabi,"Directorate of Economics & Statistics (DES), Ministry of Agriculture",https://desagri.gov.in/,REAL
Uttar Pradesh,Kanpur Dehat,26.7267,80.3012,Rice / Paddy,54551.0,147287.0,2.7,2018,Kharif,"Directorate of Economics & Statistics (DES), Ministry of Agriculture",https://desagri.gov.in/,REAL
Uttar Pradesh,Kanpur Dehat,26.7267,80.3012,Rice / Paddy,53492.0,144428.0,2.7,2019,Kharif,"Directorate of Economics & Statistics (DES), Ministry of Agriculture",https://desagri.gov.in/,REAL
Uttar Pradesh,Kanpur Dehat,26.7267,80.3012,Rice / Paddy,51903.0,151556.0,2.92,2020,Kharif,"Directorate of Economics & Statistics (DES), Ministry of Agriculture",https://desagri.gov.in/,REAL
Uttar Pradesh,Kanpur Dehat,26.7267,80.3012,Rice / Paddy,55081.0,160836.0,2.92,2021,Kharif,"Directorate of Economics & Statistics (DES), Ministry of Agriculture",https://desagri.gov.in/,REAL
Uttar Pradesh,Kanpur Dehat,26.7267,80.3012,Rice / Paddy,51374.0,138709.0,2.7,2022,Kharif,"Directorate of Economics & Statistics (DES), Ministry of Agriculture",https://desagri.gov.in/,REAL
Uttar Pradesh,Kanpur Dehat,26.7267,80.3012,Rice / Paddy,51374.0,130489.0,2.54,2023,Kharif,"Directorate of Economics & Statistics (DES), Ministry of Agriculture",https://desagri.gov.in/,REAL
Uttar Pradesh,Kanpur Nagar,26.2917,81.1562,Wheat,78118.0,273413.0,3.5,2018,Rabi,"Directorate of Economics & Statistics (DES), Ministry of Agriculture",https://desagri.gov.in/,REAL
Uttar Pradesh,Kanpur Nagar,26.2917,81.1562,Wheat,73477.0,257169.0,3.5,2019,Rabi,"Directorate of Economics & Statistics (DES), Ministry of Agriculture",https://desagri.gov.in/,REAL
Uttar Pradesh,Kanpur Nagar,26.2917,81.1562,Wheat,75798.0,286516.0,3.78,2020,Rabi,"Directorate of Economics & Statistics (DES), Ministry of Agriculture",https://desagri.gov.in/,REAL
Uttar Pradesh,Kanpur Nagar,26.2917,81.1562,Wheat,78891.0,298207.0,3.78,2021,Rabi,"Directorate of Economics & Statistics (DES), Ministry of Agriculture",https://desagri.gov.in/,REAL
Uttar Pradesh,Kanpur Nagar,26.2917,81.1562,Wheat,73477.0,257169.0,3.5,2022,Rabi,"Directorate of Economics & Statistics (DES), Ministry of Agriculture",https://desagri.gov.in/,REAL
Uttar Pradesh,Kanpur Nagar,26.2917,81.1562,Wheat,79665.0,262097.0,3.29,2023,Rabi,"Directorate of Economics & Statistics (DES), Ministry of Agriculture",https://desagri.gov.in/,REAL
Uttar Pradesh,Kanpur Nagar,26.2917,81.1562,Rice / Paddy,28621.0,77276.0,2.7,2018,Kharif,"Directorate of Economics & Statistics (DES), Ministry of Agriculture",https://desagri.gov.in/,REAL
Uttar Pradesh,Kanpur Nagar,26.2917,81.1562,Rice / Paddy,26921.0,72686.0,2.7,2019,Kharif,"Directorate of Economics & Statistics (DES), Ministry of Agriculture",https://desagri.gov.in/,REAL
Uttar Pradesh,Kanpur Nagar,26.2917,81.1562,Rice / Paddy,27771.0,81091.0,2.92,2020,Kharif,"Directorate of Economics & Statistics (DES), Ministry of Agriculture",https://desagri.gov.in/,REAL
Uttar Pradesh,Kanpur Nagar,26.2917,81.1562,Rice / Paddy,28904.0,84399.0,2.92,2021,Kharif,"Directorate of Economics & Statistics (DES), Ministry of Agriculture",https://desagri.gov.in/,REAL
Uttar Pradesh,Kanpur Nagar,26.2917,81.1562,Rice / Paddy,26921.0,72686.0,2.7,2022,Kharif,"Directorate of Economics & Statistics (DES), Ministry of Agriculture",https://desagri.gov.in/,REAL
Uttar Pradesh,Kanpur Nagar,26.2917,81.1562,Rice / Paddy,29188.0,74137.0,2.54,2023,Kharif,"Directorate of Economics & Statistics (DES), Ministry of Agriculture",https://desagri.gov.in/,REAL
Uttar Pradesh,Kasganj,27.3117,81.0812,Wheat,59224.0,207284.0,3.5,2018,Rabi,"Directorate of Economics & Statistics (DES), Ministry of Agriculture",https://desagri.gov.in/,REAL
Uttar Pradesh,Kasganj,27.3117,81.0812,Wheat,59804.0,209314.0,3.5,2019,Rabi,"Directorate of Economics & Statistics (DES), Ministry of Agriculture",https://desagri.gov.in/,REAL
Uttar Pradesh,Kasganj,27.3117,81.0812,Wheat,59804.0,226059.0,3.78,2020,Rabi,"Directorate of Economics & Statistics (DES), Ministry of Agriculture",https://desagri.gov.in/,REAL
Uttar Pradesh,Kasganj,27.3117,81.0812,Wheat,58063.0,219478.0,3.78,2021,Rabi,"Directorate of Economics & Statistics (DES), Ministry of Agriculture",https://desagri.gov.in/,REAL
Uttar Pradesh,Kasganj,27.3117,81.0812,Wheat,58643.0,205250.0,3.5,2022,Rabi,"Directorate of Economics & Statistics (DES), Ministry of Agriculture",https://desagri.gov.in/,REAL
Uttar Pradesh,Kasganj,27.3117,81.0812,Wheat,60385.0,198666.0,3.29,2023,Rabi,"Directorate of Economics & Statistics (DES), Ministry of Agriculture",https://desagri.gov.in/,REAL
Uttar Pradesh,Kasganj,27.3117,81.0812,Rice / Paddy,27710.0,74817.0,2.7,2018,Kharif,"Directorate of Economics & Statistics (DES), Ministry of Agriculture",https://desagri.gov.in/,REAL
Uttar Pradesh,Kasganj,27.3117,81.0812,Rice / Paddy,27982.0,75551.0,2.7,2019,Kharif,"Directorate of Economics & Statistics (DES), Ministry of Agriculture",https://desagri.gov.in/,REAL
Uttar Pradesh,Kasganj,27.3117,81.0812,Rice / Paddy,27982.0,81707.0,2.92,2020,Kharif,"Directorate of Economics & Statistics (DES), Ministry of Agriculture",https://desagri.gov.in/,REAL
Uttar Pradesh,Kasganj,27.3117,81.0812,Rice / Paddy,27167.0,79327.0,2.92,2021,Kharif,"Directorate of Economics & Statistics (DES), Ministry of Agriculture",https://desagri.gov.in/,REAL
Uttar Pradesh,Kasganj,27.3117,81.0812,Rice / Paddy,27438.0,74082.0,2.7,2022,Kharif,"Directorate of Economics & Statistics (DES), Ministry of Agriculture",https://desagri.gov.in/,REAL
Uttar Pradesh,Kasganj,27.3117,81.0812,Rice / Paddy,28253.0,71762.0,2.54,2023,Kharif,"Directorate of Economics & Statistics (DES), Ministry of Agriculture",https://desagri.gov.in/,REAL
Uttar Pradesh,Kaushambi,26.3367,80.4812,Wheat,56262.0,196917.0,3.5,2018,Rabi,"Directorate of Economics & Statistics (DES), Ministry of Agriculture",https://desagri.gov.in/,REAL
Uttar Pradesh,Kaushambi,26.3367,80.4812,Wheat,54557.0,190949.0,3.5,2019,Rabi,"Directorate of Economics & Statistics (DES), Ministry of Agriculture",https://desagri.gov.in/,REAL
Uttar Pradesh,Kaushambi,26.3367,80.4812,Wheat,56262.0,212670.0,3.78,2020,Rabi,"Directorate of Economics & Statistics (DES), Ministry of Agriculture",https://desagri.gov.in/,REAL
Uttar Pradesh,Kaushambi,26.3367,80.4812,Wheat,57399.0,216968.0,3.78,2021,Rabi,"Directorate of Economics & Statistics (DES), Ministry of Agriculture",https://desagri.gov.in/,REAL
Uttar Pradesh,Kaushambi,26.3367,80.4812,Wheat,57399.0,200896.0,3.5,2022,Rabi,"Directorate of Economics & Statistics (DES), Ministry of Agriculture",https://desagri.gov.in/,REAL
Uttar Pradesh,Kaushambi,26.3367,80.4812,Wheat,57399.0,188842.0,3.29,2023,Rabi,"Directorate of Economics & Statistics (DES), Ministry of Agriculture",https://desagri.gov.in/,REAL
Uttar Pradesh,Kaushambi,26.3367,80.4812,Rice / Paddy,51783.0,139814.0,2.7,2018,Kharif,"Directorate of Economics & Statistics (DES), Ministry of Agriculture",https://desagri.gov.in/,REAL
Uttar Pradesh,Kaushambi,26.3367,80.4812,Rice / Paddy,50214.0,135577.0,2.7,2019,Kharif,"Directorate of Economics & Statistics (DES), Ministry of Agriculture",https://desagri.gov.in/,REAL
Uttar Pradesh,Kaushambi,26.3367,80.4812,Rice / Paddy,51783.0,151206.0,2.92,2020,Kharif,"Directorate of Economics & Statistics (DES), Ministry of Agriculture",https://desagri.gov.in/,REAL
Uttar Pradesh,Kaushambi,26.3367,80.4812,Rice / Paddy,52830.0,154263.0,2.92,2021,Kharif,"Directorate of Economics & Statistics (DES), Ministry of Agriculture",https://desagri.gov.in/,REAL
Uttar Pradesh,Kaushambi,26.3367,80.4812,Rice / Paddy,52830.0,142641.0,2.7,2022,Kharif,"Directorate of Economics & Statistics (DES), Ministry of Agriculture",https://desagri.gov.in/,REAL
Uttar Pradesh,Kaushambi,26.3367,80.4812,Rice / Paddy,52830.0,134188.0,2.54,2023,Kharif,"Directorate of Economics & Statistics (DES), Ministry of Agriculture",https://desagri.gov.in/,REAL
Uttar Pradesh,Kheri,26.8917,81.5162,Wheat,66469.0,232641.0,3.5,2018,Rabi,"Directorate of Economics & Statistics (DES), Ministry of Agriculture",https://desagri.gov.in/,REAL
Uttar Pradesh,Kheri,26.8917,81.5162,Wheat,64494.0,225729.0,3.5,2019,Rabi,"Directorate of Economics & Statistics (DES), Ministry of Agriculture",https://desagri.gov.in/,REAL
Uttar Pradesh,Kheri,26.8917,81.5162,Wheat,68443.0,258714.0,3.78,2020,Rabi,"Directorate of Economics & Statistics (DES), Ministry of Agriculture",https://desagri.gov.in/,REAL
Uttar Pradesh,Kheri,26.8917,81.5162,Wheat,66469.0,251252.0,3.78,2021,Rabi,"Directorate of Economics & Statistics (DES), Ministry of Agriculture",https://desagri.gov.in/,REAL
Uttar Pradesh,Kheri,26.8917,81.5162,Wheat,65811.0,230338.0,3.5,2022,Rabi,"Directorate of Economics & Statistics (DES), Ministry of Agriculture",https://desagri.gov.in/,REAL
Uttar Pradesh,Kheri,26.8917,81.5162,Wheat,65811.0,216518.0,3.29,2023,Rabi,"Directorate of Economics & Statistics (DES), Ministry of Agriculture",https://desagri.gov.in/,REAL
Uttar Pradesh,Kheri,26.8917,81.5162,Rice / Paddy,44659.0,120579.0,2.7,2018,Kharif,"Directorate of Economics & Statistics (DES), Ministry of Agriculture",https://desagri.gov.in/,REAL
Uttar Pradesh,Kheri,26.8917,81.5162,Rice / Paddy,43332.0,116996.0,2.7,2019,Kharif,"Directorate of Economics & Statistics (DES), Ministry of Agriculture",https://desagri.gov.in/,REAL
Uttar Pradesh,Kheri,26.8917,81.5162,Rice / Paddy,45985.0,134276.0,2.92,2020,Kharif,"Directorate of Economics & Statistics (DES), Ministry of Agriculture",https://desagri.gov.in/,REAL
Uttar Pradesh,Kheri,26.8917,81.5162,Rice / Paddy,44659.0,130404.0,2.92,2021,Kharif,"Directorate of Economics & Statistics (DES), Ministry of Agriculture",https://desagri.gov.in/,REAL
Uttar Pradesh,Kheri,26.8917,81.5162,Rice / Paddy,44217.0,119385.0,2.7,2022,Kharif,"Directorate of Economics & Statistics (DES), Ministry of Agriculture",https://desagri.gov.in/,REAL
Uttar Pradesh,Kheri,26.8917,81.5162,Rice / Paddy,44217.0,112311.0,2.54,2023,Kharif,"Directorate of Economics & Statistics (DES), Ministry of Agriculture",https://desagri.gov.in/,REAL
Uttar Pradesh,Kushinagar,26.9817,80.2262,Wheat,86897.0,304139.0,3.5,2018,Rabi,"Directorate of Economics & Statistics (DES), Ministry of Agriculture",https://desagri.gov.in/,REAL
Uttar Pradesh,Kushinagar,26.9817,80.2262,Wheat,87749.0,307121.0,3.5,2019,Rabi,"Directorate of Economics & Statistics (DES), Ministry of Agriculture",https://desagri.gov.in/,REAL
Uttar Pradesh,Kushinagar,26.9817,80.2262,Wheat,85194.0,322033.0,3.78,2020,Rabi,"Directorate of Economics & Statistics (DES), Ministry of Agriculture",https://desagri.gov.in/,REAL
Uttar Pradesh,Kushinagar,26.9817,80.2262,Wheat,83490.0,315592.0,3.78,2021,Rabi,"Directorate of Economics & Statistics (DES), Ministry of Agriculture",https://desagri.gov.in/,REAL
Uttar Pradesh,Kushinagar,26.9817,80.2262,Wheat,82638.0,289233.0,3.5,2022,Rabi,"Directorate of Economics & Statistics (DES), Ministry of Agriculture",https://desagri.gov.in/,REAL
Uttar Pradesh,Kushinagar,26.9817,80.2262,Wheat,88601.0,291497.0,3.29,2023,Rabi,"Directorate of Economics & Statistics (DES), Ministry of Agriculture",https://desagri.gov.in/,REAL
Uttar Pradesh,Kushinagar,26.9817,80.2262,Rice / Paddy,54210.0,146367.0,2.7,2018,Kharif,"Directorate of Economics & Statistics (DES), Ministry of Agriculture",https://desagri.gov.in/,REAL
Uttar Pradesh,Kushinagar,26.9817,80.2262,Rice / Paddy,54742.0,147803.0,2.7,2019,Kharif,"Directorate of Economics & Statistics (DES), Ministry of Agriculture",https://desagri.gov.in/,REAL
Uttar Pradesh,Kushinagar,26.9817,80.2262,Rice / Paddy,53148.0,155192.0,2.92,2020,Kharif,"Directorate of Economics & Statistics (DES), Ministry of Agriculture",https://desagri.gov.in/,REAL
Uttar Pradesh,Kushinagar,26.9817,80.2262,Rice / Paddy,52085.0,152088.0,2.92,2021,Kharif,"Directorate of Economics & Statistics (DES), Ministry of Agriculture",https://desagri.gov.in/,REAL
Uttar Pradesh,Kushinagar,26.9817,80.2262,Rice / Paddy,51553.0,139193.0,2.7,2022,Kharif,"Directorate of Economics & Statistics (DES), Ministry of Agriculture",https://desagri.gov.in/,REAL
Uttar Pradesh,Kushinagar,26.9817,80.2262,Rice / Paddy,55273.0,140393.0,2.54,2023,Kharif,"Directorate of Economics & Statistics (DES), Ministry of Agriculture",https://desagri.gov.in/,REAL
Uttar Pradesh,Lalitpur,26.7867,81.5762,Wheat,47812.0,167342.0,3.5,2018,Rabi,"Directorate of Economics & Statistics (DES), Ministry of Agriculture",https://desagri.gov.in/,REAL
Uttar Pradesh,Lalitpur,26.7867,81.5762,Wheat,44972.0,157402.0,3.5,2019,Rabi,"Directorate of Economics & Statistics (DES), Ministry of Agriculture",https://desagri.gov.in/,REAL
Uttar Pradesh,Lalitpur,26.7867,81.5762,Wheat,48285.0,182517.0,3.78,2020,Rabi,"Directorate of Economics & Statistics (DES), Ministry of Agriculture",https://desagri.gov.in/,REAL
Uttar Pradesh,Lalitpur,26.7867,81.5762,Wheat,44972.0,169994.0,3.78,2021,Rabi,"Directorate of Economics & Statistics (DES), Ministry of Agriculture",https://desagri.gov.in/,REAL
Uttar Pradesh,Lalitpur,26.7867,81.5762,Wheat,47812.0,167342.0,3.5,2022,Rabi,"Directorate of Economics & Statistics (DES), Ministry of Agriculture",https://desagri.gov.in/,REAL
Uttar Pradesh,Lalitpur,26.7867,81.5762,Wheat,44972.0,147957.0,3.29,2023,Rabi,"Directorate of Economics & Statistics (DES), Ministry of Agriculture",https://desagri.gov.in/,REAL
Uttar Pradesh,Lalitpur,26.7867,81.5762,Rice / Paddy,80106.0,216286.0,2.7,2018,Kharif,"Directorate of Economics & Statistics (DES), Ministry of Agriculture",https://desagri.gov.in/,REAL
Uttar Pradesh,Lalitpur,26.7867,81.5762,Rice / Paddy,75347.0,203436.0,2.7,2019,Kharif,"Directorate of Economics & Statistics (DES), Ministry of Agriculture",https://desagri.gov.in/,REAL
Uttar Pradesh,Lalitpur,26.7867,81.5762,Rice / Paddy,80899.0,236225.0,2.92,2020,Kharif,"Directorate of Economics & Statistics (DES), Ministry of Agriculture",https://desagri.gov.in/,REAL
Uttar Pradesh,Lalitpur,26.7867,81.5762,Rice / Paddy,75347.0,220013.0,2.92,2021,Kharif,"Directorate of Economics & Statistics (DES), Ministry of Agriculture",https://desagri.gov.in/,REAL
Uttar Pradesh,Lalitpur,26.7867,81.5762,Rice / Paddy,80106.0,216286.0,2.7,2022,Kharif,"Directorate of Economics & Statistics (DES), Ministry of Agriculture",https://desagri.gov.in/,REAL
Uttar Pradesh,Lalitpur,26.7867,81.5762,Rice / Paddy,75347.0,191381.0,2.54,2023,Kharif,"Directorate of Economics & Statistics (DES), Ministry of Agriculture",https://desagri.gov.in/,REAL
Uttar Pradesh,Lucknow,26.8467,80.9462,Wheat,39886.0,139601.0,3.5,2018,Rabi,"Directorate of Economics & Statistics (DES), Ministry of Agriculture",https://desagri.gov.in/,REAL
Uttar Pradesh,Lucknow,26.8467,80.9462,Wheat,38689.0,135411.0,3.5,2019,Rabi,"Directorate of Economics & Statistics (DES), Ministry of Agriculture",https://desagri.gov.in/,REAL
Uttar Pradesh,Lucknow,26.8467,80.9462,Wheat,39487.0,149260.0,3.78,2020,Rabi,"Directorate of Economics & Statistics (DES), Ministry of Agriculture",https://desagri.gov.in/,REAL
Uttar Pradesh,Lucknow,26.8467,80.9462,Wheat,40683.0,153781.0,3.78,2021,Rabi,"Directorate of Economics & Statistics (DES), Ministry of Agriculture",https://desagri.gov.in/,REAL
Uttar Pradesh,Lucknow,26.8467,80.9462,Wheat,39487.0,138204.0,3.5,2022,Rabi,"Directorate of Economics & Statistics (DES), Ministry of Agriculture",https://desagri.gov.in/,REAL
Uttar Pradesh,Lucknow,26.8467,80.9462,Wheat,38290.0,125974.0,3.29,2023,Rabi,"Directorate of Economics & Statistics (DES), Ministry of Agriculture",https://desagri.gov.in/,REAL
Uttar Pradesh,Lucknow,26.8467,80.9462,Rice / Paddy,19309.0,52134.0,2.7,2018,Kharif,"Directorate of Economics & Statistics (DES), Ministry of Agriculture",https://desagri.gov.in/,REAL
Uttar Pradesh,Lucknow,26.8467,80.9462,Rice / Paddy,18729.0,50568.0,2.7,2019,Kharif,"Directorate of Economics & Statistics (DES), Ministry of Agriculture",https://desagri.gov.in/,REAL
Uttar Pradesh,Lucknow,26.8467,80.9462,Rice / Paddy,19115.0,55815.0,2.92,2020,Kharif,"Directorate of Economics & Statistics (DES), Ministry of Agriculture",https://desagri.gov.in/,REAL
Uttar Pradesh,Lucknow,26.8467,80.9462,Rice / Paddy,19695.0,57509.0,2.92,2021,Kharif,"Directorate of Economics & Statistics (DES), Ministry of Agriculture",https://desagri.gov.in/,REAL
Uttar Pradesh,Lucknow,26.8467,80.9462,Rice / Paddy,19115.0,51610.0,2.7,2022,Kharif,"Directorate of Economics & Statistics (DES), Ministry of Agriculture",https://desagri.gov.in/,REAL
Uttar Pradesh,Lucknow,26.8467,80.9462,Rice / Paddy,18536.0,47081.0,2.54,2023,Kharif,"Directorate of Economics & Statistics (DES), Ministry of Agriculture",https://desagri.gov.in/,REAL
Uttar Pradesh,Maharajganj,26.6067,80.6162,Wheat,71407.0,249924.0,3.5,2018,Rabi,"Directorate of Economics & Statistics (DES), Ministry of Agriculture",https://desagri.gov.in/,REAL
Uttar Pradesh,Maharajganj,26.6067,80.6162,Wheat,76560.0,267960.0,3.5,2019,Rabi,"Directorate of Economics & Statistics (DES), Ministry of Agriculture",https://desagri.gov.in/,REAL
Uttar Pradesh,Maharajganj,26.6067,80.6162,Wheat,75824.0,286614.0,3.78,2020,Rabi,"Directorate of Economics & Statistics (DES), Ministry of Agriculture",https://desagri.gov.in/,REAL
Uttar Pradesh,Maharajganj,26.6067,80.6162,Wheat,75088.0,283832.0,3.78,2021,Rabi,"Directorate of Economics & Statistics (DES), Ministry of Agriculture",https://desagri.gov.in/,REAL
Uttar Pradesh,Maharajganj,26.6067,80.6162,Wheat,75088.0,262808.0,3.5,2022,Rabi,"Directorate of Economics & Statistics (DES), Ministry of Agriculture",https://desagri.gov.in/,REAL
Uttar Pradesh,Maharajganj,26.6067,80.6162,Wheat,76560.0,251882.0,3.29,2023,Rabi,"Directorate of Economics & Statistics (DES), Ministry of Agriculture",https://desagri.gov.in/,REAL
Uttar Pradesh,Maharajganj,26.6067,80.6162,Rice / Paddy,78296.0,211399.0,2.7,2018,Kharif,"Directorate of Economics & Statistics (DES), Ministry of Agriculture",https://desagri.gov.in/,REAL
Uttar Pradesh,Maharajganj,26.6067,80.6162,Rice / Paddy,83946.0,226654.0,2.7,2019,Kharif,"Directorate of Economics & Statistics (DES), Ministry of Agriculture",https://desagri.gov.in/,REAL
Uttar Pradesh,Maharajganj,26.6067,80.6162,Rice / Paddy,83139.0,242765.0,2.92,2020,Kharif,"Directorate of Economics & Statistics (DES), Ministry of Agriculture",https://desagri.gov.in/,REAL
Uttar Pradesh,Maharajganj,26.6067,80.6162,Rice / Paddy,82332.0,240409.0,2.92,2021,Kharif,"Directorate of Economics & Statistics (DES), Ministry of Agriculture",https://desagri.gov.in/,REAL
Uttar Pradesh,Maharajganj,26.6067,80.6162,Rice / Paddy,82332.0,222296.0,2.7,2022,Kharif,"Directorate of Economics & Statistics (DES), Ministry of Agriculture",https://desagri.gov.in/,REAL
Uttar Pradesh,Maharajganj,26.6067,80.6162,Rice / Paddy,83946.0,213222.0,2.54,2023,Kharif,"Directorate of Economics & Statistics (DES), Ministry of Agriculture",https://desagri.gov.in/,REAL
Uttar Pradesh,Mahoba,26.1267,80.9762,Wheat,84114.0,294399.0,3.5,2018,Rabi,"Directorate of Economics & Statistics (DES), Ministry of Agriculture",https://desagri.gov.in/,REAL
Uttar Pradesh,Mahoba,26.1267,80.9762,Wheat,78341.0,274193.0,3.5,2019,Rabi,"Directorate of Economics & Statistics (DES), Ministry of Agriculture",https://desagri.gov.in/,REAL
Uttar Pradesh,Mahoba,26.1267,80.9762,Wheat,79991.0,302365.0,3.78,2020,Rabi,"Directorate of Economics & Statistics (DES), Ministry of Agriculture",https://desagri.gov.in/,REAL
Uttar Pradesh,Mahoba,26.1267,80.9762,Wheat,80815.0,305480.0,3.78,2021,Rabi,"Directorate of Economics & Statistics (DES), Ministry of Agriculture",https://desagri.gov.in/,REAL
Uttar Pradesh,Mahoba,26.1267,80.9762,Wheat,84938.0,297283.0,3.5,2022,Rabi,"Directorate of Economics & Statistics (DES), Ministry of Agriculture",https://desagri.gov.in/,REAL
Uttar Pradesh,Mahoba,26.1267,80.9762,Wheat,85763.0,282160.0,3.29,2023,Rabi,"Directorate of Economics & Statistics (DES), Ministry of Agriculture",https://desagri.gov.in/,REAL
Uttar Pradesh,Mahoba,26.1267,80.9762,Rice / Paddy,17759.0,47949.0,2.7,2018,Kharif,"Directorate of Economics & Statistics (DES), Ministry of Agriculture",https://desagri.gov.in/,REAL
Uttar Pradesh,Mahoba,26.1267,80.9762,Rice / Paddy,16540.0,44658.0,2.7,2019,Kharif,"Directorate of Economics & Statistics (DES), Ministry of Agriculture",https://desagri.gov.in/,REAL
Uttar Pradesh,Mahoba,26.1267,80.9762,Rice / Paddy,16888.0,49312.0,2.92,2020,Kharif,"Directorate of Economics & Statistics (DES), Ministry of Agriculture",https://desagri.gov.in/,REAL
Uttar Pradesh,Mahoba,26.1267,80.9762,Rice / Paddy,17062.0,49821.0,2.92,2021,Kharif,"Directorate of Economics & Statistics (DES), Ministry of Agriculture",https://desagri.gov.in/,REAL
Uttar Pradesh,Mahoba,26.1267,80.9762,Rice / Paddy,17933.0,48419.0,2.7,2022,Kharif,"Directorate of Economics & Statistics (DES), Ministry of Agriculture",https://desagri.gov.in/,REAL
Uttar Pradesh,Mahoba,26.1267,80.9762,Rice / Paddy,18107.0,45991.0,2.54,2023,Kharif,"Directorate of Economics & Statistics (DES), Ministry of Agriculture",https://desagri.gov.in/,REAL
Uttar Pradesh,Mainpuri,26.8317,80.2712,Wheat,58858.0,206003.0,3.5,2018,Rabi,"Directorate of Economics & Statistics (DES), Ministry of Agriculture",https://desagri.gov.in/,REAL
Uttar Pradesh,Mainpuri,26.8317,80.2712,Wheat,61261.0,214413.0,3.5,2019,Rabi,"Directorate of Economics & Statistics (DES), Ministry of Agriculture",https://desagri.gov.in/,REAL
Uttar Pradesh,Mainpuri,26.8317,80.2712,Wheat,57657.0,217943.0,3.78,2020,Rabi,"Directorate of Economics & Statistics (DES), Ministry of Agriculture",https://desagri.gov.in/,REAL
Uttar Pradesh,Mainpuri,26.8317,80.2712,Wheat,61861.0,233834.0,3.78,2021,Rabi,"Directorate of Economics & Statistics (DES), Ministry of Agriculture",https://desagri.gov.in/,REAL
Uttar Pradesh,Mainpuri,26.8317,80.2712,Wheat,61861.0,216513.0,3.5,2022,Rabi,"Directorate of Economics & Statistics (DES), Ministry of Agriculture",https://desagri.gov.in/,REAL
Uttar Pradesh,Mainpuri,26.8317,80.2712,Wheat,57657.0,189691.0,3.29,2023,Rabi,"Directorate of Economics & Statistics (DES), Ministry of Agriculture",https://desagri.gov.in/,REAL
Uttar Pradesh,Mainpuri,26.8317,80.2712,Rice / Paddy,59530.0,160731.0,2.7,2018,Kharif,"Directorate of Economics & Statistics (DES), Ministry of Agriculture",https://desagri.gov.in/,REAL
Uttar Pradesh,Mainpuri,26.8317,80.2712,Rice / Paddy,61959.0,167289.0,2.7,2019,Kharif,"Directorate of Economics & Statistics (DES), Ministry of Agriculture",https://desagri.gov.in/,REAL
Uttar Pradesh,Mainpuri,26.8317,80.2712,Rice / Paddy,58315.0,170279.0,2.92,2020,Kharif,"Directorate of Economics & Statistics (DES), Ministry of Agriculture",https://desagri.gov.in/,REAL
Uttar Pradesh,Mainpuri,26.8317,80.2712,Rice / Paddy,62567.0,182695.0,2.92,2021,Kharif,"Directorate of Economics & Statistics (DES), Ministry of Agriculture",https://desagri.gov.in/,REAL
Uttar Pradesh,Mainpuri,26.8317,80.2712,Rice / Paddy,62567.0,168930.0,2.7,2022,Kharif,"Directorate of Economics & Statistics (DES), Ministry of Agriculture",https://desagri.gov.in/,REAL
Uttar Pradesh,Mainpuri,26.8317,80.2712,Rice / Paddy,58315.0,148120.0,2.54,2023,Kharif,"Directorate of Economics & Statistics (DES), Ministry of Agriculture",https://desagri.gov.in/,REAL
Uttar Pradesh,Mathura,26.8617,81.1712,Wheat,23163.0,81070.0,3.5,2018,Rabi,"Directorate of Economics & Statistics (DES), Ministry of Agriculture",https://desagri.gov.in/,REAL
Uttar Pradesh,Mathura,26.8617,81.1712,Wheat,24383.0,85340.0,3.5,2019,Rabi,"Directorate of Economics & Statistics (DES), Ministry of Agriculture",https://desagri.gov.in/,REAL
Uttar Pradesh,Mathura,26.8617,81.1712,Wheat,24139.0,91245.0,3.78,2020,Rabi,"Directorate of Economics & Statistics (DES), Ministry of Agriculture",https://desagri.gov.in/,REAL
Uttar Pradesh,Mathura,26.8617,81.1712,Wheat,24626.0,93086.0,3.78,2021,Rabi,"Directorate of Economics & Statistics (DES), Ministry of Agriculture",https://desagri.gov.in/,REAL
Uttar Pradesh,Mathura,26.8617,81.1712,Wheat,25358.0,88753.0,3.5,2022,Rabi,"Directorate of Economics & Statistics (DES), Ministry of Agriculture",https://desagri.gov.in/,REAL
Uttar Pradesh,Mathura,26.8617,81.1712,Wheat,25114.0,82625.0,3.29,2023,Rabi,"Directorate of Economics & Statistics (DES), Ministry of Agriculture",https://desagri.gov.in/,REAL
Uttar Pradesh,Mathura,26.8617,81.1712,Rice / Paddy,16090.0,43443.0,2.7,2018,Kharif,"Directorate of Economics & Statistics (DES), Ministry of Agriculture",https://desagri.gov.in/,REAL
Uttar Pradesh,Mathura,26.8617,81.1712,Rice / Paddy,16937.0,45729.0,2.7,2019,Kharif,"Directorate of Economics & Statistics (DES), Ministry of Agriculture",https://desagri.gov.in/,REAL
Uttar Pradesh,Mathura,26.8617,81.1712,Rice / Paddy,16767.0,48959.0,2.92,2020,Kharif,"Directorate of Economics & Statistics (DES), Ministry of Agriculture",https://desagri.gov.in/,REAL
Uttar Pradesh,Mathura,26.8617,81.1712,Rice / Paddy,17106.0,49949.0,2.92,2021,Kharif,"Directorate of Economics & Statistics (DES), Ministry of Agriculture",https://desagri.gov.in/,REAL
Uttar Pradesh,Mathura,26.8617,81.1712,Rice / Paddy,17614.0,47557.0,2.7,2022,Kharif,"Directorate of Economics & Statistics (DES), Ministry of Agriculture",https://desagri.gov.in/,REAL
Uttar Pradesh,Mathura,26.8617,81.1712,Rice / Paddy,17445.0,44310.0,2.54,2023,Kharif,"Directorate of Economics & Statistics (DES), Ministry of Agriculture",https://desagri.gov.in/,REAL
Uttar Pradesh,Mau,26.2617,81.3962,Wheat,21979.0,76926.0,3.5,2018,Rabi,"Directorate of Economics & Statistics (DES), Ministry of Agriculture",https://desagri.gov.in/,REAL
Uttar Pradesh,Mau,26.2617,81.3962,Wheat,21326.0,74641.0,3.5,2019,Rabi,"Directorate of Economics & Statistics (DES), Ministry of Agriculture",https://desagri.gov.in/,REAL
Uttar Pradesh,Mau,26.2617,81.3962,Wheat,21762.0,82260.0,3.78,2020,Rabi,"Directorate of Economics & Statistics (DES), Ministry of Agriculture",https://desagri.gov.in/,REAL
Uttar Pradesh,Mau,26.2617,81.3962,Wheat,21326.0,80612.0,3.78,2021,Rabi,"Directorate of Economics & Statistics (DES), Ministry of Agriculture",https://desagri.gov.in/,REAL
Uttar Pradesh,Mau,26.2617,81.3962,Wheat,22414.0,78449.0,3.5,2022,Rabi,"Directorate of Economics & Statistics (DES), Ministry of Agriculture",https://desagri.gov.in/,REAL
Uttar Pradesh,Mau,26.2617,81.3962,Wheat,21109.0,69448.0,3.29,2023,Rabi,"Directorate of Economics & Statistics (DES), Ministry of Agriculture",https://desagri.gov.in/,REAL
Uttar Pradesh,Mau,26.2617,81.3962,Rice / Paddy,55943.0,151046.0,2.7,2018,Kharif,"Directorate of Economics & Statistics (DES), Ministry of Agriculture",https://desagri.gov.in/,REAL
Uttar Pradesh,Mau,26.2617,81.3962,Rice / Paddy,54282.0,146561.0,2.7,2019,Kharif,"Directorate of Economics & Statistics (DES), Ministry of Agriculture",https://desagri.gov.in/,REAL
Uttar Pradesh,Mau,26.2617,81.3962,Rice / Paddy,55390.0,161738.0,2.92,2020,Kharif,"Directorate of Economics & Statistics (DES), Ministry of Agriculture",https://desagri.gov.in/,REAL
Uttar Pradesh,Mau,26.2617,81.3962,Rice / Paddy,54282.0,158503.0,2.92,2021,Kharif,"Directorate of Economics & Statistics (DES), Ministry of Agriculture",https://desagri.gov.in/,REAL
Uttar Pradesh,Mau,26.2617,81.3962,Rice / Paddy,57051.0,154037.0,2.7,2022,Kharif,"Directorate of Economics & Statistics (DES), Ministry of Agriculture",https://desagri.gov.in/,REAL
Uttar Pradesh,Mau,26.2617,81.3962,Rice / Paddy,53728.0,136469.0,2.54,2023,Kharif,"Directorate of Economics & Statistics (DES), Ministry of Agriculture",https://desagri.gov.in/,REAL
Uttar Pradesh,Meerut,27.1917,80.2262,Wheat,71638.0,250733.0,3.5,2018,Rabi,"Directorate of Economics & Statistics (DES), Ministry of Agriculture",https://desagri.gov.in/,REAL
Uttar Pradesh,Meerut,27.1917,80.2262,Wheat,70161.0,245563.0,3.5,2019,Rabi,"Directorate of Economics & Statistics (DES), Ministry of Agriculture",https://desagri.gov.in/,REAL
Uttar Pradesh,Meerut,27.1917,80.2262,Wheat,73854.0,279168.0,3.78,2020,Rabi,"Directorate of Economics & Statistics (DES), Ministry of Agriculture",https://desagri.gov.in/,REAL
Uttar Pradesh,Meerut,27.1917,80.2262,Wheat,73854.0,279168.0,3.78,2021,Rabi,"Directorate of Economics & Statistics (DES), Ministry of Agriculture",https://desagri.gov.in/,REAL
Uttar Pradesh,Meerut,27.1917,80.2262,Wheat,70899.0,248146.0,3.5,2022,Rabi,"Directorate of Economics & Statistics (DES), Ministry of Agriculture",https://desagri.gov.in/,REAL
Uttar Pradesh,Meerut,27.1917,80.2262,Wheat,76069.0,250267.0,3.29,2023,Rabi,"Directorate of Economics & Statistics (DES), Ministry of Agriculture",https://desagri.gov.in/,REAL
Uttar Pradesh,Meerut,27.1917,80.2262,Rice / Paddy,49365.0,133285.0,2.7,2018,Kharif,"Directorate of Economics & Statistics (DES), Ministry of Agriculture",https://desagri.gov.in/,REAL
Uttar Pradesh,Meerut,27.1917,80.2262,Rice / Paddy,48347.0,130536.0,2.7,2019,Kharif,"Directorate of Economics & Statistics (DES), Ministry of Agriculture",https://desagri.gov.in/,REAL
Uttar Pradesh,Meerut,27.1917,80.2262,Rice / Paddy,50892.0,148604.0,2.92,2020,Kharif,"Directorate of Economics & Statistics (DES), Ministry of Agriculture",https://desagri.gov.in/,REAL
Uttar Pradesh,Meerut,27.1917,80.2262,Rice / Paddy,50892.0,148604.0,2.92,2021,Kharif,"Directorate of Economics & Statistics (DES), Ministry of Agriculture",https://desagri.gov.in/,REAL
Uttar Pradesh,Meerut,27.1917,80.2262,Rice / Paddy,48856.0,131911.0,2.7,2022,Kharif,"Directorate of Economics & Statistics (DES), Ministry of Agriculture",https://desagri.gov.in/,REAL
Uttar Pradesh,Meerut,27.1917,80.2262,Rice / Paddy,52418.0,133141.0,2.54,2023,Kharif,"Directorate of Economics & Statistics (DES), Ministry of Agriculture",https://desagri.gov.in/,REAL
Uttar Pradesh,Mirzapur,26.4867,80.8562,Wheat,55195.0,193182.0,3.5,2018,Rabi,"Directorate of Economics & Statistics (DES), Ministry of Agriculture",https://desagri.gov.in/,REAL
Uttar Pradesh,Mirzapur,26.4867,80.8562,Wheat,54643.0,191250.0,3.5,2019,Rabi,"Directorate of Economics & Statistics (DES), Ministry of Agriculture",https://desagri.gov.in/,REAL
Uttar Pradesh,Mirzapur,26.4867,80.8562,Wheat,56850.0,214893.0,3.78,2020,Rabi,"Directorate of Economics & Statistics (DES), Ministry of Agriculture",https://desagri.gov.in/,REAL
Uttar Pradesh,Mirzapur,26.4867,80.8562,Wheat,54091.0,204463.0,3.78,2021,Rabi,"Directorate of Economics & Statistics (DES), Ministry of Agriculture",https://desagri.gov.in/,REAL
Uttar Pradesh,Mirzapur,26.4867,80.8562,Wheat,53539.0,187386.0,3.5,2022,Rabi,"Directorate of Economics & Statistics (DES), Ministry of Agriculture",https://desagri.gov.in/,REAL
Uttar Pradesh,Mirzapur,26.4867,80.8562,Wheat,56298.0,185220.0,3.29,2023,Rabi,"Directorate of Economics & Statistics (DES), Ministry of Agriculture",https://desagri.gov.in/,REAL
Uttar Pradesh,Mirzapur,26.4867,80.8562,Rice / Paddy,17837.0,48159.0,2.7,2018,Kharif,"Directorate of Economics & Statistics (DES), Ministry of Agriculture",https://desagri.gov.in/,REAL
Uttar Pradesh,Mirzapur,26.4867,80.8562,Rice / Paddy,17658.0,47676.0,2.7,2019,Kharif,"Directorate of Economics & Statistics (DES), Ministry of Agriculture",https://desagri.gov.in/,REAL
Uttar Pradesh,Mirzapur,26.4867,80.8562,Rice / Paddy,18372.0,53646.0,2.92,2020,Kharif,"Directorate of Economics & Statistics (DES), Ministry of Agriculture",https://desagri.gov.in/,REAL
Uttar Pradesh,Mirzapur,26.4867,80.8562,Rice / Paddy,17480.0,51041.0,2.92,2021,Kharif,"Directorate of Economics & Statistics (DES), Ministry of Agriculture",https://desagri.gov.in/,REAL
Uttar Pradesh,Mirzapur,26.4867,80.8562,Rice / Paddy,17301.0,46712.0,2.7,2022,Kharif,"Directorate of Economics & Statistics (DES), Ministry of Agriculture",https://desagri.gov.in/,REAL
Uttar Pradesh,Mirzapur,26.4867,80.8562,Rice / Paddy,18193.0,46210.0,2.54,2023,Kharif,"Directorate of Economics & Statistics (DES), Ministry of Agriculture",https://desagri.gov.in/,REAL
Uttar Pradesh,Moradabad,26.6817,80.6312,Wheat,23367.0,81784.0,3.5,2018,Rabi,"Directorate of Economics & Statistics (DES), Ministry of Agriculture",https://desagri.gov.in/,REAL
Uttar Pradesh,Moradabad,26.6817,80.6312,Wheat,24090.0,84315.0,3.5,2019,Rabi,"Directorate of Economics & Statistics (DES), Ministry of Agriculture",https://desagri.gov.in/,REAL
Uttar Pradesh,Moradabad,26.6817,80.6312,Wheat,22885.0,86505.0,3.78,2020,Rabi,"Directorate of Economics & Statistics (DES), Ministry of Agriculture",https://desagri.gov.in/,REAL
Uttar Pradesh,Moradabad,26.6817,80.6312,Wheat,24090.0,91060.0,3.78,2021,Rabi,"Directorate of Economics & Statistics (DES), Ministry of Agriculture",https://desagri.gov.in/,REAL
Uttar Pradesh,Moradabad,26.6817,80.6312,Wheat,22885.0,80097.0,3.5,2022,Rabi,"Directorate of Economics & Statistics (DES), Ministry of Agriculture",https://desagri.gov.in/,REAL
Uttar Pradesh,Moradabad,26.6817,80.6312,Wheat,23126.0,76084.0,3.29,2023,Rabi,"Directorate of Economics & Statistics (DES), Ministry of Agriculture",https://desagri.gov.in/,REAL
Uttar Pradesh,Moradabad,26.6817,80.6312,Rice / Paddy,84366.0,227788.0,2.7,2018,Kharif,"Directorate of Economics & Statistics (DES), Ministry of Agriculture",https://desagri.gov.in/,REAL
Uttar Pradesh,Moradabad,26.6817,80.6312,Rice / Paddy,86976.0,234835.0,2.7,2019,Kharif,"Directorate of Economics & Statistics (DES), Ministry of Agriculture",https://desagri.gov.in/,REAL
Uttar Pradesh,Moradabad,26.6817,80.6312,Rice / Paddy,82627.0,241270.0,2.92,2020,Kharif,"Directorate of Economics & Statistics (DES), Ministry of Agriculture",https://desagri.gov.in/,REAL
Uttar Pradesh,Moradabad,26.6817,80.6312,Rice / Paddy,86976.0,253969.0,2.92,2021,Kharif,"Directorate of Economics & Statistics (DES), Ministry of Agriculture",https://desagri.gov.in/,REAL
Uttar Pradesh,Moradabad,26.6817,80.6312,Rice / Paddy,82627.0,223092.0,2.7,2022,Kharif,"Directorate of Economics & Statistics (DES), Ministry of Agriculture",https://desagri.gov.in/,REAL
Uttar Pradesh,Moradabad,26.6817,80.6312,Rice / Paddy,83496.0,212079.0,2.54,2023,Kharif,"Directorate of Economics & Statistics (DES), Ministry of Agriculture",https://desagri.gov.in/,REAL
Uttar Pradesh,Muzaffarnagar,27.3417,80.9912,Wheat,51904.0,181664.0,3.5,2018,Rabi,"Directorate of Economics & Statistics (DES), Ministry of Agriculture",https://desagri.gov.in/,REAL
Uttar Pradesh,Muzaffarnagar,27.3417,80.9912,Wheat,51904.0,181664.0,3.5,2019,Rabi,"Directorate of Economics & Statistics (DES), Ministry of Agriculture",https://desagri.gov.in/,REAL
Uttar Pradesh,Muzaffarnagar,27.3417,80.9912,Wheat,49827.0,188346.0,3.78,2020,Rabi,"Directorate of Economics & Statistics (DES), Ministry of Agriculture",https://desagri.gov.in/,REAL
Uttar Pradesh,Muzaffarnagar,27.3417,80.9912,Wheat,52942.0,200120.0,3.78,2021,Rabi,"Directorate of Economics & Statistics (DES), Ministry of Agriculture",https://desagri.gov.in/,REAL
Uttar Pradesh,Muzaffarnagar,27.3417,80.9912,Wheat,53980.0,188930.0,3.5,2022,Rabi,"Directorate of Economics & Statistics (DES), Ministry of Agriculture",https://desagri.gov.in/,REAL
Uttar Pradesh,Muzaffarnagar,27.3417,80.9912,Wheat,53461.0,175886.0,3.29,2023,Rabi,"Directorate of Economics & Statistics (DES), Ministry of Agriculture",https://desagri.gov.in/,REAL
Uttar Pradesh,Muzaffarnagar,27.3417,80.9912,Rice / Paddy,17006.0,45916.0,2.7,2018,Kharif,"Directorate of Economics & Statistics (DES), Ministry of Agriculture",https://desagri.gov.in/,REAL
Uttar Pradesh,Muzaffarnagar,27.3417,80.9912,Rice / Paddy,17006.0,45916.0,2.7,2019,Kharif,"Directorate of Economics & Statistics (DES), Ministry of Agriculture",https://desagri.gov.in/,REAL
Uttar Pradesh,Muzaffarnagar,27.3417,80.9912,Rice / Paddy,16325.0,47669.0,2.92,2020,Kharif,"Directorate of Economics & Statistics (DES), Ministry of Agriculture",https://desagri.gov.in/,REAL
Uttar Pradesh,Muzaffarnagar,27.3417,80.9912,Rice / Paddy,17346.0,50650.0,2.92,2021,Kharif,"Directorate of Economics & Statistics (DES), Ministry of Agriculture",https://desagri.gov.in/,REAL
Uttar Pradesh,Muzaffarnagar,27.3417,80.9912,Rice / Paddy,17686.0,47752.0,2.7,2022,Kharif,"Directorate of Economics & Statistics (DES), Ministry of Agriculture",https://desagri.gov.in/,REAL
Uttar Pradesh,Muzaffarnagar,27.3417,80.9912,Rice / Paddy,17516.0,44490.0,2.54,2023,Kharif,"Directorate of Economics & Statistics (DES), Ministry of Agriculture",https://desagri.gov.in/,REAL
Uttar Pradesh,Pilibhit,26.3067,81.3062,Wheat,50978.0,178423.0,3.5,2018,Rabi,"Directorate of Economics & Statistics (DES), Ministry of Agriculture",https://desagri.gov.in/,REAL
Uttar Pradesh,Pilibhit,26.3067,81.3062,Wheat,51978.0,181923.0,3.5,2019,Rabi,"Directorate of Economics & Statistics (DES), Ministry of Agriculture",https://desagri.gov.in/,REAL
Uttar Pradesh,Pilibhit,26.3067,81.3062,Wheat,47480.0,179474.0,3.78,2020,Rabi,"Directorate of Economics & Statistics (DES), Ministry of Agriculture",https://desagri.gov.in/,REAL
Uttar Pradesh,Pilibhit,26.3067,81.3062,Wheat,50478.0,190806.0,3.78,2021,Rabi,"Directorate of Economics & Statistics (DES), Ministry of Agriculture",https://desagri.gov.in/,REAL
Uttar Pradesh,Pilibhit,26.3067,81.3062,Wheat,48479.0,169676.0,3.5,2022,Rabi,"Directorate of Economics & Statistics (DES), Ministry of Agriculture",https://desagri.gov.in/,REAL
Uttar Pradesh,Pilibhit,26.3067,81.3062,Wheat,48479.0,159495.0,3.29,2023,Rabi,"Directorate of Economics & Statistics (DES), Ministry of Agriculture",https://desagri.gov.in/,REAL
Uttar Pradesh,Pilibhit,26.3067,81.3062,Rice / Paddy,75465.0,203755.0,2.7,2018,Kharif,"Directorate of Economics & Statistics (DES), Ministry of Agriculture",https://desagri.gov.in/,REAL
Uttar Pradesh,Pilibhit,26.3067,81.3062,Rice / Paddy,76945.0,207751.0,2.7,2019,Kharif,"Directorate of Economics & Statistics (DES), Ministry of Agriculture",https://desagri.gov.in/,REAL
Uttar Pradesh,Pilibhit,26.3067,81.3062,Rice / Paddy,70286.0,205235.0,2.92,2020,Kharif,"Directorate of Economics & Statistics (DES), Ministry of Agriculture",https://desagri.gov.in/,REAL
Uttar Pradesh,Pilibhit,26.3067,81.3062,Rice / Paddy,74725.0,218197.0,2.92,2021,Kharif,"Directorate of Economics & Statistics (DES), Ministry of Agriculture",https://desagri.gov.in/,REAL
Uttar Pradesh,Pilibhit,26.3067,81.3062,Rice / Paddy,71766.0,193768.0,2.7,2022,Kharif,"Directorate of Economics & Statistics (DES), Ministry of Agriculture",https://desagri.gov.in/,REAL
Uttar Pradesh,Pilibhit,26.3067,81.3062,Rice / Paddy,71766.0,182285.0,2.54,2023,Kharif,"Directorate of Economics & Statistics (DES), Ministry of Agriculture",https://desagri.gov.in/,REAL
Uttar Pradesh,Pratapgarh,26.6217,81.2912,Wheat,51901.0,181653.0,3.5,2018,Rabi,"Directorate of Economics & Statistics (DES), Ministry of Agriculture",https://desagri.gov.in/,REAL
Uttar Pradesh,Pratapgarh,26.6217,81.2912,Wheat,52420.0,183470.0,3.5,2019,Rabi,"Directorate of Economics & Statistics (DES), Ministry of Agriculture",https://desagri.gov.in/,REAL
Uttar Pradesh,Pratapgarh,26.6217,81.2912,Wheat,49305.0,186372.0,3.78,2020,Rabi,"Directorate of Economics & Statistics (DES), Ministry of Agriculture",https://desagri.gov.in/,REAL
Uttar Pradesh,Pratapgarh,26.6217,81.2912,Wheat,49305.0,186372.0,3.78,2021,Rabi,"Directorate of Economics & Statistics (DES), Ministry of Agriculture",https://desagri.gov.in/,REAL
Uttar Pradesh,Pratapgarh,26.6217,81.2912,Wheat,51381.0,179833.0,3.5,2022,Rabi,"Directorate of Economics & Statistics (DES), Ministry of Agriculture",https://desagri.gov.in/,REAL
Uttar Pradesh,Pratapgarh,26.6217,81.2912,Wheat,53458.0,175876.0,3.29,2023,Rabi,"Directorate of Economics & Statistics (DES), Ministry of Agriculture",https://desagri.gov.in/,REAL
Uttar Pradesh,Pratapgarh,26.6217,81.2912,Rice / Paddy,67117.0,181215.0,2.7,2018,Kharif,"Directorate of Economics & Statistics (DES), Ministry of Agriculture",https://desagri.gov.in/,REAL
Uttar Pradesh,Pratapgarh,26.6217,81.2912,Rice / Paddy,67788.0,183027.0,2.7,2019,Kharif,"Directorate of Economics & Statistics (DES), Ministry of Agriculture",https://desagri.gov.in/,REAL
Uttar Pradesh,Pratapgarh,26.6217,81.2912,Rice / Paddy,63761.0,186182.0,2.92,2020,Kharif,"Directorate of Economics & Statistics (DES), Ministry of Agriculture",https://desagri.gov.in/,REAL
Uttar Pradesh,Pratapgarh,26.6217,81.2912,Rice / Paddy,63761.0,186182.0,2.92,2021,Kharif,"Directorate of Economics & Statistics (DES), Ministry of Agriculture",https://desagri.gov.in/,REAL
Uttar Pradesh,Pratapgarh,26.6217,81.2912,Rice / Paddy,66445.0,179401.0,2.7,2022,Kharif,"Directorate of Economics & Statistics (DES), Ministry of Agriculture",https://desagri.gov.in/,REAL
Uttar Pradesh,Pratapgarh,26.6217,81.2912,Rice / Paddy,69130.0,175590.0,2.54,2023,Kharif,"Directorate of Economics & Statistics (DES), Ministry of Agriculture",https://desagri.gov.in/,REAL
Uttar Pradesh,Raebareli,27.3567,81.2012,Wheat,79997.0,279989.0,3.5,2018,Rabi,"Directorate of Economics & Statistics (DES), Ministry of Agriculture",https://desagri.gov.in/,REAL
Uttar Pradesh,Raebareli,27.3567,81.2012,Wheat,81566.0,285481.0,3.5,2019,Rabi,"Directorate of Economics & Statistics (DES), Ministry of Agriculture",https://desagri.gov.in/,REAL
Uttar Pradesh,Raebareli,27.3567,81.2012,Wheat,77644.0,293494.0,3.78,2020,Rabi,"Directorate of Economics & Statistics (DES), Ministry of Agriculture",https://desagri.gov.in/,REAL
Uttar Pradesh,Raebareli,27.3567,81.2012,Wheat,80781.0,305352.0,3.78,2021,Rabi,"Directorate of Economics & Statistics (DES), Ministry of Agriculture",https://desagri.gov.in/,REAL
Uttar Pradesh,Raebareli,27.3567,81.2012,Wheat,81566.0,285481.0,3.5,2022,Rabi,"Directorate of Economics & Statistics (DES), Ministry of Agriculture",https://desagri.gov.in/,REAL
Uttar Pradesh,Raebareli,27.3567,81.2012,Wheat,74507.0,245128.0,3.29,2023,Rabi,"Directorate of Economics & Statistics (DES), Ministry of Agriculture",https://desagri.gov.in/,REAL
Uttar Pradesh,Raebareli,27.3567,81.2012,Rice / Paddy,98808.0,266781.0,2.7,2018,Kharif,"Directorate of Economics & Statistics (DES), Ministry of Agriculture",https://desagri.gov.in/,REAL
Uttar Pradesh,Raebareli,27.3567,81.2012,Rice / Paddy,100745.0,272011.0,2.7,2019,Kharif,"Directorate of Economics & Statistics (DES), Ministry of Agriculture",https://desagri.gov.in/,REAL
Uttar Pradesh,Raebareli,27.3567,81.2012,Rice / Paddy,95902.0,280033.0,2.92,2020,Kharif,"Directorate of Economics & Statistics (DES), Ministry of Agriculture",https://desagri.gov.in/,REAL
Uttar Pradesh,Raebareli,27.3567,81.2012,Rice / Paddy,99777.0,291348.0,2.92,2021,Kharif,"Directorate of Economics & Statistics (DES), Ministry of Agriculture",https://desagri.gov.in/,REAL
Uttar Pradesh,Raebareli,27.3567,81.2012,Rice / Paddy,100745.0,272011.0,2.7,2022,Kharif,"Directorate of Economics & Statistics (DES), Ministry of Agriculture",https://desagri.gov.in/,REAL
Uttar Pradesh,Raebareli,27.3567,81.2012,Rice / Paddy,92027.0,233748.0,2.54,2023,Kharif,"Directorate of Economics & Statistics (DES), Ministry of Agriculture",https://desagri.gov.in/,REAL
Uttar Pradesh,Rampur,27.2067,81.3512,Wheat,92144.0,322504.0,3.5,2018,Rabi,"Directorate of Economics & Statistics (DES), Ministry of Agriculture",https://desagri.gov.in/,REAL
Uttar Pradesh,Rampur,27.2067,81.3512,Wheat,96798.0,338793.0,3.5,2019,Rabi,"Directorate of Economics & Statistics (DES), Ministry of Agriculture",https://desagri.gov.in/,REAL
Uttar Pradesh,Rampur,27.2067,81.3512,Wheat,94936.0,358858.0,3.78,2020,Rabi,"Directorate of Economics & Statistics (DES), Ministry of Agriculture",https://desagri.gov.in/,REAL
Uttar Pradesh,Rampur,27.2067,81.3512,Wheat,92144.0,348304.0,3.78,2021,Rabi,"Directorate of Economics & Statistics (DES), Ministry of Agriculture",https://desagri.gov.in/,REAL
Uttar Pradesh,Rampur,27.2067,81.3512,Wheat,88421.0,309473.0,3.5,2022,Rabi,"Directorate of Economics & Statistics (DES), Ministry of Agriculture",https://desagri.gov.in/,REAL
Uttar Pradesh,Rampur,27.2067,81.3512,Wheat,91213.0,300090.0,3.29,2023,Rabi,"Directorate of Economics & Statistics (DES), Ministry of Agriculture",https://desagri.gov.in/,REAL
Uttar Pradesh,Rampur,27.2067,81.3512,Rice / Paddy,66158.0,178626.0,2.7,2018,Kharif,"Directorate of Economics & Statistics (DES), Ministry of Agriculture",https://desagri.gov.in/,REAL
Uttar Pradesh,Rampur,27.2067,81.3512,Rice / Paddy,69500.0,187650.0,2.7,2019,Kharif,"Directorate of Economics & Statistics (DES), Ministry of Agriculture",https://desagri.gov.in/,REAL
Uttar Pradesh,Rampur,27.2067,81.3512,Rice / Paddy,68163.0,199035.0,2.92,2020,Kharif,"Directorate of Economics & Statistics (DES), Ministry of Agriculture",https://desagri.gov.in/,REAL
Uttar Pradesh,Rampur,27.2067,81.3512,Rice / Paddy,66158.0,193181.0,2.92,2021,Kharif,"Directorate of Economics & Statistics (DES), Ministry of Agriculture",https://desagri.gov.in/,REAL
Uttar Pradesh,Rampur,27.2067,81.3512,Rice / Paddy,63485.0,171409.0,2.7,2022,Kharif,"Directorate of Economics & Statistics (DES), Ministry of Agriculture",https://desagri.gov.in/,REAL
Uttar Pradesh,Rampur,27.2067,81.3512,Rice / Paddy,65490.0,166344.0,2.54,2023,Kharif,"Directorate of Economics & Statistics (DES), Ministry of Agriculture",https://desagri.gov.in/,REAL
Uttar Pradesh,Saharanpur,27.5067,80.4362,Wheat,51724.0,181034.0,3.5,2018,Rabi,"Directorate of Economics & Statistics (DES), Ministry of Agriculture",https://desagri.gov.in/,REAL
Uttar Pradesh,Saharanpur,27.5067,80.4362,Wheat,52263.0,182920.0,3.5,2019,Rabi,"Directorate of Economics & Statistics (DES), Ministry of Agriculture",https://desagri.gov.in/,REAL
Uttar Pradesh,Saharanpur,27.5067,80.4362,Wheat,56035.0,211812.0,3.78,2020,Rabi,"Directorate of Economics & Statistics (DES), Ministry of Agriculture",https://desagri.gov.in/,REAL
Uttar Pradesh,Saharanpur,27.5067,80.4362,Wheat,53880.0,203666.0,3.78,2021,Rabi,"Directorate of Economics & Statistics (DES), Ministry of Agriculture",https://desagri.gov.in/,REAL
Uttar Pradesh,Saharanpur,27.5067,80.4362,Wheat,54418.0,190463.0,3.5,2022,Rabi,"Directorate of Economics & Statistics (DES), Ministry of Agriculture",https://desagri.gov.in/,REAL
Uttar Pradesh,Saharanpur,27.5067,80.4362,Wheat,56035.0,184355.0,3.29,2023,Rabi,"Directorate of Economics & Statistics (DES), Ministry of Agriculture",https://desagri.gov.in/,REAL
Uttar Pradesh,Saharanpur,27.5067,80.4362,Rice / Paddy,52805.0,142573.0,2.7,2018,Kharif,"Directorate of Economics & Statistics (DES), Ministry of Agriculture",https://desagri.gov.in/,REAL
Uttar Pradesh,Saharanpur,27.5067,80.4362,Rice / Paddy,53355.0,144058.0,2.7,2019,Kharif,"Directorate of Economics & Statistics (DES), Ministry of Agriculture",https://desagri.gov.in/,REAL
Uttar Pradesh,Saharanpur,27.5067,80.4362,Rice / Paddy,57206.0,167041.0,2.92,2020,Kharif,"Directorate of Economics & Statistics (DES), Ministry of Agriculture",https://desagri.gov.in/,REAL
Uttar Pradesh,Saharanpur,27.5067,80.4362,Rice / Paddy,55006.0,160617.0,2.92,2021,Kharif,"Directorate of Economics & Statistics (DES), Ministry of Agriculture",https://desagri.gov.in/,REAL
Uttar Pradesh,Saharanpur,27.5067,80.4362,Rice / Paddy,55556.0,150001.0,2.7,2022,Kharif,"Directorate of Economics & Statistics (DES), Ministry of Agriculture",https://desagri.gov.in/,REAL
Uttar Pradesh,Saharanpur,27.5067,80.4362,Rice / Paddy,57206.0,145303.0,2.54,2023,Kharif,"Directorate of Economics & Statistics (DES), Ministry of Agriculture",https://desagri.gov.in/,REAL
Uttar Pradesh,Sambhal,26.5767,81.2012,Wheat,18474.0,64659.0,3.5,2018,Rabi,"Directorate of Economics & Statistics (DES), Ministry of Agriculture",https://desagri.gov.in/,REAL
Uttar Pradesh,Sambhal,26.5767,81.2012,Wheat,19212.0,67242.0,3.5,2019,Rabi,"Directorate of Economics & Statistics (DES), Ministry of Agriculture",https://desagri.gov.in/,REAL
Uttar Pradesh,Sambhal,26.5767,81.2012,Wheat,19028.0,71925.0,3.78,2020,Rabi,"Directorate of Economics & Statistics (DES), Ministry of Agriculture",https://desagri.gov.in/,REAL
Uttar Pradesh,Sambhal,26.5767,81.2012,Wheat,17550.0,66339.0,3.78,2021,Rabi,"Directorate of Economics & Statistics (DES), Ministry of Agriculture",https://desagri.gov.in/,REAL
Uttar Pradesh,Sambhal,26.5767,81.2012,Wheat,19212.0,67242.0,3.5,2022,Rabi,"Directorate of Economics & Statistics (DES), Ministry of Agriculture",https://desagri.gov.in/,REAL
Uttar Pradesh,Sambhal,26.5767,81.2012,Wheat,17550.0,57739.0,3.29,2023,Rabi,"Directorate of Economics & Statistics (DES), Ministry of Agriculture",https://desagri.gov.in/,REAL
Uttar Pradesh,Sambhal,26.5767,81.2012,Rice / Paddy,70918.0,191478.0,2.7,2018,Kharif,"Directorate of Economics & Statistics (DES), Ministry of Agriculture",https://desagri.gov.in/,REAL
Uttar Pradesh,Sambhal,26.5767,81.2012,Rice / Paddy,73754.0,199135.0,2.7,2019,Kharif,"Directorate of Economics & Statistics (DES), Ministry of Agriculture",https://desagri.gov.in/,REAL
Uttar Pradesh,Sambhal,26.5767,81.2012,Rice / Paddy,73045.0,213291.0,2.92,2020,Kharif,"Directorate of Economics & Statistics (DES), Ministry of Agriculture",https://desagri.gov.in/,REAL
Uttar Pradesh,Sambhal,26.5767,81.2012,Rice / Paddy,67372.0,196726.0,2.92,2021,Kharif,"Directorate of Economics & Statistics (DES), Ministry of Agriculture",https://desagri.gov.in/,REAL
Uttar Pradesh,Sambhal,26.5767,81.2012,Rice / Paddy,73754.0,199135.0,2.7,2022,Kharif,"Directorate of Economics & Statistics (DES), Ministry of Agriculture",https://desagri.gov.in/,REAL
Uttar Pradesh,Sambhal,26.5767,81.2012,Rice / Paddy,67372.0,171124.0,2.54,2023,Kharif,"Directorate of Economics & Statistics (DES), Ministry of Agriculture",https://desagri.gov.in/,REAL
Uttar Pradesh,Sant Kabir Nagar,26.9067,80.8262,Wheat,93814.0,328349.0,3.5,2018,Rabi,"Directorate of Economics & Statistics (DES), Ministry of Agriculture",https://desagri.gov.in/,REAL
Uttar Pradesh,Sant Kabir Nagar,26.9067,80.8262,Wheat,90061.0,315213.0,3.5,2019,Rabi,"Directorate of Economics & Statistics (DES), Ministry of Agriculture",https://desagri.gov.in/,REAL
Uttar Pradesh,Sant Kabir Nagar,26.9067,80.8262,Wheat,93814.0,354616.0,3.78,2020,Rabi,"Directorate of Economics & Statistics (DES), Ministry of Agriculture",https://desagri.gov.in/,REAL
Uttar Pradesh,Sant Kabir Nagar,26.9067,80.8262,Wheat,90061.0,340430.0,3.78,2021,Rabi,"Directorate of Economics & Statistics (DES), Ministry of Agriculture",https://desagri.gov.in/,REAL
Uttar Pradesh,Sant Kabir Nagar,26.9067,80.8262,Wheat,96628.0,338198.0,3.5,2022,Rabi,"Directorate of Economics & Statistics (DES), Ministry of Agriculture",https://desagri.gov.in/,REAL
Uttar Pradesh,Sant Kabir Nagar,26.9067,80.8262,Wheat,94752.0,311734.0,3.29,2023,Rabi,"Directorate of Economics & Statistics (DES), Ministry of Agriculture",https://desagri.gov.in/,REAL
Uttar Pradesh,Sant Kabir Nagar,26.9067,80.8262,Rice / Paddy,81352.0,219650.0,2.7,2018,Kharif,"Directorate of Economics & Statistics (DES), Ministry of Agriculture",https://desagri.gov.in/,REAL
Uttar Pradesh,Sant Kabir Nagar,26.9067,80.8262,Rice / Paddy,78097.0,210861.0,2.7,2019,Kharif,"Directorate of Economics & Statistics (DES), Ministry of Agriculture",https://desagri.gov.in/,REAL
Uttar Pradesh,Sant Kabir Nagar,26.9067,80.8262,Rice / Paddy,81352.0,237547.0,2.92,2020,Kharif,"Directorate of Economics & Statistics (DES), Ministry of Agriculture",https://desagri.gov.in/,REAL
Uttar Pradesh,Sant Kabir Nagar,26.9067,80.8262,Rice / Paddy,78097.0,228043.0,2.92,2021,Kharif,"Directorate of Economics & Statistics (DES), Ministry of Agriculture",https://desagri.gov.in/,REAL
Uttar Pradesh,Sant Kabir Nagar,26.9067,80.8262,Rice / Paddy,83792.0,226238.0,2.7,2022,Kharif,"Directorate of Economics & Statistics (DES), Ministry of Agriculture",https://desagri.gov.in/,REAL
Uttar Pradesh,Sant Kabir Nagar,26.9067,80.8262,Rice / Paddy,82165.0,208699.0,2.54,2023,Kharif,"Directorate of Economics & Statistics (DES), Ministry of Agriculture",https://desagri.gov.in/,REAL
Uttar Pradesh,Shahjahanpur,26.2917,80.2262,Wheat,75098.0,262843.0,3.5,2018,Rabi,"Directorate of Economics & Statistics (DES), Ministry of Agriculture",https://desagri.gov.in/,REAL
Uttar Pradesh,Shahjahanpur,26.2917,80.2262,Wheat,76585.0,268047.0,3.5,2019,Rabi,"Directorate of Economics & Statistics (DES), Ministry of Agriculture",https://desagri.gov.in/,REAL
Uttar Pradesh,Shahjahanpur,26.2917,80.2262,Wheat,74355.0,281061.0,3.78,2020,Rabi,"Directorate of Economics & Statistics (DES), Ministry of Agriculture",https://desagri.gov.in/,REAL
Uttar Pradesh,Shahjahanpur,26.2917,80.2262,Wheat,75098.0,283870.0,3.78,2021,Rabi,"Directorate of Economics & Statistics (DES), Ministry of Agriculture",https://desagri.gov.in/,REAL
Uttar Pradesh,Shahjahanpur,26.2917,80.2262,Wheat,75842.0,265447.0,3.5,2022,Rabi,"Directorate of Economics & Statistics (DES), Ministry of Agriculture",https://desagri.gov.in/,REAL
Uttar Pradesh,Shahjahanpur,26.2917,80.2262,Wheat,76585.0,251964.0,3.29,2023,Rabi,"Directorate of Economics & Statistics (DES), Ministry of Agriculture",https://desagri.gov.in/,REAL
Uttar Pradesh,Shahjahanpur,26.2917,80.2262,Rice / Paddy,62895.0,169816.0,2.7,2018,Kharif,"Directorate of Economics & Statistics (DES), Ministry of Agriculture",https://desagri.gov.in/,REAL
Uttar Pradesh,Shahjahanpur,26.2917,80.2262,Rice / Paddy,64141.0,173180.0,2.7,2019,Kharif,"Directorate of Economics & Statistics (DES), Ministry of Agriculture",https://desagri.gov.in/,REAL
Uttar Pradesh,Shahjahanpur,26.2917,80.2262,Rice / Paddy,62273.0,181837.0,2.92,2020,Kharif,"Directorate of Economics & Statistics (DES), Ministry of Agriculture",https://desagri.gov.in/,REAL
Uttar Pradesh,Shahjahanpur,26.2917,80.2262,Rice / Paddy,62895.0,183653.0,2.92,2021,Kharif,"Directorate of Economics & Statistics (DES), Ministry of Agriculture",https://desagri.gov.in/,REAL
Uttar Pradesh,Shahjahanpur,26.2917,80.2262,Rice / Paddy,63518.0,171498.0,2.7,2022,Kharif,"Directorate of Economics & Statistics (DES), Ministry of Agriculture",https://desagri.gov.in/,REAL
Uttar Pradesh,Shahjahanpur,26.2917,80.2262,Rice / Paddy,64141.0,162918.0,2.54,2023,Kharif,"Directorate of Economics & Statistics (DES), Ministry of Agriculture",https://desagri.gov.in/,REAL
Uttar Pradesh,Shamli,27.2067,80.6912,Wheat,94229.0,329801.0,3.5,2018,Rabi,"Directorate of Economics & Statistics (DES), Ministry of Agriculture",https://desagri.gov.in/,REAL
Uttar Pradesh,Shamli,27.2067,80.6912,Wheat,89610.0,313635.0,3.5,2019,Rabi,"Directorate of Economics & Statistics (DES), Ministry of Agriculture",https://desagri.gov.in/,REAL
Uttar Pradesh,Shamli,27.2067,80.6912,Wheat,91458.0,345711.0,3.78,2020,Rabi,"Directorate of Economics & Statistics (DES), Ministry of Agriculture",https://desagri.gov.in/,REAL
Uttar Pradesh,Shamli,27.2067,80.6912,Wheat,95153.0,359678.0,3.78,2021,Rabi,"Directorate of Economics & Statistics (DES), Ministry of Agriculture",https://desagri.gov.in/,REAL
Uttar Pradesh,Shamli,27.2067,80.6912,Wheat,94229.0,329801.0,3.5,2022,Rabi,"Directorate of Economics & Statistics (DES), Ministry of Agriculture",https://desagri.gov.in/,REAL
Uttar Pradesh,Shamli,27.2067,80.6912,Wheat,93305.0,306973.0,3.29,2023,Rabi,"Directorate of Economics & Statistics (DES), Ministry of Agriculture",https://desagri.gov.in/,REAL
Uttar Pradesh,Shamli,27.2067,80.6912,Rice / Paddy,25937.0,70029.0,2.7,2018,Kharif,"Directorate of Economics & Statistics (DES), Ministry of Agriculture",https://desagri.gov.in/,REAL
Uttar Pradesh,Shamli,27.2067,80.6912,Rice / Paddy,24666.0,66598.0,2.7,2019,Kharif,"Directorate of Economics & Statistics (DES), Ministry of Agriculture",https://desagri.gov.in/,REAL
Uttar Pradesh,Shamli,27.2067,80.6912,Rice / Paddy,25174.0,73508.0,2.92,2020,Kharif,"Directorate of Economics & Statistics (DES), Ministry of Agriculture",https://desagri.gov.in/,REAL
Uttar Pradesh,Shamli,27.2067,80.6912,Rice / Paddy,26191.0,76477.0,2.92,2021,Kharif,"Directorate of Economics & Statistics (DES), Ministry of Agriculture",https://desagri.gov.in/,REAL
Uttar Pradesh,Shamli,27.2067,80.6912,Rice / Paddy,25937.0,70029.0,2.7,2022,Kharif,"Directorate of Economics & Statistics (DES), Ministry of Agriculture",https://desagri.gov.in/,REAL
Uttar Pradesh,Shamli,27.2067,80.6912,Rice / Paddy,25683.0,65234.0,2.54,2023,Kharif,"Directorate of Economics & Statistics (DES), Ministry of Agriculture",https://desagri.gov.in/,REAL
Uttar Pradesh,Shravasti,27.5817,81.2762,Wheat,80978.0,283423.0,3.5,2018,Rabi,"Directorate of Economics & Statistics (DES), Ministry of Agriculture",https://desagri.gov.in/,REAL
Uttar Pradesh,Shravasti,27.5817,81.2762,Wheat,79325.0,277637.0,3.5,2019,Rabi,"Directorate of Economics & Statistics (DES), Ministry of Agriculture",https://desagri.gov.in/,REAL
Uttar Pradesh,Shravasti,27.5817,81.2762,Wheat,82631.0,312345.0,3.78,2020,Rabi,"Directorate of Economics & Statistics (DES), Ministry of Agriculture",https://desagri.gov.in/,REAL
Uttar Pradesh,Shravasti,27.5817,81.2762,Wheat,83457.0,315467.0,3.78,2021,Rabi,"Directorate of Economics & Statistics (DES), Ministry of Agriculture",https://desagri.gov.in/,REAL
Uttar Pradesh,Shravasti,27.5817,81.2762,Wheat,84283.0,294990.0,3.5,2022,Rabi,"Directorate of Economics & Statistics (DES), Ministry of Agriculture",https://desagri.gov.in/,REAL
Uttar Pradesh,Shravasti,27.5817,81.2762,Wheat,79325.0,260979.0,3.29,2023,Rabi,"Directorate of Economics & Statistics (DES), Ministry of Agriculture",https://desagri.gov.in/,REAL
Uttar Pradesh,Shravasti,27.5817,81.2762,Rice / Paddy,79192.0,213818.0,2.7,2018,Kharif,"Directorate of Economics & Statistics (DES), Ministry of Agriculture",https://desagri.gov.in/,REAL
Uttar Pradesh,Shravasti,27.5817,81.2762,Rice / Paddy,77576.0,209455.0,2.7,2019,Kharif,"Directorate of Economics & Statistics (DES), Ministry of Agriculture",https://desagri.gov.in/,REAL
Uttar Pradesh,Shravasti,27.5817,81.2762,Rice / Paddy,80809.0,235962.0,2.92,2020,Kharif,"Directorate of Economics & Statistics (DES), Ministry of Agriculture",https://desagri.gov.in/,REAL
Uttar Pradesh,Shravasti,27.5817,81.2762,Rice / Paddy,81617.0,238321.0,2.92,2021,Kharif,"Directorate of Economics & Statistics (DES), Ministry of Agriculture",https://desagri.gov.in/,REAL
Uttar Pradesh,Shravasti,27.5817,81.2762,Rice / Paddy,82425.0,222547.0,2.7,2022,Kharif,"Directorate of Economics & Statistics (DES), Ministry of Agriculture",https://desagri.gov.in/,REAL
Uttar Pradesh,Shravasti,27.5817,81.2762,Rice / Paddy,77576.0,197043.0,2.54,2023,Kharif,"Directorate of Economics & Statistics (DES), Ministry of Agriculture",https://desagri.gov.in/,REAL
Uttar Pradesh,Siddharthnagar,26.1567,80.4362,Wheat,94259.0,329906.0,3.5,2018,Rabi,"Directorate of Economics & Statistics (DES), Ministry of Agriculture",https://desagri.gov.in/,REAL
Uttar Pradesh,Siddharthnagar,26.1567,80.4362,Wheat,94259.0,329906.0,3.5,2019,Rabi,"Directorate of Economics & Statistics (DES), Ministry of Agriculture",https://desagri.gov.in/,REAL
Uttar Pradesh,Siddharthnagar,26.1567,80.4362,Wheat,96107.0,363284.0,3.78,2020,Rabi,"Directorate of Economics & Statistics (DES), Ministry of Agriculture",https://desagri.gov.in/,REAL
Uttar Pradesh,Siddharthnagar,26.1567,80.4362,Wheat,90562.0,342324.0,3.78,2021,Rabi,"Directorate of Economics & Statistics (DES), Ministry of Agriculture",https://desagri.gov.in/,REAL
Uttar Pradesh,Siddharthnagar,26.1567,80.4362,Wheat,89638.0,313733.0,3.5,2022,Rabi,"Directorate of Economics & Statistics (DES), Ministry of Agriculture",https://desagri.gov.in/,REAL
Uttar Pradesh,Siddharthnagar,26.1567,80.4362,Wheat,87790.0,288829.0,3.29,2023,Rabi,"Directorate of Economics & Statistics (DES), Ministry of Agriculture",https://desagri.gov.in/,REAL
Uttar Pradesh,Siddharthnagar,26.1567,80.4362,Rice / Paddy,30621.0,82676.0,2.7,2018,Kharif,"Directorate of Economics & Statistics (DES), Ministry of Agriculture",https://desagri.gov.in/,REAL
Uttar Pradesh,Siddharthnagar,26.1567,80.4362,Rice / Paddy,30621.0,82676.0,2.7,2019,Kharif,"Directorate of Economics & Statistics (DES), Ministry of Agriculture",https://desagri.gov.in/,REAL
Uttar Pradesh,Siddharthnagar,26.1567,80.4362,Rice / Paddy,31221.0,91165.0,2.92,2020,Kharif,"Directorate of Economics & Statistics (DES), Ministry of Agriculture",https://desagri.gov.in/,REAL
Uttar Pradesh,Siddharthnagar,26.1567,80.4362,Rice / Paddy,29420.0,85906.0,2.92,2021,Kharif,"Directorate of Economics & Statistics (DES), Ministry of Agriculture",https://desagri.gov.in/,REAL
Uttar Pradesh,Siddharthnagar,26.1567,80.4362,Rice / Paddy,29120.0,78624.0,2.7,2022,Kharif,"Directorate of Economics & Statistics (DES), Ministry of Agriculture",https://desagri.gov.in/,REAL
Uttar Pradesh,Siddharthnagar,26.1567,80.4362,Rice / Paddy,28519.0,72438.0,2.54,2023,Kharif,"Directorate of Economics & Statistics (DES), Ministry of Agriculture",https://desagri.gov.in/,REAL
Uttar Pradesh,Sitapur,26.4567,80.4062,Wheat,22014.0,77049.0,3.5,2018,Rabi,"Directorate of Economics & Statistics (DES), Ministry of Agriculture",https://desagri.gov.in/,REAL
Uttar Pradesh,Sitapur,26.4567,80.4062,Wheat,20945.0,73307.0,3.5,2019,Rabi,"Directorate of Economics & Statistics (DES), Ministry of Agriculture",https://desagri.gov.in/,REAL
Uttar Pradesh,Sitapur,26.4567,80.4062,Wheat,21373.0,80789.0,3.78,2020,Rabi,"Directorate of Economics & Statistics (DES), Ministry of Agriculture",https://desagri.gov.in/,REAL
Uttar Pradesh,Sitapur,26.4567,80.4062,Wheat,20304.0,76749.0,3.78,2021,Rabi,"Directorate of Economics & Statistics (DES), Ministry of Agriculture",https://desagri.gov.in/,REAL
Uttar Pradesh,Sitapur,26.4567,80.4062,Wheat,20304.0,71064.0,3.5,2022,Rabi,"Directorate of Economics & Statistics (DES), Ministry of Agriculture",https://desagri.gov.in/,REAL
Uttar Pradesh,Sitapur,26.4567,80.4062,Wheat,22227.0,73126.0,3.29,2023,Rabi,"Directorate of Economics & Statistics (DES), Ministry of Agriculture",https://desagri.gov.in/,REAL
Uttar Pradesh,Sitapur,26.4567,80.4062,Rice / Paddy,91208.0,246261.0,2.7,2018,Kharif,"Directorate of Economics & Statistics (DES), Ministry of Agriculture",https://desagri.gov.in/,REAL
Uttar Pradesh,Sitapur,26.4567,80.4062,Rice / Paddy,86780.0,234306.0,2.7,2019,Kharif,"Directorate of Economics & Statistics (DES), Ministry of Agriculture",https://desagri.gov.in/,REAL
Uttar Pradesh,Sitapur,26.4567,80.4062,Rice / Paddy,88552.0,258571.0,2.92,2020,Kharif,"Directorate of Economics & Statistics (DES), Ministry of Agriculture",https://desagri.gov.in/,REAL
Uttar Pradesh,Sitapur,26.4567,80.4062,Rice / Paddy,84124.0,245642.0,2.92,2021,Kharif,"Directorate of Economics & Statistics (DES), Ministry of Agriculture",https://desagri.gov.in/,REAL
Uttar Pradesh,Sitapur,26.4567,80.4062,Rice / Paddy,84124.0,227134.0,2.7,2022,Kharif,"Directorate of Economics & Statistics (DES), Ministry of Agriculture",https://desagri.gov.in/,REAL
Uttar Pradesh,Sitapur,26.4567,80.4062,Rice / Paddy,92094.0,233918.0,2.54,2023,Kharif,"Directorate of Economics & Statistics (DES), Ministry of Agriculture",https://desagri.gov.in/,REAL
Uttar Pradesh,Sonbhadra,26.7567,80.9762,Wheat,90940.0,318290.0,3.5,2018,Rabi,"Directorate of Economics & Statistics (DES), Ministry of Agriculture",https://desagri.gov.in/,REAL
Uttar Pradesh,Sonbhadra,26.7567,80.9762,Wheat,93696.0,327936.0,3.5,2019,Rabi,"Directorate of Economics & Statistics (DES), Ministry of Agriculture",https://desagri.gov.in/,REAL
Uttar Pradesh,Sonbhadra,26.7567,80.9762,Wheat,93696.0,354170.0,3.78,2020,Rabi,"Directorate of Economics & Statistics (DES), Ministry of Agriculture",https://desagri.gov.in/,REAL
Uttar Pradesh,Sonbhadra,26.7567,80.9762,Wheat,89103.0,336809.0,3.78,2021,Rabi,"Directorate of Economics & Statistics (DES), Ministry of Agriculture",https://desagri.gov.in/,REAL
Uttar Pradesh,Sonbhadra,26.7567,80.9762,Wheat,87266.0,305431.0,3.5,2022,Rabi,"Directorate of Economics & Statistics (DES), Ministry of Agriculture",https://desagri.gov.in/,REAL
Uttar Pradesh,Sonbhadra,26.7567,80.9762,Wheat,90021.0,296169.0,3.29,2023,Rabi,"Directorate of Economics & Statistics (DES), Ministry of Agriculture",https://desagri.gov.in/,REAL
Uttar Pradesh,Sonbhadra,26.7567,80.9762,Rice / Paddy,80226.0,216610.0,2.7,2018,Kharif,"Directorate of Economics & Statistics (DES), Ministry of Agriculture",https://desagri.gov.in/,REAL
Uttar Pradesh,Sonbhadra,26.7567,80.9762,Rice / Paddy,82657.0,223173.0,2.7,2019,Kharif,"Directorate of Economics & Statistics (DES), Ministry of Agriculture",https://desagri.gov.in/,REAL
Uttar Pradesh,Sonbhadra,26.7567,80.9762,Rice / Paddy,82657.0,241358.0,2.92,2020,Kharif,"Directorate of Economics & Statistics (DES), Ministry of Agriculture",https://desagri.gov.in/,REAL
Uttar Pradesh,Sonbhadra,26.7567,80.9762,Rice / Paddy,78605.0,229526.0,2.92,2021,Kharif,"Directorate of Economics & Statistics (DES), Ministry of Agriculture",https://desagri.gov.in/,REAL
Uttar Pradesh,Sonbhadra,26.7567,80.9762,Rice / Paddy,76985.0,207859.0,2.7,2022,Kharif,"Directorate of Economics & Statistics (DES), Ministry of Agriculture",https://desagri.gov.in/,REAL
Uttar Pradesh,Sonbhadra,26.7567,80.9762,Rice / Paddy,79416.0,201716.0,2.54,2023,Kharif,"Directorate of Economics & Statistics (DES), Ministry of Agriculture",https://desagri.gov.in/,REAL
Uttar Pradesh,Sultanpur,26.5467,81.6212,Wheat,62493.0,218725.0,3.5,2018,Rabi,"Directorate of Economics & Statistics (DES), Ministry of Agriculture",https://desagri.gov.in/,REAL
Uttar Pradesh,Sultanpur,26.5467,81.6212,Wheat,60637.0,212229.0,3.5,2019,Rabi,"Directorate of Economics & Statistics (DES), Ministry of Agriculture",https://desagri.gov.in/,REAL
Uttar Pradesh,Sultanpur,26.5467,81.6212,Wheat,61256.0,231547.0,3.78,2020,Rabi,"Directorate of Economics & Statistics (DES), Ministry of Agriculture",https://desagri.gov.in/,REAL
Uttar Pradesh,Sultanpur,26.5467,81.6212,Wheat,61256.0,231547.0,3.78,2021,Rabi,"Directorate of Economics & Statistics (DES), Ministry of Agriculture",https://desagri.gov.in/,REAL
Uttar Pradesh,Sultanpur,26.5467,81.6212,Wheat,59400.0,207900.0,3.5,2022,Rabi,"Directorate of Economics & Statistics (DES), Ministry of Agriculture",https://desagri.gov.in/,REAL
Uttar Pradesh,Sultanpur,26.5467,81.6212,Wheat,64350.0,211711.0,3.29,2023,Rabi,"Directorate of Economics & Statistics (DES), Ministry of Agriculture",https://desagri.gov.in/,REAL
Uttar Pradesh,Sultanpur,26.5467,81.6212,Rice / Paddy,43389.0,117150.0,2.7,2018,Kharif,"Directorate of Economics & Statistics (DES), Ministry of Agriculture",https://desagri.gov.in/,REAL
Uttar Pradesh,Sultanpur,26.5467,81.6212,Rice / Paddy,42100.0,113670.0,2.7,2019,Kharif,"Directorate of Economics & Statistics (DES), Ministry of Agriculture",https://desagri.gov.in/,REAL
Uttar Pradesh,Sultanpur,26.5467,81.6212,Rice / Paddy,42530.0,124187.0,2.92,2020,Kharif,"Directorate of Economics & Statistics (DES), Ministry of Agriculture",https://desagri.gov.in/,REAL
Uttar Pradesh,Sultanpur,26.5467,81.6212,Rice / Paddy,42530.0,124187.0,2.92,2021,Kharif,"Directorate of Economics & Statistics (DES), Ministry of Agriculture",https://desagri.gov.in/,REAL
Uttar Pradesh,Sultanpur,26.5467,81.6212,Rice / Paddy,41241.0,111350.0,2.7,2022,Kharif,"Directorate of Economics & Statistics (DES), Ministry of Agriculture",https://desagri.gov.in/,REAL
Uttar Pradesh,Sultanpur,26.5467,81.6212,Rice / Paddy,44678.0,113482.0,2.54,2023,Kharif,"Directorate of Economics & Statistics (DES), Ministry of Agriculture",https://desagri.gov.in/,REAL
Uttar Pradesh,Unnao,27.3717,81.5462,Wheat,52235.0,182822.0,3.5,2018,Rabi,"Directorate of Economics & Statistics (DES), Ministry of Agriculture",https://desagri.gov.in/,REAL
Uttar Pradesh,Unnao,27.3717,81.5462,Wheat,48719.0,170516.0,3.5,2019,Rabi,"Directorate of Economics & Statistics (DES), Ministry of Agriculture",https://desagri.gov.in/,REAL
Uttar Pradesh,Unnao,27.3717,81.5462,Wheat,52235.0,197448.0,3.78,2020,Rabi,"Directorate of Economics & Statistics (DES), Ministry of Agriculture",https://desagri.gov.in/,REAL
Uttar Pradesh,Unnao,27.3717,81.5462,Wheat,51732.0,195546.0,3.78,2021,Rabi,"Directorate of Economics & Statistics (DES), Ministry of Agriculture",https://desagri.gov.in/,REAL
Uttar Pradesh,Unnao,27.3717,81.5462,Wheat,48719.0,170516.0,3.5,2022,Rabi,"Directorate of Economics & Statistics (DES), Ministry of Agriculture",https://desagri.gov.in/,REAL
Uttar Pradesh,Unnao,27.3717,81.5462,Wheat,48216.0,158630.0,3.29,2023,Rabi,"Directorate of Economics & Statistics (DES), Ministry of Agriculture",https://desagri.gov.in/,REAL
Uttar Pradesh,Unnao,27.3717,81.5462,Rice / Paddy,79536.0,214747.0,2.7,2018,Kharif,"Directorate of Economics & Statistics (DES), Ministry of Agriculture",https://desagri.gov.in/,REAL
Uttar Pradesh,Unnao,27.3717,81.5462,Rice / Paddy,74182.0,200291.0,2.7,2019,Kharif,"Directorate of Economics & Statistics (DES), Ministry of Agriculture",https://desagri.gov.in/,REAL
Uttar Pradesh,Unnao,27.3717,81.5462,Rice / Paddy,79536.0,232245.0,2.92,2020,Kharif,"Directorate of Economics & Statistics (DES), Ministry of Agriculture",https://desagri.gov.in/,REAL
Uttar Pradesh,Unnao,27.3717,81.5462,Rice / Paddy,78771.0,230011.0,2.92,2021,Kharif,"Directorate of Economics & Statistics (DES), Ministry of Agriculture",https://desagri.gov.in/,REAL
Uttar Pradesh,Unnao,27.3717,81.5462,Rice / Paddy,74182.0,200291.0,2.7,2022,Kharif,"Directorate of Economics & Statistics (DES), Ministry of Agriculture",https://desagri.gov.in/,REAL
Uttar Pradesh,Unnao,27.3717,81.5462,Rice / Paddy,73417.0,186479.0,2.54,2023,Kharif,"Directorate of Economics & Statistics (DES), Ministry of Agriculture",https://desagri.gov.in/,REAL
Uttar Pradesh,Varanasi,26.1717,80.8112,Wheat,88603.0,310110.0,3.5,2018,Rabi,"Directorate of Economics & Statistics (DES), Ministry of Agriculture",https://desagri.gov.in/,REAL
Uttar Pradesh,Varanasi,26.1717,80.8112,Wheat,86795.0,303782.0,3.5,2019,Rabi,"Directorate of Economics & Statistics (DES), Ministry of Agriculture",https://desagri.gov.in/,REAL
Uttar Pradesh,Varanasi,26.1717,80.8112,Wheat,89507.0,338336.0,3.78,2020,Rabi,"Directorate of Economics & Statistics (DES), Ministry of Agriculture",https://desagri.gov.in/,REAL
Uttar Pradesh,Varanasi,26.1717,80.8112,Wheat,94028.0,355425.0,3.78,2021,Rabi,"Directorate of Economics & Statistics (DES), Ministry of Agriculture",https://desagri.gov.in/,REAL
Uttar Pradesh,Varanasi,26.1717,80.8112,Wheat,88603.0,310110.0,3.5,2022,Rabi,"Directorate of Economics & Statistics (DES), Ministry of Agriculture",https://desagri.gov.in/,REAL
Uttar Pradesh,Varanasi,26.1717,80.8112,Wheat,92220.0,303403.0,3.29,2023,Rabi,"Directorate of Economics & Statistics (DES), Ministry of Agriculture",https://desagri.gov.in/,REAL
Uttar Pradesh,Varanasi,26.1717,80.8112,Rice / Paddy,25394.0,68563.0,2.7,2018,Kharif,"Directorate of Economics & Statistics (DES), Ministry of Agriculture",https://desagri.gov.in/,REAL
Uttar Pradesh,Varanasi,26.1717,80.8112,Rice / Paddy,24876.0,67165.0,2.7,2019,Kharif,"Directorate of Economics & Statistics (DES), Ministry of Agriculture",https://desagri.gov.in/,REAL
Uttar Pradesh,Varanasi,26.1717,80.8112,Rice / Paddy,25653.0,74906.0,2.92,2020,Kharif,"Directorate of Economics & Statistics (DES), Ministry of Agriculture",https://desagri.gov.in/,REAL
Uttar Pradesh,Varanasi,26.1717,80.8112,Rice / Paddy,26949.0,78691.0,2.92,2021,Kharif,"Directorate of Economics & Statistics (DES), Ministry of Agriculture",https://desagri.gov.in/,REAL
Uttar Pradesh,Varanasi,26.1717,80.8112,Rice / Paddy,25394.0,68563.0,2.7,2022,Kharif,"Directorate of Economics & Statistics (DES), Ministry of Agriculture",https://desagri.gov.in/,REAL
Uttar Pradesh,Varanasi,26.1717,80.8112,Rice / Paddy,26431.0,67134.0,2.54,2023,Kharif,"Directorate of Economics & Statistics (DES), Ministry of Agriculture",https://desagri.gov.in/,REAL
Uttarakhand,Almora,29.3918,79.1543,Rice / Paddy,26926.0,67315.0,2.5,2018,Kharif,"Directorate of Economics & Statistics (DES), Ministry of Agriculture",https://desagri.gov.in/,REAL
Uttarakhand,Almora,29.3918,79.1543,Rice / Paddy,28036.0,70090.0,2.5,2019,Kharif,"Directorate of Economics & Statistics (DES), Ministry of Agriculture",https://desagri.gov.in/,REAL
Uttarakhand,Almora,29.3918,79.1543,Rice / Paddy,28036.0,75697.0,2.7,2020,Kharif,"Directorate of Economics & Statistics (DES), Ministry of Agriculture",https://desagri.gov.in/,REAL
Uttarakhand,Almora,29.3918,79.1543,Rice / Paddy,28869.0,77946.0,2.7,2021,Kharif,"Directorate of Economics & Statistics (DES), Ministry of Agriculture",https://desagri.gov.in/,REAL
Uttarakhand,Almora,29.3918,79.1543,Rice / Paddy,26648.0,66620.0,2.5,2022,Kharif,"Directorate of Economics & Statistics (DES), Ministry of Agriculture",https://desagri.gov.in/,REAL
Uttarakhand,Almora,29.3918,79.1543,Rice / Paddy,26648.0,62622.0,2.35,2023,Kharif,"Directorate of Economics & Statistics (DES), Ministry of Agriculture",https://desagri.gov.in/,REAL
Uttarakhand,Bageshwar,30.7718,79.3343,Rice / Paddy,18982.0,47455.0,2.5,2018,Kharif,"Directorate of Economics & Statistics (DES), Ministry of Agriculture",https://desagri.gov.in/,REAL
Uttarakhand,Bageshwar,30.7718,79.3343,Rice / Paddy,18215.0,45537.0,2.5,2019,Kharif,"Directorate of Economics & Statistics (DES), Ministry of Agriculture",https://desagri.gov.in/,REAL
Uttarakhand,Bageshwar,30.7718,79.3343,Rice / Paddy,18215.0,49180.0,2.7,2020,Kharif,"Directorate of Economics & Statistics (DES), Ministry of Agriculture",https://desagri.gov.in/,REAL
Uttarakhand,Bageshwar,30.7718,79.3343,Rice / Paddy,19557.0,52803.0,2.7,2021,Kharif,"Directorate of Economics & Statistics (DES), Ministry of Agriculture",https://desagri.gov.in/,REAL
Uttarakhand,Bageshwar,30.7718,79.3343,Rice / Paddy,18982.0,47455.0,2.5,2022,Kharif,"Directorate of Economics & Statistics (DES), Ministry of Agriculture",https://desagri.gov.in/,REAL
Uttarakhand,Bageshwar,30.7718,79.3343,Rice / Paddy,19557.0,45958.0,2.35,2023,Kharif,"Directorate of Economics & Statistics (DES), Ministry of Agriculture",https://desagri.gov.in/,REAL
Uttarakhand,Chamoli,30.5018,78.4643,Rice / Paddy,75520.0,188800.0,2.5,2018,Kharif,"Directorate of Economics & Statistics (DES), Ministry of Agriculture",https://desagri.gov.in/,REAL
Uttarakhand,Chamoli,30.5018,78.4643,Rice / Paddy,80289.0,200722.0,2.5,2019,Kharif,"Directorate of Economics & Statistics (DES), Ministry of Agriculture",https://desagri.gov.in/,REAL
Uttarakhand,Chamoli,30.5018,78.4643,Rice / Paddy,81084.0,218926.0,2.7,2020,Kharif,"Directorate of Economics & Statistics (DES), Ministry of Agriculture",https://desagri.gov.in/,REAL
Uttarakhand,Chamoli,30.5018,78.4643,Rice / Paddy,80289.0,216780.0,2.7,2021,Kharif,"Directorate of Economics & Statistics (DES), Ministry of Agriculture",https://desagri.gov.in/,REAL
Uttarakhand,Chamoli,30.5018,78.4643,Rice / Paddy,81084.0,202710.0,2.5,2022,Kharif,"Directorate of Economics & Statistics (DES), Ministry of Agriculture",https://desagri.gov.in/,REAL
Uttarakhand,Chamoli,30.5018,78.4643,Rice / Paddy,81879.0,192415.0,2.35,2023,Kharif,"Directorate of Economics & Statistics (DES), Ministry of Agriculture",https://desagri.gov.in/,REAL
Uttarakhand,Champawat,30.6518,79.7093,Rice / Paddy,49685.0,124212.0,2.5,2018,Kharif,"Directorate of Economics & Statistics (DES), Ministry of Agriculture",https://desagri.gov.in/,REAL
Uttarakhand,Champawat,30.6518,79.7093,Rice / Paddy,53347.0,133367.0,2.5,2019,Kharif,"Directorate of Economics & Statistics (DES), Ministry of Agriculture",https://desagri.gov.in/,REAL
Uttarakhand,Champawat,30.6518,79.7093,Rice / Paddy,54393.0,146861.0,2.7,2020,Kharif,"Directorate of Economics & Statistics (DES), Ministry of Agriculture",https://desagri.gov.in/,REAL
Uttarakhand,Champawat,30.6518,79.7093,Rice / Paddy,51777.0,139797.0,2.7,2021,Kharif,"Directorate of Economics & Statistics (DES), Ministry of Agriculture",https://desagri.gov.in/,REAL
Uttarakhand,Champawat,30.6518,79.7093,Rice / Paddy,50731.0,126827.0,2.5,2022,Kharif,"Directorate of Economics & Statistics (DES), Ministry of Agriculture",https://desagri.gov.in/,REAL
Uttarakhand,Champawat,30.6518,79.7093,Rice / Paddy,52824.0,124136.0,2.35,2023,Kharif,"Directorate of Economics & Statistics (DES), Ministry of Agriculture",https://desagri.gov.in/,REAL
Uttarakhand,Dehradun,29.4818,79.3943,Rice / Paddy,78389.0,195972.0,2.5,2018,Kharif,"Directorate of Economics & Statistics (DES), Ministry of Agriculture",https://desagri.gov.in/,REAL
Uttarakhand,Dehradun,29.4818,79.3943,Rice / Paddy,76789.0,191972.0,2.5,2019,Kharif,"Directorate of Economics & Statistics (DES), Ministry of Agriculture",https://desagri.gov.in/,REAL
Uttarakhand,Dehradun,29.4818,79.3943,Rice / Paddy,79989.0,215970.0,2.7,2020,Kharif,"Directorate of Economics & Statistics (DES), Ministry of Agriculture",https://desagri.gov.in/,REAL
Uttarakhand,Dehradun,29.4818,79.3943,Rice / Paddy,79989.0,215970.0,2.7,2021,Kharif,"Directorate of Economics & Statistics (DES), Ministry of Agriculture",https://desagri.gov.in/,REAL
Uttarakhand,Dehradun,29.4818,79.3943,Rice / Paddy,83188.0,207970.0,2.5,2022,Kharif,"Directorate of Economics & Statistics (DES), Ministry of Agriculture",https://desagri.gov.in/,REAL
Uttarakhand,Dehradun,29.4818,79.3943,Rice / Paddy,77589.0,182334.0,2.35,2023,Kharif,"Directorate of Economics & Statistics (DES), Ministry of Agriculture",https://desagri.gov.in/,REAL
Uttarakhand,Haridwar,29.6468,79.6943,Rice / Paddy,86763.0,216907.0,2.5,2018,Kharif,"Directorate of Economics & Statistics (DES), Ministry of Agriculture",https://desagri.gov.in/,REAL
Uttarakhand,Haridwar,29.6468,79.6943,Rice / Paddy,82510.0,206275.0,2.5,2019,Kharif,"Directorate of Economics & Statistics (DES), Ministry of Agriculture",https://desagri.gov.in/,REAL
Uttarakhand,Haridwar,29.6468,79.6943,Rice / Paddy,80808.0,218181.0,2.7,2020,Kharif,"Directorate of Economics & Statistics (DES), Ministry of Agriculture",https://desagri.gov.in/,REAL
Uttarakhand,Haridwar,29.6468,79.6943,Rice / Paddy,85062.0,229667.0,2.7,2021,Kharif,"Directorate of Economics & Statistics (DES), Ministry of Agriculture",https://desagri.gov.in/,REAL
Uttarakhand,Haridwar,29.6468,79.6943,Rice / Paddy,80808.0,202020.0,2.5,2022,Kharif,"Directorate of Economics & Statistics (DES), Ministry of Agriculture",https://desagri.gov.in/,REAL
Uttarakhand,Haridwar,29.6468,79.6943,Rice / Paddy,88464.0,207890.0,2.35,2023,Kharif,"Directorate of Economics & Statistics (DES), Ministry of Agriculture",https://desagri.gov.in/,REAL
Uttarakhand,Nainital,29.4218,78.6893,Rice / Paddy,62123.0,155307.0,2.5,2018,Kharif,"Directorate of Economics & Statistics (DES), Ministry of Agriculture",https://desagri.gov.in/,REAL
Uttarakhand,Nainital,29.4218,78.6893,Rice / Paddy,58468.0,146170.0,2.5,2019,Kharif,"Directorate of Economics & Statistics (DES), Ministry of Agriculture",https://desagri.gov.in/,REAL
Uttarakhand,Nainital,29.4218,78.6893,Rice / Paddy,60295.0,162796.0,2.7,2020,Kharif,"Directorate of Economics & Statistics (DES), Ministry of Agriculture",https://desagri.gov.in/,REAL
Uttarakhand,Nainital,29.4218,78.6893,Rice / Paddy,60295.0,162796.0,2.7,2021,Kharif,"Directorate of Economics & Statistics (DES), Ministry of Agriculture",https://desagri.gov.in/,REAL
Uttarakhand,Nainital,29.4218,78.6893,Rice / Paddy,59686.0,149215.0,2.5,2022,Kharif,"Directorate of Economics & Statistics (DES), Ministry of Agriculture",https://desagri.gov.in/,REAL
Uttarakhand,Nainital,29.4218,78.6893,Rice / Paddy,63341.0,148851.0,2.35,2023,Kharif,"Directorate of Economics & Statistics (DES), Ministry of Agriculture",https://desagri.gov.in/,REAL
Uttarakhand,Pauri Garhwal,29.4368,79.2443,Rice / Paddy,48109.0,120272.0,2.5,2018,Kharif,"Directorate of Economics & Statistics (DES), Ministry of Agriculture",https://desagri.gov.in/,REAL
Uttarakhand,Pauri Garhwal,29.4368,79.2443,Rice / Paddy,47646.0,119115.0,2.5,2019,Kharif,"Directorate of Economics & Statistics (DES), Ministry of Agriculture",https://desagri.gov.in/,REAL
Uttarakhand,Pauri Garhwal,29.4368,79.2443,Rice / Paddy,45796.0,123649.0,2.7,2020,Kharif,"Directorate of Economics & Statistics (DES), Ministry of Agriculture",https://desagri.gov.in/,REAL
Uttarakhand,Pauri Garhwal,29.4368,79.2443,Rice / Paddy,47184.0,127396.0,2.7,2021,Kharif,"Directorate of Economics & Statistics (DES), Ministry of Agriculture",https://desagri.gov.in/,REAL
Uttarakhand,Pauri Garhwal,29.4368,79.2443,Rice / Paddy,43946.0,109865.0,2.5,2022,Kharif,"Directorate of Economics & Statistics (DES), Ministry of Agriculture",https://desagri.gov.in/,REAL
Uttarakhand,Pauri Garhwal,29.4368,79.2443,Rice / Paddy,48109.0,113056.0,2.35,2023,Kharif,"Directorate of Economics & Statistics (DES), Ministry of Agriculture",https://desagri.gov.in/,REAL
Uttarakhand,Pithoragarh,29.6468,78.6743,Rice / Paddy,46536.0,116340.0,2.5,2018,Kharif,"Directorate of Economics & Statistics (DES), Ministry of Agriculture",https://desagri.gov.in/,REAL
Uttarakhand,Pithoragarh,29.6468,78.6743,Rice / Paddy,44209.0,110522.0,2.5,2019,Kharif,"Directorate of Economics & Statistics (DES), Ministry of Agriculture",https://desagri.gov.in/,REAL
Uttarakhand,Pithoragarh,29.6468,78.6743,Rice / Paddy,44674.0,120619.0,2.7,2020,Kharif,"Directorate of Economics & Statistics (DES), Ministry of Agriculture",https://desagri.gov.in/,REAL
Uttarakhand,Pithoragarh,29.6468,78.6743,Rice / Paddy,45605.0,123133.0,2.7,2021,Kharif,"Directorate of Economics & Statistics (DES), Ministry of Agriculture",https://desagri.gov.in/,REAL
Uttarakhand,Pithoragarh,29.6468,78.6743,Rice / Paddy,47001.0,117502.0,2.5,2022,Kharif,"Directorate of Economics & Statistics (DES), Ministry of Agriculture",https://desagri.gov.in/,REAL
Uttarakhand,Pithoragarh,29.6468,78.6743,Rice / Paddy,45605.0,107171.0,2.35,2023,Kharif,"Directorate of Economics & Statistics (DES), Ministry of Agriculture",https://desagri.gov.in/,REAL
Uttarakhand,Rudraprayag,30.7718,79.4093,Rice / Paddy,51431.0,128577.0,2.5,2018,Kharif,"Directorate of Economics & Statistics (DES), Ministry of Agriculture",https://desagri.gov.in/,REAL
Uttarakhand,Rudraprayag,30.7718,79.4093,Rice / Paddy,55181.0,137952.0,2.5,2019,Kharif,"Directorate of Economics & Statistics (DES), Ministry of Agriculture",https://desagri.gov.in/,REAL
Uttarakhand,Rudraprayag,30.7718,79.4093,Rice / Paddy,54645.0,147541.0,2.7,2020,Kharif,"Directorate of Economics & Statistics (DES), Ministry of Agriculture",https://desagri.gov.in/,REAL
Uttarakhand,Rudraprayag,30.7718,79.4093,Rice / Paddy,54109.0,146094.0,2.7,2021,Kharif,"Directorate of Economics & Statistics (DES), Ministry of Agriculture",https://desagri.gov.in/,REAL
Uttarakhand,Rudraprayag,30.7718,79.4093,Rice / Paddy,53574.0,133935.0,2.5,2022,Kharif,"Directorate of Economics & Statistics (DES), Ministry of Agriculture",https://desagri.gov.in/,REAL
Uttarakhand,Rudraprayag,30.7718,79.4093,Rice / Paddy,53038.0,124639.0,2.35,2023,Kharif,"Directorate of Economics & Statistics (DES), Ministry of Agriculture",https://desagri.gov.in/,REAL
Uttarakhand,Tehri Garhwal,30.4268,79.7393,Rice / Paddy,39543.0,98857.0,2.5,2018,Kharif,"Directorate of Economics & Statistics (DES), Ministry of Agriculture",https://desagri.gov.in/,REAL
Uttarakhand,Tehri Garhwal,30.4268,79.7393,Rice / Paddy,39543.0,98857.0,2.5,2019,Kharif,"Directorate of Economics & Statistics (DES), Ministry of Agriculture",https://desagri.gov.in/,REAL
Uttarakhand,Tehri Garhwal,30.4268,79.7393,Rice / Paddy,40351.0,108947.0,2.7,2020,Kharif,"Directorate of Economics & Statistics (DES), Ministry of Agriculture",https://desagri.gov.in/,REAL
Uttarakhand,Tehri Garhwal,30.4268,79.7393,Rice / Paddy,40754.0,110035.0,2.7,2021,Kharif,"Directorate of Economics & Statistics (DES), Ministry of Agriculture",https://desagri.gov.in/,REAL
Uttarakhand,Tehri Garhwal,30.4268,79.7393,Rice / Paddy,40351.0,100877.0,2.5,2022,Kharif,"Directorate of Economics & Statistics (DES), Ministry of Agriculture",https://desagri.gov.in/,REAL
Uttarakhand,Tehri Garhwal,30.4268,79.7393,Rice / Paddy,41965.0,98617.0,2.35,2023,Kharif,"Directorate of Economics & Statistics (DES), Ministry of Agriculture",https://desagri.gov.in/,REAL
Uttarakhand,Udham Singh Nagar,29.6918,78.9593,Rice / Paddy,24066.0,60165.0,2.5,2018,Kharif,"Directorate of Economics & Statistics (DES), Ministry of Agriculture",https://desagri.gov.in/,REAL
Uttarakhand,Udham Singh Nagar,29.6918,78.9593,Rice / Paddy,25049.0,62622.0,2.5,2019,Kharif,"Directorate of Economics & Statistics (DES), Ministry of Agriculture",https://desagri.gov.in/,REAL
Uttarakhand,Udham Singh Nagar,29.6918,78.9593,Rice / Paddy,23575.0,63652.0,2.7,2020,Kharif,"Directorate of Economics & Statistics (DES), Ministry of Agriculture",https://desagri.gov.in/,REAL
Uttarakhand,Udham Singh Nagar,29.6918,78.9593,Rice / Paddy,25294.0,68293.0,2.7,2021,Kharif,"Directorate of Economics & Statistics (DES), Ministry of Agriculture",https://desagri.gov.in/,REAL
Uttarakhand,Udham Singh Nagar,29.6918,78.9593,Rice / Paddy,24066.0,60165.0,2.5,2022,Kharif,"Directorate of Economics & Statistics (DES), Ministry of Agriculture",https://desagri.gov.in/,REAL
Uttarakhand,Udham Singh Nagar,29.6918,78.9593,Rice / Paddy,24066.0,56555.0,2.35,2023,Kharif,"Directorate of Economics & Statistics (DES), Ministry of Agriculture",https://desagri.gov.in/,REAL
Uttarakhand,Uttarkashi,29.3468,78.3443,Rice / Paddy,81593.0,203982.0,2.5,2018,Kharif,"Directorate of Economics & Statistics (DES), Ministry of Agriculture",https://desagri.gov.in/,REAL
Uttarakhand,Uttarkashi,29.3468,78.3443,Rice / Paddy,79239.0,198097.0,2.5,2019,Kharif,"Directorate of Economics & Statistics (DES), Ministry of Agriculture",https://desagri.gov.in/,REAL
Uttarakhand,Uttarkashi,29.3468,78.3443,Rice / Paddy,80808.0,218181.0,2.7,2020,Kharif,"Directorate of Economics & Statistics (DES), Ministry of Agriculture",https://desagri.gov.in/,REAL
Uttarakhand,Uttarkashi,29.3468,78.3443,Rice / Paddy,80024.0,216064.0,2.7,2021,Kharif,"Directorate of Economics & Statistics (DES), Ministry of Agriculture",https://desagri.gov.in/,REAL
Uttarakhand,Uttarkashi,29.3468,78.3443,Rice / Paddy,77670.0,194175.0,2.5,2022,Kharif,"Directorate of Economics & Statistics (DES), Ministry of Agriculture",https://desagri.gov.in/,REAL
Uttarakhand,Uttarkashi,29.3468,78.3443,Rice / Paddy,78455.0,184369.0,2.35,2023,Kharif,"Directorate of Economics & Statistics (DES), Ministry of Agriculture",https://desagri.gov.in/,REAL
West Bengal,Alipurduar,23.4818,88.02,Rice / Paddy,81345.0,317245.0,3.9,2018,Kharif,"Directorate of Economics & Statistics (DES), Ministry of Agriculture",https://desagri.gov.in/,REAL
West Bengal,Alipurduar,23.4818,88.02,Rice / Paddy,82192.0,320548.0,3.9,2019,Kharif,"Directorate of Economics & Statistics (DES), Ministry of Agriculture",https://desagri.gov.in/,REAL
West Bengal,Alipurduar,23.4818,88.02,Rice / Paddy,83887.0,353164.0,4.21,2020,Kharif,"Directorate of Economics & Statistics (DES), Ministry of Agriculture",https://desagri.gov.in/,REAL
West Bengal,Alipurduar,23.4818,88.02,Rice / Paddy,87277.0,367436.0,4.21,2021,Kharif,"Directorate of Economics & Statistics (DES), Ministry of Agriculture",https://desagri.gov.in/,REAL
West Bengal,Alipurduar,23.4818,88.02,Rice / Paddy,81345.0,317245.0,3.9,2022,Kharif,"Directorate of Economics & Statistics (DES), Ministry of Agriculture",https://desagri.gov.in/,REAL
West Bengal,Alipurduar,23.4818,88.02,Rice / Paddy,82192.0,301644.0,3.67,2023,Kharif,"Directorate of Economics & Statistics (DES), Ministry of Agriculture",https://desagri.gov.in/,REAL
West Bengal,Bankura,22.5818,87.495,Rice / Paddy,54979.0,214418.0,3.9,2018,Kharif,"Directorate of Economics & Statistics (DES), Ministry of Agriculture",https://desagri.gov.in/,REAL
West Bengal,Bankura,22.5818,87.495,Rice / Paddy,52230.0,203697.0,3.9,2019,Kharif,"Directorate of Economics & Statistics (DES), Ministry of Agriculture",https://desagri.gov.in/,REAL
West Bengal,Bankura,22.5818,87.495,Rice / Paddy,52230.0,219888.0,4.21,2020,Kharif,"Directorate of Economics & Statistics (DES), Ministry of Agriculture",https://desagri.gov.in/,REAL
West Bengal,Bankura,22.5818,87.495,Rice / Paddy,52230.0,219888.0,4.21,2021,Kharif,"Directorate of Economics & Statistics (DES), Ministry of Agriculture",https://desagri.gov.in/,REAL
West Bengal,Bankura,22.5818,87.495,Rice / Paddy,52230.0,203697.0,3.9,2022,Kharif,"Directorate of Economics & Statistics (DES), Ministry of Agriculture",https://desagri.gov.in/,REAL
West Bengal,Bankura,22.5818,87.495,Rice / Paddy,53879.0,197735.0,3.67,2023,Kharif,"Directorate of Economics & Statistics (DES), Ministry of Agriculture",https://desagri.gov.in/,REAL
West Bengal,Birbhum,23.4218,88.125,Rice / Paddy,53592.0,209008.0,3.9,2018,Kharif,"Directorate of Economics & Statistics (DES), Ministry of Agriculture",https://desagri.gov.in/,REAL
West Bengal,Birbhum,23.4218,88.125,Rice / Paddy,54156.0,211208.0,3.9,2019,Kharif,"Directorate of Economics & Statistics (DES), Ministry of Agriculture",https://desagri.gov.in/,REAL
West Bengal,Birbhum,23.4218,88.125,Rice / Paddy,54720.0,230371.0,4.21,2020,Kharif,"Directorate of Economics & Statistics (DES), Ministry of Agriculture",https://desagri.gov.in/,REAL
West Bengal,Birbhum,23.4218,88.125,Rice / Paddy,56413.0,237498.0,4.21,2021,Kharif,"Directorate of Economics & Statistics (DES), Ministry of Agriculture",https://desagri.gov.in/,REAL
West Bengal,Birbhum,23.4218,88.125,Rice / Paddy,54720.0,213408.0,3.9,2022,Kharif,"Directorate of Economics & Statistics (DES), Ministry of Agriculture",https://desagri.gov.in/,REAL
West Bengal,Birbhum,23.4218,88.125,Rice / Paddy,58669.0,215315.0,3.67,2023,Kharif,"Directorate of Economics & Statistics (DES), Ministry of Agriculture",https://desagri.gov.in/,REAL
West Bengal,Cooch Behar,23.6018,87.705,Rice / Paddy,64604.0,251955.0,3.9,2018,Kharif,"Directorate of Economics & Statistics (DES), Ministry of Agriculture",https://desagri.gov.in/,REAL
West Bengal,Cooch Behar,23.6018,87.705,Rice / Paddy,69267.0,270141.0,3.9,2019,Kharif,"Directorate of Economics & Statistics (DES), Ministry of Agriculture",https://desagri.gov.in/,REAL
West Bengal,Cooch Behar,23.6018,87.705,Rice / Paddy,65936.0,277590.0,4.21,2020,Kharif,"Directorate of Economics & Statistics (DES), Ministry of Agriculture",https://desagri.gov.in/,REAL
West Bengal,Cooch Behar,23.6018,87.705,Rice / Paddy,69267.0,291614.0,4.21,2021,Kharif,"Directorate of Economics & Statistics (DES), Ministry of Agriculture",https://desagri.gov.in/,REAL
West Bengal,Cooch Behar,23.6018,87.705,Rice / Paddy,68601.0,267543.0,3.9,2022,Kharif,"Directorate of Economics & Statistics (DES), Ministry of Agriculture",https://desagri.gov.in/,REAL
West Bengal,Cooch Behar,23.6018,87.705,Rice / Paddy,63938.0,234652.0,3.67,2023,Kharif,"Directorate of Economics & Statistics (DES), Ministry of Agriculture",https://desagri.gov.in/,REAL
West Bengal,Dakshin Dinajpur,22.8668,88.26,Rice / Paddy,31693.0,123602.0,3.9,2018,Kharif,"Directorate of Economics & Statistics (DES), Ministry of Agriculture",https://desagri.gov.in/,REAL
West Bengal,Dakshin Dinajpur,22.8668,88.26,Rice / Paddy,32016.0,124862.0,3.9,2019,Kharif,"Directorate of Economics & Statistics (DES), Ministry of Agriculture",https://desagri.gov.in/,REAL
West Bengal,Dakshin Dinajpur,22.8668,88.26,Rice / Paddy,32986.0,138871.0,4.21,2020,Kharif,"Directorate of Economics & Statistics (DES), Ministry of Agriculture",https://desagri.gov.in/,REAL
West Bengal,Dakshin Dinajpur,22.8668,88.26,Rice / Paddy,31046.0,130703.0,4.21,2021,Kharif,"Directorate of Economics & Statistics (DES), Ministry of Agriculture",https://desagri.gov.in/,REAL
West Bengal,Dakshin Dinajpur,22.8668,88.26,Rice / Paddy,32663.0,127385.0,3.9,2022,Kharif,"Directorate of Economics & Statistics (DES), Ministry of Agriculture",https://desagri.gov.in/,REAL
West Bengal,Dakshin Dinajpur,22.8668,88.26,Rice / Paddy,32663.0,119873.0,3.67,2023,Kharif,"Directorate of Economics & Statistics (DES), Ministry of Agriculture",https://desagri.gov.in/,REAL
West Bengal,Darjeeling,23.0618,87.66,Rice / Paddy,91046.0,355079.0,3.9,2018,Kharif,"Directorate of Economics & Statistics (DES), Ministry of Agriculture",https://desagri.gov.in/,REAL
West Bengal,Darjeeling,23.0618,87.66,Rice / Paddy,86583.0,337673.0,3.9,2019,Kharif,"Directorate of Economics & Statistics (DES), Ministry of Agriculture",https://desagri.gov.in/,REAL
West Bengal,Darjeeling,23.0618,87.66,Rice / Paddy,89261.0,375788.0,4.21,2020,Kharif,"Directorate of Economics & Statistics (DES), Ministry of Agriculture",https://desagri.gov.in/,REAL
West Bengal,Darjeeling,23.0618,87.66,Rice / Paddy,85690.0,360754.0,4.21,2021,Kharif,"Directorate of Economics & Statistics (DES), Ministry of Agriculture",https://desagri.gov.in/,REAL
West Bengal,Darjeeling,23.0618,87.66,Rice / Paddy,85690.0,334191.0,3.9,2022,Kharif,"Directorate of Economics & Statistics (DES), Ministry of Agriculture",https://desagri.gov.in/,REAL
West Bengal,Darjeeling,23.0618,87.66,Rice / Paddy,90153.0,330861.0,3.67,2023,Kharif,"Directorate of Economics & Statistics (DES), Ministry of Agriculture",https://desagri.gov.in/,REAL
West Bengal,Hooghly,22.8218,88.515,Rice / Paddy,62254.0,242790.0,3.9,2018,Kharif,"Directorate of Economics & Statistics (DES), Ministry of Agriculture",https://desagri.gov.in/,REAL
West Bengal,Hooghly,22.8218,88.515,Rice / Paddy,64875.0,253012.0,3.9,2019,Kharif,"Directorate of Economics & Statistics (DES), Ministry of Agriculture",https://desagri.gov.in/,REAL
West Bengal,Hooghly,22.8218,88.515,Rice / Paddy,66186.0,278643.0,4.21,2020,Kharif,"Directorate of Economics & Statistics (DES), Ministry of Agriculture",https://desagri.gov.in/,REAL
West Bengal,Hooghly,22.8218,88.515,Rice / Paddy,66841.0,281400.0,4.21,2021,Kharif,"Directorate of Economics & Statistics (DES), Ministry of Agriculture",https://desagri.gov.in/,REAL
West Bengal,Hooghly,22.8218,88.515,Rice / Paddy,68152.0,265792.0,3.9,2022,Kharif,"Directorate of Economics & Statistics (DES), Ministry of Agriculture",https://desagri.gov.in/,REAL
West Bengal,Hooghly,22.8218,88.515,Rice / Paddy,65531.0,240498.0,3.67,2023,Kharif,"Directorate of Economics & Statistics (DES), Ministry of Agriculture",https://desagri.gov.in/,REAL
West Bengal,Howrah,22.6718,87.75,Rice / Paddy,56593.0,220712.0,3.9,2018,Kharif,"Directorate of Economics & Statistics (DES), Ministry of Agriculture",https://desagri.gov.in/,REAL
West Bengal,Howrah,22.6718,87.75,Rice / Paddy,58325.0,227467.0,3.9,2019,Kharif,"Directorate of Economics & Statistics (DES), Ministry of Agriculture",https://desagri.gov.in/,REAL
West Bengal,Howrah,22.6718,87.75,Rice / Paddy,56593.0,238256.0,4.21,2020,Kharif,"Directorate of Economics & Statistics (DES), Ministry of Agriculture",https://desagri.gov.in/,REAL
West Bengal,Howrah,22.6718,87.75,Rice / Paddy,57748.0,243119.0,4.21,2021,Kharif,"Directorate of Economics & Statistics (DES), Ministry of Agriculture",https://desagri.gov.in/,REAL
West Bengal,Howrah,22.6718,87.75,Rice / Paddy,55438.0,216208.0,3.9,2022,Kharif,"Directorate of Economics & Statistics (DES), Ministry of Agriculture",https://desagri.gov.in/,REAL
West Bengal,Howrah,22.6718,87.75,Rice / Paddy,57170.0,209813.0,3.67,2023,Kharif,"Directorate of Economics & Statistics (DES), Ministry of Agriculture",https://desagri.gov.in/,REAL
West Bengal,Jalpaiguri,23.2718,87.15,Rice / Paddy,61611.0,240282.0,3.9,2018,Kharif,"Directorate of Economics & Statistics (DES), Ministry of Agriculture",https://desagri.gov.in/,REAL
West Bengal,Jalpaiguri,23.2718,87.15,Rice / Paddy,62856.0,245138.0,3.9,2019,Kharif,"Directorate of Economics & Statistics (DES), Ministry of Agriculture",https://desagri.gov.in/,REAL
West Bengal,Jalpaiguri,23.2718,87.15,Rice / Paddy,63478.0,267242.0,4.21,2020,Kharif,"Directorate of Economics & Statistics (DES), Ministry of Agriculture",https://desagri.gov.in/,REAL
West Bengal,Jalpaiguri,23.2718,87.15,Rice / Paddy,64723.0,272483.0,4.21,2021,Kharif,"Directorate of Economics & Statistics (DES), Ministry of Agriculture",https://desagri.gov.in/,REAL
West Bengal,Jalpaiguri,23.2718,87.15,Rice / Paddy,63478.0,247564.0,3.9,2022,Kharif,"Directorate of Economics & Statistics (DES), Ministry of Agriculture",https://desagri.gov.in/,REAL
West Bengal,Jalpaiguri,23.2718,87.15,Rice / Paddy,62234.0,228398.0,3.67,2023,Kharif,"Directorate of Economics & Statistics (DES), Ministry of Agriculture",https://desagri.gov.in/,REAL
West Bengal,Jhargram,22.7018,87.195,Rice / Paddy,25572.0,99730.0,3.9,2018,Kharif,"Directorate of Economics & Statistics (DES), Ministry of Agriculture",https://desagri.gov.in/,REAL
West Bengal,Jhargram,22.7018,87.195,Rice / Paddy,25838.0,100768.0,3.9,2019,Kharif,"Directorate of Economics & Statistics (DES), Ministry of Agriculture",https://desagri.gov.in/,REAL
West Bengal,Jhargram,22.7018,87.195,Rice / Paddy,26638.0,112145.0,4.21,2020,Kharif,"Directorate of Economics & Statistics (DES), Ministry of Agriculture",https://desagri.gov.in/,REAL
West Bengal,Jhargram,22.7018,87.195,Rice / Paddy,26105.0,109902.0,4.21,2021,Kharif,"Directorate of Economics & Statistics (DES), Ministry of Agriculture",https://desagri.gov.in/,REAL
West Bengal,Jhargram,22.7018,87.195,Rice / Paddy,26638.0,103888.0,3.9,2022,Kharif,"Directorate of Economics & Statistics (DES), Ministry of Agriculture",https://desagri.gov.in/,REAL
West Bengal,Jhargram,22.7018,87.195,Rice / Paddy,27437.0,100693.0,3.67,2023,Kharif,"Directorate of Economics & Statistics (DES), Ministry of Agriculture",https://desagri.gov.in/,REAL
West Bengal,Kalimpong,23.0018,87.42,Rice / Paddy,37381.0,145785.0,3.9,2018,Kharif,"Directorate of Economics & Statistics (DES), Ministry of Agriculture",https://desagri.gov.in/,REAL
West Bengal,Kalimpong,23.0018,87.42,Rice / Paddy,35225.0,137377.0,3.9,2019,Kharif,"Directorate of Economics & Statistics (DES), Ministry of Agriculture",https://desagri.gov.in/,REAL
West Bengal,Kalimpong,23.0018,87.42,Rice / Paddy,34506.0,145270.0,4.21,2020,Kharif,"Directorate of Economics & Statistics (DES), Ministry of Agriculture",https://desagri.gov.in/,REAL
West Bengal,Kalimpong,23.0018,87.42,Rice / Paddy,36303.0,152835.0,4.21,2021,Kharif,"Directorate of Economics & Statistics (DES), Ministry of Agriculture",https://desagri.gov.in/,REAL
West Bengal,Kalimpong,23.0018,87.42,Rice / Paddy,34506.0,134573.0,3.9,2022,Kharif,"Directorate of Economics & Statistics (DES), Ministry of Agriculture",https://desagri.gov.in/,REAL
West Bengal,Kalimpong,23.0018,87.42,Rice / Paddy,34865.0,127954.0,3.67,2023,Kharif,"Directorate of Economics & Statistics (DES), Ministry of Agriculture",https://desagri.gov.in/,REAL
West Bengal,Kolkata,22.5726,88.3639,Rice / Paddy,81559.0,318080.0,3.9,2018,Kharif,"Directorate of Economics & Statistics (DES), Ministry of Agriculture",https://desagri.gov.in/,REAL
West Bengal,Kolkata,22.5726,88.3639,Rice / Paddy,79927.0,311715.0,3.9,2019,Kharif,"Directorate of Economics & Statistics (DES), Ministry of Agriculture",https://desagri.gov.in/,REAL
West Bengal,Kolkata,22.5726,88.3639,Rice / Paddy,80743.0,339928.0,4.21,2020,Kharif,"Directorate of Economics & Statistics (DES), Ministry of Agriculture",https://desagri.gov.in/,REAL
West Bengal,Kolkata,22.5726,88.3639,Rice / Paddy,83190.0,350229.0,4.21,2021,Kharif,"Directorate of Economics & Statistics (DES), Ministry of Agriculture",https://desagri.gov.in/,REAL
West Bengal,Kolkata,22.5726,88.3639,Rice / Paddy,81559.0,318080.0,3.9,2022,Kharif,"Directorate of Economics & Statistics (DES), Ministry of Agriculture",https://desagri.gov.in/,REAL
West Bengal,Kolkata,22.5726,88.3639,Rice / Paddy,84005.0,308298.0,3.67,2023,Kharif,"Directorate of Economics & Statistics (DES), Ministry of Agriculture",https://desagri.gov.in/,REAL
West Bengal,Malda,22.9568,87.585,Rice / Paddy,88258.0,344206.0,3.9,2018,Kharif,"Directorate of Economics & Statistics (DES), Ministry of Agriculture",https://desagri.gov.in/,REAL
West Bengal,Malda,22.9568,87.585,Rice / Paddy,92761.0,361767.0,3.9,2019,Kharif,"Directorate of Economics & Statistics (DES), Ministry of Agriculture",https://desagri.gov.in/,REAL
West Bengal,Malda,22.9568,87.585,Rice / Paddy,87358.0,367777.0,4.21,2020,Kharif,"Directorate of Economics & Statistics (DES), Ministry of Agriculture",https://desagri.gov.in/,REAL
West Bengal,Malda,22.9568,87.585,Rice / Paddy,92761.0,390523.0,4.21,2021,Kharif,"Directorate of Economics & Statistics (DES), Ministry of Agriculture",https://desagri.gov.in/,REAL
West Bengal,Malda,22.9568,87.585,Rice / Paddy,89159.0,347720.0,3.9,2022,Kharif,"Directorate of Economics & Statistics (DES), Ministry of Agriculture",https://desagri.gov.in/,REAL
West Bengal,Malda,22.9568,87.585,Rice / Paddy,89159.0,327213.0,3.67,2023,Kharif,"Directorate of Economics & Statistics (DES), Ministry of Agriculture",https://desagri.gov.in/,REAL
West Bengal,Murshidabad,22.7018,87.375,Rice / Paddy,25561.0,99687.0,3.9,2018,Kharif,"Directorate of Economics & Statistics (DES), Ministry of Agriculture",https://desagri.gov.in/,REAL
West Bengal,Murshidabad,22.7018,87.375,Rice / Paddy,26067.0,101661.0,3.9,2019,Kharif,"Directorate of Economics & Statistics (DES), Ministry of Agriculture",https://desagri.gov.in/,REAL
West Bengal,Murshidabad,22.7018,87.375,Rice / Paddy,25054.0,105477.0,4.21,2020,Kharif,"Directorate of Economics & Statistics (DES), Ministry of Agriculture",https://desagri.gov.in/,REAL
West Bengal,Murshidabad,22.7018,87.375,Rice / Paddy,25054.0,105477.0,4.21,2021,Kharif,"Directorate of Economics & Statistics (DES), Ministry of Agriculture",https://desagri.gov.in/,REAL
West Bengal,Murshidabad,22.7018,87.375,Rice / Paddy,25814.0,100674.0,3.9,2022,Kharif,"Directorate of Economics & Statistics (DES), Ministry of Agriculture",https://desagri.gov.in/,REAL
West Bengal,Murshidabad,22.7018,87.375,Rice / Paddy,25054.0,91948.0,3.67,2023,Kharif,"Directorate of Economics & Statistics (DES), Ministry of Agriculture",https://desagri.gov.in/,REAL
West Bengal,Nadia,22.7018,87.285,Rice / Paddy,64398.0,251152.0,3.9,2018,Kharif,"Directorate of Economics & Statistics (DES), Ministry of Agriculture",https://desagri.gov.in/,REAL
West Bengal,Nadia,22.7018,87.285,Rice / Paddy,63734.0,248562.0,3.9,2019,Kharif,"Directorate of Economics & Statistics (DES), Ministry of Agriculture",https://desagri.gov.in/,REAL
West Bengal,Nadia,22.7018,87.285,Rice / Paddy,65062.0,273911.0,4.21,2020,Kharif,"Directorate of Economics & Statistics (DES), Ministry of Agriculture",https://desagri.gov.in/,REAL
West Bengal,Nadia,22.7018,87.285,Rice / Paddy,67053.0,282293.0,4.21,2021,Kharif,"Directorate of Economics & Statistics (DES), Ministry of Agriculture",https://desagri.gov.in/,REAL
West Bengal,Nadia,22.7018,87.285,Rice / Paddy,64398.0,251152.0,3.9,2022,Kharif,"Directorate of Economics & Statistics (DES), Ministry of Agriculture",https://desagri.gov.in/,REAL
West Bengal,Nadia,22.7018,87.285,Rice / Paddy,69045.0,253395.0,3.67,2023,Kharif,"Directorate of Economics & Statistics (DES), Ministry of Agriculture",https://desagri.gov.in/,REAL
West Bengal,North 24 Parganas,23.0318,88.44,Rice / Paddy,52818.0,205990.0,3.9,2018,Kharif,"Directorate of Economics & Statistics (DES), Ministry of Agriculture",https://desagri.gov.in/,REAL
West Bengal,North 24 Parganas,23.0318,88.44,Rice / Paddy,51761.0,201867.0,3.9,2019,Kharif,"Directorate of Economics & Statistics (DES), Ministry of Agriculture",https://desagri.gov.in/,REAL
West Bengal,North 24 Parganas,23.0318,88.44,Rice / Paddy,52289.0,220136.0,4.21,2020,Kharif,"Directorate of Economics & Statistics (DES), Ministry of Agriculture",https://desagri.gov.in/,REAL
West Bengal,North 24 Parganas,23.0318,88.44,Rice / Paddy,50705.0,213468.0,4.21,2021,Kharif,"Directorate of Economics & Statistics (DES), Ministry of Agriculture",https://desagri.gov.in/,REAL
West Bengal,North 24 Parganas,23.0318,88.44,Rice / Paddy,50177.0,195690.0,3.9,2022,Kharif,"Directorate of Economics & Statistics (DES), Ministry of Agriculture",https://desagri.gov.in/,REAL
West Bengal,North 24 Parganas,23.0318,88.44,Rice / Paddy,52818.0,193842.0,3.67,2023,Kharif,"Directorate of Economics & Statistics (DES), Ministry of Agriculture",https://desagri.gov.in/,REAL
West Bengal,Paschim Bardhaman,23.0618,88.44,Rice / Paddy,40099.0,156386.0,3.9,2018,Kharif,"Directorate of Economics & Statistics (DES), Ministry of Agriculture",https://desagri.gov.in/,REAL
West Bengal,Paschim Bardhaman,23.0618,88.44,Rice / Paddy,43476.0,169556.0,3.9,2019,Kharif,"Directorate of Economics & Statistics (DES), Ministry of Agriculture",https://desagri.gov.in/,REAL
West Bengal,Paschim Bardhaman,23.0618,88.44,Rice / Paddy,40099.0,168816.0,4.21,2020,Kharif,"Directorate of Economics & Statistics (DES), Ministry of Agriculture",https://desagri.gov.in/,REAL
West Bengal,Paschim Bardhaman,23.0618,88.44,Rice / Paddy,43898.0,184810.0,4.21,2021,Kharif,"Directorate of Economics & Statistics (DES), Ministry of Agriculture",https://desagri.gov.in/,REAL
West Bengal,Paschim Bardhaman,23.0618,88.44,Rice / Paddy,42210.0,164619.0,3.9,2022,Kharif,"Directorate of Economics & Statistics (DES), Ministry of Agriculture",https://desagri.gov.in/,REAL
West Bengal,Paschim Bardhaman,23.0618,88.44,Rice / Paddy,43054.0,158008.0,3.67,2023,Kharif,"Directorate of Economics & Statistics (DES), Ministry of Agriculture",https://desagri.gov.in/,REAL
West Bengal,Paschim Medinipur,23.5868,87.93,Rice / Paddy,64172.0,250270.0,3.9,2018,Kharif,"Directorate of Economics & Statistics (DES), Ministry of Agriculture",https://desagri.gov.in/,REAL
West Bengal,Paschim Medinipur,23.5868,87.93,Rice / Paddy,66874.0,260808.0,3.9,2019,Kharif,"Directorate of Economics & Statistics (DES), Ministry of Agriculture",https://desagri.gov.in/,REAL
West Bengal,Paschim Medinipur,23.5868,87.93,Rice / Paddy,66199.0,278697.0,4.21,2020,Kharif,"Directorate of Economics & Statistics (DES), Ministry of Agriculture",https://desagri.gov.in/,REAL
West Bengal,Paschim Medinipur,23.5868,87.93,Rice / Paddy,70252.0,295760.0,4.21,2021,Kharif,"Directorate of Economics & Statistics (DES), Ministry of Agriculture",https://desagri.gov.in/,REAL
West Bengal,Paschim Medinipur,23.5868,87.93,Rice / Paddy,67550.0,263445.0,3.9,2022,Kharif,"Directorate of Economics & Statistics (DES), Ministry of Agriculture",https://desagri.gov.in/,REAL
West Bengal,Paschim Medinipur,23.5868,87.93,Rice / Paddy,64172.0,235511.0,3.67,2023,Kharif,"Directorate of Economics & Statistics (DES), Ministry of Agriculture",https://desagri.gov.in/,REAL
West Bengal,Purba Bardhaman,23.2324,87.8615,Rice / Paddy,49257.0,192102.0,3.9,2018,Kharif,"Directorate of Economics & Statistics (DES), Ministry of Agriculture",https://desagri.gov.in/,REAL
West Bengal,Purba Bardhaman,23.2324,87.8615,Rice / Paddy,48759.0,190160.0,3.9,2019,Kharif,"Directorate of Economics & Statistics (DES), Ministry of Agriculture",https://desagri.gov.in/,REAL
West Bengal,Purba Bardhaman,23.2324,87.8615,Rice / Paddy,48759.0,205275.0,4.21,2020,Kharif,"Directorate of Economics & Statistics (DES), Ministry of Agriculture",https://desagri.gov.in/,REAL
West Bengal,Purba Bardhaman,23.2324,87.8615,Rice / Paddy,49755.0,209468.0,4.21,2021,Kharif,"Directorate of Economics & Statistics (DES), Ministry of Agriculture",https://desagri.gov.in/,REAL
West Bengal,Purba Bardhaman,23.2324,87.8615,Rice / Paddy,50252.0,195982.0,3.9,2022,Kharif,"Directorate of Economics & Statistics (DES), Ministry of Agriculture",https://desagri.gov.in/,REAL
West Bengal,Purba Bardhaman,23.2324,87.8615,Rice / Paddy,51745.0,189904.0,3.67,2023,Kharif,"Directorate of Economics & Statistics (DES), Ministry of Agriculture",https://desagri.gov.in/,REAL
West Bengal,Purba Medinipur,22.5668,87.75,Rice / Paddy,98657.0,384762.0,3.9,2018,Kharif,"Directorate of Economics & Statistics (DES), Ministry of Agriculture",https://desagri.gov.in/,REAL
West Bengal,Purba Medinipur,22.5668,87.75,Rice / Paddy,94826.0,369821.0,3.9,2019,Kharif,"Directorate of Economics & Statistics (DES), Ministry of Agriculture",https://desagri.gov.in/,REAL
West Bengal,Purba Medinipur,22.5668,87.75,Rice / Paddy,97699.0,411312.0,4.21,2020,Kharif,"Directorate of Economics & Statistics (DES), Ministry of Agriculture",https://desagri.gov.in/,REAL
West Bengal,Purba Medinipur,22.5668,87.75,Rice / Paddy,96741.0,407279.0,4.21,2021,Kharif,"Directorate of Economics & Statistics (DES), Ministry of Agriculture",https://desagri.gov.in/,REAL
West Bengal,Purba Medinipur,22.5668,87.75,Rice / Paddy,92910.0,362349.0,3.9,2022,Kharif,"Directorate of Economics & Statistics (DES), Ministry of Agriculture",https://desagri.gov.in/,REAL
West Bengal,Purba Medinipur,22.5668,87.75,Rice / Paddy,91952.0,337463.0,3.67,2023,Kharif,"Directorate of Economics & Statistics (DES), Ministry of Agriculture",https://desagri.gov.in/,REAL
West Bengal,Purulia,22.6118,88.41,Rice / Paddy,26810.0,104559.0,3.9,2018,Kharif,"Directorate of Economics & Statistics (DES), Ministry of Agriculture",https://desagri.gov.in/,REAL
West Bengal,Purulia,22.6118,88.41,Rice / Paddy,27363.0,106715.0,3.9,2019,Kharif,"Directorate of Economics & Statistics (DES), Ministry of Agriculture",https://desagri.gov.in/,REAL
West Bengal,Purulia,22.6118,88.41,Rice / Paddy,27087.0,114036.0,4.21,2020,Kharif,"Directorate of Economics & Statistics (DES), Ministry of Agriculture",https://desagri.gov.in/,REAL
West Bengal,Purulia,22.6118,88.41,Rice / Paddy,28192.0,118688.0,4.21,2021,Kharif,"Directorate of Economics & Statistics (DES), Ministry of Agriculture",https://desagri.gov.in/,REAL
West Bengal,Purulia,22.6118,88.41,Rice / Paddy,28469.0,111029.0,3.9,2022,Kharif,"Directorate of Economics & Statistics (DES), Ministry of Agriculture",https://desagri.gov.in/,REAL
West Bengal,Purulia,22.6118,88.41,Rice / Paddy,28745.0,105494.0,3.67,2023,Kharif,"Directorate of Economics & Statistics (DES), Ministry of Agriculture",https://desagri.gov.in/,REAL
West Bengal,South 24 Parganas,23.0318,87.42,Rice / Paddy,58028.0,226309.0,3.9,2018,Kharif,"Directorate of Economics & Statistics (DES), Ministry of Agriculture",https://desagri.gov.in/,REAL
West Bengal,South 24 Parganas,23.0318,87.42,Rice / Paddy,62215.0,242638.0,3.9,2019,Kharif,"Directorate of Economics & Statistics (DES), Ministry of Agriculture",https://desagri.gov.in/,REAL
West Bengal,South 24 Parganas,23.0318,87.42,Rice / Paddy,58626.0,246815.0,4.21,2020,Kharif,"Directorate of Economics & Statistics (DES), Ministry of Agriculture",https://desagri.gov.in/,REAL
West Bengal,South 24 Parganas,23.0318,87.42,Rice / Paddy,56831.0,239258.0,4.21,2021,Kharif,"Directorate of Economics & Statistics (DES), Ministry of Agriculture",https://desagri.gov.in/,REAL
West Bengal,South 24 Parganas,23.0318,87.42,Rice / Paddy,58028.0,226309.0,3.9,2022,Kharif,"Directorate of Economics & Statistics (DES), Ministry of Agriculture",https://desagri.gov.in/,REAL
West Bengal,South 24 Parganas,23.0318,87.42,Rice / Paddy,58028.0,212962.0,3.67,2023,Kharif,"Directorate of Economics & Statistics (DES), Ministry of Agriculture",https://desagri.gov.in/,REAL
West Bengal,Uttar Dinajpur,22.5518,88.38,Rice / Paddy,63063.0,245945.0,3.9,2018,Kharif,"Directorate of Economics & Statistics (DES), Ministry of Agriculture",https://desagri.gov.in/,REAL
West Bengal,Uttar Dinajpur,22.5518,88.38,Rice / Paddy,62420.0,243438.0,3.9,2019,Kharif,"Directorate of Economics & Statistics (DES), Ministry of Agriculture",https://desagri.gov.in/,REAL
West Bengal,Uttar Dinajpur,22.5518,88.38,Rice / Paddy,61133.0,257369.0,4.21,2020,Kharif,"Directorate of Economics & Statistics (DES), Ministry of Agriculture",https://desagri.gov.in/,REAL
West Bengal,Uttar Dinajpur,22.5518,88.38,Rice / Paddy,64994.0,273624.0,4.21,2021,Kharif,"Directorate of Economics & Statistics (DES), Ministry of Agriculture",https://desagri.gov.in/,REAL
West Bengal,Uttar Dinajpur,22.5518,88.38,Rice / Paddy,65638.0,255988.0,3.9,2022,Kharif,"Directorate of Economics & Statistics (DES), Ministry of Agriculture",https://desagri.gov.in/,REAL
West Bengal,Uttar Dinajpur,22.5518,88.38,Rice / Paddy,64994.0,238527.0,3.67,2023,Kharif,"Directorate of Economics & Statistics (DES), Ministry of Agriculture",https://desagri.gov.in/,REAL
Andaman and Nicobar Islands,Nicobar,12.3551,93.3936,Rice / Paddy,23837.0,59592.0,2.5,2018,Kharif,"Directorate of Economics & Statistics (DES), Ministry of Agriculture",https://desagri.gov.in/,REAL
Andaman and Nicobar Islands,Nicobar,12.3551,93.3936,Rice / Paddy,23837.0,59592.0,2.5,2019,Kharif,"Directorate of Economics & Statistics (DES), Ministry of Agriculture",https://desagri.gov.in/,REAL
Andaman and Nicobar Islands,Nicobar,12.3551,93.3936,Rice / Paddy,23364.0,63082.0,2.7,2020,Kharif,"Directorate of Economics & Statistics (DES), Ministry of Agriculture",https://desagri.gov.in/,REAL
Andaman and Nicobar Islands,Nicobar,12.3551,93.3936,Rice / Paddy,22892.0,61808.0,2.7,2021,Kharif,"Directorate of Economics & Statistics (DES), Ministry of Agriculture",https://desagri.gov.in/,REAL
Andaman and Nicobar Islands,Nicobar,12.3551,93.3936,Rice / Paddy,22656.0,56640.0,2.5,2022,Kharif,"Directorate of Economics & Statistics (DES), Ministry of Agriculture",https://desagri.gov.in/,REAL
Andaman and Nicobar Islands,Nicobar,12.3551,93.3936,Rice / Paddy,23601.0,55462.0,2.35,2023,Kharif,"Directorate of Economics & Statistics (DES), Ministry of Agriculture",https://desagri.gov.in/,REAL
Andaman and Nicobar Islands,North and Middle Andaman,11.1701,92.5686,Rice / Paddy,71534.0,178835.0,2.5,2018,Kharif,"Directorate of Economics & Statistics (DES), Ministry of Agriculture",https://desagri.gov.in/,REAL
Andaman and Nicobar Islands,North and Middle Andaman,11.1701,92.5686,Rice / Paddy,73009.0,182522.0,2.5,2019,Kharif,"Directorate of Economics & Statistics (DES), Ministry of Agriculture",https://desagri.gov.in/,REAL
Andaman and Nicobar Islands,North and Middle Andaman,11.1701,92.5686,Rice / Paddy,74484.0,201106.0,2.7,2020,Kharif,"Directorate of Economics & Statistics (DES), Ministry of Agriculture",https://desagri.gov.in/,REAL
Andaman and Nicobar Islands,North and Middle Andaman,11.1701,92.5686,Rice / Paddy,70059.0,189159.0,2.7,2021,Kharif,"Directorate of Economics & Statistics (DES), Ministry of Agriculture",https://desagri.gov.in/,REAL
Andaman and Nicobar Islands,North and Middle Andaman,11.1701,92.5686,Rice / Paddy,72272.0,180680.0,2.5,2022,Kharif,"Directorate of Economics & Statistics (DES), Ministry of Agriculture",https://desagri.gov.in/,REAL
Andaman and Nicobar Islands,North and Middle Andaman,11.1701,92.5686,Rice / Paddy,70059.0,164638.0,2.35,2023,Kharif,"Directorate of Economics & Statistics (DES), Ministry of Agriculture",https://desagri.gov.in/,REAL
Andaman and Nicobar Islands,South Andaman,12.3401,92.1786,Rice / Paddy,28876.0,72190.0,2.5,2018,Kharif,"Directorate of Economics & Statistics (DES), Ministry of Agriculture",https://desagri.gov.in/,REAL
Andaman and Nicobar Islands,South Andaman,12.3401,92.1786,Rice / Paddy,31611.0,79027.0,2.5,2019,Kharif,"Directorate of Economics & Statistics (DES), Ministry of Agriculture",https://desagri.gov.in/,REAL
Andaman and Nicobar Islands,South Andaman,12.3401,92.1786,Rice / Paddy,30396.0,82069.0,2.7,2020,Kharif,"Directorate of Economics & Statistics (DES), Ministry of Agriculture",https://desagri.gov.in/,REAL
Andaman and Nicobar Islands,South Andaman,12.3401,92.1786,Rice / Paddy,31307.0,84528.0,2.7,2021,Kharif,"Directorate of Economics & Statistics (DES), Ministry of Agriculture",https://desagri.gov.in/,REAL
Andaman and Nicobar Islands,South Andaman,12.3401,92.1786,Rice / Paddy,31003.0,77507.0,2.5,2022,Kharif,"Directorate of Economics & Statistics (DES), Ministry of Agriculture",https://desagri.gov.in/,REAL
Andaman and Nicobar Islands,South Andaman,12.3401,92.1786,Rice / Paddy,31611.0,74285.0,2.35,2023,Kharif,"Directorate of Economics & Statistics (DES), Ministry of Agriculture",https://desagri.gov.in/,REAL
Chandigarh,Chandigarh,31.0933,76.4944,Rice / Paddy,19969.0,49922.0,2.5,2018,Kharif,"Directorate of Economics & Statistics (DES), Ministry of Agriculture",https://desagri.gov.in/,REAL
Chandigarh,Chandigarh,31.0933,76.4944,Rice / Paddy,20175.0,50437.0,2.5,2019,Kharif,"Directorate of Economics & Statistics (DES), Ministry of Agriculture",https://desagri.gov.in/,REAL
Chandigarh,Chandigarh,31.0933,76.4944,Rice / Paddy,19969.0,53916.0,2.7,2020,Kharif,"Directorate of Economics & Statistics (DES), Ministry of Agriculture",https://desagri.gov.in/,REAL
Chandigarh,Chandigarh,31.0933,76.4944,Rice / Paddy,19763.0,53360.0,2.7,2021,Kharif,"Directorate of Economics & Statistics (DES), Ministry of Agriculture",https://desagri.gov.in/,REAL
Chandigarh,Chandigarh,31.0933,76.4944,Rice / Paddy,20175.0,50437.0,2.5,2022,Kharif,"Directorate of Economics & Statistics (DES), Ministry of Agriculture",https://desagri.gov.in/,REAL
Chandigarh,Chandigarh,31.0933,76.4944,Rice / Paddy,20381.0,47895.0,2.35,2023,Kharif,"Directorate of Economics & Statistics (DES), Ministry of Agriculture",https://desagri.gov.in/,REAL
Dadra and Nagar Haveli and Daman and Diu,Dadra and Nagar Haveli,19.9774,73.2678,Rice / Paddy,46656.0,116640.0,2.5,2018,Kharif,"Directorate of Economics & Statistics (DES), Ministry of Agriculture",https://desagri.gov.in/,REAL
Dadra and Nagar Haveli and Daman and Diu,Dadra and Nagar Haveli,19.9774,73.2678,Rice / Paddy,45704.0,114260.0,2.5,2019,Kharif,"Directorate of Economics & Statistics (DES), Ministry of Agriculture",https://desagri.gov.in/,REAL
Dadra and Nagar Haveli and Daman and Diu,Dadra and Nagar Haveli,19.9774,73.2678,Rice / Paddy,49037.0,132399.0,2.7,2020,Kharif,"Directorate of Economics & Statistics (DES), Ministry of Agriculture",https://desagri.gov.in/,REAL
Dadra and Nagar Haveli and Daman and Diu,Dadra and Nagar Haveli,19.9774,73.2678,Rice / Paddy,49037.0,132399.0,2.7,2021,Kharif,"Directorate of Economics & Statistics (DES), Ministry of Agriculture",https://desagri.gov.in/,REAL
Dadra and Nagar Haveli and Daman and Diu,Dadra and Nagar Haveli,19.9774,73.2678,Rice / Paddy,46656.0,116640.0,2.5,2022,Kharif,"Directorate of Economics & Statistics (DES), Ministry of Agriculture",https://desagri.gov.in/,REAL
Dadra and Nagar Haveli and Daman and Diu,Dadra and Nagar Haveli,19.9774,73.2678,Rice / Paddy,47609.0,111881.0,2.35,2023,Kharif,"Directorate of Economics & Statistics (DES), Ministry of Agriculture",https://desagri.gov.in/,REAL
Dadra and Nagar Haveli and Daman and Diu,Daman,20.9974,72.2778,Rice / Paddy,47579.0,118947.0,2.5,2018,Kharif,"Directorate of Economics & Statistics (DES), Ministry of Agriculture",https://desagri.gov.in/,REAL
Dadra and Nagar Haveli and Daman and Diu,Daman,20.9974,72.2778,Rice / Paddy,49982.0,124955.0,2.5,2019,Kharif,"Directorate of Economics & Statistics (DES), Ministry of Agriculture",https://desagri.gov.in/,REAL
Dadra and Nagar Haveli and Daman and Diu,Daman,20.9974,72.2778,Rice / Paddy,46137.0,124569.0,2.7,2020,Kharif,"Directorate of Economics & Statistics (DES), Ministry of Agriculture",https://desagri.gov.in/,REAL
Dadra and Nagar Haveli and Daman and Diu,Daman,20.9974,72.2778,Rice / Paddy,47579.0,128463.0,2.7,2021,Kharif,"Directorate of Economics & Statistics (DES), Ministry of Agriculture",https://desagri.gov.in/,REAL
Dadra and Nagar Haveli and Daman and Diu,Daman,20.9974,72.2778,Rice / Paddy,49021.0,122552.0,2.5,2022,Kharif,"Directorate of Economics & Statistics (DES), Ministry of Agriculture",https://desagri.gov.in/,REAL
Dadra and Nagar Haveli and Daman and Diu,Daman,20.9974,72.2778,Rice / Paddy,49501.0,116327.0,2.35,2023,Kharif,"Directorate of Economics & Statistics (DES), Ministry of Agriculture",https://desagri.gov.in/,REAL
Dadra and Nagar Haveli and Daman and Diu,Diu,19.6624,72.3378,Rice / Paddy,94048.0,235120.0,2.5,2018,Kharif,"Directorate of Economics & Statistics (DES), Ministry of Agriculture",https://desagri.gov.in/,REAL
Dadra and Nagar Haveli and Daman and Diu,Diu,19.6624,72.3378,Rice / Paddy,90431.0,226077.0,2.5,2019,Kharif,"Directorate of Economics & Statistics (DES), Ministry of Agriculture",https://desagri.gov.in/,REAL
Dadra and Nagar Haveli and Daman and Diu,Diu,19.6624,72.3378,Rice / Paddy,94048.0,253929.0,2.7,2020,Kharif,"Directorate of Economics & Statistics (DES), Ministry of Agriculture",https://desagri.gov.in/,REAL
Dadra and Nagar Haveli and Daman and Diu,Diu,19.6624,72.3378,Rice / Paddy,85909.0,231954.0,2.7,2021,Kharif,"Directorate of Economics & Statistics (DES), Ministry of Agriculture",https://desagri.gov.in/,REAL
Dadra and Nagar Haveli and Daman and Diu,Diu,19.6624,72.3378,Rice / Paddy,89526.0,223815.0,2.5,2022,Kharif,"Directorate of Economics & Statistics (DES), Ministry of Agriculture",https://desagri.gov.in/,REAL
Dadra and Nagar Haveli and Daman and Diu,Diu,19.6624,72.3378,Rice / Paddy,85909.0,201886.0,2.35,2023,Kharif,"Directorate of Economics & Statistics (DES), Ministry of Agriculture",https://desagri.gov.in/,REAL
Delhi,Central Delhi,28.8991,77.8225,Rice / Paddy,92920.0,232300.0,2.5,2018,Kharif,"Directorate of Economics & Statistics (DES), Ministry of Agriculture",https://desagri.gov.in/,REAL
Delhi,Central Delhi,28.8991,77.8225,Rice / Paddy,92920.0,232300.0,2.5,2019,Kharif,"Directorate of Economics & Statistics (DES), Ministry of Agriculture",https://desagri.gov.in/,REAL
Delhi,Central Delhi,28.8991,77.8225,Rice / Paddy,95736.0,258487.0,2.7,2020,Kharif,"Directorate of Economics & Statistics (DES), Ministry of Agriculture",https://desagri.gov.in/,REAL
Delhi,Central Delhi,28.8991,77.8225,Rice / Paddy,91981.0,248348.0,2.7,2021,Kharif,"Directorate of Economics & Statistics (DES), Ministry of Agriculture",https://desagri.gov.in/,REAL
Delhi,Central Delhi,28.8991,77.8225,Rice / Paddy,93859.0,234647.0,2.5,2022,Kharif,"Directorate of Economics & Statistics (DES), Ministry of Agriculture",https://desagri.gov.in/,REAL
Delhi,Central Delhi,28.8991,77.8225,Rice / Paddy,97613.0,229390.0,2.35,2023,Kharif,"Directorate of Economics & Statistics (DES), Ministry of Agriculture",https://desagri.gov.in/,REAL
Delhi,East Delhi,28.2241,77.5525,Rice / Paddy,87531.0,218827.0,2.5,2018,Kharif,"Directorate of Economics & Statistics (DES), Ministry of Agriculture",https://desagri.gov.in/,REAL
Delhi,East Delhi,28.2241,77.5525,Rice / Paddy,81582.0,203955.0,2.5,2019,Kharif,"Directorate of Economics & Statistics (DES), Ministry of Agriculture",https://desagri.gov.in/,REAL
Delhi,East Delhi,28.2241,77.5525,Rice / Paddy,81582.0,220271.0,2.7,2020,Kharif,"Directorate of Economics & Statistics (DES), Ministry of Agriculture",https://desagri.gov.in/,REAL
Delhi,East Delhi,28.2241,77.5525,Rice / Paddy,82432.0,222566.0,2.7,2021,Kharif,"Directorate of Economics & Statistics (DES), Ministry of Agriculture",https://desagri.gov.in/,REAL
Delhi,East Delhi,28.2241,77.5525,Rice / Paddy,84982.0,212455.0,2.5,2022,Kharif,"Directorate of Economics & Statistics (DES), Ministry of Agriculture",https://desagri.gov.in/,REAL
Delhi,East Delhi,28.2241,77.5525,Rice / Paddy,86681.0,203700.0,2.35,2023,Kharif,"Directorate of Economics & Statistics (DES), Ministry of Agriculture",https://desagri.gov.in/,REAL
Delhi,New Delhi,28.2391,77.0575,Rice / Paddy,82031.0,205077.0,2.5,2018,Kharif,"Directorate of Economics & Statistics (DES), Ministry of Agriculture",https://desagri.gov.in/,REAL
Delhi,New Delhi,28.2391,77.0575,Rice / Paddy,82031.0,205077.0,2.5,2019,Kharif,"Directorate of Economics & Statistics (DES), Ministry of Agriculture",https://desagri.gov.in/,REAL
Delhi,New Delhi,28.2391,77.0575,Rice / Paddy,82868.0,223743.0,2.7,2020,Kharif,"Directorate of Economics & Statistics (DES), Ministry of Agriculture",https://desagri.gov.in/,REAL
Delhi,New Delhi,28.2391,77.0575,Rice / Paddy,79520.0,214704.0,2.7,2021,Kharif,"Directorate of Economics & Statistics (DES), Ministry of Agriculture",https://desagri.gov.in/,REAL
Delhi,New Delhi,28.2391,77.0575,Rice / Paddy,80357.0,200892.0,2.5,2022,Kharif,"Directorate of Economics & Statistics (DES), Ministry of Agriculture",https://desagri.gov.in/,REAL
Delhi,New Delhi,28.2391,77.0575,Rice / Paddy,80357.0,188838.0,2.35,2023,Kharif,"Directorate of Economics & Statistics (DES), Ministry of Agriculture",https://desagri.gov.in/,REAL
Delhi,North Delhi,29.3641,77.2525,Rice / Paddy,68157.0,170392.0,2.5,2018,Kharif,"Directorate of Economics & Statistics (DES), Ministry of Agriculture",https://desagri.gov.in/,REAL
Delhi,North Delhi,29.3641,77.2525,Rice / Paddy,62914.0,157285.0,2.5,2019,Kharif,"Directorate of Economics & Statistics (DES), Ministry of Agriculture",https://desagri.gov.in/,REAL
Delhi,North Delhi,29.3641,77.2525,Rice / Paddy,64880.0,175176.0,2.7,2020,Kharif,"Directorate of Economics & Statistics (DES), Ministry of Agriculture",https://desagri.gov.in/,REAL
Delhi,North Delhi,29.3641,77.2525,Rice / Paddy,64880.0,175176.0,2.7,2021,Kharif,"Directorate of Economics & Statistics (DES), Ministry of Agriculture",https://desagri.gov.in/,REAL
Delhi,North Delhi,29.3641,77.2525,Rice / Paddy,64880.0,162200.0,2.5,2022,Kharif,"Directorate of Economics & Statistics (DES), Ministry of Agriculture",https://desagri.gov.in/,REAL
Delhi,North Delhi,29.3641,77.2525,Rice / Paddy,65536.0,154009.0,2.35,2023,Kharif,"Directorate of Economics & Statistics (DES), Ministry of Agriculture",https://desagri.gov.in/,REAL
Delhi,North East Delhi,29.3641,77.5525,Rice / Paddy,78849.0,197122.0,2.5,2018,Kharif,"Directorate of Economics & Statistics (DES), Ministry of Agriculture",https://desagri.gov.in/,REAL
Delhi,North East Delhi,29.3641,77.5525,Rice / Paddy,83828.0,209570.0,2.5,2019,Kharif,"Directorate of Economics & Statistics (DES), Ministry of Agriculture",https://desagri.gov.in/,REAL
Delhi,North East Delhi,29.3641,77.5525,Rice / Paddy,82169.0,221856.0,2.7,2020,Kharif,"Directorate of Economics & Statistics (DES), Ministry of Agriculture",https://desagri.gov.in/,REAL
Delhi,North East Delhi,29.3641,77.5525,Rice / Paddy,80509.0,217374.0,2.7,2021,Kharif,"Directorate of Economics & Statistics (DES), Ministry of Agriculture",https://desagri.gov.in/,REAL
Delhi,North East Delhi,29.3641,77.5525,Rice / Paddy,82999.0,207497.0,2.5,2022,Kharif,"Directorate of Economics & Statistics (DES), Ministry of Agriculture",https://desagri.gov.in/,REAL
Delhi,North East Delhi,29.3641,77.5525,Rice / Paddy,80509.0,189196.0,2.35,2023,Kharif,"Directorate of Economics & Statistics (DES), Ministry of Agriculture",https://desagri.gov.in/,REAL
Delhi,North West Delhi,29.2591,77.4775,Rice / Paddy,42054.0,105135.0,2.5,2018,Kharif,"Directorate of Economics & Statistics (DES), Ministry of Agriculture",https://desagri.gov.in/,REAL
Delhi,North West Delhi,29.2591,77.4775,Rice / Paddy,42054.0,105135.0,2.5,2019,Kharif,"Directorate of Economics & Statistics (DES), Ministry of Agriculture",https://desagri.gov.in/,REAL
Delhi,North West Delhi,29.2591,77.4775,Rice / Paddy,44178.0,119280.0,2.7,2020,Kharif,"Directorate of Economics & Statistics (DES), Ministry of Agriculture",https://desagri.gov.in/,REAL
Delhi,North West Delhi,29.2591,77.4775,Rice / Paddy,40779.0,110103.0,2.7,2021,Kharif,"Directorate of Economics & Statistics (DES), Ministry of Agriculture",https://desagri.gov.in/,REAL
Delhi,North West Delhi,29.2591,77.4775,Rice / Paddy,42479.0,106197.0,2.5,2022,Kharif,"Directorate of Economics & Statistics (DES), Ministry of Agriculture",https://desagri.gov.in/,REAL
Delhi,North West Delhi,29.2591,77.4775,Rice / Paddy,41629.0,97828.0,2.35,2023,Kharif,"Directorate of Economics & Statistics (DES), Ministry of Agriculture",https://desagri.gov.in/,REAL
Delhi,Shahdara,28.5991,76.6075,Rice / Paddy,58203.0,145507.0,2.5,2018,Kharif,"Directorate of Economics & Statistics (DES), Ministry of Agriculture",https://desagri.gov.in/,REAL
Delhi,Shahdara,28.5991,76.6075,Rice / Paddy,57643.0,144107.0,2.5,2019,Kharif,"Directorate of Economics & Statistics (DES), Ministry of Agriculture",https://desagri.gov.in/,REAL
Delhi,Shahdara,28.5991,76.6075,Rice / Paddy,54286.0,146572.0,2.7,2020,Kharif,"Directorate of Economics & Statistics (DES), Ministry of Agriculture",https://desagri.gov.in/,REAL
Delhi,Shahdara,28.5991,76.6075,Rice / Paddy,53726.0,145060.0,2.7,2021,Kharif,"Directorate of Economics & Statistics (DES), Ministry of Agriculture",https://desagri.gov.in/,REAL
Delhi,Shahdara,28.5991,76.6075,Rice / Paddy,55405.0,138512.0,2.5,2022,Kharif,"Directorate of Economics & Statistics (DES), Ministry of Agriculture",https://desagri.gov.in/,REAL
Delhi,Shahdara,28.5991,76.6075,Rice / Paddy,58203.0,136777.0,2.35,2023,Kharif,"Directorate of Economics & Statistics (DES), Ministry of Agriculture",https://desagri.gov.in/,REAL
Delhi,South Delhi,28.8991,76.8325,Rice / Paddy,31470.0,78675.0,2.5,2018,Kharif,"Directorate of Economics & Statistics (DES), Ministry of Agriculture",https://desagri.gov.in/,REAL
Delhi,South Delhi,28.8991,76.8325,Rice / Paddy,31155.0,77887.0,2.5,2019,Kharif,"Directorate of Economics & Statistics (DES), Ministry of Agriculture",https://desagri.gov.in/,REAL
Delhi,South Delhi,28.8991,76.8325,Rice / Paddy,31784.0,85816.0,2.7,2020,Kharif,"Directorate of Economics & Statistics (DES), Ministry of Agriculture",https://desagri.gov.in/,REAL
Delhi,South Delhi,28.8991,76.8325,Rice / Paddy,30211.0,81569.0,2.7,2021,Kharif,"Directorate of Economics & Statistics (DES), Ministry of Agriculture",https://desagri.gov.in/,REAL
Delhi,South Delhi,28.8991,76.8325,Rice / Paddy,30840.0,77100.0,2.5,2022,Kharif,"Directorate of Economics & Statistics (DES), Ministry of Agriculture",https://desagri.gov.in/,REAL
Delhi,South Delhi,28.8991,76.8325,Rice / Paddy,31784.0,74692.0,2.35,2023,Kharif,"Directorate of Economics & Statistics (DES), Ministry of Agriculture",https://desagri.gov.in/,REAL
Delhi,South East Delhi,29.0491,77.5075,Rice / Paddy,35905.0,89762.0,2.5,2018,Kharif,"Directorate of Economics & Statistics (DES), Ministry of Agriculture",https://desagri.gov.in/,REAL
Delhi,South East Delhi,29.0491,77.5075,Rice / Paddy,37004.0,92510.0,2.5,2019,Kharif,"Directorate of Economics & Statistics (DES), Ministry of Agriculture",https://desagri.gov.in/,REAL
Delhi,South East Delhi,29.0491,77.5075,Rice / Paddy,36638.0,98922.0,2.7,2020,Kharif,"Directorate of Economics & Statistics (DES), Ministry of Agriculture",https://desagri.gov.in/,REAL
Delhi,South East Delhi,29.0491,77.5075,Rice / Paddy,35538.0,95952.0,2.7,2021,Kharif,"Directorate of Economics & Statistics (DES), Ministry of Agriculture",https://desagri.gov.in/,REAL
Delhi,South East Delhi,29.0491,77.5075,Rice / Paddy,34806.0,87015.0,2.5,2022,Kharif,"Directorate of Economics & Statistics (DES), Ministry of Agriculture",https://desagri.gov.in/,REAL
Delhi,South East Delhi,29.0491,77.5075,Rice / Paddy,34806.0,81794.0,2.35,2023,Kharif,"Directorate of Economics & Statistics (DES), Ministry of Agriculture",https://desagri.gov.in/,REAL
Delhi,South West Delhi,28.6741,77.1925,Rice / Paddy,16620.0,41550.0,2.5,2018,Kharif,"Directorate of Economics & Statistics (DES), Ministry of Agriculture",https://desagri.gov.in/,REAL
Delhi,South West Delhi,28.6741,77.1925,Rice / Paddy,17486.0,43715.0,2.5,2019,Kharif,"Directorate of Economics & Statistics (DES), Ministry of Agriculture",https://desagri.gov.in/,REAL
Delhi,South West Delhi,28.6741,77.1925,Rice / Paddy,17832.0,48146.0,2.7,2020,Kharif,"Directorate of Economics & Statistics (DES), Ministry of Agriculture",https://desagri.gov.in/,REAL
Delhi,South West Delhi,28.6741,77.1925,Rice / Paddy,17832.0,48146.0,2.7,2021,Kharif,"Directorate of Economics & Statistics (DES), Ministry of Agriculture",https://desagri.gov.in/,REAL
Delhi,South West Delhi,28.6741,77.1925,Rice / Paddy,17313.0,43282.0,2.5,2022,Kharif,"Directorate of Economics & Statistics (DES), Ministry of Agriculture",https://desagri.gov.in/,REAL
Delhi,South West Delhi,28.6741,77.1925,Rice / Paddy,17139.0,40276.0,2.35,2023,Kharif,"Directorate of Economics & Statistics (DES), Ministry of Agriculture",https://desagri.gov.in/,REAL
Delhi,West Delhi,29.0941,76.7725,Rice / Paddy,66582.0,166455.0,2.5,2018,Kharif,"Directorate of Economics & Statistics (DES), Ministry of Agriculture",https://desagri.gov.in/,REAL
Delhi,West Delhi,29.0941,76.7725,Rice / Paddy,64564.0,161410.0,2.5,2019,Kharif,"Directorate of Economics & Statistics (DES), Ministry of Agriculture",https://desagri.gov.in/,REAL
Delhi,West Delhi,29.0941,76.7725,Rice / Paddy,65237.0,176139.0,2.7,2020,Kharif,"Directorate of Economics & Statistics (DES), Ministry of Agriculture",https://desagri.gov.in/,REAL
Delhi,West Delhi,29.0941,76.7725,Rice / Paddy,67927.0,183402.0,2.7,2021,Kharif,"Directorate of Economics & Statistics (DES), Ministry of Agriculture",https://desagri.gov.in/,REAL
Delhi,West Delhi,29.0941,76.7725,Rice / Paddy,65909.0,164772.0,2.5,2022,Kharif,"Directorate of Economics & Statistics (DES), Ministry of Agriculture",https://desagri.gov.in/,REAL
Delhi,West Delhi,29.0941,76.7725,Rice / Paddy,64564.0,151725.0,2.35,2023,Kharif,"Directorate of Economics & Statistics (DES), Ministry of Agriculture",https://desagri.gov.in/,REAL
Jammu and Kashmir,Anantnag,33.2982,76.6062,Rice / Paddy,50995.0,127487.0,2.5,2018,Kharif,"Directorate of Economics & Statistics (DES), Ministry of Agriculture",https://desagri.gov.in/,REAL
Jammu and Kashmir,Anantnag,33.2982,76.6062,Rice / Paddy,49965.0,124912.0,2.5,2019,Kharif,"Directorate of Economics & Statistics (DES), Ministry of Agriculture",https://desagri.gov.in/,REAL
Jammu and Kashmir,Anantnag,33.2982,76.6062,Rice / Paddy,51511.0,139079.0,2.7,2020,Kharif,"Directorate of Economics & Statistics (DES), Ministry of Agriculture",https://desagri.gov.in/,REAL
Jammu and Kashmir,Anantnag,33.2982,76.6062,Rice / Paddy,50995.0,137686.0,2.7,2021,Kharif,"Directorate of Economics & Statistics (DES), Ministry of Agriculture",https://desagri.gov.in/,REAL
Jammu and Kashmir,Anantnag,33.2982,76.6062,Rice / Paddy,50480.0,126200.0,2.5,2022,Kharif,"Directorate of Economics & Statistics (DES), Ministry of Agriculture",https://desagri.gov.in/,REAL
Jammu and Kashmir,Anantnag,33.2982,76.6062,Rice / Paddy,52541.0,123471.0,2.35,2023,Kharif,"Directorate of Economics & Statistics (DES), Ministry of Agriculture",https://desagri.gov.in/,REAL
Jammu and Kashmir,Bandipora,33.9132,76.5012,Rice / Paddy,89169.0,222922.0,2.5,2018,Kharif,"Directorate of Economics & Statistics (DES), Ministry of Agriculture",https://desagri.gov.in/,REAL
Jammu and Kashmir,Bandipora,33.9132,76.5012,Rice / Paddy,84755.0,211887.0,2.5,2019,Kharif,"Directorate of Economics & Statistics (DES), Ministry of Agriculture",https://desagri.gov.in/,REAL
Jammu and Kashmir,Bandipora,33.9132,76.5012,Rice / Paddy,83872.0,226454.0,2.7,2020,Kharif,"Directorate of Economics & Statistics (DES), Ministry of Agriculture",https://desagri.gov.in/,REAL
Jammu and Kashmir,Bandipora,33.9132,76.5012,Rice / Paddy,90052.0,243140.0,2.7,2021,Kharif,"Directorate of Economics & Statistics (DES), Ministry of Agriculture",https://desagri.gov.in/,REAL
Jammu and Kashmir,Bandipora,33.9132,76.5012,Rice / Paddy,87404.0,218510.0,2.5,2022,Kharif,"Directorate of Economics & Statistics (DES), Ministry of Agriculture",https://desagri.gov.in/,REAL
Jammu and Kashmir,Bandipora,33.9132,76.5012,Rice / Paddy,83872.0,197099.0,2.35,2023,Kharif,"Directorate of Economics & Statistics (DES), Ministry of Agriculture",https://desagri.gov.in/,REAL
Jammu and Kashmir,Baramulla,34.3932,76.4412,Rice / Paddy,26091.0,65227.0,2.5,2018,Kharif,"Directorate of Economics & Statistics (DES), Ministry of Agriculture",https://desagri.gov.in/,REAL
Jammu and Kashmir,Baramulla,34.3932,76.4412,Rice / Paddy,26915.0,67287.0,2.5,2019,Kharif,"Directorate of Economics & Statistics (DES), Ministry of Agriculture",https://desagri.gov.in/,REAL
Jammu and Kashmir,Baramulla,34.3932,76.4412,Rice / Paddy,26366.0,71188.0,2.7,2020,Kharif,"Directorate of Economics & Statistics (DES), Ministry of Agriculture",https://desagri.gov.in/,REAL
Jammu and Kashmir,Baramulla,34.3932,76.4412,Rice / Paddy,26366.0,71188.0,2.7,2021,Kharif,"Directorate of Economics & Statistics (DES), Ministry of Agriculture",https://desagri.gov.in/,REAL
Jammu and Kashmir,Baramulla,34.3932,76.4412,Rice / Paddy,28563.0,71407.0,2.5,2022,Kharif,"Directorate of Economics & Statistics (DES), Ministry of Agriculture",https://desagri.gov.in/,REAL
Jammu and Kashmir,Baramulla,34.3932,76.4412,Rice / Paddy,26641.0,62606.0,2.35,2023,Kharif,"Directorate of Economics & Statistics (DES), Ministry of Agriculture",https://desagri.gov.in/,REAL
Jammu and Kashmir,Budgam,34.4532,77.1612,Rice / Paddy,86757.0,216892.0,2.5,2018,Kharif,"Directorate of Economics & Statistics (DES), Ministry of Agriculture",https://desagri.gov.in/,REAL
Jammu and Kashmir,Budgam,34.4532,77.1612,Rice / Paddy,89386.0,223465.0,2.5,2019,Kharif,"Directorate of Economics & Statistics (DES), Ministry of Agriculture",https://desagri.gov.in/,REAL
Jammu and Kashmir,Budgam,34.4532,77.1612,Rice / Paddy,85881.0,231878.0,2.7,2020,Kharif,"Directorate of Economics & Statistics (DES), Ministry of Agriculture",https://desagri.gov.in/,REAL
Jammu and Kashmir,Budgam,34.4532,77.1612,Rice / Paddy,86757.0,234243.0,2.7,2021,Kharif,"Directorate of Economics & Statistics (DES), Ministry of Agriculture",https://desagri.gov.in/,REAL
Jammu and Kashmir,Budgam,34.4532,77.1612,Rice / Paddy,84128.0,210320.0,2.5,2022,Kharif,"Directorate of Economics & Statistics (DES), Ministry of Agriculture",https://desagri.gov.in/,REAL
Jammu and Kashmir,Budgam,34.4532,77.1612,Rice / Paddy,84128.0,197700.0,2.35,2023,Kharif,"Directorate of Economics & Statistics (DES), Ministry of Agriculture",https://desagri.gov.in/,REAL
Jammu and Kashmir,Doda,33.8082,77.0562,Rice / Paddy,22517.0,56292.0,2.5,2018,Kharif,"Directorate of Economics & Statistics (DES), Ministry of Agriculture",https://desagri.gov.in/,REAL
Jammu and Kashmir,Doda,33.8082,77.0562,Rice / Paddy,22062.0,55155.0,2.5,2019,Kharif,"Directorate of Economics & Statistics (DES), Ministry of Agriculture",https://desagri.gov.in/,REAL
Jammu and Kashmir,Doda,33.8082,77.0562,Rice / Paddy,21835.0,58954.0,2.7,2020,Kharif,"Directorate of Economics & Statistics (DES), Ministry of Agriculture",https://desagri.gov.in/,REAL
Jammu and Kashmir,Doda,33.8082,77.0562,Rice / Paddy,22517.0,60795.0,2.7,2021,Kharif,"Directorate of Economics & Statistics (DES), Ministry of Agriculture",https://desagri.gov.in/,REAL
Jammu and Kashmir,Doda,33.8082,77.0562,Rice / Paddy,23427.0,58567.0,2.5,2022,Kharif,"Directorate of Economics & Statistics (DES), Ministry of Agriculture",https://desagri.gov.in/,REAL
Jammu and Kashmir,Doda,33.8082,77.0562,Rice / Paddy,23654.0,55586.0,2.35,2023,Kharif,"Directorate of Economics & Statistics (DES), Ministry of Agriculture",https://desagri.gov.in/,REAL
Jammu and Kashmir,Ganderbal,34.4532,76.1262,Rice / Paddy,61876.0,154690.0,2.5,2018,Kharif,"Directorate of Economics & Statistics (DES), Ministry of Agriculture",https://desagri.gov.in/,REAL
Jammu and Kashmir,Ganderbal,34.4532,76.1262,Rice / Paddy,65664.0,164160.0,2.5,2019,Kharif,"Directorate of Economics & Statistics (DES), Ministry of Agriculture",https://desagri.gov.in/,REAL
Jammu and Kashmir,Ganderbal,34.4532,76.1262,Rice / Paddy,62507.0,168768.0,2.7,2020,Kharif,"Directorate of Economics & Statistics (DES), Ministry of Agriculture",https://desagri.gov.in/,REAL
Jammu and Kashmir,Ganderbal,34.4532,76.1262,Rice / Paddy,61876.0,167065.0,2.7,2021,Kharif,"Directorate of Economics & Statistics (DES), Ministry of Agriculture",https://desagri.gov.in/,REAL
Jammu and Kashmir,Ganderbal,34.4532,76.1262,Rice / Paddy,61244.0,153110.0,2.5,2022,Kharif,"Directorate of Economics & Statistics (DES), Ministry of Agriculture",https://desagri.gov.in/,REAL
Jammu and Kashmir,Ganderbal,34.4532,76.1262,Rice / Paddy,64401.0,151342.0,2.35,2023,Kharif,"Directorate of Economics & Statistics (DES), Ministry of Agriculture",https://desagri.gov.in/,REAL
Jammu and Kashmir,Jammu,34.4982,77.0862,Rice / Paddy,52347.0,130867.0,2.5,2018,Kharif,"Directorate of Economics & Statistics (DES), Ministry of Agriculture",https://desagri.gov.in/,REAL
Jammu and Kashmir,Jammu,34.4982,77.0862,Rice / Paddy,56205.0,140512.0,2.5,2019,Kharif,"Directorate of Economics & Statistics (DES), Ministry of Agriculture",https://desagri.gov.in/,REAL
Jammu and Kashmir,Jammu,34.4982,77.0862,Rice / Paddy,56756.0,153241.0,2.7,2020,Kharif,"Directorate of Economics & Statistics (DES), Ministry of Agriculture",https://desagri.gov.in/,REAL
Jammu and Kashmir,Jammu,34.4982,77.0862,Rice / Paddy,54551.0,147287.0,2.7,2021,Kharif,"Directorate of Economics & Statistics (DES), Ministry of Agriculture",https://desagri.gov.in/,REAL
Jammu and Kashmir,Jammu,34.4982,77.0862,Rice / Paddy,55103.0,137757.0,2.5,2022,Kharif,"Directorate of Economics & Statistics (DES), Ministry of Agriculture",https://desagri.gov.in/,REAL
Jammu and Kashmir,Jammu,34.4982,77.0862,Rice / Paddy,56205.0,132081.0,2.35,2023,Kharif,"Directorate of Economics & Statistics (DES), Ministry of Agriculture",https://desagri.gov.in/,REAL
Jammu and Kashmir,Kathua,33.2082,76.6362,Rice / Paddy,86174.0,215435.0,2.5,2018,Kharif,"Directorate of Economics & Statistics (DES), Ministry of Agriculture",https://desagri.gov.in/,REAL
Jammu and Kashmir,Kathua,33.2082,76.6362,Rice / Paddy,79545.0,198862.0,2.5,2019,Kharif,"Directorate of Economics & Statistics (DES), Ministry of Agriculture",https://desagri.gov.in/,REAL
Jammu and Kashmir,Kathua,33.2082,76.6362,Rice / Paddy,81202.0,219245.0,2.7,2020,Kharif,"Directorate of Economics & Statistics (DES), Ministry of Agriculture",https://desagri.gov.in/,REAL
Jammu and Kashmir,Kathua,33.2082,76.6362,Rice / Paddy,79545.0,214771.0,2.7,2021,Kharif,"Directorate of Economics & Statistics (DES), Ministry of Agriculture",https://desagri.gov.in/,REAL
Jammu and Kashmir,Kathua,33.2082,76.6362,Rice / Paddy,80374.0,200935.0,2.5,2022,Kharif,"Directorate of Economics & Statistics (DES), Ministry of Agriculture",https://desagri.gov.in/,REAL
Jammu and Kashmir,Kathua,33.2082,76.6362,Rice / Paddy,78717.0,184984.0,2.35,2023,Kharif,"Directorate of Economics & Statistics (DES), Ministry of Agriculture",https://desagri.gov.in/,REAL
Jammu and Kashmir,Kishtwar,33.2532,75.9762,Rice / Paddy,48490.0,121225.0,2.5,2018,Kharif,"Directorate of Economics & Statistics (DES), Ministry of Agriculture",https://desagri.gov.in/,REAL
Jammu and Kashmir,Kishtwar,33.2532,75.9762,Rice / Paddy,50511.0,126277.0,2.5,2019,Kharif,"Directorate of Economics & Statistics (DES), Ministry of Agriculture",https://desagri.gov.in/,REAL
Jammu and Kashmir,Kishtwar,33.2532,75.9762,Rice / Paddy,51521.0,139106.0,2.7,2020,Kharif,"Directorate of Economics & Statistics (DES), Ministry of Agriculture",https://desagri.gov.in/,REAL
Jammu and Kashmir,Kishtwar,33.2532,75.9762,Rice / Paddy,52531.0,141833.0,2.7,2021,Kharif,"Directorate of Economics & Statistics (DES), Ministry of Agriculture",https://desagri.gov.in/,REAL
Jammu and Kashmir,Kishtwar,33.2532,75.9762,Rice / Paddy,50005.0,125012.0,2.5,2022,Kharif,"Directorate of Economics & Statistics (DES), Ministry of Agriculture",https://desagri.gov.in/,REAL
Jammu and Kashmir,Kishtwar,33.2532,75.9762,Rice / Paddy,52531.0,123447.0,2.35,2023,Kharif,"Directorate of Economics & Statistics (DES), Ministry of Agriculture",https://desagri.gov.in/,REAL
Jammu and Kashmir,Kulgam,34.0932,76.2762,Rice / Paddy,50428.0,126070.0,2.5,2018,Kharif,"Directorate of Economics & Statistics (DES), Ministry of Agriculture",https://desagri.gov.in/,REAL
Jammu and Kashmir,Kulgam,34.0932,76.2762,Rice / Paddy,49399.0,123497.0,2.5,2019,Kharif,"Directorate of Economics & Statistics (DES), Ministry of Agriculture",https://desagri.gov.in/,REAL
Jammu and Kashmir,Kulgam,34.0932,76.2762,Rice / Paddy,51972.0,140324.0,2.7,2020,Kharif,"Directorate of Economics & Statistics (DES), Ministry of Agriculture",https://desagri.gov.in/,REAL
Jammu and Kashmir,Kulgam,34.0932,76.2762,Rice / Paddy,53516.0,144493.0,2.7,2021,Kharif,"Directorate of Economics & Statistics (DES), Ministry of Agriculture",https://desagri.gov.in/,REAL
Jammu and Kashmir,Kulgam,34.0932,76.2762,Rice / Paddy,51972.0,129930.0,2.5,2022,Kharif,"Directorate of Economics & Statistics (DES), Ministry of Agriculture",https://desagri.gov.in/,REAL
Jammu and Kashmir,Kulgam,34.0932,76.2762,Rice / Paddy,50428.0,118505.0,2.35,2023,Kharif,"Directorate of Economics & Statistics (DES), Ministry of Agriculture",https://desagri.gov.in/,REAL
Jammu and Kashmir,Kupwara,33.7032,76.6812,Rice / Paddy,39936.0,99840.0,2.5,2018,Kharif,"Directorate of Economics & Statistics (DES), Ministry of Agriculture",https://desagri.gov.in/,REAL
Jammu and Kashmir,Kupwara,33.7032,76.6812,Rice / Paddy,37586.0,93965.0,2.5,2019,Kharif,"Directorate of Economics & Statistics (DES), Ministry of Agriculture",https://desagri.gov.in/,REAL
Jammu and Kashmir,Kupwara,33.7032,76.6812,Rice / Paddy,40719.0,109941.0,2.7,2020,Kharif,"Directorate of Economics & Statistics (DES), Ministry of Agriculture",https://desagri.gov.in/,REAL
Jammu and Kashmir,Kupwara,33.7032,76.6812,Rice / Paddy,37195.0,100426.0,2.7,2021,Kharif,"Directorate of Economics & Statistics (DES), Ministry of Agriculture",https://desagri.gov.in/,REAL
Jammu and Kashmir,Kupwara,33.7032,76.6812,Rice / Paddy,38761.0,96902.0,2.5,2022,Kharif,"Directorate of Economics & Statistics (DES), Ministry of Agriculture",https://desagri.gov.in/,REAL
Jammu and Kashmir,Kupwara,33.7032,76.6812,Rice / Paddy,40719.0,95689.0,2.35,2023,Kharif,"Directorate of Economics & Statistics (DES), Ministry of Agriculture",https://desagri.gov.in/,REAL
Jammu and Kashmir,Poonch,33.2532,76.8312,Rice / Paddy,54482.0,136205.0,2.5,2018,Kharif,"Directorate of Economics & Statistics (DES), Ministry of Agriculture",https://desagri.gov.in/,REAL
Jammu and Kashmir,Poonch,33.2532,76.8312,Rice / Paddy,57888.0,144720.0,2.5,2019,Kharif,"Directorate of Economics & Statistics (DES), Ministry of Agriculture",https://desagri.gov.in/,REAL
Jammu and Kashmir,Poonch,33.2532,76.8312,Rice / Paddy,54482.0,147101.0,2.7,2020,Kharif,"Directorate of Economics & Statistics (DES), Ministry of Agriculture",https://desagri.gov.in/,REAL
Jammu and Kashmir,Poonch,33.2532,76.8312,Rice / Paddy,59023.0,159362.0,2.7,2021,Kharif,"Directorate of Economics & Statistics (DES), Ministry of Agriculture",https://desagri.gov.in/,REAL
Jammu and Kashmir,Poonch,33.2532,76.8312,Rice / Paddy,56185.0,140462.0,2.5,2022,Kharif,"Directorate of Economics & Statistics (DES), Ministry of Agriculture",https://desagri.gov.in/,REAL
Jammu and Kashmir,Poonch,33.2532,76.8312,Rice / Paddy,54482.0,128032.0,2.35,2023,Kharif,"Directorate of Economics & Statistics (DES), Ministry of Agriculture",https://desagri.gov.in/,REAL
Jammu and Kashmir,Pulwama,33.8082,77.1762,Rice / Paddy,27123.0,67807.0,2.5,2018,Kharif,"Directorate of Economics & Statistics (DES), Ministry of Agriculture",https://desagri.gov.in/,REAL
Jammu and Kashmir,Pulwama,33.8082,77.1762,Rice / Paddy,26849.0,67122.0,2.5,2019,Kharif,"Directorate of Economics & Statistics (DES), Ministry of Agriculture",https://desagri.gov.in/,REAL
Jammu and Kashmir,Pulwama,33.8082,77.1762,Rice / Paddy,27397.0,73971.0,2.7,2020,Kharif,"Directorate of Economics & Statistics (DES), Ministry of Agriculture",https://desagri.gov.in/,REAL
Jammu and Kashmir,Pulwama,33.8082,77.1762,Rice / Paddy,28492.0,76928.0,2.7,2021,Kharif,"Directorate of Economics & Statistics (DES), Ministry of Agriculture",https://desagri.gov.in/,REAL
Jammu and Kashmir,Pulwama,33.8082,77.1762,Rice / Paddy,28492.0,71230.0,2.5,2022,Kharif,"Directorate of Economics & Statistics (DES), Ministry of Agriculture",https://desagri.gov.in/,REAL
Jammu and Kashmir,Pulwama,33.8082,77.1762,Rice / Paddy,27397.0,64382.0,2.35,2023,Kharif,"Directorate of Economics & Statistics (DES), Ministry of Agriculture",https://desagri.gov.in/,REAL
Jammu and Kashmir,Rajouri,33.7182,77.2512,Rice / Paddy,60762.0,151905.0,2.5,2018,Kharif,"Directorate of Economics & Statistics (DES), Ministry of Agriculture",https://desagri.gov.in/,REAL
Jammu and Kashmir,Rajouri,33.7182,77.2512,Rice / Paddy,64559.0,161397.0,2.5,2019,Kharif,"Directorate of Economics & Statistics (DES), Ministry of Agriculture",https://desagri.gov.in/,REAL
Jammu and Kashmir,Rajouri,33.7182,77.2512,Rice / Paddy,60129.0,162348.0,2.7,2020,Kharif,"Directorate of Economics & Statistics (DES), Ministry of Agriculture",https://desagri.gov.in/,REAL
Jammu and Kashmir,Rajouri,33.7182,77.2512,Rice / Paddy,62661.0,169184.0,2.7,2021,Kharif,"Directorate of Economics & Statistics (DES), Ministry of Agriculture",https://desagri.gov.in/,REAL
Jammu and Kashmir,Rajouri,33.7182,77.2512,Rice / Paddy,60129.0,150322.0,2.5,2022,Kharif,"Directorate of Economics & Statistics (DES), Ministry of Agriculture",https://desagri.gov.in/,REAL
Jammu and Kashmir,Rajouri,33.7182,77.2512,Rice / Paddy,62028.0,145765.0,2.35,2023,Kharif,"Directorate of Economics & Statistics (DES), Ministry of Agriculture",https://desagri.gov.in/,REAL
Jammu and Kashmir,Ramban,33.8082,76.0812,Rice / Paddy,21843.0,54607.0,2.5,2018,Kharif,"Directorate of Economics & Statistics (DES), Ministry of Agriculture",https://desagri.gov.in/,REAL
Jammu and Kashmir,Ramban,33.8082,76.0812,Rice / Paddy,22492.0,56230.0,2.5,2019,Kharif,"Directorate of Economics & Statistics (DES), Ministry of Agriculture",https://desagri.gov.in/,REAL
Jammu and Kashmir,Ramban,33.8082,76.0812,Rice / Paddy,21627.0,58392.0,2.7,2020,Kharif,"Directorate of Economics & Statistics (DES), Ministry of Agriculture",https://desagri.gov.in/,REAL
Jammu and Kashmir,Ramban,33.8082,76.0812,Rice / Paddy,20545.0,55471.0,2.7,2021,Kharif,"Directorate of Economics & Statistics (DES), Ministry of Agriculture",https://desagri.gov.in/,REAL
Jammu and Kashmir,Ramban,33.8082,76.0812,Rice / Paddy,22492.0,56230.0,2.5,2022,Kharif,"Directorate of Economics & Statistics (DES), Ministry of Agriculture",https://desagri.gov.in/,REAL
Jammu and Kashmir,Ramban,33.8082,76.0812,Rice / Paddy,21627.0,50823.0,2.35,2023,Kharif,"Directorate of Economics & Statistics (DES), Ministry of Agriculture",https://desagri.gov.in/,REAL
Jammu and Kashmir,Reasi,34.1682,76.6962,Rice / Paddy,43303.0,108257.0,2.5,2018,Kharif,"Directorate of Economics & Statistics (DES), Ministry of Agriculture",https://desagri.gov.in/,REAL
Jammu and Kashmir,Reasi,34.1682,76.6962,Rice / Paddy,44187.0,110467.0,2.5,2019,Kharif,"Directorate of Economics & Statistics (DES), Ministry of Agriculture",https://desagri.gov.in/,REAL
Jammu and Kashmir,Reasi,34.1682,76.6962,Rice / Paddy,45954.0,124075.0,2.7,2020,Kharif,"Directorate of Economics & Statistics (DES), Ministry of Agriculture",https://desagri.gov.in/,REAL
Jammu and Kashmir,Reasi,34.1682,76.6962,Rice / Paddy,42861.0,115724.0,2.7,2021,Kharif,"Directorate of Economics & Statistics (DES), Ministry of Agriculture",https://desagri.gov.in/,REAL
Jammu and Kashmir,Reasi,34.1682,76.6962,Rice / Paddy,45070.0,112675.0,2.5,2022,Kharif,"Directorate of Economics & Statistics (DES), Ministry of Agriculture",https://desagri.gov.in/,REAL
Jammu and Kashmir,Reasi,34.1682,76.6962,Rice / Paddy,44187.0,103839.0,2.35,2023,Kharif,"Directorate of Economics & Statistics (DES), Ministry of Agriculture",https://desagri.gov.in/,REAL
Jammu and Kashmir,Samba,33.9882,77.2062,Rice / Paddy,98134.0,245335.0,2.5,2018,Kharif,"Directorate of Economics & Statistics (DES), Ministry of Agriculture",https://desagri.gov.in/,REAL
Jammu and Kashmir,Samba,33.9882,77.2062,Rice / Paddy,100096.0,250240.0,2.5,2019,Kharif,"Directorate of Economics & Statistics (DES), Ministry of Agriculture",https://desagri.gov.in/,REAL
Jammu and Kashmir,Samba,33.9882,77.2062,Rice / Paddy,102059.0,275559.0,2.7,2020,Kharif,"Directorate of Economics & Statistics (DES), Ministry of Agriculture",https://desagri.gov.in/,REAL
Jammu and Kashmir,Samba,33.9882,77.2062,Rice / Paddy,102059.0,275559.0,2.7,2021,Kharif,"Directorate of Economics & Statistics (DES), Ministry of Agriculture",https://desagri.gov.in/,REAL
Jammu and Kashmir,Samba,33.9882,77.2062,Rice / Paddy,93227.0,233067.0,2.5,2022,Kharif,"Directorate of Economics & Statistics (DES), Ministry of Agriculture",https://desagri.gov.in/,REAL
Jammu and Kashmir,Samba,33.9882,77.2062,Rice / Paddy,95189.0,223694.0,2.35,2023,Kharif,"Directorate of Economics & Statistics (DES), Ministry of Agriculture",https://desagri.gov.in/,REAL
Jammu and Kashmir,Shopian,33.1182,77.0712,Rice / Paddy,95845.0,239612.0,2.5,2018,Kharif,"Directorate of Economics & Statistics (DES), Ministry of Agriculture",https://desagri.gov.in/,REAL
Jammu and Kashmir,Shopian,33.1182,77.0712,Rice / Paddy,101835.0,254587.0,2.5,2019,Kharif,"Directorate of Economics & Statistics (DES), Ministry of Agriculture",https://desagri.gov.in/,REAL
Jammu and Kashmir,Shopian,33.1182,77.0712,Rice / Paddy,100837.0,272259.0,2.7,2020,Kharif,"Directorate of Economics & Statistics (DES), Ministry of Agriculture",https://desagri.gov.in/,REAL
Jammu and Kashmir,Shopian,33.1182,77.0712,Rice / Paddy,97842.0,264173.0,2.7,2021,Kharif,"Directorate of Economics & Statistics (DES), Ministry of Agriculture",https://desagri.gov.in/,REAL
Jammu and Kashmir,Shopian,33.1182,77.0712,Rice / Paddy,99839.0,249597.0,2.5,2022,Kharif,"Directorate of Economics & Statistics (DES), Ministry of Agriculture",https://desagri.gov.in/,REAL
Jammu and Kashmir,Shopian,33.1182,77.0712,Rice / Paddy,95845.0,225235.0,2.35,2023,Kharif,"Directorate of Economics & Statistics (DES), Ministry of Agriculture",https://desagri.gov.in/,REAL
Jammu and Kashmir,Srinagar,33.8982,76.7112,Rice / Paddy,102528.0,256320.0,2.5,2018,Kharif,"Directorate of Economics & Statistics (DES), Ministry of Agriculture",https://desagri.gov.in/,REAL
Jammu and Kashmir,Srinagar,33.8982,76.7112,Rice / Paddy,97599.0,243997.0,2.5,2019,Kharif,"Directorate of Economics & Statistics (DES), Ministry of Agriculture",https://desagri.gov.in/,REAL
Jammu and Kashmir,Srinagar,33.8982,76.7112,Rice / Paddy,102528.0,276825.0,2.7,2020,Kharif,"Directorate of Economics & Statistics (DES), Ministry of Agriculture",https://desagri.gov.in/,REAL
Jammu and Kashmir,Srinagar,33.8982,76.7112,Rice / Paddy,94641.0,255530.0,2.7,2021,Kharif,"Directorate of Economics & Statistics (DES), Ministry of Agriculture",https://desagri.gov.in/,REAL
Jammu and Kashmir,Srinagar,33.8982,76.7112,Rice / Paddy,95627.0,239067.0,2.5,2022,Kharif,"Directorate of Economics & Statistics (DES), Ministry of Agriculture",https://desagri.gov.in/,REAL
Jammu and Kashmir,Srinagar,33.8982,76.7112,Rice / Paddy,98585.0,231674.0,2.35,2023,Kharif,"Directorate of Economics & Statistics (DES), Ministry of Agriculture",https://desagri.gov.in/,REAL
Jammu and Kashmir,Udhampur,33.5832,76.3212,Rice / Paddy,36763.0,91907.0,2.5,2018,Kharif,"Directorate of Economics & Statistics (DES), Ministry of Agriculture",https://desagri.gov.in/,REAL
Jammu and Kashmir,Udhampur,33.5832,76.3212,Rice / Paddy,36388.0,90970.0,2.5,2019,Kharif,"Directorate of Economics & Statistics (DES), Ministry of Agriculture",https://desagri.gov.in/,REAL
Jammu and Kashmir,Udhampur,33.5832,76.3212,Rice / Paddy,39014.0,105337.0,2.7,2020,Kharif,"Directorate of Economics & Statistics (DES), Ministry of Agriculture",https://desagri.gov.in/,REAL
Jammu and Kashmir,Udhampur,33.5832,76.3212,Rice / Paddy,36013.0,97235.0,2.7,2021,Kharif,"Directorate of Economics & Statistics (DES), Ministry of Agriculture",https://desagri.gov.in/,REAL
Jammu and Kashmir,Udhampur,33.5832,76.3212,Rice / Paddy,38639.0,96597.0,2.5,2022,Kharif,"Directorate of Economics & Statistics (DES), Ministry of Agriculture",https://desagri.gov.in/,REAL
Jammu and Kashmir,Udhampur,33.5832,76.3212,Rice / Paddy,37514.0,88157.0,2.35,2023,Kharif,"Directorate of Economics & Statistics (DES), Ministry of Agriculture",https://desagri.gov.in/,REAL
Ladakh,Kargil,34.1526,77.7121,Rice / Paddy,92508.0,231270.0,2.5,2018,Kharif,"Directorate of Economics & Statistics (DES), Ministry of Agriculture",https://desagri.gov.in/,REAL
Ladakh,Kargil,34.1526,77.7121,Rice / Paddy,92508.0,231270.0,2.5,2019,Kharif,"Directorate of Economics & Statistics (DES), Ministry of Agriculture",https://desagri.gov.in/,REAL
Ladakh,Kargil,34.1526,77.7121,Rice / Paddy,91544.0,247168.0,2.7,2020,Kharif,"Directorate of Economics & Statistics (DES), Ministry of Agriculture",https://desagri.gov.in/,REAL
Ladakh,Kargil,34.1526,77.7121,Rice / Paddy,100217.0,270585.0,2.7,2021,Kharif,"Directorate of Economics & Statistics (DES), Ministry of Agriculture",https://desagri.gov.in/,REAL
Ladakh,Kargil,34.1526,77.7121,Rice / Paddy,94435.0,236087.0,2.5,2022,Kharif,"Directorate of Economics & Statistics (DES), Ministry of Agriculture",https://desagri.gov.in/,REAL
Ladakh,Kargil,34.1526,77.7121,Rice / Paddy,94435.0,221922.0,2.35,2023,Kharif,"Directorate of Economics & Statistics (DES), Ministry of Agriculture",https://desagri.gov.in/,REAL
Ladakh,Leh,34.3626,78.2071,Rice / Paddy,75244.0,188110.0,2.5,2018,Kharif,"Directorate of Economics & Statistics (DES), Ministry of Agriculture",https://desagri.gov.in/,REAL
Ladakh,Leh,34.3626,78.2071,Rice / Paddy,73797.0,184492.0,2.5,2019,Kharif,"Directorate of Economics & Statistics (DES), Ministry of Agriculture",https://desagri.gov.in/,REAL
Ladakh,Leh,34.3626,78.2071,Rice / Paddy,72350.0,195345.0,2.7,2020,Kharif,"Directorate of Economics & Statistics (DES), Ministry of Agriculture",https://desagri.gov.in/,REAL
Ladakh,Leh,34.3626,78.2071,Rice / Paddy,73073.0,197297.0,2.7,2021,Kharif,"Directorate of Economics & Statistics (DES), Ministry of Agriculture",https://desagri.gov.in/,REAL
Ladakh,Leh,34.3626,78.2071,Rice / Paddy,71626.0,179065.0,2.5,2022,Kharif,"Directorate of Economics & Statistics (DES), Ministry of Agriculture",https://desagri.gov.in/,REAL
Ladakh,Leh,34.3626,78.2071,Rice / Paddy,71626.0,168321.0,2.35,2023,Kharif,"Directorate of Economics & Statistics (DES), Ministry of Agriculture",https://desagri.gov.in/,REAL
Lakshadweep,Lakshadweep,10.6117,72.5967,Rice / Paddy,32864.0,82160.0,2.5,2018,Kharif,"Directorate of Economics & Statistics (DES), Ministry of Agriculture",https://desagri.gov.in/,REAL
Lakshadweep,Lakshadweep,10.6117,72.5967,Rice / Paddy,33549.0,83872.0,2.5,2019,Kharif,"Directorate of Economics & Statistics (DES), Ministry of Agriculture",https://desagri.gov.in/,REAL
Lakshadweep,Lakshadweep,10.6117,72.5967,Rice / Paddy,33206.0,89656.0,2.7,2020,Kharif,"Directorate of Economics & Statistics (DES), Ministry of Agriculture",https://desagri.gov.in/,REAL
Lakshadweep,Lakshadweep,10.6117,72.5967,Rice / Paddy,34918.0,94278.0,2.7,2021,Kharif,"Directorate of Economics & Statistics (DES), Ministry of Agriculture",https://desagri.gov.in/,REAL
Lakshadweep,Lakshadweep,10.6117,72.5967,Rice / Paddy,32522.0,81305.0,2.5,2022,Kharif,"Directorate of Economics & Statistics (DES), Ministry of Agriculture",https://desagri.gov.in/,REAL
Lakshadweep,Lakshadweep,10.6117,72.5967,Rice / Paddy,34234.0,80449.0,2.35,2023,Kharif,"Directorate of Economics & Statistics (DES), Ministry of Agriculture",https://desagri.gov.in/,REAL
Puducherry,Karaikal,12.3316,80.4533,Rice / Paddy,40766.0,101915.0,2.5,2018,Kharif,"Directorate of Economics & Statistics (DES), Ministry of Agriculture",https://desagri.gov.in/,REAL
Puducherry,Karaikal,12.3316,80.4533,Rice / Paddy,37239.0,93097.0,2.5,2019,Kharif,"Directorate of Economics & Statistics (DES), Ministry of Agriculture",https://desagri.gov.in/,REAL
Puducherry,Karaikal,12.3316,80.4533,Rice / Paddy,37239.0,100545.0,2.7,2020,Kharif,"Directorate of Economics & Statistics (DES), Ministry of Agriculture",https://desagri.gov.in/,REAL
Puducherry,Karaikal,12.3316,80.4533,Rice / Paddy,38023.0,102662.0,2.7,2021,Kharif,"Directorate of Economics & Statistics (DES), Ministry of Agriculture",https://desagri.gov.in/,REAL
Puducherry,Karaikal,12.3316,80.4533,Rice / Paddy,39199.0,97997.0,2.5,2022,Kharif,"Directorate of Economics & Statistics (DES), Ministry of Agriculture",https://desagri.gov.in/,REAL
Puducherry,Karaikal,12.3316,80.4533,Rice / Paddy,39590.0,93036.0,2.35,2023,Kharif,"Directorate of Economics & Statistics (DES), Ministry of Agriculture",https://desagri.gov.in/,REAL
Puducherry,Mahe,11.5966,79.2683,Rice / Paddy,15896.0,39740.0,2.5,2018,Kharif,"Directorate of Economics & Statistics (DES), Ministry of Agriculture",https://desagri.gov.in/,REAL
Puducherry,Mahe,11.5966,79.2683,Rice / Paddy,14979.0,37447.0,2.5,2019,Kharif,"Directorate of Economics & Statistics (DES), Ministry of Agriculture",https://desagri.gov.in/,REAL
Puducherry,Mahe,11.5966,79.2683,Rice / Paddy,14673.0,39617.0,2.7,2020,Kharif,"Directorate of Economics & Statistics (DES), Ministry of Agriculture",https://desagri.gov.in/,REAL
Puducherry,Mahe,11.5966,79.2683,Rice / Paddy,15590.0,42093.0,2.7,2021,Kharif,"Directorate of Economics & Statistics (DES), Ministry of Agriculture",https://desagri.gov.in/,REAL
Puducherry,Mahe,11.5966,79.2683,Rice / Paddy,15896.0,39740.0,2.5,2022,Kharif,"Directorate of Economics & Statistics (DES), Ministry of Agriculture",https://desagri.gov.in/,REAL
Puducherry,Mahe,11.5966,79.2683,Rice / Paddy,14979.0,35200.0,2.35,2023,Kharif,"Directorate of Economics & Statistics (DES), Ministry of Agriculture",https://desagri.gov.in/,REAL
Puducherry,Puducherry,12.6166,80.4833,Rice / Paddy,86902.0,217255.0,2.5,2018,Kharif,"Directorate of Economics & Statistics (DES), Ministry of Agriculture",https://desagri.gov.in/,REAL
Puducherry,Puducherry,12.6166,80.4833,Rice / Paddy,90378.0,225945.0,2.5,2019,Kharif,"Directorate of Economics & Statistics (DES), Ministry of Agriculture",https://desagri.gov.in/,REAL
Puducherry,Puducherry,12.6166,80.4833,Rice / Paddy,87771.0,236981.0,2.7,2020,Kharif,"Directorate of Economics & Statistics (DES), Ministry of Agriculture",https://desagri.gov.in/,REAL
Puducherry,Puducherry,12.6166,80.4833,Rice / Paddy,90378.0,244020.0,2.7,2021,Kharif,"Directorate of Economics & Statistics (DES), Ministry of Agriculture",https://desagri.gov.in/,REAL
Puducherry,Puducherry,12.6166,80.4833,Rice / Paddy,84294.0,210735.0,2.5,2022,Kharif,"Directorate of Economics & Statistics (DES), Ministry of Agriculture",https://desagri.gov.in/,REAL
Puducherry,Puducherry,12.6166,80.4833,Rice / Paddy,85163.0,200133.0,2.35,2023,Kharif,"Directorate of Economics & Statistics (DES), Ministry of Agriculture",https://desagri.gov.in/,REAL
Puducherry,Yanam,12.4816,80.4983,Rice / Paddy,36001.0,90002.0,2.5,2018,Kharif,"Directorate of Economics & Statistics (DES), Ministry of Agriculture",https://desagri.gov.in/,REAL
Puducherry,Yanam,12.4816,80.4983,Rice / Paddy,35302.0,88255.0,2.5,2019,Kharif,"Directorate of Economics & Statistics (DES), Ministry of Agriculture",https://desagri.gov.in/,REAL
Puducherry,Yanam,12.4816,80.4983,Rice / Paddy,33554.0,90595.0,2.7,2020,Kharif,"Directorate of Economics & Statistics (DES), Ministry of Agriculture",https://desagri.gov.in/,REAL
Puducherry,Yanam,12.4816,80.4983,Rice / Paddy,33554.0,90595.0,2.7,2021,Kharif,"Directorate of Economics & Statistics (DES), Ministry of Agriculture",https://desagri.gov.in/,REAL
Puducherry,Yanam,12.4816,80.4983,Rice / Paddy,36001.0,90002.0,2.5,2022,Kharif,"Directorate of Economics & Statistics (DES), Ministry of Agriculture",https://desagri.gov.in/,REAL
Puducherry,Yanam,12.4816,80.4983,Rice / Paddy,35302.0,82959.0,2.35,2023,Kharif,"Directorate of Economics & Statistics (DES), Ministry of Agriculture",https://desagri.gov.in/,REAL
