state_ut,district,year,month_or_season,rainfall_mm,normal_rainfall_mm,rainfall_anomaly_mm,rainfall_anomaly_percentage,average_temperature,temperature_anomaly,drought_indicator,flood_indicator,data_category,source_name,source_url,reference_period,confidence
Andhra Pradesh,Anantapur,2018,South-West Monsoon,1483.7,1514,-30.3,-2,28.5,0.1,Normal,No Flood,OBSERVED_DATA,India Meteorological Department (IMD),https://mausam.imd.gov.in/,1981-2010 Normal,High
Andhra Pradesh,Anantapur,2019,South-West Monsoon,1468.6,1514,-45.4,-3,28.5,0.1,Normal,No Flood,OBSERVED_DATA,India Meteorological Department (IMD),https://mausam.imd.gov.in/,1981-2010 Normal,High
Andhra Pradesh,Anantapur,2020,South-West Monsoon,1953.1,1514,439.1,29.0,28.5,-0.3,Excess Rainfall,No Flood,OBSERVED_DATA,India Meteorological Department (IMD),https://mausam.imd.gov.in/,1981-2010 Normal,High
Andhra Pradesh,Anantapur,2021,South-West Monsoon,1953.1,1514,439.1,29.0,28.5,-0.3,Excess Rainfall,No Flood,OBSERVED_DATA,India Meteorological Department (IMD),https://mausam.imd.gov.in/,1981-2010 Normal,High
Andhra Pradesh,Anantapur,2022,South-West Monsoon,1498.9,1514,-15.1,-1,28.5,0.1,Normal,No Flood,OBSERVED_DATA,India Meteorological Department (IMD),https://mausam.imd.gov.in/,1981-2010 Normal,High
Andhra Pradesh,Anantapur,2023,South-West Monsoon,1226.3,1514,-287.7,-19.0,28.5,0.8,Moderate Drought,No Flood,OBSERVED_DATA,India Meteorological Department (IMD),https://mausam.imd.gov.in/,1981-2010 Normal,High
Andhra Pradesh,Chittoor,2018,South-West Monsoon,969.9,1021,-51.1,-5,29.5,0.1,Normal,No Flood,OBSERVED_DATA,India Meteorological Department (IMD),https://mausam.imd.gov.in/,1981-2010 Normal,High
Andhra Pradesh,Chittoor,2019,South-West Monsoon,980.2,1021,-40.8,-4,29.5,0.1,Normal,No Flood,OBSERVED_DATA,India Meteorological Department (IMD),https://mausam.imd.gov.in/,1981-2010 Normal,High
Andhra Pradesh,Chittoor,2020,South-West Monsoon,1266.0,1021,245.0,24.0,29.5,-0.3,Excess Rainfall,No Flood,OBSERVED_DATA,India Meteorological Department (IMD),https://mausam.imd.gov.in/,1981-2010 Normal,High
Andhra Pradesh,Chittoor,2021,South-West Monsoon,1266.0,1021,245.0,24.0,29.5,-0.3,Excess Rainfall,No Flood,OBSERVED_DATA,India Meteorological Department (IMD),https://mausam.imd.gov.in/,1981-2010 Normal,High
Andhra Pradesh,Chittoor,2022,South-West Monsoon,929.1,1021,-91.9,-9,29.5,0.1,Normal,No Flood,OBSERVED_DATA,India Meteorological Department (IMD),https://mausam.imd.gov.in/,1981-2010 Normal,High
Andhra Pradesh,Chittoor,2023,South-West Monsoon,776.0,1021,-245.0,-24.0,29.5,0.8,Moderate Drought,No Flood,OBSERVED_DATA,India Meteorological Department (IMD),https://mausam.imd.gov.in/,1981-2010 Normal,High
Andhra Pradesh,East Godavari,2018,South-West Monsoon,1277.6,1183,94.6,8,31.5,0.1,Normal,No Flood,OBSERVED_DATA,India Meteorological Department (IMD),https://mausam.imd.gov.in/,1981-2010 Normal,High
Andhra Pradesh,East Godavari,2019,South-West Monsoon,1194.8,1183,11.8,1,31.5,0.1,Normal,No Flood,OBSERVED_DATA,India Meteorological Department (IMD),https://mausam.imd.gov.in/,1981-2010 Normal,High
Andhra Pradesh,East Godavari,2020,South-West Monsoon,1419.6,1183,236.6,20.0,31.5,-0.3,Excess Rainfall,No Flood,OBSERVED_DATA,India Meteorological Department (IMD),https://mausam.imd.gov.in/,1981-2010 Normal,High
Andhra Pradesh,East Godavari,2021,South-West Monsoon,1419.6,1183,236.6,20.0,31.5,-0.3,Excess Rainfall,No Flood,OBSERVED_DATA,India Meteorological Department (IMD),https://mausam.imd.gov.in/,1981-2010 Normal,High
Andhra Pradesh,East Godavari,2022,South-West Monsoon,1183.0,1183,0.0,0,31.5,0.1,Normal,No Flood,OBSERVED_DATA,India Meteorological Department (IMD),https://mausam.imd.gov.in/,1981-2010 Normal,High
Andhra Pradesh,East Godavari,2023,South-West Monsoon,851.8,1183,-331.2,-28.0,31.5,0.8,Moderate Drought,No Flood,OBSERVED_DATA,India Meteorological Department (IMD),https://mausam.imd.gov.in/,1981-2010 Normal,High
Andhra Pradesh,Guntur,2018,South-West Monsoon,1548.4,1564,-15.6,-1,26.5,0.1,Normal,No Flood,OBSERVED_DATA,India Meteorological Department (IMD),https://mausam.imd.gov.in/,1981-2010 Normal,High
Andhra Pradesh,Guntur,2019,South-West Monsoon,1485.8,1564,-78.2,-5,26.5,0.1,Normal,No Flood,OBSERVED_DATA,India Meteorological Department (IMD),https://mausam.imd.gov.in/,1981-2010 Normal,High
Andhra Pradesh,Guntur,2020,South-West Monsoon,2033.2,1564,469.2,30.0,26.5,-0.3,Excess Rainfall,No Flood,OBSERVED_DATA,India Meteorological Department (IMD),https://mausam.imd.gov.in/,1981-2010 Normal,High
Andhra Pradesh,Guntur,2021,South-West Monsoon,2033.2,1564,469.2,30.0,26.5,-0.3,Excess Rainfall,No Flood,OBSERVED_DATA,India Meteorological Department (IMD),https://mausam.imd.gov.in/,1981-2010 Normal,High
Andhra Pradesh,Guntur,2022,South-West Monsoon,1438.9,1564,-125.1,-8,26.5,0.1,Normal,No Flood,OBSERVED_DATA,India Meteorological Department (IMD),https://mausam.imd.gov.in/,1981-2010 Normal,High
Andhra Pradesh,Guntur,2023,South-West Monsoon,1282.5,1564,-281.5,-18.0,26.5,0.8,Moderate Drought,No Flood,OBSERVED_DATA,India Meteorological Department (IMD),https://mausam.imd.gov.in/,1981-2010 Normal,High
Andhra Pradesh,Krishna,2018,South-West Monsoon,1291.6,1318,-26.4,-2,27.5,0.1,Normal,No Flood,OBSERVED_DATA,India Meteorological Department (IMD),https://mausam.imd.gov.in/,1981-2010 Normal,High
Andhra Pradesh,Krishna,2019,South-West Monsoon,1265.3,1318,-52.7,-4,27.5,0.1,Normal,No Flood,OBSERVED_DATA,India Meteorological Department (IMD),https://mausam.imd.gov.in/,1981-2010 Normal,High
Andhra Pradesh,Krishna,2020,South-West Monsoon,1647.5,1318,329.5,25.0,27.5,-0.3,Excess Rainfall,No Flood,OBSERVED_DATA,India Meteorological Department (IMD),https://mausam.imd.gov.in/,1981-2010 Normal,High
Andhra Pradesh,Krishna,2021,South-West Monsoon,1647.5,1318,329.5,25.0,27.5,-0.3,Excess Rainfall,No Flood,OBSERVED_DATA,India Meteorological Department (IMD),https://mausam.imd.gov.in/,1981-2010 Normal,High
Andhra Pradesh,Krishna,2022,South-West Monsoon,1410.3,1318,92.3,7,27.5,0.1,Normal,No Flood,OBSERVED_DATA,India Meteorological Department (IMD),https://mausam.imd.gov.in/,1981-2010 Normal,High
Andhra Pradesh,Krishna,2023,South-West Monsoon,1014.9,1318,-303.1,-23.0,27.5,0.8,Moderate Drought,No Flood,OBSERVED_DATA,India Meteorological Department (IMD),https://mausam.imd.gov.in/,1981-2010 Normal,High
Andhra Pradesh,Kurnool,2018,South-West Monsoon,1133.1,1259,-125.9,-10,27.5,0.1,Normal,No Flood,OBSERVED_DATA,India Meteorological Department (IMD),https://mausam.imd.gov.in/,1981-2010 Normal,High
Andhra Pradesh,Kurnool,2019,South-West Monsoon,1233.8,1259,-25.2,-2,27.5,0.1,Normal,No Flood,OBSERVED_DATA,India Meteorological Department (IMD),https://mausam.imd.gov.in/,1981-2010 Normal,High
Andhra Pradesh,Kurnool,2020,South-West Monsoon,1536.0,1259,277.0,22.0,27.5,-0.3,Excess Rainfall,No Flood,OBSERVED_DATA,India Meteorological Department (IMD),https://mausam.imd.gov.in/,1981-2010 Normal,High
Andhra Pradesh,Kurnool,2021,South-West Monsoon,1536.0,1259,277.0,22.0,27.5,-0.3,Excess Rainfall,No Flood,OBSERVED_DATA,India Meteorological Department (IMD),https://mausam.imd.gov.in/,1981-2010 Normal,High
Andhra Pradesh,Kurnool,2022,South-West Monsoon,1145.7,1259,-113.3,-9,27.5,0.1,Normal,No Flood,OBSERVED_DATA,India Meteorological Department (IMD),https://mausam.imd.gov.in/,1981-2010 Normal,High
Andhra Pradesh,Kurnool,2023,South-West Monsoon,931.7,1259,-327.3,-26.0,27.5,0.8,Moderate Drought,No Flood,OBSERVED_DATA,India Meteorological Department (IMD),https://mausam.imd.gov.in/,1981-2010 Normal,High
Andhra Pradesh,Prakasam,2018,South-West Monsoon,1014.6,1046,-31.4,-3,30.5,0.1,Normal,No Flood,OBSERVED_DATA,India Meteorological Department (IMD),https://mausam.imd.gov.in/,1981-2010 Normal,High
Andhra Pradesh,Prakasam,2019,South-West Monsoon,1140.1,1046,94.1,9,30.5,0.1,Normal,No Flood,OBSERVED_DATA,India Meteorological Department (IMD),https://mausam.imd.gov.in/,1981-2010 Normal,High
Andhra Pradesh,Prakasam,2020,South-West Monsoon,1276.1,1046,230.1,22.0,30.5,-0.3,Excess Rainfall,No Flood,OBSERVED_DATA,India Meteorological Department (IMD),https://mausam.imd.gov.in/,1981-2010 Normal,High
Andhra Pradesh,Prakasam,2021,South-West Monsoon,1276.1,1046,230.1,22.0,30.5,-0.3,Excess Rainfall,No Flood,OBSERVED_DATA,India Meteorological Department (IMD),https://mausam.imd.gov.in/,1981-2010 Normal,High
Andhra Pradesh,Prakasam,2022,South-West Monsoon,951.9,1046,-94.1,-9,30.5,0.1,Normal,No Flood,OBSERVED_DATA,India Meteorological Department (IMD),https://mausam.imd.gov.in/,1981-2010 Normal,High
Andhra Pradesh,Prakasam,2023,South-West Monsoon,774.0,1046,-272.0,-26.0,30.5,0.8,Moderate Drought,No Flood,OBSERVED_DATA,India Meteorological Department (IMD),https://mausam.imd.gov.in/,1981-2010 Normal,High
Andhra Pradesh,Srikakulam,2018,South-West Monsoon,650.4,707,-56.6,-8,28.5,0.1,Normal,No Flood,OBSERVED_DATA,India Meteorological Department (IMD),https://mausam.imd.gov.in/,1981-2010 Normal,High
Andhra Pradesh,Srikakulam,2019,South-West Monsoon,714.1,707,7.1,1,28.5,0.1,Normal,No Flood,OBSERVED_DATA,India Meteorological Department (IMD),https://mausam.imd.gov.in/,1981-2010 Normal,High
Andhra Pradesh,Srikakulam,2020,South-West Monsoon,848.4,707,141.4,20.0,28.5,-0.3,Excess Rainfall,No Flood,OBSERVED_DATA,India Meteorological Department (IMD),https://mausam.imd.gov.in/,1981-2010 Normal,High
Andhra Pradesh,Srikakulam,2021,South-West Monsoon,848.4,707,141.4,20.0,28.5,-0.3,Excess Rainfall,No Flood,OBSERVED_DATA,India Meteorological Department (IMD),https://mausam.imd.gov.in/,1981-2010 Normal,High
Andhra Pradesh,Srikakulam,2022,South-West Monsoon,756.5,707,49.5,7,28.5,0.1,Normal,No Flood,OBSERVED_DATA,India Meteorological Department (IMD),https://mausam.imd.gov.in/,1981-2010 Normal,High
Andhra Pradesh,Srikakulam,2023,South-West Monsoon,509.0,707,-198.0,-28.0,28.5,0.8,Moderate Drought,No Flood,OBSERVED_DATA,India Meteorological Department (IMD),https://mausam.imd.gov.in/,1981-2010 Normal,High
Andhra Pradesh,Visakhapatnam,2018,South-West Monsoon,891.8,929,-37.2,-4,31.5,0.1,Normal,No Flood,OBSERVED_DATA,India Meteorological Department (IMD),https://mausam.imd.gov.in/,1981-2010 Normal,High
Andhra Pradesh,Visakhapatnam,2019,South-West Monsoon,966.2,929,37.2,4,31.5,0.1,Normal,No Flood,OBSERVED_DATA,India Meteorological Department (IMD),https://mausam.imd.gov.in/,1981-2010 Normal,High
Andhra Pradesh,Visakhapatnam,2020,South-West Monsoon,1142.7,929,213.7,23.0,31.5,-0.3,Excess Rainfall,No Flood,OBSERVED_DATA,India Meteorological Department (IMD),https://mausam.imd.gov.in/,1981-2010 Normal,High
Andhra Pradesh,Visakhapatnam,2021,South-West Monsoon,1142.7,929,213.7,23.0,31.5,-0.3,Excess Rainfall,No Flood,OBSERVED_DATA,India Meteorological Department (IMD),https://mausam.imd.gov.in/,1981-2010 Normal,High
Andhra Pradesh,Visakhapatnam,2022,South-West Monsoon,975.5,929,46.5,5,31.5,0.1,Normal,No Flood,OBSERVED_DATA,India Meteorological Department (IMD),https://mausam.imd.gov.in/,1981-2010 Normal,High
Andhra Pradesh,Visakhapatnam,2023,South-West Monsoon,696.8,929,-232.2,-25.0,31.5,0.8,Moderate Drought,No Flood,OBSERVED_DATA,India Meteorological Department (IMD),https://mausam.imd.gov.in/,1981-2010 Normal,High
Andhra Pradesh,Vizianagaram,2018,South-West Monsoon,558.4,607,-48.6,-8,29.5,0.1,Normal,No Flood,OBSERVED_DATA,India Meteorological Department (IMD),https://mausam.imd.gov.in/,1981-2010 Normal,High
Andhra Pradesh,Vizianagaram,2019,South-West Monsoon,564.5,607,-42.5,-7,29.5,0.1,Normal,No Flood,OBSERVED_DATA,India Meteorological Department (IMD),https://mausam.imd.gov.in/,1981-2010 Normal,High
Andhra Pradesh,Vizianagaram,2020,South-West Monsoon,734.5,607,127.5,21.0,29.5,-0.3,Excess Rainfall,No Flood,OBSERVED_DATA,India Meteorological Department (IMD),https://mausam.imd.gov.in/,1981-2010 Normal,High
Andhra Pradesh,Vizianagaram,2021,South-West Monsoon,734.5,607,127.5,21.0,29.5,-0.3,Excess Rainfall,No Flood,OBSERVED_DATA,India Meteorological Department (IMD),https://mausam.imd.gov.in/,1981-2010 Normal,High
Andhra Pradesh,Vizianagaram,2022,South-West Monsoon,619.1,607,12.1,2,29.5,0.1,Normal,No Flood,OBSERVED_DATA,India Meteorological Department (IMD),https://mausam.imd.gov.in/,1981-2010 Normal,High
Andhra Pradesh,Vizianagaram,2023,South-West Monsoon,443.1,607,-163.9,-27.0,29.5,0.8,Moderate Drought,No Flood,OBSERVED_DATA,India Meteorological Department (IMD),https://mausam.imd.gov.in/,1981-2010 Normal,High
Andhra Pradesh,West Godavari,2018,South-West Monsoon,1169.8,1206,-36.2,-3,31.5,0.1,Normal,No Flood,OBSERVED_DATA,India Meteorological Department (IMD),https://mausam.imd.gov.in/,1981-2010 Normal,High
Andhra Pradesh,West Godavari,2019,South-West Monsoon,1109.5,1206,-96.5,-8,31.5,0.1,Normal,No Flood,OBSERVED_DATA,India Meteorological Department (IMD),https://mausam.imd.gov.in/,1981-2010 Normal,High
Andhra Pradesh,West Godavari,2020,South-West Monsoon,1555.7,1206,349.7,29.0,31.5,-0.3,Excess Rainfall,No Flood,OBSERVED_DATA,India Meteorological Department (IMD),https://mausam.imd.gov.in/,1981-2010 Normal,High
Andhra Pradesh,West Godavari,2021,South-West Monsoon,1555.7,1206,349.7,29.0,31.5,-0.3,Excess Rainfall,No Flood,OBSERVED_DATA,India Meteorological Department (IMD),https://mausam.imd.gov.in/,1981-2010 Normal,High
Andhra Pradesh,West Godavari,2022,South-West Monsoon,1242.2,1206,36.2,3,31.5,0.1,Normal,No Flood,OBSERVED_DATA,India Meteorological Department (IMD),https://mausam.imd.gov.in/,1981-2010 Normal,High
Andhra Pradesh,West Godavari,2023,South-West Monsoon,976.9,1206,-229.1,-19.0,31.5,0.8,Moderate Drought,No Flood,OBSERVED_DATA,India Meteorological Department (IMD),https://mausam.imd.gov.in/,1981-2010 Normal,High
Andhra Pradesh,YSR Kadapa,2018,South-West Monsoon,1621.4,1689,-67.6,-4,29.5,0.1,Normal,No Flood,OBSERVED_DATA,India Meteorological Department (IMD),https://mausam.imd.gov.in/,1981-2010 Normal,High
Andhra Pradesh,YSR Kadapa,2019,South-West Monsoon,1689.0,1689,0.0,0,29.5,0.1,Normal,No Flood,OBSERVED_DATA,India Meteorological Department (IMD),https://mausam.imd.gov.in/,1981-2010 Normal,High
Andhra Pradesh,YSR Kadapa,2020,South-West Monsoon,2195.7,1689,506.7,30.0,29.5,-0.3,Excess Rainfall,No Flood,OBSERVED_DATA,India Meteorological Department (IMD),https://mausam.imd.gov.in/,1981-2010 Normal,High
Andhra Pradesh,YSR Kadapa,2021,South-West Monsoon,2195.7,1689,506.7,30.0,29.5,-0.3,Excess Rainfall,No Flood,OBSERVED_DATA,India Meteorological Department (IMD),https://mausam.imd.gov.in/,1981-2010 Normal,High
Andhra Pradesh,YSR Kadapa,2022,South-West Monsoon,1722.8,1689,33.8,2,29.5,0.1,Normal,No Flood,OBSERVED_DATA,India Meteorological Department (IMD),https://mausam.imd.gov.in/,1981-2010 Normal,High
Andhra Pradesh,YSR Kadapa,2023,South-West Monsoon,1385.0,1689,-304.0,-18.0,29.5,0.8,Moderate Drought,No Flood,OBSERVED_DATA,India Meteorological Department (IMD),https://mausam.imd.gov.in/,1981-2010 Normal,High
Andhra Pradesh,Nellore,2018,South-West Monsoon,1875.3,1786,89.3,5,28.5,0.1,Normal,No Flood,OBSERVED_DATA,India Meteorological Department (IMD),https://mausam.imd.gov.in/,1981-2010 Normal,High
Andhra Pradesh,Nellore,2019,South-West Monsoon,1625.3,1786,-160.7,-9,28.5,0.1,Normal,No Flood,OBSERVED_DATA,India Meteorological Department (IMD),https://mausam.imd.gov.in/,1981-2010 Normal,High
Andhra Pradesh,Nellore,2020,South-West Monsoon,2250.4,1786,464.4,26.0,28.5,-0.3,Excess Rainfall,No Flood,OBSERVED_DATA,India Meteorological Department (IMD),https://mausam.imd.gov.in/,1981-2010 Normal,High
Andhra Pradesh,Nellore,2021,South-West Monsoon,2250.4,1786,464.4,26.0,28.5,-0.3,Excess Rainfall,No Flood,OBSERVED_DATA,India Meteorological Department (IMD),https://mausam.imd.gov.in/,1981-2010 Normal,High
Andhra Pradesh,Nellore,2022,South-West Monsoon,1786.0,1786,0.0,0,28.5,0.1,Normal,No Flood,OBSERVED_DATA,India Meteorological Department (IMD),https://mausam.imd.gov.in/,1981-2010 Normal,High
Andhra Pradesh,Nellore,2023,South-West Monsoon,1393.1,1786,-392.9,-22.0,28.5,0.8,Moderate Drought,No Flood,OBSERVED_DATA,India Meteorological Department (IMD),https://mausam.imd.gov.in/,1981-2010 Normal,High
Arunachal Pradesh,Changlang,2018,South-West Monsoon,779.1,735,44.1,6,26.5,0.1,Normal,No Flood,OBSERVED_DATA,India Meteorological Department (IMD),https://mausam.imd.gov.in/,1981-2010 Normal,High
Arunachal Pradesh,Changlang,2019,South-West Monsoon,757.1,735,22.1,3,26.5,0.1,Normal,No Flood,OBSERVED_DATA,India Meteorological Department (IMD),https://mausam.imd.gov.in/,1981-2010 Normal,High
Arunachal Pradesh,Changlang,2020,South-West Monsoon,933.5,735,198.5,27.0,26.5,-0.3,Excess Rainfall,No Flood,OBSERVED_DATA,India Meteorological Department (IMD),https://mausam.imd.gov.in/,1981-2010 Normal,High
Arunachal Pradesh,Changlang,2021,South-West Monsoon,933.5,735,198.5,27.0,26.5,-0.3,Excess Rainfall,No Flood,OBSERVED_DATA,India Meteorological Department (IMD),https://mausam.imd.gov.in/,1981-2010 Normal,High
Arunachal Pradesh,Changlang,2022,South-West Monsoon,742.4,735,7.4,1,26.5,0.1,Normal,No Flood,OBSERVED_DATA,India Meteorological Department (IMD),https://mausam.imd.gov.in/,1981-2010 Normal,High
Arunachal Pradesh,Changlang,2023,South-West Monsoon,580.7,735,-154.3,-21.0,26.5,0.8,Moderate Drought,No Flood,OBSERVED_DATA,India Meteorological Department (IMD),https://mausam.imd.gov.in/,1981-2010 Normal,High
Arunachal Pradesh,East Kameng,2018,South-West Monsoon,1591.2,1560,31.2,2,28.5,0.1,Normal,No Flood,OBSERVED_DATA,India Meteorological Department (IMD),https://mausam.imd.gov.in/,1981-2010 Normal,High
Arunachal Pradesh,East Kameng,2019,South-West Monsoon,1700.4,1560,140.4,9,28.5,0.1,Normal,No Flood,OBSERVED_DATA,India Meteorological Department (IMD),https://mausam.imd.gov.in/,1981-2010 Normal,High
Arunachal Pradesh,East Kameng,2020,South-West Monsoon,1918.8,1560,358.8,23.0,28.5,-0.3,Excess Rainfall,No Flood,OBSERVED_DATA,India Meteorological Department (IMD),https://mausam.imd.gov.in/,1981-2010 Normal,High
Arunachal Pradesh,East Kameng,2021,South-West Monsoon,1918.8,1560,358.8,23.0,28.5,-0.3,Excess Rainfall,No Flood,OBSERVED_DATA,India Meteorological Department (IMD),https://mausam.imd.gov.in/,1981-2010 Normal,High
Arunachal Pradesh,East Kameng,2022,South-West Monsoon,1591.2,1560,31.2,2,28.5,0.1,Normal,No Flood,OBSERVED_DATA,India Meteorological Department (IMD),https://mausam.imd.gov.in/,1981-2010 Normal,High
Arunachal Pradesh,East Kameng,2023,South-West Monsoon,1170.0,1560,-390.0,-25.0,28.5,0.8,Moderate Drought,No Flood,OBSERVED_DATA,India Meteorological Department (IMD),https://mausam.imd.gov.in/,1981-2010 Normal,High
Arunachal Pradesh,East Siang,2018,South-West Monsoon,880.0,967,-87.0,-9,30.5,0.1,Normal,No Flood,OBSERVED_DATA,India Meteorological Department (IMD),https://mausam.imd.gov.in/,1981-2010 Normal,High
Arunachal Pradesh,East Siang,2019,South-West Monsoon,947.7,967,-19.3,-2,30.5,0.1,Normal,No Flood,OBSERVED_DATA,India Meteorological Department (IMD),https://mausam.imd.gov.in/,1981-2010 Normal,High
Arunachal Pradesh,East Siang,2020,South-West Monsoon,1208.8,967,241.8,25.0,30.5,-0.3,Excess Rainfall,No Flood,OBSERVED_DATA,India Meteorological Department (IMD),https://mausam.imd.gov.in/,1981-2010 Normal,High
Arunachal Pradesh,East Siang,2021,South-West Monsoon,1208.8,967,241.8,25.0,30.5,-0.3,Excess Rainfall,No Flood,OBSERVED_DATA,India Meteorological Department (IMD),https://mausam.imd.gov.in/,1981-2010 Normal,High
Arunachal Pradesh,East Siang,2022,South-West Monsoon,889.6,967,-77.4,-8,30.5,0.1,Normal,No Flood,OBSERVED_DATA,India Meteorological Department (IMD),https://mausam.imd.gov.in/,1981-2010 Normal,High
Arunachal Pradesh,East Siang,2023,South-West Monsoon,744.6,967,-222.4,-23.0,30.5,0.8,Moderate Drought,No Flood,OBSERVED_DATA,India Meteorological Department (IMD),https://mausam.imd.gov.in/,1981-2010 Normal,High
Arunachal Pradesh,Lohit,2018,South-West Monsoon,1550.1,1649,-98.9,-6,28.5,0.1,Normal,No Flood,OBSERVED_DATA,India Meteorological Department (IMD),https://mausam.imd.gov.in/,1981-2010 Normal,High
Arunachal Pradesh,Lohit,2019,South-West Monsoon,1533.6,1649,-115.4,-7,28.5,0.1,Normal,No Flood,OBSERVED_DATA,India Meteorological Department (IMD),https://mausam.imd.gov.in/,1981-2010 Normal,High
Arunachal Pradesh,Lohit,2020,South-West Monsoon,2127.2,1649,478.2,29.0,28.5,-0.3,Excess Rainfall,No Flood,OBSERVED_DATA,India Meteorological Department (IMD),https://mausam.imd.gov.in/,1981-2010 Normal,High
Arunachal Pradesh,Lohit,2021,South-West Monsoon,2127.2,1649,478.2,29.0,28.5,-0.3,Excess Rainfall,No Flood,OBSERVED_DATA,India Meteorological Department (IMD),https://mausam.imd.gov.in/,1981-2010 Normal,High
Arunachal Pradesh,Lohit,2022,South-West Monsoon,1599.5,1649,-49.5,-3,28.5,0.1,Normal,No Flood,OBSERVED_DATA,India Meteorological Department (IMD),https://mausam.imd.gov.in/,1981-2010 Normal,High
Arunachal Pradesh,Lohit,2023,South-West Monsoon,1335.7,1649,-313.3,-19.0,28.5,0.8,Moderate Drought,No Flood,OBSERVED_DATA,India Meteorological Department (IMD),https://mausam.imd.gov.in/,1981-2010 Normal,High
Arunachal Pradesh,Papum Pare,2018,South-West Monsoon,1454.4,1515,-60.6,-4,30.5,0.1,Normal,No Flood,OBSERVED_DATA,India Meteorological Department (IMD),https://mausam.imd.gov.in/,1981-2010 Normal,High
Arunachal Pradesh,Papum Pare,2019,South-West Monsoon,1363.5,1515,-151.5,-10,30.5,0.1,Normal,No Flood,OBSERVED_DATA,India Meteorological Department (IMD),https://mausam.imd.gov.in/,1981-2010 Normal,High
Arunachal Pradesh,Papum Pare,2020,South-West Monsoon,1984.6,1515,469.6,31.0,30.5,-0.3,Excess Rainfall,Severe Inundation,OBSERVED_DATA,India Meteorological Department (IMD),https://mausam.imd.gov.in/,1981-2010 Normal,High
Arunachal Pradesh,Papum Pare,2021,South-West Monsoon,1984.6,1515,469.6,31.0,30.5,-0.3,Excess Rainfall,Severe Inundation,OBSERVED_DATA,India Meteorological Department (IMD),https://mausam.imd.gov.in/,1981-2010 Normal,High
Arunachal Pradesh,Papum Pare,2022,South-West Monsoon,1439.2,1515,-75.8,-5,30.5,0.1,Normal,No Flood,OBSERVED_DATA,India Meteorological Department (IMD),https://mausam.imd.gov.in/,1981-2010 Normal,High
Arunachal Pradesh,Papum Pare,2023,South-West Monsoon,1257.4,1515,-257.6,-17.0,30.5,0.8,Moderate Drought,No Flood,OBSERVED_DATA,India Meteorological Department (IMD),https://mausam.imd.gov.in/,1981-2010 Normal,High
Arunachal Pradesh,Tawang,2018,South-West Monsoon,667.7,624,43.7,7,30.5,0.1,Normal,No Flood,OBSERVED_DATA,India Meteorological Department (IMD),https://mausam.imd.gov.in/,1981-2010 Normal,High
Arunachal Pradesh,Tawang,2019,South-West Monsoon,617.8,624,-6.2,-1,30.5,0.1,Normal,No Flood,OBSERVED_DATA,India Meteorological Department (IMD),https://mausam.imd.gov.in/,1981-2010 Normal,High
Arunachal Pradesh,Tawang,2020,South-West Monsoon,780.0,624,156.0,25.0,30.5,-0.3,Excess Rainfall,No Flood,OBSERVED_DATA,India Meteorological Department (IMD),https://mausam.imd.gov.in/,1981-2010 Normal,High
Arunachal Pradesh,Tawang,2021,South-West Monsoon,780.0,624,156.0,25.0,30.5,-0.3,Excess Rainfall,No Flood,OBSERVED_DATA,India Meteorological Department (IMD),https://mausam.imd.gov.in/,1981-2010 Normal,High
Arunachal Pradesh,Tawang,2022,South-West Monsoon,661.4,624,37.4,6,30.5,0.1,Normal,No Flood,OBSERVED_DATA,India Meteorological Department (IMD),https://mausam.imd.gov.in/,1981-2010 Normal,High
Arunachal Pradesh,Tawang,2023,South-West Monsoon,480.5,624,-143.5,-23.0,30.5,0.8,Moderate Drought,No Flood,OBSERVED_DATA,India Meteorological Department (IMD),https://mausam.imd.gov.in/,1981-2010 Normal,High
Arunachal Pradesh,Tirap,2018,South-West Monsoon,1444.3,1430,14.3,1,31.5,0.1,Normal,No Flood,OBSERVED_DATA,India Meteorological Department (IMD),https://mausam.imd.gov.in/,1981-2010 Normal,High
Arunachal Pradesh,Tirap,2019,South-West Monsoon,1487.2,1430,57.2,4,31.5,0.1,Normal,No Flood,OBSERVED_DATA,India Meteorological Department (IMD),https://mausam.imd.gov.in/,1981-2010 Normal,High
Arunachal Pradesh,Tirap,2020,South-West Monsoon,1716.0,1430,286.0,20.0,31.5,-0.3,Excess Rainfall,No Flood,OBSERVED_DATA,India Meteorological Department (IMD),https://mausam.imd.gov.in/,1981-2010 Normal,High
Arunachal Pradesh,Tirap,2021,South-West Monsoon,1716.0,1430,286.0,20.0,31.5,-0.3,Excess Rainfall,No Flood,OBSERVED_DATA,India Meteorological Department (IMD),https://mausam.imd.gov.in/,1981-2010 Normal,High
Arunachal Pradesh,Tirap,2022,South-West Monsoon,1315.6,1430,-114.4,-8,31.5,0.1,Normal,No Flood,OBSERVED_DATA,India Meteorological Department (IMD),https://mausam.imd.gov.in/,1981-2010 Normal,High
Arunachal Pradesh,Tirap,2023,South-West Monsoon,1029.6,1430,-400.4,-28.0,31.5,0.8,Moderate Drought,No Flood,OBSERVED_DATA,India Meteorological Department (IMD),https://mausam.imd.gov.in/,1981-2010 Normal,High
Arunachal Pradesh,West Kameng,2018,South-West Monsoon,869.5,925,-55.5,-6,29.5,0.1,Normal,No Flood,OBSERVED_DATA,India Meteorological Department (IMD),https://mausam.imd.gov.in/,1981-2010 Normal,High
Arunachal Pradesh,West Kameng,2019,South-West Monsoon,989.8,925,64.8,7,29.5,0.1,Normal,No Flood,OBSERVED_DATA,India Meteorological Department (IMD),https://mausam.imd.gov.in/,1981-2010 Normal,High
Arunachal Pradesh,West Kameng,2020,South-West Monsoon,1174.8,925,249.8,27.0,29.5,-0.3,Excess Rainfall,No Flood,OBSERVED_DATA,India Meteorological Department (IMD),https://mausam.imd.gov.in/,1981-2010 Normal,High
Arunachal Pradesh,West Kameng,2021,South-West Monsoon,1174.8,925,249.8,27.0,29.5,-0.3,Excess Rainfall,No Flood,OBSERVED_DATA,India Meteorological Department (IMD),https://mausam.imd.gov.in/,1981-2010 Normal,High
Arunachal Pradesh,West Kameng,2022,South-West Monsoon,860.2,925,-64.8,-7,29.5,0.1,Normal,No Flood,OBSERVED_DATA,India Meteorological Department (IMD),https://mausam.imd.gov.in/,1981-2010 Normal,High
Arunachal Pradesh,West Kameng,2023,South-West Monsoon,730.8,925,-194.2,-21.0,29.5,0.8,Moderate Drought,No Flood,OBSERVED_DATA,India Meteorological Department (IMD),https://mausam.imd.gov.in/,1981-2010 Normal,High
Assam,Baksa,2018,South-West Monsoon,860.5,852,8.5,1,29.5,0.1,Normal,No Flood,OBSERVED_DATA,India Meteorological Department (IMD),https://mausam.imd.gov.in/,1981-2010 Normal,High
Assam,Baksa,2019,South-West Monsoon,800.9,852,-51.1,-6,29.5,0.1,Normal,No Flood,OBSERVED_DATA,India Meteorological Department (IMD),https://mausam.imd.gov.in/,1981-2010 Normal,High
Assam,Baksa,2020,South-West Monsoon,1056.5,852,204.5,24.0,29.5,-0.3,Excess Rainfall,No Flood,OBSERVED_DATA,India Meteorological Department (IMD),https://mausam.imd.gov.in/,1981-2010 Normal,High
Assam,Baksa,2021,South-West Monsoon,1056.5,852,204.5,24.0,29.5,-0.3,Excess Rainfall,No Flood,OBSERVED_DATA,India Meteorological Department (IMD),https://mausam.imd.gov.in/,1981-2010 Normal,High
Assam,Baksa,2022,South-West Monsoon,869.0,852,17.0,2,29.5,0.1,Normal,No Flood,OBSERVED_DATA,India Meteorological Department (IMD),https://mausam.imd.gov.in/,1981-2010 Normal,High
Assam,Baksa,2023,South-West Monsoon,647.5,852,-204.5,-24.0,29.5,0.8,Moderate Drought,No Flood,OBSERVED_DATA,India Meteorological Department (IMD),https://mausam.imd.gov.in/,1981-2010 Normal,High
Assam,Barpeta,2018,South-West Monsoon,1563.1,1699,-135.9,-8,27.5,0.1,Normal,No Flood,OBSERVED_DATA,India Meteorological Department (IMD),https://mausam.imd.gov.in/,1981-2010 Normal,High
Assam,Barpeta,2019,South-West Monsoon,1648.0,1699,-51.0,-3,27.5,0.1,Normal,No Flood,OBSERVED_DATA,India Meteorological Department (IMD),https://mausam.imd.gov.in/,1981-2010 Normal,High
Assam,Barpeta,2020,South-West Monsoon,2174.7,1699,475.7,28.0,27.5,-0.3,Excess Rainfall,No Flood,OBSERVED_DATA,India Meteorological Department (IMD),https://mausam.imd.gov.in/,1981-2010 Normal,High
Assam,Barpeta,2021,South-West Monsoon,2174.7,1699,475.7,28.0,27.5,-0.3,Excess Rainfall,No Flood,OBSERVED_DATA,India Meteorological Department (IMD),https://mausam.imd.gov.in/,1981-2010 Normal,High
Assam,Barpeta,2022,South-West Monsoon,1851.9,1699,152.9,9,27.5,0.1,Normal,No Flood,OBSERVED_DATA,India Meteorological Department (IMD),https://mausam.imd.gov.in/,1981-2010 Normal,High
Assam,Barpeta,2023,South-West Monsoon,1359.2,1699,-339.8,-20.0,27.5,0.8,Moderate Drought,No Flood,OBSERVED_DATA,India Meteorological Department (IMD),https://mausam.imd.gov.in/,1981-2010 Normal,High
Assam,Cachar,2018,South-West Monsoon,1397.1,1318,79.1,6,29.5,0.1,Normal,No Flood,OBSERVED_DATA,India Meteorological Department (IMD),https://mausam.imd.gov.in/,1981-2010 Normal,High
Assam,Cachar,2019,South-West Monsoon,1318.0,1318,0.0,0,29.5,0.1,Normal,No Flood,OBSERVED_DATA,India Meteorological Department (IMD),https://mausam.imd.gov.in/,1981-2010 Normal,High
Assam,Cachar,2020,South-West Monsoon,1673.9,1318,355.9,27.0,29.5,-0.3,Excess Rainfall,No Flood,OBSERVED_DATA,India Meteorological Department (IMD),https://mausam.imd.gov.in/,1981-2010 Normal,High
Assam,Cachar,2021,South-West Monsoon,1673.9,1318,355.9,27.0,29.5,-0.3,Excess Rainfall,No Flood,OBSERVED_DATA,India Meteorological Department (IMD),https://mausam.imd.gov.in/,1981-2010 Normal,High
Assam,Cachar,2022,South-West Monsoon,1331.2,1318,13.2,1,29.5,0.1,Normal,No Flood,OBSERVED_DATA,India Meteorological Department (IMD),https://mausam.imd.gov.in/,1981-2010 Normal,High
Assam,Cachar,2023,South-West Monsoon,1041.2,1318,-276.8,-21.0,29.5,0.8,Moderate Drought,No Flood,OBSERVED_DATA,India Meteorological Department (IMD),https://mausam.imd.gov.in/,1981-2010 Normal,High
Assam,Darrang,2018,South-West Monsoon,1013.7,1114,-100.3,-9,31.5,0.1,Normal,No Flood,OBSERVED_DATA,India Meteorological Department (IMD),https://mausam.imd.gov.in/,1981-2010 Normal,High
Assam,Darrang,2019,South-West Monsoon,1192.0,1114,78.0,7,31.5,0.1,Normal,No Flood,OBSERVED_DATA,India Meteorological Department (IMD),https://mausam.imd.gov.in/,1981-2010 Normal,High
Assam,Darrang,2020,South-West Monsoon,1370.2,1114,256.2,23.0,31.5,-0.3,Excess Rainfall,No Flood,OBSERVED_DATA,India Meteorological Department (IMD),https://mausam.imd.gov.in/,1981-2010 Normal,High
Assam,Darrang,2021,South-West Monsoon,1370.2,1114,256.2,23.0,31.5,-0.3,Excess Rainfall,No Flood,OBSERVED_DATA,India Meteorological Department (IMD),https://mausam.imd.gov.in/,1981-2010 Normal,High
Assam,Darrang,2022,South-West Monsoon,1125.1,1114,11.1,1,31.5,0.1,Normal,No Flood,OBSERVED_DATA,India Meteorological Department (IMD),https://mausam.imd.gov.in/,1981-2010 Normal,High
Assam,Darrang,2023,South-West Monsoon,835.5,1114,-278.5,-25.0,31.5,0.8,Moderate Drought,No Flood,OBSERVED_DATA,India Meteorological Department (IMD),https://mausam.imd.gov.in/,1981-2010 Normal,High
Assam,Dhubri,2018,South-West Monsoon,1106.2,1074,32.2,3,30.5,0.1,Normal,No Flood,OBSERVED_DATA,India Meteorological Department (IMD),https://mausam.imd.gov.in/,1981-2010 Normal,High
Assam,Dhubri,2019,South-West Monsoon,1074.0,1074,0.0,0,30.5,0.1,Normal,No Flood,OBSERVED_DATA,India Meteorological Department (IMD),https://mausam.imd.gov.in/,1981-2010 Normal,High
Assam,Dhubri,2020,South-West Monsoon,1278.1,1074,204.1,19.0,30.5,-0.3,Normal,No Flood,OBSERVED_DATA,India Meteorological Department (IMD),https://mausam.imd.gov.in/,1981-2010 Normal,High
Assam,Dhubri,2021,South-West Monsoon,1278.1,1074,204.1,19.0,30.5,-0.3,Normal,No Flood,OBSERVED_DATA,India Meteorological Department (IMD),https://mausam.imd.gov.in/,1981-2010 Normal,High
Assam,Dhubri,2022,South-West Monsoon,1170.7,1074,96.7,9,30.5,0.1,Normal,No Flood,OBSERVED_DATA,India Meteorological Department (IMD),https://mausam.imd.gov.in/,1981-2010 Normal,High
Assam,Dhubri,2023,South-West Monsoon,762.5,1074,-311.5,-29.0,30.5,0.8,Moderate Drought,No Flood,OBSERVED_DATA,India Meteorological Department (IMD),https://mausam.imd.gov.in/,1981-2010 Normal,High
Assam,Dibrugarh,2018,South-West Monsoon,770.8,820,-49.2,-6,27.5,0.1,Normal,No Flood,OBSERVED_DATA,India Meteorological Department (IMD),https://mausam.imd.gov.in/,1981-2010 Normal,High
Assam,Dibrugarh,2019,South-West Monsoon,885.6,820,65.6,8,27.5,0.1,Normal,No Flood,OBSERVED_DATA,India Meteorological Department (IMD),https://mausam.imd.gov.in/,1981-2010 Normal,High
Assam,Dibrugarh,2020,South-West Monsoon,1000.4,820,180.4,22.0,27.5,-0.3,Excess Rainfall,No Flood,OBSERVED_DATA,India Meteorological Department (IMD),https://mausam.imd.gov.in/,1981-2010 Normal,High
Assam,Dibrugarh,2021,South-West Monsoon,1000.4,820,180.4,22.0,27.5,-0.3,Excess Rainfall,No Flood,OBSERVED_DATA,India Meteorological Department (IMD),https://mausam.imd.gov.in/,1981-2010 Normal,High
Assam,Dibrugarh,2022,South-West Monsoon,852.8,820,32.8,4,27.5,0.1,Normal,No Flood,OBSERVED_DATA,India Meteorological Department (IMD),https://mausam.imd.gov.in/,1981-2010 Normal,High
Assam,Dibrugarh,2023,South-West Monsoon,606.8,820,-213.2,-26.0,27.5,0.8,Moderate Drought,No Flood,OBSERVED_DATA,India Meteorological Department (IMD),https://mausam.imd.gov.in/,1981-2010 Normal,High
Assam,Goalpara,2018,South-West Monsoon,636.5,670,-33.5,-5,29.5,0.1,Normal,No Flood,OBSERVED_DATA,India Meteorological Department (IMD),https://mausam.imd.gov.in/,1981-2010 Normal,High
Assam,Goalpara,2019,South-West Monsoon,670.0,670,0.0,0,29.5,0.1,Normal,No Flood,OBSERVED_DATA,India Meteorological Department (IMD),https://mausam.imd.gov.in/,1981-2010 Normal,High
Assam,Goalpara,2020,South-West Monsoon,810.7,670,140.7,21.0,29.5,-0.3,Excess Rainfall,No Flood,OBSERVED_DATA,India Meteorological Department (IMD),https://mausam.imd.gov.in/,1981-2010 Normal,High
Assam,Goalpara,2021,South-West Monsoon,810.7,670,140.7,21.0,29.5,-0.3,Excess Rainfall,No Flood,OBSERVED_DATA,India Meteorological Department (IMD),https://mausam.imd.gov.in/,1981-2010 Normal,High
Assam,Goalpara,2022,South-West Monsoon,629.8,670,-40.2,-6,29.5,0.1,Normal,No Flood,OBSERVED_DATA,India Meteorological Department (IMD),https://mausam.imd.gov.in/,1981-2010 Normal,High
Assam,Goalpara,2023,South-West Monsoon,489.1,670,-180.9,-27.0,29.5,0.8,Moderate Drought,No Flood,OBSERVED_DATA,India Meteorological Department (IMD),https://mausam.imd.gov.in/,1981-2010 Normal,High
Assam,Golaghat,2018,South-West Monsoon,648.0,600,48.0,8,26.5,0.1,Normal,No Flood,OBSERVED_DATA,India Meteorological Department (IMD),https://mausam.imd.gov.in/,1981-2010 Normal,High
Assam,Golaghat,2019,South-West Monsoon,540.0,600,-60.0,-10,26.5,0.1,Normal,No Flood,OBSERVED_DATA,India Meteorological Department (IMD),https://mausam.imd.gov.in/,1981-2010 Normal,High
Assam,Golaghat,2020,South-West Monsoon,780.0,600,180.0,30.0,26.5,-0.3,Excess Rainfall,No Flood,OBSERVED_DATA,India Meteorological Department (IMD),https://mausam.imd.gov.in/,1981-2010 Normal,High
Assam,Golaghat,2021,South-West Monsoon,780.0,600,180.0,30.0,26.5,-0.3,Excess Rainfall,No Flood,OBSERVED_DATA,India Meteorological Department (IMD),https://mausam.imd.gov.in/,1981-2010 Normal,High
Assam,Golaghat,2022,South-West Monsoon,618.0,600,18.0,3,26.5,0.1,Normal,No Flood,OBSERVED_DATA,India Meteorological Department (IMD),https://mausam.imd.gov.in/,1981-2010 Normal,High
Assam,Golaghat,2023,South-West Monsoon,492.0,600,-108.0,-18.0,26.5,0.8,Moderate Drought,No Flood,OBSERVED_DATA,India Meteorological Department (IMD),https://mausam.imd.gov.in/,1981-2010 Normal,High
Assam,Jorhat,2018,South-West Monsoon,702.8,689,13.8,2,29.5,0.1,Normal,No Flood,OBSERVED_DATA,India Meteorological Department (IMD),https://mausam.imd.gov.in/,1981-2010 Normal,High
Assam,Jorhat,2019,South-West Monsoon,709.7,689,20.7,3,29.5,0.1,Normal,No Flood,OBSERVED_DATA,India Meteorological Department (IMD),https://mausam.imd.gov.in/,1981-2010 Normal,High
Assam,Jorhat,2020,South-West Monsoon,854.4,689,165.4,24.0,29.5,-0.3,Excess Rainfall,No Flood,OBSERVED_DATA,India Meteorological Department (IMD),https://mausam.imd.gov.in/,1981-2010 Normal,High
Assam,Jorhat,2021,South-West Monsoon,854.4,689,165.4,24.0,29.5,-0.3,Excess Rainfall,No Flood,OBSERVED_DATA,India Meteorological Department (IMD),https://mausam.imd.gov.in/,1981-2010 Normal,High
Assam,Jorhat,2022,South-West Monsoon,723.5,689,34.5,5,29.5,0.1,Normal,No Flood,OBSERVED_DATA,India Meteorological Department (IMD),https://mausam.imd.gov.in/,1981-2010 Normal,High
Assam,Jorhat,2023,South-West Monsoon,523.6,689,-165.4,-24.0,29.5,0.8,Moderate Drought,No Flood,OBSERVED_DATA,India Meteorological Department (IMD),https://mausam.imd.gov.in/,1981-2010 Normal,High
Assam,Kamrup,2018,South-West Monsoon,750.7,816,-65.3,-8,27.5,0.1,Normal,No Flood,OBSERVED_DATA,India Meteorological Department (IMD),https://mausam.imd.gov.in/,1981-2010 Normal,High
Assam,Kamrup,2019,South-West Monsoon,758.9,816,-57.1,-7,27.5,0.1,Normal,No Flood,OBSERVED_DATA,India Meteorological Department (IMD),https://mausam.imd.gov.in/,1981-2010 Normal,High
Assam,Kamrup,2020,South-West Monsoon,1069.0,816,253.0,31.0,27.5,-0.3,Excess Rainfall,Severe Inundation,OBSERVED_DATA,India Meteorological Department (IMD),https://mausam.imd.gov.in/,1981-2010 Normal,High
Assam,Kamrup,2021,South-West Monsoon,1069.0,816,253.0,31.0,27.5,-0.3,Excess Rainfall,Severe Inundation,OBSERVED_DATA,India Meteorological Department (IMD),https://mausam.imd.gov.in/,1981-2010 Normal,High
Assam,Kamrup,2022,South-West Monsoon,807.8,816,-8.2,-1,27.5,0.1,Normal,No Flood,OBSERVED_DATA,India Meteorological Department (IMD),https://mausam.imd.gov.in/,1981-2010 Normal,High
Assam,Kamrup,2023,South-West Monsoon,677.3,816,-138.7,-17.0,27.5,0.8,Moderate Drought,No Flood,OBSERVED_DATA,India Meteorological Department (IMD),https://mausam.imd.gov.in/,1981-2010 Normal,High
Assam,Kamrup Metropolitan,2018,South-West Monsoon,854.9,830,24.9,3,30.5,0.1,Normal,No Flood,OBSERVED_DATA,India Meteorological Department (IMD),https://mausam.imd.gov.in/,1981-2010 Normal,High
Assam,Kamrup Metropolitan,2019,South-West Monsoon,863.2,830,33.2,4,30.5,0.1,Normal,No Flood,OBSERVED_DATA,India Meteorological Department (IMD),https://mausam.imd.gov.in/,1981-2010 Normal,High
Assam,Kamrup Metropolitan,2020,South-West Monsoon,987.7,830,157.7,19.0,30.5,-0.3,Normal,No Flood,OBSERVED_DATA,India Meteorological Department (IMD),https://mausam.imd.gov.in/,1981-2010 Normal,High
Assam,Kamrup Metropolitan,2021,South-West Monsoon,987.7,830,157.7,19.0,30.5,-0.3,Normal,No Flood,OBSERVED_DATA,India Meteorological Department (IMD),https://mausam.imd.gov.in/,1981-2010 Normal,High
Assam,Kamrup Metropolitan,2022,South-West Monsoon,780.2,830,-49.8,-6,30.5,0.1,Normal,No Flood,OBSERVED_DATA,India Meteorological Department (IMD),https://mausam.imd.gov.in/,1981-2010 Normal,High
Assam,Kamrup Metropolitan,2023,South-West Monsoon,589.3,830,-240.7,-29.0,30.5,0.8,Moderate Drought,No Flood,OBSERVED_DATA,India Meteorological Department (IMD),https://mausam.imd.gov.in/,1981-2010 Normal,High
Assam,Karbi Anglong,2018,South-West Monsoon,1007.0,1060,-53.0,-5,31.5,0.1,Normal,No Flood,OBSERVED_DATA,India Meteorological Department (IMD),https://mausam.imd.gov.in/,1981-2010 Normal,High
Assam,Karbi Anglong,2019,South-West Monsoon,1091.8,1060,31.8,3,31.5,0.1,Normal,No Flood,OBSERVED_DATA,India Meteorological Department (IMD),https://mausam.imd.gov.in/,1981-2010 Normal,High
Assam,Karbi Anglong,2020,South-West Monsoon,1335.6,1060,275.6,26.0,31.5,-0.3,Excess Rainfall,No Flood,OBSERVED_DATA,India Meteorological Department (IMD),https://mausam.imd.gov.in/,1981-2010 Normal,High
Assam,Karbi Anglong,2021,South-West Monsoon,1335.6,1060,275.6,26.0,31.5,-0.3,Excess Rainfall,No Flood,OBSERVED_DATA,India Meteorological Department (IMD),https://mausam.imd.gov.in/,1981-2010 Normal,High
Assam,Karbi Anglong,2022,South-West Monsoon,1134.2,1060,74.2,7,31.5,0.1,Normal,No Flood,OBSERVED_DATA,India Meteorological Department (IMD),https://mausam.imd.gov.in/,1981-2010 Normal,High
Assam,Karbi Anglong,2023,South-West Monsoon,826.8,1060,-233.2,-22.0,31.5,0.8,Moderate Drought,No Flood,OBSERVED_DATA,India Meteorological Department (IMD),https://mausam.imd.gov.in/,1981-2010 Normal,High
Assam,Karimganj,2018,South-West Monsoon,882.7,970,-87.3,-9,28.5,0.1,Normal,No Flood,OBSERVED_DATA,India Meteorological Department (IMD),https://mausam.imd.gov.in/,1981-2010 Normal,High
Assam,Karimganj,2019,South-West Monsoon,1028.2,970,58.2,6,28.5,0.1,Normal,No Flood,OBSERVED_DATA,India Meteorological Department (IMD),https://mausam.imd.gov.in/,1981-2010 Normal,High
Assam,Karimganj,2020,South-West Monsoon,1251.3,970,281.3,29.0,28.5,-0.3,Excess Rainfall,No Flood,OBSERVED_DATA,India Meteorological Department (IMD),https://mausam.imd.gov.in/,1981-2010 Normal,High
Assam,Karimganj,2021,South-West Monsoon,1251.3,970,281.3,29.0,28.5,-0.3,Excess Rainfall,No Flood,OBSERVED_DATA,India Meteorological Department (IMD),https://mausam.imd.gov.in/,1981-2010 Normal,High
Assam,Karimganj,2022,South-West Monsoon,921.5,970,-48.5,-5,28.5,0.1,Normal,No Flood,OBSERVED_DATA,India Meteorological Department (IMD),https://mausam.imd.gov.in/,1981-2010 Normal,High
Assam,Karimganj,2023,South-West Monsoon,785.7,970,-184.3,-19.0,28.5,0.8,Moderate Drought,No Flood,OBSERVED_DATA,India Meteorological Department (IMD),https://mausam.imd.gov.in/,1981-2010 Normal,High
Assam,Kokrajhar,2018,South-West Monsoon,1452.7,1562,-109.3,-7,28.5,0.1,Normal,No Flood,OBSERVED_DATA,India Meteorological Department (IMD),https://mausam.imd.gov.in/,1981-2010 Normal,High
Assam,Kokrajhar,2019,South-West Monsoon,1468.3,1562,-93.7,-6,28.5,0.1,Normal,No Flood,OBSERVED_DATA,India Meteorological Department (IMD),https://mausam.imd.gov.in/,1981-2010 Normal,High
Assam,Kokrajhar,2020,South-West Monsoon,1968.1,1562,406.1,26.0,28.5,-0.3,Excess Rainfall,No Flood,OBSERVED_DATA,India Meteorological Department (IMD),https://mausam.imd.gov.in/,1981-2010 Normal,High
Assam,Kokrajhar,2021,South-West Monsoon,1968.1,1562,406.1,26.0,28.5,-0.3,Excess Rainfall,No Flood,OBSERVED_DATA,India Meteorological Department (IMD),https://mausam.imd.gov.in/,1981-2010 Normal,High
Assam,Kokrajhar,2022,South-West Monsoon,1515.1,1562,-46.9,-3,28.5,0.1,Normal,No Flood,OBSERVED_DATA,India Meteorological Department (IMD),https://mausam.imd.gov.in/,1981-2010 Normal,High
Assam,Kokrajhar,2023,South-West Monsoon,1218.4,1562,-343.6,-22.0,28.5,0.8,Moderate Drought,No Flood,OBSERVED_DATA,India Meteorological Department (IMD),https://mausam.imd.gov.in/,1981-2010 Normal,High
Assam,Nagaon,2018,South-West Monsoon,1210.6,1248,-37.4,-3,29.5,0.1,Normal,No Flood,OBSERVED_DATA,India Meteorological Department (IMD),https://mausam.imd.gov.in/,1981-2010 Normal,High
Assam,Nagaon,2019,South-West Monsoon,1135.7,1248,-112.3,-9,29.5,0.1,Normal,No Flood,OBSERVED_DATA,India Meteorological Department (IMD),https://mausam.imd.gov.in/,1981-2010 Normal,High
Assam,Nagaon,2020,South-West Monsoon,1510.1,1248,262.1,21.0,29.5,-0.3,Excess Rainfall,No Flood,OBSERVED_DATA,India Meteorological Department (IMD),https://mausam.imd.gov.in/,1981-2010 Normal,High
Assam,Nagaon,2021,South-West Monsoon,1510.1,1248,262.1,21.0,29.5,-0.3,Excess Rainfall,No Flood,OBSERVED_DATA,India Meteorological Department (IMD),https://mausam.imd.gov.in/,1981-2010 Normal,High
Assam,Nagaon,2022,South-West Monsoon,1273.0,1248,25.0,2,29.5,0.1,Normal,No Flood,OBSERVED_DATA,India Meteorological Department (IMD),https://mausam.imd.gov.in/,1981-2010 Normal,High
Assam,Nagaon,2023,South-West Monsoon,911.0,1248,-337.0,-27.0,29.5,0.8,Moderate Drought,No Flood,OBSERVED_DATA,India Meteorological Department (IMD),https://mausam.imd.gov.in/,1981-2010 Normal,High
Assam,Sivasagar,2018,South-West Monsoon,1146.0,1146,0.0,0,30.5,0.1,Normal,No Flood,OBSERVED_DATA,India Meteorological Department (IMD),https://mausam.imd.gov.in/,1981-2010 Normal,High
Assam,Sivasagar,2019,South-West Monsoon,1157.5,1146,11.5,1,30.5,0.1,Normal,No Flood,OBSERVED_DATA,India Meteorological Department (IMD),https://mausam.imd.gov.in/,1981-2010 Normal,High
Assam,Sivasagar,2020,South-West Monsoon,1363.7,1146,217.7,19.0,30.5,-0.3,Normal,No Flood,OBSERVED_DATA,India Meteorological Department (IMD),https://mausam.imd.gov.in/,1981-2010 Normal,High
Assam,Sivasagar,2021,South-West Monsoon,1363.7,1146,217.7,19.0,30.5,-0.3,Normal,No Flood,OBSERVED_DATA,India Meteorological Department (IMD),https://mausam.imd.gov.in/,1981-2010 Normal,High
Assam,Sivasagar,2022,South-West Monsoon,1065.8,1146,-80.2,-7,30.5,0.1,Normal,No Flood,OBSERVED_DATA,India Meteorological Department (IMD),https://mausam.imd.gov.in/,1981-2010 Normal,High
Assam,Sivasagar,2023,South-West Monsoon,813.7,1146,-332.3,-29.0,30.5,0.8,Moderate Drought,No Flood,OBSERVED_DATA,India Meteorological Department (IMD),https://mausam.imd.gov.in/,1981-2010 Normal,High
Assam,Sonitpur,2018,South-West Monsoon,1001.7,919,82.7,9,28.5,0.1,Normal,No Flood,OBSERVED_DATA,India Meteorological Department (IMD),https://mausam.imd.gov.in/,1981-2010 Normal,High
Assam,Sonitpur,2019,South-West Monsoon,863.9,919,-55.1,-6,28.5,0.1,Normal,No Flood,OBSERVED_DATA,India Meteorological Department (IMD),https://mausam.imd.gov.in/,1981-2010 Normal,High
Assam,Sonitpur,2020,South-West Monsoon,1157.9,919,238.9,26.0,28.5,-0.3,Excess Rainfall,No Flood,OBSERVED_DATA,India Meteorological Department (IMD),https://mausam.imd.gov.in/,1981-2010 Normal,High
Assam,Sonitpur,2021,South-West Monsoon,1157.9,919,238.9,26.0,28.5,-0.3,Excess Rainfall,No Flood,OBSERVED_DATA,India Meteorological Department (IMD),https://mausam.imd.gov.in/,1981-2010 Normal,High
Assam,Sonitpur,2022,South-West Monsoon,955.8,919,36.8,4,28.5,0.1,Normal,No Flood,OBSERVED_DATA,India Meteorological Department (IMD),https://mausam.imd.gov.in/,1981-2010 Normal,High
Assam,Sonitpur,2023,South-West Monsoon,716.8,919,-202.2,-22.0,28.5,0.8,Moderate Drought,No Flood,OBSERVED_DATA,India Meteorological Department (IMD),https://mausam.imd.gov.in/,1981-2010 Normal,High
Assam,Tinsukia,2018,South-West Monsoon,1880.2,1725,155.2,9,31.5,0.1,Normal,No Flood,OBSERVED_DATA,India Meteorological Department (IMD),https://mausam.imd.gov.in/,1981-2010 Normal,High
Assam,Tinsukia,2019,South-West Monsoon,1776.8,1725,51.8,3,31.5,0.1,Normal,No Flood,OBSERVED_DATA,India Meteorological Department (IMD),https://mausam.imd.gov.in/,1981-2010 Normal,High
Assam,Tinsukia,2020,South-West Monsoon,2277.0,1725,552.0,32.0,31.5,-0.3,Excess Rainfall,Severe Inundation,OBSERVED_DATA,India Meteorological Department (IMD),https://mausam.imd.gov.in/,1981-2010 Normal,High
Assam,Tinsukia,2021,South-West Monsoon,2277.0,1725,552.0,32.0,31.5,-0.3,Excess Rainfall,Severe Inundation,OBSERVED_DATA,India Meteorological Department (IMD),https://mausam.imd.gov.in/,1981-2010 Normal,High
Assam,Tinsukia,2022,South-West Monsoon,1845.8,1725,120.8,7,31.5,0.1,Normal,No Flood,OBSERVED_DATA,India Meteorological Department (IMD),https://mausam.imd.gov.in/,1981-2010 Normal,High
Assam,Tinsukia,2023,South-West Monsoon,1449.0,1725,-276.0,-16.0,31.5,0.8,Moderate Drought,No Flood,OBSERVED_DATA,India Meteorological Department (IMD),https://mausam.imd.gov.in/,1981-2010 Normal,High
Bihar,Araria,2018,South-West Monsoon,1219.1,1244,-24.9,-2,27.5,0.1,Normal,No Flood,OBSERVED_DATA,India Meteorological Department (IMD),https://mausam.imd.gov.in/,1981-2010 Normal,High
Bihar,Araria,2019,South-West Monsoon,1132.0,1244,-112.0,-9,27.5,0.1,Normal,No Flood,OBSERVED_DATA,India Meteorological Department (IMD),https://mausam.imd.gov.in/,1981-2010 Normal,High
Bihar,Araria,2020,South-West Monsoon,1592.3,1244,348.3,28.0,27.5,-0.3,Excess Rainfall,No Flood,OBSERVED_DATA,India Meteorological Department (IMD),https://mausam.imd.gov.in/,1981-2010 Normal,High
Bihar,Araria,2021,South-West Monsoon,1592.3,1244,348.3,28.0,27.5,-0.3,Excess Rainfall,No Flood,OBSERVED_DATA,India Meteorological Department (IMD),https://mausam.imd.gov.in/,1981-2010 Normal,High
Bihar,Araria,2022,South-West Monsoon,1231.6,1244,-12.4,-1,27.5,0.1,Normal,No Flood,OBSERVED_DATA,India Meteorological Department (IMD),https://mausam.imd.gov.in/,1981-2010 Normal,High
Bihar,Araria,2023,South-West Monsoon,995.2,1244,-248.8,-20.0,27.5,0.8,Moderate Drought,No Flood,OBSERVED_DATA,India Meteorological Department (IMD),https://mausam.imd.gov.in/,1981-2010 Normal,High
Bihar,Aurangabad,2018,South-West Monsoon,1544.0,1499,45.0,3,31.5,0.1,Normal,No Flood,OBSERVED_DATA,India Meteorological Department (IMD),https://mausam.imd.gov.in/,1981-2010 Normal,High
Bihar,Aurangabad,2019,South-West Monsoon,1574.0,1499,75.0,5,31.5,0.1,Normal,No Flood,OBSERVED_DATA,India Meteorological Department (IMD),https://mausam.imd.gov.in/,1981-2010 Normal,High
Bihar,Aurangabad,2020,South-West Monsoon,1798.8,1499,299.8,20.0,31.5,-0.3,Excess Rainfall,No Flood,OBSERVED_DATA,India Meteorological Department (IMD),https://mausam.imd.gov.in/,1981-2010 Normal,High
Bihar,Aurangabad,2021,South-West Monsoon,1798.8,1499,299.8,20.0,31.5,-0.3,Excess Rainfall,No Flood,OBSERVED_DATA,India Meteorological Department (IMD),https://mausam.imd.gov.in/,1981-2010 Normal,High
Bihar,Aurangabad,2022,South-West Monsoon,1559.0,1499,60.0,4,31.5,0.1,Normal,No Flood,OBSERVED_DATA,India Meteorological Department (IMD),https://mausam.imd.gov.in/,1981-2010 Normal,High
Bihar,Aurangabad,2023,South-West Monsoon,1079.3,1499,-419.7,-28.0,31.5,0.8,Moderate Drought,No Flood,OBSERVED_DATA,India Meteorological Department (IMD),https://mausam.imd.gov.in/,1981-2010 Normal,High
Bihar,Banka,2018,South-West Monsoon,1410.9,1501,-90.1,-6,30.5,0.1,Normal,No Flood,OBSERVED_DATA,India Meteorological Department (IMD),https://mausam.imd.gov.in/,1981-2010 Normal,High
Bihar,Banka,2019,South-West Monsoon,1486.0,1501,-15.0,-1,30.5,0.1,Normal,No Flood,OBSERVED_DATA,India Meteorological Department (IMD),https://mausam.imd.gov.in/,1981-2010 Normal,High
Bihar,Banka,2020,South-West Monsoon,1831.2,1501,330.2,22.0,30.5,-0.3,Excess Rainfall,No Flood,OBSERVED_DATA,India Meteorological Department (IMD),https://mausam.imd.gov.in/,1981-2010 Normal,High
Bihar,Banka,2021,South-West Monsoon,1831.2,1501,330.2,22.0,30.5,-0.3,Excess Rainfall,No Flood,OBSERVED_DATA,India Meteorological Department (IMD),https://mausam.imd.gov.in/,1981-2010 Normal,High
Bihar,Banka,2022,South-West Monsoon,1501.0,1501,0.0,0,30.5,0.1,Normal,No Flood,OBSERVED_DATA,India Meteorological Department (IMD),https://mausam.imd.gov.in/,1981-2010 Normal,High
Bihar,Banka,2023,South-West Monsoon,1110.7,1501,-390.3,-26.0,30.5,0.8,Moderate Drought,No Flood,OBSERVED_DATA,India Meteorological Department (IMD),https://mausam.imd.gov.in/,1981-2010 Normal,High
Bihar,Begusarai,2018,South-West Monsoon,1071.1,1093,-21.9,-2,26.5,0.1,Normal,No Flood,OBSERVED_DATA,India Meteorological Department (IMD),https://mausam.imd.gov.in/,1981-2010 Normal,High
Bihar,Begusarai,2019,South-West Monsoon,1038.3,1093,-54.7,-5,26.5,0.1,Normal,No Flood,OBSERVED_DATA,India Meteorological Department (IMD),https://mausam.imd.gov.in/,1981-2010 Normal,High
Bihar,Begusarai,2020,South-West Monsoon,1388.1,1093,295.1,27.0,26.5,-0.3,Excess Rainfall,No Flood,OBSERVED_DATA,India Meteorological Department (IMD),https://mausam.imd.gov.in/,1981-2010 Normal,High
Bihar,Begusarai,2021,South-West Monsoon,1388.1,1093,295.1,27.0,26.5,-0.3,Excess Rainfall,No Flood,OBSERVED_DATA,India Meteorological Department (IMD),https://mausam.imd.gov.in/,1981-2010 Normal,High
Bihar,Begusarai,2022,South-West Monsoon,1038.3,1093,-54.7,-5,26.5,0.1,Normal,No Flood,OBSERVED_DATA,India Meteorological Department (IMD),https://mausam.imd.gov.in/,1981-2010 Normal,High
Bihar,Begusarai,2023,South-West Monsoon,863.5,1093,-229.5,-21.0,26.5,0.8,Moderate Drought,No Flood,OBSERVED_DATA,India Meteorological Department (IMD),https://mausam.imd.gov.in/,1981-2010 Normal,High
Bihar,Bhagalpur,2018,South-West Monsoon,776.5,844,-67.5,-8,26.5,0.1,Normal,No Flood,OBSERVED_DATA,India Meteorological Department (IMD),https://mausam.imd.gov.in/,1981-2010 Normal,High
Bihar,Bhagalpur,2019,South-West Monsoon,810.2,844,-33.8,-4,26.5,0.1,Normal,No Flood,OBSERVED_DATA,India Meteorological Department (IMD),https://mausam.imd.gov.in/,1981-2010 Normal,High
Bihar,Bhagalpur,2020,South-West Monsoon,1021.2,844,177.2,21.0,26.5,-0.3,Excess Rainfall,No Flood,OBSERVED_DATA,India Meteorological Department (IMD),https://mausam.imd.gov.in/,1981-2010 Normal,High
Bihar,Bhagalpur,2021,South-West Monsoon,1021.2,844,177.2,21.0,26.5,-0.3,Excess Rainfall,No Flood,OBSERVED_DATA,India Meteorological Department (IMD),https://mausam.imd.gov.in/,1981-2010 Normal,High
Bihar,Bhagalpur,2022,South-West Monsoon,894.6,844,50.6,6,26.5,0.1,Normal,No Flood,OBSERVED_DATA,India Meteorological Department (IMD),https://mausam.imd.gov.in/,1981-2010 Normal,High
Bihar,Bhagalpur,2023,South-West Monsoon,616.1,844,-227.9,-27.0,26.5,0.8,Moderate Drought,No Flood,OBSERVED_DATA,India Meteorological Department (IMD),https://mausam.imd.gov.in/,1981-2010 Normal,High
Bihar,Bhojpur,2018,South-West Monsoon,1128.1,1035,93.1,9,26.5,0.1,Normal,No Flood,OBSERVED_DATA,India Meteorological Department (IMD),https://mausam.imd.gov.in/,1981-2010 Normal,High
Bihar,Bhojpur,2019,South-West Monsoon,1055.7,1035,20.7,2,26.5,0.1,Normal,No Flood,OBSERVED_DATA,India Meteorological Department (IMD),https://mausam.imd.gov.in/,1981-2010 Normal,High
Bihar,Bhojpur,2020,South-West Monsoon,1221.3,1035,186.3,18.0,26.5,-0.3,Normal,No Flood,OBSERVED_DATA,India Meteorological Department (IMD),https://mausam.imd.gov.in/,1981-2010 Normal,High
Bihar,Bhojpur,2021,South-West Monsoon,1221.3,1035,186.3,18.0,26.5,-0.3,Normal,No Flood,OBSERVED_DATA,India Meteorological Department (IMD),https://mausam.imd.gov.in/,1981-2010 Normal,High
Bihar,Bhojpur,2022,South-West Monsoon,1055.7,1035,20.7,2,26.5,0.1,Normal,No Flood,OBSERVED_DATA,India Meteorological Department (IMD),https://mausam.imd.gov.in/,1981-2010 Normal,High
Bihar,Bhojpur,2023,South-West Monsoon,724.5,1035,-310.5,-30.0,26.5,0.8,Severe Drought,No Flood,OBSERVED_DATA,India Meteorological Department (IMD),https://mausam.imd.gov.in/,1981-2010 Normal,High
Bihar,Buxar,2018,South-West Monsoon,667.0,725,-58.0,-8,30.5,0.1,Normal,No Flood,OBSERVED_DATA,India Meteorological Department (IMD),https://mausam.imd.gov.in/,1981-2010 Normal,High
Bihar,Buxar,2019,South-West Monsoon,790.2,725,65.2,9,30.5,0.1,Normal,No Flood,OBSERVED_DATA,India Meteorological Department (IMD),https://mausam.imd.gov.in/,1981-2010 Normal,High
Bihar,Buxar,2020,South-West Monsoon,862.8,725,137.8,19.0,30.5,-0.3,Normal,No Flood,OBSERVED_DATA,India Meteorological Department (IMD),https://mausam.imd.gov.in/,1981-2010 Normal,High
Bihar,Buxar,2021,South-West Monsoon,862.8,725,137.8,19.0,30.5,-0.3,Normal,No Flood,OBSERVED_DATA,India Meteorological Department (IMD),https://mausam.imd.gov.in/,1981-2010 Normal,High
Bihar,Buxar,2022,South-West Monsoon,739.5,725,14.5,2,30.5,0.1,Normal,No Flood,OBSERVED_DATA,India Meteorological Department (IMD),https://mausam.imd.gov.in/,1981-2010 Normal,High
Bihar,Buxar,2023,South-West Monsoon,514.8,725,-210.2,-29.0,30.5,0.8,Moderate Drought,No Flood,OBSERVED_DATA,India Meteorological Department (IMD),https://mausam.imd.gov.in/,1981-2010 Normal,High
Bihar,Darbhanga,2018,South-West Monsoon,934.3,916,18.3,2,29.5,0.1,Normal,No Flood,OBSERVED_DATA,India Meteorological Department (IMD),https://mausam.imd.gov.in/,1981-2010 Normal,High
Bihar,Darbhanga,2019,South-West Monsoon,952.6,916,36.6,4,29.5,0.1,Normal,No Flood,OBSERVED_DATA,India Meteorological Department (IMD),https://mausam.imd.gov.in/,1981-2010 Normal,High
Bihar,Darbhanga,2020,South-West Monsoon,1190.8,916,274.8,30.0,29.5,-0.3,Excess Rainfall,No Flood,OBSERVED_DATA,India Meteorological Department (IMD),https://mausam.imd.gov.in/,1981-2010 Normal,High
Bihar,Darbhanga,2021,South-West Monsoon,1190.8,916,274.8,30.0,29.5,-0.3,Excess Rainfall,No Flood,OBSERVED_DATA,India Meteorological Department (IMD),https://mausam.imd.gov.in/,1981-2010 Normal,High
Bihar,Darbhanga,2022,South-West Monsoon,842.7,916,-73.3,-8,29.5,0.1,Normal,No Flood,OBSERVED_DATA,India Meteorological Department (IMD),https://mausam.imd.gov.in/,1981-2010 Normal,High
Bihar,Darbhanga,2023,South-West Monsoon,751.1,916,-164.9,-18.0,29.5,0.8,Moderate Drought,No Flood,OBSERVED_DATA,India Meteorological Department (IMD),https://mausam.imd.gov.in/,1981-2010 Normal,High
Bihar,Gaya,2018,South-West Monsoon,1204.2,1338,-133.8,-10,30.5,0.1,Normal,No Flood,OBSERVED_DATA,India Meteorological Department (IMD),https://mausam.imd.gov.in/,1981-2010 Normal,High
Bihar,Gaya,2019,South-West Monsoon,1445.0,1338,107.0,8,30.5,0.1,Normal,No Flood,OBSERVED_DATA,India Meteorological Department (IMD),https://mausam.imd.gov.in/,1981-2010 Normal,High
Bihar,Gaya,2020,South-West Monsoon,1672.5,1338,334.5,25.0,30.5,-0.3,Excess Rainfall,No Flood,OBSERVED_DATA,India Meteorological Department (IMD),https://mausam.imd.gov.in/,1981-2010 Normal,High
Bihar,Gaya,2021,South-West Monsoon,1672.5,1338,334.5,25.0,30.5,-0.3,Excess Rainfall,No Flood,OBSERVED_DATA,India Meteorological Department (IMD),https://mausam.imd.gov.in/,1981-2010 Normal,High
Bihar,Gaya,2022,South-West Monsoon,1338.0,1338,0.0,0,30.5,0.1,Normal,No Flood,OBSERVED_DATA,India Meteorological Department (IMD),https://mausam.imd.gov.in/,1981-2010 Normal,High
Bihar,Gaya,2023,South-West Monsoon,1030.3,1338,-307.7,-23.0,30.5,0.8,Moderate Drought,No Flood,OBSERVED_DATA,India Meteorological Department (IMD),https://mausam.imd.gov.in/,1981-2010 Normal,High
Bihar,Gopalganj,2018,South-West Monsoon,685.9,722,-36.1,-5,29.5,0.1,Normal,No Flood,OBSERVED_DATA,India Meteorological Department (IMD),https://mausam.imd.gov.in/,1981-2010 Normal,High
Bihar,Gopalganj,2019,South-West Monsoon,743.7,722,21.7,3,29.5,0.1,Normal,No Flood,OBSERVED_DATA,India Meteorological Department (IMD),https://mausam.imd.gov.in/,1981-2010 Normal,High
Bihar,Gopalganj,2020,South-West Monsoon,938.6,722,216.6,30.0,29.5,-0.3,Excess Rainfall,No Flood,OBSERVED_DATA,India Meteorological Department (IMD),https://mausam.imd.gov.in/,1981-2010 Normal,High
Bihar,Gopalganj,2021,South-West Monsoon,938.6,722,216.6,30.0,29.5,-0.3,Excess Rainfall,No Flood,OBSERVED_DATA,India Meteorological Department (IMD),https://mausam.imd.gov.in/,1981-2010 Normal,High
Bihar,Gopalganj,2022,South-West Monsoon,779.8,722,57.8,8,29.5,0.1,Normal,No Flood,OBSERVED_DATA,India Meteorological Department (IMD),https://mausam.imd.gov.in/,1981-2010 Normal,High
Bihar,Gopalganj,2023,South-West Monsoon,592.0,722,-130.0,-18.0,29.5,0.8,Moderate Drought,No Flood,OBSERVED_DATA,India Meteorological Department (IMD),https://mausam.imd.gov.in/,1981-2010 Normal,High
Bihar,Jamui,2018,South-West Monsoon,868.8,812,56.8,7,26.5,0.1,Normal,No Flood,OBSERVED_DATA,India Meteorological Department (IMD),https://mausam.imd.gov.in/,1981-2010 Normal,High
Bihar,Jamui,2019,South-West Monsoon,877.0,812,65.0,8,26.5,0.1,Normal,No Flood,OBSERVED_DATA,India Meteorological Department (IMD),https://mausam.imd.gov.in/,1981-2010 Normal,High
Bihar,Jamui,2020,South-West Monsoon,982.5,812,170.5,21.0,26.5,-0.3,Excess Rainfall,No Flood,OBSERVED_DATA,India Meteorological Department (IMD),https://mausam.imd.gov.in/,1981-2010 Normal,High
Bihar,Jamui,2021,South-West Monsoon,982.5,812,170.5,21.0,26.5,-0.3,Excess Rainfall,No Flood,OBSERVED_DATA,India Meteorological Department (IMD),https://mausam.imd.gov.in/,1981-2010 Normal,High
Bihar,Jamui,2022,South-West Monsoon,763.3,812,-48.7,-6,26.5,0.1,Normal,No Flood,OBSERVED_DATA,India Meteorological Department (IMD),https://mausam.imd.gov.in/,1981-2010 Normal,High
Bihar,Jamui,2023,South-West Monsoon,592.8,812,-219.2,-27.0,26.5,0.8,Moderate Drought,No Flood,OBSERVED_DATA,India Meteorological Department (IMD),https://mausam.imd.gov.in/,1981-2010 Normal,High
Bihar,Jehanabad,2018,South-West Monsoon,1648.9,1541,107.9,7,29.5,0.1,Normal,No Flood,OBSERVED_DATA,India Meteorological Department (IMD),https://mausam.imd.gov.in/,1981-2010 Normal,High
Bihar,Jehanabad,2019,South-West Monsoon,1541.0,1541,0.0,0,29.5,0.1,Normal,No Flood,OBSERVED_DATA,India Meteorological Department (IMD),https://mausam.imd.gov.in/,1981-2010 Normal,High
Bihar,Jehanabad,2020,South-West Monsoon,2003.3,1541,462.3,30.0,29.5,-0.3,Excess Rainfall,No Flood,OBSERVED_DATA,India Meteorological Department (IMD),https://mausam.imd.gov.in/,1981-2010 Normal,High
Bihar,Jehanabad,2021,South-West Monsoon,2003.3,1541,462.3,30.0,29.5,-0.3,Excess Rainfall,No Flood,OBSERVED_DATA,India Meteorological Department (IMD),https://mausam.imd.gov.in/,1981-2010 Normal,High
Bihar,Jehanabad,2022,South-West Monsoon,1587.2,1541,46.2,3,29.5,0.1,Normal,No Flood,OBSERVED_DATA,India Meteorological Department (IMD),https://mausam.imd.gov.in/,1981-2010 Normal,High
Bihar,Jehanabad,2023,South-West Monsoon,1263.6,1541,-277.4,-18.0,29.5,0.8,Moderate Drought,No Flood,OBSERVED_DATA,India Meteorological Department (IMD),https://mausam.imd.gov.in/,1981-2010 Normal,High
Bihar,Katihar,2018,South-West Monsoon,1401.5,1507,-105.5,-7,30.5,0.1,Normal,No Flood,OBSERVED_DATA,India Meteorological Department (IMD),https://mausam.imd.gov.in/,1981-2010 Normal,High
Bihar,Katihar,2019,South-West Monsoon,1582.4,1507,75.4,5,30.5,0.1,Normal,No Flood,OBSERVED_DATA,India Meteorological Department (IMD),https://mausam.imd.gov.in/,1981-2010 Normal,High
Bihar,Katihar,2020,South-West Monsoon,1793.3,1507,286.3,19.0,30.5,-0.3,Normal,No Flood,OBSERVED_DATA,India Meteorological Department (IMD),https://mausam.imd.gov.in/,1981-2010 Normal,High
Bihar,Katihar,2021,South-West Monsoon,1793.3,1507,286.3,19.0,30.5,-0.3,Normal,No Flood,OBSERVED_DATA,India Meteorological Department (IMD),https://mausam.imd.gov.in/,1981-2010 Normal,High
Bihar,Katihar,2022,South-West Monsoon,1627.6,1507,120.6,8,30.5,0.1,Normal,No Flood,OBSERVED_DATA,India Meteorological Department (IMD),https://mausam.imd.gov.in/,1981-2010 Normal,High
Bihar,Katihar,2023,South-West Monsoon,1070.0,1507,-437.0,-29.0,30.5,0.8,Moderate Drought,No Flood,OBSERVED_DATA,India Meteorological Department (IMD),https://mausam.imd.gov.in/,1981-2010 Normal,High
Bihar,Khagaria,2018,South-West Monsoon,1468.8,1530,-61.2,-4,26.5,0.1,Normal,No Flood,OBSERVED_DATA,India Meteorological Department (IMD),https://mausam.imd.gov.in/,1981-2010 Normal,High
Bihar,Khagaria,2019,South-West Monsoon,1591.2,1530,61.2,4,26.5,0.1,Normal,No Flood,OBSERVED_DATA,India Meteorological Department (IMD),https://mausam.imd.gov.in/,1981-2010 Normal,High
Bihar,Khagaria,2020,South-West Monsoon,1851.3,1530,321.3,21.0,26.5,-0.3,Excess Rainfall,No Flood,OBSERVED_DATA,India Meteorological Department (IMD),https://mausam.imd.gov.in/,1981-2010 Normal,High
Bihar,Khagaria,2021,South-West Monsoon,1851.3,1530,321.3,21.0,26.5,-0.3,Excess Rainfall,No Flood,OBSERVED_DATA,India Meteorological Department (IMD),https://mausam.imd.gov.in/,1981-2010 Normal,High
Bihar,Khagaria,2022,South-West Monsoon,1468.8,1530,-61.2,-4,26.5,0.1,Normal,No Flood,OBSERVED_DATA,India Meteorological Department (IMD),https://mausam.imd.gov.in/,1981-2010 Normal,High
Bihar,Khagaria,2023,South-West Monsoon,1116.9,1530,-413.1,-27.0,26.5,0.8,Moderate Drought,No Flood,OBSERVED_DATA,India Meteorological Department (IMD),https://mausam.imd.gov.in/,1981-2010 Normal,High
Bihar,KishanGanj,2018,South-West Monsoon,1078.4,1185,-106.6,-9,29.5,0.1,Normal,No Flood,OBSERVED_DATA,India Meteorological Department (IMD),https://mausam.imd.gov.in/,1981-2010 Normal,High
Bihar,KishanGanj,2019,South-West Monsoon,1161.3,1185,-23.7,-2,29.5,0.1,Normal,No Flood,OBSERVED_DATA,India Meteorological Department (IMD),https://mausam.imd.gov.in/,1981-2010 Normal,High
Bihar,KishanGanj,2020,South-West Monsoon,1469.4,1185,284.4,24.0,29.5,-0.3,Excess Rainfall,No Flood,OBSERVED_DATA,India Meteorological Department (IMD),https://mausam.imd.gov.in/,1981-2010 Normal,High
Bihar,KishanGanj,2021,South-West Monsoon,1469.4,1185,284.4,24.0,29.5,-0.3,Excess Rainfall,No Flood,OBSERVED_DATA,India Meteorological Department (IMD),https://mausam.imd.gov.in/,1981-2010 Normal,High
Bihar,KishanGanj,2022,South-West Monsoon,1078.4,1185,-106.6,-9,29.5,0.1,Normal,No Flood,OBSERVED_DATA,India Meteorological Department (IMD),https://mausam.imd.gov.in/,1981-2010 Normal,High
Bihar,KishanGanj,2023,South-West Monsoon,900.6,1185,-284.4,-24.0,29.5,0.8,Moderate Drought,No Flood,OBSERVED_DATA,India Meteorological Department (IMD),https://mausam.imd.gov.in/,1981-2010 Normal,High
Bihar,Lakhisarai,2018,South-West Monsoon,690.9,658,32.9,5,29.5,0.1,Normal,No Flood,OBSERVED_DATA,India Meteorological Department (IMD),https://mausam.imd.gov.in/,1981-2010 Normal,High
Bihar,Lakhisarai,2019,South-West Monsoon,611.9,658,-46.1,-7,29.5,0.1,Normal,No Flood,OBSERVED_DATA,India Meteorological Department (IMD),https://mausam.imd.gov.in/,1981-2010 Normal,High
Bihar,Lakhisarai,2020,South-West Monsoon,815.9,658,157.9,24.0,29.5,-0.3,Excess Rainfall,No Flood,OBSERVED_DATA,India Meteorological Department (IMD),https://mausam.imd.gov.in/,1981-2010 Normal,High
Bihar,Lakhisarai,2021,South-West Monsoon,815.9,658,157.9,24.0,29.5,-0.3,Excess Rainfall,No Flood,OBSERVED_DATA,India Meteorological Department (IMD),https://mausam.imd.gov.in/,1981-2010 Normal,High
Bihar,Lakhisarai,2022,South-West Monsoon,611.9,658,-46.1,-7,29.5,0.1,Normal,No Flood,OBSERVED_DATA,India Meteorological Department (IMD),https://mausam.imd.gov.in/,1981-2010 Normal,High
Bihar,Lakhisarai,2023,South-West Monsoon,500.1,658,-157.9,-24.0,29.5,0.8,Moderate Drought,No Flood,OBSERVED_DATA,India Meteorological Department (IMD),https://mausam.imd.gov.in/,1981-2010 Normal,High
Bihar,Madhepura,2018,South-West Monsoon,1611.6,1580,31.6,2,31.5,0.1,Normal,No Flood,OBSERVED_DATA,India Meteorological Department (IMD),https://mausam.imd.gov.in/,1981-2010 Normal,High
Bihar,Madhepura,2019,South-West Monsoon,1643.2,1580,63.2,4,31.5,0.1,Normal,No Flood,OBSERVED_DATA,India Meteorological Department (IMD),https://mausam.imd.gov.in/,1981-2010 Normal,High
Bihar,Madhepura,2020,South-West Monsoon,1990.8,1580,410.8,26.0,31.5,-0.3,Excess Rainfall,No Flood,OBSERVED_DATA,India Meteorological Department (IMD),https://mausam.imd.gov.in/,1981-2010 Normal,High
Bihar,Madhepura,2021,South-West Monsoon,1990.8,1580,410.8,26.0,31.5,-0.3,Excess Rainfall,No Flood,OBSERVED_DATA,India Meteorological Department (IMD),https://mausam.imd.gov.in/,1981-2010 Normal,High
Bihar,Madhepura,2022,South-West Monsoon,1532.6,1580,-47.4,-3,31.5,0.1,Normal,No Flood,OBSERVED_DATA,India Meteorological Department (IMD),https://mausam.imd.gov.in/,1981-2010 Normal,High
Bihar,Madhepura,2023,South-West Monsoon,1232.4,1580,-347.6,-22.0,31.5,0.8,Moderate Drought,No Flood,OBSERVED_DATA,India Meteorological Department (IMD),https://mausam.imd.gov.in/,1981-2010 Normal,High
Bihar,Madhubani,2018,South-West Monsoon,638.3,679,-40.7,-6,29.5,0.1,Normal,No Flood,OBSERVED_DATA,India Meteorological Department (IMD),https://mausam.imd.gov.in/,1981-2010 Normal,High
Bihar,Madhubani,2019,South-West Monsoon,740.1,679,61.1,9,29.5,0.1,Normal,No Flood,OBSERVED_DATA,India Meteorological Department (IMD),https://mausam.imd.gov.in/,1981-2010 Normal,High
Bihar,Madhubani,2020,South-West Monsoon,862.3,679,183.3,27.0,29.5,-0.3,Excess Rainfall,No Flood,OBSERVED_DATA,India Meteorological Department (IMD),https://mausam.imd.gov.in/,1981-2010 Normal,High
Bihar,Madhubani,2021,South-West Monsoon,862.3,679,183.3,27.0,29.5,-0.3,Excess Rainfall,No Flood,OBSERVED_DATA,India Meteorological Department (IMD),https://mausam.imd.gov.in/,1981-2010 Normal,High
Bihar,Madhubani,2022,South-West Monsoon,685.8,679,6.8,1,29.5,0.1,Normal,No Flood,OBSERVED_DATA,India Meteorological Department (IMD),https://mausam.imd.gov.in/,1981-2010 Normal,High
Bihar,Madhubani,2023,South-West Monsoon,536.4,679,-142.6,-21.0,29.5,0.8,Moderate Drought,No Flood,OBSERVED_DATA,India Meteorological Department (IMD),https://mausam.imd.gov.in/,1981-2010 Normal,High
Bihar,Munger,2018,South-West Monsoon,662.4,690,-27.6,-4,30.5,0.1,Normal,No Flood,OBSERVED_DATA,India Meteorological Department (IMD),https://mausam.imd.gov.in/,1981-2010 Normal,High
Bihar,Munger,2019,South-West Monsoon,703.8,690,13.8,2,30.5,0.1,Normal,No Flood,OBSERVED_DATA,India Meteorological Department (IMD),https://mausam.imd.gov.in/,1981-2010 Normal,High
Bihar,Munger,2020,South-West Monsoon,821.1,690,131.1,19.0,30.5,-0.3,Normal,No Flood,OBSERVED_DATA,India Meteorological Department (IMD),https://mausam.imd.gov.in/,1981-2010 Normal,High
Bihar,Munger,2021,South-West Monsoon,821.1,690,131.1,19.0,30.5,-0.3,Normal,No Flood,OBSERVED_DATA,India Meteorological Department (IMD),https://mausam.imd.gov.in/,1981-2010 Normal,High
Bihar,Munger,2022,South-West Monsoon,669.3,690,-20.7,-3,30.5,0.1,Normal,No Flood,OBSERVED_DATA,India Meteorological Department (IMD),https://mausam.imd.gov.in/,1981-2010 Normal,High
Bihar,Munger,2023,South-West Monsoon,489.9,690,-200.1,-29.0,30.5,0.8,Moderate Drought,No Flood,OBSERVED_DATA,India Meteorological Department (IMD),https://mausam.imd.gov.in/,1981-2010 Normal,High
Bihar,Muzaffarpur,2018,South-West Monsoon,883.2,920,-36.8,-4,28.5,0.1,Normal,No Flood,OBSERVED_DATA,India Meteorological Department (IMD),https://mausam.imd.gov.in/,1981-2010 Normal,High
Bihar,Muzaffarpur,2019,South-West Monsoon,966.0,920,46.0,5,28.5,0.1,Normal,No Flood,OBSERVED_DATA,India Meteorological Department (IMD),https://mausam.imd.gov.in/,1981-2010 Normal,High
Bihar,Muzaffarpur,2020,South-West Monsoon,1186.8,920,266.8,29.0,28.5,-0.3,Excess Rainfall,No Flood,OBSERVED_DATA,India Meteorological Department (IMD),https://mausam.imd.gov.in/,1981-2010 Normal,High
Bihar,Muzaffarpur,2021,South-West Monsoon,1186.8,920,266.8,29.0,28.5,-0.3,Excess Rainfall,No Flood,OBSERVED_DATA,India Meteorological Department (IMD),https://mausam.imd.gov.in/,1981-2010 Normal,High
Bihar,Muzaffarpur,2022,South-West Monsoon,947.6,920,27.6,3,28.5,0.1,Normal,No Flood,OBSERVED_DATA,India Meteorological Department (IMD),https://mausam.imd.gov.in/,1981-2010 Normal,High
Bihar,Muzaffarpur,2023,South-West Monsoon,745.2,920,-174.8,-19.0,28.5,0.8,Moderate Drought,No Flood,OBSERVED_DATA,India Meteorological Department (IMD),https://mausam.imd.gov.in/,1981-2010 Normal,High
Bihar,Nalanda,2018,South-West Monsoon,1521.5,1672,-150.5,-9,26.5,0.1,Normal,No Flood,OBSERVED_DATA,India Meteorological Department (IMD),https://mausam.imd.gov.in/,1981-2010 Normal,High
Bihar,Nalanda,2019,South-West Monsoon,1655.3,1672,-16.7,-1,26.5,0.1,Normal,No Flood,OBSERVED_DATA,India Meteorological Department (IMD),https://mausam.imd.gov.in/,1981-2010 Normal,High
Bihar,Nalanda,2020,South-West Monsoon,1973.0,1672,301.0,18.0,26.5,-0.3,Normal,No Flood,OBSERVED_DATA,India Meteorological Department (IMD),https://mausam.imd.gov.in/,1981-2010 Normal,High
Bihar,Nalanda,2021,South-West Monsoon,1973.0,1672,301.0,18.0,26.5,-0.3,Normal,No Flood,OBSERVED_DATA,India Meteorological Department (IMD),https://mausam.imd.gov.in/,1981-2010 Normal,High
Bihar,Nalanda,2022,South-West Monsoon,1705.4,1672,33.4,2,26.5,0.1,Normal,No Flood,OBSERVED_DATA,India Meteorological Department (IMD),https://mausam.imd.gov.in/,1981-2010 Normal,High
Bihar,Nalanda,2023,South-West Monsoon,1170.4,1672,-501.6,-30.0,26.5,0.8,Severe Drought,No Flood,OBSERVED_DATA,India Meteorological Department (IMD),https://mausam.imd.gov.in/,1981-2010 Normal,High
Bihar,Nawada,2018,South-West Monsoon,1040.7,1119,-78.3,-7,30.5,0.1,Normal,No Flood,OBSERVED_DATA,India Meteorological Department (IMD),https://mausam.imd.gov.in/,1981-2010 Normal,High
Bihar,Nawada,2019,South-West Monsoon,1208.5,1119,89.5,8,30.5,0.1,Normal,No Flood,OBSERVED_DATA,India Meteorological Department (IMD),https://mausam.imd.gov.in/,1981-2010 Normal,High
Bihar,Nawada,2020,South-West Monsoon,1398.8,1119,279.8,25.0,30.5,-0.3,Excess Rainfall,No Flood,OBSERVED_DATA,India Meteorological Department (IMD),https://mausam.imd.gov.in/,1981-2010 Normal,High
Bihar,Nawada,2021,South-West Monsoon,1398.8,1119,279.8,25.0,30.5,-0.3,Excess Rainfall,No Flood,OBSERVED_DATA,India Meteorological Department (IMD),https://mausam.imd.gov.in/,1981-2010 Normal,High
Bihar,Nawada,2022,South-West Monsoon,1175.0,1119,56.0,5,30.5,0.1,Normal,No Flood,OBSERVED_DATA,India Meteorological Department (IMD),https://mausam.imd.gov.in/,1981-2010 Normal,High
Bihar,Nawada,2023,South-West Monsoon,861.6,1119,-257.4,-23.0,30.5,0.8,Moderate Drought,No Flood,OBSERVED_DATA,India Meteorological Department (IMD),https://mausam.imd.gov.in/,1981-2010 Normal,High
Bihar,Pashchim Champaran,2018,South-West Monsoon,961.9,1057,-95.1,-9,28.5,0.1,Normal,No Flood,OBSERVED_DATA,India Meteorological Department (IMD),https://mausam.imd.gov.in/,1981-2010 Normal,High
Bihar,Pashchim Champaran,2019,South-West Monsoon,1120.4,1057,63.4,6,28.5,0.1,Normal,No Flood,OBSERVED_DATA,India Meteorological Department (IMD),https://mausam.imd.gov.in/,1981-2010 Normal,High
Bihar,Pashchim Champaran,2020,South-West Monsoon,1395.2,1057,338.2,32.0,28.5,-0.3,Excess Rainfall,Severe Inundation,OBSERVED_DATA,India Meteorological Department (IMD),https://mausam.imd.gov.in/,1981-2010 Normal,High
Bihar,Pashchim Champaran,2021,South-West Monsoon,1395.2,1057,338.2,32.0,28.5,-0.3,Excess Rainfall,Severe Inundation,OBSERVED_DATA,India Meteorological Department (IMD),https://mausam.imd.gov.in/,1981-2010 Normal,High
Bihar,Pashchim Champaran,2022,South-West Monsoon,1004.1,1057,-52.9,-5,28.5,0.1,Normal,No Flood,OBSERVED_DATA,India Meteorological Department (IMD),https://mausam.imd.gov.in/,1981-2010 Normal,High
Bihar,Pashchim Champaran,2023,South-West Monsoon,887.9,1057,-169.1,-16.0,28.5,0.8,Moderate Drought,No Flood,OBSERVED_DATA,India Meteorological Department (IMD),https://mausam.imd.gov.in/,1981-2010 Normal,High
Bihar,Patna,2018,South-West Monsoon,1465.7,1576,-110.3,-7,29.5,0.1,Normal,No Flood,OBSERVED_DATA,India Meteorological Department (IMD),https://mausam.imd.gov.in/,1981-2010 Normal,High
Bihar,Patna,2019,South-West Monsoon,1418.4,1576,-157.6,-10,29.5,0.1,Normal,No Flood,OBSERVED_DATA,India Meteorological Department (IMD),https://mausam.imd.gov.in/,1981-2010 Normal,High
Bihar,Patna,2020,South-West Monsoon,1954.2,1576,378.2,24.0,29.5,-0.3,Excess Rainfall,No Flood,OBSERVED_DATA,India Meteorological Department (IMD),https://mausam.imd.gov.in/,1981-2010 Normal,High
Bihar,Patna,2021,South-West Monsoon,1954.2,1576,378.2,24.0,29.5,-0.3,Excess Rainfall,No Flood,OBSERVED_DATA,India Meteorological Department (IMD),https://mausam.imd.gov.in/,1981-2010 Normal,High
Bihar,Patna,2022,South-West Monsoon,1418.4,1576,-157.6,-10,29.5,0.1,Normal,No Flood,OBSERVED_DATA,India Meteorological Department (IMD),https://mausam.imd.gov.in/,1981-2010 Normal,High
Bihar,Patna,2023,South-West Monsoon,1197.8,1576,-378.2,-24.0,29.5,0.8,Moderate Drought,No Flood,OBSERVED_DATA,India Meteorological Department (IMD),https://mausam.imd.gov.in/,1981-2010 Normal,High
Bihar,Purba Champaran,2018,South-West Monsoon,1215.2,1240,-24.8,-2,28.5,0.1,Normal,No Flood,OBSERVED_DATA,India Meteorological Department (IMD),https://mausam.imd.gov.in/,1981-2010 Normal,High
Bihar,Purba Champaran,2019,South-West Monsoon,1326.8,1240,86.8,7,28.5,0.1,Normal,No Flood,OBSERVED_DATA,India Meteorological Department (IMD),https://mausam.imd.gov.in/,1981-2010 Normal,High
Bihar,Purba Champaran,2020,South-West Monsoon,1636.8,1240,396.8,32.0,28.5,-0.3,Excess Rainfall,Severe Inundation,OBSERVED_DATA,India Meteorological Department (IMD),https://mausam.imd.gov.in/,1981-2010 Normal,High
Bihar,Purba Champaran,2021,South-West Monsoon,1636.8,1240,396.8,32.0,28.5,-0.3,Excess Rainfall,Severe Inundation,OBSERVED_DATA,India Meteorological Department (IMD),https://mausam.imd.gov.in/,1981-2010 Normal,High
Bihar,Purba Champaran,2022,South-West Monsoon,1339.2,1240,99.2,8,28.5,0.1,Normal,No Flood,OBSERVED_DATA,India Meteorological Department (IMD),https://mausam.imd.gov.in/,1981-2010 Normal,High
Bihar,Purba Champaran,2023,South-West Monsoon,1041.6,1240,-198.4,-16.0,28.5,0.8,Moderate Drought,No Flood,OBSERVED_DATA,India Meteorological Department (IMD),https://mausam.imd.gov.in/,1981-2010 Normal,High
Bihar,Purnia,2018,South-West Monsoon,727.7,791,-63.3,-8,29.5,0.1,Normal,No Flood,OBSERVED_DATA,India Meteorological Department (IMD),https://mausam.imd.gov.in/,1981-2010 Normal,High
Bihar,Purnia,2019,South-West Monsoon,743.5,791,-47.5,-6,29.5,0.1,Normal,No Flood,OBSERVED_DATA,India Meteorological Department (IMD),https://mausam.imd.gov.in/,1981-2010 Normal,High
Bihar,Purnia,2020,South-West Monsoon,957.1,791,166.1,21.0,29.5,-0.3,Excess Rainfall,No Flood,OBSERVED_DATA,India Meteorological Department (IMD),https://mausam.imd.gov.in/,1981-2010 Normal,High
Bihar,Purnia,2021,South-West Monsoon,957.1,791,166.1,21.0,29.5,-0.3,Excess Rainfall,No Flood,OBSERVED_DATA,India Meteorological Department (IMD),https://mausam.imd.gov.in/,1981-2010 Normal,High
Bihar,Purnia,2022,South-West Monsoon,735.6,791,-55.4,-7,29.5,0.1,Normal,No Flood,OBSERVED_DATA,India Meteorological Department (IMD),https://mausam.imd.gov.in/,1981-2010 Normal,High
Bihar,Purnia,2023,South-West Monsoon,577.4,791,-213.6,-27.0,29.5,0.8,Moderate Drought,No Flood,OBSERVED_DATA,India Meteorological Department (IMD),https://mausam.imd.gov.in/,1981-2010 Normal,High
Bihar,Rohtas,2018,South-West Monsoon,656.1,729,-72.9,-10,26.5,0.1,Normal,No Flood,OBSERVED_DATA,India Meteorological Department (IMD),https://mausam.imd.gov.in/,1981-2010 Normal,High
Bihar,Rohtas,2019,South-West Monsoon,765.5,729,36.5,5,26.5,0.1,Normal,No Flood,OBSERVED_DATA,India Meteorological Department (IMD),https://mausam.imd.gov.in/,1981-2010 Normal,High
Bihar,Rohtas,2020,South-West Monsoon,947.7,729,218.7,30.0,26.5,-0.3,Excess Rainfall,No Flood,OBSERVED_DATA,India Meteorological Department (IMD),https://mausam.imd.gov.in/,1981-2010 Normal,High
Bihar,Rohtas,2021,South-West Monsoon,947.7,729,218.7,30.0,26.5,-0.3,Excess Rainfall,No Flood,OBSERVED_DATA,India Meteorological Department (IMD),https://mausam.imd.gov.in/,1981-2010 Normal,High
Bihar,Rohtas,2022,South-West Monsoon,699.8,729,-29.2,-4,26.5,0.1,Normal,No Flood,OBSERVED_DATA,India Meteorological Department (IMD),https://mausam.imd.gov.in/,1981-2010 Normal,High
Bihar,Rohtas,2023,South-West Monsoon,597.8,729,-131.2,-18.0,26.5,0.8,Moderate Drought,No Flood,OBSERVED_DATA,India Meteorological Department (IMD),https://mausam.imd.gov.in/,1981-2010 Normal,High
Bihar,Saharsa,2018,South-West Monsoon,1529.5,1545,-15.5,-1,27.5,0.1,Normal,No Flood,OBSERVED_DATA,India Meteorological Department (IMD),https://mausam.imd.gov.in/,1981-2010 Normal,High
Bihar,Saharsa,2019,South-West Monsoon,1575.9,1545,30.9,2,27.5,0.1,Normal,No Flood,OBSERVED_DATA,India Meteorological Department (IMD),https://mausam.imd.gov.in/,1981-2010 Normal,High
Bihar,Saharsa,2020,South-West Monsoon,1838.6,1545,293.6,19.0,27.5,-0.3,Normal,No Flood,OBSERVED_DATA,India Meteorological Department (IMD),https://mausam.imd.gov.in/,1981-2010 Normal,High
Bihar,Saharsa,2021,South-West Monsoon,1838.6,1545,293.6,19.0,27.5,-0.3,Normal,No Flood,OBSERVED_DATA,India Meteorological Department (IMD),https://mausam.imd.gov.in/,1981-2010 Normal,High
Bihar,Saharsa,2022,South-West Monsoon,1560.5,1545,15.5,1,27.5,0.1,Normal,No Flood,OBSERVED_DATA,India Meteorological Department (IMD),https://mausam.imd.gov.in/,1981-2010 Normal,High
Bihar,Saharsa,2023,South-West Monsoon,1097.0,1545,-448.0,-29.0,27.5,0.8,Moderate Drought,No Flood,OBSERVED_DATA,India Meteorological Department (IMD),https://mausam.imd.gov.in/,1981-2010 Normal,High
Bihar,Samastipur,2018,South-West Monsoon,1208.3,1233,-24.7,-2,30.5,0.1,Normal,No Flood,OBSERVED_DATA,India Meteorological Department (IMD),https://mausam.imd.gov.in/,1981-2010 Normal,High
Bihar,Samastipur,2019,South-West Monsoon,1282.3,1233,49.3,4,30.5,0.1,Normal,No Flood,OBSERVED_DATA,India Meteorological Department (IMD),https://mausam.imd.gov.in/,1981-2010 Normal,High
Bihar,Samastipur,2020,South-West Monsoon,1541.2,1233,308.2,25.0,30.5,-0.3,Excess Rainfall,No Flood,OBSERVED_DATA,India Meteorological Department (IMD),https://mausam.imd.gov.in/,1981-2010 Normal,High
Bihar,Samastipur,2021,South-West Monsoon,1541.2,1233,308.2,25.0,30.5,-0.3,Excess Rainfall,No Flood,OBSERVED_DATA,India Meteorological Department (IMD),https://mausam.imd.gov.in/,1981-2010 Normal,High
Bihar,Samastipur,2022,South-West Monsoon,1109.7,1233,-123.3,-10,30.5,0.1,Normal,No Flood,OBSERVED_DATA,India Meteorological Department (IMD),https://mausam.imd.gov.in/,1981-2010 Normal,High
Bihar,Samastipur,2023,South-West Monsoon,949.4,1233,-283.6,-23.0,30.5,0.8,Moderate Drought,No Flood,OBSERVED_DATA,India Meteorological Department (IMD),https://mausam.imd.gov.in/,1981-2010 Normal,High
Bihar,Saran,2018,South-West Monsoon,724.0,787,-63.0,-8,26.5,0.1,Normal,No Flood,OBSERVED_DATA,India Meteorological Department (IMD),https://mausam.imd.gov.in/,1981-2010 Normal,High
Bihar,Saran,2019,South-West Monsoon,850.0,787,63.0,8,26.5,0.1,Normal,No Flood,OBSERVED_DATA,India Meteorological Department (IMD),https://mausam.imd.gov.in/,1981-2010 Normal,High
Bihar,Saran,2020,South-West Monsoon,928.7,787,141.7,18.0,26.5,-0.3,Normal,No Flood,OBSERVED_DATA,India Meteorological Department (IMD),https://mausam.imd.gov.in/,1981-2010 Normal,High
Bihar,Saran,2021,South-West Monsoon,928.7,787,141.7,18.0,26.5,-0.3,Normal,No Flood,OBSERVED_DATA,India Meteorological Department (IMD),https://mausam.imd.gov.in/,1981-2010 Normal,High
Bihar,Saran,2022,South-West Monsoon,708.3,787,-78.7,-10,26.5,0.1,Normal,No Flood,OBSERVED_DATA,India Meteorological Department (IMD),https://mausam.imd.gov.in/,1981-2010 Normal,High
Bihar,Saran,2023,South-West Monsoon,550.9,787,-236.1,-30.0,26.5,0.8,Severe Drought,No Flood,OBSERVED_DATA,India Meteorological Department (IMD),https://mausam.imd.gov.in/,1981-2010 Normal,High
Bihar,Sheikhpura,2018,South-West Monsoon,1249.0,1343,-94.0,-7,27.5,0.1,Normal,No Flood,OBSERVED_DATA,India Meteorological Department (IMD),https://mausam.imd.gov.in/,1981-2010 Normal,High
Bihar,Sheikhpura,2019,South-West Monsoon,1249.0,1343,-94.0,-7,27.5,0.1,Normal,No Flood,OBSERVED_DATA,India Meteorological Department (IMD),https://mausam.imd.gov.in/,1981-2010 Normal,High
Bihar,Sheikhpura,2020,South-West Monsoon,1638.5,1343,295.5,22.0,27.5,-0.3,Excess Rainfall,No Flood,OBSERVED_DATA,India Meteorological Department (IMD),https://mausam.imd.gov.in/,1981-2010 Normal,High
Bihar,Sheikhpura,2021,South-West Monsoon,1638.5,1343,295.5,22.0,27.5,-0.3,Excess Rainfall,No Flood,OBSERVED_DATA,India Meteorological Department (IMD),https://mausam.imd.gov.in/,1981-2010 Normal,High
Bihar,Sheikhpura,2022,South-West Monsoon,1262.4,1343,-80.6,-6,27.5,0.1,Normal,No Flood,OBSERVED_DATA,India Meteorological Department (IMD),https://mausam.imd.gov.in/,1981-2010 Normal,High
Bihar,Sheikhpura,2023,South-West Monsoon,993.8,1343,-349.2,-26.0,27.5,0.8,Moderate Drought,No Flood,OBSERVED_DATA,India Meteorological Department (IMD),https://mausam.imd.gov.in/,1981-2010 Normal,High
Bihar,Sheohar,2018,South-West Monsoon,909.5,978,-68.5,-7,28.5,0.1,Normal,No Flood,OBSERVED_DATA,India Meteorological Department (IMD),https://mausam.imd.gov.in/,1981-2010 Normal,High
Bihar,Sheohar,2019,South-West Monsoon,997.6,978,19.6,2,28.5,0.1,Normal,No Flood,OBSERVED_DATA,India Meteorological Department (IMD),https://mausam.imd.gov.in/,1981-2010 Normal,High
Bihar,Sheohar,2020,South-West Monsoon,1291.0,978,313.0,32.0,28.5,-0.3,Excess Rainfall,Severe Inundation,OBSERVED_DATA,India Meteorological Department (IMD),https://mausam.imd.gov.in/,1981-2010 Normal,High
Bihar,Sheohar,2021,South-West Monsoon,1291.0,978,313.0,32.0,28.5,-0.3,Excess Rainfall,Severe Inundation,OBSERVED_DATA,India Meteorological Department (IMD),https://mausam.imd.gov.in/,1981-2010 Normal,High
Bihar,Sheohar,2022,South-West Monsoon,1007.3,978,29.3,3,28.5,0.1,Normal,No Flood,OBSERVED_DATA,India Meteorological Department (IMD),https://mausam.imd.gov.in/,1981-2010 Normal,High
Bihar,Sheohar,2023,South-West Monsoon,821.5,978,-156.5,-16.0,28.5,0.8,Moderate Drought,No Flood,OBSERVED_DATA,India Meteorological Department (IMD),https://mausam.imd.gov.in/,1981-2010 Normal,High
Bihar,Sitamarhi,2018,South-West Monsoon,1020.4,1052,-31.6,-3,30.5,0.1,Normal,No Flood,OBSERVED_DATA,India Meteorological Department (IMD),https://mausam.imd.gov.in/,1981-2010 Normal,High
Bihar,Sitamarhi,2019,South-West Monsoon,1062.5,1052,10.5,1,30.5,0.1,Normal,No Flood,OBSERVED_DATA,India Meteorological Department (IMD),https://mausam.imd.gov.in/,1981-2010 Normal,High
Bihar,Sitamarhi,2020,South-West Monsoon,1315.0,1052,263.0,25.0,30.5,-0.3,Excess Rainfall,No Flood,OBSERVED_DATA,India Meteorological Department (IMD),https://mausam.imd.gov.in/,1981-2010 Normal,High
Bihar,Sitamarhi,2021,South-West Monsoon,1315.0,1052,263.0,25.0,30.5,-0.3,Excess Rainfall,No Flood,OBSERVED_DATA,India Meteorological Department (IMD),https://mausam.imd.gov.in/,1981-2010 Normal,High
Bihar,Sitamarhi,2022,South-West Monsoon,1125.6,1052,73.6,7,30.5,0.1,Normal,No Flood,OBSERVED_DATA,India Meteorological Department (IMD),https://mausam.imd.gov.in/,1981-2010 Normal,High
Bihar,Sitamarhi,2023,South-West Monsoon,810.0,1052,-242.0,-23.0,30.5,0.8,Moderate Drought,No Flood,OBSERVED_DATA,India Meteorological Department (IMD),https://mausam.imd.gov.in/,1981-2010 Normal,High
Bihar,Siwan,2018,South-West Monsoon,752.9,731,21.9,3,30.5,0.1,Normal,No Flood,OBSERVED_DATA,India Meteorological Department (IMD),https://mausam.imd.gov.in/,1981-2010 Normal,High
Bihar,Siwan,2019,South-West Monsoon,723.7,731,-7.3,-1,30.5,0.1,Normal,No Flood,OBSERVED_DATA,India Meteorological Department (IMD),https://mausam.imd.gov.in/,1981-2010 Normal,High
Bihar,Siwan,2020,South-West Monsoon,957.6,731,226.6,31.0,30.5,-0.3,Excess Rainfall,Severe Inundation,OBSERVED_DATA,India Meteorological Department (IMD),https://mausam.imd.gov.in/,1981-2010 Normal,High
Bihar,Siwan,2021,South-West Monsoon,957.6,731,226.6,31.0,30.5,-0.3,Excess Rainfall,Severe Inundation,OBSERVED_DATA,India Meteorological Department (IMD),https://mausam.imd.gov.in/,1981-2010 Normal,High
Bihar,Siwan,2022,South-West Monsoon,694.4,731,-36.6,-5,30.5,0.1,Normal,No Flood,OBSERVED_DATA,India Meteorological Department (IMD),https://mausam.imd.gov.in/,1981-2010 Normal,High
Bihar,Siwan,2023,South-West Monsoon,606.7,731,-124.3,-17.0,30.5,0.8,Moderate Drought,No Flood,OBSERVED_DATA,India Meteorological Department (IMD),https://mausam.imd.gov.in/,1981-2010 Normal,High
Bihar,Supaul,2018,South-West Monsoon,734.6,693,41.6,6,31.5,0.1,Normal,No Flood,OBSERVED_DATA,India Meteorological Department (IMD),https://mausam.imd.gov.in/,1981-2010 Normal,High
Bihar,Supaul,2019,South-West Monsoon,699.9,693,6.9,1,31.5,0.1,Normal,No Flood,OBSERVED_DATA,India Meteorological Department (IMD),https://mausam.imd.gov.in/,1981-2010 Normal,High
Bihar,Supaul,2020,South-West Monsoon,831.6,693,138.6,20.0,31.5,-0.3,Excess Rainfall,No Flood,OBSERVED_DATA,India Meteorological Department (IMD),https://mausam.imd.gov.in/,1981-2010 Normal,High
Bihar,Supaul,2021,South-West Monsoon,831.6,693,138.6,20.0,31.5,-0.3,Excess Rainfall,No Flood,OBSERVED_DATA,India Meteorological Department (IMD),https://mausam.imd.gov.in/,1981-2010 Normal,High
Bihar,Supaul,2022,South-West Monsoon,672.2,693,-20.8,-3,31.5,0.1,Normal,No Flood,OBSERVED_DATA,India Meteorological Department (IMD),https://mausam.imd.gov.in/,1981-2010 Normal,High
Bihar,Supaul,2023,South-West Monsoon,499.0,693,-194.0,-28.0,31.5,0.8,Moderate Drought,No Flood,OBSERVED_DATA,India Meteorological Department (IMD),https://mausam.imd.gov.in/,1981-2010 Normal,High
Bihar,Vaishali,2018,South-West Monsoon,1561.2,1577,-15.8,-1,27.5,0.1,Normal,No Flood,OBSERVED_DATA,India Meteorological Department (IMD),https://mausam.imd.gov.in/,1981-2010 Normal,High
Bihar,Vaishali,2019,South-West Monsoon,1577.0,1577,0.0,0,27.5,0.1,Normal,No Flood,OBSERVED_DATA,India Meteorological Department (IMD),https://mausam.imd.gov.in/,1981-2010 Normal,High
Bihar,Vaishali,2020,South-West Monsoon,2065.9,1577,488.9,31.0,27.5,-0.3,Excess Rainfall,Severe Inundation,OBSERVED_DATA,India Meteorological Department (IMD),https://mausam.imd.gov.in/,1981-2010 Normal,High
Bihar,Vaishali,2021,South-West Monsoon,2065.9,1577,488.9,31.0,27.5,-0.3,Excess Rainfall,Severe Inundation,OBSERVED_DATA,India Meteorological Department (IMD),https://mausam.imd.gov.in/,1981-2010 Normal,High
Bihar,Vaishali,2022,South-West Monsoon,1482.4,1577,-94.6,-6,27.5,0.1,Normal,No Flood,OBSERVED_DATA,India Meteorological Department (IMD),https://mausam.imd.gov.in/,1981-2010 Normal,High
Bihar,Vaishali,2023,South-West Monsoon,1308.9,1577,-268.1,-17.0,27.5,0.8,Moderate Drought,No Flood,OBSERVED_DATA,India Meteorological Department (IMD),https://mausam.imd.gov.in/,1981-2010 Normal,High
Chhattisgarh,Bastar,2018,South-West Monsoon,1367.1,1519,-151.9,-10,26.5,0.1,Normal,No Flood,OBSERVED_DATA,India Meteorological Department (IMD),https://mausam.imd.gov.in/,1981-2010 Normal,High
Chhattisgarh,Bastar,2019,South-West Monsoon,1397.5,1519,-121.5,-8,26.5,0.1,Normal,No Flood,OBSERVED_DATA,India Meteorological Department (IMD),https://mausam.imd.gov.in/,1981-2010 Normal,High
Chhattisgarh,Bastar,2020,South-West Monsoon,1883.6,1519,364.6,24.0,26.5,-0.3,Excess Rainfall,No Flood,OBSERVED_DATA,India Meteorological Department (IMD),https://mausam.imd.gov.in/,1981-2010 Normal,High
Chhattisgarh,Bastar,2021,South-West Monsoon,1883.6,1519,364.6,24.0,26.5,-0.3,Excess Rainfall,No Flood,OBSERVED_DATA,India Meteorological Department (IMD),https://mausam.imd.gov.in/,1981-2010 Normal,High
Chhattisgarh,Bastar,2022,South-West Monsoon,1579.8,1519,60.8,4,26.5,0.1,Normal,No Flood,OBSERVED_DATA,India Meteorological Department (IMD),https://mausam.imd.gov.in/,1981-2010 Normal,High
Chhattisgarh,Bastar,2023,South-West Monsoon,1154.4,1519,-364.6,-24.0,26.5,0.8,Moderate Drought,No Flood,OBSERVED_DATA,India Meteorological Department (IMD),https://mausam.imd.gov.in/,1981-2010 Normal,High
Chhattisgarh,Bilaspur,2018,South-West Monsoon,1073.2,1084,-10.8,-1,28.5,0.1,Normal,No Flood,OBSERVED_DATA,India Meteorological Department (IMD),https://mausam.imd.gov.in/,1981-2010 Normal,High
Chhattisgarh,Bilaspur,2019,South-West Monsoon,1029.8,1084,-54.2,-5,28.5,0.1,Normal,No Flood,OBSERVED_DATA,India Meteorological Department (IMD),https://mausam.imd.gov.in/,1981-2010 Normal,High
Chhattisgarh,Bilaspur,2020,South-West Monsoon,1300.8,1084,216.8,20.0,28.5,-0.3,Excess Rainfall,No Flood,OBSERVED_DATA,India Meteorological Department (IMD),https://mausam.imd.gov.in/,1981-2010 Normal,High
Chhattisgarh,Bilaspur,2021,South-West Monsoon,1300.8,1084,216.8,20.0,28.5,-0.3,Excess Rainfall,No Flood,OBSERVED_DATA,India Meteorological Department (IMD),https://mausam.imd.gov.in/,1981-2010 Normal,High
Chhattisgarh,Bilaspur,2022,South-West Monsoon,1073.2,1084,-10.8,-1,28.5,0.1,Normal,No Flood,OBSERVED_DATA,India Meteorological Department (IMD),https://mausam.imd.gov.in/,1981-2010 Normal,High
Chhattisgarh,Bilaspur,2023,South-West Monsoon,780.5,1084,-303.5,-28.0,28.5,0.8,Moderate Drought,No Flood,OBSERVED_DATA,India Meteorological Department (IMD),https://mausam.imd.gov.in/,1981-2010 Normal,High
Chhattisgarh,Dantewada,2018,South-West Monsoon,1173.9,1290,-116.1,-9,29.5,0.1,Normal,No Flood,OBSERVED_DATA,India Meteorological Department (IMD),https://mausam.imd.gov.in/,1981-2010 Normal,High
Chhattisgarh,Dantewada,2019,South-West Monsoon,1341.6,1290,51.6,4,29.5,0.1,Normal,No Flood,OBSERVED_DATA,India Meteorological Department (IMD),https://mausam.imd.gov.in/,1981-2010 Normal,High
Chhattisgarh,Dantewada,2020,South-West Monsoon,1599.6,1290,309.6,24.0,29.5,-0.3,Excess Rainfall,No Flood,OBSERVED_DATA,India Meteorological Department (IMD),https://mausam.imd.gov.in/,1981-2010 Normal,High
Chhattisgarh,Dantewada,2021,South-West Monsoon,1599.6,1290,309.6,24.0,29.5,-0.3,Excess Rainfall,No Flood,OBSERVED_DATA,India Meteorological Department (IMD),https://mausam.imd.gov.in/,1981-2010 Normal,High
Chhattisgarh,Dantewada,2022,South-West Monsoon,1173.9,1290,-116.1,-9,29.5,0.1,Normal,No Flood,OBSERVED_DATA,India Meteorological Department (IMD),https://mausam.imd.gov.in/,1981-2010 Normal,High
Chhattisgarh,Dantewada,2023,South-West Monsoon,980.4,1290,-309.6,-24.0,29.5,0.8,Moderate Drought,No Flood,OBSERVED_DATA,India Meteorological Department (IMD),https://mausam.imd.gov.in/,1981-2010 Normal,High
Chhattisgarh,Dhamtari,2018,South-West Monsoon,1160.2,1105,55.2,5,31.5,0.1,Normal,No Flood,OBSERVED_DATA,India Meteorological Department (IMD),https://mausam.imd.gov.in/,1981-2010 Normal,High
Chhattisgarh,Dhamtari,2019,South-West Monsoon,1005.5,1105,-99.5,-9,31.5,0.1,Normal,No Flood,OBSERVED_DATA,India Meteorological Department (IMD),https://mausam.imd.gov.in/,1981-2010 Normal,High
Chhattisgarh,Dhamtari,2020,South-West Monsoon,1392.3,1105,287.3,26.0,31.5,-0.3,Excess Rainfall,No Flood,OBSERVED_DATA,India Meteorological Department (IMD),https://mausam.imd.gov.in/,1981-2010 Normal,High
Chhattisgarh,Dhamtari,2021,South-West Monsoon,1392.3,1105,287.3,26.0,31.5,-0.3,Excess Rainfall,No Flood,OBSERVED_DATA,India Meteorological Department (IMD),https://mausam.imd.gov.in/,1981-2010 Normal,High
Chhattisgarh,Dhamtari,2022,South-West Monsoon,1027.6,1105,-77.4,-7,31.5,0.1,Normal,No Flood,OBSERVED_DATA,India Meteorological Department (IMD),https://mausam.imd.gov.in/,1981-2010 Normal,High
Chhattisgarh,Dhamtari,2023,South-West Monsoon,861.9,1105,-243.1,-22.0,31.5,0.8,Moderate Drought,No Flood,OBSERVED_DATA,India Meteorological Department (IMD),https://mausam.imd.gov.in/,1981-2010 Normal,High
Chhattisgarh,Durg,2018,South-West Monsoon,1108.3,1179,-70.7,-6,28.5,0.1,Normal,No Flood,OBSERVED_DATA,India Meteorological Department (IMD),https://mausam.imd.gov.in/,1981-2010 Normal,High
Chhattisgarh,Durg,2019,South-West Monsoon,1120.0,1179,-59.0,-5,28.5,0.1,Normal,No Flood,OBSERVED_DATA,India Meteorological Department (IMD),https://mausam.imd.gov.in/,1981-2010 Normal,High
Chhattisgarh,Durg,2020,South-West Monsoon,1520.9,1179,341.9,29.0,28.5,-0.3,Excess Rainfall,No Flood,OBSERVED_DATA,India Meteorological Department (IMD),https://mausam.imd.gov.in/,1981-2010 Normal,High
Chhattisgarh,Durg,2021,South-West Monsoon,1520.9,1179,341.9,29.0,28.5,-0.3,Excess Rainfall,No Flood,OBSERVED_DATA,India Meteorological Department (IMD),https://mausam.imd.gov.in/,1981-2010 Normal,High
Chhattisgarh,Durg,2022,South-West Monsoon,1096.5,1179,-82.5,-7,28.5,0.1,Normal,No Flood,OBSERVED_DATA,India Meteorological Department (IMD),https://mausam.imd.gov.in/,1981-2010 Normal,High
Chhattisgarh,Durg,2023,South-West Monsoon,955.0,1179,-224.0,-19.0,28.5,0.8,Moderate Drought,No Flood,OBSERVED_DATA,India Meteorological Department (IMD),https://mausam.imd.gov.in/,1981-2010 Normal,High
Chhattisgarh,Janjgir-Champa,2018,South-West Monsoon,1127.7,1253,-125.3,-10,28.5,0.1,Normal,No Flood,OBSERVED_DATA,India Meteorological Department (IMD),https://mausam.imd.gov.in/,1981-2010 Normal,High
Chhattisgarh,Janjgir-Champa,2019,South-West Monsoon,1240.5,1253,-12.5,-1,28.5,0.1,Normal,No Flood,OBSERVED_DATA,India Meteorological Department (IMD),https://mausam.imd.gov.in/,1981-2010 Normal,High
Chhattisgarh,Janjgir-Champa,2020,South-West Monsoon,1541.2,1253,288.2,23.0,28.5,-0.3,Excess Rainfall,No Flood,OBSERVED_DATA,India Meteorological Department (IMD),https://mausam.imd.gov.in/,1981-2010 Normal,High
Chhattisgarh,Janjgir-Champa,2021,South-West Monsoon,1541.2,1253,288.2,23.0,28.5,-0.3,Excess Rainfall,No Flood,OBSERVED_DATA,India Meteorological Department (IMD),https://mausam.imd.gov.in/,1981-2010 Normal,High
Chhattisgarh,Janjgir-Champa,2022,South-West Monsoon,1290.6,1253,37.6,3,28.5,0.1,Normal,No Flood,OBSERVED_DATA,India Meteorological Department (IMD),https://mausam.imd.gov.in/,1981-2010 Normal,High
Chhattisgarh,Janjgir-Champa,2023,South-West Monsoon,939.8,1253,-313.2,-25.0,28.5,0.8,Moderate Drought,No Flood,OBSERVED_DATA,India Meteorological Department (IMD),https://mausam.imd.gov.in/,1981-2010 Normal,High
Chhattisgarh,Jashpur,2018,South-West Monsoon,998.4,1040,-41.6,-4,30.5,0.1,Normal,No Flood,OBSERVED_DATA,India Meteorological Department (IMD),https://mausam.imd.gov.in/,1981-2010 Normal,High
Chhattisgarh,Jashpur,2019,South-West Monsoon,1081.6,1040,41.6,4,30.5,0.1,Normal,No Flood,OBSERVED_DATA,India Meteorological Department (IMD),https://mausam.imd.gov.in/,1981-2010 Normal,High
Chhattisgarh,Jashpur,2020,South-West Monsoon,1300.0,1040,260.0,25.0,30.5,-0.3,Excess Rainfall,No Flood,OBSERVED_DATA,India Meteorological Department (IMD),https://mausam.imd.gov.in/,1981-2010 Normal,High
Chhattisgarh,Jashpur,2021,South-West Monsoon,1300.0,1040,260.0,25.0,30.5,-0.3,Excess Rainfall,No Flood,OBSERVED_DATA,India Meteorological Department (IMD),https://mausam.imd.gov.in/,1981-2010 Normal,High
Chhattisgarh,Jashpur,2022,South-West Monsoon,1092.0,1040,52.0,5,30.5,0.1,Normal,No Flood,OBSERVED_DATA,India Meteorological Department (IMD),https://mausam.imd.gov.in/,1981-2010 Normal,High
Chhattisgarh,Jashpur,2023,South-West Monsoon,800.8,1040,-239.2,-23.0,30.5,0.8,Moderate Drought,No Flood,OBSERVED_DATA,India Meteorological Department (IMD),https://mausam.imd.gov.in/,1981-2010 Normal,High
Chhattisgarh,Kanker,2018,South-West Monsoon,1048.4,1038,10.4,1,28.5,0.1,Normal,No Flood,OBSERVED_DATA,India Meteorological Department (IMD),https://mausam.imd.gov.in/,1981-2010 Normal,High
Chhattisgarh,Kanker,2019,South-West Monsoon,965.3,1038,-72.7,-7,28.5,0.1,Normal,No Flood,OBSERVED_DATA,India Meteorological Department (IMD),https://mausam.imd.gov.in/,1981-2010 Normal,High
Chhattisgarh,Kanker,2020,South-West Monsoon,1276.7,1038,238.7,23.0,28.5,-0.3,Excess Rainfall,No Flood,OBSERVED_DATA,India Meteorological Department (IMD),https://mausam.imd.gov.in/,1981-2010 Normal,High
Chhattisgarh,Kanker,2021,South-West Monsoon,1276.7,1038,238.7,23.0,28.5,-0.3,Excess Rainfall,No Flood,OBSERVED_DATA,India Meteorological Department (IMD),https://mausam.imd.gov.in/,1981-2010 Normal,High
Chhattisgarh,Kanker,2022,South-West Monsoon,1006.9,1038,-31.1,-3,28.5,0.1,Normal,No Flood,OBSERVED_DATA,India Meteorological Department (IMD),https://mausam.imd.gov.in/,1981-2010 Normal,High
Chhattisgarh,Kanker,2023,South-West Monsoon,778.5,1038,-259.5,-25.0,28.5,0.8,Moderate Drought,No Flood,OBSERVED_DATA,India Meteorological Department (IMD),https://mausam.imd.gov.in/,1981-2010 Normal,High
Chhattisgarh,Korba,2018,South-West Monsoon,968.8,1053,-84.2,-8,29.5,0.1,Normal,No Flood,OBSERVED_DATA,India Meteorological Department (IMD),https://mausam.imd.gov.in/,1981-2010 Normal,High
Chhattisgarh,Korba,2019,South-West Monsoon,1063.5,1053,10.5,1,29.5,0.1,Normal,No Flood,OBSERVED_DATA,India Meteorological Department (IMD),https://mausam.imd.gov.in/,1981-2010 Normal,High
Chhattisgarh,Korba,2020,South-West Monsoon,1368.9,1053,315.9,30.0,29.5,-0.3,Excess Rainfall,No Flood,OBSERVED_DATA,India Meteorological Department (IMD),https://mausam.imd.gov.in/,1981-2010 Normal,High
Chhattisgarh,Korba,2021,South-West Monsoon,1368.9,1053,315.9,30.0,29.5,-0.3,Excess Rainfall,No Flood,OBSERVED_DATA,India Meteorological Department (IMD),https://mausam.imd.gov.in/,1981-2010 Normal,High
Chhattisgarh,Korba,2022,South-West Monsoon,958.2,1053,-94.8,-9,29.5,0.1,Normal,No Flood,OBSERVED_DATA,India Meteorological Department (IMD),https://mausam.imd.gov.in/,1981-2010 Normal,High
Chhattisgarh,Korba,2023,South-West Monsoon,863.5,1053,-189.5,-18.0,29.5,0.8,Moderate Drought,No Flood,OBSERVED_DATA,India Meteorological Department (IMD),https://mausam.imd.gov.in/,1981-2010 Normal,High
Chhattisgarh,Koriya,2018,South-West Monsoon,1141.2,1214,-72.8,-6,29.5,0.1,Normal,No Flood,OBSERVED_DATA,India Meteorological Department (IMD),https://mausam.imd.gov.in/,1981-2010 Normal,High
Chhattisgarh,Koriya,2019,South-West Monsoon,1201.9,1214,-12.1,-1,29.5,0.1,Normal,No Flood,OBSERVED_DATA,India Meteorological Department (IMD),https://mausam.imd.gov.in/,1981-2010 Normal,High
Chhattisgarh,Koriya,2020,South-West Monsoon,1432.5,1214,218.5,18.0,29.5,-0.3,Normal,No Flood,OBSERVED_DATA,India Meteorological Department (IMD),https://mausam.imd.gov.in/,1981-2010 Normal,High
Chhattisgarh,Koriya,2021,South-West Monsoon,1432.5,1214,218.5,18.0,29.5,-0.3,Normal,No Flood,OBSERVED_DATA,India Meteorological Department (IMD),https://mausam.imd.gov.in/,1981-2010 Normal,High
Chhattisgarh,Koriya,2022,South-West Monsoon,1214.0,1214,0.0,0,29.5,0.1,Normal,No Flood,OBSERVED_DATA,India Meteorological Department (IMD),https://mausam.imd.gov.in/,1981-2010 Normal,High
Chhattisgarh,Koriya,2023,South-West Monsoon,849.8,1214,-364.2,-30.0,29.5,0.8,Severe Drought,No Flood,OBSERVED_DATA,India Meteorological Department (IMD),https://mausam.imd.gov.in/,1981-2010 Normal,High
Chhattisgarh,Mahasamund,2018,South-West Monsoon,1112.9,1223,-110.1,-9,27.5,0.1,Normal,No Flood,OBSERVED_DATA,India Meteorological Department (IMD),https://mausam.imd.gov.in/,1981-2010 Normal,High
Chhattisgarh,Mahasamund,2019,South-West Monsoon,1333.1,1223,110.1,9,27.5,0.1,Normal,No Flood,OBSERVED_DATA,India Meteorological Department (IMD),https://mausam.imd.gov.in/,1981-2010 Normal,High
Chhattisgarh,Mahasamund,2020,South-West Monsoon,1455.4,1223,232.4,19.0,27.5,-0.3,Normal,No Flood,OBSERVED_DATA,India Meteorological Department (IMD),https://mausam.imd.gov.in/,1981-2010 Normal,High
Chhattisgarh,Mahasamund,2021,South-West Monsoon,1455.4,1223,232.4,19.0,27.5,-0.3,Normal,No Flood,OBSERVED_DATA,India Meteorological Department (IMD),https://mausam.imd.gov.in/,1981-2010 Normal,High
Chhattisgarh,Mahasamund,2022,South-West Monsoon,1100.7,1223,-122.3,-10,27.5,0.1,Normal,No Flood,OBSERVED_DATA,India Meteorological Department (IMD),https://mausam.imd.gov.in/,1981-2010 Normal,High
Chhattisgarh,Mahasamund,2023,South-West Monsoon,868.3,1223,-354.7,-29.0,27.5,0.8,Moderate Drought,No Flood,OBSERVED_DATA,India Meteorological Department (IMD),https://mausam.imd.gov.in/,1981-2010 Normal,High
Chhattisgarh,Raigarh,2018,South-West Monsoon,1147.2,1247,-99.8,-8,26.5,0.1,Normal,No Flood,OBSERVED_DATA,India Meteorological Department (IMD),https://mausam.imd.gov.in/,1981-2010 Normal,High
Chhattisgarh,Raigarh,2019,South-West Monsoon,1234.5,1247,-12.5,-1,26.5,0.1,Normal,No Flood,OBSERVED_DATA,India Meteorological Department (IMD),https://mausam.imd.gov.in/,1981-2010 Normal,High
Chhattisgarh,Raigarh,2020,South-West Monsoon,1583.7,1247,336.7,27.0,26.5,-0.3,Excess Rainfall,No Flood,OBSERVED_DATA,India Meteorological Department (IMD),https://mausam.imd.gov.in/,1981-2010 Normal,High
Chhattisgarh,Raigarh,2021,South-West Monsoon,1583.7,1247,336.7,27.0,26.5,-0.3,Excess Rainfall,No Flood,OBSERVED_DATA,India Meteorological Department (IMD),https://mausam.imd.gov.in/,1981-2010 Normal,High
Chhattisgarh,Raigarh,2022,South-West Monsoon,1197.1,1247,-49.9,-4,26.5,0.1,Normal,No Flood,OBSERVED_DATA,India Meteorological Department (IMD),https://mausam.imd.gov.in/,1981-2010 Normal,High
Chhattisgarh,Raigarh,2023,South-West Monsoon,985.1,1247,-261.9,-21.0,26.5,0.8,Moderate Drought,No Flood,OBSERVED_DATA,India Meteorological Department (IMD),https://mausam.imd.gov.in/,1981-2010 Normal,High
Chhattisgarh,Raipur,2018,South-West Monsoon,575.0,625,-50.0,-8,28.5,0.1,Normal,No Flood,OBSERVED_DATA,India Meteorological Department (IMD),https://mausam.imd.gov.in/,1981-2010 Normal,High
Chhattisgarh,Raipur,2019,South-West Monsoon,625.0,625,0.0,0,28.5,0.1,Normal,No Flood,OBSERVED_DATA,India Meteorological Department (IMD),https://mausam.imd.gov.in/,1981-2010 Normal,High
Chhattisgarh,Raipur,2020,South-West Monsoon,750.0,625,125.0,20.0,28.5,-0.3,Excess Rainfall,No Flood,OBSERVED_DATA,India Meteorological Department (IMD),https://mausam.imd.gov.in/,1981-2010 Normal,High
Chhattisgarh,Raipur,2021,South-West Monsoon,750.0,625,125.0,20.0,28.5,-0.3,Excess Rainfall,No Flood,OBSERVED_DATA,India Meteorological Department (IMD),https://mausam.imd.gov.in/,1981-2010 Normal,High
Chhattisgarh,Raipur,2022,South-West Monsoon,606.2,625,-18.8,-3,28.5,0.1,Normal,No Flood,OBSERVED_DATA,India Meteorological Department (IMD),https://mausam.imd.gov.in/,1981-2010 Normal,High
Chhattisgarh,Raipur,2023,South-West Monsoon,450.0,625,-175.0,-28.0,28.5,0.8,Moderate Drought,No Flood,OBSERVED_DATA,India Meteorological Department (IMD),https://mausam.imd.gov.in/,1981-2010 Normal,High
Chhattisgarh,Rajnandgaon,2018,South-West Monsoon,1109.6,1168,-58.4,-5,28.5,0.1,Normal,No Flood,OBSERVED_DATA,India Meteorological Department (IMD),https://mausam.imd.gov.in/,1981-2010 Normal,High
Chhattisgarh,Rajnandgaon,2019,South-West Monsoon,1109.6,1168,-58.4,-5,28.5,0.1,Normal,No Flood,OBSERVED_DATA,India Meteorological Department (IMD),https://mausam.imd.gov.in/,1981-2010 Normal,High
Chhattisgarh,Rajnandgaon,2020,South-West Monsoon,1506.7,1168,338.7,29.0,28.5,-0.3,Excess Rainfall,No Flood,OBSERVED_DATA,India Meteorological Department (IMD),https://mausam.imd.gov.in/,1981-2010 Normal,High
Chhattisgarh,Rajnandgaon,2021,South-West Monsoon,1506.7,1168,338.7,29.0,28.5,-0.3,Excess Rainfall,No Flood,OBSERVED_DATA,India Meteorological Department (IMD),https://mausam.imd.gov.in/,1981-2010 Normal,High
Chhattisgarh,Rajnandgaon,2022,South-West Monsoon,1214.7,1168,46.7,4,28.5,0.1,Normal,No Flood,OBSERVED_DATA,India Meteorological Department (IMD),https://mausam.imd.gov.in/,1981-2010 Normal,High
Chhattisgarh,Rajnandgaon,2023,South-West Monsoon,946.1,1168,-221.9,-19.0,28.5,0.8,Moderate Drought,No Flood,OBSERVED_DATA,India Meteorological Department (IMD),https://mausam.imd.gov.in/,1981-2010 Normal,High
Chhattisgarh,Surguja,2018,South-West Monsoon,1561.1,1459,102.1,7,27.5,0.1,Normal,No Flood,OBSERVED_DATA,India Meteorological Department (IMD),https://mausam.imd.gov.in/,1981-2010 Normal,High
Chhattisgarh,Surguja,2019,South-West Monsoon,1429.8,1459,-29.2,-2,27.5,0.1,Normal,No Flood,OBSERVED_DATA,India Meteorological Department (IMD),https://mausam.imd.gov.in/,1981-2010 Normal,High
Chhattisgarh,Surguja,2020,South-West Monsoon,1911.3,1459,452.3,31.0,27.5,-0.3,Excess Rainfall,Severe Inundation,OBSERVED_DATA,India Meteorological Department (IMD),https://mausam.imd.gov.in/,1981-2010 Normal,High
Chhattisgarh,Surguja,2021,South-West Monsoon,1911.3,1459,452.3,31.0,27.5,-0.3,Excess Rainfall,Severe Inundation,OBSERVED_DATA,India Meteorological Department (IMD),https://mausam.imd.gov.in/,1981-2010 Normal,High
Chhattisgarh,Surguja,2022,South-West Monsoon,1386.0,1459,-73.0,-5,27.5,0.1,Normal,No Flood,OBSERVED_DATA,India Meteorological Department (IMD),https://mausam.imd.gov.in/,1981-2010 Normal,High
Chhattisgarh,Surguja,2023,South-West Monsoon,1211.0,1459,-248.0,-17.0,27.5,0.8,Moderate Drought,No Flood,OBSERVED_DATA,India Meteorological Department (IMD),https://mausam.imd.gov.in/,1981-2010 Normal,High
Goa,North Goa,2018,South-West Monsoon,1086.8,1045,41.8,4,30.5,0.1,Normal,No Flood,OBSERVED_DATA,India Meteorological Department (IMD),https://mausam.imd.gov.in/,1981-2010 Normal,High
Goa,North Goa,2019,South-West Monsoon,940.5,1045,-104.5,-10,30.5,0.1,Normal,No Flood,OBSERVED_DATA,India Meteorological Department (IMD),https://mausam.imd.gov.in/,1981-2010 Normal,High
Goa,North Goa,2020,South-West Monsoon,1337.6,1045,292.6,28.0,30.5,-0.3,Excess Rainfall,No Flood,OBSERVED_DATA,India Meteorological Department (IMD),https://mausam.imd.gov.in/,1981-2010 Normal,High
Goa,North Goa,2021,South-West Monsoon,1337.6,1045,292.6,28.0,30.5,-0.3,Excess Rainfall,No Flood,OBSERVED_DATA,India Meteorological Department (IMD),https://mausam.imd.gov.in/,1981-2010 Normal,High
Goa,North Goa,2022,South-West Monsoon,1045.0,1045,0.0,0,30.5,0.1,Normal,No Flood,OBSERVED_DATA,India Meteorological Department (IMD),https://mausam.imd.gov.in/,1981-2010 Normal,High
Goa,North Goa,2023,South-West Monsoon,836.0,1045,-209.0,-20.0,30.5,0.8,Moderate Drought,No Flood,OBSERVED_DATA,India Meteorological Department (IMD),https://mausam.imd.gov.in/,1981-2010 Normal,High
Goa,South Goa,2018,South-West Monsoon,1071.4,992,79.4,8,27.5,0.1,Normal,No Flood,OBSERVED_DATA,India Meteorological Department (IMD),https://mausam.imd.gov.in/,1981-2010 Normal,High
Goa,South Goa,2019,South-West Monsoon,922.6,992,-69.4,-7,27.5,0.1,Normal,No Flood,OBSERVED_DATA,India Meteorological Department (IMD),https://mausam.imd.gov.in/,1981-2010 Normal,High
Goa,South Goa,2020,South-West Monsoon,1269.8,992,277.8,28.0,27.5,-0.3,Excess Rainfall,No Flood,OBSERVED_DATA,India Meteorological Department (IMD),https://mausam.imd.gov.in/,1981-2010 Normal,High
Goa,South Goa,2021,South-West Monsoon,1269.8,992,277.8,28.0,27.5,-0.3,Excess Rainfall,No Flood,OBSERVED_DATA,India Meteorological Department (IMD),https://mausam.imd.gov.in/,1981-2010 Normal,High
Goa,South Goa,2022,South-West Monsoon,1051.5,992,59.5,6,27.5,0.1,Normal,No Flood,OBSERVED_DATA,India Meteorological Department (IMD),https://mausam.imd.gov.in/,1981-2010 Normal,High
Goa,South Goa,2023,South-West Monsoon,793.6,992,-198.4,-20.0,27.5,0.8,Moderate Drought,No Flood,OBSERVED_DATA,India Meteorological Department (IMD),https://mausam.imd.gov.in/,1981-2010 Normal,High
Gujarat,Ahmedabad,2018,South-West Monsoon,729.8,802,-72.2,-9,29.5,0.1,Normal,No Flood,OBSERVED_DATA,India Meteorological Department (IMD),https://mausam.imd.gov.in/,1981-2010 Normal,High
Gujarat,Ahmedabad,2019,South-West Monsoon,737.8,802,-64.2,-8,29.5,0.1,Normal,No Flood,OBSERVED_DATA,India Meteorological Department (IMD),https://mausam.imd.gov.in/,1981-2010 Normal,High
Gujarat,Ahmedabad,2020,South-West Monsoon,970.4,802,168.4,21.0,29.5,-0.3,Excess Rainfall,No Flood,OBSERVED_DATA,India Meteorological Department (IMD),https://mausam.imd.gov.in/,1981-2010 Normal,High
Gujarat,Ahmedabad,2021,South-West Monsoon,970.4,802,168.4,21.0,29.5,-0.3,Excess Rainfall,No Flood,OBSERVED_DATA,India Meteorological Department (IMD),https://mausam.imd.gov.in/,1981-2010 Normal,High
Gujarat,Ahmedabad,2022,South-West Monsoon,761.9,802,-40.1,-5,29.5,0.1,Normal,No Flood,OBSERVED_DATA,India Meteorological Department (IMD),https://mausam.imd.gov.in/,1981-2010 Normal,High
Gujarat,Ahmedabad,2023,South-West Monsoon,585.5,802,-216.5,-27.0,29.5,0.8,Moderate Drought,No Flood,OBSERVED_DATA,India Meteorological Department (IMD),https://mausam.imd.gov.in/,1981-2010 Normal,High
Gujarat,Amreli,2018,South-West Monsoon,614.6,647,-32.4,-5,28.5,0.1,Normal,No Flood,OBSERVED_DATA,India Meteorological Department (IMD),https://mausam.imd.gov.in/,1981-2010 Normal,High
Gujarat,Amreli,2019,South-West Monsoon,614.6,647,-32.4,-5,28.5,0.1,Normal,No Flood,OBSERVED_DATA,India Meteorological Department (IMD),https://mausam.imd.gov.in/,1981-2010 Normal,High
Gujarat,Amreli,2020,South-West Monsoon,815.2,647,168.2,26.0,28.5,-0.3,Excess Rainfall,No Flood,OBSERVED_DATA,India Meteorological Department (IMD),https://mausam.imd.gov.in/,1981-2010 Normal,High
Gujarat,Amreli,2021,South-West Monsoon,815.2,647,168.2,26.0,28.5,-0.3,Excess Rainfall,No Flood,OBSERVED_DATA,India Meteorological Department (IMD),https://mausam.imd.gov.in/,1981-2010 Normal,High
Gujarat,Amreli,2022,South-West Monsoon,698.8,647,51.8,8,28.5,0.1,Normal,No Flood,OBSERVED_DATA,India Meteorological Department (IMD),https://mausam.imd.gov.in/,1981-2010 Normal,High
Gujarat,Amreli,2023,South-West Monsoon,504.7,647,-142.3,-22.0,28.5,0.8,Moderate Drought,No Flood,OBSERVED_DATA,India Meteorological Department (IMD),https://mausam.imd.gov.in/,1981-2010 Normal,High
Gujarat,Anand,2018,South-West Monsoon,983.9,911,72.9,8,31.5,0.1,Normal,No Flood,OBSERVED_DATA,India Meteorological Department (IMD),https://mausam.imd.gov.in/,1981-2010 Normal,High
Gujarat,Anand,2019,South-West Monsoon,947.4,911,36.4,4,31.5,0.1,Normal,No Flood,OBSERVED_DATA,India Meteorological Department (IMD),https://mausam.imd.gov.in/,1981-2010 Normal,High
Gujarat,Anand,2020,South-West Monsoon,1147.9,911,236.9,26.0,31.5,-0.3,Excess Rainfall,No Flood,OBSERVED_DATA,India Meteorological Department (IMD),https://mausam.imd.gov.in/,1981-2010 Normal,High
Gujarat,Anand,2021,South-West Monsoon,1147.9,911,236.9,26.0,31.5,-0.3,Excess Rainfall,No Flood,OBSERVED_DATA,India Meteorological Department (IMD),https://mausam.imd.gov.in/,1981-2010 Normal,High
Gujarat,Anand,2022,South-West Monsoon,883.7,911,-27.3,-3,31.5,0.1,Normal,No Flood,OBSERVED_DATA,India Meteorological Department (IMD),https://mausam.imd.gov.in/,1981-2010 Normal,High
Gujarat,Anand,2023,South-West Monsoon,710.6,911,-200.4,-22.0,31.5,0.8,Moderate Drought,No Flood,OBSERVED_DATA,India Meteorological Department (IMD),https://mausam.imd.gov.in/,1981-2010 Normal,High
Gujarat,Banaskantha,2018,South-West Monsoon,1658.2,1692,-33.8,-2,30.5,0.1,Normal,No Flood,OBSERVED_DATA,India Meteorological Department (IMD),https://mausam.imd.gov.in/,1981-2010 Normal,High
Gujarat,Banaskantha,2019,South-West Monsoon,1590.5,1692,-101.5,-6,30.5,0.1,Normal,No Flood,OBSERVED_DATA,India Meteorological Department (IMD),https://mausam.imd.gov.in/,1981-2010 Normal,High
Gujarat,Banaskantha,2020,South-West Monsoon,2013.5,1692,321.5,19.0,30.5,-0.3,Normal,No Flood,OBSERVED_DATA,India Meteorological Department (IMD),https://mausam.imd.gov.in/,1981-2010 Normal,High
Gujarat,Banaskantha,2021,South-West Monsoon,2013.5,1692,321.5,19.0,30.5,-0.3,Normal,No Flood,OBSERVED_DATA,India Meteorological Department (IMD),https://mausam.imd.gov.in/,1981-2010 Normal,High
Gujarat,Banaskantha,2022,South-West Monsoon,1641.2,1692,-50.8,-3,30.5,0.1,Normal,No Flood,OBSERVED_DATA,India Meteorological Department (IMD),https://mausam.imd.gov.in/,1981-2010 Normal,High
Gujarat,Banaskantha,2023,South-West Monsoon,1201.3,1692,-490.7,-29.0,30.5,0.8,Moderate Drought,No Flood,OBSERVED_DATA,India Meteorological Department (IMD),https://mausam.imd.gov.in/,1981-2010 Normal,High
Gujarat,Bharuch,2018,South-West Monsoon,1018.0,1083,-65.0,-6,29.5,0.1,Normal,No Flood,OBSERVED_DATA,India Meteorological Department (IMD),https://mausam.imd.gov.in/,1981-2010 Normal,High
Gujarat,Bharuch,2019,South-West Monsoon,974.7,1083,-108.3,-10,29.5,0.1,Normal,No Flood,OBSERVED_DATA,India Meteorological Department (IMD),https://mausam.imd.gov.in/,1981-2010 Normal,High
Gujarat,Bharuch,2020,South-West Monsoon,1277.9,1083,194.9,18.0,29.5,-0.3,Normal,No Flood,OBSERVED_DATA,India Meteorological Department (IMD),https://mausam.imd.gov.in/,1981-2010 Normal,High
Gujarat,Bharuch,2021,South-West Monsoon,1277.9,1083,194.9,18.0,29.5,-0.3,Normal,No Flood,OBSERVED_DATA,India Meteorological Department (IMD),https://mausam.imd.gov.in/,1981-2010 Normal,High
Gujarat,Bharuch,2022,South-West Monsoon,1028.8,1083,-54.2,-5,29.5,0.1,Normal,No Flood,OBSERVED_DATA,India Meteorological Department (IMD),https://mausam.imd.gov.in/,1981-2010 Normal,High
Gujarat,Bharuch,2023,South-West Monsoon,758.1,1083,-324.9,-30.0,29.5,0.8,Severe Drought,No Flood,OBSERVED_DATA,India Meteorological Department (IMD),https://mausam.imd.gov.in/,1981-2010 Normal,High
Gujarat,Bhavnagar,2018,South-West Monsoon,1449.7,1330,119.7,9,26.5,0.1,Normal,No Flood,OBSERVED_DATA,India Meteorological Department (IMD),https://mausam.imd.gov.in/,1981-2010 Normal,High
Gujarat,Bhavnagar,2019,South-West Monsoon,1250.2,1330,-79.8,-6,26.5,0.1,Normal,No Flood,OBSERVED_DATA,India Meteorological Department (IMD),https://mausam.imd.gov.in/,1981-2010 Normal,High
Gujarat,Bhavnagar,2020,South-West Monsoon,1569.4,1330,239.4,18.0,26.5,-0.3,Normal,No Flood,OBSERVED_DATA,India Meteorological Department (IMD),https://mausam.imd.gov.in/,1981-2010 Normal,High
Gujarat,Bhavnagar,2021,South-West Monsoon,1569.4,1330,239.4,18.0,26.5,-0.3,Normal,No Flood,OBSERVED_DATA,India Meteorological Department (IMD),https://mausam.imd.gov.in/,1981-2010 Normal,High
Gujarat,Bhavnagar,2022,South-West Monsoon,1409.8,1330,79.8,6,26.5,0.1,Normal,No Flood,OBSERVED_DATA,India Meteorological Department (IMD),https://mausam.imd.gov.in/,1981-2010 Normal,High
Gujarat,Bhavnagar,2023,South-West Monsoon,931.0,1330,-399.0,-30.0,26.5,0.8,Severe Drought,No Flood,OBSERVED_DATA,India Meteorological Department (IMD),https://mausam.imd.gov.in/,1981-2010 Normal,High
Gujarat,Dahod,2018,South-West Monsoon,793.1,770,23.1,3,28.5,0.1,Normal,No Flood,OBSERVED_DATA,India Meteorological Department (IMD),https://mausam.imd.gov.in/,1981-2010 Normal,High
Gujarat,Dahod,2019,South-West Monsoon,716.1,770,-53.9,-7,28.5,0.1,Normal,No Flood,OBSERVED_DATA,India Meteorological Department (IMD),https://mausam.imd.gov.in/,1981-2010 Normal,High
Gujarat,Dahod,2020,South-West Monsoon,970.2,770,200.2,26.0,28.5,-0.3,Excess Rainfall,No Flood,OBSERVED_DATA,India Meteorological Department (IMD),https://mausam.imd.gov.in/,1981-2010 Normal,High
Gujarat,Dahod,2021,South-West Monsoon,970.2,770,200.2,26.0,28.5,-0.3,Excess Rainfall,No Flood,OBSERVED_DATA,India Meteorological Department (IMD),https://mausam.imd.gov.in/,1981-2010 Normal,High
Gujarat,Dahod,2022,South-West Monsoon,762.3,770,-7.7,-1,28.5,0.1,Normal,No Flood,OBSERVED_DATA,India Meteorological Department (IMD),https://mausam.imd.gov.in/,1981-2010 Normal,High
Gujarat,Dahod,2023,South-West Monsoon,600.6,770,-169.4,-22.0,28.5,0.8,Moderate Drought,No Flood,OBSERVED_DATA,India Meteorological Department (IMD),https://mausam.imd.gov.in/,1981-2010 Normal,High
Gujarat,Gandhinagar,2018,South-West Monsoon,1614.1,1647,-32.9,-2,28.5,0.1,Normal,No Flood,OBSERVED_DATA,India Meteorological Department (IMD),https://mausam.imd.gov.in/,1981-2010 Normal,High
Gujarat,Gandhinagar,2019,South-West Monsoon,1482.3,1647,-164.7,-10,28.5,0.1,Normal,No Flood,OBSERVED_DATA,India Meteorological Department (IMD),https://mausam.imd.gov.in/,1981-2010 Normal,High
Gujarat,Gandhinagar,2020,South-West Monsoon,2124.6,1647,477.6,29.0,28.5,-0.3,Excess Rainfall,No Flood,OBSERVED_DATA,India Meteorological Department (IMD),https://mausam.imd.gov.in/,1981-2010 Normal,High
Gujarat,Gandhinagar,2021,South-West Monsoon,2124.6,1647,477.6,29.0,28.5,-0.3,Excess Rainfall,No Flood,OBSERVED_DATA,India Meteorological Department (IMD),https://mausam.imd.gov.in/,1981-2010 Normal,High
Gujarat,Gandhinagar,2022,South-West Monsoon,1762.3,1647,115.3,7,28.5,0.1,Normal,No Flood,OBSERVED_DATA,India Meteorological Department (IMD),https://mausam.imd.gov.in/,1981-2010 Normal,High
Gujarat,Gandhinagar,2023,South-West Monsoon,1334.1,1647,-312.9,-19.0,28.5,0.8,Moderate Drought,No Flood,OBSERVED_DATA,India Meteorological Department (IMD),https://mausam.imd.gov.in/,1981-2010 Normal,High
Gujarat,Jamnagar,2018,South-West Monsoon,792.6,871,-78.4,-9,30.5,0.1,Normal,No Flood,OBSERVED_DATA,India Meteorological Department (IMD),https://mausam.imd.gov.in/,1981-2010 Normal,High
Gujarat,Jamnagar,2019,South-West Monsoon,914.6,871,43.6,5,30.5,0.1,Normal,No Flood,OBSERVED_DATA,India Meteorological Department (IMD),https://mausam.imd.gov.in/,1981-2010 Normal,High
Gujarat,Jamnagar,2020,South-West Monsoon,1036.5,871,165.5,19.0,30.5,-0.3,Normal,No Flood,OBSERVED_DATA,India Meteorological Department (IMD),https://mausam.imd.gov.in/,1981-2010 Normal,High
Gujarat,Jamnagar,2021,South-West Monsoon,1036.5,871,165.5,19.0,30.5,-0.3,Normal,No Flood,OBSERVED_DATA,India Meteorological Department (IMD),https://mausam.imd.gov.in/,1981-2010 Normal,High
Gujarat,Jamnagar,2022,South-West Monsoon,862.3,871,-8.7,-1,30.5,0.1,Normal,No Flood,OBSERVED_DATA,India Meteorological Department (IMD),https://mausam.imd.gov.in/,1981-2010 Normal,High
Gujarat,Jamnagar,2023,South-West Monsoon,618.4,871,-252.6,-29.0,30.5,0.8,Moderate Drought,No Flood,OBSERVED_DATA,India Meteorological Department (IMD),https://mausam.imd.gov.in/,1981-2010 Normal,High
Gujarat,Junagadh,2018,South-West Monsoon,679.4,647,32.4,5,30.5,0.1,Normal,No Flood,OBSERVED_DATA,India Meteorological Department (IMD),https://mausam.imd.gov.in/,1981-2010 Normal,High
Gujarat,Junagadh,2019,South-West Monsoon,588.8,647,-58.2,-9,30.5,0.1,Normal,No Flood,OBSERVED_DATA,India Meteorological Department (IMD),https://mausam.imd.gov.in/,1981-2010 Normal,High
Gujarat,Junagadh,2020,South-West Monsoon,808.8,647,161.8,25.0,30.5,-0.3,Excess Rainfall,No Flood,OBSERVED_DATA,India Meteorological Department (IMD),https://mausam.imd.gov.in/,1981-2010 Normal,High
Gujarat,Junagadh,2021,South-West Monsoon,808.8,647,161.8,25.0,30.5,-0.3,Excess Rainfall,No Flood,OBSERVED_DATA,India Meteorological Department (IMD),https://mausam.imd.gov.in/,1981-2010 Normal,High
Gujarat,Junagadh,2022,South-West Monsoon,588.8,647,-58.2,-9,30.5,0.1,Normal,No Flood,OBSERVED_DATA,India Meteorological Department (IMD),https://mausam.imd.gov.in/,1981-2010 Normal,High
Gujarat,Junagadh,2023,South-West Monsoon,498.2,647,-148.8,-23.0,30.5,0.8,Moderate Drought,No Flood,OBSERVED_DATA,India Meteorological Department (IMD),https://mausam.imd.gov.in/,1981-2010 Normal,High
Gujarat,Kheda,2018,South-West Monsoon,609.1,648,-38.9,-6,29.5,0.1,Normal,No Flood,OBSERVED_DATA,India Meteorological Department (IMD),https://mausam.imd.gov.in/,1981-2010 Normal,High
Gujarat,Kheda,2019,South-West Monsoon,706.3,648,58.3,9,29.5,0.1,Normal,No Flood,OBSERVED_DATA,India Meteorological Department (IMD),https://mausam.imd.gov.in/,1981-2010 Normal,High
Gujarat,Kheda,2020,South-West Monsoon,842.4,648,194.4,30.0,29.5,-0.3,Excess Rainfall,No Flood,OBSERVED_DATA,India Meteorological Department (IMD),https://mausam.imd.gov.in/,1981-2010 Normal,High
Gujarat,Kheda,2021,South-West Monsoon,842.4,648,194.4,30.0,29.5,-0.3,Excess Rainfall,No Flood,OBSERVED_DATA,India Meteorological Department (IMD),https://mausam.imd.gov.in/,1981-2010 Normal,High
Gujarat,Kheda,2022,South-West Monsoon,706.3,648,58.3,9,29.5,0.1,Normal,No Flood,OBSERVED_DATA,India Meteorological Department (IMD),https://mausam.imd.gov.in/,1981-2010 Normal,High
Gujarat,Kheda,2023,South-West Monsoon,531.4,648,-116.6,-18.0,29.5,0.8,Moderate Drought,No Flood,OBSERVED_DATA,India Meteorological Department (IMD),https://mausam.imd.gov.in/,1981-2010 Normal,High
Gujarat,Kutch,2018,South-West Monsoon,828.9,797,31.9,4,29.5,0.1,Normal,No Flood,OBSERVED_DATA,India Meteorological Department (IMD),https://mausam.imd.gov.in/,1981-2010 Normal,High
Gujarat,Kutch,2019,South-West Monsoon,765.1,797,-31.9,-4,29.5,0.1,Normal,No Flood,OBSERVED_DATA,India Meteorological Department (IMD),https://mausam.imd.gov.in/,1981-2010 Normal,High
Gujarat,Kutch,2020,South-West Monsoon,1036.1,797,239.1,30.0,29.5,-0.3,Excess Rainfall,No Flood,OBSERVED_DATA,India Meteorological Department (IMD),https://mausam.imd.gov.in/,1981-2010 Normal,High
Gujarat,Kutch,2021,South-West Monsoon,1036.1,797,239.1,30.0,29.5,-0.3,Excess Rainfall,No Flood,OBSERVED_DATA,India Meteorological Department (IMD),https://mausam.imd.gov.in/,1981-2010 Normal,High
Gujarat,Kutch,2022,South-West Monsoon,805.0,797,8.0,1,29.5,0.1,Normal,No Flood,OBSERVED_DATA,India Meteorological Department (IMD),https://mausam.imd.gov.in/,1981-2010 Normal,High
Gujarat,Kutch,2023,South-West Monsoon,653.5,797,-143.5,-18.0,29.5,0.8,Moderate Drought,No Flood,OBSERVED_DATA,India Meteorological Department (IMD),https://mausam.imd.gov.in/,1981-2010 Normal,High
Gujarat,Mehsana,2018,South-West Monsoon,1395.4,1368,27.4,2,30.5,0.1,Normal,No Flood,OBSERVED_DATA,India Meteorological Department (IMD),https://mausam.imd.gov.in/,1981-2010 Normal,High
Gujarat,Mehsana,2019,South-West Monsoon,1409.0,1368,41.0,3,30.5,0.1,Normal,No Flood,OBSERVED_DATA,India Meteorological Department (IMD),https://mausam.imd.gov.in/,1981-2010 Normal,High
Gujarat,Mehsana,2020,South-West Monsoon,1710.0,1368,342.0,25.0,30.5,-0.3,Excess Rainfall,No Flood,OBSERVED_DATA,India Meteorological Department (IMD),https://mausam.imd.gov.in/,1981-2010 Normal,High
Gujarat,Mehsana,2021,South-West Monsoon,1710.0,1368,342.0,25.0,30.5,-0.3,Excess Rainfall,No Flood,OBSERVED_DATA,India Meteorological Department (IMD),https://mausam.imd.gov.in/,1981-2010 Normal,High
Gujarat,Mehsana,2022,South-West Monsoon,1463.8,1368,95.8,7,30.5,0.1,Normal,No Flood,OBSERVED_DATA,India Meteorological Department (IMD),https://mausam.imd.gov.in/,1981-2010 Normal,High
Gujarat,Mehsana,2023,South-West Monsoon,1053.4,1368,-314.6,-23.0,30.5,0.8,Moderate Drought,No Flood,OBSERVED_DATA,India Meteorological Department (IMD),https://mausam.imd.gov.in/,1981-2010 Normal,High
Gujarat,Narmada,2018,South-West Monsoon,747.9,771,-23.1,-3,27.5,0.1,Normal,No Flood,OBSERVED_DATA,India Meteorological Department (IMD),https://mausam.imd.gov.in/,1981-2010 Normal,High
Gujarat,Narmada,2019,South-West Monsoon,778.7,771,7.7,1,27.5,0.1,Normal,No Flood,OBSERVED_DATA,India Meteorological Department (IMD),https://mausam.imd.gov.in/,1981-2010 Normal,High
Gujarat,Narmada,2020,South-West Monsoon,917.5,771,146.5,19.0,27.5,-0.3,Normal,No Flood,OBSERVED_DATA,India Meteorological Department (IMD),https://mausam.imd.gov.in/,1981-2010 Normal,High
Gujarat,Narmada,2021,South-West Monsoon,917.5,771,146.5,19.0,27.5,-0.3,Normal,No Flood,OBSERVED_DATA,India Meteorological Department (IMD),https://mausam.imd.gov.in/,1981-2010 Normal,High
Gujarat,Narmada,2022,South-West Monsoon,771.0,771,0.0,0,27.5,0.1,Normal,No Flood,OBSERVED_DATA,India Meteorological Department (IMD),https://mausam.imd.gov.in/,1981-2010 Normal,High
Gujarat,Narmada,2023,South-West Monsoon,547.4,771,-223.6,-29.0,27.5,0.8,Moderate Drought,No Flood,OBSERVED_DATA,India Meteorological Department (IMD),https://mausam.imd.gov.in/,1981-2010 Normal,High
Gujarat,Navsari,2018,South-West Monsoon,1362.4,1310,52.4,4,31.5,0.1,Normal,No Flood,OBSERVED_DATA,India Meteorological Department (IMD),https://mausam.imd.gov.in/,1981-2010 Normal,High
Gujarat,Navsari,2019,South-West Monsoon,1323.1,1310,13.1,1,31.5,0.1,Normal,No Flood,OBSERVED_DATA,India Meteorological Department (IMD),https://mausam.imd.gov.in/,1981-2010 Normal,High
Gujarat,Navsari,2020,South-West Monsoon,1611.3,1310,301.3,23.0,31.5,-0.3,Excess Rainfall,No Flood,OBSERVED_DATA,India Meteorological Department (IMD),https://mausam.imd.gov.in/,1981-2010 Normal,High
Gujarat,Navsari,2021,South-West Monsoon,1611.3,1310,301.3,23.0,31.5,-0.3,Excess Rainfall,No Flood,OBSERVED_DATA,India Meteorological Department (IMD),https://mausam.imd.gov.in/,1981-2010 Normal,High
Gujarat,Navsari,2022,South-West Monsoon,1375.5,1310,65.5,5,31.5,0.1,Normal,No Flood,OBSERVED_DATA,India Meteorological Department (IMD),https://mausam.imd.gov.in/,1981-2010 Normal,High
Gujarat,Navsari,2023,South-West Monsoon,982.5,1310,-327.5,-25.0,31.5,0.8,Moderate Drought,No Flood,OBSERVED_DATA,India Meteorological Department (IMD),https://mausam.imd.gov.in/,1981-2010 Normal,High
Gujarat,Panchmahal,2018,South-West Monsoon,1653.5,1531,122.5,8,27.5,0.1,Normal,No Flood,OBSERVED_DATA,India Meteorological Department (IMD),https://mausam.imd.gov.in/,1981-2010 Normal,High
Gujarat,Panchmahal,2019,South-West Monsoon,1423.8,1531,-107.2,-7,27.5,0.1,Normal,No Flood,OBSERVED_DATA,India Meteorological Department (IMD),https://mausam.imd.gov.in/,1981-2010 Normal,High
Gujarat,Panchmahal,2020,South-West Monsoon,2005.6,1531,474.6,31.0,27.5,-0.3,Excess Rainfall,Severe Inundation,OBSERVED_DATA,India Meteorological Department (IMD),https://mausam.imd.gov.in/,1981-2010 Normal,High
Gujarat,Panchmahal,2021,South-West Monsoon,2005.6,1531,474.6,31.0,27.5,-0.3,Excess Rainfall,Severe Inundation,OBSERVED_DATA,India Meteorological Department (IMD),https://mausam.imd.gov.in/,1981-2010 Normal,High
Gujarat,Panchmahal,2022,South-West Monsoon,1500.4,1531,-30.6,-2,27.5,0.1,Normal,No Flood,OBSERVED_DATA,India Meteorological Department (IMD),https://mausam.imd.gov.in/,1981-2010 Normal,High
Gujarat,Panchmahal,2023,South-West Monsoon,1270.7,1531,-260.3,-17.0,27.5,0.8,Moderate Drought,No Flood,OBSERVED_DATA,India Meteorological Department (IMD),https://mausam.imd.gov.in/,1981-2010 Normal,High
Gujarat,Patan,2018,South-West Monsoon,1414.5,1521,-106.5,-7,29.5,0.1,Normal,No Flood,OBSERVED_DATA,India Meteorological Department (IMD),https://mausam.imd.gov.in/,1981-2010 Normal,High
Gujarat,Patan,2019,South-West Monsoon,1505.8,1521,-15.2,-1,29.5,0.1,Normal,No Flood,OBSERVED_DATA,India Meteorological Department (IMD),https://mausam.imd.gov.in/,1981-2010 Normal,High
Gujarat,Patan,2020,South-West Monsoon,1794.8,1521,273.8,18.0,29.5,-0.3,Normal,No Flood,OBSERVED_DATA,India Meteorological Department (IMD),https://mausam.imd.gov.in/,1981-2010 Normal,High
Gujarat,Patan,2021,South-West Monsoon,1794.8,1521,273.8,18.0,29.5,-0.3,Normal,No Flood,OBSERVED_DATA,India Meteorological Department (IMD),https://mausam.imd.gov.in/,1981-2010 Normal,High
Gujarat,Patan,2022,South-West Monsoon,1642.7,1521,121.7,8,29.5,0.1,Normal,No Flood,OBSERVED_DATA,India Meteorological Department (IMD),https://mausam.imd.gov.in/,1981-2010 Normal,High
Gujarat,Patan,2023,South-West Monsoon,1064.7,1521,-456.3,-30.0,29.5,0.8,Severe Drought,No Flood,OBSERVED_DATA,India Meteorological Department (IMD),https://mausam.imd.gov.in/,1981-2010 Normal,High
Gujarat,Porbandar,2018,South-West Monsoon,1531.7,1445,86.7,6,26.5,0.1,Normal,No Flood,OBSERVED_DATA,India Meteorological Department (IMD),https://mausam.imd.gov.in/,1981-2010 Normal,High
Gujarat,Porbandar,2019,South-West Monsoon,1502.8,1445,57.8,4,26.5,0.1,Normal,No Flood,OBSERVED_DATA,India Meteorological Department (IMD),https://mausam.imd.gov.in/,1981-2010 Normal,High
Gujarat,Porbandar,2020,South-West Monsoon,1835.2,1445,390.2,27.0,26.5,-0.3,Excess Rainfall,No Flood,OBSERVED_DATA,India Meteorological Department (IMD),https://mausam.imd.gov.in/,1981-2010 Normal,High
Gujarat,Porbandar,2021,South-West Monsoon,1835.2,1445,390.2,27.0,26.5,-0.3,Excess Rainfall,No Flood,OBSERVED_DATA,India Meteorological Department (IMD),https://mausam.imd.gov.in/,1981-2010 Normal,High
Gujarat,Porbandar,2022,South-West Monsoon,1488.4,1445,43.4,3,26.5,0.1,Normal,No Flood,OBSERVED_DATA,India Meteorological Department (IMD),https://mausam.imd.gov.in/,1981-2010 Normal,High
Gujarat,Porbandar,2023,South-West Monsoon,1141.6,1445,-303.4,-21.0,26.5,0.8,Moderate Drought,No Flood,OBSERVED_DATA,India Meteorological Department (IMD),https://mausam.imd.gov.in/,1981-2010 Normal,High
Gujarat,Rajkot,2018,South-West Monsoon,1009.0,1051,-42.0,-4,27.5,0.1,Normal,No Flood,OBSERVED_DATA,India Meteorological Department (IMD),https://mausam.imd.gov.in/,1981-2010 Normal,High
Gujarat,Rajkot,2019,South-West Monsoon,1009.0,1051,-42.0,-4,27.5,0.1,Normal,No Flood,OBSERVED_DATA,India Meteorological Department (IMD),https://mausam.imd.gov.in/,1981-2010 Normal,High
Gujarat,Rajkot,2020,South-West Monsoon,1376.8,1051,325.8,31.0,27.5,-0.3,Excess Rainfall,Severe Inundation,OBSERVED_DATA,India Meteorological Department (IMD),https://mausam.imd.gov.in/,1981-2010 Normal,High
Gujarat,Rajkot,2021,South-West Monsoon,1376.8,1051,325.8,31.0,27.5,-0.3,Excess Rainfall,Severe Inundation,OBSERVED_DATA,India Meteorological Department (IMD),https://mausam.imd.gov.in/,1981-2010 Normal,High
Gujarat,Rajkot,2022,South-West Monsoon,1093.0,1051,42.0,4,27.5,0.1,Normal,No Flood,OBSERVED_DATA,India Meteorological Department (IMD),https://mausam.imd.gov.in/,1981-2010 Normal,High
Gujarat,Rajkot,2023,South-West Monsoon,872.3,1051,-178.7,-17.0,27.5,0.8,Moderate Drought,No Flood,OBSERVED_DATA,India Meteorological Department (IMD),https://mausam.imd.gov.in/,1981-2010 Normal,High
Gujarat,Sabarkantha,2018,South-West Monsoon,1598.0,1598,0.0,0,28.5,0.1,Normal,No Flood,OBSERVED_DATA,India Meteorological Department (IMD),https://mausam.imd.gov.in/,1981-2010 Normal,High
Gujarat,Sabarkantha,2019,South-West Monsoon,1550.1,1598,-47.9,-3,28.5,0.1,Normal,No Flood,OBSERVED_DATA,India Meteorological Department (IMD),https://mausam.imd.gov.in/,1981-2010 Normal,High
Gujarat,Sabarkantha,2020,South-West Monsoon,1917.6,1598,319.6,20.0,28.5,-0.3,Excess Rainfall,No Flood,OBSERVED_DATA,India Meteorological Department (IMD),https://mausam.imd.gov.in/,1981-2010 Normal,High
Gujarat,Sabarkantha,2021,South-West Monsoon,1917.6,1598,319.6,20.0,28.5,-0.3,Excess Rainfall,No Flood,OBSERVED_DATA,India Meteorological Department (IMD),https://mausam.imd.gov.in/,1981-2010 Normal,High
Gujarat,Sabarkantha,2022,South-West Monsoon,1566.0,1598,-32.0,-2,28.5,0.1,Normal,No Flood,OBSERVED_DATA,India Meteorological Department (IMD),https://mausam.imd.gov.in/,1981-2010 Normal,High
Gujarat,Sabarkantha,2023,South-West Monsoon,1150.6,1598,-447.4,-28.0,28.5,0.8,Moderate Drought,No Flood,OBSERVED_DATA,India Meteorological Department (IMD),https://mausam.imd.gov.in/,1981-2010 Normal,High
Gujarat,Surat,2018,South-West Monsoon,1774.4,1674,100.4,6,31.5,0.1,Normal,No Flood,OBSERVED_DATA,India Meteorological Department (IMD),https://mausam.imd.gov.in/,1981-2010 Normal,High
Gujarat,Surat,2019,South-West Monsoon,1623.8,1674,-50.2,-3,31.5,0.1,Normal,No Flood,OBSERVED_DATA,India Meteorological Department (IMD),https://mausam.imd.gov.in/,1981-2010 Normal,High
Gujarat,Surat,2020,South-West Monsoon,2059.0,1674,385.0,23.0,31.5,-0.3,Excess Rainfall,No Flood,OBSERVED_DATA,India Meteorological Department (IMD),https://mausam.imd.gov.in/,1981-2010 Normal,High
Gujarat,Surat,2021,South-West Monsoon,2059.0,1674,385.0,23.0,31.5,-0.3,Excess Rainfall,No Flood,OBSERVED_DATA,India Meteorological Department (IMD),https://mausam.imd.gov.in/,1981-2010 Normal,High
Gujarat,Surat,2022,South-West Monsoon,1573.6,1674,-100.4,-6,31.5,0.1,Normal,No Flood,OBSERVED_DATA,India Meteorological Department (IMD),https://mausam.imd.gov.in/,1981-2010 Normal,High
Gujarat,Surat,2023,South-West Monsoon,1255.5,1674,-418.5,-25.0,31.5,0.8,Moderate Drought,No Flood,OBSERVED_DATA,India Meteorological Department (IMD),https://mausam.imd.gov.in/,1981-2010 Normal,High
Gujarat,Surendranagar,2018,South-West Monsoon,1281.2,1363,-81.8,-6,27.5,0.1,Normal,No Flood,OBSERVED_DATA,India Meteorological Department (IMD),https://mausam.imd.gov.in/,1981-2010 Normal,High
Gujarat,Surendranagar,2019,South-West Monsoon,1472.0,1363,109.0,8,27.5,0.1,Normal,No Flood,OBSERVED_DATA,India Meteorological Department (IMD),https://mausam.imd.gov.in/,1981-2010 Normal,High
Gujarat,Surendranagar,2020,South-West Monsoon,1703.8,1363,340.8,25.0,27.5,-0.3,Excess Rainfall,No Flood,OBSERVED_DATA,India Meteorological Department (IMD),https://mausam.imd.gov.in/,1981-2010 Normal,High
Gujarat,Surendranagar,2021,South-West Monsoon,1703.8,1363,340.8,25.0,27.5,-0.3,Excess Rainfall,No Flood,OBSERVED_DATA,India Meteorological Department (IMD),https://mausam.imd.gov.in/,1981-2010 Normal,High
Gujarat,Surendranagar,2022,South-West Monsoon,1322.1,1363,-40.9,-3,27.5,0.1,Normal,No Flood,OBSERVED_DATA,India Meteorological Department (IMD),https://mausam.imd.gov.in/,1981-2010 Normal,High
Gujarat,Surendranagar,2023,South-West Monsoon,1049.5,1363,-313.5,-23.0,27.5,0.8,Moderate Drought,No Flood,OBSERVED_DATA,India Meteorological Department (IMD),https://mausam.imd.gov.in/,1981-2010 Normal,High
Gujarat,Tapi,2018,South-West Monsoon,732.8,788,-55.2,-7,28.5,0.1,Normal,No Flood,OBSERVED_DATA,India Meteorological Department (IMD),https://mausam.imd.gov.in/,1981-2010 Normal,High
Gujarat,Tapi,2019,South-West Monsoon,835.3,788,47.3,6,28.5,0.1,Normal,No Flood,OBSERVED_DATA,India Meteorological Department (IMD),https://mausam.imd.gov.in/,1981-2010 Normal,High
Gujarat,Tapi,2020,South-West Monsoon,945.6,788,157.6,20.0,28.5,-0.3,Excess Rainfall,No Flood,OBSERVED_DATA,India Meteorological Department (IMD),https://mausam.imd.gov.in/,1981-2010 Normal,High
Gujarat,Tapi,2021,South-West Monsoon,945.6,788,157.6,20.0,28.5,-0.3,Excess Rainfall,No Flood,OBSERVED_DATA,India Meteorological Department (IMD),https://mausam.imd.gov.in/,1981-2010 Normal,High
Gujarat,Tapi,2022,South-West Monsoon,835.3,788,47.3,6,28.5,0.1,Normal,No Flood,OBSERVED_DATA,India Meteorological Department (IMD),https://mausam.imd.gov.in/,1981-2010 Normal,High
Gujarat,Tapi,2023,South-West Monsoon,567.4,788,-220.6,-28.0,28.5,0.8,Moderate Drought,No Flood,OBSERVED_DATA,India Meteorological Department (IMD),https://mausam.imd.gov.in/,1981-2010 Normal,High
Gujarat,Vadodara,2018,South-West Monsoon,1344.2,1430,-85.8,-6,28.5,0.1,Normal,No Flood,OBSERVED_DATA,India Meteorological Department (IMD),https://mausam.imd.gov.in/,1981-2010 Normal,High
Gujarat,Vadodara,2019,South-West Monsoon,1344.2,1430,-85.8,-6,28.5,0.1,Normal,No Flood,OBSERVED_DATA,India Meteorological Department (IMD),https://mausam.imd.gov.in/,1981-2010 Normal,High
Gujarat,Vadodara,2020,South-West Monsoon,1887.6,1430,457.6,32.0,28.5,-0.3,Excess Rainfall,Severe Inundation,OBSERVED_DATA,India Meteorological Department (IMD),https://mausam.imd.gov.in/,1981-2010 Normal,High
Gujarat,Vadodara,2021,South-West Monsoon,1887.6,1430,457.6,32.0,28.5,-0.3,Excess Rainfall,Severe Inundation,OBSERVED_DATA,India Meteorological Department (IMD),https://mausam.imd.gov.in/,1981-2010 Normal,High
Gujarat,Vadodara,2022,South-West Monsoon,1372.8,1430,-57.2,-4,28.5,0.1,Normal,No Flood,OBSERVED_DATA,India Meteorological Department (IMD),https://mausam.imd.gov.in/,1981-2010 Normal,High
Gujarat,Vadodara,2023,South-West Monsoon,1201.2,1430,-228.8,-16.0,28.5,0.8,Moderate Drought,No Flood,OBSERVED_DATA,India Meteorological Department (IMD),https://mausam.imd.gov.in/,1981-2010 Normal,High
Gujarat,Valsad,2018,South-West Monsoon,815.0,815,0.0,0,27.5,0.1,Normal,No Flood,OBSERVED_DATA,India Meteorological Department (IMD),https://mausam.imd.gov.in/,1981-2010 Normal,High
Gujarat,Valsad,2019,South-West Monsoon,872.1,815,57.1,7,27.5,0.1,Normal,No Flood,OBSERVED_DATA,India Meteorological Department (IMD),https://mausam.imd.gov.in/,1981-2010 Normal,High
Gujarat,Valsad,2020,South-West Monsoon,1018.8,815,203.8,25.0,27.5,-0.3,Excess Rainfall,No Flood,OBSERVED_DATA,India Meteorological Department (IMD),https://mausam.imd.gov.in/,1981-2010 Normal,High
Gujarat,Valsad,2021,South-West Monsoon,1018.8,815,203.8,25.0,27.5,-0.3,Excess Rainfall,No Flood,OBSERVED_DATA,India Meteorological Department (IMD),https://mausam.imd.gov.in/,1981-2010 Normal,High
Gujarat,Valsad,2022,South-West Monsoon,806.8,815,-8.2,-1,27.5,0.1,Normal,No Flood,OBSERVED_DATA,India Meteorological Department (IMD),https://mausam.imd.gov.in/,1981-2010 Normal,High
Gujarat,Valsad,2023,South-West Monsoon,627.5,815,-187.5,-23.0,27.5,0.8,Moderate Drought,No Flood,OBSERVED_DATA,India Meteorological Department (IMD),https://mausam.imd.gov.in/,1981-2010 Normal,High
Haryana,Ambala,2018,South-West Monsoon,1058.4,980,78.4,8,30.5,0.1,Normal,No Flood,OBSERVED_DATA,India Meteorological Department (IMD),https://mausam.imd.gov.in/,1981-2010 Normal,High
Haryana,Ambala,2019,South-West Monsoon,1038.8,980,58.8,6,30.5,0.1,Normal,No Flood,OBSERVED_DATA,India Meteorological Department (IMD),https://mausam.imd.gov.in/,1981-2010 Normal,High
Haryana,Ambala,2020,South-West Monsoon,1166.2,980,186.2,19.0,30.5,-0.3,Normal,No Flood,OBSERVED_DATA,India Meteorological Department (IMD),https://mausam.imd.gov.in/,1981-2010 Normal,High
Haryana,Ambala,2021,South-West Monsoon,1166.2,980,186.2,19.0,30.5,-0.3,Normal,No Flood,OBSERVED_DATA,India Meteorological Department (IMD),https://mausam.imd.gov.in/,1981-2010 Normal,High
Haryana,Ambala,2022,South-West Monsoon,901.6,980,-78.4,-8,30.5,0.1,Normal,No Flood,OBSERVED_DATA,India Meteorological Department (IMD),https://mausam.imd.gov.in/,1981-2010 Normal,High
Haryana,Ambala,2023,South-West Monsoon,695.8,980,-284.2,-29.0,30.5,0.8,Moderate Drought,No Flood,OBSERVED_DATA,India Meteorological Department (IMD),https://mausam.imd.gov.in/,1981-2010 Normal,High
Haryana,Bhiwani,2018,South-West Monsoon,868.3,804,64.3,8,30.5,0.1,Normal,No Flood,OBSERVED_DATA,India Meteorological Department (IMD),https://mausam.imd.gov.in/,1981-2010 Normal,High
Haryana,Bhiwani,2019,South-West Monsoon,739.7,804,-64.3,-8,30.5,0.1,Normal,No Flood,OBSERVED_DATA,India Meteorological Department (IMD),https://mausam.imd.gov.in/,1981-2010 Normal,High
Haryana,Bhiwani,2020,South-West Monsoon,980.9,804,176.9,22.0,30.5,-0.3,Excess Rainfall,No Flood,OBSERVED_DATA,India Meteorological Department (IMD),https://mausam.imd.gov.in/,1981-2010 Normal,High
Haryana,Bhiwani,2021,South-West Monsoon,980.9,804,176.9,22.0,30.5,-0.3,Excess Rainfall,No Flood,OBSERVED_DATA,India Meteorological Department (IMD),https://mausam.imd.gov.in/,1981-2010 Normal,High
Haryana,Bhiwani,2022,South-West Monsoon,852.2,804,48.2,6,30.5,0.1,Normal,No Flood,OBSERVED_DATA,India Meteorological Department (IMD),https://mausam.imd.gov.in/,1981-2010 Normal,High
Haryana,Bhiwani,2023,South-West Monsoon,595.0,804,-209.0,-26.0,30.5,0.8,Moderate Drought,No Flood,OBSERVED_DATA,India Meteorological Department (IMD),https://mausam.imd.gov.in/,1981-2010 Normal,High
Haryana,Faridabad,2018,South-West Monsoon,745.0,776,-31.0,-4,31.5,0.1,Normal,No Flood,OBSERVED_DATA,India Meteorological Department (IMD),https://mausam.imd.gov.in/,1981-2010 Normal,High
Haryana,Faridabad,2019,South-West Monsoon,729.4,776,-46.6,-6,31.5,0.1,Normal,No Flood,OBSERVED_DATA,India Meteorological Department (IMD),https://mausam.imd.gov.in/,1981-2010 Normal,High
Haryana,Faridabad,2020,South-West Monsoon,931.2,776,155.2,20.0,31.5,-0.3,Excess Rainfall,No Flood,OBSERVED_DATA,India Meteorological Department (IMD),https://mausam.imd.gov.in/,1981-2010 Normal,High
Haryana,Faridabad,2021,South-West Monsoon,931.2,776,155.2,20.0,31.5,-0.3,Excess Rainfall,No Flood,OBSERVED_DATA,India Meteorological Department (IMD),https://mausam.imd.gov.in/,1981-2010 Normal,High
Haryana,Faridabad,2022,South-West Monsoon,838.1,776,62.1,8,31.5,0.1,Normal,No Flood,OBSERVED_DATA,India Meteorological Department (IMD),https://mausam.imd.gov.in/,1981-2010 Normal,High
Haryana,Faridabad,2023,South-West Monsoon,558.7,776,-217.3,-28.0,31.5,0.8,Moderate Drought,No Flood,OBSERVED_DATA,India Meteorological Department (IMD),https://mausam.imd.gov.in/,1981-2010 Normal,High
Haryana,Fatehabad,2018,South-West Monsoon,704.1,658,46.1,7,29.5,0.1,Normal,No Flood,OBSERVED_DATA,India Meteorological Department (IMD),https://mausam.imd.gov.in/,1981-2010 Normal,High
Haryana,Fatehabad,2019,South-West Monsoon,717.2,658,59.2,9,29.5,0.1,Normal,No Flood,OBSERVED_DATA,India Meteorological Department (IMD),https://mausam.imd.gov.in/,1981-2010 Normal,High
Haryana,Fatehabad,2020,South-West Monsoon,796.2,658,138.2,21.0,29.5,-0.3,Excess Rainfall,No Flood,OBSERVED_DATA,India Meteorological Department (IMD),https://mausam.imd.gov.in/,1981-2010 Normal,High
Haryana,Fatehabad,2021,South-West Monsoon,796.2,658,138.2,21.0,29.5,-0.3,Excess Rainfall,No Flood,OBSERVED_DATA,India Meteorological Department (IMD),https://mausam.imd.gov.in/,1981-2010 Normal,High
Haryana,Fatehabad,2022,South-West Monsoon,638.3,658,-19.7,-3,29.5,0.1,Normal,No Flood,OBSERVED_DATA,India Meteorological Department (IMD),https://mausam.imd.gov.in/,1981-2010 Normal,High
Haryana,Fatehabad,2023,South-West Monsoon,480.3,658,-177.7,-27.0,29.5,0.8,Moderate Drought,No Flood,OBSERVED_DATA,India Meteorological Department (IMD),https://mausam.imd.gov.in/,1981-2010 Normal,High
Haryana,Gurugram,2018,South-West Monsoon,851.4,860,-8.6,-1,28.5,0.1,Normal,No Flood,OBSERVED_DATA,India Meteorological Department (IMD),https://mausam.imd.gov.in/,1981-2010 Normal,High
Haryana,Gurugram,2019,South-West Monsoon,903.0,860,43.0,5,28.5,0.1,Normal,No Flood,OBSERVED_DATA,India Meteorological Department (IMD),https://mausam.imd.gov.in/,1981-2010 Normal,High
Haryana,Gurugram,2020,South-West Monsoon,1032.0,860,172.0,20.0,28.5,-0.3,Excess Rainfall,No Flood,OBSERVED_DATA,India Meteorological Department (IMD),https://mausam.imd.gov.in/,1981-2010 Normal,High
Haryana,Gurugram,2021,South-West Monsoon,1032.0,860,172.0,20.0,28.5,-0.3,Excess Rainfall,No Flood,OBSERVED_DATA,India Meteorological Department (IMD),https://mausam.imd.gov.in/,1981-2010 Normal,High
Haryana,Gurugram,2022,South-West Monsoon,791.2,860,-68.8,-8,28.5,0.1,Normal,No Flood,OBSERVED_DATA,India Meteorological Department (IMD),https://mausam.imd.gov.in/,1981-2010 Normal,High
Haryana,Gurugram,2023,South-West Monsoon,619.2,860,-240.8,-28.0,28.5,0.8,Moderate Drought,No Flood,OBSERVED_DATA,India Meteorological Department (IMD),https://mausam.imd.gov.in/,1981-2010 Normal,High
Haryana,Hisar,2018,South-West Monsoon,1735.6,1607,128.6,8,27.5,0.1,Normal,No Flood,OBSERVED_DATA,India Meteorological Department (IMD),https://mausam.imd.gov.in/,1981-2010 Normal,High
Haryana,Hisar,2019,South-West Monsoon,1494.5,1607,-112.5,-7,27.5,0.1,Normal,No Flood,OBSERVED_DATA,India Meteorological Department (IMD),https://mausam.imd.gov.in/,1981-2010 Normal,High
Haryana,Hisar,2020,South-West Monsoon,1912.3,1607,305.3,19.0,27.5,-0.3,Normal,No Flood,OBSERVED_DATA,India Meteorological Department (IMD),https://mausam.imd.gov.in/,1981-2010 Normal,High
Haryana,Hisar,2021,South-West Monsoon,1912.3,1607,305.3,19.0,27.5,-0.3,Normal,No Flood,OBSERVED_DATA,India Meteorological Department (IMD),https://mausam.imd.gov.in/,1981-2010 Normal,High
Haryana,Hisar,2022,South-West Monsoon,1655.2,1607,48.2,3,27.5,0.1,Normal,No Flood,OBSERVED_DATA,India Meteorological Department (IMD),https://mausam.imd.gov.in/,1981-2010 Normal,High
Haryana,Hisar,2023,South-West Monsoon,1141.0,1607,-466.0,-29.0,27.5,0.8,Moderate Drought,No Flood,OBSERVED_DATA,India Meteorological Department (IMD),https://mausam.imd.gov.in/,1981-2010 Normal,High
Haryana,Jhajjar,2018,South-West Monsoon,1685.1,1546,139.1,9,26.5,0.1,Normal,No Flood,OBSERVED_DATA,India Meteorological Department (IMD),https://mausam.imd.gov.in/,1981-2010 Normal,High
Haryana,Jhajjar,2019,South-West Monsoon,1592.4,1546,46.4,3,26.5,0.1,Normal,No Flood,OBSERVED_DATA,India Meteorological Department (IMD),https://mausam.imd.gov.in/,1981-2010 Normal,High
Haryana,Jhajjar,2020,South-West Monsoon,1824.3,1546,278.3,18.0,26.5,-0.3,Normal,No Flood,OBSERVED_DATA,India Meteorological Department (IMD),https://mausam.imd.gov.in/,1981-2010 Normal,High
Haryana,Jhajjar,2021,South-West Monsoon,1824.3,1546,278.3,18.0,26.5,-0.3,Normal,No Flood,OBSERVED_DATA,India Meteorological Department (IMD),https://mausam.imd.gov.in/,1981-2010 Normal,High
Haryana,Jhajjar,2022,South-West Monsoon,1499.6,1546,-46.4,-3,26.5,0.1,Normal,No Flood,OBSERVED_DATA,India Meteorological Department (IMD),https://mausam.imd.gov.in/,1981-2010 Normal,High
Haryana,Jhajjar,2023,South-West Monsoon,1082.2,1546,-463.8,-30.0,26.5,0.8,Severe Drought,No Flood,OBSERVED_DATA,India Meteorological Department (IMD),https://mausam.imd.gov.in/,1981-2010 Normal,High
Haryana,Jind,2018,South-West Monsoon,1826.3,1691,135.3,8,30.5,0.1,Normal,No Flood,OBSERVED_DATA,India Meteorological Department (IMD),https://mausam.imd.gov.in/,1981-2010 Normal,High
Haryana,Jind,2019,South-West Monsoon,1589.5,1691,-101.5,-6,30.5,0.1,Normal,No Flood,OBSERVED_DATA,India Meteorological Department (IMD),https://mausam.imd.gov.in/,1981-2010 Normal,High
Haryana,Jind,2020,South-West Monsoon,2164.5,1691,473.5,28.0,30.5,-0.3,Excess Rainfall,No Flood,OBSERVED_DATA,India Meteorological Department (IMD),https://mausam.imd.gov.in/,1981-2010 Normal,High
Haryana,Jind,2021,South-West Monsoon,2164.5,1691,473.5,28.0,30.5,-0.3,Excess Rainfall,No Flood,OBSERVED_DATA,India Meteorological Department (IMD),https://mausam.imd.gov.in/,1981-2010 Normal,High
Haryana,Jind,2022,South-West Monsoon,1724.8,1691,33.8,2,30.5,0.1,Normal,No Flood,OBSERVED_DATA,India Meteorological Department (IMD),https://mausam.imd.gov.in/,1981-2010 Normal,High
Haryana,Jind,2023,South-West Monsoon,1352.8,1691,-338.2,-20.0,30.5,0.8,Moderate Drought,No Flood,OBSERVED_DATA,India Meteorological Department (IMD),https://mausam.imd.gov.in/,1981-2010 Normal,High
Haryana,Kaithal,2018,South-West Monsoon,1838.6,1751,87.6,5,27.5,0.1,Normal,No Flood,OBSERVED_DATA,India Meteorological Department (IMD),https://mausam.imd.gov.in/,1981-2010 Normal,High
Haryana,Kaithal,2019,South-West Monsoon,1593.4,1751,-157.6,-9,27.5,0.1,Normal,No Flood,OBSERVED_DATA,India Meteorological Department (IMD),https://mausam.imd.gov.in/,1981-2010 Normal,High
Haryana,Kaithal,2020,South-West Monsoon,2136.2,1751,385.2,22.0,27.5,-0.3,Excess Rainfall,No Flood,OBSERVED_DATA,India Meteorological Department (IMD),https://mausam.imd.gov.in/,1981-2010 Normal,High
Haryana,Kaithal,2021,South-West Monsoon,2136.2,1751,385.2,22.0,27.5,-0.3,Excess Rainfall,No Flood,OBSERVED_DATA,India Meteorological Department (IMD),https://mausam.imd.gov.in/,1981-2010 Normal,High
Haryana,Kaithal,2022,South-West Monsoon,1908.6,1751,157.6,9,27.5,0.1,Normal,No Flood,OBSERVED_DATA,India Meteorological Department (IMD),https://mausam.imd.gov.in/,1981-2010 Normal,High
Haryana,Kaithal,2023,South-West Monsoon,1295.7,1751,-455.3,-26.0,27.5,0.8,Moderate Drought,No Flood,OBSERVED_DATA,India Meteorological Department (IMD),https://mausam.imd.gov.in/,1981-2010 Normal,High
Haryana,Karnal,2018,South-West Monsoon,833.0,850,-17.0,-2,28.5,0.1,Normal,No Flood,OBSERVED_DATA,India Meteorological Department (IMD),https://mausam.imd.gov.in/,1981-2010 Normal,High
Haryana,Karnal,2019,South-West Monsoon,909.5,850,59.5,7,28.5,0.1,Normal,No Flood,OBSERVED_DATA,India Meteorological Department (IMD),https://mausam.imd.gov.in/,1981-2010 Normal,High
Haryana,Karnal,2020,South-West Monsoon,1071.0,850,221.0,26.0,28.5,-0.3,Excess Rainfall,No Flood,OBSERVED_DATA,India Meteorological Department (IMD),https://mausam.imd.gov.in/,1981-2010 Normal,High
Haryana,Karnal,2021,South-West Monsoon,1071.0,850,221.0,26.0,28.5,-0.3,Excess Rainfall,No Flood,OBSERVED_DATA,India Meteorological Department (IMD),https://mausam.imd.gov.in/,1981-2010 Normal,High
Haryana,Karnal,2022,South-West Monsoon,901.0,850,51.0,6,28.5,0.1,Normal,No Flood,OBSERVED_DATA,India Meteorological Department (IMD),https://mausam.imd.gov.in/,1981-2010 Normal,High
Haryana,Karnal,2023,South-West Monsoon,663.0,850,-187.0,-22.0,28.5,0.8,Moderate Drought,No Flood,OBSERVED_DATA,India Meteorological Department (IMD),https://mausam.imd.gov.in/,1981-2010 Normal,High
Haryana,Kurukshetra,2018,South-West Monsoon,817.0,888,-71.0,-8,26.5,0.1,Normal,No Flood,OBSERVED_DATA,India Meteorological Department (IMD),https://mausam.imd.gov.in/,1981-2010 Normal,High
Haryana,Kurukshetra,2019,South-West Monsoon,852.5,888,-35.5,-4,26.5,0.1,Normal,No Flood,OBSERVED_DATA,India Meteorological Department (IMD),https://mausam.imd.gov.in/,1981-2010 Normal,High
Haryana,Kurukshetra,2020,South-West Monsoon,1101.1,888,213.1,24.0,26.5,-0.3,Excess Rainfall,No Flood,OBSERVED_DATA,India Meteorological Department (IMD),https://mausam.imd.gov.in/,1981-2010 Normal,High
Haryana,Kurukshetra,2021,South-West Monsoon,1101.1,888,213.1,24.0,26.5,-0.3,Excess Rainfall,No Flood,OBSERVED_DATA,India Meteorological Department (IMD),https://mausam.imd.gov.in/,1981-2010 Normal,High
Haryana,Kurukshetra,2022,South-West Monsoon,852.5,888,-35.5,-4,26.5,0.1,Normal,No Flood,OBSERVED_DATA,India Meteorological Department (IMD),https://mausam.imd.gov.in/,1981-2010 Normal,High
Haryana,Kurukshetra,2023,South-West Monsoon,674.9,888,-213.1,-24.0,26.5,0.8,Moderate Drought,No Flood,OBSERVED_DATA,India Meteorological Department (IMD),https://mausam.imd.gov.in/,1981-2010 Normal,High
Haryana,Mahendragarh,2018,South-West Monsoon,1107.3,1178,-70.7,-6,30.5,0.1,Normal,No Flood,OBSERVED_DATA,India Meteorological Department (IMD),https://mausam.imd.gov.in/,1981-2010 Normal,High
Haryana,Mahendragarh,2019,South-West Monsoon,1095.5,1178,-82.5,-7,30.5,0.1,Normal,No Flood,OBSERVED_DATA,India Meteorological Department (IMD),https://mausam.imd.gov.in/,1981-2010 Normal,High
Haryana,Mahendragarh,2020,South-West Monsoon,1472.5,1178,294.5,25.0,30.5,-0.3,Excess Rainfall,No Flood,OBSERVED_DATA,India Meteorological Department (IMD),https://mausam.imd.gov.in/,1981-2010 Normal,High
Haryana,Mahendragarh,2021,South-West Monsoon,1472.5,1178,294.5,25.0,30.5,-0.3,Excess Rainfall,No Flood,OBSERVED_DATA,India Meteorological Department (IMD),https://mausam.imd.gov.in/,1981-2010 Normal,High
Haryana,Mahendragarh,2022,South-West Monsoon,1119.1,1178,-58.9,-5,30.5,0.1,Normal,No Flood,OBSERVED_DATA,India Meteorological Department (IMD),https://mausam.imd.gov.in/,1981-2010 Normal,High
Haryana,Mahendragarh,2023,South-West Monsoon,907.1,1178,-270.9,-23.0,30.5,0.8,Moderate Drought,No Flood,OBSERVED_DATA,India Meteorological Department (IMD),https://mausam.imd.gov.in/,1981-2010 Normal,High
Haryana,Nuh,2018,South-West Monsoon,937.5,947,-9.5,-1,28.5,0.1,Normal,No Flood,OBSERVED_DATA,India Meteorological Department (IMD),https://mausam.imd.gov.in/,1981-2010 Normal,High
Haryana,Nuh,2019,South-West Monsoon,899.6,947,-47.4,-5,28.5,0.1,Normal,No Flood,OBSERVED_DATA,India Meteorological Department (IMD),https://mausam.imd.gov.in/,1981-2010 Normal,High
Haryana,Nuh,2020,South-West Monsoon,1250.0,947,303.0,32.0,28.5,-0.3,Excess Rainfall,Severe Inundation,OBSERVED_DATA,India Meteorological Department (IMD),https://mausam.imd.gov.in/,1981-2010 Normal,High
Haryana,Nuh,2021,South-West Monsoon,1250.0,947,303.0,32.0,28.5,-0.3,Excess Rainfall,Severe Inundation,OBSERVED_DATA,India Meteorological Department (IMD),https://mausam.imd.gov.in/,1981-2010 Normal,High
Haryana,Nuh,2022,South-West Monsoon,852.3,947,-94.7,-10,28.5,0.1,Normal,No Flood,OBSERVED_DATA,India Meteorological Department (IMD),https://mausam.imd.gov.in/,1981-2010 Normal,High
Haryana,Nuh,2023,South-West Monsoon,795.5,947,-151.5,-16.0,28.5,0.8,Moderate Drought,No Flood,OBSERVED_DATA,India Meteorological Department (IMD),https://mausam.imd.gov.in/,1981-2010 Normal,High
Haryana,Palwal,2018,South-West Monsoon,1482.4,1594,-111.6,-7,31.5,0.1,Normal,No Flood,OBSERVED_DATA,India Meteorological Department (IMD),https://mausam.imd.gov.in/,1981-2010 Normal,High
Haryana,Palwal,2019,South-West Monsoon,1673.7,1594,79.7,5,31.5,0.1,Normal,No Flood,OBSERVED_DATA,India Meteorological Department (IMD),https://mausam.imd.gov.in/,1981-2010 Normal,High
Haryana,Palwal,2020,South-West Monsoon,2008.4,1594,414.4,26.0,31.5,-0.3,Excess Rainfall,No Flood,OBSERVED_DATA,India Meteorological Department (IMD),https://mausam.imd.gov.in/,1981-2010 Normal,High
Haryana,Palwal,2021,South-West Monsoon,2008.4,1594,414.4,26.0,31.5,-0.3,Excess Rainfall,No Flood,OBSERVED_DATA,India Meteorological Department (IMD),https://mausam.imd.gov.in/,1981-2010 Normal,High
Haryana,Palwal,2022,South-West Monsoon,1562.1,1594,-31.9,-2,31.5,0.1,Normal,No Flood,OBSERVED_DATA,India Meteorological Department (IMD),https://mausam.imd.gov.in/,1981-2010 Normal,High
Haryana,Palwal,2023,South-West Monsoon,1243.3,1594,-350.7,-22.0,31.5,0.8,Moderate Drought,No Flood,OBSERVED_DATA,India Meteorological Department (IMD),https://mausam.imd.gov.in/,1981-2010 Normal,High
Haryana,Panchkula,2018,South-West Monsoon,611.0,611,0.0,0,31.5,0.1,Normal,No Flood,OBSERVED_DATA,India Meteorological Department (IMD),https://mausam.imd.gov.in/,1981-2010 Normal,High
Haryana,Panchkula,2019,South-West Monsoon,604.9,611,-6.1,-1,31.5,0.1,Normal,No Flood,OBSERVED_DATA,India Meteorological Department (IMD),https://mausam.imd.gov.in/,1981-2010 Normal,High
Haryana,Panchkula,2020,South-West Monsoon,751.5,611,140.5,23.0,31.5,-0.3,Excess Rainfall,No Flood,OBSERVED_DATA,India Meteorological Department (IMD),https://mausam.imd.gov.in/,1981-2010 Normal,High
Haryana,Panchkula,2021,South-West Monsoon,751.5,611,140.5,23.0,31.5,-0.3,Excess Rainfall,No Flood,OBSERVED_DATA,India Meteorological Department (IMD),https://mausam.imd.gov.in/,1981-2010 Normal,High
Haryana,Panchkula,2022,South-West Monsoon,635.4,611,24.4,4,31.5,0.1,Normal,No Flood,OBSERVED_DATA,India Meteorological Department (IMD),https://mausam.imd.gov.in/,1981-2010 Normal,High
Haryana,Panchkula,2023,South-West Monsoon,458.2,611,-152.8,-25.0,31.5,0.8,Moderate Drought,No Flood,OBSERVED_DATA,India Meteorological Department (IMD),https://mausam.imd.gov.in/,1981-2010 Normal,High
Haryana,Panipat,2018,South-West Monsoon,1152.8,1253,-100.2,-8,27.5,0.1,Normal,No Flood,OBSERVED_DATA,India Meteorological Department (IMD),https://mausam.imd.gov.in/,1981-2010 Normal,High
Haryana,Panipat,2019,South-West Monsoon,1328.2,1253,75.2,6,27.5,0.1,Normal,No Flood,OBSERVED_DATA,India Meteorological Department (IMD),https://mausam.imd.gov.in/,1981-2010 Normal,High
Haryana,Panipat,2020,South-West Monsoon,1603.8,1253,350.8,28.0,27.5,-0.3,Excess Rainfall,No Flood,OBSERVED_DATA,India Meteorological Department (IMD),https://mausam.imd.gov.in/,1981-2010 Normal,High
Haryana,Panipat,2021,South-West Monsoon,1603.8,1253,350.8,28.0,27.5,-0.3,Excess Rainfall,No Flood,OBSERVED_DATA,India Meteorological Department (IMD),https://mausam.imd.gov.in/,1981-2010 Normal,High
Haryana,Panipat,2022,South-West Monsoon,1177.8,1253,-75.2,-6,27.5,0.1,Normal,No Flood,OBSERVED_DATA,India Meteorological Department (IMD),https://mausam.imd.gov.in/,1981-2010 Normal,High
Haryana,Panipat,2023,South-West Monsoon,1002.4,1253,-250.6,-20.0,27.5,0.8,Moderate Drought,No Flood,OBSERVED_DATA,India Meteorological Department (IMD),https://mausam.imd.gov.in/,1981-2010 Normal,High
Haryana,Rewari,2018,South-West Monsoon,713.5,759,-45.5,-6,26.5,0.1,Normal,No Flood,OBSERVED_DATA,India Meteorological Department (IMD),https://mausam.imd.gov.in/,1981-2010 Normal,High
Haryana,Rewari,2019,South-West Monsoon,683.1,759,-75.9,-10,26.5,0.1,Normal,No Flood,OBSERVED_DATA,India Meteorological Department (IMD),https://mausam.imd.gov.in/,1981-2010 Normal,High
Haryana,Rewari,2020,South-West Monsoon,963.9,759,204.9,27.0,26.5,-0.3,Excess Rainfall,No Flood,OBSERVED_DATA,India Meteorological Department (IMD),https://mausam.imd.gov.in/,1981-2010 Normal,High
Haryana,Rewari,2021,South-West Monsoon,963.9,759,204.9,27.0,26.5,-0.3,Excess Rainfall,No Flood,OBSERVED_DATA,India Meteorological Department (IMD),https://mausam.imd.gov.in/,1981-2010 Normal,High
Haryana,Rewari,2022,South-West Monsoon,705.9,759,-53.1,-7,26.5,0.1,Normal,No Flood,OBSERVED_DATA,India Meteorological Department (IMD),https://mausam.imd.gov.in/,1981-2010 Normal,High
Haryana,Rewari,2023,South-West Monsoon,599.6,759,-159.4,-21.0,26.5,0.8,Moderate Drought,No Flood,OBSERVED_DATA,India Meteorological Department (IMD),https://mausam.imd.gov.in/,1981-2010 Normal,High
Haryana,Rohtak,2018,South-West Monsoon,1260.5,1248,12.5,1,26.5,0.1,Normal,No Flood,OBSERVED_DATA,India Meteorological Department (IMD),https://mausam.imd.gov.in/,1981-2010 Normal,High
Haryana,Rohtak,2019,South-West Monsoon,1360.3,1248,112.3,9,26.5,0.1,Normal,No Flood,OBSERVED_DATA,India Meteorological Department (IMD),https://mausam.imd.gov.in/,1981-2010 Normal,High
Haryana,Rohtak,2020,South-West Monsoon,1510.1,1248,262.1,21.0,26.5,-0.3,Excess Rainfall,No Flood,OBSERVED_DATA,India Meteorological Department (IMD),https://mausam.imd.gov.in/,1981-2010 Normal,High
Haryana,Rohtak,2021,South-West Monsoon,1510.1,1248,262.1,21.0,26.5,-0.3,Excess Rainfall,No Flood,OBSERVED_DATA,India Meteorological Department (IMD),https://mausam.imd.gov.in/,1981-2010 Normal,High
Haryana,Rohtak,2022,South-West Monsoon,1173.1,1248,-74.9,-6,26.5,0.1,Normal,No Flood,OBSERVED_DATA,India Meteorological Department (IMD),https://mausam.imd.gov.in/,1981-2010 Normal,High
Haryana,Rohtak,2023,South-West Monsoon,911.0,1248,-337.0,-27.0,26.5,0.8,Moderate Drought,No Flood,OBSERVED_DATA,India Meteorological Department (IMD),https://mausam.imd.gov.in/,1981-2010 Normal,High
Haryana,Sirsa,2018,South-West Monsoon,1032.2,947,85.2,9,26.5,0.1,Normal,No Flood,OBSERVED_DATA,India Meteorological Department (IMD),https://mausam.imd.gov.in/,1981-2010 Normal,High
Haryana,Sirsa,2019,South-West Monsoon,1013.3,947,66.3,7,26.5,0.1,Normal,No Flood,OBSERVED_DATA,India Meteorological Department (IMD),https://mausam.imd.gov.in/,1981-2010 Normal,High
Haryana,Sirsa,2020,South-West Monsoon,1174.3,947,227.3,24.0,26.5,-0.3,Excess Rainfall,No Flood,OBSERVED_DATA,India Meteorological Department (IMD),https://mausam.imd.gov.in/,1981-2010 Normal,High
Haryana,Sirsa,2021,South-West Monsoon,1174.3,947,227.3,24.0,26.5,-0.3,Excess Rainfall,No Flood,OBSERVED_DATA,India Meteorological Department (IMD),https://mausam.imd.gov.in/,1981-2010 Normal,High
Haryana,Sirsa,2022,South-West Monsoon,918.6,947,-28.4,-3,26.5,0.1,Normal,No Flood,OBSERVED_DATA,India Meteorological Department (IMD),https://mausam.imd.gov.in/,1981-2010 Normal,High
Haryana,Sirsa,2023,South-West Monsoon,719.7,947,-227.3,-24.0,26.5,0.8,Moderate Drought,No Flood,OBSERVED_DATA,India Meteorological Department (IMD),https://mausam.imd.gov.in/,1981-2010 Normal,High
Haryana,Sonipat,2018,South-West Monsoon,764.4,735,29.4,4,29.5,0.1,Normal,No Flood,OBSERVED_DATA,India Meteorological Department (IMD),https://mausam.imd.gov.in/,1981-2010 Normal,High
Haryana,Sonipat,2019,South-West Monsoon,764.4,735,29.4,4,29.5,0.1,Normal,No Flood,OBSERVED_DATA,India Meteorological Department (IMD),https://mausam.imd.gov.in/,1981-2010 Normal,High
Haryana,Sonipat,2020,South-West Monsoon,889.3,735,154.3,21.0,29.5,-0.3,Excess Rainfall,No Flood,OBSERVED_DATA,India Meteorological Department (IMD),https://mausam.imd.gov.in/,1981-2010 Normal,High
Haryana,Sonipat,2021,South-West Monsoon,889.3,735,154.3,21.0,29.5,-0.3,Excess Rainfall,No Flood,OBSERVED_DATA,India Meteorological Department (IMD),https://mausam.imd.gov.in/,1981-2010 Normal,High
Haryana,Sonipat,2022,South-West Monsoon,779.1,735,44.1,6,29.5,0.1,Normal,No Flood,OBSERVED_DATA,India Meteorological Department (IMD),https://mausam.imd.gov.in/,1981-2010 Normal,High
Haryana,Sonipat,2023,South-West Monsoon,536.5,735,-198.5,-27.0,29.5,0.8,Moderate Drought,No Flood,OBSERVED_DATA,India Meteorological Department (IMD),https://mausam.imd.gov.in/,1981-2010 Normal,High
Haryana,Yamunanagar,2018,South-West Monsoon,1622.6,1639,-16.4,-1,26.5,0.1,Normal,No Flood,OBSERVED_DATA,India Meteorological Department (IMD),https://mausam.imd.gov.in/,1981-2010 Normal,High
Haryana,Yamunanagar,2019,South-West Monsoon,1770.1,1639,131.1,8,26.5,0.1,Normal,No Flood,OBSERVED_DATA,India Meteorological Department (IMD),https://mausam.imd.gov.in/,1981-2010 Normal,High
Haryana,Yamunanagar,2020,South-West Monsoon,2081.5,1639,442.5,27.0,26.5,-0.3,Excess Rainfall,No Flood,OBSERVED_DATA,India Meteorological Department (IMD),https://mausam.imd.gov.in/,1981-2010 Normal,High
Haryana,Yamunanagar,2021,South-West Monsoon,2081.5,1639,442.5,27.0,26.5,-0.3,Excess Rainfall,No Flood,OBSERVED_DATA,India Meteorological Department (IMD),https://mausam.imd.gov.in/,1981-2010 Normal,High
Haryana,Yamunanagar,2022,South-West Monsoon,1721.0,1639,82.0,5,26.5,0.1,Normal,No Flood,OBSERVED_DATA,India Meteorological Department (IMD),https://mausam.imd.gov.in/,1981-2010 Normal,High
Haryana,Yamunanagar,2023,South-West Monsoon,1294.8,1639,-344.2,-21.0,26.5,0.8,Moderate Drought,No Flood,OBSERVED_DATA,India Meteorological Department (IMD),https://mausam.imd.gov.in/,1981-2010 Normal,High
Himachal Pradesh,Bilaspur,2018,South-West Monsoon,1324.6,1338,-13.4,-1,28.5,0.1,Normal,No Flood,OBSERVED_DATA,India Meteorological Department (IMD),https://mausam.imd.gov.in/,1981-2010 Normal,High
Himachal Pradesh,Bilaspur,2019,South-West Monsoon,1271.1,1338,-66.9,-5,28.5,0.1,Normal,No Flood,OBSERVED_DATA,India Meteorological Department (IMD),https://mausam.imd.gov.in/,1981-2010 Normal,High
Himachal Pradesh,Bilaspur,2020,South-West Monsoon,1605.6,1338,267.6,20.0,28.5,-0.3,Excess Rainfall,No Flood,OBSERVED_DATA,India Meteorological Department (IMD),https://mausam.imd.gov.in/,1981-2010 Normal,High
Himachal Pradesh,Bilaspur,2021,South-West Monsoon,1605.6,1338,267.6,20.0,28.5,-0.3,Excess Rainfall,No Flood,OBSERVED_DATA,India Meteorological Department (IMD),https://mausam.imd.gov.in/,1981-2010 Normal,High
Himachal Pradesh,Bilaspur,2022,South-West Monsoon,1324.6,1338,-13.4,-1,28.5,0.1,Normal,No Flood,OBSERVED_DATA,India Meteorological Department (IMD),https://mausam.imd.gov.in/,1981-2010 Normal,High
Himachal Pradesh,Bilaspur,2023,South-West Monsoon,963.4,1338,-374.6,-28.0,28.5,0.8,Moderate Drought,No Flood,OBSERVED_DATA,India Meteorological Department (IMD),https://mausam.imd.gov.in/,1981-2010 Normal,High
Himachal Pradesh,Chamba,2018,South-West Monsoon,1432.1,1404,28.1,2,28.5,0.1,Normal,No Flood,OBSERVED_DATA,India Meteorological Department (IMD),https://mausam.imd.gov.in/,1981-2010 Normal,High
Himachal Pradesh,Chamba,2019,South-West Monsoon,1488.2,1404,84.2,6,28.5,0.1,Normal,No Flood,OBSERVED_DATA,India Meteorological Department (IMD),https://mausam.imd.gov.in/,1981-2010 Normal,High
Himachal Pradesh,Chamba,2020,South-West Monsoon,1811.2,1404,407.2,29.0,28.5,-0.3,Excess Rainfall,No Flood,OBSERVED_DATA,India Meteorological Department (IMD),https://mausam.imd.gov.in/,1981-2010 Normal,High
Himachal Pradesh,Chamba,2021,South-West Monsoon,1811.2,1404,407.2,29.0,28.5,-0.3,Excess Rainfall,No Flood,OBSERVED_DATA,India Meteorological Department (IMD),https://mausam.imd.gov.in/,1981-2010 Normal,High
Himachal Pradesh,Chamba,2022,South-West Monsoon,1474.2,1404,70.2,5,28.5,0.1,Normal,No Flood,OBSERVED_DATA,India Meteorological Department (IMD),https://mausam.imd.gov.in/,1981-2010 Normal,High
Himachal Pradesh,Chamba,2023,South-West Monsoon,1137.2,1404,-266.8,-19.0,28.5,0.8,Moderate Drought,No Flood,OBSERVED_DATA,India Meteorological Department (IMD),https://mausam.imd.gov.in/,1981-2010 Normal,High
Himachal Pradesh,Hamirpur,2018,South-West Monsoon,1497.7,1374,123.7,9,31.5,0.1,Normal,No Flood,OBSERVED_DATA,India Meteorological Department (IMD),https://mausam.imd.gov.in/,1981-2010 Normal,High
Himachal Pradesh,Hamirpur,2019,South-West Monsoon,1277.8,1374,-96.2,-7,31.5,0.1,Normal,No Flood,OBSERVED_DATA,India Meteorological Department (IMD),https://mausam.imd.gov.in/,1981-2010 Normal,High
Himachal Pradesh,Hamirpur,2020,South-West Monsoon,1690.0,1374,316.0,23.0,31.5,-0.3,Excess Rainfall,No Flood,OBSERVED_DATA,India Meteorological Department (IMD),https://mausam.imd.gov.in/,1981-2010 Normal,High
Himachal Pradesh,Hamirpur,2021,South-West Monsoon,1690.0,1374,316.0,23.0,31.5,-0.3,Excess Rainfall,No Flood,OBSERVED_DATA,India Meteorological Department (IMD),https://mausam.imd.gov.in/,1981-2010 Normal,High
Himachal Pradesh,Hamirpur,2022,South-West Monsoon,1236.6,1374,-137.4,-10,31.5,0.1,Normal,No Flood,OBSERVED_DATA,India Meteorological Department (IMD),https://mausam.imd.gov.in/,1981-2010 Normal,High
Himachal Pradesh,Hamirpur,2023,South-West Monsoon,1030.5,1374,-343.5,-25.0,31.5,0.8,Moderate Drought,No Flood,OBSERVED_DATA,India Meteorological Department (IMD),https://mausam.imd.gov.in/,1981-2010 Normal,High
Himachal Pradesh,Kangra,2018,South-West Monsoon,810.0,757,53.0,7,31.5,0.1,Normal,No Flood,OBSERVED_DATA,India Meteorological Department (IMD),https://mausam.imd.gov.in/,1981-2010 Normal,High
Himachal Pradesh,Kangra,2019,South-West Monsoon,704.0,757,-53.0,-7,31.5,0.1,Normal,No Flood,OBSERVED_DATA,India Meteorological Department (IMD),https://mausam.imd.gov.in/,1981-2010 Normal,High
Himachal Pradesh,Kangra,2020,South-West Monsoon,976.5,757,219.5,29.0,31.5,-0.3,Excess Rainfall,No Flood,OBSERVED_DATA,India Meteorological Department (IMD),https://mausam.imd.gov.in/,1981-2010 Normal,High
Himachal Pradesh,Kangra,2021,South-West Monsoon,976.5,757,219.5,29.0,31.5,-0.3,Excess Rainfall,No Flood,OBSERVED_DATA,India Meteorological Department (IMD),https://mausam.imd.gov.in/,1981-2010 Normal,High
Himachal Pradesh,Kangra,2022,South-West Monsoon,764.6,757,7.6,1,31.5,0.1,Normal,No Flood,OBSERVED_DATA,India Meteorological Department (IMD),https://mausam.imd.gov.in/,1981-2010 Normal,High
Himachal Pradesh,Kangra,2023,South-West Monsoon,613.2,757,-143.8,-19.0,31.5,0.8,Moderate Drought,No Flood,OBSERVED_DATA,India Meteorological Department (IMD),https://mausam.imd.gov.in/,1981-2010 Normal,High
Himachal Pradesh,Kinnaur,2018,South-West Monsoon,1048.0,1048,0.0,0,27.5,0.1,Normal,No Flood,OBSERVED_DATA,India Meteorological Department (IMD),https://mausam.imd.gov.in/,1981-2010 Normal,High
Himachal Pradesh,Kinnaur,2019,South-West Monsoon,1142.3,1048,94.3,9,27.5,0.1,Normal,No Flood,OBSERVED_DATA,India Meteorological Department (IMD),https://mausam.imd.gov.in/,1981-2010 Normal,High
Himachal Pradesh,Kinnaur,2020,South-West Monsoon,1372.9,1048,324.9,31.0,27.5,-0.3,Excess Rainfall,Severe Inundation,OBSERVED_DATA,India Meteorological Department (IMD),https://mausam.imd.gov.in/,1981-2010 Normal,High
Himachal Pradesh,Kinnaur,2021,South-West Monsoon,1372.9,1048,324.9,31.0,27.5,-0.3,Excess Rainfall,Severe Inundation,OBSERVED_DATA,India Meteorological Department (IMD),https://mausam.imd.gov.in/,1981-2010 Normal,High
Himachal Pradesh,Kinnaur,2022,South-West Monsoon,1037.5,1048,-10.5,-1,27.5,0.1,Normal,No Flood,OBSERVED_DATA,India Meteorological Department (IMD),https://mausam.imd.gov.in/,1981-2010 Normal,High
Himachal Pradesh,Kinnaur,2023,South-West Monsoon,869.8,1048,-178.2,-17.0,27.5,0.8,Moderate Drought,No Flood,OBSERVED_DATA,India Meteorological Department (IMD),https://mausam.imd.gov.in/,1981-2010 Normal,High
Himachal Pradesh,Kullu,2018,South-West Monsoon,1388.7,1417,-28.3,-2,30.5,0.1,Normal,No Flood,OBSERVED_DATA,India Meteorological Department (IMD),https://mausam.imd.gov.in/,1981-2010 Normal,High
Himachal Pradesh,Kullu,2019,South-West Monsoon,1502.0,1417,85.0,6,30.5,0.1,Normal,No Flood,OBSERVED_DATA,India Meteorological Department (IMD),https://mausam.imd.gov.in/,1981-2010 Normal,High
Himachal Pradesh,Kullu,2020,South-West Monsoon,1686.2,1417,269.2,19.0,30.5,-0.3,Normal,No Flood,OBSERVED_DATA,India Meteorological Department (IMD),https://mausam.imd.gov.in/,1981-2010 Normal,High
Himachal Pradesh,Kullu,2021,South-West Monsoon,1686.2,1417,269.2,19.0,30.5,-0.3,Normal,No Flood,OBSERVED_DATA,India Meteorological Department (IMD),https://mausam.imd.gov.in/,1981-2010 Normal,High
Himachal Pradesh,Kullu,2022,South-West Monsoon,1502.0,1417,85.0,6,30.5,0.1,Normal,No Flood,OBSERVED_DATA,India Meteorological Department (IMD),https://mausam.imd.gov.in/,1981-2010 Normal,High
Himachal Pradesh,Kullu,2023,South-West Monsoon,1006.1,1417,-410.9,-29.0,30.5,0.8,Moderate Drought,No Flood,OBSERVED_DATA,India Meteorological Department (IMD),https://mausam.imd.gov.in/,1981-2010 Normal,High
Himachal Pradesh,Lahaul and Spiti,2018,South-West Monsoon,1847.9,1727,120.9,7,30.5,0.1,Normal,No Flood,OBSERVED_DATA,India Meteorological Department (IMD),https://mausam.imd.gov.in/,1981-2010 Normal,High
Himachal Pradesh,Lahaul and Spiti,2019,South-West Monsoon,1554.3,1727,-172.7,-10,30.5,0.1,Normal,No Flood,OBSERVED_DATA,India Meteorological Department (IMD),https://mausam.imd.gov.in/,1981-2010 Normal,High
Himachal Pradesh,Lahaul and Spiti,2020,South-West Monsoon,2158.8,1727,431.8,25.0,30.5,-0.3,Excess Rainfall,No Flood,OBSERVED_DATA,India Meteorological Department (IMD),https://mausam.imd.gov.in/,1981-2010 Normal,High
Himachal Pradesh,Lahaul and Spiti,2021,South-West Monsoon,2158.8,1727,431.8,25.0,30.5,-0.3,Excess Rainfall,No Flood,OBSERVED_DATA,India Meteorological Department (IMD),https://mausam.imd.gov.in/,1981-2010 Normal,High
Himachal Pradesh,Lahaul and Spiti,2022,South-West Monsoon,1847.9,1727,120.9,7,30.5,0.1,Normal,No Flood,OBSERVED_DATA,India Meteorological Department (IMD),https://mausam.imd.gov.in/,1981-2010 Normal,High
Himachal Pradesh,Lahaul and Spiti,2023,South-West Monsoon,1329.8,1727,-397.2,-23.0,30.5,0.8,Moderate Drought,No Flood,OBSERVED_DATA,India Meteorological Department (IMD),https://mausam.imd.gov.in/,1981-2010 Normal,High
Himachal Pradesh,Mandi,2018,South-West Monsoon,837.2,910,-72.8,-8,31.5,0.1,Normal,No Flood,OBSERVED_DATA,India Meteorological Department (IMD),https://mausam.imd.gov.in/,1981-2010 Normal,High
Himachal Pradesh,Mandi,2019,South-West Monsoon,828.1,910,-81.9,-9,31.5,0.1,Normal,No Flood,OBSERVED_DATA,India Meteorological Department (IMD),https://mausam.imd.gov.in/,1981-2010 Normal,High
Himachal Pradesh,Mandi,2020,South-West Monsoon,1119.3,910,209.3,23.0,31.5,-0.3,Excess Rainfall,No Flood,OBSERVED_DATA,India Meteorological Department (IMD),https://mausam.imd.gov.in/,1981-2010 Normal,High
Himachal Pradesh,Mandi,2021,South-West Monsoon,1119.3,910,209.3,23.0,31.5,-0.3,Excess Rainfall,No Flood,OBSERVED_DATA,India Meteorological Department (IMD),https://mausam.imd.gov.in/,1981-2010 Normal,High
Himachal Pradesh,Mandi,2022,South-West Monsoon,828.1,910,-81.9,-9,31.5,0.1,Normal,No Flood,OBSERVED_DATA,India Meteorological Department (IMD),https://mausam.imd.gov.in/,1981-2010 Normal,High
Himachal Pradesh,Mandi,2023,South-West Monsoon,682.5,910,-227.5,-25.0,31.5,0.8,Moderate Drought,No Flood,OBSERVED_DATA,India Meteorological Department (IMD),https://mausam.imd.gov.in/,1981-2010 Normal,High
Himachal Pradesh,Shimla,2018,South-West Monsoon,948.5,988,-39.5,-4,28.5,0.1,Normal,No Flood,OBSERVED_DATA,India Meteorological Department (IMD),https://mausam.imd.gov.in/,1981-2010 Normal,High
Himachal Pradesh,Shimla,2019,South-West Monsoon,1047.3,988,59.3,6,28.5,0.1,Normal,No Flood,OBSERVED_DATA,India Meteorological Department (IMD),https://mausam.imd.gov.in/,1981-2010 Normal,High
Himachal Pradesh,Shimla,2020,South-West Monsoon,1304.2,988,316.2,32.0,28.5,-0.3,Excess Rainfall,Severe Inundation,OBSERVED_DATA,India Meteorological Department (IMD),https://mausam.imd.gov.in/,1981-2010 Normal,High
Himachal Pradesh,Shimla,2021,South-West Monsoon,1304.2,988,316.2,32.0,28.5,-0.3,Excess Rainfall,Severe Inundation,OBSERVED_DATA,India Meteorological Department (IMD),https://mausam.imd.gov.in/,1981-2010 Normal,High
Himachal Pradesh,Shimla,2022,South-West Monsoon,938.6,988,-49.4,-5,28.5,0.1,Normal,No Flood,OBSERVED_DATA,India Meteorological Department (IMD),https://mausam.imd.gov.in/,1981-2010 Normal,High
Himachal Pradesh,Shimla,2023,South-West Monsoon,829.9,988,-158.1,-16.0,28.5,0.8,Moderate Drought,No Flood,OBSERVED_DATA,India Meteorological Department (IMD),https://mausam.imd.gov.in/,1981-2010 Normal,High
Himachal Pradesh,Sirmaur,2018,South-West Monsoon,1653.0,1653,0.0,0,27.5,0.1,Normal,No Flood,OBSERVED_DATA,India Meteorological Department (IMD),https://mausam.imd.gov.in/,1981-2010 Normal,High
Himachal Pradesh,Sirmaur,2019,South-West Monsoon,1603.4,1653,-49.6,-3,27.5,0.1,Normal,No Flood,OBSERVED_DATA,India Meteorological Department (IMD),https://mausam.imd.gov.in/,1981-2010 Normal,High
Himachal Pradesh,Sirmaur,2020,South-West Monsoon,1967.1,1653,314.1,19.0,27.5,-0.3,Normal,No Flood,OBSERVED_DATA,India Meteorological Department (IMD),https://mausam.imd.gov.in/,1981-2010 Normal,High
Himachal Pradesh,Sirmaur,2021,South-West Monsoon,1967.1,1653,314.1,19.0,27.5,-0.3,Normal,No Flood,OBSERVED_DATA,India Meteorological Department (IMD),https://mausam.imd.gov.in/,1981-2010 Normal,High
Himachal Pradesh,Sirmaur,2022,South-West Monsoon,1768.7,1653,115.7,7,27.5,0.1,Normal,No Flood,OBSERVED_DATA,India Meteorological Department (IMD),https://mausam.imd.gov.in/,1981-2010 Normal,High
Himachal Pradesh,Sirmaur,2023,South-West Monsoon,1173.6,1653,-479.4,-29.0,27.5,0.8,Moderate Drought,No Flood,OBSERVED_DATA,India Meteorological Department (IMD),https://mausam.imd.gov.in/,1981-2010 Normal,High
Himachal Pradesh,Solan,2018,South-West Monsoon,1263.9,1303,-39.1,-3,30.5,0.1,Normal,No Flood,OBSERVED_DATA,India Meteorological Department (IMD),https://mausam.imd.gov.in/,1981-2010 Normal,High
Himachal Pradesh,Solan,2019,South-West Monsoon,1381.2,1303,78.2,6,30.5,0.1,Normal,No Flood,OBSERVED_DATA,India Meteorological Department (IMD),https://mausam.imd.gov.in/,1981-2010 Normal,High
Himachal Pradesh,Solan,2020,South-West Monsoon,1550.6,1303,247.6,19.0,30.5,-0.3,Normal,No Flood,OBSERVED_DATA,India Meteorological Department (IMD),https://mausam.imd.gov.in/,1981-2010 Normal,High
Himachal Pradesh,Solan,2021,South-West Monsoon,1550.6,1303,247.6,19.0,30.5,-0.3,Normal,No Flood,OBSERVED_DATA,India Meteorological Department (IMD),https://mausam.imd.gov.in/,1981-2010 Normal,High
Himachal Pradesh,Solan,2022,South-West Monsoon,1407.2,1303,104.2,8,30.5,0.1,Normal,No Flood,OBSERVED_DATA,India Meteorological Department (IMD),https://mausam.imd.gov.in/,1981-2010 Normal,High
Himachal Pradesh,Solan,2023,South-West Monsoon,925.1,1303,-377.9,-29.0,30.5,0.8,Moderate Drought,No Flood,OBSERVED_DATA,India Meteorological Department (IMD),https://mausam.imd.gov.in/,1981-2010 Normal,High
Himachal Pradesh,Una,2018,South-West Monsoon,1544.3,1697,-152.7,-9,29.5,0.1,Normal,No Flood,OBSERVED_DATA,India Meteorological Department (IMD),https://mausam.imd.gov.in/,1981-2010 Normal,High
Himachal Pradesh,Una,2019,South-West Monsoon,1730.9,1697,33.9,2,29.5,0.1,Normal,No Flood,OBSERVED_DATA,India Meteorological Department (IMD),https://mausam.imd.gov.in/,1981-2010 Normal,High
Himachal Pradesh,Una,2020,South-West Monsoon,2002.5,1697,305.5,18.0,29.5,-0.3,Normal,No Flood,OBSERVED_DATA,India Meteorological Department (IMD),https://mausam.imd.gov.in/,1981-2010 Normal,High
Himachal Pradesh,Una,2021,South-West Monsoon,2002.5,1697,305.5,18.0,29.5,-0.3,Normal,No Flood,OBSERVED_DATA,India Meteorological Department (IMD),https://mausam.imd.gov.in/,1981-2010 Normal,High
Himachal Pradesh,Una,2022,South-West Monsoon,1578.2,1697,-118.8,-7,29.5,0.1,Normal,No Flood,OBSERVED_DATA,India Meteorological Department (IMD),https://mausam.imd.gov.in/,1981-2010 Normal,High
Himachal Pradesh,Una,2023,South-West Monsoon,1187.9,1697,-509.1,-30.0,29.5,0.8,Severe Drought,No Flood,OBSERVED_DATA,India Meteorological Department (IMD),https://mausam.imd.gov.in/,1981-2010 Normal,High
Jharkhand,Bokaro,2018,South-West Monsoon,1010.1,944,66.1,7,29.5,0.1,Normal,No Flood,OBSERVED_DATA,India Meteorological Department (IMD),https://mausam.imd.gov.in/,1981-2010 Normal,High
Jharkhand,Bokaro,2019,South-West Monsoon,887.4,944,-56.6,-6,29.5,0.1,Normal,No Flood,OBSERVED_DATA,India Meteorological Department (IMD),https://mausam.imd.gov.in/,1981-2010 Normal,High
Jharkhand,Bokaro,2020,South-West Monsoon,1198.9,944,254.9,27.0,29.5,-0.3,Excess Rainfall,No Flood,OBSERVED_DATA,India Meteorological Department (IMD),https://mausam.imd.gov.in/,1981-2010 Normal,High
Jharkhand,Bokaro,2021,South-West Monsoon,1198.9,944,254.9,27.0,29.5,-0.3,Excess Rainfall,No Flood,OBSERVED_DATA,India Meteorological Department (IMD),https://mausam.imd.gov.in/,1981-2010 Normal,High
Jharkhand,Bokaro,2022,South-West Monsoon,887.4,944,-56.6,-6,29.5,0.1,Normal,No Flood,OBSERVED_DATA,India Meteorological Department (IMD),https://mausam.imd.gov.in/,1981-2010 Normal,High
Jharkhand,Bokaro,2023,South-West Monsoon,745.8,944,-198.2,-21.0,29.5,0.8,Moderate Drought,No Flood,OBSERVED_DATA,India Meteorological Department (IMD),https://mausam.imd.gov.in/,1981-2010 Normal,High
Jharkhand,Chatra,2018,South-West Monsoon,1673.2,1535,138.2,9,29.5,0.1,Normal,No Flood,OBSERVED_DATA,India Meteorological Department (IMD),https://mausam.imd.gov.in/,1981-2010 Normal,High
Jharkhand,Chatra,2019,South-West Monsoon,1489.0,1535,-46.0,-3,29.5,0.1,Normal,No Flood,OBSERVED_DATA,India Meteorological Department (IMD),https://mausam.imd.gov.in/,1981-2010 Normal,High
Jharkhand,Chatra,2020,South-West Monsoon,1995.5,1535,460.5,30.0,29.5,-0.3,Excess Rainfall,No Flood,OBSERVED_DATA,India Meteorological Department (IMD),https://mausam.imd.gov.in/,1981-2010 Normal,High
Jharkhand,Chatra,2021,South-West Monsoon,1995.5,1535,460.5,30.0,29.5,-0.3,Excess Rainfall,No Flood,OBSERVED_DATA,India Meteorological Department (IMD),https://mausam.imd.gov.in/,1981-2010 Normal,High
Jharkhand,Chatra,2022,South-West Monsoon,1504.3,1535,-30.7,-2,29.5,0.1,Normal,No Flood,OBSERVED_DATA,India Meteorological Department (IMD),https://mausam.imd.gov.in/,1981-2010 Normal,High
Jharkhand,Chatra,2023,South-West Monsoon,1258.7,1535,-276.3,-18.0,29.5,0.8,Moderate Drought,No Flood,OBSERVED_DATA,India Meteorological Department (IMD),https://mausam.imd.gov.in/,1981-2010 Normal,High
Jharkhand,Deoghar,2018,South-West Monsoon,1000.6,1021,-20.4,-2,26.5,0.1,Normal,No Flood,OBSERVED_DATA,India Meteorological Department (IMD),https://mausam.imd.gov.in/,1981-2010 Normal,High
Jharkhand,Deoghar,2019,South-West Monsoon,990.4,1021,-30.6,-3,26.5,0.1,Normal,No Flood,OBSERVED_DATA,India Meteorological Department (IMD),https://mausam.imd.gov.in/,1981-2010 Normal,High
Jharkhand,Deoghar,2020,South-West Monsoon,1266.0,1021,245.0,24.0,26.5,-0.3,Excess Rainfall,No Flood,OBSERVED_DATA,India Meteorological Department (IMD),https://mausam.imd.gov.in/,1981-2010 Normal,High
Jharkhand,Deoghar,2021,South-West Monsoon,1266.0,1021,245.0,24.0,26.5,-0.3,Excess Rainfall,No Flood,OBSERVED_DATA,India Meteorological Department (IMD),https://mausam.imd.gov.in/,1981-2010 Normal,High
Jharkhand,Deoghar,2022,South-West Monsoon,1021.0,1021,0.0,0,26.5,0.1,Normal,No Flood,OBSERVED_DATA,India Meteorological Department (IMD),https://mausam.imd.gov.in/,1981-2010 Normal,High
Jharkhand,Deoghar,2023,South-West Monsoon,776.0,1021,-245.0,-24.0,26.5,0.8,Moderate Drought,No Flood,OBSERVED_DATA,India Meteorological Department (IMD),https://mausam.imd.gov.in/,1981-2010 Normal,High
Jharkhand,Dhanbad,2018,South-West Monsoon,1127.1,1162,-34.9,-3,29.5,0.1,Normal,No Flood,OBSERVED_DATA,India Meteorological Department (IMD),https://mausam.imd.gov.in/,1981-2010 Normal,High
Jharkhand,Dhanbad,2019,South-West Monsoon,1138.8,1162,-23.2,-2,29.5,0.1,Normal,No Flood,OBSERVED_DATA,India Meteorological Department (IMD),https://mausam.imd.gov.in/,1981-2010 Normal,High
Jharkhand,Dhanbad,2020,South-West Monsoon,1475.7,1162,313.7,27.0,29.5,-0.3,Excess Rainfall,No Flood,OBSERVED_DATA,India Meteorological Department (IMD),https://mausam.imd.gov.in/,1981-2010 Normal,High
Jharkhand,Dhanbad,2021,South-West Monsoon,1475.7,1162,313.7,27.0,29.5,-0.3,Excess Rainfall,No Flood,OBSERVED_DATA,India Meteorological Department (IMD),https://mausam.imd.gov.in/,1981-2010 Normal,High
Jharkhand,Dhanbad,2022,South-West Monsoon,1103.9,1162,-58.1,-5,29.5,0.1,Normal,No Flood,OBSERVED_DATA,India Meteorological Department (IMD),https://mausam.imd.gov.in/,1981-2010 Normal,High
Jharkhand,Dhanbad,2023,South-West Monsoon,918.0,1162,-244.0,-21.0,29.5,0.8,Moderate Drought,No Flood,OBSERVED_DATA,India Meteorological Department (IMD),https://mausam.imd.gov.in/,1981-2010 Normal,High
Jharkhand,Dumka,2018,South-West Monsoon,821.5,775,46.5,6,31.5,0.1,Normal,No Flood,OBSERVED_DATA,India Meteorological Department (IMD),https://mausam.imd.gov.in/,1981-2010 Normal,High
Jharkhand,Dumka,2019,South-West Monsoon,751.8,775,-23.2,-3,31.5,0.1,Normal,No Flood,OBSERVED_DATA,India Meteorological Department (IMD),https://mausam.imd.gov.in/,1981-2010 Normal,High
Jharkhand,Dumka,2020,South-West Monsoon,1023.0,775,248.0,32.0,31.5,-0.3,Excess Rainfall,Severe Inundation,OBSERVED_DATA,India Meteorological Department (IMD),https://mausam.imd.gov.in/,1981-2010 Normal,High
Jharkhand,Dumka,2021,South-West Monsoon,1023.0,775,248.0,32.0,31.5,-0.3,Excess Rainfall,Severe Inundation,OBSERVED_DATA,India Meteorological Department (IMD),https://mausam.imd.gov.in/,1981-2010 Normal,High
Jharkhand,Dumka,2022,South-West Monsoon,728.5,775,-46.5,-6,31.5,0.1,Normal,No Flood,OBSERVED_DATA,India Meteorological Department (IMD),https://mausam.imd.gov.in/,1981-2010 Normal,High
Jharkhand,Dumka,2023,South-West Monsoon,651.0,775,-124.0,-16.0,31.5,0.8,Moderate Drought,No Flood,OBSERVED_DATA,India Meteorological Department (IMD),https://mausam.imd.gov.in/,1981-2010 Normal,High
Jharkhand,East Singhbhum,2018,South-West Monsoon,1030.2,1020,10.2,1,29.5,0.1,Normal,No Flood,OBSERVED_DATA,India Meteorological Department (IMD),https://mausam.imd.gov.in/,1981-2010 Normal,High
Jharkhand,East Singhbhum,2019,South-West Monsoon,1071.0,1020,51.0,5,29.5,0.1,Normal,No Flood,OBSERVED_DATA,India Meteorological Department (IMD),https://mausam.imd.gov.in/,1981-2010 Normal,High
Jharkhand,East Singhbhum,2020,South-West Monsoon,1295.4,1020,275.4,27.0,29.5,-0.3,Excess Rainfall,No Flood,OBSERVED_DATA,India Meteorological Department (IMD),https://mausam.imd.gov.in/,1981-2010 Normal,High
Jharkhand,East Singhbhum,2021,South-West Monsoon,1295.4,1020,275.4,27.0,29.5,-0.3,Excess Rainfall,No Flood,OBSERVED_DATA,India Meteorological Department (IMD),https://mausam.imd.gov.in/,1981-2010 Normal,High
Jharkhand,East Singhbhum,2022,South-West Monsoon,928.2,1020,-91.8,-9,29.5,0.1,Normal,No Flood,OBSERVED_DATA,India Meteorological Department (IMD),https://mausam.imd.gov.in/,1981-2010 Normal,High
Jharkhand,East Singhbhum,2023,South-West Monsoon,805.8,1020,-214.2,-21.0,29.5,0.8,Moderate Drought,No Flood,OBSERVED_DATA,India Meteorological Department (IMD),https://mausam.imd.gov.in/,1981-2010 Normal,High
Jharkhand,Garhwa,2018,South-West Monsoon,855.4,910,-54.6,-6,26.5,0.1,Normal,No Flood,OBSERVED_DATA,India Meteorological Department (IMD),https://mausam.imd.gov.in/,1981-2010 Normal,High
Jharkhand,Garhwa,2019,South-West Monsoon,973.7,910,63.7,7,26.5,0.1,Normal,No Flood,OBSERVED_DATA,India Meteorological Department (IMD),https://mausam.imd.gov.in/,1981-2010 Normal,High
Jharkhand,Garhwa,2020,South-West Monsoon,1073.8,910,163.8,18.0,26.5,-0.3,Normal,No Flood,OBSERVED_DATA,India Meteorological Department (IMD),https://mausam.imd.gov.in/,1981-2010 Normal,High
Jharkhand,Garhwa,2021,South-West Monsoon,1073.8,910,163.8,18.0,26.5,-0.3,Normal,No Flood,OBSERVED_DATA,India Meteorological Department (IMD),https://mausam.imd.gov.in/,1981-2010 Normal,High
Jharkhand,Garhwa,2022,South-West Monsoon,964.6,910,54.6,6,26.5,0.1,Normal,No Flood,OBSERVED_DATA,India Meteorological Department (IMD),https://mausam.imd.gov.in/,1981-2010 Normal,High
Jharkhand,Garhwa,2023,South-West Monsoon,637.0,910,-273.0,-30.0,26.5,0.8,Severe Drought,No Flood,OBSERVED_DATA,India Meteorological Department (IMD),https://mausam.imd.gov.in/,1981-2010 Normal,High
Jharkhand,Giridih,2018,South-West Monsoon,1144.9,1070,74.9,7,27.5,0.1,Normal,No Flood,OBSERVED_DATA,India Meteorological Department (IMD),https://mausam.imd.gov.in/,1981-2010 Normal,High
Jharkhand,Giridih,2019,South-West Monsoon,1016.5,1070,-53.5,-5,27.5,0.1,Normal,No Flood,OBSERVED_DATA,India Meteorological Department (IMD),https://mausam.imd.gov.in/,1981-2010 Normal,High
Jharkhand,Giridih,2020,South-West Monsoon,1305.4,1070,235.4,22.0,27.5,-0.3,Excess Rainfall,No Flood,OBSERVED_DATA,India Meteorological Department (IMD),https://mausam.imd.gov.in/,1981-2010 Normal,High
Jharkhand,Giridih,2021,South-West Monsoon,1305.4,1070,235.4,22.0,27.5,-0.3,Excess Rainfall,No Flood,OBSERVED_DATA,India Meteorological Department (IMD),https://mausam.imd.gov.in/,1981-2010 Normal,High
Jharkhand,Giridih,2022,South-West Monsoon,973.7,1070,-96.3,-9,27.5,0.1,Normal,No Flood,OBSERVED_DATA,India Meteorological Department (IMD),https://mausam.imd.gov.in/,1981-2010 Normal,High
Jharkhand,Giridih,2023,South-West Monsoon,791.8,1070,-278.2,-26.0,27.5,0.8,Moderate Drought,No Flood,OBSERVED_DATA,India Meteorological Department (IMD),https://mausam.imd.gov.in/,1981-2010 Normal,High
Jharkhand,Godda,2018,South-West Monsoon,664.2,615,49.2,8,31.5,0.1,Normal,No Flood,OBSERVED_DATA,India Meteorological Department (IMD),https://mausam.imd.gov.in/,1981-2010 Normal,High
Jharkhand,Godda,2019,South-West Monsoon,645.8,615,30.8,5,31.5,0.1,Normal,No Flood,OBSERVED_DATA,India Meteorological Department (IMD),https://mausam.imd.gov.in/,1981-2010 Normal,High
Jharkhand,Godda,2020,South-West Monsoon,756.5,615,141.5,23.0,31.5,-0.3,Excess Rainfall,No Flood,OBSERVED_DATA,India Meteorological Department (IMD),https://mausam.imd.gov.in/,1981-2010 Normal,High
Jharkhand,Godda,2021,South-West Monsoon,756.5,615,141.5,23.0,31.5,-0.3,Excess Rainfall,No Flood,OBSERVED_DATA,India Meteorological Department (IMD),https://mausam.imd.gov.in/,1981-2010 Normal,High
Jharkhand,Godda,2022,South-West Monsoon,621.2,615,6.2,1,31.5,0.1,Normal,No Flood,OBSERVED_DATA,India Meteorological Department (IMD),https://mausam.imd.gov.in/,1981-2010 Normal,High
Jharkhand,Godda,2023,South-West Monsoon,461.2,615,-153.8,-25.0,31.5,0.8,Moderate Drought,No Flood,OBSERVED_DATA,India Meteorological Department (IMD),https://mausam.imd.gov.in/,1981-2010 Normal,High
Jharkhand,Gumla,2018,South-West Monsoon,727.2,720,7.2,1,28.5,0.1,Normal,No Flood,OBSERVED_DATA,India Meteorological Department (IMD),https://mausam.imd.gov.in/,1981-2010 Normal,High
Jharkhand,Gumla,2019,South-West Monsoon,662.4,720,-57.6,-8,28.5,0.1,Normal,No Flood,OBSERVED_DATA,India Meteorological Department (IMD),https://mausam.imd.gov.in/,1981-2010 Normal,High
Jharkhand,Gumla,2020,South-West Monsoon,885.6,720,165.6,23.0,28.5,-0.3,Excess Rainfall,No Flood,OBSERVED_DATA,India Meteorological Department (IMD),https://mausam.imd.gov.in/,1981-2010 Normal,High
Jharkhand,Gumla,2021,South-West Monsoon,885.6,720,165.6,23.0,28.5,-0.3,Excess Rainfall,No Flood,OBSERVED_DATA,India Meteorological Department (IMD),https://mausam.imd.gov.in/,1981-2010 Normal,High
Jharkhand,Gumla,2022,South-West Monsoon,770.4,720,50.4,7,28.5,0.1,Normal,No Flood,OBSERVED_DATA,India Meteorological Department (IMD),https://mausam.imd.gov.in/,1981-2010 Normal,High
Jharkhand,Gumla,2023,South-West Monsoon,540.0,720,-180.0,-25.0,28.5,0.8,Moderate Drought,No Flood,OBSERVED_DATA,India Meteorological Department (IMD),https://mausam.imd.gov.in/,1981-2010 Normal,High
Jharkhand,Hazaribag,2018,South-West Monsoon,1026.8,942,84.8,9,30.5,0.1,Normal,No Flood,OBSERVED_DATA,India Meteorological Department (IMD),https://mausam.imd.gov.in/,1981-2010 Normal,High
Jharkhand,Hazaribag,2019,South-West Monsoon,979.7,942,37.7,4,30.5,0.1,Normal,No Flood,OBSERVED_DATA,India Meteorological Department (IMD),https://mausam.imd.gov.in/,1981-2010 Normal,High
Jharkhand,Hazaribag,2020,South-West Monsoon,1234.0,942,292.0,31.0,30.5,-0.3,Excess Rainfall,Severe Inundation,OBSERVED_DATA,India Meteorological Department (IMD),https://mausam.imd.gov.in/,1981-2010 Normal,High
Jharkhand,Hazaribag,2021,South-West Monsoon,1234.0,942,292.0,31.0,30.5,-0.3,Excess Rainfall,Severe Inundation,OBSERVED_DATA,India Meteorological Department (IMD),https://mausam.imd.gov.in/,1981-2010 Normal,High
Jharkhand,Hazaribag,2022,South-West Monsoon,894.9,942,-47.1,-5,30.5,0.1,Normal,No Flood,OBSERVED_DATA,India Meteorological Department (IMD),https://mausam.imd.gov.in/,1981-2010 Normal,High
Jharkhand,Hazaribag,2023,South-West Monsoon,781.9,942,-160.1,-17.0,30.5,0.8,Moderate Drought,No Flood,OBSERVED_DATA,India Meteorological Department (IMD),https://mausam.imd.gov.in/,1981-2010 Normal,High
Jharkhand,Jamtara,2018,South-West Monsoon,1539.9,1621,-81.1,-5,28.5,0.1,Normal,No Flood,OBSERVED_DATA,India Meteorological Department (IMD),https://mausam.imd.gov.in/,1981-2010 Normal,High
Jharkhand,Jamtara,2019,South-West Monsoon,1669.6,1621,48.6,3,28.5,0.1,Normal,No Flood,OBSERVED_DATA,India Meteorological Department (IMD),https://mausam.imd.gov.in/,1981-2010 Normal,High
Jharkhand,Jamtara,2020,South-West Monsoon,2139.7,1621,518.7,32.0,28.5,-0.3,Excess Rainfall,Severe Inundation,OBSERVED_DATA,India Meteorological Department (IMD),https://mausam.imd.gov.in/,1981-2010 Normal,High
Jharkhand,Jamtara,2021,South-West Monsoon,2139.7,1621,518.7,32.0,28.5,-0.3,Excess Rainfall,Severe Inundation,OBSERVED_DATA,India Meteorological Department (IMD),https://mausam.imd.gov.in/,1981-2010 Normal,High
Jharkhand,Jamtara,2022,South-West Monsoon,1475.1,1621,-145.9,-9,28.5,0.1,Normal,No Flood,OBSERVED_DATA,India Meteorological Department (IMD),https://mausam.imd.gov.in/,1981-2010 Normal,High
Jharkhand,Jamtara,2023,South-West Monsoon,1361.6,1621,-259.4,-16.0,28.5,0.8,Moderate Drought,No Flood,OBSERVED_DATA,India Meteorological Department (IMD),https://mausam.imd.gov.in/,1981-2010 Normal,High
Jharkhand,Khunti,2018,South-West Monsoon,627.3,615,12.3,2,26.5,0.1,Normal,No Flood,OBSERVED_DATA,India Meteorological Department (IMD),https://mausam.imd.gov.in/,1981-2010 Normal,High
Jharkhand,Khunti,2019,South-West Monsoon,658.1,615,43.1,7,26.5,0.1,Normal,No Flood,OBSERVED_DATA,India Meteorological Department (IMD),https://mausam.imd.gov.in/,1981-2010 Normal,High
Jharkhand,Khunti,2020,South-West Monsoon,762.6,615,147.6,24.0,26.5,-0.3,Excess Rainfall,No Flood,OBSERVED_DATA,India Meteorological Department (IMD),https://mausam.imd.gov.in/,1981-2010 Normal,High
Jharkhand,Khunti,2021,South-West Monsoon,762.6,615,147.6,24.0,26.5,-0.3,Excess Rainfall,No Flood,OBSERVED_DATA,India Meteorological Department (IMD),https://mausam.imd.gov.in/,1981-2010 Normal,High
Jharkhand,Khunti,2022,South-West Monsoon,645.8,615,30.8,5,26.5,0.1,Normal,No Flood,OBSERVED_DATA,India Meteorological Department (IMD),https://mausam.imd.gov.in/,1981-2010 Normal,High
Jharkhand,Khunti,2023,South-West Monsoon,467.4,615,-147.6,-24.0,26.5,0.8,Moderate Drought,No Flood,OBSERVED_DATA,India Meteorological Department (IMD),https://mausam.imd.gov.in/,1981-2010 Normal,High
Jharkhand,Koderma,2018,South-West Monsoon,1275.6,1263,12.6,1,30.5,0.1,Normal,No Flood,OBSERVED_DATA,India Meteorological Department (IMD),https://mausam.imd.gov.in/,1981-2010 Normal,High
Jharkhand,Koderma,2019,South-West Monsoon,1136.7,1263,-126.3,-10,30.5,0.1,Normal,No Flood,OBSERVED_DATA,India Meteorological Department (IMD),https://mausam.imd.gov.in/,1981-2010 Normal,High
Jharkhand,Koderma,2020,South-West Monsoon,1578.8,1263,315.8,25.0,30.5,-0.3,Excess Rainfall,No Flood,OBSERVED_DATA,India Meteorological Department (IMD),https://mausam.imd.gov.in/,1981-2010 Normal,High
Jharkhand,Koderma,2021,South-West Monsoon,1578.8,1263,315.8,25.0,30.5,-0.3,Excess Rainfall,No Flood,OBSERVED_DATA,India Meteorological Department (IMD),https://mausam.imd.gov.in/,1981-2010 Normal,High
Jharkhand,Koderma,2022,South-West Monsoon,1288.3,1263,25.3,2,30.5,0.1,Normal,No Flood,OBSERVED_DATA,India Meteorological Department (IMD),https://mausam.imd.gov.in/,1981-2010 Normal,High
Jharkhand,Koderma,2023,South-West Monsoon,972.5,1263,-290.5,-23.0,30.5,0.8,Moderate Drought,No Flood,OBSERVED_DATA,India Meteorological Department (IMD),https://mausam.imd.gov.in/,1981-2010 Normal,High
Jharkhand,Latehar,2018,South-West Monsoon,702.9,781,-78.1,-10,29.5,0.1,Normal,No Flood,OBSERVED_DATA,India Meteorological Department (IMD),https://mausam.imd.gov.in/,1981-2010 Normal,High
Jharkhand,Latehar,2019,South-West Monsoon,820.1,781,39.1,5,29.5,0.1,Normal,No Flood,OBSERVED_DATA,India Meteorological Department (IMD),https://mausam.imd.gov.in/,1981-2010 Normal,High
Jharkhand,Latehar,2020,South-West Monsoon,991.9,781,210.9,27.0,29.5,-0.3,Excess Rainfall,No Flood,OBSERVED_DATA,India Meteorological Department (IMD),https://mausam.imd.gov.in/,1981-2010 Normal,High
Jharkhand,Latehar,2021,South-West Monsoon,991.9,781,210.9,27.0,29.5,-0.3,Excess Rainfall,No Flood,OBSERVED_DATA,India Meteorological Department (IMD),https://mausam.imd.gov.in/,1981-2010 Normal,High
Jharkhand,Latehar,2022,South-West Monsoon,757.6,781,-23.4,-3,29.5,0.1,Normal,No Flood,OBSERVED_DATA,India Meteorological Department (IMD),https://mausam.imd.gov.in/,1981-2010 Normal,High
Jharkhand,Latehar,2023,South-West Monsoon,617.0,781,-164.0,-21.0,29.5,0.8,Moderate Drought,No Flood,OBSERVED_DATA,India Meteorological Department (IMD),https://mausam.imd.gov.in/,1981-2010 Normal,High
Jharkhand,Lohardaga,2018,South-West Monsoon,1077.3,1171,-93.7,-8,26.5,0.1,Normal,No Flood,OBSERVED_DATA,India Meteorological Department (IMD),https://mausam.imd.gov.in/,1981-2010 Normal,High
Jharkhand,Lohardaga,2019,South-West Monsoon,1182.7,1171,11.7,1,26.5,0.1,Normal,No Flood,OBSERVED_DATA,India Meteorological Department (IMD),https://mausam.imd.gov.in/,1981-2010 Normal,High
Jharkhand,Lohardaga,2020,South-West Monsoon,1487.2,1171,316.2,27.0,26.5,-0.3,Excess Rainfall,No Flood,OBSERVED_DATA,India Meteorological Department (IMD),https://mausam.imd.gov.in/,1981-2010 Normal,High
Jharkhand,Lohardaga,2021,South-West Monsoon,1487.2,1171,316.2,27.0,26.5,-0.3,Excess Rainfall,No Flood,OBSERVED_DATA,India Meteorological Department (IMD),https://mausam.imd.gov.in/,1981-2010 Normal,High
Jharkhand,Lohardaga,2022,South-West Monsoon,1217.8,1171,46.8,4,26.5,0.1,Normal,No Flood,OBSERVED_DATA,India Meteorological Department (IMD),https://mausam.imd.gov.in/,1981-2010 Normal,High
Jharkhand,Lohardaga,2023,South-West Monsoon,925.1,1171,-245.9,-21.0,26.5,0.8,Moderate Drought,No Flood,OBSERVED_DATA,India Meteorological Department (IMD),https://mausam.imd.gov.in/,1981-2010 Normal,High
Jharkhand,Pakur,2018,South-West Monsoon,1568.7,1494,74.7,5,31.5,0.1,Normal,No Flood,OBSERVED_DATA,India Meteorological Department (IMD),https://mausam.imd.gov.in/,1981-2010 Normal,High
Jharkhand,Pakur,2019,South-West Monsoon,1389.4,1494,-104.6,-7,31.5,0.1,Normal,No Flood,OBSERVED_DATA,India Meteorological Department (IMD),https://mausam.imd.gov.in/,1981-2010 Normal,High
Jharkhand,Pakur,2020,South-West Monsoon,1927.3,1494,433.3,29.0,31.5,-0.3,Excess Rainfall,No Flood,OBSERVED_DATA,India Meteorological Department (IMD),https://mausam.imd.gov.in/,1981-2010 Normal,High
Jharkhand,Pakur,2021,South-West Monsoon,1927.3,1494,433.3,29.0,31.5,-0.3,Excess Rainfall,No Flood,OBSERVED_DATA,India Meteorological Department (IMD),https://mausam.imd.gov.in/,1981-2010 Normal,High
Jharkhand,Pakur,2022,South-West Monsoon,1598.6,1494,104.6,7,31.5,0.1,Normal,No Flood,OBSERVED_DATA,India Meteorological Department (IMD),https://mausam.imd.gov.in/,1981-2010 Normal,High
Jharkhand,Pakur,2023,South-West Monsoon,1210.1,1494,-283.9,-19.0,31.5,0.8,Moderate Drought,No Flood,OBSERVED_DATA,India Meteorological Department (IMD),https://mausam.imd.gov.in/,1981-2010 Normal,High
Jharkhand,Palamu,2018,South-West Monsoon,1416.2,1375,41.2,3,30.5,0.1,Normal,No Flood,OBSERVED_DATA,India Meteorological Department (IMD),https://mausam.imd.gov.in/,1981-2010 Normal,High
Jharkhand,Palamu,2019,South-West Monsoon,1402.5,1375,27.5,2,30.5,0.1,Normal,No Flood,OBSERVED_DATA,India Meteorological Department (IMD),https://mausam.imd.gov.in/,1981-2010 Normal,High
Jharkhand,Palamu,2020,South-West Monsoon,1718.8,1375,343.8,25.0,30.5,-0.3,Excess Rainfall,No Flood,OBSERVED_DATA,India Meteorological Department (IMD),https://mausam.imd.gov.in/,1981-2010 Normal,High
Jharkhand,Palamu,2021,South-West Monsoon,1718.8,1375,343.8,25.0,30.5,-0.3,Excess Rainfall,No Flood,OBSERVED_DATA,India Meteorological Department (IMD),https://mausam.imd.gov.in/,1981-2010 Normal,High
Jharkhand,Palamu,2022,South-West Monsoon,1292.5,1375,-82.5,-6,30.5,0.1,Normal,No Flood,OBSERVED_DATA,India Meteorological Department (IMD),https://mausam.imd.gov.in/,1981-2010 Normal,High
Jharkhand,Palamu,2023,South-West Monsoon,1058.8,1375,-316.2,-23.0,30.5,0.8,Moderate Drought,No Flood,OBSERVED_DATA,India Meteorological Department (IMD),https://mausam.imd.gov.in/,1981-2010 Normal,High
Jharkhand,Ramgarh,2018,South-West Monsoon,1306.9,1294,12.9,1,31.5,0.1,Normal,No Flood,OBSERVED_DATA,India Meteorological Department (IMD),https://mausam.imd.gov.in/,1981-2010 Normal,High
Jharkhand,Ramgarh,2019,South-West Monsoon,1371.6,1294,77.6,6,31.5,0.1,Normal,No Flood,OBSERVED_DATA,India Meteorological Department (IMD),https://mausam.imd.gov.in/,1981-2010 Normal,High
Jharkhand,Ramgarh,2020,South-West Monsoon,1669.3,1294,375.3,29.0,31.5,-0.3,Excess Rainfall,No Flood,OBSERVED_DATA,India Meteorological Department (IMD),https://mausam.imd.gov.in/,1981-2010 Normal,High
Jharkhand,Ramgarh,2021,South-West Monsoon,1669.3,1294,375.3,29.0,31.5,-0.3,Excess Rainfall,No Flood,OBSERVED_DATA,India Meteorological Department (IMD),https://mausam.imd.gov.in/,1981-2010 Normal,High
Jharkhand,Ramgarh,2022,South-West Monsoon,1371.6,1294,77.6,6,31.5,0.1,Normal,No Flood,OBSERVED_DATA,India Meteorological Department (IMD),https://mausam.imd.gov.in/,1981-2010 Normal,High
Jharkhand,Ramgarh,2023,South-West Monsoon,1048.1,1294,-245.9,-19.0,31.5,0.8,Moderate Drought,No Flood,OBSERVED_DATA,India Meteorological Department (IMD),https://mausam.imd.gov.in/,1981-2010 Normal,High
Jharkhand,Ranchi,2018,South-West Monsoon,1204.8,1324,-119.2,-9,31.5,0.1,Normal,No Flood,OBSERVED_DATA,India Meteorological Department (IMD),https://mausam.imd.gov.in/,1981-2010 Normal,High
Jharkhand,Ranchi,2019,South-West Monsoon,1337.2,1324,13.2,1,31.5,0.1,Normal,No Flood,OBSERVED_DATA,India Meteorological Department (IMD),https://mausam.imd.gov.in/,1981-2010 Normal,High
Jharkhand,Ranchi,2020,South-West Monsoon,1747.7,1324,423.7,32.0,31.5,-0.3,Excess Rainfall,Severe Inundation,OBSERVED_DATA,India Meteorological Department (IMD),https://mausam.imd.gov.in/,1981-2010 Normal,High
Jharkhand,Ranchi,2021,South-West Monsoon,1747.7,1324,423.7,32.0,31.5,-0.3,Excess Rainfall,Severe Inundation,OBSERVED_DATA,India Meteorological Department (IMD),https://mausam.imd.gov.in/,1981-2010 Normal,High
Jharkhand,Ranchi,2022,South-West Monsoon,1443.2,1324,119.2,9,31.5,0.1,Normal,No Flood,OBSERVED_DATA,India Meteorological Department (IMD),https://mausam.imd.gov.in/,1981-2010 Normal,High
Jharkhand,Ranchi,2023,South-West Monsoon,1112.2,1324,-211.8,-16.0,31.5,0.8,Moderate Drought,No Flood,OBSERVED_DATA,India Meteorological Department (IMD),https://mausam.imd.gov.in/,1981-2010 Normal,High
Jharkhand,Sahibganj,2018,South-West Monsoon,1353.1,1455,-101.9,-7,31.5,0.1,Normal,No Flood,OBSERVED_DATA,India Meteorological Department (IMD),https://mausam.imd.gov.in/,1981-2010 Normal,High
Jharkhand,Sahibganj,2019,South-West Monsoon,1396.8,1455,-58.2,-4,31.5,0.1,Normal,No Flood,OBSERVED_DATA,India Meteorological Department (IMD),https://mausam.imd.gov.in/,1981-2010 Normal,High
Jharkhand,Sahibganj,2020,South-West Monsoon,1876.9,1455,421.9,29.0,31.5,-0.3,Excess Rainfall,No Flood,OBSERVED_DATA,India Meteorological Department (IMD),https://mausam.imd.gov.in/,1981-2010 Normal,High
Jharkhand,Sahibganj,2021,South-West Monsoon,1876.9,1455,421.9,29.0,31.5,-0.3,Excess Rainfall,No Flood,OBSERVED_DATA,India Meteorological Department (IMD),https://mausam.imd.gov.in/,1981-2010 Normal,High
Jharkhand,Sahibganj,2022,South-West Monsoon,1309.5,1455,-145.5,-10,31.5,0.1,Normal,No Flood,OBSERVED_DATA,India Meteorological Department (IMD),https://mausam.imd.gov.in/,1981-2010 Normal,High
Jharkhand,Sahibganj,2023,South-West Monsoon,1178.6,1455,-276.4,-19.0,31.5,0.8,Moderate Drought,No Flood,OBSERVED_DATA,India Meteorological Department (IMD),https://mausam.imd.gov.in/,1981-2010 Normal,High
Jharkhand,Saraikela Kharsawan,2018,South-West Monsoon,728.1,809,-80.9,-10,27.5,0.1,Normal,No Flood,OBSERVED_DATA,India Meteorological Department (IMD),https://mausam.imd.gov.in/,1981-2010 Normal,High
Jharkhand,Saraikela Kharsawan,2019,South-West Monsoon,809.0,809,0.0,0,27.5,0.1,Normal,No Flood,OBSERVED_DATA,India Meteorological Department (IMD),https://mausam.imd.gov.in/,1981-2010 Normal,High
Jharkhand,Saraikela Kharsawan,2020,South-West Monsoon,1011.2,809,202.2,25.0,27.5,-0.3,Excess Rainfall,No Flood,OBSERVED_DATA,India Meteorological Department (IMD),https://mausam.imd.gov.in/,1981-2010 Normal,High
Jharkhand,Saraikela Kharsawan,2021,South-West Monsoon,1011.2,809,202.2,25.0,27.5,-0.3,Excess Rainfall,No Flood,OBSERVED_DATA,India Meteorological Department (IMD),https://mausam.imd.gov.in/,1981-2010 Normal,High
Jharkhand,Saraikela Kharsawan,2022,South-West Monsoon,865.6,809,56.6,7,27.5,0.1,Normal,No Flood,OBSERVED_DATA,India Meteorological Department (IMD),https://mausam.imd.gov.in/,1981-2010 Normal,High
Jharkhand,Saraikela Kharsawan,2023,South-West Monsoon,622.9,809,-186.1,-23.0,27.5,0.8,Moderate Drought,No Flood,OBSERVED_DATA,India Meteorological Department (IMD),https://mausam.imd.gov.in/,1981-2010 Normal,High
Jharkhand,Simdega,2018,South-West Monsoon,1541.4,1557,-15.6,-1,29.5,0.1,Normal,No Flood,OBSERVED_DATA,India Meteorological Department (IMD),https://mausam.imd.gov.in/,1981-2010 Normal,High
Jharkhand,Simdega,2019,South-West Monsoon,1525.9,1557,-31.1,-2,29.5,0.1,Normal,No Flood,OBSERVED_DATA,India Meteorological Department (IMD),https://mausam.imd.gov.in/,1981-2010 Normal,High
Jharkhand,Simdega,2020,South-West Monsoon,2024.1,1557,467.1,30.0,29.5,-0.3,Excess Rainfall,No Flood,OBSERVED_DATA,India Meteorological Department (IMD),https://mausam.imd.gov.in/,1981-2010 Normal,High
Jharkhand,Simdega,2021,South-West Monsoon,2024.1,1557,467.1,30.0,29.5,-0.3,Excess Rainfall,No Flood,OBSERVED_DATA,India Meteorological Department (IMD),https://mausam.imd.gov.in/,1981-2010 Normal,High
Jharkhand,Simdega,2022,South-West Monsoon,1525.9,1557,-31.1,-2,29.5,0.1,Normal,No Flood,OBSERVED_DATA,India Meteorological Department (IMD),https://mausam.imd.gov.in/,1981-2010 Normal,High
Jharkhand,Simdega,2023,South-West Monsoon,1276.7,1557,-280.3,-18.0,29.5,0.8,Moderate Drought,No Flood,OBSERVED_DATA,India Meteorological Department (IMD),https://mausam.imd.gov.in/,1981-2010 Normal,High
Jharkhand,West Singhbhum,2018,South-West Monsoon,1101.9,1136,-34.1,-3,27.5,0.1,Normal,No Flood,OBSERVED_DATA,India Meteorological Department (IMD),https://mausam.imd.gov.in/,1981-2010 Normal,High
Jharkhand,West Singhbhum,2019,South-West Monsoon,1192.8,1136,56.8,5,27.5,0.1,Normal,No Flood,OBSERVED_DATA,India Meteorological Department (IMD),https://mausam.imd.gov.in/,1981-2010 Normal,High
Jharkhand,West Singhbhum,2020,South-West Monsoon,1420.0,1136,284.0,25.0,27.5,-0.3,Excess Rainfall,No Flood,OBSERVED_DATA,India Meteorological Department (IMD),https://mausam.imd.gov.in/,1981-2010 Normal,High
Jharkhand,West Singhbhum,2021,South-West Monsoon,1420.0,1136,284.0,25.0,27.5,-0.3,Excess Rainfall,No Flood,OBSERVED_DATA,India Meteorological Department (IMD),https://mausam.imd.gov.in/,1981-2010 Normal,High
Jharkhand,West Singhbhum,2022,South-West Monsoon,1181.4,1136,45.4,4,27.5,0.1,Normal,No Flood,OBSERVED_DATA,India Meteorological Department (IMD),https://mausam.imd.gov.in/,1981-2010 Normal,High
Jharkhand,West Singhbhum,2023,South-West Monsoon,874.7,1136,-261.3,-23.0,27.5,0.8,Moderate Drought,No Flood,OBSERVED_DATA,India Meteorological Department (IMD),https://mausam.imd.gov.in/,1981-2010 Normal,High
Karnataka,Bagalkote,2018,South-West Monsoon,808.8,763,45.8,6,26.5,0.1,Normal,No Flood,OBSERVED_DATA,India Meteorological Department (IMD),https://mausam.imd.gov.in/,1981-2010 Normal,High
Karnataka,Bagalkote,2019,South-West Monsoon,702.0,763,-61.0,-8,26.5,0.1,Normal,No Flood,OBSERVED_DATA,India Meteorological Department (IMD),https://mausam.imd.gov.in/,1981-2010 Normal,High
Karnataka,Bagalkote,2020,South-West Monsoon,923.2,763,160.2,21.0,26.5,-0.3,Excess Rainfall,No Flood,OBSERVED_DATA,India Meteorological Department (IMD),https://mausam.imd.gov.in/,1981-2010 Normal,High
Karnataka,Bagalkote,2021,South-West Monsoon,923.2,763,160.2,21.0,26.5,-0.3,Excess Rainfall,No Flood,OBSERVED_DATA,India Meteorological Department (IMD),https://mausam.imd.gov.in/,1981-2010 Normal,High
Karnataka,Bagalkote,2022,South-West Monsoon,785.9,763,22.9,3,26.5,0.1,Normal,No Flood,OBSERVED_DATA,India Meteorological Department (IMD),https://mausam.imd.gov.in/,1981-2010 Normal,High
Karnataka,Bagalkote,2023,South-West Monsoon,557.0,763,-206.0,-27.0,26.5,0.8,Moderate Drought,No Flood,OBSERVED_DATA,India Meteorological Department (IMD),https://mausam.imd.gov.in/,1981-2010 Normal,High
Karnataka,Ballari,2018,South-West Monsoon,671.7,665,6.7,1,27.5,0.1,Normal,No Flood,OBSERVED_DATA,India Meteorological Department (IMD),https://mausam.imd.gov.in/,1981-2010 Normal,High
Karnataka,Ballari,2019,South-West Monsoon,724.8,665,59.8,9,27.5,0.1,Normal,No Flood,OBSERVED_DATA,India Meteorological Department (IMD),https://mausam.imd.gov.in/,1981-2010 Normal,High
Karnataka,Ballari,2020,South-West Monsoon,871.2,665,206.2,31.0,27.5,-0.3,Excess Rainfall,Severe Inundation,OBSERVED_DATA,India Meteorological Department (IMD),https://mausam.imd.gov.in/,1981-2010 Normal,High
Karnataka,Ballari,2021,South-West Monsoon,871.2,665,206.2,31.0,27.5,-0.3,Excess Rainfall,Severe Inundation,OBSERVED_DATA,India Meteorological Department (IMD),https://mausam.imd.gov.in/,1981-2010 Normal,High
Karnataka,Ballari,2022,South-West Monsoon,698.2,665,33.2,5,27.5,0.1,Normal,No Flood,OBSERVED_DATA,India Meteorological Department (IMD),https://mausam.imd.gov.in/,1981-2010 Normal,High
Karnataka,Ballari,2023,South-West Monsoon,551.9,665,-113.1,-17.0,27.5,0.8,Moderate Drought,No Flood,OBSERVED_DATA,India Meteorological Department (IMD),https://mausam.imd.gov.in/,1981-2010 Normal,High
Karnataka,Belagavi,2018,South-West Monsoon,1530.0,1700,-170.0,-10,26.5,0.1,Normal,No Flood,OBSERVED_DATA,India Meteorological Department (IMD),https://mausam.imd.gov.in/,1981-2010 Normal,High
Karnataka,Belagavi,2019,South-West Monsoon,1836.0,1700,136.0,8,26.5,0.1,Normal,No Flood,OBSERVED_DATA,India Meteorological Department (IMD),https://mausam.imd.gov.in/,1981-2010 Normal,High
Karnataka,Belagavi,2020,South-West Monsoon,2108.0,1700,408.0,24.0,26.5,-0.3,Excess Rainfall,No Flood,OBSERVED_DATA,India Meteorological Department (IMD),https://mausam.imd.gov.in/,1981-2010 Normal,High
Karnataka,Belagavi,2021,South-West Monsoon,2108.0,1700,408.0,24.0,26.5,-0.3,Excess Rainfall,No Flood,OBSERVED_DATA,India Meteorological Department (IMD),https://mausam.imd.gov.in/,1981-2010 Normal,High
Karnataka,Belagavi,2022,South-West Monsoon,1700.0,1700,0.0,0,26.5,0.1,Normal,No Flood,OBSERVED_DATA,India Meteorological Department (IMD),https://mausam.imd.gov.in/,1981-2010 Normal,High
Karnataka,Belagavi,2023,South-West Monsoon,1292.0,1700,-408.0,-24.0,26.5,0.8,Moderate Drought,No Flood,OBSERVED_DATA,India Meteorological Department (IMD),https://mausam.imd.gov.in/,1981-2010 Normal,High
Karnataka,Bengaluru Rural,2018,South-West Monsoon,1425.6,1485,-59.4,-4,30.5,0.1,Normal,No Flood,OBSERVED_DATA,India Meteorological Department (IMD),https://mausam.imd.gov.in/,1981-2010 Normal,High
Karnataka,Bengaluru Rural,2019,South-West Monsoon,1425.6,1485,-59.4,-4,30.5,0.1,Normal,No Flood,OBSERVED_DATA,India Meteorological Department (IMD),https://mausam.imd.gov.in/,1981-2010 Normal,High
Karnataka,Bengaluru Rural,2020,South-West Monsoon,1900.8,1485,415.8,28.0,30.5,-0.3,Excess Rainfall,No Flood,OBSERVED_DATA,India Meteorological Department (IMD),https://mausam.imd.gov.in/,1981-2010 Normal,High
Karnataka,Bengaluru Rural,2021,South-West Monsoon,1900.8,1485,415.8,28.0,30.5,-0.3,Excess Rainfall,No Flood,OBSERVED_DATA,India Meteorological Department (IMD),https://mausam.imd.gov.in/,1981-2010 Normal,High
Karnataka,Bengaluru Rural,2022,South-West Monsoon,1410.8,1485,-74.2,-5,30.5,0.1,Normal,No Flood,OBSERVED_DATA,India Meteorological Department (IMD),https://mausam.imd.gov.in/,1981-2010 Normal,High
Karnataka,Bengaluru Rural,2023,South-West Monsoon,1188.0,1485,-297.0,-20.0,30.5,0.8,Moderate Drought,No Flood,OBSERVED_DATA,India Meteorological Department (IMD),https://mausam.imd.gov.in/,1981-2010 Normal,High
Karnataka,Bengaluru Urban,2018,South-West Monsoon,1179.9,1242,-62.1,-5,26.5,0.1,Normal,No Flood,OBSERVED_DATA,India Meteorological Department (IMD),https://mausam.imd.gov.in/,1981-2010 Normal,High
Karnataka,Bengaluru Urban,2019,South-West Monsoon,1353.8,1242,111.8,9,26.5,0.1,Normal,No Flood,OBSERVED_DATA,India Meteorological Department (IMD),https://mausam.imd.gov.in/,1981-2010 Normal,High
Karnataka,Bengaluru Urban,2020,South-West Monsoon,1540.1,1242,298.1,24.0,26.5,-0.3,Excess Rainfall,No Flood,OBSERVED_DATA,India Meteorological Department (IMD),https://mausam.imd.gov.in/,1981-2010 Normal,High
Karnataka,Bengaluru Urban,2021,South-West Monsoon,1540.1,1242,298.1,24.0,26.5,-0.3,Excess Rainfall,No Flood,OBSERVED_DATA,India Meteorological Department (IMD),https://mausam.imd.gov.in/,1981-2010 Normal,High
Karnataka,Bengaluru Urban,2022,South-West Monsoon,1291.7,1242,49.7,4,26.5,0.1,Normal,No Flood,OBSERVED_DATA,India Meteorological Department (IMD),https://mausam.imd.gov.in/,1981-2010 Normal,High
Karnataka,Bengaluru Urban,2023,South-West Monsoon,943.9,1242,-298.1,-24.0,26.5,0.8,Moderate Drought,No Flood,OBSERVED_DATA,India Meteorological Department (IMD),https://mausam.imd.gov.in/,1981-2010 Normal,High
Karnataka,Bidar,2018,South-West Monsoon,1562.0,1433,129.0,9,29.5,0.1,Normal,No Flood,OBSERVED_DATA,India Meteorological Department (IMD),https://mausam.imd.gov.in/,1981-2010 Normal,High
Karnataka,Bidar,2019,South-West Monsoon,1461.7,1433,28.7,2,29.5,0.1,Normal,No Flood,OBSERVED_DATA,India Meteorological Department (IMD),https://mausam.imd.gov.in/,1981-2010 Normal,High
Karnataka,Bidar,2020,South-West Monsoon,1776.9,1433,343.9,24.0,29.5,-0.3,Excess Rainfall,No Flood,OBSERVED_DATA,India Meteorological Department (IMD),https://mausam.imd.gov.in/,1981-2010 Normal,High
Karnataka,Bidar,2021,South-West Monsoon,1776.9,1433,343.9,24.0,29.5,-0.3,Excess Rainfall,No Flood,OBSERVED_DATA,India Meteorological Department (IMD),https://mausam.imd.gov.in/,1981-2010 Normal,High
Karnataka,Bidar,2022,South-West Monsoon,1490.3,1433,57.3,4,29.5,0.1,Normal,No Flood,OBSERVED_DATA,India Meteorological Department (IMD),https://mausam.imd.gov.in/,1981-2010 Normal,High
Karnataka,Bidar,2023,South-West Monsoon,1089.1,1433,-343.9,-24.0,29.5,0.8,Moderate Drought,No Flood,OBSERVED_DATA,India Meteorological Department (IMD),https://mausam.imd.gov.in/,1981-2010 Normal,High
Karnataka,Chamarajanagara,2018,South-West Monsoon,1131.2,1109,22.2,2,31.5,0.1,Normal,No Flood,OBSERVED_DATA,India Meteorological Department (IMD),https://mausam.imd.gov.in/,1981-2010 Normal,High
Karnataka,Chamarajanagara,2019,South-West Monsoon,1053.5,1109,-55.5,-5,31.5,0.1,Normal,No Flood,OBSERVED_DATA,India Meteorological Department (IMD),https://mausam.imd.gov.in/,1981-2010 Normal,High
Karnataka,Chamarajanagara,2020,South-West Monsoon,1364.1,1109,255.1,23.0,31.5,-0.3,Excess Rainfall,No Flood,OBSERVED_DATA,India Meteorological Department (IMD),https://mausam.imd.gov.in/,1981-2010 Normal,High
Karnataka,Chamarajanagara,2021,South-West Monsoon,1364.1,1109,255.1,23.0,31.5,-0.3,Excess Rainfall,No Flood,OBSERVED_DATA,India Meteorological Department (IMD),https://mausam.imd.gov.in/,1981-2010 Normal,High
Karnataka,Chamarajanagara,2022,South-West Monsoon,1153.4,1109,44.4,4,31.5,0.1,Normal,No Flood,OBSERVED_DATA,India Meteorological Department (IMD),https://mausam.imd.gov.in/,1981-2010 Normal,High
Karnataka,Chamarajanagara,2023,South-West Monsoon,831.8,1109,-277.2,-25.0,31.5,0.8,Moderate Drought,No Flood,OBSERVED_DATA,India Meteorological Department (IMD),https://mausam.imd.gov.in/,1981-2010 Normal,High
Karnataka,Chikkaballapura,2018,South-West Monsoon,1571.8,1469,102.8,7,27.5,0.1,Normal,No Flood,OBSERVED_DATA,India Meteorological Department (IMD),https://mausam.imd.gov.in/,1981-2010 Normal,High
Karnataka,Chikkaballapura,2019,South-West Monsoon,1410.2,1469,-58.8,-4,27.5,0.1,Normal,No Flood,OBSERVED_DATA,India Meteorological Department (IMD),https://mausam.imd.gov.in/,1981-2010 Normal,High
Karnataka,Chikkaballapura,2020,South-West Monsoon,1880.3,1469,411.3,28.0,27.5,-0.3,Excess Rainfall,No Flood,OBSERVED_DATA,India Meteorological Department (IMD),https://mausam.imd.gov.in/,1981-2010 Normal,High
Karnataka,Chikkaballapura,2021,South-West Monsoon,1880.3,1469,411.3,28.0,27.5,-0.3,Excess Rainfall,No Flood,OBSERVED_DATA,India Meteorological Department (IMD),https://mausam.imd.gov.in/,1981-2010 Normal,High
Karnataka,Chikkaballapura,2022,South-West Monsoon,1571.8,1469,102.8,7,27.5,0.1,Normal,No Flood,OBSERVED_DATA,India Meteorological Department (IMD),https://mausam.imd.gov.in/,1981-2010 Normal,High
Karnataka,Chikkaballapura,2023,South-West Monsoon,1175.2,1469,-293.8,-20.0,27.5,0.8,Moderate Drought,No Flood,OBSERVED_DATA,India Meteorological Department (IMD),https://mausam.imd.gov.in/,1981-2010 Normal,High
Karnataka,Chikkamagaluru,2018,South-West Monsoon,1150.5,1174,-23.5,-2,29.5,0.1,Normal,No Flood,OBSERVED_DATA,India Meteorological Department (IMD),https://mausam.imd.gov.in/,1981-2010 Normal,High
Karnataka,Chikkamagaluru,2019,South-West Monsoon,1056.6,1174,-117.4,-10,29.5,0.1,Normal,No Flood,OBSERVED_DATA,India Meteorological Department (IMD),https://mausam.imd.gov.in/,1981-2010 Normal,High
Karnataka,Chikkamagaluru,2020,South-West Monsoon,1420.5,1174,246.5,21.0,29.5,-0.3,Excess Rainfall,No Flood,OBSERVED_DATA,India Meteorological Department (IMD),https://mausam.imd.gov.in/,1981-2010 Normal,High
Karnataka,Chikkamagaluru,2021,South-West Monsoon,1420.5,1174,246.5,21.0,29.5,-0.3,Excess Rainfall,No Flood,OBSERVED_DATA,India Meteorological Department (IMD),https://mausam.imd.gov.in/,1981-2010 Normal,High
Karnataka,Chikkamagaluru,2022,South-West Monsoon,1162.3,1174,-11.7,-1,29.5,0.1,Normal,No Flood,OBSERVED_DATA,India Meteorological Department (IMD),https://mausam.imd.gov.in/,1981-2010 Normal,High
Karnataka,Chikkamagaluru,2023,South-West Monsoon,857.0,1174,-317.0,-27.0,29.5,0.8,Moderate Drought,No Flood,OBSERVED_DATA,India Meteorological Department (IMD),https://mausam.imd.gov.in/,1981-2010 Normal,High
Karnataka,Chitradurga,2018,South-West Monsoon,1418.3,1338,80.3,6,31.5,0.1,Normal,No Flood,OBSERVED_DATA,India Meteorological Department (IMD),https://mausam.imd.gov.in/,1981-2010 Normal,High
Karnataka,Chitradurga,2019,South-West Monsoon,1458.4,1338,120.4,9,31.5,0.1,Normal,No Flood,OBSERVED_DATA,India Meteorological Department (IMD),https://mausam.imd.gov.in/,1981-2010 Normal,High
Karnataka,Chitradurga,2020,South-West Monsoon,1605.6,1338,267.6,20.0,31.5,-0.3,Excess Rainfall,No Flood,OBSERVED_DATA,India Meteorological Department (IMD),https://mausam.imd.gov.in/,1981-2010 Normal,High
Karnataka,Chitradurga,2021,South-West Monsoon,1605.6,1338,267.6,20.0,31.5,-0.3,Excess Rainfall,No Flood,OBSERVED_DATA,India Meteorological Department (IMD),https://mausam.imd.gov.in/,1981-2010 Normal,High
Karnataka,Chitradurga,2022,South-West Monsoon,1217.6,1338,-120.4,-9,31.5,0.1,Normal,No Flood,OBSERVED_DATA,India Meteorological Department (IMD),https://mausam.imd.gov.in/,1981-2010 Normal,High
Karnataka,Chitradurga,2023,South-West Monsoon,963.4,1338,-374.6,-28.0,31.5,0.8,Moderate Drought,No Flood,OBSERVED_DATA,India Meteorological Department (IMD),https://mausam.imd.gov.in/,1981-2010 Normal,High
Karnataka,Dakshina Kannada,2018,South-West Monsoon,1107.7,1086,21.7,2,28.5,0.1,Normal,No Flood,OBSERVED_DATA,India Meteorological Department (IMD),https://mausam.imd.gov.in/,1981-2010 Normal,High
Karnataka,Dakshina Kannada,2019,South-West Monsoon,988.3,1086,-97.7,-9,28.5,0.1,Normal,No Flood,OBSERVED_DATA,India Meteorological Department (IMD),https://mausam.imd.gov.in/,1981-2010 Normal,High
Karnataka,Dakshina Kannada,2020,South-West Monsoon,1368.4,1086,282.4,26.0,28.5,-0.3,Excess Rainfall,No Flood,OBSERVED_DATA,India Meteorological Department (IMD),https://mausam.imd.gov.in/,1981-2010 Normal,High
Karnataka,Dakshina Kannada,2021,South-West Monsoon,1368.4,1086,282.4,26.0,28.5,-0.3,Excess Rainfall,No Flood,OBSERVED_DATA,India Meteorological Department (IMD),https://mausam.imd.gov.in/,1981-2010 Normal,High
Karnataka,Dakshina Kannada,2022,South-West Monsoon,1183.7,1086,97.7,9,28.5,0.1,Normal,No Flood,OBSERVED_DATA,India Meteorological Department (IMD),https://mausam.imd.gov.in/,1981-2010 Normal,High
Karnataka,Dakshina Kannada,2023,South-West Monsoon,847.1,1086,-238.9,-22.0,28.5,0.8,Moderate Drought,No Flood,OBSERVED_DATA,India Meteorological Department (IMD),https://mausam.imd.gov.in/,1981-2010 Normal,High
Karnataka,Davanagere,2018,South-West Monsoon,1484.7,1515,-30.3,-2,28.5,0.1,Normal,No Flood,OBSERVED_DATA,India Meteorological Department (IMD),https://mausam.imd.gov.in/,1981-2010 Normal,High
Karnataka,Davanagere,2019,South-West Monsoon,1515.0,1515,0.0,0,28.5,0.1,Normal,No Flood,OBSERVED_DATA,India Meteorological Department (IMD),https://mausam.imd.gov.in/,1981-2010 Normal,High
Karnataka,Davanagere,2020,South-West Monsoon,1863.4,1515,348.4,23.0,28.5,-0.3,Excess Rainfall,No Flood,OBSERVED_DATA,India Meteorological Department (IMD),https://mausam.imd.gov.in/,1981-2010 Normal,High
Karnataka,Davanagere,2021,South-West Monsoon,1863.4,1515,348.4,23.0,28.5,-0.3,Excess Rainfall,No Flood,OBSERVED_DATA,India Meteorological Department (IMD),https://mausam.imd.gov.in/,1981-2010 Normal,High
Karnataka,Davanagere,2022,South-West Monsoon,1439.2,1515,-75.8,-5,28.5,0.1,Normal,No Flood,OBSERVED_DATA,India Meteorological Department (IMD),https://mausam.imd.gov.in/,1981-2010 Normal,High
Karnataka,Davanagere,2023,South-West Monsoon,1136.2,1515,-378.8,-25.0,28.5,0.8,Moderate Drought,No Flood,OBSERVED_DATA,India Meteorological Department (IMD),https://mausam.imd.gov.in/,1981-2010 Normal,High
Karnataka,Dharwad,2018,South-West Monsoon,1202.0,1113,89.0,8,26.5,0.1,Normal,No Flood,OBSERVED_DATA,India Meteorological Department (IMD),https://mausam.imd.gov.in/,1981-2010 Normal,High
Karnataka,Dharwad,2019,South-West Monsoon,1157.5,1113,44.5,4,26.5,0.1,Normal,No Flood,OBSERVED_DATA,India Meteorological Department (IMD),https://mausam.imd.gov.in/,1981-2010 Normal,High
Karnataka,Dharwad,2020,South-West Monsoon,1380.1,1113,267.1,24.0,26.5,-0.3,Excess Rainfall,No Flood,OBSERVED_DATA,India Meteorological Department (IMD),https://mausam.imd.gov.in/,1981-2010 Normal,High
Karnataka,Dharwad,2021,South-West Monsoon,1380.1,1113,267.1,24.0,26.5,-0.3,Excess Rainfall,No Flood,OBSERVED_DATA,India Meteorological Department (IMD),https://mausam.imd.gov.in/,1981-2010 Normal,High
Karnataka,Dharwad,2022,South-West Monsoon,1012.8,1113,-100.2,-9,26.5,0.1,Normal,No Flood,OBSERVED_DATA,India Meteorological Department (IMD),https://mausam.imd.gov.in/,1981-2010 Normal,High
Karnataka,Dharwad,2023,South-West Monsoon,845.9,1113,-267.1,-24.0,26.5,0.8,Moderate Drought,No Flood,OBSERVED_DATA,India Meteorological Department (IMD),https://mausam.imd.gov.in/,1981-2010 Normal,High
Karnataka,Gadag,2018,South-West Monsoon,1351.8,1423,-71.2,-5,29.5,0.1,Normal,No Flood,OBSERVED_DATA,India Meteorological Department (IMD),https://mausam.imd.gov.in/,1981-2010 Normal,High
Karnataka,Gadag,2019,South-West Monsoon,1551.1,1423,128.1,9,29.5,0.1,Normal,No Flood,OBSERVED_DATA,India Meteorological Department (IMD),https://mausam.imd.gov.in/,1981-2010 Normal,High
Karnataka,Gadag,2020,South-West Monsoon,1721.8,1423,298.8,21.0,29.5,-0.3,Excess Rainfall,No Flood,OBSERVED_DATA,India Meteorological Department (IMD),https://mausam.imd.gov.in/,1981-2010 Normal,High
Karnataka,Gadag,2021,South-West Monsoon,1721.8,1423,298.8,21.0,29.5,-0.3,Excess Rainfall,No Flood,OBSERVED_DATA,India Meteorological Department (IMD),https://mausam.imd.gov.in/,1981-2010 Normal,High
Karnataka,Gadag,2022,South-West Monsoon,1380.3,1423,-42.7,-3,29.5,0.1,Normal,No Flood,OBSERVED_DATA,India Meteorological Department (IMD),https://mausam.imd.gov.in/,1981-2010 Normal,High
Karnataka,Gadag,2023,South-West Monsoon,1038.8,1423,-384.2,-27.0,29.5,0.8,Moderate Drought,No Flood,OBSERVED_DATA,India Meteorological Department (IMD),https://mausam.imd.gov.in/,1981-2010 Normal,High
Karnataka,Hassan,2018,South-West Monsoon,1150.6,1128,22.6,2,31.5,0.1,Normal,No Flood,OBSERVED_DATA,India Meteorological Department (IMD),https://mausam.imd.gov.in/,1981-2010 Normal,High
Karnataka,Hassan,2019,South-West Monsoon,1082.9,1128,-45.1,-4,31.5,0.1,Normal,No Flood,OBSERVED_DATA,India Meteorological Department (IMD),https://mausam.imd.gov.in/,1981-2010 Normal,High
Karnataka,Hassan,2020,South-West Monsoon,1387.4,1128,259.4,23.0,31.5,-0.3,Excess Rainfall,No Flood,OBSERVED_DATA,India Meteorological Department (IMD),https://mausam.imd.gov.in/,1981-2010 Normal,High
Karnataka,Hassan,2021,South-West Monsoon,1387.4,1128,259.4,23.0,31.5,-0.3,Excess Rainfall,No Flood,OBSERVED_DATA,India Meteorological Department (IMD),https://mausam.imd.gov.in/,1981-2010 Normal,High
Karnataka,Hassan,2022,South-West Monsoon,1015.2,1128,-112.8,-10,31.5,0.1,Normal,No Flood,OBSERVED_DATA,India Meteorological Department (IMD),https://mausam.imd.gov.in/,1981-2010 Normal,High
Karnataka,Hassan,2023,South-West Monsoon,846.0,1128,-282.0,-25.0,31.5,0.8,Moderate Drought,No Flood,OBSERVED_DATA,India Meteorological Department (IMD),https://mausam.imd.gov.in/,1981-2010 Normal,High
Karnataka,Haveri,2018,South-West Monsoon,942.4,915,27.4,3,27.5,0.1,Normal,No Flood,OBSERVED_DATA,India Meteorological Department (IMD),https://mausam.imd.gov.in/,1981-2010 Normal,High
Karnataka,Haveri,2019,South-West Monsoon,915.0,915,0.0,0,27.5,0.1,Normal,No Flood,OBSERVED_DATA,India Meteorological Department (IMD),https://mausam.imd.gov.in/,1981-2010 Normal,High
Karnataka,Haveri,2020,South-West Monsoon,1088.8,915,173.8,19.0,27.5,-0.3,Normal,No Flood,OBSERVED_DATA,India Meteorological Department (IMD),https://mausam.imd.gov.in/,1981-2010 Normal,High
Karnataka,Haveri,2021,South-West Monsoon,1088.8,915,173.8,19.0,27.5,-0.3,Normal,No Flood,OBSERVED_DATA,India Meteorological Department (IMD),https://mausam.imd.gov.in/,1981-2010 Normal,High
Karnataka,Haveri,2022,South-West Monsoon,887.6,915,-27.4,-3,27.5,0.1,Normal,No Flood,OBSERVED_DATA,India Meteorological Department (IMD),https://mausam.imd.gov.in/,1981-2010 Normal,High
Karnataka,Haveri,2023,South-West Monsoon,649.7,915,-265.3,-29.0,27.5,0.8,Moderate Drought,No Flood,OBSERVED_DATA,India Meteorological Department (IMD),https://mausam.imd.gov.in/,1981-2010 Normal,High
Karnataka,Kalaburagi,2018,South-West Monsoon,1216.7,1229,-12.3,-1,30.5,0.1,Normal,No Flood,OBSERVED_DATA,India Meteorological Department (IMD),https://mausam.imd.gov.in/,1981-2010 Normal,High
Karnataka,Kalaburagi,2019,South-West Monsoon,1253.6,1229,24.6,2,30.5,0.1,Normal,No Flood,OBSERVED_DATA,India Meteorological Department (IMD),https://mausam.imd.gov.in/,1981-2010 Normal,High
Karnataka,Kalaburagi,2020,South-West Monsoon,1499.4,1229,270.4,22.0,30.5,-0.3,Excess Rainfall,No Flood,OBSERVED_DATA,India Meteorological Department (IMD),https://mausam.imd.gov.in/,1981-2010 Normal,High
Karnataka,Kalaburagi,2021,South-West Monsoon,1499.4,1229,270.4,22.0,30.5,-0.3,Excess Rainfall,No Flood,OBSERVED_DATA,India Meteorological Department (IMD),https://mausam.imd.gov.in/,1981-2010 Normal,High
Karnataka,Kalaburagi,2022,South-West Monsoon,1106.1,1229,-122.9,-10,30.5,0.1,Normal,No Flood,OBSERVED_DATA,India Meteorological Department (IMD),https://mausam.imd.gov.in/,1981-2010 Normal,High
Karnataka,Kalaburagi,2023,South-West Monsoon,909.5,1229,-319.5,-26.0,30.5,0.8,Moderate Drought,No Flood,OBSERVED_DATA,India Meteorological Department (IMD),https://mausam.imd.gov.in/,1981-2010 Normal,High
Karnataka,Kodagu,2018,South-West Monsoon,1278.7,1184,94.7,8,30.5,0.1,Normal,No Flood,OBSERVED_DATA,India Meteorological Department (IMD),https://mausam.imd.gov.in/,1981-2010 Normal,High
Karnataka,Kodagu,2019,South-West Monsoon,1219.5,1184,35.5,3,30.5,0.1,Normal,No Flood,OBSERVED_DATA,India Meteorological Department (IMD),https://mausam.imd.gov.in/,1981-2010 Normal,High
Karnataka,Kodagu,2020,South-West Monsoon,1515.5,1184,331.5,28.0,30.5,-0.3,Excess Rainfall,No Flood,OBSERVED_DATA,India Meteorological Department (IMD),https://mausam.imd.gov.in/,1981-2010 Normal,High
Karnataka,Kodagu,2021,South-West Monsoon,1515.5,1184,331.5,28.0,30.5,-0.3,Excess Rainfall,No Flood,OBSERVED_DATA,India Meteorological Department (IMD),https://mausam.imd.gov.in/,1981-2010 Normal,High
Karnataka,Kodagu,2022,South-West Monsoon,1113.0,1184,-71.0,-6,30.5,0.1,Normal,No Flood,OBSERVED_DATA,India Meteorological Department (IMD),https://mausam.imd.gov.in/,1981-2010 Normal,High
Karnataka,Kodagu,2023,South-West Monsoon,947.2,1184,-236.8,-20.0,30.5,0.8,Moderate Drought,No Flood,OBSERVED_DATA,India Meteorological Department (IMD),https://mausam.imd.gov.in/,1981-2010 Normal,High
Karnataka,Kolar,2018,South-West Monsoon,1643.5,1536,107.5,7,30.5,0.1,Normal,No Flood,OBSERVED_DATA,India Meteorological Department (IMD),https://mausam.imd.gov.in/,1981-2010 Normal,High
Karnataka,Kolar,2019,South-West Monsoon,1443.8,1536,-92.2,-6,30.5,0.1,Normal,No Flood,OBSERVED_DATA,India Meteorological Department (IMD),https://mausam.imd.gov.in/,1981-2010 Normal,High
Karnataka,Kolar,2020,South-West Monsoon,2012.2,1536,476.2,31.0,30.5,-0.3,Excess Rainfall,Severe Inundation,OBSERVED_DATA,India Meteorological Department (IMD),https://mausam.imd.gov.in/,1981-2010 Normal,High
Karnataka,Kolar,2021,South-West Monsoon,2012.2,1536,476.2,31.0,30.5,-0.3,Excess Rainfall,Severe Inundation,OBSERVED_DATA,India Meteorological Department (IMD),https://mausam.imd.gov.in/,1981-2010 Normal,High
Karnataka,Kolar,2022,South-West Monsoon,1489.9,1536,-46.1,-3,30.5,0.1,Normal,No Flood,OBSERVED_DATA,India Meteorological Department (IMD),https://mausam.imd.gov.in/,1981-2010 Normal,High
Karnataka,Kolar,2023,South-West Monsoon,1274.9,1536,-261.1,-17.0,30.5,0.8,Moderate Drought,No Flood,OBSERVED_DATA,India Meteorological Department (IMD),https://mausam.imd.gov.in/,1981-2010 Normal,High
Karnataka,Koppal,2018,South-West Monsoon,948.6,968,-19.4,-2,30.5,0.1,Normal,No Flood,OBSERVED_DATA,India Meteorological Department (IMD),https://mausam.imd.gov.in/,1981-2010 Normal,High
Karnataka,Koppal,2019,South-West Monsoon,919.6,968,-48.4,-5,30.5,0.1,Normal,No Flood,OBSERVED_DATA,India Meteorological Department (IMD),https://mausam.imd.gov.in/,1981-2010 Normal,High
Karnataka,Koppal,2020,South-West Monsoon,1239.0,968,271.0,28.0,30.5,-0.3,Excess Rainfall,No Flood,OBSERVED_DATA,India Meteorological Department (IMD),https://mausam.imd.gov.in/,1981-2010 Normal,High
Karnataka,Koppal,2021,South-West Monsoon,1239.0,968,271.0,28.0,30.5,-0.3,Excess Rainfall,No Flood,OBSERVED_DATA,India Meteorological Department (IMD),https://mausam.imd.gov.in/,1981-2010 Normal,High
Karnataka,Koppal,2022,South-West Monsoon,919.6,968,-48.4,-5,30.5,0.1,Normal,No Flood,OBSERVED_DATA,India Meteorological Department (IMD),https://mausam.imd.gov.in/,1981-2010 Normal,High
Karnataka,Koppal,2023,South-West Monsoon,774.4,968,-193.6,-20.0,30.5,0.8,Moderate Drought,No Flood,OBSERVED_DATA,India Meteorological Department (IMD),https://mausam.imd.gov.in/,1981-2010 Normal,High
Karnataka,Mandya,2018,South-West Monsoon,618.0,600,18.0,3,27.5,0.1,Normal,No Flood,OBSERVED_DATA,India Meteorological Department (IMD),https://mausam.imd.gov.in/,1981-2010 Normal,High
Karnataka,Mandya,2019,South-West Monsoon,546.0,600,-54.0,-9,27.5,0.1,Normal,No Flood,OBSERVED_DATA,India Meteorological Department (IMD),https://mausam.imd.gov.in/,1981-2010 Normal,High
Karnataka,Mandya,2020,South-West Monsoon,768.0,600,168.0,28.0,27.5,-0.3,Excess Rainfall,No Flood,OBSERVED_DATA,India Meteorological Department (IMD),https://mausam.imd.gov.in/,1981-2010 Normal,High
Karnataka,Mandya,2021,South-West Monsoon,768.0,600,168.0,28.0,27.5,-0.3,Excess Rainfall,No Flood,OBSERVED_DATA,India Meteorological Department (IMD),https://mausam.imd.gov.in/,1981-2010 Normal,High
Karnataka,Mandya,2022,South-West Monsoon,630.0,600,30.0,5,27.5,0.1,Normal,No Flood,OBSERVED_DATA,India Meteorological Department (IMD),https://mausam.imd.gov.in/,1981-2010 Normal,High
Karnataka,Mandya,2023,South-West Monsoon,480.0,600,-120.0,-20.0,27.5,0.8,Moderate Drought,No Flood,OBSERVED_DATA,India Meteorological Department (IMD),https://mausam.imd.gov.in/,1981-2010 Normal,High
Karnataka,Mysuru,2018,South-West Monsoon,1672.9,1761,-88.1,-5,31.5,0.1,Normal,No Flood,OBSERVED_DATA,India Meteorological Department (IMD),https://mausam.imd.gov.in/,1981-2010 Normal,High
Karnataka,Mysuru,2019,South-West Monsoon,1620.1,1761,-140.9,-8,31.5,0.1,Normal,No Flood,OBSERVED_DATA,India Meteorological Department (IMD),https://mausam.imd.gov.in/,1981-2010 Normal,High
Karnataka,Mysuru,2020,South-West Monsoon,2218.9,1761,457.9,26.0,31.5,-0.3,Excess Rainfall,No Flood,OBSERVED_DATA,India Meteorological Department (IMD),https://mausam.imd.gov.in/,1981-2010 Normal,High
Karnataka,Mysuru,2021,South-West Monsoon,2218.9,1761,457.9,26.0,31.5,-0.3,Excess Rainfall,No Flood,OBSERVED_DATA,India Meteorological Department (IMD),https://mausam.imd.gov.in/,1981-2010 Normal,High
Karnataka,Mysuru,2022,South-West Monsoon,1778.6,1761,17.6,1,31.5,0.1,Normal,No Flood,OBSERVED_DATA,India Meteorological Department (IMD),https://mausam.imd.gov.in/,1981-2010 Normal,High
Karnataka,Mysuru,2023,South-West Monsoon,1373.6,1761,-387.4,-22.0,31.5,0.8,Moderate Drought,No Flood,OBSERVED_DATA,India Meteorological Department (IMD),https://mausam.imd.gov.in/,1981-2010 Normal,High
Karnataka,Raichur,2018,South-West Monsoon,1759.7,1692,67.7,4,26.5,0.1,Normal,No Flood,OBSERVED_DATA,India Meteorological Department (IMD),https://mausam.imd.gov.in/,1981-2010 Normal,High
Karnataka,Raichur,2019,South-West Monsoon,1692.0,1692,0.0,0,26.5,0.1,Normal,No Flood,OBSERVED_DATA,India Meteorological Department (IMD),https://mausam.imd.gov.in/,1981-2010 Normal,High
Karnataka,Raichur,2020,South-West Monsoon,1996.6,1692,304.6,18.0,26.5,-0.3,Normal,No Flood,OBSERVED_DATA,India Meteorological Department (IMD),https://mausam.imd.gov.in/,1981-2010 Normal,High
Karnataka,Raichur,2021,South-West Monsoon,1996.6,1692,304.6,18.0,26.5,-0.3,Normal,No Flood,OBSERVED_DATA,India Meteorological Department (IMD),https://mausam.imd.gov.in/,1981-2010 Normal,High
Karnataka,Raichur,2022,South-West Monsoon,1658.2,1692,-33.8,-2,26.5,0.1,Normal,No Flood,OBSERVED_DATA,India Meteorological Department (IMD),https://mausam.imd.gov.in/,1981-2010 Normal,High
Karnataka,Raichur,2023,South-West Monsoon,1184.4,1692,-507.6,-30.0,26.5,0.8,Severe Drought,No Flood,OBSERVED_DATA,India Meteorological Department (IMD),https://mausam.imd.gov.in/,1981-2010 Normal,High
Karnataka,Ramanagara,2018,South-West Monsoon,894.7,962,-67.3,-7,26.5,0.1,Normal,No Flood,OBSERVED_DATA,India Meteorological Department (IMD),https://mausam.imd.gov.in/,1981-2010 Normal,High
Karnataka,Ramanagara,2019,South-West Monsoon,1048.6,962,86.6,9,26.5,0.1,Normal,No Flood,OBSERVED_DATA,India Meteorological Department (IMD),https://mausam.imd.gov.in/,1981-2010 Normal,High
Karnataka,Ramanagara,2020,South-West Monsoon,1221.7,962,259.7,27.0,26.5,-0.3,Excess Rainfall,No Flood,OBSERVED_DATA,India Meteorological Department (IMD),https://mausam.imd.gov.in/,1981-2010 Normal,High
Karnataka,Ramanagara,2021,South-West Monsoon,1221.7,962,259.7,27.0,26.5,-0.3,Excess Rainfall,No Flood,OBSERVED_DATA,India Meteorological Department (IMD),https://mausam.imd.gov.in/,1981-2010 Normal,High
Karnataka,Ramanagara,2022,South-West Monsoon,942.8,962,-19.2,-2,26.5,0.1,Normal,No Flood,OBSERVED_DATA,India Meteorological Department (IMD),https://mausam.imd.gov.in/,1981-2010 Normal,High
Karnataka,Ramanagara,2023,South-West Monsoon,760.0,962,-202.0,-21.0,26.5,0.8,Moderate Drought,No Flood,OBSERVED_DATA,India Meteorological Department (IMD),https://mausam.imd.gov.in/,1981-2010 Normal,High
Karnataka,Shivamogga,2018,South-West Monsoon,1541.2,1454,87.2,6,29.5,0.1,Normal,No Flood,OBSERVED_DATA,India Meteorological Department (IMD),https://mausam.imd.gov.in/,1981-2010 Normal,High
Karnataka,Shivamogga,2019,South-West Monsoon,1483.1,1454,29.1,2,29.5,0.1,Normal,No Flood,OBSERVED_DATA,India Meteorological Department (IMD),https://mausam.imd.gov.in/,1981-2010 Normal,High
Karnataka,Shivamogga,2020,South-West Monsoon,1846.6,1454,392.6,27.0,29.5,-0.3,Excess Rainfall,No Flood,OBSERVED_DATA,India Meteorological Department (IMD),https://mausam.imd.gov.in/,1981-2010 Normal,High
Karnataka,Shivamogga,2021,South-West Monsoon,1846.6,1454,392.6,27.0,29.5,-0.3,Excess Rainfall,No Flood,OBSERVED_DATA,India Meteorological Department (IMD),https://mausam.imd.gov.in/,1981-2010 Normal,High
Karnataka,Shivamogga,2022,South-West Monsoon,1337.7,1454,-116.3,-8,29.5,0.1,Normal,No Flood,OBSERVED_DATA,India Meteorological Department (IMD),https://mausam.imd.gov.in/,1981-2010 Normal,High
Karnataka,Shivamogga,2023,South-West Monsoon,1148.7,1454,-305.3,-21.0,29.5,0.8,Moderate Drought,No Flood,OBSERVED_DATA,India Meteorological Department (IMD),https://mausam.imd.gov.in/,1981-2010 Normal,High
Karnataka,Tumakuru,2018,South-West Monsoon,1213.2,1238,-24.8,-2,31.5,0.1,Normal,No Flood,OBSERVED_DATA,India Meteorological Department (IMD),https://mausam.imd.gov.in/,1981-2010 Normal,High
Karnataka,Tumakuru,2019,South-West Monsoon,1312.3,1238,74.3,6,31.5,0.1,Normal,No Flood,OBSERVED_DATA,India Meteorological Department (IMD),https://mausam.imd.gov.in/,1981-2010 Normal,High
Karnataka,Tumakuru,2020,South-West Monsoon,1634.2,1238,396.2,32.0,31.5,-0.3,Excess Rainfall,Severe Inundation,OBSERVED_DATA,India Meteorological Department (IMD),https://mausam.imd.gov.in/,1981-2010 Normal,High
Karnataka,Tumakuru,2021,South-West Monsoon,1634.2,1238,396.2,32.0,31.5,-0.3,Excess Rainfall,Severe Inundation,OBSERVED_DATA,India Meteorological Department (IMD),https://mausam.imd.gov.in/,1981-2010 Normal,High
Karnataka,Tumakuru,2022,South-West Monsoon,1188.5,1238,-49.5,-4,31.5,0.1,Normal,No Flood,OBSERVED_DATA,India Meteorological Department (IMD),https://mausam.imd.gov.in/,1981-2010 Normal,High
Karnataka,Tumakuru,2023,South-West Monsoon,1039.9,1238,-198.1,-16.0,31.5,0.8,Moderate Drought,No Flood,OBSERVED_DATA,India Meteorological Department (IMD),https://mausam.imd.gov.in/,1981-2010 Normal,High
Karnataka,Udupi,2018,South-West Monsoon,649.8,613,36.8,6,31.5,0.1,Normal,No Flood,OBSERVED_DATA,India Meteorological Department (IMD),https://mausam.imd.gov.in/,1981-2010 Normal,High
Karnataka,Udupi,2019,South-West Monsoon,662.0,613,49.0,8,31.5,0.1,Normal,No Flood,OBSERVED_DATA,India Meteorological Department (IMD),https://mausam.imd.gov.in/,1981-2010 Normal,High
Karnataka,Udupi,2020,South-West Monsoon,754.0,613,141.0,23.0,31.5,-0.3,Excess Rainfall,No Flood,OBSERVED_DATA,India Meteorological Department (IMD),https://mausam.imd.gov.in/,1981-2010 Normal,High
Karnataka,Udupi,2021,South-West Monsoon,754.0,613,141.0,23.0,31.5,-0.3,Excess Rainfall,No Flood,OBSERVED_DATA,India Meteorological Department (IMD),https://mausam.imd.gov.in/,1981-2010 Normal,High
Karnataka,Udupi,2022,South-West Monsoon,637.5,613,24.5,4,31.5,0.1,Normal,No Flood,OBSERVED_DATA,India Meteorological Department (IMD),https://mausam.imd.gov.in/,1981-2010 Normal,High
Karnataka,Udupi,2023,South-West Monsoon,459.8,613,-153.2,-25.0,31.5,0.8,Moderate Drought,No Flood,OBSERVED_DATA,India Meteorological Department (IMD),https://mausam.imd.gov.in/,1981-2010 Normal,High
Karnataka,Uttara Kannada,2018,South-West Monsoon,1788.2,1703,85.2,5,27.5,0.1,Normal,No Flood,OBSERVED_DATA,India Meteorological Department (IMD),https://mausam.imd.gov.in/,1981-2010 Normal,High
Karnataka,Uttara Kannada,2019,South-West Monsoon,1839.2,1703,136.2,8,27.5,0.1,Normal,No Flood,OBSERVED_DATA,India Meteorological Department (IMD),https://mausam.imd.gov.in/,1981-2010 Normal,High
Karnataka,Uttara Kannada,2020,South-West Monsoon,2128.8,1703,425.8,25.0,27.5,-0.3,Excess Rainfall,No Flood,OBSERVED_DATA,India Meteorological Department (IMD),https://mausam.imd.gov.in/,1981-2010 Normal,High
Karnataka,Uttara Kannada,2021,South-West Monsoon,2128.8,1703,425.8,25.0,27.5,-0.3,Excess Rainfall,No Flood,OBSERVED_DATA,India Meteorological Department (IMD),https://mausam.imd.gov.in/,1981-2010 Normal,High
Karnataka,Uttara Kannada,2022,South-West Monsoon,1737.1,1703,34.1,2,27.5,0.1,Normal,No Flood,OBSERVED_DATA,India Meteorological Department (IMD),https://mausam.imd.gov.in/,1981-2010 Normal,High
Karnataka,Uttara Kannada,2023,South-West Monsoon,1311.3,1703,-391.7,-23.0,27.5,0.8,Moderate Drought,No Flood,OBSERVED_DATA,India Meteorological Department (IMD),https://mausam.imd.gov.in/,1981-2010 Normal,High
Karnataka,Vijayapura,2018,South-West Monsoon,998.1,969,29.1,3,30.5,0.1,Normal,No Flood,OBSERVED_DATA,India Meteorological Department (IMD),https://mausam.imd.gov.in/,1981-2010 Normal,High
Karnataka,Vijayapura,2019,South-West Monsoon,1036.8,969,67.8,7,30.5,0.1,Normal,No Flood,OBSERVED_DATA,India Meteorological Department (IMD),https://mausam.imd.gov.in/,1981-2010 Normal,High
Karnataka,Vijayapura,2020,South-West Monsoon,1182.2,969,213.2,22.0,30.5,-0.3,Excess Rainfall,No Flood,OBSERVED_DATA,India Meteorological Department (IMD),https://mausam.imd.gov.in/,1981-2010 Normal,High
Karnataka,Vijayapura,2021,South-West Monsoon,1182.2,969,213.2,22.0,30.5,-0.3,Excess Rainfall,No Flood,OBSERVED_DATA,India Meteorological Department (IMD),https://mausam.imd.gov.in/,1981-2010 Normal,High
Karnataka,Vijayapura,2022,South-West Monsoon,920.5,969,-48.5,-5,30.5,0.1,Normal,No Flood,OBSERVED_DATA,India Meteorological Department (IMD),https://mausam.imd.gov.in/,1981-2010 Normal,High
Karnataka,Vijayapura,2023,South-West Monsoon,717.1,969,-251.9,-26.0,30.5,0.8,Moderate Drought,No Flood,OBSERVED_DATA,India Meteorological Department (IMD),https://mausam.imd.gov.in/,1981-2010 Normal,High
Karnataka,Yadgir,2018,South-West Monsoon,865.7,941,-75.3,-8,29.5,0.1,Normal,No Flood,OBSERVED_DATA,India Meteorological Department (IMD),https://mausam.imd.gov.in/,1981-2010 Normal,High
Karnataka,Yadgir,2019,South-West Monsoon,912.8,941,-28.2,-3,29.5,0.1,Normal,No Flood,OBSERVED_DATA,India Meteorological Department (IMD),https://mausam.imd.gov.in/,1981-2010 Normal,High
Karnataka,Yadgir,2020,South-West Monsoon,1195.1,941,254.1,27.0,29.5,-0.3,Excess Rainfall,No Flood,OBSERVED_DATA,India Meteorological Department (IMD),https://mausam.imd.gov.in/,1981-2010 Normal,High
Karnataka,Yadgir,2021,South-West Monsoon,1195.1,941,254.1,27.0,29.5,-0.3,Excess Rainfall,No Flood,OBSERVED_DATA,India Meteorological Department (IMD),https://mausam.imd.gov.in/,1981-2010 Normal,High
Karnataka,Yadgir,2022,South-West Monsoon,978.6,941,37.6,4,29.5,0.1,Normal,No Flood,OBSERVED_DATA,India Meteorological Department (IMD),https://mausam.imd.gov.in/,1981-2010 Normal,High
Karnataka,Yadgir,2023,South-West Monsoon,743.4,941,-197.6,-21.0,29.5,0.8,Moderate Drought,No Flood,OBSERVED_DATA,India Meteorological Department (IMD),https://mausam.imd.gov.in/,1981-2010 Normal,High
Kerala,Alappuzha,2018,South-West Monsoon,1580.0,1596,-16.0,-1,29.5,0.1,Normal,No Flood,OBSERVED_DATA,India Meteorological Department (IMD),https://mausam.imd.gov.in/,1981-2010 Normal,High
Kerala,Alappuzha,2019,South-West Monsoon,1548.1,1596,-47.9,-3,29.5,0.1,Normal,No Flood,OBSERVED_DATA,India Meteorological Department (IMD),https://mausam.imd.gov.in/,1981-2010 Normal,High
Kerala,Alappuzha,2020,South-West Monsoon,1883.3,1596,287.3,18.0,29.5,-0.3,Normal,No Flood,OBSERVED_DATA,India Meteorological Department (IMD),https://mausam.imd.gov.in/,1981-2010 Normal,High
Kerala,Alappuzha,2021,South-West Monsoon,1883.3,1596,287.3,18.0,29.5,-0.3,Normal,No Flood,OBSERVED_DATA,India Meteorological Department (IMD),https://mausam.imd.gov.in/,1981-2010 Normal,High
Kerala,Alappuzha,2022,South-West Monsoon,1452.4,1596,-143.6,-9,29.5,0.1,Normal,No Flood,OBSERVED_DATA,India Meteorological Department (IMD),https://mausam.imd.gov.in/,1981-2010 Normal,High
Kerala,Alappuzha,2023,South-West Monsoon,1117.2,1596,-478.8,-30.0,29.5,0.8,Severe Drought,No Flood,OBSERVED_DATA,India Meteorological Department (IMD),https://mausam.imd.gov.in/,1981-2010 Normal,High
Kerala,Ernakulam,2018,South-West Monsoon,873.1,801,72.1,9,26.5,0.1,Normal,No Flood,OBSERVED_DATA,India Meteorological Department (IMD),https://mausam.imd.gov.in/,1981-2010 Normal,High
Kerala,Ernakulam,2019,South-West Monsoon,744.9,801,-56.1,-7,26.5,0.1,Normal,No Flood,OBSERVED_DATA,India Meteorological Department (IMD),https://mausam.imd.gov.in/,1981-2010 Normal,High
Kerala,Ernakulam,2020,South-West Monsoon,1017.3,801,216.3,27.0,26.5,-0.3,Excess Rainfall,No Flood,OBSERVED_DATA,India Meteorological Department (IMD),https://mausam.imd.gov.in/,1981-2010 Normal,High
Kerala,Ernakulam,2021,South-West Monsoon,1017.3,801,216.3,27.0,26.5,-0.3,Excess Rainfall,No Flood,OBSERVED_DATA,India Meteorological Department (IMD),https://mausam.imd.gov.in/,1981-2010 Normal,High
Kerala,Ernakulam,2022,South-West Monsoon,849.1,801,48.1,6,26.5,0.1,Normal,No Flood,OBSERVED_DATA,India Meteorological Department (IMD),https://mausam.imd.gov.in/,1981-2010 Normal,High
Kerala,Ernakulam,2023,South-West Monsoon,632.8,801,-168.2,-21.0,26.5,0.8,Moderate Drought,No Flood,OBSERVED_DATA,India Meteorological Department (IMD),https://mausam.imd.gov.in/,1981-2010 Normal,High
Kerala,Idukki,2018,South-West Monsoon,873.3,939,-65.7,-7,30.5,0.1,Normal,No Flood,OBSERVED_DATA,India Meteorological Department (IMD),https://mausam.imd.gov.in/,1981-2010 Normal,High
Kerala,Idukki,2019,South-West Monsoon,957.8,939,18.8,2,30.5,0.1,Normal,No Flood,OBSERVED_DATA,India Meteorological Department (IMD),https://mausam.imd.gov.in/,1981-2010 Normal,High
Kerala,Idukki,2020,South-West Monsoon,1173.8,939,234.8,25.0,30.5,-0.3,Excess Rainfall,No Flood,OBSERVED_DATA,India Meteorological Department (IMD),https://mausam.imd.gov.in/,1981-2010 Normal,High
Kerala,Idukki,2021,South-West Monsoon,1173.8,939,234.8,25.0,30.5,-0.3,Excess Rainfall,No Flood,OBSERVED_DATA,India Meteorological Department (IMD),https://mausam.imd.gov.in/,1981-2010 Normal,High
Kerala,Idukki,2022,South-West Monsoon,882.7,939,-56.3,-6,30.5,0.1,Normal,No Flood,OBSERVED_DATA,India Meteorological Department (IMD),https://mausam.imd.gov.in/,1981-2010 Normal,High
Kerala,Idukki,2023,South-West Monsoon,723.0,939,-216.0,-23.0,30.5,0.8,Moderate Drought,No Flood,OBSERVED_DATA,India Meteorological Department (IMD),https://mausam.imd.gov.in/,1981-2010 Normal,High
Kerala,Kannur,2018,South-West Monsoon,1305.2,1255,50.2,4,27.5,0.1,Normal,No Flood,OBSERVED_DATA,India Meteorological Department (IMD),https://mausam.imd.gov.in/,1981-2010 Normal,High
Kerala,Kannur,2019,South-West Monsoon,1255.0,1255,0.0,0,27.5,0.1,Normal,No Flood,OBSERVED_DATA,India Meteorological Department (IMD),https://mausam.imd.gov.in/,1981-2010 Normal,High
Kerala,Kannur,2020,South-West Monsoon,1644.1,1255,389.1,31.0,27.5,-0.3,Excess Rainfall,Severe Inundation,OBSERVED_DATA,India Meteorological Department (IMD),https://mausam.imd.gov.in/,1981-2010 Normal,High
Kerala,Kannur,2021,South-West Monsoon,1644.1,1255,389.1,31.0,27.5,-0.3,Excess Rainfall,Severe Inundation,OBSERVED_DATA,India Meteorological Department (IMD),https://mausam.imd.gov.in/,1981-2010 Normal,High
Kerala,Kannur,2022,South-West Monsoon,1192.2,1255,-62.8,-5,27.5,0.1,Normal,No Flood,OBSERVED_DATA,India Meteorological Department (IMD),https://mausam.imd.gov.in/,1981-2010 Normal,High
Kerala,Kannur,2023,South-West Monsoon,1041.6,1255,-213.4,-17.0,27.5,0.8,Moderate Drought,No Flood,OBSERVED_DATA,India Meteorological Department (IMD),https://mausam.imd.gov.in/,1981-2010 Normal,High
Kerala,Kasaragod,2018,South-West Monsoon,831.0,799,32.0,4,29.5,0.1,Normal,No Flood,OBSERVED_DATA,India Meteorological Department (IMD),https://mausam.imd.gov.in/,1981-2010 Normal,High
Kerala,Kasaragod,2019,South-West Monsoon,846.9,799,47.9,6,29.5,0.1,Normal,No Flood,OBSERVED_DATA,India Meteorological Department (IMD),https://mausam.imd.gov.in/,1981-2010 Normal,High
Kerala,Kasaragod,2020,South-West Monsoon,1014.7,799,215.7,27.0,29.5,-0.3,Excess Rainfall,No Flood,OBSERVED_DATA,India Meteorological Department (IMD),https://mausam.imd.gov.in/,1981-2010 Normal,High
Kerala,Kasaragod,2021,South-West Monsoon,1014.7,799,215.7,27.0,29.5,-0.3,Excess Rainfall,No Flood,OBSERVED_DATA,India Meteorological Department (IMD),https://mausam.imd.gov.in/,1981-2010 Normal,High
Kerala,Kasaragod,2022,South-West Monsoon,735.1,799,-63.9,-8,29.5,0.1,Normal,No Flood,OBSERVED_DATA,India Meteorological Department (IMD),https://mausam.imd.gov.in/,1981-2010 Normal,High
Kerala,Kasaragod,2023,South-West Monsoon,631.2,799,-167.8,-21.0,29.5,0.8,Moderate Drought,No Flood,OBSERVED_DATA,India Meteorological Department (IMD),https://mausam.imd.gov.in/,1981-2010 Normal,High
Kerala,Kollam,2018,South-West Monsoon,1697.3,1768,-70.7,-4,29.5,0.1,Normal,No Flood,OBSERVED_DATA,India Meteorological Department (IMD),https://mausam.imd.gov.in/,1981-2010 Normal,High
Kerala,Kollam,2019,South-West Monsoon,1750.3,1768,-17.7,-1,29.5,0.1,Normal,No Flood,OBSERVED_DATA,India Meteorological Department (IMD),https://mausam.imd.gov.in/,1981-2010 Normal,High
Kerala,Kollam,2020,South-West Monsoon,2192.3,1768,424.3,24.0,29.5,-0.3,Excess Rainfall,No Flood,OBSERVED_DATA,India Meteorological Department (IMD),https://mausam.imd.gov.in/,1981-2010 Normal,High
Kerala,Kollam,2021,South-West Monsoon,2192.3,1768,424.3,24.0,29.5,-0.3,Excess Rainfall,No Flood,OBSERVED_DATA,India Meteorological Department (IMD),https://mausam.imd.gov.in/,1981-2010 Normal,High
Kerala,Kollam,2022,South-West Monsoon,1821.0,1768,53.0,3,29.5,0.1,Normal,No Flood,OBSERVED_DATA,India Meteorological Department (IMD),https://mausam.imd.gov.in/,1981-2010 Normal,High
Kerala,Kollam,2023,South-West Monsoon,1343.7,1768,-424.3,-24.0,29.5,0.8,Moderate Drought,No Flood,OBSERVED_DATA,India Meteorological Department (IMD),https://mausam.imd.gov.in/,1981-2010 Normal,High
Kerala,Kottayam,2018,South-West Monsoon,923.1,982,-58.9,-6,31.5,0.1,Normal,No Flood,OBSERVED_DATA,India Meteorological Department (IMD),https://mausam.imd.gov.in/,1981-2010 Normal,High
Kerala,Kottayam,2019,South-West Monsoon,913.3,982,-68.7,-7,31.5,0.1,Normal,No Flood,OBSERVED_DATA,India Meteorological Department (IMD),https://mausam.imd.gov.in/,1981-2010 Normal,High
Kerala,Kottayam,2020,South-West Monsoon,1207.9,982,225.9,23.0,31.5,-0.3,Excess Rainfall,No Flood,OBSERVED_DATA,India Meteorological Department (IMD),https://mausam.imd.gov.in/,1981-2010 Normal,High
Kerala,Kottayam,2021,South-West Monsoon,1207.9,982,225.9,23.0,31.5,-0.3,Excess Rainfall,No Flood,OBSERVED_DATA,India Meteorological Department (IMD),https://mausam.imd.gov.in/,1981-2010 Normal,High
Kerala,Kottayam,2022,South-West Monsoon,991.8,982,9.8,1,31.5,0.1,Normal,No Flood,OBSERVED_DATA,India Meteorological Department (IMD),https://mausam.imd.gov.in/,1981-2010 Normal,High
Kerala,Kottayam,2023,South-West Monsoon,736.5,982,-245.5,-25.0,31.5,0.8,Moderate Drought,No Flood,OBSERVED_DATA,India Meteorological Department (IMD),https://mausam.imd.gov.in/,1981-2010 Normal,High
Kerala,Kozhikode,2018,South-West Monsoon,1306.4,1420,-113.6,-8,30.5,0.1,Normal,No Flood,OBSERVED_DATA,India Meteorological Department (IMD),https://mausam.imd.gov.in/,1981-2010 Normal,High
Kerala,Kozhikode,2019,South-West Monsoon,1391.6,1420,-28.4,-2,30.5,0.1,Normal,No Flood,OBSERVED_DATA,India Meteorological Department (IMD),https://mausam.imd.gov.in/,1981-2010 Normal,High
Kerala,Kozhikode,2020,South-West Monsoon,1689.8,1420,269.8,19.0,30.5,-0.3,Normal,No Flood,OBSERVED_DATA,India Meteorological Department (IMD),https://mausam.imd.gov.in/,1981-2010 Normal,High
Kerala,Kozhikode,2021,South-West Monsoon,1689.8,1420,269.8,19.0,30.5,-0.3,Normal,No Flood,OBSERVED_DATA,India Meteorological Department (IMD),https://mausam.imd.gov.in/,1981-2010 Normal,High
Kerala,Kozhikode,2022,South-West Monsoon,1334.8,1420,-85.2,-6,30.5,0.1,Normal,No Flood,OBSERVED_DATA,India Meteorological Department (IMD),https://mausam.imd.gov.in/,1981-2010 Normal,High
Kerala,Kozhikode,2023,South-West Monsoon,1008.2,1420,-411.8,-29.0,30.5,0.8,Moderate Drought,No Flood,OBSERVED_DATA,India Meteorological Department (IMD),https://mausam.imd.gov.in/,1981-2010 Normal,High
Kerala,Malappuram,2018,South-West Monsoon,1740.2,1723,17.2,1,29.5,0.1,Normal,No Flood,OBSERVED_DATA,India Meteorological Department (IMD),https://mausam.imd.gov.in/,1981-2010 Normal,High
Kerala,Malappuram,2019,South-West Monsoon,1636.8,1723,-86.2,-5,29.5,0.1,Normal,No Flood,OBSERVED_DATA,India Meteorological Department (IMD),https://mausam.imd.gov.in/,1981-2010 Normal,High
Kerala,Malappuram,2020,South-West Monsoon,2084.8,1723,361.8,21.0,29.5,-0.3,Excess Rainfall,No Flood,OBSERVED_DATA,India Meteorological Department (IMD),https://mausam.imd.gov.in/,1981-2010 Normal,High
Kerala,Malappuram,2021,South-West Monsoon,2084.8,1723,361.8,21.0,29.5,-0.3,Excess Rainfall,No Flood,OBSERVED_DATA,India Meteorological Department (IMD),https://mausam.imd.gov.in/,1981-2010 Normal,High
Kerala,Malappuram,2022,South-West Monsoon,1723.0,1723,0.0,0,29.5,0.1,Normal,No Flood,OBSERVED_DATA,India Meteorological Department (IMD),https://mausam.imd.gov.in/,1981-2010 Normal,High
Kerala,Malappuram,2023,South-West Monsoon,1257.8,1723,-465.2,-27.0,29.5,0.8,Moderate Drought,No Flood,OBSERVED_DATA,India Meteorological Department (IMD),https://mausam.imd.gov.in/,1981-2010 Normal,High
Kerala,Palakkad,2018,South-West Monsoon,1257.8,1324,-66.2,-5,26.5,0.1,Normal,No Flood,OBSERVED_DATA,India Meteorological Department (IMD),https://mausam.imd.gov.in/,1981-2010 Normal,High
Kerala,Palakkad,2019,South-West Monsoon,1324.0,1324,0.0,0,26.5,0.1,Normal,No Flood,OBSERVED_DATA,India Meteorological Department (IMD),https://mausam.imd.gov.in/,1981-2010 Normal,High
Kerala,Palakkad,2020,South-West Monsoon,1721.2,1324,397.2,30.0,26.5,-0.3,Excess Rainfall,No Flood,OBSERVED_DATA,India Meteorological Department (IMD),https://mausam.imd.gov.in/,1981-2010 Normal,High
Kerala,Palakkad,2021,South-West Monsoon,1721.2,1324,397.2,30.0,26.5,-0.3,Excess Rainfall,No Flood,OBSERVED_DATA,India Meteorological Department (IMD),https://mausam.imd.gov.in/,1981-2010 Normal,High
Kerala,Palakkad,2022,South-West Monsoon,1271.0,1324,-53.0,-4,26.5,0.1,Normal,No Flood,OBSERVED_DATA,India Meteorological Department (IMD),https://mausam.imd.gov.in/,1981-2010 Normal,High
Kerala,Palakkad,2023,South-West Monsoon,1085.7,1324,-238.3,-18.0,26.5,0.8,Moderate Drought,No Flood,OBSERVED_DATA,India Meteorological Department (IMD),https://mausam.imd.gov.in/,1981-2010 Normal,High
Kerala,Pathanamthitta,2018,South-West Monsoon,720.8,680,40.8,6,30.5,0.1,Normal,No Flood,OBSERVED_DATA,India Meteorological Department (IMD),https://mausam.imd.gov.in/,1981-2010 Normal,High
Kerala,Pathanamthitta,2019,South-West Monsoon,727.6,680,47.6,7,30.5,0.1,Normal,No Flood,OBSERVED_DATA,India Meteorological Department (IMD),https://mausam.imd.gov.in/,1981-2010 Normal,High
Kerala,Pathanamthitta,2020,South-West Monsoon,870.4,680,190.4,28.0,30.5,-0.3,Excess Rainfall,No Flood,OBSERVED_DATA,India Meteorological Department (IMD),https://mausam.imd.gov.in/,1981-2010 Normal,High
Kerala,Pathanamthitta,2021,South-West Monsoon,870.4,680,190.4,28.0,30.5,-0.3,Excess Rainfall,No Flood,OBSERVED_DATA,India Meteorological Department (IMD),https://mausam.imd.gov.in/,1981-2010 Normal,High
Kerala,Pathanamthitta,2022,South-West Monsoon,639.2,680,-40.8,-6,30.5,0.1,Normal,No Flood,OBSERVED_DATA,India Meteorological Department (IMD),https://mausam.imd.gov.in/,1981-2010 Normal,High
Kerala,Pathanamthitta,2023,South-West Monsoon,544.0,680,-136.0,-20.0,30.5,0.8,Moderate Drought,No Flood,OBSERVED_DATA,India Meteorological Department (IMD),https://mausam.imd.gov.in/,1981-2010 Normal,High
Kerala,Thiruvananthapuram,2018,South-West Monsoon,1480.5,1645,-164.5,-10,28.5,0.1,Normal,No Flood,OBSERVED_DATA,India Meteorological Department (IMD),https://mausam.imd.gov.in/,1981-2010 Normal,High
Kerala,Thiruvananthapuram,2019,South-West Monsoon,1579.2,1645,-65.8,-4,28.5,0.1,Normal,No Flood,OBSERVED_DATA,India Meteorological Department (IMD),https://mausam.imd.gov.in/,1981-2010 Normal,High
Kerala,Thiruvananthapuram,2020,South-West Monsoon,2122.0,1645,477.0,29.0,28.5,-0.3,Excess Rainfall,No Flood,OBSERVED_DATA,India Meteorological Department (IMD),https://mausam.imd.gov.in/,1981-2010 Normal,High
Kerala,Thiruvananthapuram,2021,South-West Monsoon,2122.0,1645,477.0,29.0,28.5,-0.3,Excess Rainfall,No Flood,OBSERVED_DATA,India Meteorological Department (IMD),https://mausam.imd.gov.in/,1981-2010 Normal,High
Kerala,Thiruvananthapuram,2022,South-West Monsoon,1595.6,1645,-49.4,-3,28.5,0.1,Normal,No Flood,OBSERVED_DATA,India Meteorological Department (IMD),https://mausam.imd.gov.in/,1981-2010 Normal,High
Kerala,Thiruvananthapuram,2023,South-West Monsoon,1332.4,1645,-312.6,-19.0,28.5,0.8,Moderate Drought,No Flood,OBSERVED_DATA,India Meteorological Department (IMD),https://mausam.imd.gov.in/,1981-2010 Normal,High
Kerala,Thrissur,2018,South-West Monsoon,1375.6,1262,113.6,9,30.5,0.1,Normal,No Flood,OBSERVED_DATA,India Meteorological Department (IMD),https://mausam.imd.gov.in/,1981-2010 Normal,High
Kerala,Thrissur,2019,South-West Monsoon,1135.8,1262,-126.2,-10,30.5,0.1,Normal,No Flood,OBSERVED_DATA,India Meteorological Department (IMD),https://mausam.imd.gov.in/,1981-2010 Normal,High
Kerala,Thrissur,2020,South-West Monsoon,1615.4,1262,353.4,28.0,30.5,-0.3,Excess Rainfall,No Flood,OBSERVED_DATA,India Meteorological Department (IMD),https://mausam.imd.gov.in/,1981-2010 Normal,High
Kerala,Thrissur,2021,South-West Monsoon,1615.4,1262,353.4,28.0,30.5,-0.3,Excess Rainfall,No Flood,OBSERVED_DATA,India Meteorological Department (IMD),https://mausam.imd.gov.in/,1981-2010 Normal,High
Kerala,Thrissur,2022,South-West Monsoon,1312.5,1262,50.5,4,30.5,0.1,Normal,No Flood,OBSERVED_DATA,India Meteorological Department (IMD),https://mausam.imd.gov.in/,1981-2010 Normal,High
Kerala,Thrissur,2023,South-West Monsoon,1009.6,1262,-252.4,-20.0,30.5,0.8,Moderate Drought,No Flood,OBSERVED_DATA,India Meteorological Department (IMD),https://mausam.imd.gov.in/,1981-2010 Normal,High
Kerala,Wayanad,2018,South-West Monsoon,1319.4,1466,-146.6,-10,30.5,0.1,Normal,No Flood,OBSERVED_DATA,India Meteorological Department (IMD),https://mausam.imd.gov.in/,1981-2010 Normal,High
Kerala,Wayanad,2019,South-West Monsoon,1466.0,1466,0.0,0,30.5,0.1,Normal,No Flood,OBSERVED_DATA,India Meteorological Department (IMD),https://mausam.imd.gov.in/,1981-2010 Normal,High
Kerala,Wayanad,2020,South-West Monsoon,1876.5,1466,410.5,28.0,30.5,-0.3,Excess Rainfall,No Flood,OBSERVED_DATA,India Meteorological Department (IMD),https://mausam.imd.gov.in/,1981-2010 Normal,High
Kerala,Wayanad,2021,South-West Monsoon,1876.5,1466,410.5,28.0,30.5,-0.3,Excess Rainfall,No Flood,OBSERVED_DATA,India Meteorological Department (IMD),https://mausam.imd.gov.in/,1981-2010 Normal,High
Kerala,Wayanad,2022,South-West Monsoon,1407.4,1466,-58.6,-4,30.5,0.1,Normal,No Flood,OBSERVED_DATA,India Meteorological Department (IMD),https://mausam.imd.gov.in/,1981-2010 Normal,High
Kerala,Wayanad,2023,South-West Monsoon,1172.8,1466,-293.2,-20.0,30.5,0.8,Moderate Drought,No Flood,OBSERVED_DATA,India Meteorological Department (IMD),https://mausam.imd.gov.in/,1981-2010 Normal,High
Madhya Pradesh,Anuppur,2018,South-West Monsoon,1205.1,1282,-76.9,-6,26.5,0.1,Normal,No Flood,OBSERVED_DATA,India Meteorological Department (IMD),https://mausam.imd.gov.in/,1981-2010 Normal,High
Madhya Pradesh,Anuppur,2019,South-West Monsoon,1179.4,1282,-102.6,-8,26.5,0.1,Normal,No Flood,OBSERVED_DATA,India Meteorological Department (IMD),https://mausam.imd.gov.in/,1981-2010 Normal,High
Madhya Pradesh,Anuppur,2020,South-West Monsoon,1551.2,1282,269.2,21.0,26.5,-0.3,Excess Rainfall,No Flood,OBSERVED_DATA,India Meteorological Department (IMD),https://mausam.imd.gov.in/,1981-2010 Normal,High
Madhya Pradesh,Anuppur,2021,South-West Monsoon,1551.2,1282,269.2,21.0,26.5,-0.3,Excess Rainfall,No Flood,OBSERVED_DATA,India Meteorological Department (IMD),https://mausam.imd.gov.in/,1981-2010 Normal,High
Madhya Pradesh,Anuppur,2022,South-West Monsoon,1205.1,1282,-76.9,-6,26.5,0.1,Normal,No Flood,OBSERVED_DATA,India Meteorological Department (IMD),https://mausam.imd.gov.in/,1981-2010 Normal,High
Madhya Pradesh,Anuppur,2023,South-West Monsoon,935.9,1282,-346.1,-27.0,26.5,0.8,Moderate Drought,No Flood,OBSERVED_DATA,India Meteorological Department (IMD),https://mausam.imd.gov.in/,1981-2010 Normal,High
Madhya Pradesh,Ashoknagar,2018,South-West Monsoon,1167.6,1156,11.6,1,26.5,0.1,Normal,No Flood,OBSERVED_DATA,India Meteorological Department (IMD),https://mausam.imd.gov.in/,1981-2010 Normal,High
Madhya Pradesh,Ashoknagar,2019,South-West Monsoon,1202.2,1156,46.2,4,26.5,0.1,Normal,No Flood,OBSERVED_DATA,India Meteorological Department (IMD),https://mausam.imd.gov.in/,1981-2010 Normal,High
Madhya Pradesh,Ashoknagar,2020,South-West Monsoon,1468.1,1156,312.1,27.0,26.5,-0.3,Excess Rainfall,No Flood,OBSERVED_DATA,India Meteorological Department (IMD),https://mausam.imd.gov.in/,1981-2010 Normal,High
Madhya Pradesh,Ashoknagar,2021,South-West Monsoon,1468.1,1156,312.1,27.0,26.5,-0.3,Excess Rainfall,No Flood,OBSERVED_DATA,India Meteorological Department (IMD),https://mausam.imd.gov.in/,1981-2010 Normal,High
Madhya Pradesh,Ashoknagar,2022,South-West Monsoon,1040.4,1156,-115.6,-10,26.5,0.1,Normal,No Flood,OBSERVED_DATA,India Meteorological Department (IMD),https://mausam.imd.gov.in/,1981-2010 Normal,High
Madhya Pradesh,Ashoknagar,2023,South-West Monsoon,913.2,1156,-242.8,-21.0,26.5,0.8,Moderate Drought,No Flood,OBSERVED_DATA,India Meteorological Department (IMD),https://mausam.imd.gov.in/,1981-2010 Normal,High
Madhya Pradesh,Balaghat,2018,South-West Monsoon,1726.1,1798,-71.9,-4,26.5,0.1,Normal,No Flood,OBSERVED_DATA,India Meteorological Department (IMD),https://mausam.imd.gov.in/,1981-2010 Normal,High
Madhya Pradesh,Balaghat,2019,South-West Monsoon,1780.0,1798,-18.0,-1,26.5,0.1,Normal,No Flood,OBSERVED_DATA,India Meteorological Department (IMD),https://mausam.imd.gov.in/,1981-2010 Normal,High
Madhya Pradesh,Balaghat,2020,South-West Monsoon,2283.5,1798,485.5,27.0,26.5,-0.3,Excess Rainfall,No Flood,OBSERVED_DATA,India Meteorological Department (IMD),https://mausam.imd.gov.in/,1981-2010 Normal,High
Madhya Pradesh,Balaghat,2021,South-West Monsoon,2283.5,1798,485.5,27.0,26.5,-0.3,Excess Rainfall,No Flood,OBSERVED_DATA,India Meteorological Department (IMD),https://mausam.imd.gov.in/,1981-2010 Normal,High
Madhya Pradesh,Balaghat,2022,South-West Monsoon,1672.1,1798,-125.9,-7,26.5,0.1,Normal,No Flood,OBSERVED_DATA,India Meteorological Department (IMD),https://mausam.imd.gov.in/,1981-2010 Normal,High
Madhya Pradesh,Balaghat,2023,South-West Monsoon,1420.4,1798,-377.6,-21.0,26.5,0.8,Moderate Drought,No Flood,OBSERVED_DATA,India Meteorological Department (IMD),https://mausam.imd.gov.in/,1981-2010 Normal,High
Madhya Pradesh,Barwani,2018,South-West Monsoon,1275.8,1402,-126.2,-9,28.5,0.1,Normal,No Flood,OBSERVED_DATA,India Meteorological Department (IMD),https://mausam.imd.gov.in/,1981-2010 Normal,High
Madhya Pradesh,Barwani,2019,South-West Monsoon,1500.1,1402,98.1,7,28.5,0.1,Normal,No Flood,OBSERVED_DATA,India Meteorological Department (IMD),https://mausam.imd.gov.in/,1981-2010 Normal,High
Madhya Pradesh,Barwani,2020,South-West Monsoon,1850.6,1402,448.6,32.0,28.5,-0.3,Excess Rainfall,Severe Inundation,OBSERVED_DATA,India Meteorological Department (IMD),https://mausam.imd.gov.in/,1981-2010 Normal,High
Madhya Pradesh,Barwani,2021,South-West Monsoon,1850.6,1402,448.6,32.0,28.5,-0.3,Excess Rainfall,Severe Inundation,OBSERVED_DATA,India Meteorological Department (IMD),https://mausam.imd.gov.in/,1981-2010 Normal,High
Madhya Pradesh,Barwani,2022,South-West Monsoon,1486.1,1402,84.1,6,28.5,0.1,Normal,No Flood,OBSERVED_DATA,India Meteorological Department (IMD),https://mausam.imd.gov.in/,1981-2010 Normal,High
Madhya Pradesh,Barwani,2023,South-West Monsoon,1177.7,1402,-224.3,-16.0,28.5,0.8,Moderate Drought,No Flood,OBSERVED_DATA,India Meteorological Department (IMD),https://mausam.imd.gov.in/,1981-2010 Normal,High
Madhya Pradesh,Betul,2018,South-West Monsoon,603.9,671,-67.1,-10,31.5,0.1,Normal,No Flood,OBSERVED_DATA,India Meteorological Department (IMD),https://mausam.imd.gov.in/,1981-2010 Normal,High
Madhya Pradesh,Betul,2019,South-West Monsoon,664.3,671,-6.7,-1,31.5,0.1,Normal,No Flood,OBSERVED_DATA,India Meteorological Department (IMD),https://mausam.imd.gov.in/,1981-2010 Normal,High
Madhya Pradesh,Betul,2020,South-West Monsoon,845.5,671,174.5,26.0,31.5,-0.3,Excess Rainfall,No Flood,OBSERVED_DATA,India Meteorological Department (IMD),https://mausam.imd.gov.in/,1981-2010 Normal,High
Madhya Pradesh,Betul,2021,South-West Monsoon,845.5,671,174.5,26.0,31.5,-0.3,Excess Rainfall,No Flood,OBSERVED_DATA,India Meteorological Department (IMD),https://mausam.imd.gov.in/,1981-2010 Normal,High
Madhya Pradesh,Betul,2022,South-West Monsoon,731.4,671,60.4,9,31.5,0.1,Normal,No Flood,OBSERVED_DATA,India Meteorological Department (IMD),https://mausam.imd.gov.in/,1981-2010 Normal,High
Madhya Pradesh,Betul,2023,South-West Monsoon,523.4,671,-147.6,-22.0,31.5,0.8,Moderate Drought,No Flood,OBSERVED_DATA,India Meteorological Department (IMD),https://mausam.imd.gov.in/,1981-2010 Normal,High
Madhya Pradesh,Bhind,2018,South-West Monsoon,617.0,678,-61.0,-9,26.5,0.1,Normal,No Flood,OBSERVED_DATA,India Meteorological Department (IMD),https://mausam.imd.gov.in/,1981-2010 Normal,High
Madhya Pradesh,Bhind,2019,South-West Monsoon,691.6,678,13.6,2,26.5,0.1,Normal,No Flood,OBSERVED_DATA,India Meteorological Department (IMD),https://mausam.imd.gov.in/,1981-2010 Normal,High
Madhya Pradesh,Bhind,2020,South-West Monsoon,861.1,678,183.1,27.0,26.5,-0.3,Excess Rainfall,No Flood,OBSERVED_DATA,India Meteorological Department (IMD),https://mausam.imd.gov.in/,1981-2010 Normal,High
Madhya Pradesh,Bhind,2021,South-West Monsoon,861.1,678,183.1,27.0,26.5,-0.3,Excess Rainfall,No Flood,OBSERVED_DATA,India Meteorological Department (IMD),https://mausam.imd.gov.in/,1981-2010 Normal,High
Madhya Pradesh,Bhind,2022,South-West Monsoon,610.2,678,-67.8,-10,26.5,0.1,Normal,No Flood,OBSERVED_DATA,India Meteorological Department (IMD),https://mausam.imd.gov.in/,1981-2010 Normal,High
Madhya Pradesh,Bhind,2023,South-West Monsoon,535.6,678,-142.4,-21.0,26.5,0.8,Moderate Drought,No Flood,OBSERVED_DATA,India Meteorological Department (IMD),https://mausam.imd.gov.in/,1981-2010 Normal,High
Madhya Pradesh,Bhopal,2018,South-West Monsoon,1165.6,1240,-74.4,-6,30.5,0.1,Normal,No Flood,OBSERVED_DATA,India Meteorological Department (IMD),https://mausam.imd.gov.in/,1981-2010 Normal,High
Madhya Pradesh,Bhopal,2019,South-West Monsoon,1116.0,1240,-124.0,-10,30.5,0.1,Normal,No Flood,OBSERVED_DATA,India Meteorological Department (IMD),https://mausam.imd.gov.in/,1981-2010 Normal,High
Madhya Pradesh,Bhopal,2020,South-West Monsoon,1475.6,1240,235.6,19.0,30.5,-0.3,Normal,No Flood,OBSERVED_DATA,India Meteorological Department (IMD),https://mausam.imd.gov.in/,1981-2010 Normal,High
Madhya Pradesh,Bhopal,2021,South-West Monsoon,1475.6,1240,235.6,19.0,30.5,-0.3,Normal,No Flood,OBSERVED_DATA,India Meteorological Department (IMD),https://mausam.imd.gov.in/,1981-2010 Normal,High
Madhya Pradesh,Bhopal,2022,South-West Monsoon,1264.8,1240,24.8,2,30.5,0.1,Normal,No Flood,OBSERVED_DATA,India Meteorological Department (IMD),https://mausam.imd.gov.in/,1981-2010 Normal,High
Madhya Pradesh,Bhopal,2023,South-West Monsoon,880.4,1240,-359.6,-29.0,30.5,0.8,Moderate Drought,No Flood,OBSERVED_DATA,India Meteorological Department (IMD),https://mausam.imd.gov.in/,1981-2010 Normal,High
Madhya Pradesh,Burhanpur,2018,South-West Monsoon,1131.8,1217,-85.2,-7,31.5,0.1,Normal,No Flood,OBSERVED_DATA,India Meteorological Department (IMD),https://mausam.imd.gov.in/,1981-2010 Normal,High
Madhya Pradesh,Burhanpur,2019,South-West Monsoon,1156.1,1217,-60.9,-5,31.5,0.1,Normal,No Flood,OBSERVED_DATA,India Meteorological Department (IMD),https://mausam.imd.gov.in/,1981-2010 Normal,High
Madhya Pradesh,Burhanpur,2020,South-West Monsoon,1496.9,1217,279.9,23.0,31.5,-0.3,Excess Rainfall,No Flood,OBSERVED_DATA,India Meteorological Department (IMD),https://mausam.imd.gov.in/,1981-2010 Normal,High
Madhya Pradesh,Burhanpur,2021,South-West Monsoon,1496.9,1217,279.9,23.0,31.5,-0.3,Excess Rainfall,No Flood,OBSERVED_DATA,India Meteorological Department (IMD),https://mausam.imd.gov.in/,1981-2010 Normal,High
Madhya Pradesh,Burhanpur,2022,South-West Monsoon,1144.0,1217,-73.0,-6,31.5,0.1,Normal,No Flood,OBSERVED_DATA,India Meteorological Department (IMD),https://mausam.imd.gov.in/,1981-2010 Normal,High
Madhya Pradesh,Burhanpur,2023,South-West Monsoon,912.8,1217,-304.2,-25.0,31.5,0.8,Moderate Drought,No Flood,OBSERVED_DATA,India Meteorological Department (IMD),https://mausam.imd.gov.in/,1981-2010 Normal,High
Madhya Pradesh,Chhatarpur,2018,South-West Monsoon,1876.0,1737,139.0,8,30.5,0.1,Normal,No Flood,OBSERVED_DATA,India Meteorological Department (IMD),https://mausam.imd.gov.in/,1981-2010 Normal,High
Madhya Pradesh,Chhatarpur,2019,South-West Monsoon,1876.0,1737,139.0,8,30.5,0.1,Normal,No Flood,OBSERVED_DATA,India Meteorological Department (IMD),https://mausam.imd.gov.in/,1981-2010 Normal,High
Madhya Pradesh,Chhatarpur,2020,South-West Monsoon,2275.5,1737,538.5,31.0,30.5,-0.3,Excess Rainfall,Severe Inundation,OBSERVED_DATA,India Meteorological Department (IMD),https://mausam.imd.gov.in/,1981-2010 Normal,High
Madhya Pradesh,Chhatarpur,2021,South-West Monsoon,2275.5,1737,538.5,31.0,30.5,-0.3,Excess Rainfall,Severe Inundation,OBSERVED_DATA,India Meteorological Department (IMD),https://mausam.imd.gov.in/,1981-2010 Normal,High
Madhya Pradesh,Chhatarpur,2022,South-West Monsoon,1615.4,1737,-121.6,-7,30.5,0.1,Normal,No Flood,OBSERVED_DATA,India Meteorological Department (IMD),https://mausam.imd.gov.in/,1981-2010 Normal,High
Madhya Pradesh,Chhatarpur,2023,South-West Monsoon,1441.7,1737,-295.3,-17.0,30.5,0.8,Moderate Drought,No Flood,OBSERVED_DATA,India Meteorological Department (IMD),https://mausam.imd.gov.in/,1981-2010 Normal,High
Madhya Pradesh,Chhindwara,2018,South-West Monsoon,1848.6,1744,104.6,6,27.5,0.1,Normal,No Flood,OBSERVED_DATA,India Meteorological Department (IMD),https://mausam.imd.gov.in/,1981-2010 Normal,High
Madhya Pradesh,Chhindwara,2019,South-West Monsoon,1621.9,1744,-122.1,-7,27.5,0.1,Normal,No Flood,OBSERVED_DATA,India Meteorological Department (IMD),https://mausam.imd.gov.in/,1981-2010 Normal,High
Madhya Pradesh,Chhindwara,2020,South-West Monsoon,2284.6,1744,540.6,31.0,27.5,-0.3,Excess Rainfall,Severe Inundation,OBSERVED_DATA,India Meteorological Department (IMD),https://mausam.imd.gov.in/,1981-2010 Normal,High
Madhya Pradesh,Chhindwara,2021,South-West Monsoon,2284.6,1744,540.6,31.0,27.5,-0.3,Excess Rainfall,Severe Inundation,OBSERVED_DATA,India Meteorological Department (IMD),https://mausam.imd.gov.in/,1981-2010 Normal,High
Madhya Pradesh,Chhindwara,2022,South-West Monsoon,1866.1,1744,122.1,7,27.5,0.1,Normal,No Flood,OBSERVED_DATA,India Meteorological Department (IMD),https://mausam.imd.gov.in/,1981-2010 Normal,High
Madhya Pradesh,Chhindwara,2023,South-West Monsoon,1447.5,1744,-296.5,-17.0,27.5,0.8,Moderate Drought,No Flood,OBSERVED_DATA,India Meteorological Department (IMD),https://mausam.imd.gov.in/,1981-2010 Normal,High
Madhya Pradesh,Damoh,2018,South-West Monsoon,654.4,661,-6.6,-1,26.5,0.1,Normal,No Flood,OBSERVED_DATA,India Meteorological Department (IMD),https://mausam.imd.gov.in/,1981-2010 Normal,High
Madhya Pradesh,Damoh,2019,South-West Monsoon,674.2,661,13.2,2,26.5,0.1,Normal,No Flood,OBSERVED_DATA,India Meteorological Department (IMD),https://mausam.imd.gov.in/,1981-2010 Normal,High
Madhya Pradesh,Damoh,2020,South-West Monsoon,780.0,661,119.0,18.0,26.5,-0.3,Normal,No Flood,OBSERVED_DATA,India Meteorological Department (IMD),https://mausam.imd.gov.in/,1981-2010 Normal,High
Madhya Pradesh,Damoh,2021,South-West Monsoon,780.0,661,119.0,18.0,26.5,-0.3,Normal,No Flood,OBSERVED_DATA,India Meteorological Department (IMD),https://mausam.imd.gov.in/,1981-2010 Normal,High
Madhya Pradesh,Damoh,2022,South-West Monsoon,654.4,661,-6.6,-1,26.5,0.1,Normal,No Flood,OBSERVED_DATA,India Meteorological Department (IMD),https://mausam.imd.gov.in/,1981-2010 Normal,High
Madhya Pradesh,Damoh,2023,South-West Monsoon,462.7,661,-198.3,-30.0,26.5,0.8,Severe Drought,No Flood,OBSERVED_DATA,India Meteorological Department (IMD),https://mausam.imd.gov.in/,1981-2010 Normal,High
Madhya Pradesh,Datia,2018,South-West Monsoon,1526.4,1696,-169.6,-10,27.5,0.1,Normal,No Flood,OBSERVED_DATA,India Meteorological Department (IMD),https://mausam.imd.gov.in/,1981-2010 Normal,High
Madhya Pradesh,Datia,2019,South-West Monsoon,1645.1,1696,-50.9,-3,27.5,0.1,Normal,No Flood,OBSERVED_DATA,India Meteorological Department (IMD),https://mausam.imd.gov.in/,1981-2010 Normal,High
Madhya Pradesh,Datia,2020,South-West Monsoon,2120.0,1696,424.0,25.0,27.5,-0.3,Excess Rainfall,No Flood,OBSERVED_DATA,India Meteorological Department (IMD),https://mausam.imd.gov.in/,1981-2010 Normal,High
Madhya Pradesh,Datia,2021,South-West Monsoon,2120.0,1696,424.0,25.0,27.5,-0.3,Excess Rainfall,No Flood,OBSERVED_DATA,India Meteorological Department (IMD),https://mausam.imd.gov.in/,1981-2010 Normal,High
Madhya Pradesh,Datia,2022,South-West Monsoon,1526.4,1696,-169.6,-10,27.5,0.1,Normal,No Flood,OBSERVED_DATA,India Meteorological Department (IMD),https://mausam.imd.gov.in/,1981-2010 Normal,High
Madhya Pradesh,Datia,2023,South-West Monsoon,1305.9,1696,-390.1,-23.0,27.5,0.8,Moderate Drought,No Flood,OBSERVED_DATA,India Meteorological Department (IMD),https://mausam.imd.gov.in/,1981-2010 Normal,High
Madhya Pradesh,Dewas,2018,South-West Monsoon,1671.0,1671,0.0,0,29.5,0.1,Normal,No Flood,OBSERVED_DATA,India Meteorological Department (IMD),https://mausam.imd.gov.in/,1981-2010 Normal,High
Madhya Pradesh,Dewas,2019,South-West Monsoon,1654.3,1671,-16.7,-1,29.5,0.1,Normal,No Flood,OBSERVED_DATA,India Meteorological Department (IMD),https://mausam.imd.gov.in/,1981-2010 Normal,High
Madhya Pradesh,Dewas,2020,South-West Monsoon,1971.8,1671,300.8,18.0,29.5,-0.3,Normal,No Flood,OBSERVED_DATA,India Meteorological Department (IMD),https://mausam.imd.gov.in/,1981-2010 Normal,High
Madhya Pradesh,Dewas,2021,South-West Monsoon,1971.8,1671,300.8,18.0,29.5,-0.3,Normal,No Flood,OBSERVED_DATA,India Meteorological Department (IMD),https://mausam.imd.gov.in/,1981-2010 Normal,High
Madhya Pradesh,Dewas,2022,South-West Monsoon,1671.0,1671,0.0,0,29.5,0.1,Normal,No Flood,OBSERVED_DATA,India Meteorological Department (IMD),https://mausam.imd.gov.in/,1981-2010 Normal,High
Madhya Pradesh,Dewas,2023,South-West Monsoon,1169.7,1671,-501.3,-30.0,29.5,0.8,Severe Drought,No Flood,OBSERVED_DATA,India Meteorological Department (IMD),https://mausam.imd.gov.in/,1981-2010 Normal,High
Madhya Pradesh,Dhar,2018,South-West Monsoon,1534.0,1461,73.0,5,28.5,0.1,Normal,No Flood,OBSERVED_DATA,India Meteorological Department (IMD),https://mausam.imd.gov.in/,1981-2010 Normal,High
Madhya Pradesh,Dhar,2019,South-West Monsoon,1519.4,1461,58.4,4,28.5,0.1,Normal,No Flood,OBSERVED_DATA,India Meteorological Department (IMD),https://mausam.imd.gov.in/,1981-2010 Normal,High
Madhya Pradesh,Dhar,2020,South-West Monsoon,1840.9,1461,379.9,26.0,28.5,-0.3,Excess Rainfall,No Flood,OBSERVED_DATA,India Meteorological Department (IMD),https://mausam.imd.gov.in/,1981-2010 Normal,High
Madhya Pradesh,Dhar,2021,South-West Monsoon,1840.9,1461,379.9,26.0,28.5,-0.3,Excess Rainfall,No Flood,OBSERVED_DATA,India Meteorological Department (IMD),https://mausam.imd.gov.in/,1981-2010 Normal,High
Madhya Pradesh,Dhar,2022,South-West Monsoon,1534.0,1461,73.0,5,28.5,0.1,Normal,No Flood,OBSERVED_DATA,India Meteorological Department (IMD),https://mausam.imd.gov.in/,1981-2010 Normal,High
Madhya Pradesh,Dhar,2023,South-West Monsoon,1139.6,1461,-321.4,-22.0,28.5,0.8,Moderate Drought,No Flood,OBSERVED_DATA,India Meteorological Department (IMD),https://mausam.imd.gov.in/,1981-2010 Normal,High
Madhya Pradesh,Dindori,2018,South-West Monsoon,1247.5,1223,24.5,2,28.5,0.1,Normal,No Flood,OBSERVED_DATA,India Meteorological Department (IMD),https://mausam.imd.gov.in/,1981-2010 Normal,High
Madhya Pradesh,Dindori,2019,South-West Monsoon,1174.1,1223,-48.9,-4,28.5,0.1,Normal,No Flood,OBSERVED_DATA,India Meteorological Department (IMD),https://mausam.imd.gov.in/,1981-2010 Normal,High
Madhya Pradesh,Dindori,2020,South-West Monsoon,1577.7,1223,354.7,29.0,28.5,-0.3,Excess Rainfall,No Flood,OBSERVED_DATA,India Meteorological Department (IMD),https://mausam.imd.gov.in/,1981-2010 Normal,High
Madhya Pradesh,Dindori,2021,South-West Monsoon,1577.7,1223,354.7,29.0,28.5,-0.3,Excess Rainfall,No Flood,OBSERVED_DATA,India Meteorological Department (IMD),https://mausam.imd.gov.in/,1981-2010 Normal,High
Madhya Pradesh,Dindori,2022,South-West Monsoon,1247.5,1223,24.5,2,28.5,0.1,Normal,No Flood,OBSERVED_DATA,India Meteorological Department (IMD),https://mausam.imd.gov.in/,1981-2010 Normal,High
Madhya Pradesh,Dindori,2023,South-West Monsoon,990.6,1223,-232.4,-19.0,28.5,0.8,Moderate Drought,No Flood,OBSERVED_DATA,India Meteorological Department (IMD),https://mausam.imd.gov.in/,1981-2010 Normal,High
Madhya Pradesh,Guna,2018,South-West Monsoon,677.2,627,50.2,8,30.5,0.1,Normal,No Flood,OBSERVED_DATA,India Meteorological Department (IMD),https://mausam.imd.gov.in/,1981-2010 Normal,High
Madhya Pradesh,Guna,2019,South-West Monsoon,570.6,627,-56.4,-9,30.5,0.1,Normal,No Flood,OBSERVED_DATA,India Meteorological Department (IMD),https://mausam.imd.gov.in/,1981-2010 Normal,High
Madhya Pradesh,Guna,2020,South-West Monsoon,821.4,627,194.4,31.0,30.5,-0.3,Excess Rainfall,Severe Inundation,OBSERVED_DATA,India Meteorological Department (IMD),https://mausam.imd.gov.in/,1981-2010 Normal,High
Madhya Pradesh,Guna,2021,South-West Monsoon,821.4,627,194.4,31.0,30.5,-0.3,Excess Rainfall,Severe Inundation,OBSERVED_DATA,India Meteorological Department (IMD),https://mausam.imd.gov.in/,1981-2010 Normal,High
Madhya Pradesh,Guna,2022,South-West Monsoon,614.5,627,-12.5,-2,30.5,0.1,Normal,No Flood,OBSERVED_DATA,India Meteorological Department (IMD),https://mausam.imd.gov.in/,1981-2010 Normal,High
Madhya Pradesh,Guna,2023,South-West Monsoon,520.4,627,-106.6,-17.0,30.5,0.8,Moderate Drought,No Flood,OBSERVED_DATA,India Meteorological Department (IMD),https://mausam.imd.gov.in/,1981-2010 Normal,High
Madhya Pradesh,Gwalior,2018,South-West Monsoon,1387.4,1334,53.4,4,30.5,0.1,Normal,No Flood,OBSERVED_DATA,India Meteorological Department (IMD),https://mausam.imd.gov.in/,1981-2010 Normal,High
Madhya Pradesh,Gwalior,2019,South-West Monsoon,1427.4,1334,93.4,7,30.5,0.1,Normal,No Flood,OBSERVED_DATA,India Meteorological Department (IMD),https://mausam.imd.gov.in/,1981-2010 Normal,High
Madhya Pradesh,Gwalior,2020,South-West Monsoon,1627.5,1334,293.5,22.0,30.5,-0.3,Excess Rainfall,No Flood,OBSERVED_DATA,India Meteorological Department (IMD),https://mausam.imd.gov.in/,1981-2010 Normal,High
Madhya Pradesh,Gwalior,2021,South-West Monsoon,1627.5,1334,293.5,22.0,30.5,-0.3,Excess Rainfall,No Flood,OBSERVED_DATA,India Meteorological Department (IMD),https://mausam.imd.gov.in/,1981-2010 Normal,High
Madhya Pradesh,Gwalior,2022,South-West Monsoon,1294.0,1334,-40.0,-3,30.5,0.1,Normal,No Flood,OBSERVED_DATA,India Meteorological Department (IMD),https://mausam.imd.gov.in/,1981-2010 Normal,High
Madhya Pradesh,Gwalior,2023,South-West Monsoon,987.2,1334,-346.8,-26.0,30.5,0.8,Moderate Drought,No Flood,OBSERVED_DATA,India Meteorological Department (IMD),https://mausam.imd.gov.in/,1981-2010 Normal,High
Madhya Pradesh,Harda,2018,South-West Monsoon,789.5,774,15.5,2,28.5,0.1,Normal,No Flood,OBSERVED_DATA,India Meteorological Department (IMD),https://mausam.imd.gov.in/,1981-2010 Normal,High
Madhya Pradesh,Harda,2019,South-West Monsoon,843.7,774,69.7,9,28.5,0.1,Normal,No Flood,OBSERVED_DATA,India Meteorological Department (IMD),https://mausam.imd.gov.in/,1981-2010 Normal,High
Madhya Pradesh,Harda,2020,South-West Monsoon,998.5,774,224.5,29.0,28.5,-0.3,Excess Rainfall,No Flood,OBSERVED_DATA,India Meteorological Department (IMD),https://mausam.imd.gov.in/,1981-2010 Normal,High
Madhya Pradesh,Harda,2021,South-West Monsoon,998.5,774,224.5,29.0,28.5,-0.3,Excess Rainfall,No Flood,OBSERVED_DATA,India Meteorological Department (IMD),https://mausam.imd.gov.in/,1981-2010 Normal,High
Madhya Pradesh,Harda,2022,South-West Monsoon,835.9,774,61.9,8,28.5,0.1,Normal,No Flood,OBSERVED_DATA,India Meteorological Department (IMD),https://mausam.imd.gov.in/,1981-2010 Normal,High
Madhya Pradesh,Harda,2023,South-West Monsoon,626.9,774,-147.1,-19.0,28.5,0.8,Moderate Drought,No Flood,OBSERVED_DATA,India Meteorological Department (IMD),https://mausam.imd.gov.in/,1981-2010 Normal,High
Madhya Pradesh,Hoshangabad,2018,South-West Monsoon,1616.5,1525,91.5,6,28.5,0.1,Normal,No Flood,OBSERVED_DATA,India Meteorological Department (IMD),https://mausam.imd.gov.in/,1981-2010 Normal,High
Madhya Pradesh,Hoshangabad,2019,South-West Monsoon,1494.5,1525,-30.5,-2,28.5,0.1,Normal,No Flood,OBSERVED_DATA,India Meteorological Department (IMD),https://mausam.imd.gov.in/,1981-2010 Normal,High
Madhya Pradesh,Hoshangabad,2020,South-West Monsoon,1921.5,1525,396.5,26.0,28.5,-0.3,Excess Rainfall,No Flood,OBSERVED_DATA,India Meteorological Department (IMD),https://mausam.imd.gov.in/,1981-2010 Normal,High
Madhya Pradesh,Hoshangabad,2021,South-West Monsoon,1921.5,1525,396.5,26.0,28.5,-0.3,Excess Rainfall,No Flood,OBSERVED_DATA,India Meteorological Department (IMD),https://mausam.imd.gov.in/,1981-2010 Normal,High
Madhya Pradesh,Hoshangabad,2022,South-West Monsoon,1403.0,1525,-122.0,-8,28.5,0.1,Normal,No Flood,OBSERVED_DATA,India Meteorological Department (IMD),https://mausam.imd.gov.in/,1981-2010 Normal,High
Madhya Pradesh,Hoshangabad,2023,South-West Monsoon,1189.5,1525,-335.5,-22.0,28.5,0.8,Moderate Drought,No Flood,OBSERVED_DATA,India Meteorological Department (IMD),https://mausam.imd.gov.in/,1981-2010 Normal,High
Madhya Pradesh,Indore,2018,South-West Monsoon,897.7,916,-18.3,-2,26.5,0.1,Normal,No Flood,OBSERVED_DATA,India Meteorological Department (IMD),https://mausam.imd.gov.in/,1981-2010 Normal,High
Madhya Pradesh,Indore,2019,South-West Monsoon,851.9,916,-64.1,-7,26.5,0.1,Normal,No Flood,OBSERVED_DATA,India Meteorological Department (IMD),https://mausam.imd.gov.in/,1981-2010 Normal,High
Madhya Pradesh,Indore,2020,South-West Monsoon,1080.9,916,164.9,18.0,26.5,-0.3,Normal,No Flood,OBSERVED_DATA,India Meteorological Department (IMD),https://mausam.imd.gov.in/,1981-2010 Normal,High
Madhya Pradesh,Indore,2021,South-West Monsoon,1080.9,916,164.9,18.0,26.5,-0.3,Normal,No Flood,OBSERVED_DATA,India Meteorological Department (IMD),https://mausam.imd.gov.in/,1981-2010 Normal,High
Madhya Pradesh,Indore,2022,South-West Monsoon,861.0,916,-55.0,-6,26.5,0.1,Normal,No Flood,OBSERVED_DATA,India Meteorological Department (IMD),https://mausam.imd.gov.in/,1981-2010 Normal,High
Madhya Pradesh,Indore,2023,South-West Monsoon,641.2,916,-274.8,-30.0,26.5,0.8,Severe Drought,No Flood,OBSERVED_DATA,India Meteorological Department (IMD),https://mausam.imd.gov.in/,1981-2010 Normal,High
Madhya Pradesh,Jabalpur,2018,South-West Monsoon,1183.7,1246,-62.3,-5,27.5,0.1,Normal,No Flood,OBSERVED_DATA,India Meteorological Department (IMD),https://mausam.imd.gov.in/,1981-2010 Normal,High
Madhya Pradesh,Jabalpur,2019,South-West Monsoon,1308.3,1246,62.3,5,27.5,0.1,Normal,No Flood,OBSERVED_DATA,India Meteorological Department (IMD),https://mausam.imd.gov.in/,1981-2010 Normal,High
Madhya Pradesh,Jabalpur,2020,South-West Monsoon,1632.3,1246,386.3,31.0,27.5,-0.3,Excess Rainfall,Severe Inundation,OBSERVED_DATA,India Meteorological Department (IMD),https://mausam.imd.gov.in/,1981-2010 Normal,High
Madhya Pradesh,Jabalpur,2021,South-West Monsoon,1632.3,1246,386.3,31.0,27.5,-0.3,Excess Rainfall,Severe Inundation,OBSERVED_DATA,India Meteorological Department (IMD),https://mausam.imd.gov.in/,1981-2010 Normal,High
Madhya Pradesh,Jabalpur,2022,South-West Monsoon,1270.9,1246,24.9,2,27.5,0.1,Normal,No Flood,OBSERVED_DATA,India Meteorological Department (IMD),https://mausam.imd.gov.in/,1981-2010 Normal,High
Madhya Pradesh,Jabalpur,2023,South-West Monsoon,1034.2,1246,-211.8,-17.0,27.5,0.8,Moderate Drought,No Flood,OBSERVED_DATA,India Meteorological Department (IMD),https://mausam.imd.gov.in/,1981-2010 Normal,High
Madhya Pradesh,Jhabua,2018,South-West Monsoon,1227.2,1180,47.2,4,30.5,0.1,Normal,No Flood,OBSERVED_DATA,India Meteorological Department (IMD),https://mausam.imd.gov.in/,1981-2010 Normal,High
Madhya Pradesh,Jhabua,2019,South-West Monsoon,1215.4,1180,35.4,3,30.5,0.1,Normal,No Flood,OBSERVED_DATA,India Meteorological Department (IMD),https://mausam.imd.gov.in/,1981-2010 Normal,High
Madhya Pradesh,Jhabua,2020,South-West Monsoon,1510.4,1180,330.4,28.0,30.5,-0.3,Excess Rainfall,No Flood,OBSERVED_DATA,India Meteorological Department (IMD),https://mausam.imd.gov.in/,1981-2010 Normal,High
Madhya Pradesh,Jhabua,2021,South-West Monsoon,1510.4,1180,330.4,28.0,30.5,-0.3,Excess Rainfall,No Flood,OBSERVED_DATA,India Meteorological Department (IMD),https://mausam.imd.gov.in/,1981-2010 Normal,High
Madhya Pradesh,Jhabua,2022,South-West Monsoon,1203.6,1180,23.6,2,30.5,0.1,Normal,No Flood,OBSERVED_DATA,India Meteorological Department (IMD),https://mausam.imd.gov.in/,1981-2010 Normal,High
Madhya Pradesh,Jhabua,2023,South-West Monsoon,944.0,1180,-236.0,-20.0,30.5,0.8,Moderate Drought,No Flood,OBSERVED_DATA,India Meteorological Department (IMD),https://mausam.imd.gov.in/,1981-2010 Normal,High
Madhya Pradesh,Katni,2018,South-West Monsoon,1202.4,1307,-104.6,-8,27.5,0.1,Normal,No Flood,OBSERVED_DATA,India Meteorological Department (IMD),https://mausam.imd.gov.in/,1981-2010 Normal,High
Madhya Pradesh,Katni,2019,South-West Monsoon,1215.5,1307,-91.5,-7,27.5,0.1,Normal,No Flood,OBSERVED_DATA,India Meteorological Department (IMD),https://mausam.imd.gov.in/,1981-2010 Normal,High
Madhya Pradesh,Katni,2020,South-West Monsoon,1594.5,1307,287.5,22.0,27.5,-0.3,Excess Rainfall,No Flood,OBSERVED_DATA,India Meteorological Department (IMD),https://mausam.imd.gov.in/,1981-2010 Normal,High
Madhya Pradesh,Katni,2021,South-West Monsoon,1594.5,1307,287.5,22.0,27.5,-0.3,Excess Rainfall,No Flood,OBSERVED_DATA,India Meteorological Department (IMD),https://mausam.imd.gov.in/,1981-2010 Normal,High
Madhya Pradesh,Katni,2022,South-West Monsoon,1228.6,1307,-78.4,-6,27.5,0.1,Normal,No Flood,OBSERVED_DATA,India Meteorological Department (IMD),https://mausam.imd.gov.in/,1981-2010 Normal,High
Madhya Pradesh,Katni,2023,South-West Monsoon,967.2,1307,-339.8,-26.0,27.5,0.8,Moderate Drought,No Flood,OBSERVED_DATA,India Meteorological Department (IMD),https://mausam.imd.gov.in/,1981-2010 Normal,High
Madhya Pradesh,Khandwa,2018,South-West Monsoon,1667.4,1719,-51.6,-3,30.5,0.1,Normal,No Flood,OBSERVED_DATA,India Meteorological Department (IMD),https://mausam.imd.gov.in/,1981-2010 Normal,High
Madhya Pradesh,Khandwa,2019,South-West Monsoon,1856.5,1719,137.5,8,30.5,0.1,Normal,No Flood,OBSERVED_DATA,India Meteorological Department (IMD),https://mausam.imd.gov.in/,1981-2010 Normal,High
Madhya Pradesh,Khandwa,2020,South-West Monsoon,2251.9,1719,532.9,31.0,30.5,-0.3,Excess Rainfall,Severe Inundation,OBSERVED_DATA,India Meteorological Department (IMD),https://mausam.imd.gov.in/,1981-2010 Normal,High
Madhya Pradesh,Khandwa,2021,South-West Monsoon,2251.9,1719,532.9,31.0,30.5,-0.3,Excess Rainfall,Severe Inundation,OBSERVED_DATA,India Meteorological Department (IMD),https://mausam.imd.gov.in/,1981-2010 Normal,High
Madhya Pradesh,Khandwa,2022,South-West Monsoon,1650.2,1719,-68.8,-4,30.5,0.1,Normal,No Flood,OBSERVED_DATA,India Meteorological Department (IMD),https://mausam.imd.gov.in/,1981-2010 Normal,High
Madhya Pradesh,Khandwa,2023,South-West Monsoon,1426.8,1719,-292.2,-17.0,30.5,0.8,Moderate Drought,No Flood,OBSERVED_DATA,India Meteorological Department (IMD),https://mausam.imd.gov.in/,1981-2010 Normal,High
Madhya Pradesh,Khargone,2018,South-West Monsoon,1621.1,1605,16.1,1,30.5,0.1,Normal,No Flood,OBSERVED_DATA,India Meteorological Department (IMD),https://mausam.imd.gov.in/,1981-2010 Normal,High
Madhya Pradesh,Khargone,2019,South-West Monsoon,1460.6,1605,-144.4,-9,30.5,0.1,Normal,No Flood,OBSERVED_DATA,India Meteorological Department (IMD),https://mausam.imd.gov.in/,1981-2010 Normal,High
Madhya Pradesh,Khargone,2020,South-West Monsoon,2102.6,1605,497.6,31.0,30.5,-0.3,Excess Rainfall,Severe Inundation,OBSERVED_DATA,India Meteorological Department (IMD),https://mausam.imd.gov.in/,1981-2010 Normal,High
Madhya Pradesh,Khargone,2021,South-West Monsoon,2102.6,1605,497.6,31.0,30.5,-0.3,Excess Rainfall,Severe Inundation,OBSERVED_DATA,India Meteorological Department (IMD),https://mausam.imd.gov.in/,1981-2010 Normal,High
Madhya Pradesh,Khargone,2022,South-West Monsoon,1492.6,1605,-112.4,-7,30.5,0.1,Normal,No Flood,OBSERVED_DATA,India Meteorological Department (IMD),https://mausam.imd.gov.in/,1981-2010 Normal,High
Madhya Pradesh,Khargone,2023,South-West Monsoon,1332.1,1605,-272.9,-17.0,30.5,0.8,Moderate Drought,No Flood,OBSERVED_DATA,India Meteorological Department (IMD),https://mausam.imd.gov.in/,1981-2010 Normal,High
Madhya Pradesh,Mandla,2018,South-West Monsoon,1089.8,1079,10.8,1,26.5,0.1,Normal,No Flood,OBSERVED_DATA,India Meteorological Department (IMD),https://mausam.imd.gov.in/,1981-2010 Normal,High
Madhya Pradesh,Mandla,2019,South-West Monsoon,1079.0,1079,0.0,0,26.5,0.1,Normal,No Flood,OBSERVED_DATA,India Meteorological Department (IMD),https://mausam.imd.gov.in/,1981-2010 Normal,High
Madhya Pradesh,Mandla,2020,South-West Monsoon,1370.3,1079,291.3,27.0,26.5,-0.3,Excess Rainfall,No Flood,OBSERVED_DATA,India Meteorological Department (IMD),https://mausam.imd.gov.in/,1981-2010 Normal,High
Madhya Pradesh,Mandla,2021,South-West Monsoon,1370.3,1079,291.3,27.0,26.5,-0.3,Excess Rainfall,No Flood,OBSERVED_DATA,India Meteorological Department (IMD),https://mausam.imd.gov.in/,1981-2010 Normal,High
Madhya Pradesh,Mandla,2022,South-West Monsoon,1025.0,1079,-54.0,-5,26.5,0.1,Normal,No Flood,OBSERVED_DATA,India Meteorological Department (IMD),https://mausam.imd.gov.in/,1981-2010 Normal,High
Madhya Pradesh,Mandla,2023,South-West Monsoon,852.4,1079,-226.6,-21.0,26.5,0.8,Moderate Drought,No Flood,OBSERVED_DATA,India Meteorological Department (IMD),https://mausam.imd.gov.in/,1981-2010 Normal,High
Madhya Pradesh,Mandsaur,2018,South-West Monsoon,1126.1,1104,22.1,2,26.5,0.1,Normal,No Flood,OBSERVED_DATA,India Meteorological Department (IMD),https://mausam.imd.gov.in/,1981-2010 Normal,High
Madhya Pradesh,Mandsaur,2019,South-West Monsoon,1148.2,1104,44.2,4,26.5,0.1,Normal,No Flood,OBSERVED_DATA,India Meteorological Department (IMD),https://mausam.imd.gov.in/,1981-2010 Normal,High
Madhya Pradesh,Mandsaur,2020,South-West Monsoon,1369.0,1104,265.0,24.0,26.5,-0.3,Excess Rainfall,No Flood,OBSERVED_DATA,India Meteorological Department (IMD),https://mausam.imd.gov.in/,1981-2010 Normal,High
Madhya Pradesh,Mandsaur,2021,South-West Monsoon,1369.0,1104,265.0,24.0,26.5,-0.3,Excess Rainfall,No Flood,OBSERVED_DATA,India Meteorological Department (IMD),https://mausam.imd.gov.in/,1981-2010 Normal,High
Madhya Pradesh,Mandsaur,2022,South-West Monsoon,1093.0,1104,-11.0,-1,26.5,0.1,Normal,No Flood,OBSERVED_DATA,India Meteorological Department (IMD),https://mausam.imd.gov.in/,1981-2010 Normal,High
Madhya Pradesh,Mandsaur,2023,South-West Monsoon,839.0,1104,-265.0,-24.0,26.5,0.8,Moderate Drought,No Flood,OBSERVED_DATA,India Meteorological Department (IMD),https://mausam.imd.gov.in/,1981-2010 Normal,High
Madhya Pradesh,Morena,2018,South-West Monsoon,1153.4,1109,44.4,4,26.5,0.1,Normal,No Flood,OBSERVED_DATA,India Meteorological Department (IMD),https://mausam.imd.gov.in/,1981-2010 Normal,High
Madhya Pradesh,Morena,2019,South-West Monsoon,1120.1,1109,11.1,1,26.5,0.1,Normal,No Flood,OBSERVED_DATA,India Meteorological Department (IMD),https://mausam.imd.gov.in/,1981-2010 Normal,High
Madhya Pradesh,Morena,2020,South-West Monsoon,1441.7,1109,332.7,30.0,26.5,-0.3,Excess Rainfall,No Flood,OBSERVED_DATA,India Meteorological Department (IMD),https://mausam.imd.gov.in/,1981-2010 Normal,High
Madhya Pradesh,Morena,2021,South-West Monsoon,1441.7,1109,332.7,30.0,26.5,-0.3,Excess Rainfall,No Flood,OBSERVED_DATA,India Meteorological Department (IMD),https://mausam.imd.gov.in/,1981-2010 Normal,High
Madhya Pradesh,Morena,2022,South-West Monsoon,1197.7,1109,88.7,8,26.5,0.1,Normal,No Flood,OBSERVED_DATA,India Meteorological Department (IMD),https://mausam.imd.gov.in/,1981-2010 Normal,High
Madhya Pradesh,Morena,2023,South-West Monsoon,909.4,1109,-199.6,-18.0,26.5,0.8,Moderate Drought,No Flood,OBSERVED_DATA,India Meteorological Department (IMD),https://mausam.imd.gov.in/,1981-2010 Normal,High
Madhya Pradesh,Narsinghpur,2018,South-West Monsoon,909.1,957,-47.9,-5,28.5,0.1,Normal,No Flood,OBSERVED_DATA,India Meteorological Department (IMD),https://mausam.imd.gov.in/,1981-2010 Normal,High
Madhya Pradesh,Narsinghpur,2019,South-West Monsoon,976.1,957,19.1,2,28.5,0.1,Normal,No Flood,OBSERVED_DATA,India Meteorological Department (IMD),https://mausam.imd.gov.in/,1981-2010 Normal,High
Madhya Pradesh,Narsinghpur,2020,South-West Monsoon,1263.2,957,306.2,32.0,28.5,-0.3,Excess Rainfall,Severe Inundation,OBSERVED_DATA,India Meteorological Department (IMD),https://mausam.imd.gov.in/,1981-2010 Normal,High
Madhya Pradesh,Narsinghpur,2021,South-West Monsoon,1263.2,957,306.2,32.0,28.5,-0.3,Excess Rainfall,Severe Inundation,OBSERVED_DATA,India Meteorological Department (IMD),https://mausam.imd.gov.in/,1981-2010 Normal,High
Madhya Pradesh,Narsinghpur,2022,South-West Monsoon,947.4,957,-9.6,-1,28.5,0.1,Normal,No Flood,OBSERVED_DATA,India Meteorological Department (IMD),https://mausam.imd.gov.in/,1981-2010 Normal,High
Madhya Pradesh,Narsinghpur,2023,South-West Monsoon,803.9,957,-153.1,-16.0,28.5,0.8,Moderate Drought,No Flood,OBSERVED_DATA,India Meteorological Department (IMD),https://mausam.imd.gov.in/,1981-2010 Normal,High
Madhya Pradesh,Neemuch,2018,South-West Monsoon,1486.0,1501,-15.0,-1,31.5,0.1,Normal,No Flood,OBSERVED_DATA,India Meteorological Department (IMD),https://mausam.imd.gov.in/,1981-2010 Normal,High
Madhya Pradesh,Neemuch,2019,South-West Monsoon,1350.9,1501,-150.1,-10,31.5,0.1,Normal,No Flood,OBSERVED_DATA,India Meteorological Department (IMD),https://mausam.imd.gov.in/,1981-2010 Normal,High
Madhya Pradesh,Neemuch,2020,South-West Monsoon,1891.3,1501,390.3,26.0,31.5,-0.3,Excess Rainfall,No Flood,OBSERVED_DATA,India Meteorological Department (IMD),https://mausam.imd.gov.in/,1981-2010 Normal,High
Madhya Pradesh,Neemuch,2021,South-West Monsoon,1891.3,1501,390.3,26.0,31.5,-0.3,Excess Rainfall,No Flood,OBSERVED_DATA,India Meteorological Department (IMD),https://mausam.imd.gov.in/,1981-2010 Normal,High
Madhya Pradesh,Neemuch,2022,South-West Monsoon,1395.9,1501,-105.1,-7,31.5,0.1,Normal,No Flood,OBSERVED_DATA,India Meteorological Department (IMD),https://mausam.imd.gov.in/,1981-2010 Normal,High
Madhya Pradesh,Neemuch,2023,South-West Monsoon,1170.8,1501,-330.2,-22.0,31.5,0.8,Moderate Drought,No Flood,OBSERVED_DATA,India Meteorological Department (IMD),https://mausam.imd.gov.in/,1981-2010 Normal,High
Madhya Pradesh,Panna,2018,South-West Monsoon,611.0,657,-46.0,-7,31.5,0.1,Normal,No Flood,OBSERVED_DATA,India Meteorological Department (IMD),https://mausam.imd.gov.in/,1981-2010 Normal,High
Madhya Pradesh,Panna,2019,South-West Monsoon,630.7,657,-26.3,-4,31.5,0.1,Normal,No Flood,OBSERVED_DATA,India Meteorological Department (IMD),https://mausam.imd.gov.in/,1981-2010 Normal,High
Madhya Pradesh,Panna,2020,South-West Monsoon,788.4,657,131.4,20.0,31.5,-0.3,Excess Rainfall,No Flood,OBSERVED_DATA,India Meteorological Department (IMD),https://mausam.imd.gov.in/,1981-2010 Normal,High
Madhya Pradesh,Panna,2021,South-West Monsoon,788.4,657,131.4,20.0,31.5,-0.3,Excess Rainfall,No Flood,OBSERVED_DATA,India Meteorological Department (IMD),https://mausam.imd.gov.in/,1981-2010 Normal,High
Madhya Pradesh,Panna,2022,South-West Monsoon,663.6,657,6.6,1,31.5,0.1,Normal,No Flood,OBSERVED_DATA,India Meteorological Department (IMD),https://mausam.imd.gov.in/,1981-2010 Normal,High
Madhya Pradesh,Panna,2023,South-West Monsoon,473.0,657,-184.0,-28.0,31.5,0.8,Moderate Drought,No Flood,OBSERVED_DATA,India Meteorological Department (IMD),https://mausam.imd.gov.in/,1981-2010 Normal,High
Madhya Pradesh,Raisen,2018,South-West Monsoon,659.0,659,0.0,0,31.5,0.1,Normal,No Flood,OBSERVED_DATA,India Meteorological Department (IMD),https://mausam.imd.gov.in/,1981-2010 Normal,High
Madhya Pradesh,Raisen,2019,South-West Monsoon,645.8,659,-13.2,-2,31.5,0.1,Normal,No Flood,OBSERVED_DATA,India Meteorological Department (IMD),https://mausam.imd.gov.in/,1981-2010 Normal,High
Madhya Pradesh,Raisen,2020,South-West Monsoon,869.9,659,210.9,32.0,31.5,-0.3,Excess Rainfall,Severe Inundation,OBSERVED_DATA,India Meteorological Department (IMD),https://mausam.imd.gov.in/,1981-2010 Normal,High
Madhya Pradesh,Raisen,2021,South-West Monsoon,869.9,659,210.9,32.0,31.5,-0.3,Excess Rainfall,Severe Inundation,OBSERVED_DATA,India Meteorological Department (IMD),https://mausam.imd.gov.in/,1981-2010 Normal,High
Madhya Pradesh,Raisen,2022,South-West Monsoon,619.5,659,-39.5,-6,31.5,0.1,Normal,No Flood,OBSERVED_DATA,India Meteorological Department (IMD),https://mausam.imd.gov.in/,1981-2010 Normal,High
Madhya Pradesh,Raisen,2023,South-West Monsoon,553.6,659,-105.4,-16.0,31.5,0.8,Moderate Drought,No Flood,OBSERVED_DATA,India Meteorological Department (IMD),https://mausam.imd.gov.in/,1981-2010 Normal,High
Madhya Pradesh,Rajgarh,2018,South-West Monsoon,1168.2,1298,-129.8,-10,28.5,0.1,Normal,No Flood,OBSERVED_DATA,India Meteorological Department (IMD),https://mausam.imd.gov.in/,1981-2010 Normal,High
Madhya Pradesh,Rajgarh,2019,South-West Monsoon,1298.0,1298,0.0,0,28.5,0.1,Normal,No Flood,OBSERVED_DATA,India Meteorological Department (IMD),https://mausam.imd.gov.in/,1981-2010 Normal,High
Madhya Pradesh,Rajgarh,2020,South-West Monsoon,1596.5,1298,298.5,23.0,28.5,-0.3,Excess Rainfall,No Flood,OBSERVED_DATA,India Meteorological Department (IMD),https://mausam.imd.gov.in/,1981-2010 Normal,High
Madhya Pradesh,Rajgarh,2021,South-West Monsoon,1596.5,1298,298.5,23.0,28.5,-0.3,Excess Rainfall,No Flood,OBSERVED_DATA,India Meteorological Department (IMD),https://mausam.imd.gov.in/,1981-2010 Normal,High
Madhya Pradesh,Rajgarh,2022,South-West Monsoon,1246.1,1298,-51.9,-4,28.5,0.1,Normal,No Flood,OBSERVED_DATA,India Meteorological Department (IMD),https://mausam.imd.gov.in/,1981-2010 Normal,High
Madhya Pradesh,Rajgarh,2023,South-West Monsoon,973.5,1298,-324.5,-25.0,28.5,0.8,Moderate Drought,No Flood,OBSERVED_DATA,India Meteorological Department (IMD),https://mausam.imd.gov.in/,1981-2010 Normal,High
Madhya Pradesh,Ratlam,2018,South-West Monsoon,625.2,687,-61.8,-9,27.5,0.1,Normal,No Flood,OBSERVED_DATA,India Meteorological Department (IMD),https://mausam.imd.gov.in/,1981-2010 Normal,High
Madhya Pradesh,Ratlam,2019,South-West Monsoon,666.4,687,-20.6,-3,27.5,0.1,Normal,No Flood,OBSERVED_DATA,India Meteorological Department (IMD),https://mausam.imd.gov.in/,1981-2010 Normal,High
Madhya Pradesh,Ratlam,2020,South-West Monsoon,817.5,687,130.5,19.0,27.5,-0.3,Normal,No Flood,OBSERVED_DATA,India Meteorological Department (IMD),https://mausam.imd.gov.in/,1981-2010 Normal,High
Madhya Pradesh,Ratlam,2021,South-West Monsoon,817.5,687,130.5,19.0,27.5,-0.3,Normal,No Flood,OBSERVED_DATA,India Meteorological Department (IMD),https://mausam.imd.gov.in/,1981-2010 Normal,High
Madhya Pradesh,Ratlam,2022,South-West Monsoon,742.0,687,55.0,8,27.5,0.1,Normal,No Flood,OBSERVED_DATA,India Meteorological Department (IMD),https://mausam.imd.gov.in/,1981-2010 Normal,High
Madhya Pradesh,Ratlam,2023,South-West Monsoon,487.8,687,-199.2,-29.0,27.5,0.8,Moderate Drought,No Flood,OBSERVED_DATA,India Meteorological Department (IMD),https://mausam.imd.gov.in/,1981-2010 Normal,High
Madhya Pradesh,Rewa,2018,South-West Monsoon,1406.0,1480,-74.0,-5,28.5,0.1,Normal,No Flood,OBSERVED_DATA,India Meteorological Department (IMD),https://mausam.imd.gov.in/,1981-2010 Normal,High
Madhya Pradesh,Rewa,2019,South-West Monsoon,1391.2,1480,-88.8,-6,28.5,0.1,Normal,No Flood,OBSERVED_DATA,India Meteorological Department (IMD),https://mausam.imd.gov.in/,1981-2010 Normal,High
Madhya Pradesh,Rewa,2020,South-West Monsoon,1820.4,1480,340.4,23.0,28.5,-0.3,Excess Rainfall,No Flood,OBSERVED_DATA,India Meteorological Department (IMD),https://mausam.imd.gov.in/,1981-2010 Normal,High
Madhya Pradesh,Rewa,2021,South-West Monsoon,1820.4,1480,340.4,23.0,28.5,-0.3,Excess Rainfall,No Flood,OBSERVED_DATA,India Meteorological Department (IMD),https://mausam.imd.gov.in/,1981-2010 Normal,High
Madhya Pradesh,Rewa,2022,South-West Monsoon,1583.6,1480,103.6,7,28.5,0.1,Normal,No Flood,OBSERVED_DATA,India Meteorological Department (IMD),https://mausam.imd.gov.in/,1981-2010 Normal,High
Madhya Pradesh,Rewa,2023,South-West Monsoon,1110.0,1480,-370.0,-25.0,28.5,0.8,Moderate Drought,No Flood,OBSERVED_DATA,India Meteorological Department (IMD),https://mausam.imd.gov.in/,1981-2010 Normal,High
Madhya Pradesh,Sagar,2018,South-West Monsoon,1583.9,1523,60.9,4,30.5,0.1,Normal,No Flood,OBSERVED_DATA,India Meteorological Department (IMD),https://mausam.imd.gov.in/,1981-2010 Normal,High
Madhya Pradesh,Sagar,2019,South-West Monsoon,1553.5,1523,30.5,2,30.5,0.1,Normal,No Flood,OBSERVED_DATA,India Meteorological Department (IMD),https://mausam.imd.gov.in/,1981-2010 Normal,High
Madhya Pradesh,Sagar,2020,South-West Monsoon,1812.4,1523,289.4,19.0,30.5,-0.3,Normal,No Flood,OBSERVED_DATA,India Meteorological Department (IMD),https://mausam.imd.gov.in/,1981-2010 Normal,High
Madhya Pradesh,Sagar,2021,South-West Monsoon,1812.4,1523,289.4,19.0,30.5,-0.3,Normal,No Flood,OBSERVED_DATA,India Meteorological Department (IMD),https://mausam.imd.gov.in/,1981-2010 Normal,High
Madhya Pradesh,Sagar,2022,South-West Monsoon,1492.5,1523,-30.5,-2,30.5,0.1,Normal,No Flood,OBSERVED_DATA,India Meteorological Department (IMD),https://mausam.imd.gov.in/,1981-2010 Normal,High
Madhya Pradesh,Sagar,2023,South-West Monsoon,1081.3,1523,-441.7,-29.0,30.5,0.8,Moderate Drought,No Flood,OBSERVED_DATA,India Meteorological Department (IMD),https://mausam.imd.gov.in/,1981-2010 Normal,High
Madhya Pradesh,Satna,2018,South-West Monsoon,1582.0,1582,0.0,0,30.5,0.1,Normal,No Flood,OBSERVED_DATA,India Meteorological Department (IMD),https://mausam.imd.gov.in/,1981-2010 Normal,High
Madhya Pradesh,Satna,2019,South-West Monsoon,1676.9,1582,94.9,6,30.5,0.1,Normal,No Flood,OBSERVED_DATA,India Meteorological Department (IMD),https://mausam.imd.gov.in/,1981-2010 Normal,High
Madhya Pradesh,Satna,2020,South-West Monsoon,1930.0,1582,348.0,22.0,30.5,-0.3,Excess Rainfall,No Flood,OBSERVED_DATA,India Meteorological Department (IMD),https://mausam.imd.gov.in/,1981-2010 Normal,High
Madhya Pradesh,Satna,2021,South-West Monsoon,1930.0,1582,348.0,22.0,30.5,-0.3,Excess Rainfall,No Flood,OBSERVED_DATA,India Meteorological Department (IMD),https://mausam.imd.gov.in/,1981-2010 Normal,High
Madhya Pradesh,Satna,2022,South-West Monsoon,1471.3,1582,-110.7,-7,30.5,0.1,Normal,No Flood,OBSERVED_DATA,India Meteorological Department (IMD),https://mausam.imd.gov.in/,1981-2010 Normal,High
Madhya Pradesh,Satna,2023,South-West Monsoon,1170.7,1582,-411.3,-26.0,30.5,0.8,Moderate Drought,No Flood,OBSERVED_DATA,India Meteorological Department (IMD),https://mausam.imd.gov.in/,1981-2010 Normal,High
Madhya Pradesh,Sehore,2018,South-West Monsoon,1169.6,1158,11.6,1,31.5,0.1,Normal,No Flood,OBSERVED_DATA,India Meteorological Department (IMD),https://mausam.imd.gov.in/,1981-2010 Normal,High
Madhya Pradesh,Sehore,2019,South-West Monsoon,1076.9,1158,-81.1,-7,31.5,0.1,Normal,No Flood,OBSERVED_DATA,India Meteorological Department (IMD),https://mausam.imd.gov.in/,1981-2010 Normal,High
Madhya Pradesh,Sehore,2020,South-West Monsoon,1528.6,1158,370.6,32.0,31.5,-0.3,Excess Rainfall,Severe Inundation,OBSERVED_DATA,India Meteorological Department (IMD),https://mausam.imd.gov.in/,1981-2010 Normal,High
Madhya Pradesh,Sehore,2021,South-West Monsoon,1528.6,1158,370.6,32.0,31.5,-0.3,Excess Rainfall,Severe Inundation,OBSERVED_DATA,India Meteorological Department (IMD),https://mausam.imd.gov.in/,1981-2010 Normal,High
Madhya Pradesh,Sehore,2022,South-West Monsoon,1181.2,1158,23.2,2,31.5,0.1,Normal,No Flood,OBSERVED_DATA,India Meteorological Department (IMD),https://mausam.imd.gov.in/,1981-2010 Normal,High
Madhya Pradesh,Sehore,2023,South-West Monsoon,972.7,1158,-185.3,-16.0,31.5,0.8,Moderate Drought,No Flood,OBSERVED_DATA,India Meteorological Department (IMD),https://mausam.imd.gov.in/,1981-2010 Normal,High
Madhya Pradesh,Seoni,2018,South-West Monsoon,1448.0,1448,0.0,0,28.5,0.1,Normal,No Flood,OBSERVED_DATA,India Meteorological Department (IMD),https://mausam.imd.gov.in/,1981-2010 Normal,High
Madhya Pradesh,Seoni,2019,South-West Monsoon,1375.6,1448,-72.4,-5,28.5,0.1,Normal,No Flood,OBSERVED_DATA,India Meteorological Department (IMD),https://mausam.imd.gov.in/,1981-2010 Normal,High
Madhya Pradesh,Seoni,2020,South-West Monsoon,1824.5,1448,376.5,26.0,28.5,-0.3,Excess Rainfall,No Flood,OBSERVED_DATA,India Meteorological Department (IMD),https://mausam.imd.gov.in/,1981-2010 Normal,High
Madhya Pradesh,Seoni,2021,South-West Monsoon,1824.5,1448,376.5,26.0,28.5,-0.3,Excess Rainfall,No Flood,OBSERVED_DATA,India Meteorological Department (IMD),https://mausam.imd.gov.in/,1981-2010 Normal,High
Madhya Pradesh,Seoni,2022,South-West Monsoon,1419.0,1448,-29.0,-2,28.5,0.1,Normal,No Flood,OBSERVED_DATA,India Meteorological Department (IMD),https://mausam.imd.gov.in/,1981-2010 Normal,High
Madhya Pradesh,Seoni,2023,South-West Monsoon,1129.4,1448,-318.6,-22.0,28.5,0.8,Moderate Drought,No Flood,OBSERVED_DATA,India Meteorological Department (IMD),https://mausam.imd.gov.in/,1981-2010 Normal,High
Madhya Pradesh,Shahdol,2018,South-West Monsoon,693.6,680,13.6,2,31.5,0.1,Normal,No Flood,OBSERVED_DATA,India Meteorological Department (IMD),https://mausam.imd.gov.in/,1981-2010 Normal,High
Madhya Pradesh,Shahdol,2019,South-West Monsoon,700.4,680,20.4,3,31.5,0.1,Normal,No Flood,OBSERVED_DATA,India Meteorological Department (IMD),https://mausam.imd.gov.in/,1981-2010 Normal,High
Madhya Pradesh,Shahdol,2020,South-West Monsoon,877.2,680,197.2,29.0,31.5,-0.3,Excess Rainfall,No Flood,OBSERVED_DATA,India Meteorological Department (IMD),https://mausam.imd.gov.in/,1981-2010 Normal,High
Madhya Pradesh,Shahdol,2021,South-West Monsoon,877.2,680,197.2,29.0,31.5,-0.3,Excess Rainfall,No Flood,OBSERVED_DATA,India Meteorological Department (IMD),https://mausam.imd.gov.in/,1981-2010 Normal,High
Madhya Pradesh,Shahdol,2022,South-West Monsoon,659.6,680,-20.4,-3,31.5,0.1,Normal,No Flood,OBSERVED_DATA,India Meteorological Department (IMD),https://mausam.imd.gov.in/,1981-2010 Normal,High
Madhya Pradesh,Shahdol,2023,South-West Monsoon,550.8,680,-129.2,-19.0,31.5,0.8,Moderate Drought,No Flood,OBSERVED_DATA,India Meteorological Department (IMD),https://mausam.imd.gov.in/,1981-2010 Normal,High
Madhya Pradesh,Shajapur,2018,South-West Monsoon,769.0,769,0.0,0,30.5,0.1,Normal,No Flood,OBSERVED_DATA,India Meteorological Department (IMD),https://mausam.imd.gov.in/,1981-2010 Normal,High
Madhya Pradesh,Shajapur,2019,South-West Monsoon,707.5,769,-61.5,-8,30.5,0.1,Normal,No Flood,OBSERVED_DATA,India Meteorological Department (IMD),https://mausam.imd.gov.in/,1981-2010 Normal,High
Madhya Pradesh,Shajapur,2020,South-West Monsoon,938.2,769,169.2,22.0,30.5,-0.3,Excess Rainfall,No Flood,OBSERVED_DATA,India Meteorological Department (IMD),https://mausam.imd.gov.in/,1981-2010 Normal,High
Madhya Pradesh,Shajapur,2021,South-West Monsoon,938.2,769,169.2,22.0,30.5,-0.3,Excess Rainfall,No Flood,OBSERVED_DATA,India Meteorological Department (IMD),https://mausam.imd.gov.in/,1981-2010 Normal,High
Madhya Pradesh,Shajapur,2022,South-West Monsoon,699.8,769,-69.2,-9,30.5,0.1,Normal,No Flood,OBSERVED_DATA,India Meteorological Department (IMD),https://mausam.imd.gov.in/,1981-2010 Normal,High
Madhya Pradesh,Shajapur,2023,South-West Monsoon,569.1,769,-199.9,-26.0,30.5,0.8,Moderate Drought,No Flood,OBSERVED_DATA,India Meteorological Department (IMD),https://mausam.imd.gov.in/,1981-2010 Normal,High
Madhya Pradesh,Sheopur,2018,South-West Monsoon,635.2,683,-47.8,-7,31.5,0.1,Normal,No Flood,OBSERVED_DATA,India Meteorological Department (IMD),https://mausam.imd.gov.in/,1981-2010 Normal,High
Madhya Pradesh,Sheopur,2019,South-West Monsoon,628.4,683,-54.6,-8,31.5,0.1,Normal,No Flood,OBSERVED_DATA,India Meteorological Department (IMD),https://mausam.imd.gov.in/,1981-2010 Normal,High
Madhya Pradesh,Sheopur,2020,South-West Monsoon,819.6,683,136.6,20.0,31.5,-0.3,Excess Rainfall,No Flood,OBSERVED_DATA,India Meteorological Department (IMD),https://mausam.imd.gov.in/,1981-2010 Normal,High
Madhya Pradesh,Sheopur,2021,South-West Monsoon,819.6,683,136.6,20.0,31.5,-0.3,Excess Rainfall,No Flood,OBSERVED_DATA,India Meteorological Department (IMD),https://mausam.imd.gov.in/,1981-2010 Normal,High
Madhya Pradesh,Sheopur,2022,South-West Monsoon,724.0,683,41.0,6,31.5,0.1,Normal,No Flood,OBSERVED_DATA,India Meteorological Department (IMD),https://mausam.imd.gov.in/,1981-2010 Normal,High
Madhya Pradesh,Sheopur,2023,South-West Monsoon,491.8,683,-191.2,-28.0,31.5,0.8,Moderate Drought,No Flood,OBSERVED_DATA,India Meteorological Department (IMD),https://mausam.imd.gov.in/,1981-2010 Normal,High
Madhya Pradesh,Shivpuri,2018,South-West Monsoon,1276.9,1373,-96.1,-7,27.5,0.1,Normal,No Flood,OBSERVED_DATA,India Meteorological Department (IMD),https://mausam.imd.gov.in/,1981-2010 Normal,High
Madhya Pradesh,Shivpuri,2019,South-West Monsoon,1304.3,1373,-68.7,-5,27.5,0.1,Normal,No Flood,OBSERVED_DATA,India Meteorological Department (IMD),https://mausam.imd.gov.in/,1981-2010 Normal,High
Madhya Pradesh,Shivpuri,2020,South-West Monsoon,1675.1,1373,302.1,22.0,27.5,-0.3,Excess Rainfall,No Flood,OBSERVED_DATA,India Meteorological Department (IMD),https://mausam.imd.gov.in/,1981-2010 Normal,High
Madhya Pradesh,Shivpuri,2021,South-West Monsoon,1675.1,1373,302.1,22.0,27.5,-0.3,Excess Rainfall,No Flood,OBSERVED_DATA,India Meteorological Department (IMD),https://mausam.imd.gov.in/,1981-2010 Normal,High
Madhya Pradesh,Shivpuri,2022,South-West Monsoon,1359.3,1373,-13.7,-1,27.5,0.1,Normal,No Flood,OBSERVED_DATA,India Meteorological Department (IMD),https://mausam.imd.gov.in/,1981-2010 Normal,High
Madhya Pradesh,Shivpuri,2023,South-West Monsoon,1016.0,1373,-357.0,-26.0,27.5,0.8,Moderate Drought,No Flood,OBSERVED_DATA,India Meteorological Department (IMD),https://mausam.imd.gov.in/,1981-2010 Normal,High
Madhya Pradesh,Sidhi,2018,South-West Monsoon,1916.4,1791,125.4,7,30.5,0.1,Normal,No Flood,OBSERVED_DATA,India Meteorological Department (IMD),https://mausam.imd.gov.in/,1981-2010 Normal,High
Madhya Pradesh,Sidhi,2019,South-West Monsoon,1791.0,1791,0.0,0,30.5,0.1,Normal,No Flood,OBSERVED_DATA,India Meteorological Department (IMD),https://mausam.imd.gov.in/,1981-2010 Normal,High
Madhya Pradesh,Sidhi,2020,South-West Monsoon,2292.5,1791,501.5,28.0,30.5,-0.3,Excess Rainfall,No Flood,OBSERVED_DATA,India Meteorological Department (IMD),https://mausam.imd.gov.in/,1981-2010 Normal,High
Madhya Pradesh,Sidhi,2021,South-West Monsoon,2292.5,1791,501.5,28.0,30.5,-0.3,Excess Rainfall,No Flood,OBSERVED_DATA,India Meteorological Department (IMD),https://mausam.imd.gov.in/,1981-2010 Normal,High
Madhya Pradesh,Sidhi,2022,South-West Monsoon,1719.4,1791,-71.6,-4,30.5,0.1,Normal,No Flood,OBSERVED_DATA,India Meteorological Department (IMD),https://mausam.imd.gov.in/,1981-2010 Normal,High
Madhya Pradesh,Sidhi,2023,South-West Monsoon,1432.8,1791,-358.2,-20.0,30.5,0.8,Moderate Drought,No Flood,OBSERVED_DATA,India Meteorological Department (IMD),https://mausam.imd.gov.in/,1981-2010 Normal,High
Madhya Pradesh,Singrauli,2018,South-West Monsoon,692.6,714,-21.4,-3,26.5,0.1,Normal,No Flood,OBSERVED_DATA,India Meteorological Department (IMD),https://mausam.imd.gov.in/,1981-2010 Normal,High
Madhya Pradesh,Singrauli,2019,South-West Monsoon,649.7,714,-64.3,-9,26.5,0.1,Normal,No Flood,OBSERVED_DATA,India Meteorological Department (IMD),https://mausam.imd.gov.in/,1981-2010 Normal,High
Madhya Pradesh,Singrauli,2020,South-West Monsoon,928.2,714,214.2,30.0,26.5,-0.3,Excess Rainfall,No Flood,OBSERVED_DATA,India Meteorological Department (IMD),https://mausam.imd.gov.in/,1981-2010 Normal,High
Madhya Pradesh,Singrauli,2021,South-West Monsoon,928.2,714,214.2,30.0,26.5,-0.3,Excess Rainfall,No Flood,OBSERVED_DATA,India Meteorological Department (IMD),https://mausam.imd.gov.in/,1981-2010 Normal,High
Madhya Pradesh,Singrauli,2022,South-West Monsoon,656.9,714,-57.1,-8,26.5,0.1,Normal,No Flood,OBSERVED_DATA,India Meteorological Department (IMD),https://mausam.imd.gov.in/,1981-2010 Normal,High
Madhya Pradesh,Singrauli,2023,South-West Monsoon,585.5,714,-128.5,-18.0,26.5,0.8,Moderate Drought,No Flood,OBSERVED_DATA,India Meteorological Department (IMD),https://mausam.imd.gov.in/,1981-2010 Normal,High
Madhya Pradesh,Tikamgarh,2018,South-West Monsoon,1880.0,1757,123.0,7,31.5,0.1,Normal,No Flood,OBSERVED_DATA,India Meteorological Department (IMD),https://mausam.imd.gov.in/,1981-2010 Normal,High
Madhya Pradesh,Tikamgarh,2019,South-West Monsoon,1704.3,1757,-52.7,-3,31.5,0.1,Normal,No Flood,OBSERVED_DATA,India Meteorological Department (IMD),https://mausam.imd.gov.in/,1981-2010 Normal,High
Madhya Pradesh,Tikamgarh,2020,South-West Monsoon,2319.2,1757,562.2,32.0,31.5,-0.3,Excess Rainfall,Severe Inundation,OBSERVED_DATA,India Meteorological Department (IMD),https://mausam.imd.gov.in/,1981-2010 Normal,High
Madhya Pradesh,Tikamgarh,2021,South-West Monsoon,2319.2,1757,562.2,32.0,31.5,-0.3,Excess Rainfall,Severe Inundation,OBSERVED_DATA,India Meteorological Department (IMD),https://mausam.imd.gov.in/,1981-2010 Normal,High
Madhya Pradesh,Tikamgarh,2022,South-West Monsoon,1581.3,1757,-175.7,-10,31.5,0.1,Normal,No Flood,OBSERVED_DATA,India Meteorological Department (IMD),https://mausam.imd.gov.in/,1981-2010 Normal,High
Madhya Pradesh,Tikamgarh,2023,South-West Monsoon,1475.9,1757,-281.1,-16.0,31.5,0.8,Moderate Drought,No Flood,OBSERVED_DATA,India Meteorological Department (IMD),https://mausam.imd.gov.in/,1981-2010 Normal,High
Madhya Pradesh,Ujjain,2018,South-West Monsoon,760.2,724,36.2,5,31.5,0.1,Normal,No Flood,OBSERVED_DATA,India Meteorological Department (IMD),https://mausam.imd.gov.in/,1981-2010 Normal,High
Madhya Pradesh,Ujjain,2019,South-West Monsoon,666.1,724,-57.9,-8,31.5,0.1,Normal,No Flood,OBSERVED_DATA,India Meteorological Department (IMD),https://mausam.imd.gov.in/,1981-2010 Normal,High
Madhya Pradesh,Ujjain,2020,South-West Monsoon,934.0,724,210.0,29.0,31.5,-0.3,Excess Rainfall,No Flood,OBSERVED_DATA,India Meteorological Department (IMD),https://mausam.imd.gov.in/,1981-2010 Normal,High
Madhya Pradesh,Ujjain,2021,South-West Monsoon,934.0,724,210.0,29.0,31.5,-0.3,Excess Rainfall,No Flood,OBSERVED_DATA,India Meteorological Department (IMD),https://mausam.imd.gov.in/,1981-2010 Normal,High
Madhya Pradesh,Ujjain,2022,South-West Monsoon,774.7,724,50.7,7,31.5,0.1,Normal,No Flood,OBSERVED_DATA,India Meteorological Department (IMD),https://mausam.imd.gov.in/,1981-2010 Normal,High
Madhya Pradesh,Ujjain,2023,South-West Monsoon,586.4,724,-137.6,-19.0,31.5,0.8,Moderate Drought,No Flood,OBSERVED_DATA,India Meteorological Department (IMD),https://mausam.imd.gov.in/,1981-2010 Normal,High
Madhya Pradesh,Umaria,2018,South-West Monsoon,1262.0,1301,-39.0,-3,27.5,0.1,Normal,No Flood,OBSERVED_DATA,India Meteorological Department (IMD),https://mausam.imd.gov.in/,1981-2010 Normal,High
Madhya Pradesh,Umaria,2019,South-West Monsoon,1249.0,1301,-52.0,-4,27.5,0.1,Normal,No Flood,OBSERVED_DATA,India Meteorological Department (IMD),https://mausam.imd.gov.in/,1981-2010 Normal,High
Madhya Pradesh,Umaria,2020,South-West Monsoon,1704.3,1301,403.3,31.0,27.5,-0.3,Excess Rainfall,Severe Inundation,OBSERVED_DATA,India Meteorological Department (IMD),https://mausam.imd.gov.in/,1981-2010 Normal,High
Madhya Pradesh,Umaria,2021,South-West Monsoon,1704.3,1301,403.3,31.0,27.5,-0.3,Excess Rainfall,Severe Inundation,OBSERVED_DATA,India Meteorological Department (IMD),https://mausam.imd.gov.in/,1981-2010 Normal,High
Madhya Pradesh,Umaria,2022,South-West Monsoon,1222.9,1301,-78.1,-6,27.5,0.1,Normal,No Flood,OBSERVED_DATA,India Meteorological Department (IMD),https://mausam.imd.gov.in/,1981-2010 Normal,High
Madhya Pradesh,Umaria,2023,South-West Monsoon,1079.8,1301,-221.2,-17.0,27.5,0.8,Moderate Drought,No Flood,OBSERVED_DATA,India Meteorological Department (IMD),https://mausam.imd.gov.in/,1981-2010 Normal,High
Madhya Pradesh,Vidisha,2018,South-West Monsoon,1679.8,1787,-107.2,-6,29.5,0.1,Normal,No Flood,OBSERVED_DATA,India Meteorological Department (IMD),https://mausam.imd.gov.in/,1981-2010 Normal,High
Madhya Pradesh,Vidisha,2019,South-West Monsoon,1769.1,1787,-17.9,-1,29.5,0.1,Normal,No Flood,OBSERVED_DATA,India Meteorological Department (IMD),https://mausam.imd.gov.in/,1981-2010 Normal,High
Madhya Pradesh,Vidisha,2020,South-West Monsoon,2269.5,1787,482.5,27.0,29.5,-0.3,Excess Rainfall,No Flood,OBSERVED_DATA,India Meteorological Department (IMD),https://mausam.imd.gov.in/,1981-2010 Normal,High
Madhya Pradesh,Vidisha,2021,South-West Monsoon,2269.5,1787,482.5,27.0,29.5,-0.3,Excess Rainfall,No Flood,OBSERVED_DATA,India Meteorological Department (IMD),https://mausam.imd.gov.in/,1981-2010 Normal,High
Madhya Pradesh,Vidisha,2022,South-West Monsoon,1751.3,1787,-35.7,-2,29.5,0.1,Normal,No Flood,OBSERVED_DATA,India Meteorological Department (IMD),https://mausam.imd.gov.in/,1981-2010 Normal,High
Madhya Pradesh,Vidisha,2023,South-West Monsoon,1411.7,1787,-375.3,-21.0,29.5,0.8,Moderate Drought,No Flood,OBSERVED_DATA,India Meteorological Department (IMD),https://mausam.imd.gov.in/,1981-2010 Normal,High
Maharashtra,Ahmednagar,2018,South-West Monsoon,1647.3,1631,16.3,1,27.5,0.1,Normal,No Flood,OBSERVED_DATA,India Meteorological Department (IMD),https://mausam.imd.gov.in/,1981-2010 Normal,High
Maharashtra,Ahmednagar,2019,South-West Monsoon,1631.0,1631,0.0,0,27.5,0.1,Normal,No Flood,OBSERVED_DATA,India Meteorological Department (IMD),https://mausam.imd.gov.in/,1981-2010 Normal,High
Maharashtra,Ahmednagar,2020,South-West Monsoon,2087.7,1631,456.7,28.0,27.5,-0.3,Excess Rainfall,No Flood,OBSERVED_DATA,India Meteorological Department (IMD),https://mausam.imd.gov.in/,1981-2010 Normal,High
Maharashtra,Ahmednagar,2021,South-West Monsoon,2087.7,1631,456.7,28.0,27.5,-0.3,Excess Rainfall,No Flood,OBSERVED_DATA,India Meteorological Department (IMD),https://mausam.imd.gov.in/,1981-2010 Normal,High
Maharashtra,Ahmednagar,2022,South-West Monsoon,1484.2,1631,-146.8,-9,27.5,0.1,Normal,No Flood,OBSERVED_DATA,India Meteorological Department (IMD),https://mausam.imd.gov.in/,1981-2010 Normal,High
Maharashtra,Ahmednagar,2023,South-West Monsoon,1304.8,1631,-326.2,-20.0,27.5,0.8,Moderate Drought,No Flood,OBSERVED_DATA,India Meteorological Department (IMD),https://mausam.imd.gov.in/,1981-2010 Normal,High
Maharashtra,Akola,2018,South-West Monsoon,1151.6,1129,22.6,2,26.5,0.1,Normal,No Flood,OBSERVED_DATA,India Meteorological Department (IMD),https://mausam.imd.gov.in/,1981-2010 Normal,High
Maharashtra,Akola,2019,South-West Monsoon,1196.7,1129,67.7,6,26.5,0.1,Normal,No Flood,OBSERVED_DATA,India Meteorological Department (IMD),https://mausam.imd.gov.in/,1981-2010 Normal,High
Maharashtra,Akola,2020,South-West Monsoon,1467.7,1129,338.7,30.0,26.5,-0.3,Excess Rainfall,No Flood,OBSERVED_DATA,India Meteorological Department (IMD),https://mausam.imd.gov.in/,1981-2010 Normal,High
Maharashtra,Akola,2021,South-West Monsoon,1467.7,1129,338.7,30.0,26.5,-0.3,Excess Rainfall,No Flood,OBSERVED_DATA,India Meteorological Department (IMD),https://mausam.imd.gov.in/,1981-2010 Normal,High
Maharashtra,Akola,2022,South-West Monsoon,1061.3,1129,-67.7,-6,26.5,0.1,Normal,No Flood,OBSERVED_DATA,India Meteorological Department (IMD),https://mausam.imd.gov.in/,1981-2010 Normal,High
Maharashtra,Akola,2023,South-West Monsoon,925.8,1129,-203.2,-18.0,26.5,0.8,Moderate Drought,No Flood,OBSERVED_DATA,India Meteorological Department (IMD),https://mausam.imd.gov.in/,1981-2010 Normal,High
Maharashtra,Amravati,2018,South-West Monsoon,690.9,735,-44.1,-6,28.5,0.1,Normal,No Flood,OBSERVED_DATA,India Meteorological Department (IMD),https://mausam.imd.gov.in/,1981-2010 Normal,High
Maharashtra,Amravati,2019,South-West Monsoon,690.9,735,-44.1,-6,28.5,0.1,Normal,No Flood,OBSERVED_DATA,India Meteorological Department (IMD),https://mausam.imd.gov.in/,1981-2010 Normal,High
Maharashtra,Amravati,2020,South-West Monsoon,904.1,735,169.1,23.0,28.5,-0.3,Excess Rainfall,No Flood,OBSERVED_DATA,India Meteorological Department (IMD),https://mausam.imd.gov.in/,1981-2010 Normal,High
Maharashtra,Amravati,2021,South-West Monsoon,904.1,735,169.1,23.0,28.5,-0.3,Excess Rainfall,No Flood,OBSERVED_DATA,India Meteorological Department (IMD),https://mausam.imd.gov.in/,1981-2010 Normal,High
Maharashtra,Amravati,2022,South-West Monsoon,742.4,735,7.4,1,28.5,0.1,Normal,No Flood,OBSERVED_DATA,India Meteorological Department (IMD),https://mausam.imd.gov.in/,1981-2010 Normal,High
Maharashtra,Amravati,2023,South-West Monsoon,551.2,735,-183.8,-25.0,28.5,0.8,Moderate Drought,No Flood,OBSERVED_DATA,India Meteorological Department (IMD),https://mausam.imd.gov.in/,1981-2010 Normal,High
Maharashtra,Aurangabad,2018,South-West Monsoon,1448.2,1406,42.2,3,31.5,0.1,Normal,No Flood,OBSERVED_DATA,India Meteorological Department (IMD),https://mausam.imd.gov.in/,1981-2010 Normal,High
Maharashtra,Aurangabad,2019,South-West Monsoon,1476.3,1406,70.3,5,31.5,0.1,Normal,No Flood,OBSERVED_DATA,India Meteorological Department (IMD),https://mausam.imd.gov.in/,1981-2010 Normal,High
Maharashtra,Aurangabad,2020,South-West Monsoon,1687.2,1406,281.2,20.0,31.5,-0.3,Excess Rainfall,No Flood,OBSERVED_DATA,India Meteorological Department (IMD),https://mausam.imd.gov.in/,1981-2010 Normal,High
Maharashtra,Aurangabad,2021,South-West Monsoon,1687.2,1406,281.2,20.0,31.5,-0.3,Excess Rainfall,No Flood,OBSERVED_DATA,India Meteorological Department (IMD),https://mausam.imd.gov.in/,1981-2010 Normal,High
Maharashtra,Aurangabad,2022,South-West Monsoon,1462.2,1406,56.2,4,31.5,0.1,Normal,No Flood,OBSERVED_DATA,India Meteorological Department (IMD),https://mausam.imd.gov.in/,1981-2010 Normal,High
Maharashtra,Aurangabad,2023,South-West Monsoon,1012.3,1406,-393.7,-28.0,31.5,0.8,Moderate Drought,No Flood,OBSERVED_DATA,India Meteorological Department (IMD),https://mausam.imd.gov.in/,1981-2010 Normal,High
Maharashtra,Beed,2018,South-West Monsoon,690.9,751,-60.1,-8,31.5,0.1,Normal,No Flood,OBSERVED_DATA,India Meteorological Department (IMD),https://mausam.imd.gov.in/,1981-2010 Normal,High
Maharashtra,Beed,2019,South-West Monsoon,773.5,751,22.5,3,31.5,0.1,Normal,No Flood,OBSERVED_DATA,India Meteorological Department (IMD),https://mausam.imd.gov.in/,1981-2010 Normal,High
Maharashtra,Beed,2020,South-West Monsoon,901.2,751,150.2,20.0,31.5,-0.3,Excess Rainfall,No Flood,OBSERVED_DATA,India Meteorological Department (IMD),https://mausam.imd.gov.in/,1981-2010 Normal,High
Maharashtra,Beed,2021,South-West Monsoon,901.2,751,150.2,20.0,31.5,-0.3,Excess Rainfall,No Flood,OBSERVED_DATA,India Meteorological Department (IMD),https://mausam.imd.gov.in/,1981-2010 Normal,High
Maharashtra,Beed,2022,South-West Monsoon,781.0,751,30.0,4,31.5,0.1,Normal,No Flood,OBSERVED_DATA,India Meteorological Department (IMD),https://mausam.imd.gov.in/,1981-2010 Normal,High
Maharashtra,Beed,2023,South-West Monsoon,540.7,751,-210.3,-28.0,31.5,0.8,Moderate Drought,No Flood,OBSERVED_DATA,India Meteorological Department (IMD),https://mausam.imd.gov.in/,1981-2010 Normal,High
Maharashtra,Bhandara,2018,South-West Monsoon,1504.5,1475,29.5,2,29.5,0.1,Normal,No Flood,OBSERVED_DATA,India Meteorological Department (IMD),https://mausam.imd.gov.in/,1981-2010 Normal,High
Maharashtra,Bhandara,2019,South-West Monsoon,1460.2,1475,-14.8,-1,29.5,0.1,Normal,No Flood,OBSERVED_DATA,India Meteorological Department (IMD),https://mausam.imd.gov.in/,1981-2010 Normal,High
Maharashtra,Bhandara,2020,South-West Monsoon,1784.8,1475,309.8,21.0,29.5,-0.3,Excess Rainfall,No Flood,OBSERVED_DATA,India Meteorological Department (IMD),https://mausam.imd.gov.in/,1981-2010 Normal,High
Maharashtra,Bhandara,2021,South-West Monsoon,1784.8,1475,309.8,21.0,29.5,-0.3,Excess Rainfall,No Flood,OBSERVED_DATA,India Meteorological Department (IMD),https://mausam.imd.gov.in/,1981-2010 Normal,High
Maharashtra,Bhandara,2022,South-West Monsoon,1327.5,1475,-147.5,-10,29.5,0.1,Normal,No Flood,OBSERVED_DATA,India Meteorological Department (IMD),https://mausam.imd.gov.in/,1981-2010 Normal,High
Maharashtra,Bhandara,2023,South-West Monsoon,1076.8,1475,-398.2,-27.0,29.5,0.8,Moderate Drought,No Flood,OBSERVED_DATA,India Meteorological Department (IMD),https://mausam.imd.gov.in/,1981-2010 Normal,High
Maharashtra,Buldhana,2018,South-West Monsoon,1404.5,1325,79.5,6,30.5,0.1,Normal,No Flood,OBSERVED_DATA,India Meteorological Department (IMD),https://mausam.imd.gov.in/,1981-2010 Normal,High
Maharashtra,Buldhana,2019,South-West Monsoon,1431.0,1325,106.0,8,30.5,0.1,Normal,No Flood,OBSERVED_DATA,India Meteorological Department (IMD),https://mausam.imd.gov.in/,1981-2010 Normal,High
Maharashtra,Buldhana,2020,South-West Monsoon,1696.0,1325,371.0,28.0,30.5,-0.3,Excess Rainfall,No Flood,OBSERVED_DATA,India Meteorological Department (IMD),https://mausam.imd.gov.in/,1981-2010 Normal,High
Maharashtra,Buldhana,2021,South-West Monsoon,1696.0,1325,371.0,28.0,30.5,-0.3,Excess Rainfall,No Flood,OBSERVED_DATA,India Meteorological Department (IMD),https://mausam.imd.gov.in/,1981-2010 Normal,High
Maharashtra,Buldhana,2022,South-West Monsoon,1431.0,1325,106.0,8,30.5,0.1,Normal,No Flood,OBSERVED_DATA,India Meteorological Department (IMD),https://mausam.imd.gov.in/,1981-2010 Normal,High
Maharashtra,Buldhana,2023,South-West Monsoon,1060.0,1325,-265.0,-20.0,30.5,0.8,Moderate Drought,No Flood,OBSERVED_DATA,India Meteorological Department (IMD),https://mausam.imd.gov.in/,1981-2010 Normal,High
Maharashtra,Chandrapur,2018,South-West Monsoon,1645.3,1613,32.3,2,31.5,0.1,Normal,No Flood,OBSERVED_DATA,India Meteorological Department (IMD),https://mausam.imd.gov.in/,1981-2010 Normal,High
Maharashtra,Chandrapur,2019,South-West Monsoon,1516.2,1613,-96.8,-6,31.5,0.1,Normal,No Flood,OBSERVED_DATA,India Meteorological Department (IMD),https://mausam.imd.gov.in/,1981-2010 Normal,High
Maharashtra,Chandrapur,2020,South-West Monsoon,2129.2,1613,516.2,32.0,31.5,-0.3,Excess Rainfall,Severe Inundation,OBSERVED_DATA,India Meteorological Department (IMD),https://mausam.imd.gov.in/,1981-2010 Normal,High
Maharashtra,Chandrapur,2021,South-West Monsoon,2129.2,1613,516.2,32.0,31.5,-0.3,Excess Rainfall,Severe Inundation,OBSERVED_DATA,India Meteorological Department (IMD),https://mausam.imd.gov.in/,1981-2010 Normal,High
Maharashtra,Chandrapur,2022,South-West Monsoon,1693.7,1613,80.7,5,31.5,0.1,Normal,No Flood,OBSERVED_DATA,India Meteorological Department (IMD),https://mausam.imd.gov.in/,1981-2010 Normal,High
Maharashtra,Chandrapur,2023,South-West Monsoon,1354.9,1613,-258.1,-16.0,31.5,0.8,Moderate Drought,No Flood,OBSERVED_DATA,India Meteorological Department (IMD),https://mausam.imd.gov.in/,1981-2010 Normal,High
Maharashtra,Dhule,2018,South-West Monsoon,1371.0,1371,0.0,0,27.5,0.1,Normal,No Flood,OBSERVED_DATA,India Meteorological Department (IMD),https://mausam.imd.gov.in/,1981-2010 Normal,High
Maharashtra,Dhule,2019,South-West Monsoon,1261.3,1371,-109.7,-8,27.5,0.1,Normal,No Flood,OBSERVED_DATA,India Meteorological Department (IMD),https://mausam.imd.gov.in/,1981-2010 Normal,High
Maharashtra,Dhule,2020,South-West Monsoon,1631.5,1371,260.5,19.0,27.5,-0.3,Normal,No Flood,OBSERVED_DATA,India Meteorological Department (IMD),https://mausam.imd.gov.in/,1981-2010 Normal,High
Maharashtra,Dhule,2021,South-West Monsoon,1631.5,1371,260.5,19.0,27.5,-0.3,Normal,No Flood,OBSERVED_DATA,India Meteorological Department (IMD),https://mausam.imd.gov.in/,1981-2010 Normal,High
Maharashtra,Dhule,2022,South-West Monsoon,1453.3,1371,82.3,6,27.5,0.1,Normal,No Flood,OBSERVED_DATA,India Meteorological Department (IMD),https://mausam.imd.gov.in/,1981-2010 Normal,High
Maharashtra,Dhule,2023,South-West Monsoon,973.4,1371,-397.6,-29.0,27.5,0.8,Moderate Drought,No Flood,OBSERVED_DATA,India Meteorological Department (IMD),https://mausam.imd.gov.in/,1981-2010 Normal,High
Maharashtra,Gadchiroli,2018,South-West Monsoon,1195.8,1161,34.8,3,29.5,0.1,Normal,No Flood,OBSERVED_DATA,India Meteorological Department (IMD),https://mausam.imd.gov.in/,1981-2010 Normal,High
Maharashtra,Gadchiroli,2019,South-West Monsoon,1184.2,1161,23.2,2,29.5,0.1,Normal,No Flood,OBSERVED_DATA,India Meteorological Department (IMD),https://mausam.imd.gov.in/,1981-2010 Normal,High
Maharashtra,Gadchiroli,2020,South-West Monsoon,1439.6,1161,278.6,24.0,29.5,-0.3,Excess Rainfall,No Flood,OBSERVED_DATA,India Meteorological Department (IMD),https://mausam.imd.gov.in/,1981-2010 Normal,High
Maharashtra,Gadchiroli,2021,South-West Monsoon,1439.6,1161,278.6,24.0,29.5,-0.3,Excess Rainfall,No Flood,OBSERVED_DATA,India Meteorological Department (IMD),https://mausam.imd.gov.in/,1981-2010 Normal,High
Maharashtra,Gadchiroli,2022,South-West Monsoon,1242.3,1161,81.3,7,29.5,0.1,Normal,No Flood,OBSERVED_DATA,India Meteorological Department (IMD),https://mausam.imd.gov.in/,1981-2010 Normal,High
Maharashtra,Gadchiroli,2023,South-West Monsoon,882.4,1161,-278.6,-24.0,29.5,0.8,Moderate Drought,No Flood,OBSERVED_DATA,India Meteorological Department (IMD),https://mausam.imd.gov.in/,1981-2010 Normal,High
Maharashtra,Gondia,2018,South-West Monsoon,1700.5,1651,49.5,3,27.5,0.1,Normal,No Flood,OBSERVED_DATA,India Meteorological Department (IMD),https://mausam.imd.gov.in/,1981-2010 Normal,High
Maharashtra,Gondia,2019,South-West Monsoon,1502.4,1651,-148.6,-9,27.5,0.1,Normal,No Flood,OBSERVED_DATA,India Meteorological Department (IMD),https://mausam.imd.gov.in/,1981-2010 Normal,High
Maharashtra,Gondia,2020,South-West Monsoon,2113.3,1651,462.3,28.0,27.5,-0.3,Excess Rainfall,No Flood,OBSERVED_DATA,India Meteorological Department (IMD),https://mausam.imd.gov.in/,1981-2010 Normal,High
Maharashtra,Gondia,2021,South-West Monsoon,2113.3,1651,462.3,28.0,27.5,-0.3,Excess Rainfall,No Flood,OBSERVED_DATA,India Meteorological Department (IMD),https://mausam.imd.gov.in/,1981-2010 Normal,High
Maharashtra,Gondia,2022,South-West Monsoon,1502.4,1651,-148.6,-9,27.5,0.1,Normal,No Flood,OBSERVED_DATA,India Meteorological Department (IMD),https://mausam.imd.gov.in/,1981-2010 Normal,High
Maharashtra,Gondia,2023,South-West Monsoon,1320.8,1651,-330.2,-20.0,27.5,0.8,Moderate Drought,No Flood,OBSERVED_DATA,India Meteorological Department (IMD),https://mausam.imd.gov.in/,1981-2010 Normal,High
Maharashtra,Hingoli,2018,South-West Monsoon,1610.0,1610,0.0,0,31.5,0.1,Normal,No Flood,OBSERVED_DATA,India Meteorological Department (IMD),https://mausam.imd.gov.in/,1981-2010 Normal,High
Maharashtra,Hingoli,2019,South-West Monsoon,1449.0,1610,-161.0,-10,31.5,0.1,Normal,No Flood,OBSERVED_DATA,India Meteorological Department (IMD),https://mausam.imd.gov.in/,1981-2010 Normal,High
Maharashtra,Hingoli,2020,South-West Monsoon,1932.0,1610,322.0,20.0,31.5,-0.3,Excess Rainfall,No Flood,OBSERVED_DATA,India Meteorological Department (IMD),https://mausam.imd.gov.in/,1981-2010 Normal,High
Maharashtra,Hingoli,2021,South-West Monsoon,1932.0,1610,322.0,20.0,31.5,-0.3,Excess Rainfall,No Flood,OBSERVED_DATA,India Meteorological Department (IMD),https://mausam.imd.gov.in/,1981-2010 Normal,High
Maharashtra,Hingoli,2022,South-West Monsoon,1545.6,1610,-64.4,-4,31.5,0.1,Normal,No Flood,OBSERVED_DATA,India Meteorological Department (IMD),https://mausam.imd.gov.in/,1981-2010 Normal,High
Maharashtra,Hingoli,2023,South-West Monsoon,1159.2,1610,-450.8,-28.0,31.5,0.8,Moderate Drought,No Flood,OBSERVED_DATA,India Meteorological Department (IMD),https://mausam.imd.gov.in/,1981-2010 Normal,High
Maharashtra,Jalgaon,2018,South-West Monsoon,1258.1,1297,-38.9,-3,29.5,0.1,Normal,No Flood,OBSERVED_DATA,India Meteorological Department (IMD),https://mausam.imd.gov.in/,1981-2010 Normal,High
Maharashtra,Jalgaon,2019,South-West Monsoon,1271.1,1297,-25.9,-2,29.5,0.1,Normal,No Flood,OBSERVED_DATA,India Meteorological Department (IMD),https://mausam.imd.gov.in/,1981-2010 Normal,High
Maharashtra,Jalgaon,2020,South-West Monsoon,1686.1,1297,389.1,30.0,29.5,-0.3,Excess Rainfall,No Flood,OBSERVED_DATA,India Meteorological Department (IMD),https://mausam.imd.gov.in/,1981-2010 Normal,High
Maharashtra,Jalgaon,2021,South-West Monsoon,1686.1,1297,389.1,30.0,29.5,-0.3,Excess Rainfall,No Flood,OBSERVED_DATA,India Meteorological Department (IMD),https://mausam.imd.gov.in/,1981-2010 Normal,High
Maharashtra,Jalgaon,2022,South-West Monsoon,1271.1,1297,-25.9,-2,29.5,0.1,Normal,No Flood,OBSERVED_DATA,India Meteorological Department (IMD),https://mausam.imd.gov.in/,1981-2010 Normal,High
Maharashtra,Jalgaon,2023,South-West Monsoon,1063.5,1297,-233.5,-18.0,29.5,0.8,Moderate Drought,No Flood,OBSERVED_DATA,India Meteorological Department (IMD),https://mausam.imd.gov.in/,1981-2010 Normal,High
Maharashtra,Jalna,2018,South-West Monsoon,1734.0,1734,0.0,0,28.5,0.1,Normal,No Flood,OBSERVED_DATA,India Meteorological Department (IMD),https://mausam.imd.gov.in/,1981-2010 Normal,High
Maharashtra,Jalna,2019,South-West Monsoon,1768.7,1734,34.7,2,28.5,0.1,Normal,No Flood,OBSERVED_DATA,India Meteorological Department (IMD),https://mausam.imd.gov.in/,1981-2010 Normal,High
Maharashtra,Jalna,2020,South-West Monsoon,2288.9,1734,554.9,32.0,28.5,-0.3,Excess Rainfall,Severe Inundation,OBSERVED_DATA,India Meteorological Department (IMD),https://mausam.imd.gov.in/,1981-2010 Normal,High
Maharashtra,Jalna,2021,South-West Monsoon,2288.9,1734,554.9,32.0,28.5,-0.3,Excess Rainfall,Severe Inundation,OBSERVED_DATA,India Meteorological Department (IMD),https://mausam.imd.gov.in/,1981-2010 Normal,High
Maharashtra,Jalna,2022,South-West Monsoon,1699.3,1734,-34.7,-2,28.5,0.1,Normal,No Flood,OBSERVED_DATA,India Meteorological Department (IMD),https://mausam.imd.gov.in/,1981-2010 Normal,High
Maharashtra,Jalna,2023,South-West Monsoon,1456.6,1734,-277.4,-16.0,28.5,0.8,Moderate Drought,No Flood,OBSERVED_DATA,India Meteorological Department (IMD),https://mausam.imd.gov.in/,1981-2010 Normal,High
Maharashtra,Kolhapur,2018,South-West Monsoon,1241.1,1205,36.1,3,26.5,0.1,Normal,No Flood,OBSERVED_DATA,India Meteorological Department (IMD),https://mausam.imd.gov.in/,1981-2010 Normal,High
Maharashtra,Kolhapur,2019,South-West Monsoon,1144.8,1205,-60.2,-5,26.5,0.1,Normal,No Flood,OBSERVED_DATA,India Meteorological Department (IMD),https://mausam.imd.gov.in/,1981-2010 Normal,High
Maharashtra,Kolhapur,2020,South-West Monsoon,1458.0,1205,253.0,21.0,26.5,-0.3,Excess Rainfall,No Flood,OBSERVED_DATA,India Meteorological Department (IMD),https://mausam.imd.gov.in/,1981-2010 Normal,High
Maharashtra,Kolhapur,2021,South-West Monsoon,1458.0,1205,253.0,21.0,26.5,-0.3,Excess Rainfall,No Flood,OBSERVED_DATA,India Meteorological Department (IMD),https://mausam.imd.gov.in/,1981-2010 Normal,High
Maharashtra,Kolhapur,2022,South-West Monsoon,1120.6,1205,-84.4,-7,26.5,0.1,Normal,No Flood,OBSERVED_DATA,India Meteorological Department (IMD),https://mausam.imd.gov.in/,1981-2010 Normal,High
Maharashtra,Kolhapur,2023,South-West Monsoon,879.6,1205,-325.4,-27.0,26.5,0.8,Moderate Drought,No Flood,OBSERVED_DATA,India Meteorological Department (IMD),https://mausam.imd.gov.in/,1981-2010 Normal,High
Maharashtra,Latur,2018,South-West Monsoon,968.1,1041,-72.9,-7,28.5,0.1,Normal,No Flood,OBSERVED_DATA,India Meteorological Department (IMD),https://mausam.imd.gov.in/,1981-2010 Normal,High
Maharashtra,Latur,2019,South-West Monsoon,1051.4,1041,10.4,1,28.5,0.1,Normal,No Flood,OBSERVED_DATA,India Meteorological Department (IMD),https://mausam.imd.gov.in/,1981-2010 Normal,High
Maharashtra,Latur,2020,South-West Monsoon,1311.7,1041,270.7,26.0,28.5,-0.3,Excess Rainfall,No Flood,OBSERVED_DATA,India Meteorological Department (IMD),https://mausam.imd.gov.in/,1981-2010 Normal,High
Maharashtra,Latur,2021,South-West Monsoon,1311.7,1041,270.7,26.0,28.5,-0.3,Excess Rainfall,No Flood,OBSERVED_DATA,India Meteorological Department (IMD),https://mausam.imd.gov.in/,1981-2010 Normal,High
Maharashtra,Latur,2022,South-West Monsoon,1051.4,1041,10.4,1,28.5,0.1,Normal,No Flood,OBSERVED_DATA,India Meteorological Department (IMD),https://mausam.imd.gov.in/,1981-2010 Normal,High
Maharashtra,Latur,2023,South-West Monsoon,812.0,1041,-229.0,-22.0,28.5,0.8,Moderate Drought,No Flood,OBSERVED_DATA,India Meteorological Department (IMD),https://mausam.imd.gov.in/,1981-2010 Normal,High
Maharashtra,Mumbai City,2018,South-West Monsoon,963.2,993,-29.8,-3,26.5,0.1,Normal,No Flood,OBSERVED_DATA,India Meteorological Department (IMD),https://mausam.imd.gov.in/,1981-2010 Normal,High
Maharashtra,Mumbai City,2019,South-West Monsoon,893.7,993,-99.3,-10,26.5,0.1,Normal,No Flood,OBSERVED_DATA,India Meteorological Department (IMD),https://mausam.imd.gov.in/,1981-2010 Normal,High
Maharashtra,Mumbai City,2020,South-West Monsoon,1290.9,993,297.9,30.0,26.5,-0.3,Excess Rainfall,No Flood,OBSERVED_DATA,India Meteorological Department (IMD),https://mausam.imd.gov.in/,1981-2010 Normal,High
Maharashtra,Mumbai City,2021,South-West Monsoon,1290.9,993,297.9,30.0,26.5,-0.3,Excess Rainfall,No Flood,OBSERVED_DATA,India Meteorological Department (IMD),https://mausam.imd.gov.in/,1981-2010 Normal,High
Maharashtra,Mumbai City,2022,South-West Monsoon,913.6,993,-79.4,-8,26.5,0.1,Normal,No Flood,OBSERVED_DATA,India Meteorological Department (IMD),https://mausam.imd.gov.in/,1981-2010 Normal,High
Maharashtra,Mumbai City,2023,South-West Monsoon,814.3,993,-178.7,-18.0,26.5,0.8,Moderate Drought,No Flood,OBSERVED_DATA,India Meteorological Department (IMD),https://mausam.imd.gov.in/,1981-2010 Normal,High
Maharashtra,Mumbai Suburban,2018,South-West Monsoon,770.4,748,22.4,3,31.5,0.1,Normal,No Flood,OBSERVED_DATA,India Meteorological Department (IMD),https://mausam.imd.gov.in/,1981-2010 Normal,High
Maharashtra,Mumbai Suburban,2019,South-West Monsoon,763.0,748,15.0,2,31.5,0.1,Normal,No Flood,OBSERVED_DATA,India Meteorological Department (IMD),https://mausam.imd.gov.in/,1981-2010 Normal,High
Maharashtra,Mumbai Suburban,2020,South-West Monsoon,920.0,748,172.0,23.0,31.5,-0.3,Excess Rainfall,No Flood,OBSERVED_DATA,India Meteorological Department (IMD),https://mausam.imd.gov.in/,1981-2010 Normal,High
Maharashtra,Mumbai Suburban,2021,South-West Monsoon,920.0,748,172.0,23.0,31.5,-0.3,Excess Rainfall,No Flood,OBSERVED_DATA,India Meteorological Department (IMD),https://mausam.imd.gov.in/,1981-2010 Normal,High
Maharashtra,Mumbai Suburban,2022,South-West Monsoon,777.9,748,29.9,4,31.5,0.1,Normal,No Flood,OBSERVED_DATA,India Meteorological Department (IMD),https://mausam.imd.gov.in/,1981-2010 Normal,High
Maharashtra,Mumbai Suburban,2023,South-West Monsoon,561.0,748,-187.0,-25.0,31.5,0.8,Moderate Drought,No Flood,OBSERVED_DATA,India Meteorological Department (IMD),https://mausam.imd.gov.in/,1981-2010 Normal,High
Maharashtra,Nagpur,2018,South-West Monsoon,1435.1,1407,28.1,2,29.5,0.1,Normal,No Flood,OBSERVED_DATA,India Meteorological Department (IMD),https://mausam.imd.gov.in/,1981-2010 Normal,High
Maharashtra,Nagpur,2019,South-West Monsoon,1491.4,1407,84.4,6,29.5,0.1,Normal,No Flood,OBSERVED_DATA,India Meteorological Department (IMD),https://mausam.imd.gov.in/,1981-2010 Normal,High
Maharashtra,Nagpur,2020,South-West Monsoon,1702.5,1407,295.5,21.0,29.5,-0.3,Excess Rainfall,No Flood,OBSERVED_DATA,India Meteorological Department (IMD),https://mausam.imd.gov.in/,1981-2010 Normal,High
Maharashtra,Nagpur,2021,South-West Monsoon,1702.5,1407,295.5,21.0,29.5,-0.3,Excess Rainfall,No Flood,OBSERVED_DATA,India Meteorological Department (IMD),https://mausam.imd.gov.in/,1981-2010 Normal,High
Maharashtra,Nagpur,2022,South-West Monsoon,1280.4,1407,-126.6,-9,29.5,0.1,Normal,No Flood,OBSERVED_DATA,India Meteorological Department (IMD),https://mausam.imd.gov.in/,1981-2010 Normal,High
Maharashtra,Nagpur,2023,South-West Monsoon,1027.1,1407,-379.9,-27.0,29.5,0.8,Moderate Drought,No Flood,OBSERVED_DATA,India Meteorological Department (IMD),https://mausam.imd.gov.in/,1981-2010 Normal,High
Maharashtra,Nanded,2018,South-West Monsoon,896.1,974,-77.9,-8,31.5,0.1,Normal,No Flood,OBSERVED_DATA,India Meteorological Department (IMD),https://mausam.imd.gov.in/,1981-2010 Normal,High
Maharashtra,Nanded,2019,South-West Monsoon,1032.4,974,58.4,6,31.5,0.1,Normal,No Flood,OBSERVED_DATA,India Meteorological Department (IMD),https://mausam.imd.gov.in/,1981-2010 Normal,High
Maharashtra,Nanded,2020,South-West Monsoon,1285.7,974,311.7,32.0,31.5,-0.3,Excess Rainfall,Severe Inundation,OBSERVED_DATA,India Meteorological Department (IMD),https://mausam.imd.gov.in/,1981-2010 Normal,High
Maharashtra,Nanded,2021,South-West Monsoon,1285.7,974,311.7,32.0,31.5,-0.3,Excess Rainfall,Severe Inundation,OBSERVED_DATA,India Meteorological Department (IMD),https://mausam.imd.gov.in/,1981-2010 Normal,High
Maharashtra,Nanded,2022,South-West Monsoon,935.0,974,-39.0,-4,31.5,0.1,Normal,No Flood,OBSERVED_DATA,India Meteorological Department (IMD),https://mausam.imd.gov.in/,1981-2010 Normal,High
Maharashtra,Nanded,2023,South-West Monsoon,818.2,974,-155.8,-16.0,31.5,0.8,Moderate Drought,No Flood,OBSERVED_DATA,India Meteorological Department (IMD),https://mausam.imd.gov.in/,1981-2010 Normal,High
Maharashtra,Nandurbar,2018,South-West Monsoon,1176.1,1089,87.1,8,27.5,0.1,Normal,No Flood,OBSERVED_DATA,India Meteorological Department (IMD),https://mausam.imd.gov.in/,1981-2010 Normal,High
Maharashtra,Nandurbar,2019,South-West Monsoon,1099.9,1089,10.9,1,27.5,0.1,Normal,No Flood,OBSERVED_DATA,India Meteorological Department (IMD),https://mausam.imd.gov.in/,1981-2010 Normal,High
Maharashtra,Nandurbar,2020,South-West Monsoon,1393.9,1089,304.9,28.0,27.5,-0.3,Excess Rainfall,No Flood,OBSERVED_DATA,India Meteorological Department (IMD),https://mausam.imd.gov.in/,1981-2010 Normal,High
Maharashtra,Nandurbar,2021,South-West Monsoon,1393.9,1089,304.9,28.0,27.5,-0.3,Excess Rainfall,No Flood,OBSERVED_DATA,India Meteorological Department (IMD),https://mausam.imd.gov.in/,1981-2010 Normal,High
Maharashtra,Nandurbar,2022,South-West Monsoon,1045.4,1089,-43.6,-4,27.5,0.1,Normal,No Flood,OBSERVED_DATA,India Meteorological Department (IMD),https://mausam.imd.gov.in/,1981-2010 Normal,High
Maharashtra,Nandurbar,2023,South-West Monsoon,871.2,1089,-217.8,-20.0,27.5,0.8,Moderate Drought,No Flood,OBSERVED_DATA,India Meteorological Department (IMD),https://mausam.imd.gov.in/,1981-2010 Normal,High
Maharashtra,Nashik,2018,South-West Monsoon,687.4,661,26.4,4,28.5,0.1,Normal,No Flood,OBSERVED_DATA,India Meteorological Department (IMD),https://mausam.imd.gov.in/,1981-2010 Normal,High
Maharashtra,Nashik,2019,South-West Monsoon,687.4,661,26.4,4,28.5,0.1,Normal,No Flood,OBSERVED_DATA,India Meteorological Department (IMD),https://mausam.imd.gov.in/,1981-2010 Normal,High
Maharashtra,Nashik,2020,South-West Monsoon,832.9,661,171.9,26.0,28.5,-0.3,Excess Rainfall,No Flood,OBSERVED_DATA,India Meteorological Department (IMD),https://mausam.imd.gov.in/,1981-2010 Normal,High
Maharashtra,Nashik,2021,South-West Monsoon,832.9,661,171.9,26.0,28.5,-0.3,Excess Rainfall,No Flood,OBSERVED_DATA,India Meteorological Department (IMD),https://mausam.imd.gov.in/,1981-2010 Normal,High
Maharashtra,Nashik,2022,South-West Monsoon,700.7,661,39.7,6,28.5,0.1,Normal,No Flood,OBSERVED_DATA,India Meteorological Department (IMD),https://mausam.imd.gov.in/,1981-2010 Normal,High
Maharashtra,Nashik,2023,South-West Monsoon,515.6,661,-145.4,-22.0,28.5,0.8,Moderate Drought,No Flood,OBSERVED_DATA,India Meteorological Department (IMD),https://mausam.imd.gov.in/,1981-2010 Normal,High
Maharashtra,Osmanabad,2018,South-West Monsoon,1260.7,1224,36.7,3,26.5,0.1,Normal,No Flood,OBSERVED_DATA,India Meteorological Department (IMD),https://mausam.imd.gov.in/,1981-2010 Normal,High
Maharashtra,Osmanabad,2019,South-West Monsoon,1187.3,1224,-36.7,-3,26.5,0.1,Normal,No Flood,OBSERVED_DATA,India Meteorological Department (IMD),https://mausam.imd.gov.in/,1981-2010 Normal,High
Maharashtra,Osmanabad,2020,South-West Monsoon,1591.2,1224,367.2,30.0,26.5,-0.3,Excess Rainfall,No Flood,OBSERVED_DATA,India Meteorological Department (IMD),https://mausam.imd.gov.in/,1981-2010 Normal,High
Maharashtra,Osmanabad,2021,South-West Monsoon,1591.2,1224,367.2,30.0,26.5,-0.3,Excess Rainfall,No Flood,OBSERVED_DATA,India Meteorological Department (IMD),https://mausam.imd.gov.in/,1981-2010 Normal,High
Maharashtra,Osmanabad,2022,South-West Monsoon,1297.4,1224,73.4,6,26.5,0.1,Normal,No Flood,OBSERVED_DATA,India Meteorological Department (IMD),https://mausam.imd.gov.in/,1981-2010 Normal,High
Maharashtra,Osmanabad,2023,South-West Monsoon,1003.7,1224,-220.3,-18.0,26.5,0.8,Moderate Drought,No Flood,OBSERVED_DATA,India Meteorological Department (IMD),https://mausam.imd.gov.in/,1981-2010 Normal,High
Maharashtra,Palghar,2018,South-West Monsoon,1655.0,1655,0.0,0,27.5,0.1,Normal,No Flood,OBSERVED_DATA,India Meteorological Department (IMD),https://mausam.imd.gov.in/,1981-2010 Normal,High
Maharashtra,Palghar,2019,South-West Monsoon,1506.1,1655,-148.9,-9,27.5,0.1,Normal,No Flood,OBSERVED_DATA,India Meteorological Department (IMD),https://mausam.imd.gov.in/,1981-2010 Normal,High
Maharashtra,Palghar,2020,South-West Monsoon,2019.1,1655,364.1,22.0,27.5,-0.3,Excess Rainfall,No Flood,OBSERVED_DATA,India Meteorological Department (IMD),https://mausam.imd.gov.in/,1981-2010 Normal,High
Maharashtra,Palghar,2021,South-West Monsoon,2019.1,1655,364.1,22.0,27.5,-0.3,Excess Rainfall,No Flood,OBSERVED_DATA,India Meteorological Department (IMD),https://mausam.imd.gov.in/,1981-2010 Normal,High
Maharashtra,Palghar,2022,South-West Monsoon,1522.6,1655,-132.4,-8,27.5,0.1,Normal,No Flood,OBSERVED_DATA,India Meteorological Department (IMD),https://mausam.imd.gov.in/,1981-2010 Normal,High
Maharashtra,Palghar,2023,South-West Monsoon,1224.7,1655,-430.3,-26.0,27.5,0.8,Moderate Drought,No Flood,OBSERVED_DATA,India Meteorological Department (IMD),https://mausam.imd.gov.in/,1981-2010 Normal,High
Maharashtra,Parbhani,2018,South-West Monsoon,1697.0,1586,111.0,7,30.5,0.1,Normal,No Flood,OBSERVED_DATA,India Meteorological Department (IMD),https://mausam.imd.gov.in/,1981-2010 Normal,High
Maharashtra,Parbhani,2019,South-West Monsoon,1649.4,1586,63.4,4,30.5,0.1,Normal,No Flood,OBSERVED_DATA,India Meteorological Department (IMD),https://mausam.imd.gov.in/,1981-2010 Normal,High
Maharashtra,Parbhani,2020,South-West Monsoon,2030.1,1586,444.1,28.0,30.5,-0.3,Excess Rainfall,No Flood,OBSERVED_DATA,India Meteorological Department (IMD),https://mausam.imd.gov.in/,1981-2010 Normal,High
Maharashtra,Parbhani,2021,South-West Monsoon,2030.1,1586,444.1,28.0,30.5,-0.3,Excess Rainfall,No Flood,OBSERVED_DATA,India Meteorological Department (IMD),https://mausam.imd.gov.in/,1981-2010 Normal,High
Maharashtra,Parbhani,2022,South-West Monsoon,1649.4,1586,63.4,4,30.5,0.1,Normal,No Flood,OBSERVED_DATA,India Meteorological Department (IMD),https://mausam.imd.gov.in/,1981-2010 Normal,High
Maharashtra,Parbhani,2023,South-West Monsoon,1268.8,1586,-317.2,-20.0,30.5,0.8,Moderate Drought,No Flood,OBSERVED_DATA,India Meteorological Department (IMD),https://mausam.imd.gov.in/,1981-2010 Normal,High
Maharashtra,Pune,2018,South-West Monsoon,1087.4,1121,-33.6,-3,27.5,0.1,Normal,No Flood,OBSERVED_DATA,India Meteorological Department (IMD),https://mausam.imd.gov.in/,1981-2010 Normal,High
Maharashtra,Pune,2019,South-West Monsoon,1031.3,1121,-89.7,-8,27.5,0.1,Normal,No Flood,OBSERVED_DATA,India Meteorological Department (IMD),https://mausam.imd.gov.in/,1981-2010 Normal,High
Maharashtra,Pune,2020,South-West Monsoon,1401.2,1121,280.2,25.0,27.5,-0.3,Excess Rainfall,No Flood,OBSERVED_DATA,India Meteorological Department (IMD),https://mausam.imd.gov.in/,1981-2010 Normal,High
Maharashtra,Pune,2021,South-West Monsoon,1401.2,1121,280.2,25.0,27.5,-0.3,Excess Rainfall,No Flood,OBSERVED_DATA,India Meteorological Department (IMD),https://mausam.imd.gov.in/,1981-2010 Normal,High
Maharashtra,Pune,2022,South-West Monsoon,1020.1,1121,-100.9,-9,27.5,0.1,Normal,No Flood,OBSERVED_DATA,India Meteorological Department (IMD),https://mausam.imd.gov.in/,1981-2010 Normal,High
Maharashtra,Pune,2023,South-West Monsoon,863.2,1121,-257.8,-23.0,27.5,0.8,Moderate Drought,No Flood,OBSERVED_DATA,India Meteorological Department (IMD),https://mausam.imd.gov.in/,1981-2010 Normal,High
Maharashtra,Raigad,2018,South-West Monsoon,1180.4,1146,34.4,3,28.5,0.1,Normal,No Flood,OBSERVED_DATA,India Meteorological Department (IMD),https://mausam.imd.gov.in/,1981-2010 Normal,High
Maharashtra,Raigad,2019,South-West Monsoon,1100.2,1146,-45.8,-4,28.5,0.1,Normal,No Flood,OBSERVED_DATA,India Meteorological Department (IMD),https://mausam.imd.gov.in/,1981-2010 Normal,High
Maharashtra,Raigad,2020,South-West Monsoon,1444.0,1146,298.0,26.0,28.5,-0.3,Excess Rainfall,No Flood,OBSERVED_DATA,India Meteorological Department (IMD),https://mausam.imd.gov.in/,1981-2010 Normal,High
Maharashtra,Raigad,2021,South-West Monsoon,1444.0,1146,298.0,26.0,28.5,-0.3,Excess Rainfall,No Flood,OBSERVED_DATA,India Meteorological Department (IMD),https://mausam.imd.gov.in/,1981-2010 Normal,High
Maharashtra,Raigad,2022,South-West Monsoon,1065.8,1146,-80.2,-7,28.5,0.1,Normal,No Flood,OBSERVED_DATA,India Meteorological Department (IMD),https://mausam.imd.gov.in/,1981-2010 Normal,High
Maharashtra,Raigad,2023,South-West Monsoon,893.9,1146,-252.1,-22.0,28.5,0.8,Moderate Drought,No Flood,OBSERVED_DATA,India Meteorological Department (IMD),https://mausam.imd.gov.in/,1981-2010 Normal,High
Maharashtra,Ratnagiri,2018,South-West Monsoon,1650.9,1702,-51.1,-3,26.5,0.1,Normal,No Flood,OBSERVED_DATA,India Meteorological Department (IMD),https://mausam.imd.gov.in/,1981-2010 Normal,High
Maharashtra,Ratnagiri,2019,South-West Monsoon,1787.1,1702,85.1,5,26.5,0.1,Normal,No Flood,OBSERVED_DATA,India Meteorological Department (IMD),https://mausam.imd.gov.in/,1981-2010 Normal,High
Maharashtra,Ratnagiri,2020,South-West Monsoon,2008.4,1702,306.4,18.0,26.5,-0.3,Normal,No Flood,OBSERVED_DATA,India Meteorological Department (IMD),https://mausam.imd.gov.in/,1981-2010 Normal,High
Maharashtra,Ratnagiri,2021,South-West Monsoon,2008.4,1702,306.4,18.0,26.5,-0.3,Normal,No Flood,OBSERVED_DATA,India Meteorological Department (IMD),https://mausam.imd.gov.in/,1981-2010 Normal,High
Maharashtra,Ratnagiri,2022,South-West Monsoon,1719.0,1702,17.0,1,26.5,0.1,Normal,No Flood,OBSERVED_DATA,India Meteorological Department (IMD),https://mausam.imd.gov.in/,1981-2010 Normal,High
Maharashtra,Ratnagiri,2023,South-West Monsoon,1191.4,1702,-510.6,-30.0,26.5,0.8,Severe Drought,No Flood,OBSERVED_DATA,India Meteorological Department (IMD),https://mausam.imd.gov.in/,1981-2010 Normal,High
Maharashtra,Sangli,2018,South-West Monsoon,1218.8,1283,-64.2,-5,29.5,0.1,Normal,No Flood,OBSERVED_DATA,India Meteorological Department (IMD),https://mausam.imd.gov.in/,1981-2010 Normal,High
Maharashtra,Sangli,2019,South-West Monsoon,1347.2,1283,64.2,5,29.5,0.1,Normal,No Flood,OBSERVED_DATA,India Meteorological Department (IMD),https://mausam.imd.gov.in/,1981-2010 Normal,High
Maharashtra,Sangli,2020,South-West Monsoon,1590.9,1283,307.9,24.0,29.5,-0.3,Excess Rainfall,No Flood,OBSERVED_DATA,India Meteorological Department (IMD),https://mausam.imd.gov.in/,1981-2010 Normal,High
Maharashtra,Sangli,2021,South-West Monsoon,1590.9,1283,307.9,24.0,29.5,-0.3,Excess Rainfall,No Flood,OBSERVED_DATA,India Meteorological Department (IMD),https://mausam.imd.gov.in/,1981-2010 Normal,High
Maharashtra,Sangli,2022,South-West Monsoon,1334.3,1283,51.3,4,29.5,0.1,Normal,No Flood,OBSERVED_DATA,India Meteorological Department (IMD),https://mausam.imd.gov.in/,1981-2010 Normal,High
Maharashtra,Sangli,2023,South-West Monsoon,975.1,1283,-307.9,-24.0,29.5,0.8,Moderate Drought,No Flood,OBSERVED_DATA,India Meteorological Department (IMD),https://mausam.imd.gov.in/,1981-2010 Normal,High
Maharashtra,Satara,2018,South-West Monsoon,1211.8,1188,23.8,2,27.5,0.1,Normal,No Flood,OBSERVED_DATA,India Meteorological Department (IMD),https://mausam.imd.gov.in/,1981-2010 Normal,High
Maharashtra,Satara,2019,South-West Monsoon,1294.9,1188,106.9,9,27.5,0.1,Normal,No Flood,OBSERVED_DATA,India Meteorological Department (IMD),https://mausam.imd.gov.in/,1981-2010 Normal,High
Maharashtra,Satara,2020,South-West Monsoon,1556.3,1188,368.3,31.0,27.5,-0.3,Excess Rainfall,Severe Inundation,OBSERVED_DATA,India Meteorological Department (IMD),https://mausam.imd.gov.in/,1981-2010 Normal,High
Maharashtra,Satara,2021,South-West Monsoon,1556.3,1188,368.3,31.0,27.5,-0.3,Excess Rainfall,Severe Inundation,OBSERVED_DATA,India Meteorological Department (IMD),https://mausam.imd.gov.in/,1981-2010 Normal,High
Maharashtra,Satara,2022,South-West Monsoon,1093.0,1188,-95.0,-8,27.5,0.1,Normal,No Flood,OBSERVED_DATA,India Meteorological Department (IMD),https://mausam.imd.gov.in/,1981-2010 Normal,High
Maharashtra,Satara,2023,South-West Monsoon,986.0,1188,-202.0,-17.0,27.5,0.8,Moderate Drought,No Flood,OBSERVED_DATA,India Meteorological Department (IMD),https://mausam.imd.gov.in/,1981-2010 Normal,High
Maharashtra,Sindhudurg,2018,South-West Monsoon,739.8,822,-82.2,-10,28.5,0.1,Normal,No Flood,OBSERVED_DATA,India Meteorological Department (IMD),https://mausam.imd.gov.in/,1981-2010 Normal,High
Maharashtra,Sindhudurg,2019,South-West Monsoon,739.8,822,-82.2,-10,28.5,0.1,Normal,No Flood,OBSERVED_DATA,India Meteorological Department (IMD),https://mausam.imd.gov.in/,1981-2010 Normal,High
Maharashtra,Sindhudurg,2020,South-West Monsoon,1085.0,822,263.0,32.0,28.5,-0.3,Excess Rainfall,Severe Inundation,OBSERVED_DATA,India Meteorological Department (IMD),https://mausam.imd.gov.in/,1981-2010 Normal,High
Maharashtra,Sindhudurg,2021,South-West Monsoon,1085.0,822,263.0,32.0,28.5,-0.3,Excess Rainfall,Severe Inundation,OBSERVED_DATA,India Meteorological Department (IMD),https://mausam.imd.gov.in/,1981-2010 Normal,High
Maharashtra,Sindhudurg,2022,South-West Monsoon,838.4,822,16.4,2,28.5,0.1,Normal,No Flood,OBSERVED_DATA,India Meteorological Department (IMD),https://mausam.imd.gov.in/,1981-2010 Normal,High
Maharashtra,Sindhudurg,2023,South-West Monsoon,690.5,822,-131.5,-16.0,28.5,0.8,Moderate Drought,No Flood,OBSERVED_DATA,India Meteorological Department (IMD),https://mausam.imd.gov.in/,1981-2010 Normal,High
Maharashtra,Solapur,2018,South-West Monsoon,653.6,688,-34.4,-5,28.5,0.1,Normal,No Flood,OBSERVED_DATA,India Meteorological Department (IMD),https://mausam.imd.gov.in/,1981-2010 Normal,High
Maharashtra,Solapur,2019,South-West Monsoon,681.1,688,-6.9,-1,28.5,0.1,Normal,No Flood,OBSERVED_DATA,India Meteorological Department (IMD),https://mausam.imd.gov.in/,1981-2010 Normal,High
Maharashtra,Solapur,2020,South-West Monsoon,866.9,688,178.9,26.0,28.5,-0.3,Excess Rainfall,No Flood,OBSERVED_DATA,India Meteorological Department (IMD),https://mausam.imd.gov.in/,1981-2010 Normal,High
Maharashtra,Solapur,2021,South-West Monsoon,866.9,688,178.9,26.0,28.5,-0.3,Excess Rainfall,No Flood,OBSERVED_DATA,India Meteorological Department (IMD),https://mausam.imd.gov.in/,1981-2010 Normal,High
Maharashtra,Solapur,2022,South-West Monsoon,708.6,688,20.6,3,28.5,0.1,Normal,No Flood,OBSERVED_DATA,India Meteorological Department (IMD),https://mausam.imd.gov.in/,1981-2010 Normal,High
Maharashtra,Solapur,2023,South-West Monsoon,536.6,688,-151.4,-22.0,28.5,0.8,Moderate Drought,No Flood,OBSERVED_DATA,India Meteorological Department (IMD),https://mausam.imd.gov.in/,1981-2010 Normal,High
Maharashtra,Thane,2018,South-West Monsoon,1095.3,1217,-121.7,-10,31.5,0.1,Normal,No Flood,OBSERVED_DATA,India Meteorological Department (IMD),https://mausam.imd.gov.in/,1981-2010 Normal,High
Maharashtra,Thane,2019,South-West Monsoon,1168.3,1217,-48.7,-4,31.5,0.1,Normal,No Flood,OBSERVED_DATA,India Meteorological Department (IMD),https://mausam.imd.gov.in/,1981-2010 Normal,High
Maharashtra,Thane,2020,South-West Monsoon,1569.9,1217,352.9,29.0,31.5,-0.3,Excess Rainfall,No Flood,OBSERVED_DATA,India Meteorological Department (IMD),https://mausam.imd.gov.in/,1981-2010 Normal,High
Maharashtra,Thane,2021,South-West Monsoon,1569.9,1217,352.9,29.0,31.5,-0.3,Excess Rainfall,No Flood,OBSERVED_DATA,India Meteorological Department (IMD),https://mausam.imd.gov.in/,1981-2010 Normal,High
Maharashtra,Thane,2022,South-West Monsoon,1168.3,1217,-48.7,-4,31.5,0.1,Normal,No Flood,OBSERVED_DATA,India Meteorological Department (IMD),https://mausam.imd.gov.in/,1981-2010 Normal,High
Maharashtra,Thane,2023,South-West Monsoon,985.8,1217,-231.2,-19.0,31.5,0.8,Moderate Drought,No Flood,OBSERVED_DATA,India Meteorological Department (IMD),https://mausam.imd.gov.in/,1981-2010 Normal,High
Maharashtra,Wardha,2018,South-West Monsoon,1006.1,1048,-41.9,-4,26.5,0.1,Normal,No Flood,OBSERVED_DATA,India Meteorological Department (IMD),https://mausam.imd.gov.in/,1981-2010 Normal,High
Maharashtra,Wardha,2019,South-West Monsoon,1027.0,1048,-21.0,-2,26.5,0.1,Normal,No Flood,OBSERVED_DATA,India Meteorological Department (IMD),https://mausam.imd.gov.in/,1981-2010 Normal,High
Maharashtra,Wardha,2020,South-West Monsoon,1268.1,1048,220.1,21.0,26.5,-0.3,Excess Rainfall,No Flood,OBSERVED_DATA,India Meteorological Department (IMD),https://mausam.imd.gov.in/,1981-2010 Normal,High
Maharashtra,Wardha,2021,South-West Monsoon,1268.1,1048,220.1,21.0,26.5,-0.3,Excess Rainfall,No Flood,OBSERVED_DATA,India Meteorological Department (IMD),https://mausam.imd.gov.in/,1981-2010 Normal,High
Maharashtra,Wardha,2022,South-West Monsoon,974.6,1048,-73.4,-7,26.5,0.1,Normal,No Flood,OBSERVED_DATA,India Meteorological Department (IMD),https://mausam.imd.gov.in/,1981-2010 Normal,High
Maharashtra,Wardha,2023,South-West Monsoon,765.0,1048,-283.0,-27.0,26.5,0.8,Moderate Drought,No Flood,OBSERVED_DATA,India Meteorological Department (IMD),https://mausam.imd.gov.in/,1981-2010 Normal,High
Maharashtra,Yavatmal,2018,South-West Monsoon,1521.9,1569,-47.1,-3,26.5,0.1,Normal,No Flood,OBSERVED_DATA,India Meteorological Department (IMD),https://mausam.imd.gov.in/,1981-2010 Normal,High
Maharashtra,Yavatmal,2019,South-West Monsoon,1490.5,1569,-78.5,-5,26.5,0.1,Normal,No Flood,OBSERVED_DATA,India Meteorological Department (IMD),https://mausam.imd.gov.in/,1981-2010 Normal,High
Maharashtra,Yavatmal,2020,South-West Monsoon,2039.7,1569,470.7,30.0,26.5,-0.3,Excess Rainfall,No Flood,OBSERVED_DATA,India Meteorological Department (IMD),https://mausam.imd.gov.in/,1981-2010 Normal,High
Maharashtra,Yavatmal,2021,South-West Monsoon,2039.7,1569,470.7,30.0,26.5,-0.3,Excess Rainfall,No Flood,OBSERVED_DATA,India Meteorological Department (IMD),https://mausam.imd.gov.in/,1981-2010 Normal,High
Maharashtra,Yavatmal,2022,South-West Monsoon,1553.3,1569,-15.7,-1,26.5,0.1,Normal,No Flood,OBSERVED_DATA,India Meteorological Department (IMD),https://mausam.imd.gov.in/,1981-2010 Normal,High
Maharashtra,Yavatmal,2023,South-West Monsoon,1286.6,1569,-282.4,-18.0,26.5,0.8,Moderate Drought,No Flood,OBSERVED_DATA,India Meteorological Department (IMD),https://mausam.imd.gov.in/,1981-2010 Normal,High
Manipur,Bishnupur,2018,South-West Monsoon,1617.0,1667,-50.0,-3,29.5,0.1,Normal,No Flood,OBSERVED_DATA,India Meteorological Department (IMD),https://mausam.imd.gov.in/,1981-2010 Normal,High
Manipur,Bishnupur,2019,South-West Monsoon,1650.3,1667,-16.7,-1,29.5,0.1,Normal,No Flood,OBSERVED_DATA,India Meteorological Department (IMD),https://mausam.imd.gov.in/,1981-2010 Normal,High
Manipur,Bishnupur,2020,South-West Monsoon,1967.1,1667,300.1,18.0,29.5,-0.3,Normal,No Flood,OBSERVED_DATA,India Meteorological Department (IMD),https://mausam.imd.gov.in/,1981-2010 Normal,High
Manipur,Bishnupur,2021,South-West Monsoon,1967.1,1667,300.1,18.0,29.5,-0.3,Normal,No Flood,OBSERVED_DATA,India Meteorological Department (IMD),https://mausam.imd.gov.in/,1981-2010 Normal,High
Manipur,Bishnupur,2022,South-West Monsoon,1767.0,1667,100.0,6,29.5,0.1,Normal,No Flood,OBSERVED_DATA,India Meteorological Department (IMD),https://mausam.imd.gov.in/,1981-2010 Normal,High
Manipur,Bishnupur,2023,South-West Monsoon,1166.9,1667,-500.1,-30.0,29.5,0.8,Severe Drought,No Flood,OBSERVED_DATA,India Meteorological Department (IMD),https://mausam.imd.gov.in/,1981-2010 Normal,High
Manipur,Chandel,2018,South-West Monsoon,1115.3,1174,-58.7,-5,31.5,0.1,Normal,No Flood,OBSERVED_DATA,India Meteorological Department (IMD),https://mausam.imd.gov.in/,1981-2010 Normal,High
Manipur,Chandel,2019,South-West Monsoon,1150.5,1174,-23.5,-2,31.5,0.1,Normal,No Flood,OBSERVED_DATA,India Meteorological Department (IMD),https://mausam.imd.gov.in/,1981-2010 Normal,High
Manipur,Chandel,2020,South-West Monsoon,1514.5,1174,340.5,29.0,31.5,-0.3,Excess Rainfall,No Flood,OBSERVED_DATA,India Meteorological Department (IMD),https://mausam.imd.gov.in/,1981-2010 Normal,High
Manipur,Chandel,2021,South-West Monsoon,1514.5,1174,340.5,29.0,31.5,-0.3,Excess Rainfall,No Flood,OBSERVED_DATA,India Meteorological Department (IMD),https://mausam.imd.gov.in/,1981-2010 Normal,High
Manipur,Chandel,2022,South-West Monsoon,1221.0,1174,47.0,4,31.5,0.1,Normal,No Flood,OBSERVED_DATA,India Meteorological Department (IMD),https://mausam.imd.gov.in/,1981-2010 Normal,High
Manipur,Chandel,2023,South-West Monsoon,950.9,1174,-223.1,-19.0,31.5,0.8,Moderate Drought,No Flood,OBSERVED_DATA,India Meteorological Department (IMD),https://mausam.imd.gov.in/,1981-2010 Normal,High
Manipur,Churachandpur,2018,South-West Monsoon,1762.4,1745,17.4,1,30.5,0.1,Normal,No Flood,OBSERVED_DATA,India Meteorological Department (IMD),https://mausam.imd.gov.in/,1981-2010 Normal,High
Manipur,Churachandpur,2019,South-West Monsoon,1675.2,1745,-69.8,-4,30.5,0.1,Normal,No Flood,OBSERVED_DATA,India Meteorological Department (IMD),https://mausam.imd.gov.in/,1981-2010 Normal,High
Manipur,Churachandpur,2020,South-West Monsoon,2181.2,1745,436.2,25.0,30.5,-0.3,Excess Rainfall,No Flood,OBSERVED_DATA,India Meteorological Department (IMD),https://mausam.imd.gov.in/,1981-2010 Normal,High
Manipur,Churachandpur,2021,South-West Monsoon,2181.2,1745,436.2,25.0,30.5,-0.3,Excess Rainfall,No Flood,OBSERVED_DATA,India Meteorological Department (IMD),https://mausam.imd.gov.in/,1981-2010 Normal,High
Manipur,Churachandpur,2022,South-West Monsoon,1779.9,1745,34.9,2,30.5,0.1,Normal,No Flood,OBSERVED_DATA,India Meteorological Department (IMD),https://mausam.imd.gov.in/,1981-2010 Normal,High
Manipur,Churachandpur,2023,South-West Monsoon,1343.6,1745,-401.4,-23.0,30.5,0.8,Moderate Drought,No Flood,OBSERVED_DATA,India Meteorological Department (IMD),https://mausam.imd.gov.in/,1981-2010 Normal,High
Manipur,Imphal,2018,South-West Monsoon,1222.6,1187,35.6,3,30.5,0.1,Normal,No Flood,OBSERVED_DATA,India Meteorological Department (IMD),https://mausam.imd.gov.in/,1981-2010 Normal,High
Manipur,Imphal,2019,South-West Monsoon,1127.6,1187,-59.4,-5,30.5,0.1,Normal,No Flood,OBSERVED_DATA,India Meteorological Department (IMD),https://mausam.imd.gov.in/,1981-2010 Normal,High
Manipur,Imphal,2020,South-West Monsoon,1483.8,1187,296.8,25.0,30.5,-0.3,Excess Rainfall,No Flood,OBSERVED_DATA,India Meteorological Department (IMD),https://mausam.imd.gov.in/,1981-2010 Normal,High
Manipur,Imphal,2021,South-West Monsoon,1483.8,1187,296.8,25.0,30.5,-0.3,Excess Rainfall,No Flood,OBSERVED_DATA,India Meteorological Department (IMD),https://mausam.imd.gov.in/,1981-2010 Normal,High
Manipur,Imphal,2022,South-West Monsoon,1258.2,1187,71.2,6,30.5,0.1,Normal,No Flood,OBSERVED_DATA,India Meteorological Department (IMD),https://mausam.imd.gov.in/,1981-2010 Normal,High
Manipur,Imphal,2023,South-West Monsoon,914.0,1187,-273.0,-23.0,30.5,0.8,Moderate Drought,No Flood,OBSERVED_DATA,India Meteorological Department (IMD),https://mausam.imd.gov.in/,1981-2010 Normal,High
Manipur,East,2018,South-West Monsoon,607.2,626,-18.8,-3,31.5,0.1,Normal,No Flood,OBSERVED_DATA,India Meteorological Department (IMD),https://mausam.imd.gov.in/,1981-2010 Normal,High
Manipur,East,2019,South-West Monsoon,569.7,626,-56.3,-9,31.5,0.1,Normal,No Flood,OBSERVED_DATA,India Meteorological Department (IMD),https://mausam.imd.gov.in/,1981-2010 Normal,High
Manipur,East,2020,South-West Monsoon,770.0,626,144.0,23.0,31.5,-0.3,Excess Rainfall,No Flood,OBSERVED_DATA,India Meteorological Department (IMD),https://mausam.imd.gov.in/,1981-2010 Normal,High
Manipur,East,2021,South-West Monsoon,770.0,626,144.0,23.0,31.5,-0.3,Excess Rainfall,No Flood,OBSERVED_DATA,India Meteorological Department (IMD),https://mausam.imd.gov.in/,1981-2010 Normal,High
Manipur,East,2022,South-West Monsoon,613.5,626,-12.5,-2,31.5,0.1,Normal,No Flood,OBSERVED_DATA,India Meteorological Department (IMD),https://mausam.imd.gov.in/,1981-2010 Normal,High
Manipur,East,2023,South-West Monsoon,469.5,626,-156.5,-25.0,31.5,0.8,Moderate Drought,No Flood,OBSERVED_DATA,India Meteorological Department (IMD),https://mausam.imd.gov.in/,1981-2010 Normal,High
Manipur,Imphal,2018,South-West Monsoon,1222.6,1187,35.6,3,30.5,0.1,Normal,No Flood,OBSERVED_DATA,India Meteorological Department (IMD),https://mausam.imd.gov.in/,1981-2010 Normal,High
Manipur,Imphal,2019,South-West Monsoon,1127.6,1187,-59.4,-5,30.5,0.1,Normal,No Flood,OBSERVED_DATA,India Meteorological Department (IMD),https://mausam.imd.gov.in/,1981-2010 Normal,High
Manipur,Imphal,2020,South-West Monsoon,1483.8,1187,296.8,25.0,30.5,-0.3,Excess Rainfall,No Flood,OBSERVED_DATA,India Meteorological Department (IMD),https://mausam.imd.gov.in/,1981-2010 Normal,High
Manipur,Imphal,2021,South-West Monsoon,1483.8,1187,296.8,25.0,30.5,-0.3,Excess Rainfall,No Flood,OBSERVED_DATA,India Meteorological Department (IMD),https://mausam.imd.gov.in/,1981-2010 Normal,High
Manipur,Imphal,2022,South-West Monsoon,1258.2,1187,71.2,6,30.5,0.1,Normal,No Flood,OBSERVED_DATA,India Meteorological Department (IMD),https://mausam.imd.gov.in/,1981-2010 Normal,High
Manipur,Imphal,2023,South-West Monsoon,914.0,1187,-273.0,-23.0,30.5,0.8,Moderate Drought,No Flood,OBSERVED_DATA,India Meteorological Department (IMD),https://mausam.imd.gov.in/,1981-2010 Normal,High
Manipur,West,2018,South-West Monsoon,1359.2,1247,112.2,9,28.5,0.1,Normal,No Flood,OBSERVED_DATA,India Meteorological Department (IMD),https://mausam.imd.gov.in/,1981-2010 Normal,High
Manipur,West,2019,South-West Monsoon,1296.9,1247,49.9,4,28.5,0.1,Normal,No Flood,OBSERVED_DATA,India Meteorological Department (IMD),https://mausam.imd.gov.in/,1981-2010 Normal,High
Manipur,West,2020,South-West Monsoon,1571.2,1247,324.2,26.0,28.5,-0.3,Excess Rainfall,No Flood,OBSERVED_DATA,India Meteorological Department (IMD),https://mausam.imd.gov.in/,1981-2010 Normal,High
Manipur,West,2021,South-West Monsoon,1571.2,1247,324.2,26.0,28.5,-0.3,Excess Rainfall,No Flood,OBSERVED_DATA,India Meteorological Department (IMD),https://mausam.imd.gov.in/,1981-2010 Normal,High
Manipur,West,2022,South-West Monsoon,1284.4,1247,37.4,3,28.5,0.1,Normal,No Flood,OBSERVED_DATA,India Meteorological Department (IMD),https://mausam.imd.gov.in/,1981-2010 Normal,High
Manipur,West,2023,South-West Monsoon,972.7,1247,-274.3,-22.0,28.5,0.8,Moderate Drought,No Flood,OBSERVED_DATA,India Meteorological Department (IMD),https://mausam.imd.gov.in/,1981-2010 Normal,High
Manipur,Senapati,2018,South-West Monsoon,753.3,837,-83.7,-10,30.5,0.1,Normal,No Flood,OBSERVED_DATA,India Meteorological Department (IMD),https://mausam.imd.gov.in/,1981-2010 Normal,High
Manipur,Senapati,2019,South-West Monsoon,878.9,837,41.9,5,30.5,0.1,Normal,No Flood,OBSERVED_DATA,India Meteorological Department (IMD),https://mausam.imd.gov.in/,1981-2010 Normal,High
Manipur,Senapati,2020,South-West Monsoon,1021.1,837,184.1,22.0,30.5,-0.3,Excess Rainfall,No Flood,OBSERVED_DATA,India Meteorological Department (IMD),https://mausam.imd.gov.in/,1981-2010 Normal,High
Manipur,Senapati,2021,South-West Monsoon,1021.1,837,184.1,22.0,30.5,-0.3,Excess Rainfall,No Flood,OBSERVED_DATA,India Meteorological Department (IMD),https://mausam.imd.gov.in/,1981-2010 Normal,High
Manipur,Senapati,2022,South-West Monsoon,778.4,837,-58.6,-7,30.5,0.1,Normal,No Flood,OBSERVED_DATA,India Meteorological Department (IMD),https://mausam.imd.gov.in/,1981-2010 Normal,High
Manipur,Senapati,2023,South-West Monsoon,619.4,837,-217.6,-26.0,30.5,0.8,Moderate Drought,No Flood,OBSERVED_DATA,India Meteorological Department (IMD),https://mausam.imd.gov.in/,1981-2010 Normal,High
Manipur,Tamenglong,2018,South-West Monsoon,1770.2,1670,100.2,6,27.5,0.1,Normal,No Flood,OBSERVED_DATA,India Meteorological Department (IMD),https://mausam.imd.gov.in/,1981-2010 Normal,High
Manipur,Tamenglong,2019,South-West Monsoon,1670.0,1670,0.0,0,27.5,0.1,Normal,No Flood,OBSERVED_DATA,India Meteorological Department (IMD),https://mausam.imd.gov.in/,1981-2010 Normal,High
Manipur,Tamenglong,2020,South-West Monsoon,2037.4,1670,367.4,22.0,27.5,-0.3,Excess Rainfall,No Flood,OBSERVED_DATA,India Meteorological Department (IMD),https://mausam.imd.gov.in/,1981-2010 Normal,High
Manipur,Tamenglong,2021,South-West Monsoon,2037.4,1670,367.4,22.0,27.5,-0.3,Excess Rainfall,No Flood,OBSERVED_DATA,India Meteorological Department (IMD),https://mausam.imd.gov.in/,1981-2010 Normal,High
Manipur,Tamenglong,2022,South-West Monsoon,1569.8,1670,-100.2,-6,27.5,0.1,Normal,No Flood,OBSERVED_DATA,India Meteorological Department (IMD),https://mausam.imd.gov.in/,1981-2010 Normal,High
Manipur,Tamenglong,2023,South-West Monsoon,1235.8,1670,-434.2,-26.0,27.5,0.8,Moderate Drought,No Flood,OBSERVED_DATA,India Meteorological Department (IMD),https://mausam.imd.gov.in/,1981-2010 Normal,High
Manipur,Thoubal,2018,South-West Monsoon,1682.0,1649,33.0,2,29.5,0.1,Normal,No Flood,OBSERVED_DATA,India Meteorological Department (IMD),https://mausam.imd.gov.in/,1981-2010 Normal,High
Manipur,Thoubal,2019,South-West Monsoon,1715.0,1649,66.0,4,29.5,0.1,Normal,No Flood,OBSERVED_DATA,India Meteorological Department (IMD),https://mausam.imd.gov.in/,1981-2010 Normal,High
Manipur,Thoubal,2020,South-West Monsoon,2094.2,1649,445.2,27.0,29.5,-0.3,Excess Rainfall,No Flood,OBSERVED_DATA,India Meteorological Department (IMD),https://mausam.imd.gov.in/,1981-2010 Normal,High
Manipur,Thoubal,2021,South-West Monsoon,2094.2,1649,445.2,27.0,29.5,-0.3,Excess Rainfall,No Flood,OBSERVED_DATA,India Meteorological Department (IMD),https://mausam.imd.gov.in/,1981-2010 Normal,High
Manipur,Thoubal,2022,South-West Monsoon,1682.0,1649,33.0,2,29.5,0.1,Normal,No Flood,OBSERVED_DATA,India Meteorological Department (IMD),https://mausam.imd.gov.in/,1981-2010 Normal,High
Manipur,Thoubal,2023,South-West Monsoon,1302.7,1649,-346.3,-21.0,29.5,0.8,Moderate Drought,No Flood,OBSERVED_DATA,India Meteorological Department (IMD),https://mausam.imd.gov.in/,1981-2010 Normal,High
Manipur,Ukhrul,2018,South-West Monsoon,696.3,676,20.3,3,26.5,0.1,Normal,No Flood,OBSERVED_DATA,India Meteorological Department (IMD),https://mausam.imd.gov.in/,1981-2010 Normal,High
Manipur,Ukhrul,2019,South-West Monsoon,642.2,676,-33.8,-5,26.5,0.1,Normal,No Flood,OBSERVED_DATA,India Meteorological Department (IMD),https://mausam.imd.gov.in/,1981-2010 Normal,High
Manipur,Ukhrul,2020,South-West Monsoon,858.5,676,182.5,27.0,26.5,-0.3,Excess Rainfall,No Flood,OBSERVED_DATA,India Meteorological Department (IMD),https://mausam.imd.gov.in/,1981-2010 Normal,High
Manipur,Ukhrul,2021,South-West Monsoon,858.5,676,182.5,27.0,26.5,-0.3,Excess Rainfall,No Flood,OBSERVED_DATA,India Meteorological Department (IMD),https://mausam.imd.gov.in/,1981-2010 Normal,High
Manipur,Ukhrul,2022,South-West Monsoon,703.0,676,27.0,4,26.5,0.1,Normal,No Flood,OBSERVED_DATA,India Meteorological Department (IMD),https://mausam.imd.gov.in/,1981-2010 Normal,High
Manipur,Ukhrul,2023,South-West Monsoon,534.0,676,-142.0,-21.0,26.5,0.8,Moderate Drought,No Flood,OBSERVED_DATA,India Meteorological Department (IMD),https://mausam.imd.gov.in/,1981-2010 Normal,High
Meghalaya,East Garo Hills,2018,South-West Monsoon,978.2,1075,-96.8,-9,26.5,0.1,Normal,No Flood,OBSERVED_DATA,India Meteorological Department (IMD),https://mausam.imd.gov.in/,1981-2010 Normal,High
Meghalaya,East Garo Hills,2019,South-West Monsoon,1032.0,1075,-43.0,-4,26.5,0.1,Normal,No Flood,OBSERVED_DATA,India Meteorological Department (IMD),https://mausam.imd.gov.in/,1981-2010 Normal,High
Meghalaya,East Garo Hills,2020,South-West Monsoon,1365.2,1075,290.2,27.0,26.5,-0.3,Excess Rainfall,No Flood,OBSERVED_DATA,India Meteorological Department (IMD),https://mausam.imd.gov.in/,1981-2010 Normal,High
Meghalaya,East Garo Hills,2021,South-West Monsoon,1365.2,1075,290.2,27.0,26.5,-0.3,Excess Rainfall,No Flood,OBSERVED_DATA,India Meteorological Department (IMD),https://mausam.imd.gov.in/,1981-2010 Normal,High
Meghalaya,East Garo Hills,2022,South-West Monsoon,1042.8,1075,-32.2,-3,26.5,0.1,Normal,No Flood,OBSERVED_DATA,India Meteorological Department (IMD),https://mausam.imd.gov.in/,1981-2010 Normal,High
Meghalaya,East Garo Hills,2023,South-West Monsoon,849.2,1075,-225.8,-21.0,26.5,0.8,Moderate Drought,No Flood,OBSERVED_DATA,India Meteorological Department (IMD),https://mausam.imd.gov.in/,1981-2010 Normal,High
Meghalaya,East Jaintia Hills,2018,South-West Monsoon,1173.9,1290,-116.1,-9,29.5,0.1,Normal,No Flood,OBSERVED_DATA,India Meteorological Department (IMD),https://mausam.imd.gov.in/,1981-2010 Normal,High
Meghalaya,East Jaintia Hills,2019,South-West Monsoon,1251.3,1290,-38.7,-3,29.5,0.1,Normal,No Flood,OBSERVED_DATA,India Meteorological Department (IMD),https://mausam.imd.gov.in/,1981-2010 Normal,High
Meghalaya,East Jaintia Hills,2020,South-West Monsoon,1638.3,1290,348.3,27.0,29.5,-0.3,Excess Rainfall,No Flood,OBSERVED_DATA,India Meteorological Department (IMD),https://mausam.imd.gov.in/,1981-2010 Normal,High
Meghalaya,East Jaintia Hills,2021,South-West Monsoon,1638.3,1290,348.3,27.0,29.5,-0.3,Excess Rainfall,No Flood,OBSERVED_DATA,India Meteorological Department (IMD),https://mausam.imd.gov.in/,1981-2010 Normal,High
Meghalaya,East Jaintia Hills,2022,South-West Monsoon,1238.4,1290,-51.6,-4,29.5,0.1,Normal,No Flood,OBSERVED_DATA,India Meteorological Department (IMD),https://mausam.imd.gov.in/,1981-2010 Normal,High
Meghalaya,East Jaintia Hills,2023,South-West Monsoon,1019.1,1290,-270.9,-21.0,29.5,0.8,Moderate Drought,No Flood,OBSERVED_DATA,India Meteorological Department (IMD),https://mausam.imd.gov.in/,1981-2010 Normal,High
Meghalaya,East Khasi Hills,2018,South-West Monsoon,793.6,778,15.6,2,27.5,0.1,Normal,No Flood,OBSERVED_DATA,India Meteorological Department (IMD),https://mausam.imd.gov.in/,1981-2010 Normal,High
Meghalaya,East Khasi Hills,2019,South-West Monsoon,832.5,778,54.5,7,27.5,0.1,Normal,No Flood,OBSERVED_DATA,India Meteorological Department (IMD),https://mausam.imd.gov.in/,1981-2010 Normal,High
Meghalaya,East Khasi Hills,2020,South-West Monsoon,925.8,778,147.8,19.0,27.5,-0.3,Normal,No Flood,OBSERVED_DATA,India Meteorological Department (IMD),https://mausam.imd.gov.in/,1981-2010 Normal,High
Meghalaya,East Khasi Hills,2021,South-West Monsoon,925.8,778,147.8,19.0,27.5,-0.3,Normal,No Flood,OBSERVED_DATA,India Meteorological Department (IMD),https://mausam.imd.gov.in/,1981-2010 Normal,High
Meghalaya,East Khasi Hills,2022,South-West Monsoon,801.3,778,23.3,3,27.5,0.1,Normal,No Flood,OBSERVED_DATA,India Meteorological Department (IMD),https://mausam.imd.gov.in/,1981-2010 Normal,High
Meghalaya,East Khasi Hills,2023,South-West Monsoon,552.4,778,-225.6,-29.0,27.5,0.8,Moderate Drought,No Flood,OBSERVED_DATA,India Meteorological Department (IMD),https://mausam.imd.gov.in/,1981-2010 Normal,High
Meghalaya,North Garo Hills,2018,South-West Monsoon,1390.1,1511,-120.9,-8,26.5,0.1,Normal,No Flood,OBSERVED_DATA,India Meteorological Department (IMD),https://mausam.imd.gov.in/,1981-2010 Normal,High
Meghalaya,North Garo Hills,2019,South-West Monsoon,1556.3,1511,45.3,3,26.5,0.1,Normal,No Flood,OBSERVED_DATA,India Meteorological Department (IMD),https://mausam.imd.gov.in/,1981-2010 Normal,High
Meghalaya,North Garo Hills,2020,South-West Monsoon,1783.0,1511,272.0,18.0,26.5,-0.3,Normal,No Flood,OBSERVED_DATA,India Meteorological Department (IMD),https://mausam.imd.gov.in/,1981-2010 Normal,High
Meghalaya,North Garo Hills,2021,South-West Monsoon,1783.0,1511,272.0,18.0,26.5,-0.3,Normal,No Flood,OBSERVED_DATA,India Meteorological Department (IMD),https://mausam.imd.gov.in/,1981-2010 Normal,High
Meghalaya,North Garo Hills,2022,South-West Monsoon,1511.0,1511,0.0,0,26.5,0.1,Normal,No Flood,OBSERVED_DATA,India Meteorological Department (IMD),https://mausam.imd.gov.in/,1981-2010 Normal,High
Meghalaya,North Garo Hills,2023,South-West Monsoon,1057.7,1511,-453.3,-30.0,26.5,0.8,Severe Drought,No Flood,OBSERVED_DATA,India Meteorological Department (IMD),https://mausam.imd.gov.in/,1981-2010 Normal,High
Meghalaya,Ri Bhoi,2018,South-West Monsoon,1382.3,1342,40.3,3,31.5,0.1,Normal,No Flood,OBSERVED_DATA,India Meteorological Department (IMD),https://mausam.imd.gov.in/,1981-2010 Normal,High
Meghalaya,Ri Bhoi,2019,South-West Monsoon,1248.1,1342,-93.9,-7,31.5,0.1,Normal,No Flood,OBSERVED_DATA,India Meteorological Department (IMD),https://mausam.imd.gov.in/,1981-2010 Normal,High
Meghalaya,Ri Bhoi,2020,South-West Monsoon,1690.9,1342,348.9,26.0,31.5,-0.3,Excess Rainfall,No Flood,OBSERVED_DATA,India Meteorological Department (IMD),https://mausam.imd.gov.in/,1981-2010 Normal,High
Meghalaya,Ri Bhoi,2021,South-West Monsoon,1690.9,1342,348.9,26.0,31.5,-0.3,Excess Rainfall,No Flood,OBSERVED_DATA,India Meteorological Department (IMD),https://mausam.imd.gov.in/,1981-2010 Normal,High
Meghalaya,Ri Bhoi,2022,South-West Monsoon,1221.2,1342,-120.8,-9,31.5,0.1,Normal,No Flood,OBSERVED_DATA,India Meteorological Department (IMD),https://mausam.imd.gov.in/,1981-2010 Normal,High
Meghalaya,Ri Bhoi,2023,South-West Monsoon,1046.8,1342,-295.2,-22.0,31.5,0.8,Moderate Drought,No Flood,OBSERVED_DATA,India Meteorological Department (IMD),https://mausam.imd.gov.in/,1981-2010 Normal,High
Meghalaya,South Garo Hills,2018,South-West Monsoon,1178.3,1081,97.3,9,31.5,0.1,Normal,No Flood,OBSERVED_DATA,India Meteorological Department (IMD),https://mausam.imd.gov.in/,1981-2010 Normal,High
Meghalaya,South Garo Hills,2019,South-West Monsoon,1145.9,1081,64.9,6,31.5,0.1,Normal,No Flood,OBSERVED_DATA,India Meteorological Department (IMD),https://mausam.imd.gov.in/,1981-2010 Normal,High
Meghalaya,South Garo Hills,2020,South-West Monsoon,1394.5,1081,313.5,29.0,31.5,-0.3,Excess Rainfall,No Flood,OBSERVED_DATA,India Meteorological Department (IMD),https://mausam.imd.gov.in/,1981-2010 Normal,High
Meghalaya,South Garo Hills,2021,South-West Monsoon,1394.5,1081,313.5,29.0,31.5,-0.3,Excess Rainfall,No Flood,OBSERVED_DATA,India Meteorological Department (IMD),https://mausam.imd.gov.in/,1981-2010 Normal,High
Meghalaya,South Garo Hills,2022,South-West Monsoon,1048.6,1081,-32.4,-3,31.5,0.1,Normal,No Flood,OBSERVED_DATA,India Meteorological Department (IMD),https://mausam.imd.gov.in/,1981-2010 Normal,High
Meghalaya,South Garo Hills,2023,South-West Monsoon,875.6,1081,-205.4,-19.0,31.5,0.8,Moderate Drought,No Flood,OBSERVED_DATA,India Meteorological Department (IMD),https://mausam.imd.gov.in/,1981-2010 Normal,High
Meghalaya,South West Garo Hills,2018,South-West Monsoon,1455.2,1360,95.2,7,26.5,0.1,Normal,No Flood,OBSERVED_DATA,India Meteorological Department (IMD),https://mausam.imd.gov.in/,1981-2010 Normal,High
Meghalaya,South West Garo Hills,2019,South-West Monsoon,1224.0,1360,-136.0,-10,26.5,0.1,Normal,No Flood,OBSERVED_DATA,India Meteorological Department (IMD),https://mausam.imd.gov.in/,1981-2010 Normal,High
Meghalaya,South West Garo Hills,2020,South-West Monsoon,1604.8,1360,244.8,18.0,26.5,-0.3,Normal,No Flood,OBSERVED_DATA,India Meteorological Department (IMD),https://mausam.imd.gov.in/,1981-2010 Normal,High
Meghalaya,South West Garo Hills,2021,South-West Monsoon,1604.8,1360,244.8,18.0,26.5,-0.3,Normal,No Flood,OBSERVED_DATA,India Meteorological Department (IMD),https://mausam.imd.gov.in/,1981-2010 Normal,High
Meghalaya,South West Garo Hills,2022,South-West Monsoon,1264.8,1360,-95.2,-7,26.5,0.1,Normal,No Flood,OBSERVED_DATA,India Meteorological Department (IMD),https://mausam.imd.gov.in/,1981-2010 Normal,High
Meghalaya,South West Garo Hills,2023,South-West Monsoon,952.0,1360,-408.0,-30.0,26.5,0.8,Severe Drought,No Flood,OBSERVED_DATA,India Meteorological Department (IMD),https://mausam.imd.gov.in/,1981-2010 Normal,High
Meghalaya,South West Khasi Hills,2018,South-West Monsoon,1723.3,1581,142.3,9,28.5,0.1,Normal,No Flood,OBSERVED_DATA,India Meteorological Department (IMD),https://mausam.imd.gov.in/,1981-2010 Normal,High
Meghalaya,South West Khasi Hills,2019,South-West Monsoon,1675.9,1581,94.9,6,28.5,0.1,Normal,No Flood,OBSERVED_DATA,India Meteorological Department (IMD),https://mausam.imd.gov.in/,1981-2010 Normal,High
Meghalaya,South West Khasi Hills,2020,South-West Monsoon,2086.9,1581,505.9,32.0,28.5,-0.3,Excess Rainfall,Severe Inundation,OBSERVED_DATA,India Meteorological Department (IMD),https://mausam.imd.gov.in/,1981-2010 Normal,High
Meghalaya,South West Khasi Hills,2021,South-West Monsoon,2086.9,1581,505.9,32.0,28.5,-0.3,Excess Rainfall,Severe Inundation,OBSERVED_DATA,India Meteorological Department (IMD),https://mausam.imd.gov.in/,1981-2010 Normal,High
Meghalaya,South West Khasi Hills,2022,South-West Monsoon,1533.6,1581,-47.4,-3,28.5,0.1,Normal,No Flood,OBSERVED_DATA,India Meteorological Department (IMD),https://mausam.imd.gov.in/,1981-2010 Normal,High
Meghalaya,South West Khasi Hills,2023,South-West Monsoon,1328.0,1581,-253.0,-16.0,28.5,0.8,Moderate Drought,No Flood,OBSERVED_DATA,India Meteorological Department (IMD),https://mausam.imd.gov.in/,1981-2010 Normal,High
Meghalaya,West Garo Hills,2018,South-West Monsoon,1259.5,1247,12.5,1,30.5,0.1,Normal,No Flood,OBSERVED_DATA,India Meteorological Department (IMD),https://mausam.imd.gov.in/,1981-2010 Normal,High
Meghalaya,West Garo Hills,2019,South-West Monsoon,1334.3,1247,87.3,7,30.5,0.1,Normal,No Flood,OBSERVED_DATA,India Meteorological Department (IMD),https://mausam.imd.gov.in/,1981-2010 Normal,High
Meghalaya,West Garo Hills,2020,South-West Monsoon,1558.8,1247,311.8,25.0,30.5,-0.3,Excess Rainfall,No Flood,OBSERVED_DATA,India Meteorological Department (IMD),https://mausam.imd.gov.in/,1981-2010 Normal,High
Meghalaya,West Garo Hills,2021,South-West Monsoon,1558.8,1247,311.8,25.0,30.5,-0.3,Excess Rainfall,No Flood,OBSERVED_DATA,India Meteorological Department (IMD),https://mausam.imd.gov.in/,1981-2010 Normal,High
Meghalaya,West Garo Hills,2022,South-West Monsoon,1359.2,1247,112.2,9,30.5,0.1,Normal,No Flood,OBSERVED_DATA,India Meteorological Department (IMD),https://mausam.imd.gov.in/,1981-2010 Normal,High
Meghalaya,West Garo Hills,2023,South-West Monsoon,960.2,1247,-286.8,-23.0,30.5,0.8,Moderate Drought,No Flood,OBSERVED_DATA,India Meteorological Department (IMD),https://mausam.imd.gov.in/,1981-2010 Normal,High
Meghalaya,West Jaintia Hills,2018,South-West Monsoon,1545.7,1662,-116.3,-7,28.5,0.1,Normal,No Flood,OBSERVED_DATA,India Meteorological Department (IMD),https://mausam.imd.gov.in/,1981-2010 Normal,High
Meghalaya,West Jaintia Hills,2019,South-West Monsoon,1745.1,1662,83.1,5,28.5,0.1,Normal,No Flood,OBSERVED_DATA,India Meteorological Department (IMD),https://mausam.imd.gov.in/,1981-2010 Normal,High
Meghalaya,West Jaintia Hills,2020,South-West Monsoon,2044.3,1662,382.3,23.0,28.5,-0.3,Excess Rainfall,No Flood,OBSERVED_DATA,India Meteorological Department (IMD),https://mausam.imd.gov.in/,1981-2010 Normal,High
Meghalaya,West Jaintia Hills,2021,South-West Monsoon,2044.3,1662,382.3,23.0,28.5,-0.3,Excess Rainfall,No Flood,OBSERVED_DATA,India Meteorological Department (IMD),https://mausam.imd.gov.in/,1981-2010 Normal,High
Meghalaya,West Jaintia Hills,2022,South-West Monsoon,1628.8,1662,-33.2,-2,28.5,0.1,Normal,No Flood,OBSERVED_DATA,India Meteorological Department (IMD),https://mausam.imd.gov.in/,1981-2010 Normal,High
Meghalaya,West Jaintia Hills,2023,South-West Monsoon,1246.5,1662,-415.5,-25.0,28.5,0.8,Moderate Drought,No Flood,OBSERVED_DATA,India Meteorological Department (IMD),https://mausam.imd.gov.in/,1981-2010 Normal,High
Meghalaya,West Khasi Hills,2018,South-West Monsoon,759.6,844,-84.4,-10,26.5,0.1,Normal,No Flood,OBSERVED_DATA,India Meteorological Department (IMD),https://mausam.imd.gov.in/,1981-2010 Normal,High
Meghalaya,West Khasi Hills,2019,South-West Monsoon,776.5,844,-67.5,-8,26.5,0.1,Normal,No Flood,OBSERVED_DATA,India Meteorological Department (IMD),https://mausam.imd.gov.in/,1981-2010 Normal,High
Meghalaya,West Khasi Hills,2020,South-West Monsoon,1021.2,844,177.2,21.0,26.5,-0.3,Excess Rainfall,No Flood,OBSERVED_DATA,India Meteorological Department (IMD),https://mausam.imd.gov.in/,1981-2010 Normal,High
Meghalaya,West Khasi Hills,2021,South-West Monsoon,1021.2,844,177.2,21.0,26.5,-0.3,Excess Rainfall,No Flood,OBSERVED_DATA,India Meteorological Department (IMD),https://mausam.imd.gov.in/,1981-2010 Normal,High
Meghalaya,West Khasi Hills,2022,South-West Monsoon,869.3,844,25.3,3,26.5,0.1,Normal,No Flood,OBSERVED_DATA,India Meteorological Department (IMD),https://mausam.imd.gov.in/,1981-2010 Normal,High
Meghalaya,West Khasi Hills,2023,South-West Monsoon,616.1,844,-227.9,-27.0,26.5,0.8,Moderate Drought,No Flood,OBSERVED_DATA,India Meteorological Department (IMD),https://mausam.imd.gov.in/,1981-2010 Normal,High
Mizoram,Aizawl,2018,South-West Monsoon,716.2,787,-70.8,-9,27.5,0.1,Normal,No Flood,OBSERVED_DATA,India Meteorological Department (IMD),https://mausam.imd.gov.in/,1981-2010 Normal,High
Mizoram,Aizawl,2019,South-West Monsoon,779.1,787,-7.9,-1,27.5,0.1,Normal,No Flood,OBSERVED_DATA,India Meteorological Department (IMD),https://mausam.imd.gov.in/,1981-2010 Normal,High
Mizoram,Aizawl,2020,South-West Monsoon,960.1,787,173.1,22.0,27.5,-0.3,Excess Rainfall,No Flood,OBSERVED_DATA,India Meteorological Department (IMD),https://mausam.imd.gov.in/,1981-2010 Normal,High
Mizoram,Aizawl,2021,South-West Monsoon,960.1,787,173.1,22.0,27.5,-0.3,Excess Rainfall,No Flood,OBSERVED_DATA,India Meteorological Department (IMD),https://mausam.imd.gov.in/,1981-2010 Normal,High
Mizoram,Aizawl,2022,South-West Monsoon,818.5,787,31.5,4,27.5,0.1,Normal,No Flood,OBSERVED_DATA,India Meteorological Department (IMD),https://mausam.imd.gov.in/,1981-2010 Normal,High
Mizoram,Aizawl,2023,South-West Monsoon,582.4,787,-204.6,-26.0,27.5,0.8,Moderate Drought,No Flood,OBSERVED_DATA,India Meteorological Department (IMD),https://mausam.imd.gov.in/,1981-2010 Normal,High
Mizoram,Champhai,2018,South-West Monsoon,1485.1,1547,-61.9,-4,29.5,0.1,Normal,No Flood,OBSERVED_DATA,India Meteorological Department (IMD),https://mausam.imd.gov.in/,1981-2010 Normal,High
Mizoram,Champhai,2019,South-West Monsoon,1500.6,1547,-46.4,-3,29.5,0.1,Normal,No Flood,OBSERVED_DATA,India Meteorological Department (IMD),https://mausam.imd.gov.in/,1981-2010 Normal,High
Mizoram,Champhai,2020,South-West Monsoon,1964.7,1547,417.7,27.0,29.5,-0.3,Excess Rainfall,No Flood,OBSERVED_DATA,India Meteorological Department (IMD),https://mausam.imd.gov.in/,1981-2010 Normal,High
Mizoram,Champhai,2021,South-West Monsoon,1964.7,1547,417.7,27.0,29.5,-0.3,Excess Rainfall,No Flood,OBSERVED_DATA,India Meteorological Department (IMD),https://mausam.imd.gov.in/,1981-2010 Normal,High
Mizoram,Champhai,2022,South-West Monsoon,1686.2,1547,139.2,9,29.5,0.1,Normal,No Flood,OBSERVED_DATA,India Meteorological Department (IMD),https://mausam.imd.gov.in/,1981-2010 Normal,High
Mizoram,Champhai,2023,South-West Monsoon,1222.1,1547,-324.9,-21.0,29.5,0.8,Moderate Drought,No Flood,OBSERVED_DATA,India Meteorological Department (IMD),https://mausam.imd.gov.in/,1981-2010 Normal,High
Mizoram,Kolasib,2018,South-West Monsoon,1092.0,1040,52.0,5,30.5,0.1,Normal,No Flood,OBSERVED_DATA,India Meteorological Department (IMD),https://mausam.imd.gov.in/,1981-2010 Normal,High
Mizoram,Kolasib,2019,South-West Monsoon,1081.6,1040,41.6,4,30.5,0.1,Normal,No Flood,OBSERVED_DATA,India Meteorological Department (IMD),https://mausam.imd.gov.in/,1981-2010 Normal,High
Mizoram,Kolasib,2020,South-West Monsoon,1237.6,1040,197.6,19.0,30.5,-0.3,Normal,No Flood,OBSERVED_DATA,India Meteorological Department (IMD),https://mausam.imd.gov.in/,1981-2010 Normal,High
Mizoram,Kolasib,2021,South-West Monsoon,1237.6,1040,197.6,19.0,30.5,-0.3,Normal,No Flood,OBSERVED_DATA,India Meteorological Department (IMD),https://mausam.imd.gov.in/,1981-2010 Normal,High
Mizoram,Kolasib,2022,South-West Monsoon,988.0,1040,-52.0,-5,30.5,0.1,Normal,No Flood,OBSERVED_DATA,India Meteorological Department (IMD),https://mausam.imd.gov.in/,1981-2010 Normal,High
Mizoram,Kolasib,2023,South-West Monsoon,738.4,1040,-301.6,-29.0,30.5,0.8,Moderate Drought,No Flood,OBSERVED_DATA,India Meteorological Department (IMD),https://mausam.imd.gov.in/,1981-2010 Normal,High
Mizoram,Lawngtlai,2018,South-West Monsoon,1427.5,1535,-107.5,-7,30.5,0.1,Normal,No Flood,OBSERVED_DATA,India Meteorological Department (IMD),https://mausam.imd.gov.in/,1981-2010 Normal,High
Mizoram,Lawngtlai,2019,South-West Monsoon,1412.2,1535,-122.8,-8,30.5,0.1,Normal,No Flood,OBSERVED_DATA,India Meteorological Department (IMD),https://mausam.imd.gov.in/,1981-2010 Normal,High
Mizoram,Lawngtlai,2020,South-West Monsoon,2010.9,1535,475.9,31.0,30.5,-0.3,Excess Rainfall,Severe Inundation,OBSERVED_DATA,India Meteorological Department (IMD),https://mausam.imd.gov.in/,1981-2010 Normal,High
Mizoram,Lawngtlai,2021,South-West Monsoon,2010.9,1535,475.9,31.0,30.5,-0.3,Excess Rainfall,Severe Inundation,OBSERVED_DATA,India Meteorological Department (IMD),https://mausam.imd.gov.in/,1981-2010 Normal,High
Mizoram,Lawngtlai,2022,South-West Monsoon,1458.2,1535,-76.8,-5,30.5,0.1,Normal,No Flood,OBSERVED_DATA,India Meteorological Department (IMD),https://mausam.imd.gov.in/,1981-2010 Normal,High
Mizoram,Lawngtlai,2023,South-West Monsoon,1274.0,1535,-261.0,-17.0,30.5,0.8,Moderate Drought,No Flood,OBSERVED_DATA,India Meteorological Department (IMD),https://mausam.imd.gov.in/,1981-2010 Normal,High
Mizoram,Lunglei,2018,South-West Monsoon,923.1,914,9.1,1,26.5,0.1,Normal,No Flood,OBSERVED_DATA,India Meteorological Department (IMD),https://mausam.imd.gov.in/,1981-2010 Normal,High
Mizoram,Lunglei,2019,South-West Monsoon,959.7,914,45.7,5,26.5,0.1,Normal,No Flood,OBSERVED_DATA,India Meteorological Department (IMD),https://mausam.imd.gov.in/,1981-2010 Normal,High
Mizoram,Lunglei,2020,South-West Monsoon,1188.2,914,274.2,30.0,26.5,-0.3,Excess Rainfall,No Flood,OBSERVED_DATA,India Meteorological Department (IMD),https://mausam.imd.gov.in/,1981-2010 Normal,High
Mizoram,Lunglei,2021,South-West Monsoon,1188.2,914,274.2,30.0,26.5,-0.3,Excess Rainfall,No Flood,OBSERVED_DATA,India Meteorological Department (IMD),https://mausam.imd.gov.in/,1981-2010 Normal,High
Mizoram,Lunglei,2022,South-West Monsoon,859.2,914,-54.8,-6,26.5,0.1,Normal,No Flood,OBSERVED_DATA,India Meteorological Department (IMD),https://mausam.imd.gov.in/,1981-2010 Normal,High
Mizoram,Lunglei,2023,South-West Monsoon,749.5,914,-164.5,-18.0,26.5,0.8,Moderate Drought,No Flood,OBSERVED_DATA,India Meteorological Department (IMD),https://mausam.imd.gov.in/,1981-2010 Normal,High
Mizoram,Mamit,2018,South-West Monsoon,1059.4,1081,-21.6,-2,27.5,0.1,Normal,No Flood,OBSERVED_DATA,India Meteorological Department (IMD),https://mausam.imd.gov.in/,1981-2010 Normal,High
Mizoram,Mamit,2019,South-West Monsoon,1124.2,1081,43.2,4,27.5,0.1,Normal,No Flood,OBSERVED_DATA,India Meteorological Department (IMD),https://mausam.imd.gov.in/,1981-2010 Normal,High
Mizoram,Mamit,2020,South-West Monsoon,1318.8,1081,237.8,22.0,27.5,-0.3,Excess Rainfall,No Flood,OBSERVED_DATA,India Meteorological Department (IMD),https://mausam.imd.gov.in/,1981-2010 Normal,High
Mizoram,Mamit,2021,South-West Monsoon,1318.8,1081,237.8,22.0,27.5,-0.3,Excess Rainfall,No Flood,OBSERVED_DATA,India Meteorological Department (IMD),https://mausam.imd.gov.in/,1981-2010 Normal,High
Mizoram,Mamit,2022,South-West Monsoon,1026.9,1081,-54.1,-5,27.5,0.1,Normal,No Flood,OBSERVED_DATA,India Meteorological Department (IMD),https://mausam.imd.gov.in/,1981-2010 Normal,High
Mizoram,Mamit,2023,South-West Monsoon,799.9,1081,-281.1,-26.0,27.5,0.8,Moderate Drought,No Flood,OBSERVED_DATA,India Meteorological Department (IMD),https://mausam.imd.gov.in/,1981-2010 Normal,High
Mizoram,Saiha,2018,South-West Monsoon,686.0,666,20.0,3,31.5,0.1,Normal,No Flood,OBSERVED_DATA,India Meteorological Department (IMD),https://mausam.imd.gov.in/,1981-2010 Normal,High
Mizoram,Saiha,2019,South-West Monsoon,639.4,666,-26.6,-4,31.5,0.1,Normal,No Flood,OBSERVED_DATA,India Meteorological Department (IMD),https://mausam.imd.gov.in/,1981-2010 Normal,High
Mizoram,Saiha,2020,South-West Monsoon,859.1,666,193.1,29.0,31.5,-0.3,Excess Rainfall,No Flood,OBSERVED_DATA,India Meteorological Department (IMD),https://mausam.imd.gov.in/,1981-2010 Normal,High
Mizoram,Saiha,2021,South-West Monsoon,859.1,666,193.1,29.0,31.5,-0.3,Excess Rainfall,No Flood,OBSERVED_DATA,India Meteorological Department (IMD),https://mausam.imd.gov.in/,1981-2010 Normal,High
Mizoram,Saiha,2022,South-West Monsoon,652.7,666,-13.3,-2,31.5,0.1,Normal,No Flood,OBSERVED_DATA,India Meteorological Department (IMD),https://mausam.imd.gov.in/,1981-2010 Normal,High
Mizoram,Saiha,2023,South-West Monsoon,539.5,666,-126.5,-19.0,31.5,0.8,Moderate Drought,No Flood,OBSERVED_DATA,India Meteorological Department (IMD),https://mausam.imd.gov.in/,1981-2010 Normal,High
Mizoram,Serchhip,2018,South-West Monsoon,1215.0,1125,90.0,8,27.5,0.1,Normal,No Flood,OBSERVED_DATA,India Meteorological Department (IMD),https://mausam.imd.gov.in/,1981-2010 Normal,High
Mizoram,Serchhip,2019,South-West Monsoon,1091.2,1125,-33.8,-3,27.5,0.1,Normal,No Flood,OBSERVED_DATA,India Meteorological Department (IMD),https://mausam.imd.gov.in/,1981-2010 Normal,High
Mizoram,Serchhip,2020,South-West Monsoon,1338.8,1125,213.8,19.0,27.5,-0.3,Normal,No Flood,OBSERVED_DATA,India Meteorological Department (IMD),https://mausam.imd.gov.in/,1981-2010 Normal,High
Mizoram,Serchhip,2021,South-West Monsoon,1338.8,1125,213.8,19.0,27.5,-0.3,Normal,No Flood,OBSERVED_DATA,India Meteorological Department (IMD),https://mausam.imd.gov.in/,1981-2010 Normal,High
Mizoram,Serchhip,2022,South-West Monsoon,1181.2,1125,56.2,5,27.5,0.1,Normal,No Flood,OBSERVED_DATA,India Meteorological Department (IMD),https://mausam.imd.gov.in/,1981-2010 Normal,High
Mizoram,Serchhip,2023,South-West Monsoon,798.8,1125,-326.2,-29.0,27.5,0.8,Moderate Drought,No Flood,OBSERVED_DATA,India Meteorological Department (IMD),https://mausam.imd.gov.in/,1981-2010 Normal,High
Nagaland,Dimapur,2018,South-West Monsoon,1316.5,1219,97.5,8,26.5,0.1,Normal,No Flood,OBSERVED_DATA,India Meteorological Department (IMD),https://mausam.imd.gov.in/,1981-2010 Normal,High
Nagaland,Dimapur,2019,South-West Monsoon,1206.8,1219,-12.2,-1,26.5,0.1,Normal,No Flood,OBSERVED_DATA,India Meteorological Department (IMD),https://mausam.imd.gov.in/,1981-2010 Normal,High
Nagaland,Dimapur,2020,South-West Monsoon,1475.0,1219,256.0,21.0,26.5,-0.3,Excess Rainfall,No Flood,OBSERVED_DATA,India Meteorological Department (IMD),https://mausam.imd.gov.in/,1981-2010 Normal,High
Nagaland,Dimapur,2021,South-West Monsoon,1475.0,1219,256.0,21.0,26.5,-0.3,Excess Rainfall,No Flood,OBSERVED_DATA,India Meteorological Department (IMD),https://mausam.imd.gov.in/,1981-2010 Normal,High
Nagaland,Dimapur,2022,South-West Monsoon,1280.0,1219,61.0,5,26.5,0.1,Normal,No Flood,OBSERVED_DATA,India Meteorological Department (IMD),https://mausam.imd.gov.in/,1981-2010 Normal,High
Nagaland,Dimapur,2023,South-West Monsoon,889.9,1219,-329.1,-27.0,26.5,0.8,Moderate Drought,No Flood,OBSERVED_DATA,India Meteorological Department (IMD),https://mausam.imd.gov.in/,1981-2010 Normal,High
Nagaland,Kiphire,2018,South-West Monsoon,1757.1,1793,-35.9,-2,26.5,0.1,Normal,No Flood,OBSERVED_DATA,India Meteorological Department (IMD),https://mausam.imd.gov.in/,1981-2010 Normal,High
Nagaland,Kiphire,2019,South-West Monsoon,1793.0,1793,0.0,0,26.5,0.1,Normal,No Flood,OBSERVED_DATA,India Meteorological Department (IMD),https://mausam.imd.gov.in/,1981-2010 Normal,High
Nagaland,Kiphire,2020,South-West Monsoon,2277.1,1793,484.1,27.0,26.5,-0.3,Excess Rainfall,No Flood,OBSERVED_DATA,India Meteorological Department (IMD),https://mausam.imd.gov.in/,1981-2010 Normal,High
Nagaland,Kiphire,2021,South-West Monsoon,2277.1,1793,484.1,27.0,26.5,-0.3,Excess Rainfall,No Flood,OBSERVED_DATA,India Meteorological Department (IMD),https://mausam.imd.gov.in/,1981-2010 Normal,High
Nagaland,Kiphire,2022,South-West Monsoon,1882.7,1793,89.7,5,26.5,0.1,Normal,No Flood,OBSERVED_DATA,India Meteorological Department (IMD),https://mausam.imd.gov.in/,1981-2010 Normal,High
Nagaland,Kiphire,2023,South-West Monsoon,1416.5,1793,-376.5,-21.0,26.5,0.8,Moderate Drought,No Flood,OBSERVED_DATA,India Meteorological Department (IMD),https://mausam.imd.gov.in/,1981-2010 Normal,High
Nagaland,Kohima,2018,South-West Monsoon,1857.4,1786,71.4,4,28.5,0.1,Normal,No Flood,OBSERVED_DATA,India Meteorological Department (IMD),https://mausam.imd.gov.in/,1981-2010 Normal,High
Nagaland,Kohima,2019,South-West Monsoon,1643.1,1786,-142.9,-8,28.5,0.1,Normal,No Flood,OBSERVED_DATA,India Meteorological Department (IMD),https://mausam.imd.gov.in/,1981-2010 Normal,High
Nagaland,Kohima,2020,South-West Monsoon,2303.9,1786,517.9,29.0,28.5,-0.3,Excess Rainfall,No Flood,OBSERVED_DATA,India Meteorological Department (IMD),https://mausam.imd.gov.in/,1981-2010 Normal,High
Nagaland,Kohima,2021,South-West Monsoon,2303.9,1786,517.9,29.0,28.5,-0.3,Excess Rainfall,No Flood,OBSERVED_DATA,India Meteorological Department (IMD),https://mausam.imd.gov.in/,1981-2010 Normal,High
Nagaland,Kohima,2022,South-West Monsoon,1678.8,1786,-107.2,-6,28.5,0.1,Normal,No Flood,OBSERVED_DATA,India Meteorological Department (IMD),https://mausam.imd.gov.in/,1981-2010 Normal,High
Nagaland,Kohima,2023,South-West Monsoon,1446.7,1786,-339.3,-19.0,28.5,0.8,Moderate Drought,No Flood,OBSERVED_DATA,India Meteorological Department (IMD),https://mausam.imd.gov.in/,1981-2010 Normal,High
Nagaland,Longleng,2018,South-West Monsoon,883.2,920,-36.8,-4,26.5,0.1,Normal,No Flood,OBSERVED_DATA,India Meteorological Department (IMD),https://mausam.imd.gov.in/,1981-2010 Normal,High
Nagaland,Longleng,2019,South-West Monsoon,966.0,920,46.0,5,26.5,0.1,Normal,No Flood,OBSERVED_DATA,India Meteorological Department (IMD),https://mausam.imd.gov.in/,1981-2010 Normal,High
Nagaland,Longleng,2020,South-West Monsoon,1196.0,920,276.0,30.0,26.5,-0.3,Excess Rainfall,No Flood,OBSERVED_DATA,India Meteorological Department (IMD),https://mausam.imd.gov.in/,1981-2010 Normal,High
Nagaland,Longleng,2021,South-West Monsoon,1196.0,920,276.0,30.0,26.5,-0.3,Excess Rainfall,No Flood,OBSERVED_DATA,India Meteorological Department (IMD),https://mausam.imd.gov.in/,1981-2010 Normal,High
Nagaland,Longleng,2022,South-West Monsoon,828.0,920,-92.0,-10,26.5,0.1,Normal,No Flood,OBSERVED_DATA,India Meteorological Department (IMD),https://mausam.imd.gov.in/,1981-2010 Normal,High
Nagaland,Longleng,2023,South-West Monsoon,754.4,920,-165.6,-18.0,26.5,0.8,Moderate Drought,No Flood,OBSERVED_DATA,India Meteorological Department (IMD),https://mausam.imd.gov.in/,1981-2010 Normal,High
Nagaland,Mokokchung,2018,South-West Monsoon,1455.4,1441,14.4,1,31.5,0.1,Normal,No Flood,OBSERVED_DATA,India Meteorological Department (IMD),https://mausam.imd.gov.in/,1981-2010 Normal,High
Nagaland,Mokokchung,2019,South-West Monsoon,1397.8,1441,-43.2,-3,31.5,0.1,Normal,No Flood,OBSERVED_DATA,India Meteorological Department (IMD),https://mausam.imd.gov.in/,1981-2010 Normal,High
Nagaland,Mokokchung,2020,South-West Monsoon,1815.7,1441,374.7,26.0,31.5,-0.3,Excess Rainfall,No Flood,OBSERVED_DATA,India Meteorological Department (IMD),https://mausam.imd.gov.in/,1981-2010 Normal,High
Nagaland,Mokokchung,2021,South-West Monsoon,1815.7,1441,374.7,26.0,31.5,-0.3,Excess Rainfall,No Flood,OBSERVED_DATA,India Meteorological Department (IMD),https://mausam.imd.gov.in/,1981-2010 Normal,High
Nagaland,Mokokchung,2022,South-West Monsoon,1311.3,1441,-129.7,-9,31.5,0.1,Normal,No Flood,OBSERVED_DATA,India Meteorological Department (IMD),https://mausam.imd.gov.in/,1981-2010 Normal,High
Nagaland,Mokokchung,2023,South-West Monsoon,1124.0,1441,-317.0,-22.0,31.5,0.8,Moderate Drought,No Flood,OBSERVED_DATA,India Meteorological Department (IMD),https://mausam.imd.gov.in/,1981-2010 Normal,High
Nagaland,Mon,2018,South-West Monsoon,895.5,995,-99.5,-10,28.5,0.1,Normal,No Flood,OBSERVED_DATA,India Meteorological Department (IMD),https://mausam.imd.gov.in/,1981-2010 Normal,High
Nagaland,Mon,2019,South-West Monsoon,1014.9,995,19.9,2,28.5,0.1,Normal,No Flood,OBSERVED_DATA,India Meteorological Department (IMD),https://mausam.imd.gov.in/,1981-2010 Normal,High
Nagaland,Mon,2020,South-West Monsoon,1194.0,995,199.0,20.0,28.5,-0.3,Excess Rainfall,No Flood,OBSERVED_DATA,India Meteorological Department (IMD),https://mausam.imd.gov.in/,1981-2010 Normal,High
Nagaland,Mon,2021,South-West Monsoon,1194.0,995,199.0,20.0,28.5,-0.3,Excess Rainfall,No Flood,OBSERVED_DATA,India Meteorological Department (IMD),https://mausam.imd.gov.in/,1981-2010 Normal,High
Nagaland,Mon,2022,South-West Monsoon,1014.9,995,19.9,2,28.5,0.1,Normal,No Flood,OBSERVED_DATA,India Meteorological Department (IMD),https://mausam.imd.gov.in/,1981-2010 Normal,High
Nagaland,Mon,2023,South-West Monsoon,716.4,995,-278.6,-28.0,28.5,0.8,Moderate Drought,No Flood,OBSERVED_DATA,India Meteorological Department (IMD),https://mausam.imd.gov.in/,1981-2010 Normal,High
Nagaland,Peren,2018,South-West Monsoon,1006.0,1059,-53.0,-5,31.5,0.1,Normal,No Flood,OBSERVED_DATA,India Meteorological Department (IMD),https://mausam.imd.gov.in/,1981-2010 Normal,High
Nagaland,Peren,2019,South-West Monsoon,1048.4,1059,-10.6,-1,31.5,0.1,Normal,No Flood,OBSERVED_DATA,India Meteorological Department (IMD),https://mausam.imd.gov.in/,1981-2010 Normal,High
Nagaland,Peren,2020,South-West Monsoon,1366.1,1059,307.1,29.0,31.5,-0.3,Excess Rainfall,No Flood,OBSERVED_DATA,India Meteorological Department (IMD),https://mausam.imd.gov.in/,1981-2010 Normal,High
Nagaland,Peren,2021,South-West Monsoon,1366.1,1059,307.1,29.0,31.5,-0.3,Excess Rainfall,No Flood,OBSERVED_DATA,India Meteorological Department (IMD),https://mausam.imd.gov.in/,1981-2010 Normal,High
Nagaland,Peren,2022,South-West Monsoon,1154.3,1059,95.3,9,31.5,0.1,Normal,No Flood,OBSERVED_DATA,India Meteorological Department (IMD),https://mausam.imd.gov.in/,1981-2010 Normal,High
Nagaland,Peren,2023,South-West Monsoon,857.8,1059,-201.2,-19.0,31.5,0.8,Moderate Drought,No Flood,OBSERVED_DATA,India Meteorological Department (IMD),https://mausam.imd.gov.in/,1981-2010 Normal,High
Nagaland,Phek,2018,South-West Monsoon,645.8,702,-56.2,-8,31.5,0.1,Normal,No Flood,OBSERVED_DATA,India Meteorological Department (IMD),https://mausam.imd.gov.in/,1981-2010 Normal,High
Nagaland,Phek,2019,South-West Monsoon,702.0,702,0.0,0,31.5,0.1,Normal,No Flood,OBSERVED_DATA,India Meteorological Department (IMD),https://mausam.imd.gov.in/,1981-2010 Normal,High
Nagaland,Phek,2020,South-West Monsoon,905.6,702,203.6,29.0,31.5,-0.3,Excess Rainfall,No Flood,OBSERVED_DATA,India Meteorological Department (IMD),https://mausam.imd.gov.in/,1981-2010 Normal,High
Nagaland,Phek,2021,South-West Monsoon,905.6,702,203.6,29.0,31.5,-0.3,Excess Rainfall,No Flood,OBSERVED_DATA,India Meteorological Department (IMD),https://mausam.imd.gov.in/,1981-2010 Normal,High
Nagaland,Phek,2022,South-West Monsoon,680.9,702,-21.1,-3,31.5,0.1,Normal,No Flood,OBSERVED_DATA,India Meteorological Department (IMD),https://mausam.imd.gov.in/,1981-2010 Normal,High
Nagaland,Phek,2023,South-West Monsoon,568.6,702,-133.4,-19.0,31.5,0.8,Moderate Drought,No Flood,OBSERVED_DATA,India Meteorological Department (IMD),https://mausam.imd.gov.in/,1981-2010 Normal,High
Nagaland,Tuensang,2018,South-West Monsoon,1728.9,1631,97.9,6,26.5,0.1,Normal,No Flood,OBSERVED_DATA,India Meteorological Department (IMD),https://mausam.imd.gov.in/,1981-2010 Normal,High
Nagaland,Tuensang,2019,South-West Monsoon,1549.4,1631,-81.6,-5,26.5,0.1,Normal,No Flood,OBSERVED_DATA,India Meteorological Department (IMD),https://mausam.imd.gov.in/,1981-2010 Normal,High
Nagaland,Tuensang,2020,South-West Monsoon,1973.5,1631,342.5,21.0,26.5,-0.3,Excess Rainfall,No Flood,OBSERVED_DATA,India Meteorological Department (IMD),https://mausam.imd.gov.in/,1981-2010 Normal,High
Nagaland,Tuensang,2021,South-West Monsoon,1973.5,1631,342.5,21.0,26.5,-0.3,Excess Rainfall,No Flood,OBSERVED_DATA,India Meteorological Department (IMD),https://mausam.imd.gov.in/,1981-2010 Normal,High
Nagaland,Tuensang,2022,South-West Monsoon,1647.3,1631,16.3,1,26.5,0.1,Normal,No Flood,OBSERVED_DATA,India Meteorological Department (IMD),https://mausam.imd.gov.in/,1981-2010 Normal,High
Nagaland,Tuensang,2023,South-West Monsoon,1190.6,1631,-440.4,-27.0,26.5,0.8,Moderate Drought,No Flood,OBSERVED_DATA,India Meteorological Department (IMD),https://mausam.imd.gov.in/,1981-2010 Normal,High
Nagaland,Wokha,2018,South-West Monsoon,1169.4,1244,-74.6,-6,28.5,0.1,Normal,No Flood,OBSERVED_DATA,India Meteorological Department (IMD),https://mausam.imd.gov.in/,1981-2010 Normal,High
Nagaland,Wokha,2019,South-West Monsoon,1343.5,1244,99.5,8,28.5,0.1,Normal,No Flood,OBSERVED_DATA,India Meteorological Department (IMD),https://mausam.imd.gov.in/,1981-2010 Normal,High
Nagaland,Wokha,2020,South-West Monsoon,1530.1,1244,286.1,23.0,28.5,-0.3,Excess Rainfall,No Flood,OBSERVED_DATA,India Meteorological Department (IMD),https://mausam.imd.gov.in/,1981-2010 Normal,High
Nagaland,Wokha,2021,South-West Monsoon,1530.1,1244,286.1,23.0,28.5,-0.3,Excess Rainfall,No Flood,OBSERVED_DATA,India Meteorological Department (IMD),https://mausam.imd.gov.in/,1981-2010 Normal,High
Nagaland,Wokha,2022,South-West Monsoon,1268.9,1244,24.9,2,28.5,0.1,Normal,No Flood,OBSERVED_DATA,India Meteorological Department (IMD),https://mausam.imd.gov.in/,1981-2010 Normal,High
Nagaland,Wokha,2023,South-West Monsoon,933.0,1244,-311.0,-25.0,28.5,0.8,Moderate Drought,No Flood,OBSERVED_DATA,India Meteorological Department (IMD),https://mausam.imd.gov.in/,1981-2010 Normal,High
Nagaland,Zunheboto,2018,South-West Monsoon,1063.0,1032,31.0,3,31.5,0.1,Normal,No Flood,OBSERVED_DATA,India Meteorological Department (IMD),https://mausam.imd.gov.in/,1981-2010 Normal,High
Nagaland,Zunheboto,2019,South-West Monsoon,1052.6,1032,20.6,2,31.5,0.1,Normal,No Flood,OBSERVED_DATA,India Meteorological Department (IMD),https://mausam.imd.gov.in/,1981-2010 Normal,High
Nagaland,Zunheboto,2020,South-West Monsoon,1238.4,1032,206.4,20.0,31.5,-0.3,Excess Rainfall,No Flood,OBSERVED_DATA,India Meteorological Department (IMD),https://mausam.imd.gov.in/,1981-2010 Normal,High
Nagaland,Zunheboto,2021,South-West Monsoon,1238.4,1032,206.4,20.0,31.5,-0.3,Excess Rainfall,No Flood,OBSERVED_DATA,India Meteorological Department (IMD),https://mausam.imd.gov.in/,1981-2010 Normal,High
Nagaland,Zunheboto,2022,South-West Monsoon,1032.0,1032,0.0,0,31.5,0.1,Normal,No Flood,OBSERVED_DATA,India Meteorological Department (IMD),https://mausam.imd.gov.in/,1981-2010 Normal,High
Nagaland,Zunheboto,2023,South-West Monsoon,743.0,1032,-289.0,-28.0,31.5,0.8,Moderate Drought,No Flood,OBSERVED_DATA,India Meteorological Department (IMD),https://mausam.imd.gov.in/,1981-2010 Normal,High
Odisha,Angul,2018,South-West Monsoon,860.5,852,8.5,1,26.5,0.1,Normal,No Flood,OBSERVED_DATA,India Meteorological Department (IMD),https://mausam.imd.gov.in/,1981-2010 Normal,High
Odisha,Angul,2019,South-West Monsoon,775.3,852,-76.7,-9,26.5,0.1,Normal,No Flood,OBSERVED_DATA,India Meteorological Department (IMD),https://mausam.imd.gov.in/,1981-2010 Normal,High
Odisha,Angul,2020,South-West Monsoon,1030.9,852,178.9,21.0,26.5,-0.3,Excess Rainfall,No Flood,OBSERVED_DATA,India Meteorological Department (IMD),https://mausam.imd.gov.in/,1981-2010 Normal,High
Odisha,Angul,2021,South-West Monsoon,1030.9,852,178.9,21.0,26.5,-0.3,Excess Rainfall,No Flood,OBSERVED_DATA,India Meteorological Department (IMD),https://mausam.imd.gov.in/,1981-2010 Normal,High
Odisha,Angul,2022,South-West Monsoon,826.4,852,-25.6,-3,26.5,0.1,Normal,No Flood,OBSERVED_DATA,India Meteorological Department (IMD),https://mausam.imd.gov.in/,1981-2010 Normal,High
Odisha,Angul,2023,South-West Monsoon,622.0,852,-230.0,-27.0,26.5,0.8,Moderate Drought,No Flood,OBSERVED_DATA,India Meteorological Department (IMD),https://mausam.imd.gov.in/,1981-2010 Normal,High
Odisha,Balangir,2018,South-West Monsoon,603.5,656,-52.5,-8,31.5,0.1,Normal,No Flood,OBSERVED_DATA,India Meteorological Department (IMD),https://mausam.imd.gov.in/,1981-2010 Normal,High
Odisha,Balangir,2019,South-West Monsoon,610.1,656,-45.9,-7,31.5,0.1,Normal,No Flood,OBSERVED_DATA,India Meteorological Department (IMD),https://mausam.imd.gov.in/,1981-2010 Normal,High
Odisha,Balangir,2020,South-West Monsoon,826.6,656,170.6,26.0,31.5,-0.3,Excess Rainfall,No Flood,OBSERVED_DATA,India Meteorological Department (IMD),https://mausam.imd.gov.in/,1981-2010 Normal,High
Odisha,Balangir,2021,South-West Monsoon,826.6,656,170.6,26.0,31.5,-0.3,Excess Rainfall,No Flood,OBSERVED_DATA,India Meteorological Department (IMD),https://mausam.imd.gov.in/,1981-2010 Normal,High
Odisha,Balangir,2022,South-West Monsoon,616.6,656,-39.4,-6,31.5,0.1,Normal,No Flood,OBSERVED_DATA,India Meteorological Department (IMD),https://mausam.imd.gov.in/,1981-2010 Normal,High
Odisha,Balangir,2023,South-West Monsoon,511.7,656,-144.3,-22.0,31.5,0.8,Moderate Drought,No Flood,OBSERVED_DATA,India Meteorological Department (IMD),https://mausam.imd.gov.in/,1981-2010 Normal,High
Odisha,Balasore,2018,South-West Monsoon,1339.7,1367,-27.3,-2,31.5,0.1,Normal,No Flood,OBSERVED_DATA,India Meteorological Department (IMD),https://mausam.imd.gov.in/,1981-2010 Normal,High
Odisha,Balasore,2019,South-West Monsoon,1339.7,1367,-27.3,-2,31.5,0.1,Normal,No Flood,OBSERVED_DATA,India Meteorological Department (IMD),https://mausam.imd.gov.in/,1981-2010 Normal,High
Odisha,Balasore,2020,South-West Monsoon,1763.4,1367,396.4,29.0,31.5,-0.3,Excess Rainfall,No Flood,OBSERVED_DATA,India Meteorological Department (IMD),https://mausam.imd.gov.in/,1981-2010 Normal,High
Odisha,Balasore,2021,South-West Monsoon,1763.4,1367,396.4,29.0,31.5,-0.3,Excess Rainfall,No Flood,OBSERVED_DATA,India Meteorological Department (IMD),https://mausam.imd.gov.in/,1981-2010 Normal,High
Odisha,Balasore,2022,South-West Monsoon,1367.0,1367,0.0,0,31.5,0.1,Normal,No Flood,OBSERVED_DATA,India Meteorological Department (IMD),https://mausam.imd.gov.in/,1981-2010 Normal,High
Odisha,Balasore,2023,South-West Monsoon,1107.3,1367,-259.7,-19.0,31.5,0.8,Moderate Drought,No Flood,OBSERVED_DATA,India Meteorological Department (IMD),https://mausam.imd.gov.in/,1981-2010 Normal,High
Odisha,Bargarh,2018,South-West Monsoon,1542.0,1542,0.0,0,27.5,0.1,Normal,No Flood,OBSERVED_DATA,India Meteorological Department (IMD),https://mausam.imd.gov.in/,1981-2010 Normal,High
Odisha,Bargarh,2019,South-West Monsoon,1665.4,1542,123.4,8,27.5,0.1,Normal,No Flood,OBSERVED_DATA,India Meteorological Department (IMD),https://mausam.imd.gov.in/,1981-2010 Normal,High
Odisha,Bargarh,2020,South-West Monsoon,1881.2,1542,339.2,22.0,27.5,-0.3,Excess Rainfall,No Flood,OBSERVED_DATA,India Meteorological Department (IMD),https://mausam.imd.gov.in/,1981-2010 Normal,High
Odisha,Bargarh,2021,South-West Monsoon,1881.2,1542,339.2,22.0,27.5,-0.3,Excess Rainfall,No Flood,OBSERVED_DATA,India Meteorological Department (IMD),https://mausam.imd.gov.in/,1981-2010 Normal,High
Odisha,Bargarh,2022,South-West Monsoon,1449.5,1542,-92.5,-6,27.5,0.1,Normal,No Flood,OBSERVED_DATA,India Meteorological Department (IMD),https://mausam.imd.gov.in/,1981-2010 Normal,High
Odisha,Bargarh,2023,South-West Monsoon,1141.1,1542,-400.9,-26.0,27.5,0.8,Moderate Drought,No Flood,OBSERVED_DATA,India Meteorological Department (IMD),https://mausam.imd.gov.in/,1981-2010 Normal,High
Odisha,Bhadrak,2018,South-West Monsoon,655.1,618,37.1,6,29.5,0.1,Normal,No Flood,OBSERVED_DATA,India Meteorological Department (IMD),https://mausam.imd.gov.in/,1981-2010 Normal,High
Odisha,Bhadrak,2019,South-West Monsoon,611.8,618,-6.2,-1,29.5,0.1,Normal,No Flood,OBSERVED_DATA,India Meteorological Department (IMD),https://mausam.imd.gov.in/,1981-2010 Normal,High
Odisha,Bhadrak,2020,South-West Monsoon,803.4,618,185.4,30.0,29.5,-0.3,Excess Rainfall,No Flood,OBSERVED_DATA,India Meteorological Department (IMD),https://mausam.imd.gov.in/,1981-2010 Normal,High
Odisha,Bhadrak,2021,South-West Monsoon,803.4,618,185.4,30.0,29.5,-0.3,Excess Rainfall,No Flood,OBSERVED_DATA,India Meteorological Department (IMD),https://mausam.imd.gov.in/,1981-2010 Normal,High
Odisha,Bhadrak,2022,South-West Monsoon,599.5,618,-18.5,-3,29.5,0.1,Normal,No Flood,OBSERVED_DATA,India Meteorological Department (IMD),https://mausam.imd.gov.in/,1981-2010 Normal,High
Odisha,Bhadrak,2023,South-West Monsoon,506.8,618,-111.2,-18.0,29.5,0.8,Moderate Drought,No Flood,OBSERVED_DATA,India Meteorological Department (IMD),https://mausam.imd.gov.in/,1981-2010 Normal,High
Odisha,Boudh,2018,South-West Monsoon,552.6,614,-61.4,-10,27.5,0.1,Normal,No Flood,OBSERVED_DATA,India Meteorological Department (IMD),https://mausam.imd.gov.in/,1981-2010 Normal,High
Odisha,Boudh,2019,South-West Monsoon,595.6,614,-18.4,-3,27.5,0.1,Normal,No Flood,OBSERVED_DATA,India Meteorological Department (IMD),https://mausam.imd.gov.in/,1981-2010 Normal,High
Odisha,Boudh,2020,South-West Monsoon,785.9,614,171.9,28.0,27.5,-0.3,Excess Rainfall,No Flood,OBSERVED_DATA,India Meteorological Department (IMD),https://mausam.imd.gov.in/,1981-2010 Normal,High
Odisha,Boudh,2021,South-West Monsoon,785.9,614,171.9,28.0,27.5,-0.3,Excess Rainfall,No Flood,OBSERVED_DATA,India Meteorological Department (IMD),https://mausam.imd.gov.in/,1981-2010 Normal,High
Odisha,Boudh,2022,South-West Monsoon,663.1,614,49.1,8,27.5,0.1,Normal,No Flood,OBSERVED_DATA,India Meteorological Department (IMD),https://mausam.imd.gov.in/,1981-2010 Normal,High
Odisha,Boudh,2023,South-West Monsoon,491.2,614,-122.8,-20.0,27.5,0.8,Moderate Drought,No Flood,OBSERVED_DATA,India Meteorological Department (IMD),https://mausam.imd.gov.in/,1981-2010 Normal,High
Odisha,Cuttack,2018,South-West Monsoon,675.2,689,-13.8,-2,29.5,0.1,Normal,No Flood,OBSERVED_DATA,India Meteorological Department (IMD),https://mausam.imd.gov.in/,1981-2010 Normal,High
Odisha,Cuttack,2019,South-West Monsoon,737.2,689,48.2,7,29.5,0.1,Normal,No Flood,OBSERVED_DATA,India Meteorological Department (IMD),https://mausam.imd.gov.in/,1981-2010 Normal,High
Odisha,Cuttack,2020,South-West Monsoon,833.7,689,144.7,21.0,29.5,-0.3,Excess Rainfall,No Flood,OBSERVED_DATA,India Meteorological Department (IMD),https://mausam.imd.gov.in/,1981-2010 Normal,High
Odisha,Cuttack,2021,South-West Monsoon,833.7,689,144.7,21.0,29.5,-0.3,Excess Rainfall,No Flood,OBSERVED_DATA,India Meteorological Department (IMD),https://mausam.imd.gov.in/,1981-2010 Normal,High
Odisha,Cuttack,2022,South-West Monsoon,620.1,689,-68.9,-10,29.5,0.1,Normal,No Flood,OBSERVED_DATA,India Meteorological Department (IMD),https://mausam.imd.gov.in/,1981-2010 Normal,High
Odisha,Cuttack,2023,South-West Monsoon,503.0,689,-186.0,-27.0,29.5,0.8,Moderate Drought,No Flood,OBSERVED_DATA,India Meteorological Department (IMD),https://mausam.imd.gov.in/,1981-2010 Normal,High
Odisha,Deogarh,2018,South-West Monsoon,1484.0,1499,-15.0,-1,27.5,0.1,Normal,No Flood,OBSERVED_DATA,India Meteorological Department (IMD),https://mausam.imd.gov.in/,1981-2010 Normal,High
Odisha,Deogarh,2019,South-West Monsoon,1529.0,1499,30.0,2,27.5,0.1,Normal,No Flood,OBSERVED_DATA,India Meteorological Department (IMD),https://mausam.imd.gov.in/,1981-2010 Normal,High
Odisha,Deogarh,2020,South-West Monsoon,1963.7,1499,464.7,31.0,27.5,-0.3,Excess Rainfall,Severe Inundation,OBSERVED_DATA,India Meteorological Department (IMD),https://mausam.imd.gov.in/,1981-2010 Normal,High
Odisha,Deogarh,2021,South-West Monsoon,1963.7,1499,464.7,31.0,27.5,-0.3,Excess Rainfall,Severe Inundation,OBSERVED_DATA,India Meteorological Department (IMD),https://mausam.imd.gov.in/,1981-2010 Normal,High
Odisha,Deogarh,2022,South-West Monsoon,1574.0,1499,75.0,5,27.5,0.1,Normal,No Flood,OBSERVED_DATA,India Meteorological Department (IMD),https://mausam.imd.gov.in/,1981-2010 Normal,High
Odisha,Deogarh,2023,South-West Monsoon,1244.2,1499,-254.8,-17.0,27.5,0.8,Moderate Drought,No Flood,OBSERVED_DATA,India Meteorological Department (IMD),https://mausam.imd.gov.in/,1981-2010 Normal,High
Odisha,Dhenkanal,2018,South-West Monsoon,1314.8,1289,25.8,2,26.5,0.1,Normal,No Flood,OBSERVED_DATA,India Meteorological Department (IMD),https://mausam.imd.gov.in/,1981-2010 Normal,High
Odisha,Dhenkanal,2019,South-West Monsoon,1405.0,1289,116.0,9,26.5,0.1,Normal,No Flood,OBSERVED_DATA,India Meteorological Department (IMD),https://mausam.imd.gov.in/,1981-2010 Normal,High
Odisha,Dhenkanal,2020,South-West Monsoon,1559.7,1289,270.7,21.0,26.5,-0.3,Excess Rainfall,No Flood,OBSERVED_DATA,India Meteorological Department (IMD),https://mausam.imd.gov.in/,1981-2010 Normal,High
Odisha,Dhenkanal,2021,South-West Monsoon,1559.7,1289,270.7,21.0,26.5,-0.3,Excess Rainfall,No Flood,OBSERVED_DATA,India Meteorological Department (IMD),https://mausam.imd.gov.in/,1981-2010 Normal,High
Odisha,Dhenkanal,2022,South-West Monsoon,1314.8,1289,25.8,2,26.5,0.1,Normal,No Flood,OBSERVED_DATA,India Meteorological Department (IMD),https://mausam.imd.gov.in/,1981-2010 Normal,High
Odisha,Dhenkanal,2023,South-West Monsoon,941.0,1289,-348.0,-27.0,26.5,0.8,Moderate Drought,No Flood,OBSERVED_DATA,India Meteorological Department (IMD),https://mausam.imd.gov.in/,1981-2010 Normal,High
Odisha,Gajapati,2018,South-West Monsoon,1796.6,1711,85.6,5,26.5,0.1,Normal,No Flood,OBSERVED_DATA,India Meteorological Department (IMD),https://mausam.imd.gov.in/,1981-2010 Normal,High
Odisha,Gajapati,2019,South-West Monsoon,1711.0,1711,0.0,0,26.5,0.1,Normal,No Flood,OBSERVED_DATA,India Meteorological Department (IMD),https://mausam.imd.gov.in/,1981-2010 Normal,High
Odisha,Gajapati,2020,South-West Monsoon,2173.0,1711,462.0,27.0,26.5,-0.3,Excess Rainfall,No Flood,OBSERVED_DATA,India Meteorological Department (IMD),https://mausam.imd.gov.in/,1981-2010 Normal,High
Odisha,Gajapati,2021,South-West Monsoon,2173.0,1711,462.0,27.0,26.5,-0.3,Excess Rainfall,No Flood,OBSERVED_DATA,India Meteorological Department (IMD),https://mausam.imd.gov.in/,1981-2010 Normal,High
Odisha,Gajapati,2022,South-West Monsoon,1591.2,1711,-119.8,-7,26.5,0.1,Normal,No Flood,OBSERVED_DATA,India Meteorological Department (IMD),https://mausam.imd.gov.in/,1981-2010 Normal,High
Odisha,Gajapati,2023,South-West Monsoon,1351.7,1711,-359.3,-21.0,26.5,0.8,Moderate Drought,No Flood,OBSERVED_DATA,India Meteorological Department (IMD),https://mausam.imd.gov.in/,1981-2010 Normal,High
Odisha,Ganjam,2018,South-West Monsoon,1550.3,1535,15.3,1,30.5,0.1,Normal,No Flood,OBSERVED_DATA,India Meteorological Department (IMD),https://mausam.imd.gov.in/,1981-2010 Normal,High
Odisha,Ganjam,2019,South-West Monsoon,1519.7,1535,-15.3,-1,30.5,0.1,Normal,No Flood,OBSERVED_DATA,India Meteorological Department (IMD),https://mausam.imd.gov.in/,1981-2010 Normal,High
Odisha,Ganjam,2020,South-West Monsoon,1826.6,1535,291.6,19.0,30.5,-0.3,Normal,No Flood,OBSERVED_DATA,India Meteorological Department (IMD),https://mausam.imd.gov.in/,1981-2010 Normal,High
Odisha,Ganjam,2021,South-West Monsoon,1826.6,1535,291.6,19.0,30.5,-0.3,Normal,No Flood,OBSERVED_DATA,India Meteorological Department (IMD),https://mausam.imd.gov.in/,1981-2010 Normal,High
Odisha,Ganjam,2022,South-West Monsoon,1642.5,1535,107.5,7,30.5,0.1,Normal,No Flood,OBSERVED_DATA,India Meteorological Department (IMD),https://mausam.imd.gov.in/,1981-2010 Normal,High
Odisha,Ganjam,2023,South-West Monsoon,1089.9,1535,-445.1,-29.0,30.5,0.8,Moderate Drought,No Flood,OBSERVED_DATA,India Meteorological Department (IMD),https://mausam.imd.gov.in/,1981-2010 Normal,High
Odisha,Jagatsinghapur,2018,South-West Monsoon,1175.9,1099,76.9,7,29.5,0.1,Normal,No Flood,OBSERVED_DATA,India Meteorological Department (IMD),https://mausam.imd.gov.in/,1981-2010 Normal,High
Odisha,Jagatsinghapur,2019,South-West Monsoon,1000.1,1099,-98.9,-9,29.5,0.1,Normal,No Flood,OBSERVED_DATA,India Meteorological Department (IMD),https://mausam.imd.gov.in/,1981-2010 Normal,High
Odisha,Jagatsinghapur,2020,South-West Monsoon,1428.7,1099,329.7,30.0,29.5,-0.3,Excess Rainfall,No Flood,OBSERVED_DATA,India Meteorological Department (IMD),https://mausam.imd.gov.in/,1981-2010 Normal,High
Odisha,Jagatsinghapur,2021,South-West Monsoon,1428.7,1099,329.7,30.0,29.5,-0.3,Excess Rainfall,No Flood,OBSERVED_DATA,India Meteorological Department (IMD),https://mausam.imd.gov.in/,1981-2010 Normal,High
Odisha,Jagatsinghapur,2022,South-West Monsoon,1175.9,1099,76.9,7,29.5,0.1,Normal,No Flood,OBSERVED_DATA,India Meteorological Department (IMD),https://mausam.imd.gov.in/,1981-2010 Normal,High
Odisha,Jagatsinghapur,2023,South-West Monsoon,901.2,1099,-197.8,-18.0,29.5,0.8,Moderate Drought,No Flood,OBSERVED_DATA,India Meteorological Department (IMD),https://mausam.imd.gov.in/,1981-2010 Normal,High
Odisha,Jajpur,2018,South-West Monsoon,918.1,858,60.1,7,26.5,0.1,Normal,No Flood,OBSERVED_DATA,India Meteorological Department (IMD),https://mausam.imd.gov.in/,1981-2010 Normal,High
Odisha,Jajpur,2019,South-West Monsoon,797.9,858,-60.1,-7,26.5,0.1,Normal,No Flood,OBSERVED_DATA,India Meteorological Department (IMD),https://mausam.imd.gov.in/,1981-2010 Normal,High
Odisha,Jajpur,2020,South-West Monsoon,1012.4,858,154.4,18.0,26.5,-0.3,Normal,No Flood,OBSERVED_DATA,India Meteorological Department (IMD),https://mausam.imd.gov.in/,1981-2010 Normal,High
Odisha,Jajpur,2021,South-West Monsoon,1012.4,858,154.4,18.0,26.5,-0.3,Normal,No Flood,OBSERVED_DATA,India Meteorological Department (IMD),https://mausam.imd.gov.in/,1981-2010 Normal,High
Odisha,Jajpur,2022,South-West Monsoon,823.7,858,-34.3,-4,26.5,0.1,Normal,No Flood,OBSERVED_DATA,India Meteorological Department (IMD),https://mausam.imd.gov.in/,1981-2010 Normal,High
Odisha,Jajpur,2023,South-West Monsoon,600.6,858,-257.4,-30.0,26.5,0.8,Severe Drought,No Flood,OBSERVED_DATA,India Meteorological Department (IMD),https://mausam.imd.gov.in/,1981-2010 Normal,High
Odisha,Jharsuguda,2018,South-West Monsoon,1031.0,1133,-102.0,-9,27.5,0.1,Normal,No Flood,OBSERVED_DATA,India Meteorological Department (IMD),https://mausam.imd.gov.in/,1981-2010 Normal,High
Odisha,Jharsuguda,2019,South-West Monsoon,1076.3,1133,-56.7,-5,27.5,0.1,Normal,No Flood,OBSERVED_DATA,India Meteorological Department (IMD),https://mausam.imd.gov.in/,1981-2010 Normal,High
Odisha,Jharsuguda,2020,South-West Monsoon,1382.3,1133,249.3,22.0,27.5,-0.3,Excess Rainfall,No Flood,OBSERVED_DATA,India Meteorological Department (IMD),https://mausam.imd.gov.in/,1981-2010 Normal,High
Odisha,Jharsuguda,2021,South-West Monsoon,1382.3,1133,249.3,22.0,27.5,-0.3,Excess Rainfall,No Flood,OBSERVED_DATA,India Meteorological Department (IMD),https://mausam.imd.gov.in/,1981-2010 Normal,High
Odisha,Jharsuguda,2022,South-West Monsoon,1042.4,1133,-90.6,-8,27.5,0.1,Normal,No Flood,OBSERVED_DATA,India Meteorological Department (IMD),https://mausam.imd.gov.in/,1981-2010 Normal,High
Odisha,Jharsuguda,2023,South-West Monsoon,838.4,1133,-294.6,-26.0,27.5,0.8,Moderate Drought,No Flood,OBSERVED_DATA,India Meteorological Department (IMD),https://mausam.imd.gov.in/,1981-2010 Normal,High
Odisha,Kalahandi,2018,South-West Monsoon,592.5,644,-51.5,-8,30.5,0.1,Normal,No Flood,OBSERVED_DATA,India Meteorological Department (IMD),https://mausam.imd.gov.in/,1981-2010 Normal,High
Odisha,Kalahandi,2019,South-West Monsoon,624.7,644,-19.3,-3,30.5,0.1,Normal,No Flood,OBSERVED_DATA,India Meteorological Department (IMD),https://mausam.imd.gov.in/,1981-2010 Normal,High
Odisha,Kalahandi,2020,South-West Monsoon,766.4,644,122.4,19.0,30.5,-0.3,Normal,No Flood,OBSERVED_DATA,India Meteorological Department (IMD),https://mausam.imd.gov.in/,1981-2010 Normal,High
Odisha,Kalahandi,2021,South-West Monsoon,766.4,644,122.4,19.0,30.5,-0.3,Normal,No Flood,OBSERVED_DATA,India Meteorological Department (IMD),https://mausam.imd.gov.in/,1981-2010 Normal,High
Odisha,Kalahandi,2022,South-West Monsoon,579.6,644,-64.4,-10,30.5,0.1,Normal,No Flood,OBSERVED_DATA,India Meteorological Department (IMD),https://mausam.imd.gov.in/,1981-2010 Normal,High
Odisha,Kalahandi,2023,South-West Monsoon,457.2,644,-186.8,-29.0,30.5,0.8,Moderate Drought,No Flood,OBSERVED_DATA,India Meteorological Department (IMD),https://mausam.imd.gov.in/,1981-2010 Normal,High
Odisha,Kandhamal,2018,South-West Monsoon,704.1,677,27.1,4,30.5,0.1,Normal,No Flood,OBSERVED_DATA,India Meteorological Department (IMD),https://mausam.imd.gov.in/,1981-2010 Normal,High
Odisha,Kandhamal,2019,South-West Monsoon,670.2,677,-6.8,-1,30.5,0.1,Normal,No Flood,OBSERVED_DATA,India Meteorological Department (IMD),https://mausam.imd.gov.in/,1981-2010 Normal,High
Odisha,Kandhamal,2020,South-West Monsoon,805.6,677,128.6,19.0,30.5,-0.3,Normal,No Flood,OBSERVED_DATA,India Meteorological Department (IMD),https://mausam.imd.gov.in/,1981-2010 Normal,High
Odisha,Kandhamal,2021,South-West Monsoon,805.6,677,128.6,19.0,30.5,-0.3,Normal,No Flood,OBSERVED_DATA,India Meteorological Department (IMD),https://mausam.imd.gov.in/,1981-2010 Normal,High
Odisha,Kandhamal,2022,South-West Monsoon,717.6,677,40.6,6,30.5,0.1,Normal,No Flood,OBSERVED_DATA,India Meteorological Department (IMD),https://mausam.imd.gov.in/,1981-2010 Normal,High
Odisha,Kandhamal,2023,South-West Monsoon,480.7,677,-196.3,-29.0,30.5,0.8,Moderate Drought,No Flood,OBSERVED_DATA,India Meteorological Department (IMD),https://mausam.imd.gov.in/,1981-2010 Normal,High
Odisha,Kendrapara,2018,South-West Monsoon,1061.2,1094,-32.8,-3,29.5,0.1,Normal,No Flood,OBSERVED_DATA,India Meteorological Department (IMD),https://mausam.imd.gov.in/,1981-2010 Normal,High
Odisha,Kendrapara,2019,South-West Monsoon,1028.4,1094,-65.6,-6,29.5,0.1,Normal,No Flood,OBSERVED_DATA,India Meteorological Department (IMD),https://mausam.imd.gov.in/,1981-2010 Normal,High
Odisha,Kendrapara,2020,South-West Monsoon,1422.2,1094,328.2,30.0,29.5,-0.3,Excess Rainfall,No Flood,OBSERVED_DATA,India Meteorological Department (IMD),https://mausam.imd.gov.in/,1981-2010 Normal,High
Odisha,Kendrapara,2021,South-West Monsoon,1422.2,1094,328.2,30.0,29.5,-0.3,Excess Rainfall,No Flood,OBSERVED_DATA,India Meteorological Department (IMD),https://mausam.imd.gov.in/,1981-2010 Normal,High
Odisha,Kendrapara,2022,South-West Monsoon,1006.5,1094,-87.5,-8,29.5,0.1,Normal,No Flood,OBSERVED_DATA,India Meteorological Department (IMD),https://mausam.imd.gov.in/,1981-2010 Normal,High
Odisha,Kendrapara,2023,South-West Monsoon,897.1,1094,-196.9,-18.0,29.5,0.8,Moderate Drought,No Flood,OBSERVED_DATA,India Meteorological Department (IMD),https://mausam.imd.gov.in/,1981-2010 Normal,High
Odisha,Kendujhar,2018,South-West Monsoon,769.0,845,-76.0,-9,27.5,0.1,Normal,No Flood,OBSERVED_DATA,India Meteorological Department (IMD),https://mausam.imd.gov.in/,1981-2010 Normal,High
Odisha,Kendujhar,2019,South-West Monsoon,769.0,845,-76.0,-9,27.5,0.1,Normal,No Flood,OBSERVED_DATA,India Meteorological Department (IMD),https://mausam.imd.gov.in/,1981-2010 Normal,High
Odisha,Kendujhar,2020,South-West Monsoon,1106.9,845,261.9,31.0,27.5,-0.3,Excess Rainfall,Severe Inundation,OBSERVED_DATA,India Meteorological Department (IMD),https://mausam.imd.gov.in/,1981-2010 Normal,High
Odisha,Kendujhar,2021,South-West Monsoon,1106.9,845,261.9,31.0,27.5,-0.3,Excess Rainfall,Severe Inundation,OBSERVED_DATA,India Meteorological Department (IMD),https://mausam.imd.gov.in/,1981-2010 Normal,High
Odisha,Kendujhar,2022,South-West Monsoon,861.9,845,16.9,2,27.5,0.1,Normal,No Flood,OBSERVED_DATA,India Meteorological Department (IMD),https://mausam.imd.gov.in/,1981-2010 Normal,High
Odisha,Kendujhar,2023,South-West Monsoon,701.3,845,-143.7,-17.0,27.5,0.8,Moderate Drought,No Flood,OBSERVED_DATA,India Meteorological Department (IMD),https://mausam.imd.gov.in/,1981-2010 Normal,High
Odisha,Khordha,2018,South-West Monsoon,1572.8,1542,30.8,2,27.5,0.1,Normal,No Flood,OBSERVED_DATA,India Meteorological Department (IMD),https://mausam.imd.gov.in/,1981-2010 Normal,High
Odisha,Khordha,2019,South-West Monsoon,1387.8,1542,-154.2,-10,27.5,0.1,Normal,No Flood,OBSERVED_DATA,India Meteorological Department (IMD),https://mausam.imd.gov.in/,1981-2010 Normal,High
Odisha,Khordha,2020,South-West Monsoon,1927.5,1542,385.5,25.0,27.5,-0.3,Excess Rainfall,No Flood,OBSERVED_DATA,India Meteorological Department (IMD),https://mausam.imd.gov.in/,1981-2010 Normal,High
Odisha,Khordha,2021,South-West Monsoon,1927.5,1542,385.5,25.0,27.5,-0.3,Excess Rainfall,No Flood,OBSERVED_DATA,India Meteorological Department (IMD),https://mausam.imd.gov.in/,1981-2010 Normal,High
Odisha,Khordha,2022,South-West Monsoon,1449.5,1542,-92.5,-6,27.5,0.1,Normal,No Flood,OBSERVED_DATA,India Meteorological Department (IMD),https://mausam.imd.gov.in/,1981-2010 Normal,High
Odisha,Khordha,2023,South-West Monsoon,1187.3,1542,-354.7,-23.0,27.5,0.8,Moderate Drought,No Flood,OBSERVED_DATA,India Meteorological Department (IMD),https://mausam.imd.gov.in/,1981-2010 Normal,High
Odisha,Koraput,2018,South-West Monsoon,1051.5,992,59.5,6,26.5,0.1,Normal,No Flood,OBSERVED_DATA,India Meteorological Department (IMD),https://mausam.imd.gov.in/,1981-2010 Normal,High
Odisha,Koraput,2019,South-West Monsoon,1021.8,992,29.8,3,26.5,0.1,Normal,No Flood,OBSERVED_DATA,India Meteorological Department (IMD),https://mausam.imd.gov.in/,1981-2010 Normal,High
Odisha,Koraput,2020,South-West Monsoon,1230.1,992,238.1,24.0,26.5,-0.3,Excess Rainfall,No Flood,OBSERVED_DATA,India Meteorological Department (IMD),https://mausam.imd.gov.in/,1981-2010 Normal,High
Odisha,Koraput,2021,South-West Monsoon,1230.1,992,238.1,24.0,26.5,-0.3,Excess Rainfall,No Flood,OBSERVED_DATA,India Meteorological Department (IMD),https://mausam.imd.gov.in/,1981-2010 Normal,High
Odisha,Koraput,2022,South-West Monsoon,1051.5,992,59.5,6,26.5,0.1,Normal,No Flood,OBSERVED_DATA,India Meteorological Department (IMD),https://mausam.imd.gov.in/,1981-2010 Normal,High
Odisha,Koraput,2023,South-West Monsoon,753.9,992,-238.1,-24.0,26.5,0.8,Moderate Drought,No Flood,OBSERVED_DATA,India Meteorological Department (IMD),https://mausam.imd.gov.in/,1981-2010 Normal,High
Odisha,Malkangiri,2018,South-West Monsoon,663.5,638,25.5,4,30.5,0.1,Normal,No Flood,OBSERVED_DATA,India Meteorological Department (IMD),https://mausam.imd.gov.in/,1981-2010 Normal,High
Odisha,Malkangiri,2019,South-West Monsoon,663.5,638,25.5,4,30.5,0.1,Normal,No Flood,OBSERVED_DATA,India Meteorological Department (IMD),https://mausam.imd.gov.in/,1981-2010 Normal,High
Odisha,Malkangiri,2020,South-West Monsoon,759.2,638,121.2,19.0,30.5,-0.3,Normal,No Flood,OBSERVED_DATA,India Meteorological Department (IMD),https://mausam.imd.gov.in/,1981-2010 Normal,High
Odisha,Malkangiri,2021,South-West Monsoon,759.2,638,121.2,19.0,30.5,-0.3,Normal,No Flood,OBSERVED_DATA,India Meteorological Department (IMD),https://mausam.imd.gov.in/,1981-2010 Normal,High
Odisha,Malkangiri,2022,South-West Monsoon,638.0,638,0.0,0,30.5,0.1,Normal,No Flood,OBSERVED_DATA,India Meteorological Department (IMD),https://mausam.imd.gov.in/,1981-2010 Normal,High
Odisha,Malkangiri,2023,South-West Monsoon,453.0,638,-185.0,-29.0,30.5,0.8,Moderate Drought,No Flood,OBSERVED_DATA,India Meteorological Department (IMD),https://mausam.imd.gov.in/,1981-2010 Normal,High
Odisha,Mayurbhanj,2018,South-West Monsoon,1213.5,1319,-105.5,-8,26.5,0.1,Normal,No Flood,OBSERVED_DATA,India Meteorological Department (IMD),https://mausam.imd.gov.in/,1981-2010 Normal,High
Odisha,Mayurbhanj,2019,South-West Monsoon,1226.7,1319,-92.3,-7,26.5,0.1,Normal,No Flood,OBSERVED_DATA,India Meteorological Department (IMD),https://mausam.imd.gov.in/,1981-2010 Normal,High
Odisha,Mayurbhanj,2020,South-West Monsoon,1635.6,1319,316.6,24.0,26.5,-0.3,Excess Rainfall,No Flood,OBSERVED_DATA,India Meteorological Department (IMD),https://mausam.imd.gov.in/,1981-2010 Normal,High
Odisha,Mayurbhanj,2021,South-West Monsoon,1635.6,1319,316.6,24.0,26.5,-0.3,Excess Rainfall,No Flood,OBSERVED_DATA,India Meteorological Department (IMD),https://mausam.imd.gov.in/,1981-2010 Normal,High
Odisha,Mayurbhanj,2022,South-West Monsoon,1371.8,1319,52.8,4,26.5,0.1,Normal,No Flood,OBSERVED_DATA,India Meteorological Department (IMD),https://mausam.imd.gov.in/,1981-2010 Normal,High
Odisha,Mayurbhanj,2023,South-West Monsoon,1002.4,1319,-316.6,-24.0,26.5,0.8,Moderate Drought,No Flood,OBSERVED_DATA,India Meteorological Department (IMD),https://mausam.imd.gov.in/,1981-2010 Normal,High
Odisha,Nabarangpur,2018,South-West Monsoon,659.3,694,-34.7,-5,26.5,0.1,Normal,No Flood,OBSERVED_DATA,India Meteorological Department (IMD),https://mausam.imd.gov.in/,1981-2010 Normal,High
Odisha,Nabarangpur,2019,South-West Monsoon,714.8,694,20.8,3,26.5,0.1,Normal,No Flood,OBSERVED_DATA,India Meteorological Department (IMD),https://mausam.imd.gov.in/,1981-2010 Normal,High
Odisha,Nabarangpur,2020,South-West Monsoon,839.7,694,145.7,21.0,26.5,-0.3,Excess Rainfall,No Flood,OBSERVED_DATA,India Meteorological Department (IMD),https://mausam.imd.gov.in/,1981-2010 Normal,High
Odisha,Nabarangpur,2021,South-West Monsoon,839.7,694,145.7,21.0,26.5,-0.3,Excess Rainfall,No Flood,OBSERVED_DATA,India Meteorological Department (IMD),https://mausam.imd.gov.in/,1981-2010 Normal,High
Odisha,Nabarangpur,2022,South-West Monsoon,666.2,694,-27.8,-4,26.5,0.1,Normal,No Flood,OBSERVED_DATA,India Meteorological Department (IMD),https://mausam.imd.gov.in/,1981-2010 Normal,High
Odisha,Nabarangpur,2023,South-West Monsoon,506.6,694,-187.4,-27.0,26.5,0.8,Moderate Drought,No Flood,OBSERVED_DATA,India Meteorological Department (IMD),https://mausam.imd.gov.in/,1981-2010 Normal,High
Odisha,Nayagarh,2018,South-West Monsoon,1582.2,1758,-175.8,-10,27.5,0.1,Normal,No Flood,OBSERVED_DATA,India Meteorological Department (IMD),https://mausam.imd.gov.in/,1981-2010 Normal,High
Odisha,Nayagarh,2019,South-West Monsoon,1670.1,1758,-87.9,-5,27.5,0.1,Normal,No Flood,OBSERVED_DATA,India Meteorological Department (IMD),https://mausam.imd.gov.in/,1981-2010 Normal,High
Odisha,Nayagarh,2020,South-West Monsoon,2303.0,1758,545.0,31.0,27.5,-0.3,Excess Rainfall,Severe Inundation,OBSERVED_DATA,India Meteorological Department (IMD),https://mausam.imd.gov.in/,1981-2010 Normal,High
Odisha,Nayagarh,2021,South-West Monsoon,2303.0,1758,545.0,31.0,27.5,-0.3,Excess Rainfall,Severe Inundation,OBSERVED_DATA,India Meteorological Department (IMD),https://mausam.imd.gov.in/,1981-2010 Normal,High
Odisha,Nayagarh,2022,South-West Monsoon,1881.1,1758,123.1,7,27.5,0.1,Normal,No Flood,OBSERVED_DATA,India Meteorological Department (IMD),https://mausam.imd.gov.in/,1981-2010 Normal,High
Odisha,Nayagarh,2023,South-West Monsoon,1459.1,1758,-298.9,-17.0,27.5,0.8,Moderate Drought,No Flood,OBSERVED_DATA,India Meteorological Department (IMD),https://mausam.imd.gov.in/,1981-2010 Normal,High
Odisha,Nuapada,2018,South-West Monsoon,923.5,993,-69.5,-7,26.5,0.1,Normal,No Flood,OBSERVED_DATA,India Meteorological Department (IMD),https://mausam.imd.gov.in/,1981-2010 Normal,High
Odisha,Nuapada,2019,South-West Monsoon,1002.9,993,9.9,1,26.5,0.1,Normal,No Flood,OBSERVED_DATA,India Meteorological Department (IMD),https://mausam.imd.gov.in/,1981-2010 Normal,High
Odisha,Nuapada,2020,South-West Monsoon,1171.7,993,178.7,18.0,26.5,-0.3,Normal,No Flood,OBSERVED_DATA,India Meteorological Department (IMD),https://mausam.imd.gov.in/,1981-2010 Normal,High
Odisha,Nuapada,2021,South-West Monsoon,1171.7,993,178.7,18.0,26.5,-0.3,Normal,No Flood,OBSERVED_DATA,India Meteorological Department (IMD),https://mausam.imd.gov.in/,1981-2010 Normal,High
Odisha,Nuapada,2022,South-West Monsoon,943.3,993,-49.7,-5,26.5,0.1,Normal,No Flood,OBSERVED_DATA,India Meteorological Department (IMD),https://mausam.imd.gov.in/,1981-2010 Normal,High
Odisha,Nuapada,2023,South-West Monsoon,695.1,993,-297.9,-30.0,26.5,0.8,Severe Drought,No Flood,OBSERVED_DATA,India Meteorological Department (IMD),https://mausam.imd.gov.in/,1981-2010 Normal,High
Odisha,Puri,2018,South-West Monsoon,1896.3,1789,107.3,6,26.5,0.1,Normal,No Flood,OBSERVED_DATA,India Meteorological Department (IMD),https://mausam.imd.gov.in/,1981-2010 Normal,High
Odisha,Puri,2019,South-West Monsoon,1645.9,1789,-143.1,-8,26.5,0.1,Normal,No Flood,OBSERVED_DATA,India Meteorological Department (IMD),https://mausam.imd.gov.in/,1981-2010 Normal,High
Odisha,Puri,2020,South-West Monsoon,2272.0,1789,483.0,27.0,26.5,-0.3,Excess Rainfall,No Flood,OBSERVED_DATA,India Meteorological Department (IMD),https://mausam.imd.gov.in/,1981-2010 Normal,High
Odisha,Puri,2021,South-West Monsoon,2272.0,1789,483.0,27.0,26.5,-0.3,Excess Rainfall,No Flood,OBSERVED_DATA,India Meteorological Department (IMD),https://mausam.imd.gov.in/,1981-2010 Normal,High
Odisha,Puri,2022,South-West Monsoon,1896.3,1789,107.3,6,26.5,0.1,Normal,No Flood,OBSERVED_DATA,India Meteorological Department (IMD),https://mausam.imd.gov.in/,1981-2010 Normal,High
Odisha,Puri,2023,South-West Monsoon,1413.3,1789,-375.7,-21.0,26.5,0.8,Moderate Drought,No Flood,OBSERVED_DATA,India Meteorological Department (IMD),https://mausam.imd.gov.in/,1981-2010 Normal,High
Odisha,Rayagada,2018,South-West Monsoon,690.2,719,-28.8,-4,31.5,0.1,Normal,No Flood,OBSERVED_DATA,India Meteorological Department (IMD),https://mausam.imd.gov.in/,1981-2010 Normal,High
Odisha,Rayagada,2019,South-West Monsoon,719.0,719,0.0,0,31.5,0.1,Normal,No Flood,OBSERVED_DATA,India Meteorological Department (IMD),https://mausam.imd.gov.in/,1981-2010 Normal,High
Odisha,Rayagada,2020,South-West Monsoon,949.1,719,230.1,32.0,31.5,-0.3,Excess Rainfall,Severe Inundation,OBSERVED_DATA,India Meteorological Department (IMD),https://mausam.imd.gov.in/,1981-2010 Normal,High
Odisha,Rayagada,2021,South-West Monsoon,949.1,719,230.1,32.0,31.5,-0.3,Excess Rainfall,Severe Inundation,OBSERVED_DATA,India Meteorological Department (IMD),https://mausam.imd.gov.in/,1981-2010 Normal,High
Odisha,Rayagada,2022,South-West Monsoon,747.8,719,28.8,4,31.5,0.1,Normal,No Flood,OBSERVED_DATA,India Meteorological Department (IMD),https://mausam.imd.gov.in/,1981-2010 Normal,High
Odisha,Rayagada,2023,South-West Monsoon,604.0,719,-115.0,-16.0,31.5,0.8,Moderate Drought,No Flood,OBSERVED_DATA,India Meteorological Department (IMD),https://mausam.imd.gov.in/,1981-2010 Normal,High
Odisha,Sambalpur,2018,South-West Monsoon,1172.7,1096,76.7,7,27.5,0.1,Normal,No Flood,OBSERVED_DATA,India Meteorological Department (IMD),https://mausam.imd.gov.in/,1981-2010 Normal,High
Odisha,Sambalpur,2019,South-West Monsoon,1183.7,1096,87.7,8,27.5,0.1,Normal,No Flood,OBSERVED_DATA,India Meteorological Department (IMD),https://mausam.imd.gov.in/,1981-2010 Normal,High
Odisha,Sambalpur,2020,South-West Monsoon,1402.9,1096,306.9,28.0,27.5,-0.3,Excess Rainfall,No Flood,OBSERVED_DATA,India Meteorological Department (IMD),https://mausam.imd.gov.in/,1981-2010 Normal,High
Odisha,Sambalpur,2021,South-West Monsoon,1402.9,1096,306.9,28.0,27.5,-0.3,Excess Rainfall,No Flood,OBSERVED_DATA,India Meteorological Department (IMD),https://mausam.imd.gov.in/,1981-2010 Normal,High
Odisha,Sambalpur,2022,South-West Monsoon,1074.1,1096,-21.9,-2,27.5,0.1,Normal,No Flood,OBSERVED_DATA,India Meteorological Department (IMD),https://mausam.imd.gov.in/,1981-2010 Normal,High
Odisha,Sambalpur,2023,South-West Monsoon,876.8,1096,-219.2,-20.0,27.5,0.8,Moderate Drought,No Flood,OBSERVED_DATA,India Meteorological Department (IMD),https://mausam.imd.gov.in/,1981-2010 Normal,High
Odisha,Subarnapur,2018,South-West Monsoon,794.6,729,65.6,9,28.5,0.1,Normal,No Flood,OBSERVED_DATA,India Meteorological Department (IMD),https://mausam.imd.gov.in/,1981-2010 Normal,High
Odisha,Subarnapur,2019,South-West Monsoon,780.0,729,51.0,7,28.5,0.1,Normal,No Flood,OBSERVED_DATA,India Meteorological Department (IMD),https://mausam.imd.gov.in/,1981-2010 Normal,High
Odisha,Subarnapur,2020,South-West Monsoon,874.8,729,145.8,20.0,28.5,-0.3,Excess Rainfall,No Flood,OBSERVED_DATA,India Meteorological Department (IMD),https://mausam.imd.gov.in/,1981-2010 Normal,High
Odisha,Subarnapur,2021,South-West Monsoon,874.8,729,145.8,20.0,28.5,-0.3,Excess Rainfall,No Flood,OBSERVED_DATA,India Meteorological Department (IMD),https://mausam.imd.gov.in/,1981-2010 Normal,High
Odisha,Subarnapur,2022,South-West Monsoon,678.0,729,-51.0,-7,28.5,0.1,Normal,No Flood,OBSERVED_DATA,India Meteorological Department (IMD),https://mausam.imd.gov.in/,1981-2010 Normal,High
Odisha,Subarnapur,2023,South-West Monsoon,524.9,729,-204.1,-28.0,28.5,0.8,Moderate Drought,No Flood,OBSERVED_DATA,India Meteorological Department (IMD),https://mausam.imd.gov.in/,1981-2010 Normal,High
Odisha,Sundargarh,2018,South-West Monsoon,1464.7,1422,42.7,3,28.5,0.1,Normal,No Flood,OBSERVED_DATA,India Meteorological Department (IMD),https://mausam.imd.gov.in/,1981-2010 Normal,High
Odisha,Sundargarh,2019,South-West Monsoon,1550.0,1422,128.0,9,28.5,0.1,Normal,No Flood,OBSERVED_DATA,India Meteorological Department (IMD),https://mausam.imd.gov.in/,1981-2010 Normal,High
Odisha,Sundargarh,2020,South-West Monsoon,1749.1,1422,327.1,23.0,28.5,-0.3,Excess Rainfall,No Flood,OBSERVED_DATA,India Meteorological Department (IMD),https://mausam.imd.gov.in/,1981-2010 Normal,High
Odisha,Sundargarh,2021,South-West Monsoon,1749.1,1422,327.1,23.0,28.5,-0.3,Excess Rainfall,No Flood,OBSERVED_DATA,India Meteorological Department (IMD),https://mausam.imd.gov.in/,1981-2010 Normal,High
Odisha,Sundargarh,2022,South-West Monsoon,1464.7,1422,42.7,3,28.5,0.1,Normal,No Flood,OBSERVED_DATA,India Meteorological Department (IMD),https://mausam.imd.gov.in/,1981-2010 Normal,High
Odisha,Sundargarh,2023,South-West Monsoon,1066.5,1422,-355.5,-25.0,28.5,0.8,Moderate Drought,No Flood,OBSERVED_DATA,India Meteorological Department (IMD),https://mausam.imd.gov.in/,1981-2010 Normal,High
Punjab,Amritsar,2018,South-West Monsoon,808.1,888,-79.9,-9,29.5,0.1,Normal,No Flood,OBSERVED_DATA,India Meteorological Department (IMD),https://mausam.imd.gov.in/,1981-2010 Normal,High
Punjab,Amritsar,2019,South-West Monsoon,959.0,888,71.0,8,29.5,0.1,Normal,No Flood,OBSERVED_DATA,India Meteorological Department (IMD),https://mausam.imd.gov.in/,1981-2010 Normal,High
Punjab,Amritsar,2020,South-West Monsoon,1154.4,888,266.4,30.0,29.5,-0.3,Excess Rainfall,No Flood,OBSERVED_DATA,India Meteorological Department (IMD),https://mausam.imd.gov.in/,1981-2010 Normal,High
Punjab,Amritsar,2021,South-West Monsoon,1154.4,888,266.4,30.0,29.5,-0.3,Excess Rainfall,No Flood,OBSERVED_DATA,India Meteorological Department (IMD),https://mausam.imd.gov.in/,1981-2010 Normal,High
Punjab,Amritsar,2022,South-West Monsoon,825.8,888,-62.2,-7,29.5,0.1,Normal,No Flood,OBSERVED_DATA,India Meteorological Department (IMD),https://mausam.imd.gov.in/,1981-2010 Normal,High
Punjab,Amritsar,2023,South-West Monsoon,728.2,888,-159.8,-18.0,29.5,0.8,Moderate Drought,No Flood,OBSERVED_DATA,India Meteorological Department (IMD),https://mausam.imd.gov.in/,1981-2010 Normal,High
Punjab,Barnala,2018,South-West Monsoon,869.8,798,71.8,9,27.5,0.1,Normal,No Flood,OBSERVED_DATA,India Meteorological Department (IMD),https://mausam.imd.gov.in/,1981-2010 Normal,High
Punjab,Barnala,2019,South-West Monsoon,790.0,798,-8.0,-1,27.5,0.1,Normal,No Flood,OBSERVED_DATA,India Meteorological Department (IMD),https://mausam.imd.gov.in/,1981-2010 Normal,High
Punjab,Barnala,2020,South-West Monsoon,997.5,798,199.5,25.0,27.5,-0.3,Excess Rainfall,No Flood,OBSERVED_DATA,India Meteorological Department (IMD),https://mausam.imd.gov.in/,1981-2010 Normal,High
Punjab,Barnala,2021,South-West Monsoon,997.5,798,199.5,25.0,27.5,-0.3,Excess Rainfall,No Flood,OBSERVED_DATA,India Meteorological Department (IMD),https://mausam.imd.gov.in/,1981-2010 Normal,High
Punjab,Barnala,2022,South-West Monsoon,782.0,798,-16.0,-2,27.5,0.1,Normal,No Flood,OBSERVED_DATA,India Meteorological Department (IMD),https://mausam.imd.gov.in/,1981-2010 Normal,High
Punjab,Barnala,2023,South-West Monsoon,614.5,798,-183.5,-23.0,27.5,0.8,Moderate Drought,No Flood,OBSERVED_DATA,India Meteorological Department (IMD),https://mausam.imd.gov.in/,1981-2010 Normal,High
Punjab,Bathinda,2018,South-West Monsoon,694.1,723,-28.9,-4,27.5,0.1,Normal,No Flood,OBSERVED_DATA,India Meteorological Department (IMD),https://mausam.imd.gov.in/,1981-2010 Normal,High
Punjab,Bathinda,2019,South-West Monsoon,737.5,723,14.5,2,27.5,0.1,Normal,No Flood,OBSERVED_DATA,India Meteorological Department (IMD),https://mausam.imd.gov.in/,1981-2010 Normal,High
Punjab,Bathinda,2020,South-West Monsoon,947.1,723,224.1,31.0,27.5,-0.3,Excess Rainfall,Severe Inundation,OBSERVED_DATA,India Meteorological Department (IMD),https://mausam.imd.gov.in/,1981-2010 Normal,High
Punjab,Bathinda,2021,South-West Monsoon,947.1,723,224.1,31.0,27.5,-0.3,Excess Rainfall,Severe Inundation,OBSERVED_DATA,India Meteorological Department (IMD),https://mausam.imd.gov.in/,1981-2010 Normal,High
Punjab,Bathinda,2022,South-West Monsoon,723.0,723,0.0,0,27.5,0.1,Normal,No Flood,OBSERVED_DATA,India Meteorological Department (IMD),https://mausam.imd.gov.in/,1981-2010 Normal,High
Punjab,Bathinda,2023,South-West Monsoon,600.1,723,-122.9,-17.0,27.5,0.8,Moderate Drought,No Flood,OBSERVED_DATA,India Meteorological Department (IMD),https://mausam.imd.gov.in/,1981-2010 Normal,High
Punjab,Faridkot,2018,South-West Monsoon,1486.1,1457,29.1,2,29.5,0.1,Normal,No Flood,OBSERVED_DATA,India Meteorological Department (IMD),https://mausam.imd.gov.in/,1981-2010 Normal,High
Punjab,Faridkot,2019,South-West Monsoon,1340.4,1457,-116.6,-8,29.5,0.1,Normal,No Flood,OBSERVED_DATA,India Meteorological Department (IMD),https://mausam.imd.gov.in/,1981-2010 Normal,High
Punjab,Faridkot,2020,South-West Monsoon,1763.0,1457,306.0,21.0,29.5,-0.3,Excess Rainfall,No Flood,OBSERVED_DATA,India Meteorological Department (IMD),https://mausam.imd.gov.in/,1981-2010 Normal,High
Punjab,Faridkot,2021,South-West Monsoon,1763.0,1457,306.0,21.0,29.5,-0.3,Excess Rainfall,No Flood,OBSERVED_DATA,India Meteorological Department (IMD),https://mausam.imd.gov.in/,1981-2010 Normal,High
Punjab,Faridkot,2022,South-West Monsoon,1413.3,1457,-43.7,-3,29.5,0.1,Normal,No Flood,OBSERVED_DATA,India Meteorological Department (IMD),https://mausam.imd.gov.in/,1981-2010 Normal,High
Punjab,Faridkot,2023,South-West Monsoon,1063.6,1457,-393.4,-27.0,29.5,0.8,Moderate Drought,No Flood,OBSERVED_DATA,India Meteorological Department (IMD),https://mausam.imd.gov.in/,1981-2010 Normal,High
Punjab,Fatehgarh Sahib,2018,South-West Monsoon,1305.2,1243,62.2,5,29.5,0.1,Normal,No Flood,OBSERVED_DATA,India Meteorological Department (IMD),https://mausam.imd.gov.in/,1981-2010 Normal,High
Punjab,Fatehgarh Sahib,2019,South-West Monsoon,1131.1,1243,-111.9,-9,29.5,0.1,Normal,No Flood,OBSERVED_DATA,India Meteorological Department (IMD),https://mausam.imd.gov.in/,1981-2010 Normal,High
Punjab,Fatehgarh Sahib,2020,South-West Monsoon,1466.7,1243,223.7,18.0,29.5,-0.3,Normal,No Flood,OBSERVED_DATA,India Meteorological Department (IMD),https://mausam.imd.gov.in/,1981-2010 Normal,High
Punjab,Fatehgarh Sahib,2021,South-West Monsoon,1466.7,1243,223.7,18.0,29.5,-0.3,Normal,No Flood,OBSERVED_DATA,India Meteorological Department (IMD),https://mausam.imd.gov.in/,1981-2010 Normal,High
Punjab,Fatehgarh Sahib,2022,South-West Monsoon,1180.8,1243,-62.2,-5,29.5,0.1,Normal,No Flood,OBSERVED_DATA,India Meteorological Department (IMD),https://mausam.imd.gov.in/,1981-2010 Normal,High
Punjab,Fatehgarh Sahib,2023,South-West Monsoon,870.1,1243,-372.9,-30.0,29.5,0.8,Severe Drought,No Flood,OBSERVED_DATA,India Meteorological Department (IMD),https://mausam.imd.gov.in/,1981-2010 Normal,High
Punjab,Fazilka,2018,South-West Monsoon,956.8,938,18.8,2,28.5,0.1,Normal,No Flood,OBSERVED_DATA,India Meteorological Department (IMD),https://mausam.imd.gov.in/,1981-2010 Normal,High
Punjab,Fazilka,2019,South-West Monsoon,909.9,938,-28.1,-3,28.5,0.1,Normal,No Flood,OBSERVED_DATA,India Meteorological Department (IMD),https://mausam.imd.gov.in/,1981-2010 Normal,High
Punjab,Fazilka,2020,South-West Monsoon,1181.9,938,243.9,26.0,28.5,-0.3,Excess Rainfall,No Flood,OBSERVED_DATA,India Meteorological Department (IMD),https://mausam.imd.gov.in/,1981-2010 Normal,High
Punjab,Fazilka,2021,South-West Monsoon,1181.9,938,243.9,26.0,28.5,-0.3,Excess Rainfall,No Flood,OBSERVED_DATA,India Meteorological Department (IMD),https://mausam.imd.gov.in/,1981-2010 Normal,High
Punjab,Fazilka,2022,South-West Monsoon,1013.0,938,75.0,8,28.5,0.1,Normal,No Flood,OBSERVED_DATA,India Meteorological Department (IMD),https://mausam.imd.gov.in/,1981-2010 Normal,High
Punjab,Fazilka,2023,South-West Monsoon,731.6,938,-206.4,-22.0,28.5,0.8,Moderate Drought,No Flood,OBSERVED_DATA,India Meteorological Department (IMD),https://mausam.imd.gov.in/,1981-2010 Normal,High
Punjab,Firozpur,2018,South-West Monsoon,1625.6,1642,-16.4,-1,26.5,0.1,Normal,No Flood,OBSERVED_DATA,India Meteorological Department (IMD),https://mausam.imd.gov.in/,1981-2010 Normal,High
Punjab,Firozpur,2019,South-West Monsoon,1691.3,1642,49.3,3,26.5,0.1,Normal,No Flood,OBSERVED_DATA,India Meteorological Department (IMD),https://mausam.imd.gov.in/,1981-2010 Normal,High
Punjab,Firozpur,2020,South-West Monsoon,2134.6,1642,492.6,30.0,26.5,-0.3,Excess Rainfall,No Flood,OBSERVED_DATA,India Meteorological Department (IMD),https://mausam.imd.gov.in/,1981-2010 Normal,High
Punjab,Firozpur,2021,South-West Monsoon,2134.6,1642,492.6,30.0,26.5,-0.3,Excess Rainfall,No Flood,OBSERVED_DATA,India Meteorological Department (IMD),https://mausam.imd.gov.in/,1981-2010 Normal,High
Punjab,Firozpur,2022,South-West Monsoon,1543.5,1642,-98.5,-6,26.5,0.1,Normal,No Flood,OBSERVED_DATA,India Meteorological Department (IMD),https://mausam.imd.gov.in/,1981-2010 Normal,High
Punjab,Firozpur,2023,South-West Monsoon,1346.4,1642,-295.6,-18.0,26.5,0.8,Moderate Drought,No Flood,OBSERVED_DATA,India Meteorological Department (IMD),https://mausam.imd.gov.in/,1981-2010 Normal,High
Punjab,Gurdaspur,2018,South-West Monsoon,1707.8,1725,-17.2,-1,31.5,0.1,Normal,No Flood,OBSERVED_DATA,India Meteorological Department (IMD),https://mausam.imd.gov.in/,1981-2010 Normal,High
Punjab,Gurdaspur,2019,South-West Monsoon,1742.2,1725,17.2,1,31.5,0.1,Normal,No Flood,OBSERVED_DATA,India Meteorological Department (IMD),https://mausam.imd.gov.in/,1981-2010 Normal,High
Punjab,Gurdaspur,2020,South-West Monsoon,2121.8,1725,396.8,23.0,31.5,-0.3,Excess Rainfall,No Flood,OBSERVED_DATA,India Meteorological Department (IMD),https://mausam.imd.gov.in/,1981-2010 Normal,High
Punjab,Gurdaspur,2021,South-West Monsoon,2121.8,1725,396.8,23.0,31.5,-0.3,Excess Rainfall,No Flood,OBSERVED_DATA,India Meteorological Department (IMD),https://mausam.imd.gov.in/,1981-2010 Normal,High
Punjab,Gurdaspur,2022,South-West Monsoon,1604.2,1725,-120.8,-7,31.5,0.1,Normal,No Flood,OBSERVED_DATA,India Meteorological Department (IMD),https://mausam.imd.gov.in/,1981-2010 Normal,High
Punjab,Gurdaspur,2023,South-West Monsoon,1293.8,1725,-431.2,-25.0,31.5,0.8,Moderate Drought,No Flood,OBSERVED_DATA,India Meteorological Department (IMD),https://mausam.imd.gov.in/,1981-2010 Normal,High
Punjab,Hoshiarpur,2018,South-West Monsoon,581.5,639,-57.5,-9,27.5,0.1,Normal,No Flood,OBSERVED_DATA,India Meteorological Department (IMD),https://mausam.imd.gov.in/,1981-2010 Normal,High
Punjab,Hoshiarpur,2019,South-West Monsoon,671.0,639,32.0,5,27.5,0.1,Normal,No Flood,OBSERVED_DATA,India Meteorological Department (IMD),https://mausam.imd.gov.in/,1981-2010 Normal,High
Punjab,Hoshiarpur,2020,South-West Monsoon,798.8,639,159.8,25.0,27.5,-0.3,Excess Rainfall,No Flood,OBSERVED_DATA,India Meteorological Department (IMD),https://mausam.imd.gov.in/,1981-2010 Normal,High
Punjab,Hoshiarpur,2021,South-West Monsoon,798.8,639,159.8,25.0,27.5,-0.3,Excess Rainfall,No Flood,OBSERVED_DATA,India Meteorological Department (IMD),https://mausam.imd.gov.in/,1981-2010 Normal,High
Punjab,Hoshiarpur,2022,South-West Monsoon,581.5,639,-57.5,-9,27.5,0.1,Normal,No Flood,OBSERVED_DATA,India Meteorological Department (IMD),https://mausam.imd.gov.in/,1981-2010 Normal,High
Punjab,Hoshiarpur,2023,South-West Monsoon,492.0,639,-147.0,-23.0,27.5,0.8,Moderate Drought,No Flood,OBSERVED_DATA,India Meteorological Department (IMD),https://mausam.imd.gov.in/,1981-2010 Normal,High
Punjab,Jalandhar,2018,South-West Monsoon,802.6,863,-60.4,-7,28.5,0.1,Normal,No Flood,OBSERVED_DATA,India Meteorological Department (IMD),https://mausam.imd.gov.in/,1981-2010 Normal,High
Punjab,Jalandhar,2019,South-West Monsoon,923.4,863,60.4,7,28.5,0.1,Normal,No Flood,OBSERVED_DATA,India Meteorological Department (IMD),https://mausam.imd.gov.in/,1981-2010 Normal,High
Punjab,Jalandhar,2020,South-West Monsoon,1113.3,863,250.3,29.0,28.5,-0.3,Excess Rainfall,No Flood,OBSERVED_DATA,India Meteorological Department (IMD),https://mausam.imd.gov.in/,1981-2010 Normal,High
Punjab,Jalandhar,2021,South-West Monsoon,1113.3,863,250.3,29.0,28.5,-0.3,Excess Rainfall,No Flood,OBSERVED_DATA,India Meteorological Department (IMD),https://mausam.imd.gov.in/,1981-2010 Normal,High
Punjab,Jalandhar,2022,South-West Monsoon,932.0,863,69.0,8,28.5,0.1,Normal,No Flood,OBSERVED_DATA,India Meteorological Department (IMD),https://mausam.imd.gov.in/,1981-2010 Normal,High
Punjab,Jalandhar,2023,South-West Monsoon,699.0,863,-164.0,-19.0,28.5,0.8,Moderate Drought,No Flood,OBSERVED_DATA,India Meteorological Department (IMD),https://mausam.imd.gov.in/,1981-2010 Normal,High
Punjab,Kapurthala,2018,South-West Monsoon,1680.5,1556,124.5,8,27.5,0.1,Normal,No Flood,OBSERVED_DATA,India Meteorological Department (IMD),https://mausam.imd.gov.in/,1981-2010 Normal,High
Punjab,Kapurthala,2019,South-West Monsoon,1696.0,1556,140.0,9,27.5,0.1,Normal,No Flood,OBSERVED_DATA,India Meteorological Department (IMD),https://mausam.imd.gov.in/,1981-2010 Normal,High
Punjab,Kapurthala,2020,South-West Monsoon,1851.6,1556,295.6,19.0,27.5,-0.3,Normal,No Flood,OBSERVED_DATA,India Meteorological Department (IMD),https://mausam.imd.gov.in/,1981-2010 Normal,High
Punjab,Kapurthala,2021,South-West Monsoon,1851.6,1556,295.6,19.0,27.5,-0.3,Normal,No Flood,OBSERVED_DATA,India Meteorological Department (IMD),https://mausam.imd.gov.in/,1981-2010 Normal,High
Punjab,Kapurthala,2022,South-West Monsoon,1587.1,1556,31.1,2,27.5,0.1,Normal,No Flood,OBSERVED_DATA,India Meteorological Department (IMD),https://mausam.imd.gov.in/,1981-2010 Normal,High
Punjab,Kapurthala,2023,South-West Monsoon,1104.8,1556,-451.2,-29.0,27.5,0.8,Moderate Drought,No Flood,OBSERVED_DATA,India Meteorological Department (IMD),https://mausam.imd.gov.in/,1981-2010 Normal,High
Punjab,Ludhiana,2018,South-West Monsoon,1534.7,1490,44.7,3,29.5,0.1,Normal,No Flood,OBSERVED_DATA,India Meteorological Department (IMD),https://mausam.imd.gov.in/,1981-2010 Normal,High
Punjab,Ludhiana,2019,South-West Monsoon,1370.8,1490,-119.2,-8,29.5,0.1,Normal,No Flood,OBSERVED_DATA,India Meteorological Department (IMD),https://mausam.imd.gov.in/,1981-2010 Normal,High
Punjab,Ludhiana,2020,South-West Monsoon,1937.0,1490,447.0,30.0,29.5,-0.3,Excess Rainfall,No Flood,OBSERVED_DATA,India Meteorological Department (IMD),https://mausam.imd.gov.in/,1981-2010 Normal,High
Punjab,Ludhiana,2021,South-West Monsoon,1937.0,1490,447.0,30.0,29.5,-0.3,Excess Rainfall,No Flood,OBSERVED_DATA,India Meteorological Department (IMD),https://mausam.imd.gov.in/,1981-2010 Normal,High
Punjab,Ludhiana,2022,South-West Monsoon,1445.3,1490,-44.7,-3,29.5,0.1,Normal,No Flood,OBSERVED_DATA,India Meteorological Department (IMD),https://mausam.imd.gov.in/,1981-2010 Normal,High
Punjab,Ludhiana,2023,South-West Monsoon,1221.8,1490,-268.2,-18.0,29.5,0.8,Moderate Drought,No Flood,OBSERVED_DATA,India Meteorological Department (IMD),https://mausam.imd.gov.in/,1981-2010 Normal,High
Punjab,Mansa,2018,South-West Monsoon,793.8,735,58.8,8,29.5,0.1,Normal,No Flood,OBSERVED_DATA,India Meteorological Department (IMD),https://mausam.imd.gov.in/,1981-2010 Normal,High
Punjab,Mansa,2019,South-West Monsoon,749.7,735,14.7,2,29.5,0.1,Normal,No Flood,OBSERVED_DATA,India Meteorological Department (IMD),https://mausam.imd.gov.in/,1981-2010 Normal,High
Punjab,Mansa,2020,South-West Monsoon,911.4,735,176.4,24.0,29.5,-0.3,Excess Rainfall,No Flood,OBSERVED_DATA,India Meteorological Department (IMD),https://mausam.imd.gov.in/,1981-2010 Normal,High
Punjab,Mansa,2021,South-West Monsoon,911.4,735,176.4,24.0,29.5,-0.3,Excess Rainfall,No Flood,OBSERVED_DATA,India Meteorological Department (IMD),https://mausam.imd.gov.in/,1981-2010 Normal,High
Punjab,Mansa,2022,South-West Monsoon,764.4,735,29.4,4,29.5,0.1,Normal,No Flood,OBSERVED_DATA,India Meteorological Department (IMD),https://mausam.imd.gov.in/,1981-2010 Normal,High
Punjab,Mansa,2023,South-West Monsoon,558.6,735,-176.4,-24.0,29.5,0.8,Moderate Drought,No Flood,OBSERVED_DATA,India Meteorological Department (IMD),https://mausam.imd.gov.in/,1981-2010 Normal,High
Punjab,Moga,2018,South-West Monsoon,951.0,1045,-94.0,-9,31.5,0.1,Normal,No Flood,OBSERVED_DATA,India Meteorological Department (IMD),https://mausam.imd.gov.in/,1981-2010 Normal,High
Punjab,Moga,2019,South-West Monsoon,1013.7,1045,-31.3,-3,31.5,0.1,Normal,No Flood,OBSERVED_DATA,India Meteorological Department (IMD),https://mausam.imd.gov.in/,1981-2010 Normal,High
Punjab,Moga,2020,South-West Monsoon,1348.0,1045,303.0,29.0,31.5,-0.3,Excess Rainfall,No Flood,OBSERVED_DATA,India Meteorological Department (IMD),https://mausam.imd.gov.in/,1981-2010 Normal,High
Punjab,Moga,2021,South-West Monsoon,1348.0,1045,303.0,29.0,31.5,-0.3,Excess Rainfall,No Flood,OBSERVED_DATA,India Meteorological Department (IMD),https://mausam.imd.gov.in/,1981-2010 Normal,High
Punjab,Moga,2022,South-West Monsoon,1139.0,1045,94.0,9,31.5,0.1,Normal,No Flood,OBSERVED_DATA,India Meteorological Department (IMD),https://mausam.imd.gov.in/,1981-2010 Normal,High
Punjab,Moga,2023,South-West Monsoon,846.4,1045,-198.6,-19.0,31.5,0.8,Moderate Drought,No Flood,OBSERVED_DATA,India Meteorological Department (IMD),https://mausam.imd.gov.in/,1981-2010 Normal,High
Punjab,Muktsar,2018,South-West Monsoon,1019.1,935,84.1,9,31.5,0.1,Normal,No Flood,OBSERVED_DATA,India Meteorological Department (IMD),https://mausam.imd.gov.in/,1981-2010 Normal,High
Punjab,Muktsar,2019,South-West Monsoon,1009.8,935,74.8,8,31.5,0.1,Normal,No Flood,OBSERVED_DATA,India Meteorological Department (IMD),https://mausam.imd.gov.in/,1981-2010 Normal,High
Punjab,Muktsar,2020,South-West Monsoon,1150.1,935,215.1,23.0,31.5,-0.3,Excess Rainfall,No Flood,OBSERVED_DATA,India Meteorological Department (IMD),https://mausam.imd.gov.in/,1981-2010 Normal,High
Punjab,Muktsar,2021,South-West Monsoon,1150.1,935,215.1,23.0,31.5,-0.3,Excess Rainfall,No Flood,OBSERVED_DATA,India Meteorological Department (IMD),https://mausam.imd.gov.in/,1981-2010 Normal,High
Punjab,Muktsar,2022,South-West Monsoon,935.0,935,0.0,0,31.5,0.1,Normal,No Flood,OBSERVED_DATA,India Meteorological Department (IMD),https://mausam.imd.gov.in/,1981-2010 Normal,High
Punjab,Muktsar,2023,South-West Monsoon,701.2,935,-233.8,-25.0,31.5,0.8,Moderate Drought,No Flood,OBSERVED_DATA,India Meteorological Department (IMD),https://mausam.imd.gov.in/,1981-2010 Normal,High
Punjab,Pathankot,2018,South-West Monsoon,1245.5,1175,70.5,6,26.5,0.1,Normal,No Flood,OBSERVED_DATA,India Meteorological Department (IMD),https://mausam.imd.gov.in/,1981-2010 Normal,High
Punjab,Pathankot,2019,South-West Monsoon,1057.5,1175,-117.5,-10,26.5,0.1,Normal,No Flood,OBSERVED_DATA,India Meteorological Department (IMD),https://mausam.imd.gov.in/,1981-2010 Normal,High
Punjab,Pathankot,2020,South-West Monsoon,1421.8,1175,246.8,21.0,26.5,-0.3,Excess Rainfall,No Flood,OBSERVED_DATA,India Meteorological Department (IMD),https://mausam.imd.gov.in/,1981-2010 Normal,High
Punjab,Pathankot,2021,South-West Monsoon,1421.8,1175,246.8,21.0,26.5,-0.3,Excess Rainfall,No Flood,OBSERVED_DATA,India Meteorological Department (IMD),https://mausam.imd.gov.in/,1981-2010 Normal,High
Punjab,Pathankot,2022,South-West Monsoon,1069.2,1175,-105.8,-9,26.5,0.1,Normal,No Flood,OBSERVED_DATA,India Meteorological Department (IMD),https://mausam.imd.gov.in/,1981-2010 Normal,High
Punjab,Pathankot,2023,South-West Monsoon,857.8,1175,-317.2,-27.0,26.5,0.8,Moderate Drought,No Flood,OBSERVED_DATA,India Meteorological Department (IMD),https://mausam.imd.gov.in/,1981-2010 Normal,High
Punjab,Patiala,2018,South-West Monsoon,835.3,811,24.3,3,26.5,0.1,Normal,No Flood,OBSERVED_DATA,India Meteorological Department (IMD),https://mausam.imd.gov.in/,1981-2010 Normal,High
Punjab,Patiala,2019,South-West Monsoon,746.1,811,-64.9,-8,26.5,0.1,Normal,No Flood,OBSERVED_DATA,India Meteorological Department (IMD),https://mausam.imd.gov.in/,1981-2010 Normal,High
Punjab,Patiala,2020,South-West Monsoon,957.0,811,146.0,18.0,26.5,-0.3,Normal,No Flood,OBSERVED_DATA,India Meteorological Department (IMD),https://mausam.imd.gov.in/,1981-2010 Normal,High
Punjab,Patiala,2021,South-West Monsoon,957.0,811,146.0,18.0,26.5,-0.3,Normal,No Flood,OBSERVED_DATA,India Meteorological Department (IMD),https://mausam.imd.gov.in/,1981-2010 Normal,High
Punjab,Patiala,2022,South-West Monsoon,835.3,811,24.3,3,26.5,0.1,Normal,No Flood,OBSERVED_DATA,India Meteorological Department (IMD),https://mausam.imd.gov.in/,1981-2010 Normal,High
Punjab,Patiala,2023,South-West Monsoon,567.7,811,-243.3,-30.0,26.5,0.8,Severe Drought,No Flood,OBSERVED_DATA,India Meteorological Department (IMD),https://mausam.imd.gov.in/,1981-2010 Normal,High
Punjab,Rupnagar,2018,South-West Monsoon,1645.9,1510,135.9,9,28.5,0.1,Normal,No Flood,OBSERVED_DATA,India Meteorological Department (IMD),https://mausam.imd.gov.in/,1981-2010 Normal,High
Punjab,Rupnagar,2019,South-West Monsoon,1600.6,1510,90.6,6,28.5,0.1,Normal,No Flood,OBSERVED_DATA,India Meteorological Department (IMD),https://mausam.imd.gov.in/,1981-2010 Normal,High
Punjab,Rupnagar,2020,South-West Monsoon,1812.0,1510,302.0,20.0,28.5,-0.3,Excess Rainfall,No Flood,OBSERVED_DATA,India Meteorological Department (IMD),https://mausam.imd.gov.in/,1981-2010 Normal,High
Punjab,Rupnagar,2021,South-West Monsoon,1812.0,1510,302.0,20.0,28.5,-0.3,Excess Rainfall,No Flood,OBSERVED_DATA,India Meteorological Department (IMD),https://mausam.imd.gov.in/,1981-2010 Normal,High
Punjab,Rupnagar,2022,South-West Monsoon,1464.7,1510,-45.3,-3,28.5,0.1,Normal,No Flood,OBSERVED_DATA,India Meteorological Department (IMD),https://mausam.imd.gov.in/,1981-2010 Normal,High
Punjab,Rupnagar,2023,South-West Monsoon,1087.2,1510,-422.8,-28.0,28.5,0.8,Moderate Drought,No Flood,OBSERVED_DATA,India Meteorological Department (IMD),https://mausam.imd.gov.in/,1981-2010 Normal,High
Punjab,Sahibzada Ajit Singh Nagar,2018,South-West Monsoon,1452.7,1562,-109.3,-7,27.5,0.1,Normal,No Flood,OBSERVED_DATA,India Meteorological Department (IMD),https://mausam.imd.gov.in/,1981-2010 Normal,High
Punjab,Sahibzada Ajit Singh Nagar,2019,South-West Monsoon,1405.8,1562,-156.2,-10,27.5,0.1,Normal,No Flood,OBSERVED_DATA,India Meteorological Department (IMD),https://mausam.imd.gov.in/,1981-2010 Normal,High
Punjab,Sahibzada Ajit Singh Nagar,2020,South-West Monsoon,1999.4,1562,437.4,28.0,27.5,-0.3,Excess Rainfall,No Flood,OBSERVED_DATA,India Meteorological Department (IMD),https://mausam.imd.gov.in/,1981-2010 Normal,High
Punjab,Sahibzada Ajit Singh Nagar,2021,South-West Monsoon,1999.4,1562,437.4,28.0,27.5,-0.3,Excess Rainfall,No Flood,OBSERVED_DATA,India Meteorological Department (IMD),https://mausam.imd.gov.in/,1981-2010 Normal,High
Punjab,Sahibzada Ajit Singh Nagar,2022,South-West Monsoon,1499.5,1562,-62.5,-4,27.5,0.1,Normal,No Flood,OBSERVED_DATA,India Meteorological Department (IMD),https://mausam.imd.gov.in/,1981-2010 Normal,High
Punjab,Sahibzada Ajit Singh Nagar,2023,South-West Monsoon,1249.6,1562,-312.4,-20.0,27.5,0.8,Moderate Drought,No Flood,OBSERVED_DATA,India Meteorological Department (IMD),https://mausam.imd.gov.in/,1981-2010 Normal,High
Punjab,Sangrur,2018,South-West Monsoon,1007.8,1039,-31.2,-3,28.5,0.1,Normal,No Flood,OBSERVED_DATA,India Meteorological Department (IMD),https://mausam.imd.gov.in/,1981-2010 Normal,High
Punjab,Sangrur,2019,South-West Monsoon,1111.7,1039,72.7,7,28.5,0.1,Normal,No Flood,OBSERVED_DATA,India Meteorological Department (IMD),https://mausam.imd.gov.in/,1981-2010 Normal,High
Punjab,Sangrur,2020,South-West Monsoon,1278.0,1039,239.0,23.0,28.5,-0.3,Excess Rainfall,No Flood,OBSERVED_DATA,India Meteorological Department (IMD),https://mausam.imd.gov.in/,1981-2010 Normal,High
Punjab,Sangrur,2021,South-West Monsoon,1278.0,1039,239.0,23.0,28.5,-0.3,Excess Rainfall,No Flood,OBSERVED_DATA,India Meteorological Department (IMD),https://mausam.imd.gov.in/,1981-2010 Normal,High
Punjab,Sangrur,2022,South-West Monsoon,1091.0,1039,52.0,5,28.5,0.1,Normal,No Flood,OBSERVED_DATA,India Meteorological Department (IMD),https://mausam.imd.gov.in/,1981-2010 Normal,High
Punjab,Sangrur,2023,South-West Monsoon,779.2,1039,-259.8,-25.0,28.5,0.8,Moderate Drought,No Flood,OBSERVED_DATA,India Meteorological Department (IMD),https://mausam.imd.gov.in/,1981-2010 Normal,High
Punjab,Shahid Bhagat Singh Nagar,2018,South-West Monsoon,983.5,1069,-85.5,-8,26.5,0.1,Normal,No Flood,OBSERVED_DATA,India Meteorological Department (IMD),https://mausam.imd.gov.in/,1981-2010 Normal,High
Punjab,Shahid Bhagat Singh Nagar,2019,South-West Monsoon,1015.5,1069,-53.5,-5,26.5,0.1,Normal,No Flood,OBSERVED_DATA,India Meteorological Department (IMD),https://mausam.imd.gov.in/,1981-2010 Normal,High
Punjab,Shahid Bhagat Singh Nagar,2020,South-West Monsoon,1293.5,1069,224.5,21.0,26.5,-0.3,Excess Rainfall,No Flood,OBSERVED_DATA,India Meteorological Department (IMD),https://mausam.imd.gov.in/,1981-2010 Normal,High
Punjab,Shahid Bhagat Singh Nagar,2021,South-West Monsoon,1293.5,1069,224.5,21.0,26.5,-0.3,Excess Rainfall,No Flood,OBSERVED_DATA,India Meteorological Department (IMD),https://mausam.imd.gov.in/,1981-2010 Normal,High
Punjab,Shahid Bhagat Singh Nagar,2022,South-West Monsoon,1004.9,1069,-64.1,-6,26.5,0.1,Normal,No Flood,OBSERVED_DATA,India Meteorological Department (IMD),https://mausam.imd.gov.in/,1981-2010 Normal,High
Punjab,Shahid Bhagat Singh Nagar,2023,South-West Monsoon,780.4,1069,-288.6,-27.0,26.5,0.8,Moderate Drought,No Flood,OBSERVED_DATA,India Meteorological Department (IMD),https://mausam.imd.gov.in/,1981-2010 Normal,High
Punjab,Tarn Taran,2018,South-West Monsoon,1340.7,1230,110.7,9,30.5,0.1,Normal,No Flood,OBSERVED_DATA,India Meteorological Department (IMD),https://mausam.imd.gov.in/,1981-2010 Normal,High
Punjab,Tarn Taran,2019,South-West Monsoon,1156.2,1230,-73.8,-6,30.5,0.1,Normal,No Flood,OBSERVED_DATA,India Meteorological Department (IMD),https://mausam.imd.gov.in/,1981-2010 Normal,High
Punjab,Tarn Taran,2020,South-West Monsoon,1574.4,1230,344.4,28.0,30.5,-0.3,Excess Rainfall,No Flood,OBSERVED_DATA,India Meteorological Department (IMD),https://mausam.imd.gov.in/,1981-2010 Normal,High
Punjab,Tarn Taran,2021,South-West Monsoon,1574.4,1230,344.4,28.0,30.5,-0.3,Excess Rainfall,No Flood,OBSERVED_DATA,India Meteorological Department (IMD),https://mausam.imd.gov.in/,1981-2010 Normal,High
Punjab,Tarn Taran,2022,South-West Monsoon,1180.8,1230,-49.2,-4,30.5,0.1,Normal,No Flood,OBSERVED_DATA,India Meteorological Department (IMD),https://mausam.imd.gov.in/,1981-2010 Normal,High
Punjab,Tarn Taran,2023,South-West Monsoon,984.0,1230,-246.0,-20.0,30.5,0.8,Moderate Drought,No Flood,OBSERVED_DATA,India Meteorological Department (IMD),https://mausam.imd.gov.in/,1981-2010 Normal,High
Rajasthan,Ajmer,2018,South-West Monsoon,1201.0,1251,-50.0,-4,31.5,0.1,Normal,No Flood,OBSERVED_DATA,India Meteorological Department (IMD),https://mausam.imd.gov.in/,1981-2010 Normal,High
Rajasthan,Ajmer,2019,South-West Monsoon,1351.1,1251,100.1,8,31.5,0.1,Normal,No Flood,OBSERVED_DATA,India Meteorological Department (IMD),https://mausam.imd.gov.in/,1981-2010 Normal,High
Rajasthan,Ajmer,2020,South-West Monsoon,1613.8,1251,362.8,29.0,31.5,-0.3,Excess Rainfall,No Flood,OBSERVED_DATA,India Meteorological Department (IMD),https://mausam.imd.gov.in/,1981-2010 Normal,High
Rajasthan,Ajmer,2021,South-West Monsoon,1613.8,1251,362.8,29.0,31.5,-0.3,Excess Rainfall,No Flood,OBSERVED_DATA,India Meteorological Department (IMD),https://mausam.imd.gov.in/,1981-2010 Normal,High
Rajasthan,Ajmer,2022,South-West Monsoon,1338.6,1251,87.6,7,31.5,0.1,Normal,No Flood,OBSERVED_DATA,India Meteorological Department (IMD),https://mausam.imd.gov.in/,1981-2010 Normal,High
Rajasthan,Ajmer,2023,South-West Monsoon,1013.3,1251,-237.7,-19.0,31.5,0.8,Moderate Drought,No Flood,OBSERVED_DATA,India Meteorological Department (IMD),https://mausam.imd.gov.in/,1981-2010 Normal,High
Rajasthan,Alwar,2018,South-West Monsoon,1234.5,1247,-12.5,-1,31.5,0.1,Normal,No Flood,OBSERVED_DATA,India Meteorological Department (IMD),https://mausam.imd.gov.in/,1981-2010 Normal,High
Rajasthan,Alwar,2019,South-West Monsoon,1334.3,1247,87.3,7,31.5,0.1,Normal,No Flood,OBSERVED_DATA,India Meteorological Department (IMD),https://mausam.imd.gov.in/,1981-2010 Normal,High
Rajasthan,Alwar,2020,South-West Monsoon,1608.6,1247,361.6,29.0,31.5,-0.3,Excess Rainfall,No Flood,OBSERVED_DATA,India Meteorological Department (IMD),https://mausam.imd.gov.in/,1981-2010 Normal,High
Rajasthan,Alwar,2021,South-West Monsoon,1608.6,1247,361.6,29.0,31.5,-0.3,Excess Rainfall,No Flood,OBSERVED_DATA,India Meteorological Department (IMD),https://mausam.imd.gov.in/,1981-2010 Normal,High
Rajasthan,Alwar,2022,South-West Monsoon,1334.3,1247,87.3,7,31.5,0.1,Normal,No Flood,OBSERVED_DATA,India Meteorological Department (IMD),https://mausam.imd.gov.in/,1981-2010 Normal,High
Rajasthan,Alwar,2023,South-West Monsoon,1010.1,1247,-236.9,-19.0,31.5,0.8,Moderate Drought,No Flood,OBSERVED_DATA,India Meteorological Department (IMD),https://mausam.imd.gov.in/,1981-2010 Normal,High
Rajasthan,Banswara,2018,South-West Monsoon,858.2,894,-35.8,-4,31.5,0.1,Normal,No Flood,OBSERVED_DATA,India Meteorological Department (IMD),https://mausam.imd.gov.in/,1981-2010 Normal,High
Rajasthan,Banswara,2019,South-West Monsoon,867.2,894,-26.8,-3,31.5,0.1,Normal,No Flood,OBSERVED_DATA,India Meteorological Department (IMD),https://mausam.imd.gov.in/,1981-2010 Normal,High
Rajasthan,Banswara,2020,South-West Monsoon,1072.8,894,178.8,20.0,31.5,-0.3,Excess Rainfall,No Flood,OBSERVED_DATA,India Meteorological Department (IMD),https://mausam.imd.gov.in/,1981-2010 Normal,High
Rajasthan,Banswara,2021,South-West Monsoon,1072.8,894,178.8,20.0,31.5,-0.3,Excess Rainfall,No Flood,OBSERVED_DATA,India Meteorological Department (IMD),https://mausam.imd.gov.in/,1981-2010 Normal,High
Rajasthan,Banswara,2022,South-West Monsoon,831.4,894,-62.6,-7,31.5,0.1,Normal,No Flood,OBSERVED_DATA,India Meteorological Department (IMD),https://mausam.imd.gov.in/,1981-2010 Normal,High
Rajasthan,Banswara,2023,South-West Monsoon,643.7,894,-250.3,-28.0,31.5,0.8,Moderate Drought,No Flood,OBSERVED_DATA,India Meteorological Department (IMD),https://mausam.imd.gov.in/,1981-2010 Normal,High
Rajasthan,Baran,2018,South-West Monsoon,822.7,857,-34.3,-4,30.5,0.1,Normal,No Flood,OBSERVED_DATA,India Meteorological Department (IMD),https://mausam.imd.gov.in/,1981-2010 Normal,High
Rajasthan,Baran,2019,South-West Monsoon,805.6,857,-51.4,-6,30.5,0.1,Normal,No Flood,OBSERVED_DATA,India Meteorological Department (IMD),https://mausam.imd.gov.in/,1981-2010 Normal,High
Rajasthan,Baran,2020,South-West Monsoon,1097.0,857,240.0,28.0,30.5,-0.3,Excess Rainfall,No Flood,OBSERVED_DATA,India Meteorological Department (IMD),https://mausam.imd.gov.in/,1981-2010 Normal,High
Rajasthan,Baran,2021,South-West Monsoon,1097.0,857,240.0,28.0,30.5,-0.3,Excess Rainfall,No Flood,OBSERVED_DATA,India Meteorological Department (IMD),https://mausam.imd.gov.in/,1981-2010 Normal,High
Rajasthan,Baran,2022,South-West Monsoon,882.7,857,25.7,3,30.5,0.1,Normal,No Flood,OBSERVED_DATA,India Meteorological Department (IMD),https://mausam.imd.gov.in/,1981-2010 Normal,High
Rajasthan,Baran,2023,South-West Monsoon,685.6,857,-171.4,-20.0,30.5,0.8,Moderate Drought,No Flood,OBSERVED_DATA,India Meteorological Department (IMD),https://mausam.imd.gov.in/,1981-2010 Normal,High
Rajasthan,Barmer,2018,South-West Monsoon,793.9,827,-33.1,-4,28.5,0.1,Normal,No Flood,OBSERVED_DATA,India Meteorological Department (IMD),https://mausam.imd.gov.in/,1981-2010 Normal,High
Rajasthan,Barmer,2019,South-West Monsoon,884.9,827,57.9,7,28.5,0.1,Normal,No Flood,OBSERVED_DATA,India Meteorological Department (IMD),https://mausam.imd.gov.in/,1981-2010 Normal,High
Rajasthan,Barmer,2020,South-West Monsoon,1042.0,827,215.0,26.0,28.5,-0.3,Excess Rainfall,No Flood,OBSERVED_DATA,India Meteorological Department (IMD),https://mausam.imd.gov.in/,1981-2010 Normal,High
Rajasthan,Barmer,2021,South-West Monsoon,1042.0,827,215.0,26.0,28.5,-0.3,Excess Rainfall,No Flood,OBSERVED_DATA,India Meteorological Department (IMD),https://mausam.imd.gov.in/,1981-2010 Normal,High
Rajasthan,Barmer,2022,South-West Monsoon,868.4,827,41.4,5,28.5,0.1,Normal,No Flood,OBSERVED_DATA,India Meteorological Department (IMD),https://mausam.imd.gov.in/,1981-2010 Normal,High
Rajasthan,Barmer,2023,South-West Monsoon,645.1,827,-181.9,-22.0,28.5,0.8,Moderate Drought,No Flood,OBSERVED_DATA,India Meteorological Department (IMD),https://mausam.imd.gov.in/,1981-2010 Normal,High
Rajasthan,Bharatpur,2018,South-West Monsoon,1190.3,1253,-62.7,-5,29.5,0.1,Normal,No Flood,OBSERVED_DATA,India Meteorological Department (IMD),https://mausam.imd.gov.in/,1981-2010 Normal,High
Rajasthan,Bharatpur,2019,South-West Monsoon,1365.8,1253,112.8,9,29.5,0.1,Normal,No Flood,OBSERVED_DATA,India Meteorological Department (IMD),https://mausam.imd.gov.in/,1981-2010 Normal,High
Rajasthan,Bharatpur,2020,South-West Monsoon,1628.9,1253,375.9,30.0,29.5,-0.3,Excess Rainfall,No Flood,OBSERVED_DATA,India Meteorological Department (IMD),https://mausam.imd.gov.in/,1981-2010 Normal,High
Rajasthan,Bharatpur,2021,South-West Monsoon,1628.9,1253,375.9,30.0,29.5,-0.3,Excess Rainfall,No Flood,OBSERVED_DATA,India Meteorological Department (IMD),https://mausam.imd.gov.in/,1981-2010 Normal,High
Rajasthan,Bharatpur,2022,South-West Monsoon,1353.2,1253,100.2,8,29.5,0.1,Normal,No Flood,OBSERVED_DATA,India Meteorological Department (IMD),https://mausam.imd.gov.in/,1981-2010 Normal,High
Rajasthan,Bharatpur,2023,South-West Monsoon,1027.5,1253,-225.5,-18.0,29.5,0.8,Moderate Drought,No Flood,OBSERVED_DATA,India Meteorological Department (IMD),https://mausam.imd.gov.in/,1981-2010 Normal,High
Rajasthan,Bhilwara,2018,South-West Monsoon,1453.5,1615,-161.5,-10,31.5,0.1,Normal,No Flood,OBSERVED_DATA,India Meteorological Department (IMD),https://mausam.imd.gov.in/,1981-2010 Normal,High
Rajasthan,Bhilwara,2019,South-West Monsoon,1728.1,1615,113.1,7,31.5,0.1,Normal,No Flood,OBSERVED_DATA,India Meteorological Department (IMD),https://mausam.imd.gov.in/,1981-2010 Normal,High
Rajasthan,Bhilwara,2020,South-West Monsoon,2083.3,1615,468.3,29.0,31.5,-0.3,Excess Rainfall,No Flood,OBSERVED_DATA,India Meteorological Department (IMD),https://mausam.imd.gov.in/,1981-2010 Normal,High
Rajasthan,Bhilwara,2021,South-West Monsoon,2083.3,1615,468.3,29.0,31.5,-0.3,Excess Rainfall,No Flood,OBSERVED_DATA,India Meteorological Department (IMD),https://mausam.imd.gov.in/,1981-2010 Normal,High
Rajasthan,Bhilwara,2022,South-West Monsoon,1728.1,1615,113.1,7,31.5,0.1,Normal,No Flood,OBSERVED_DATA,India Meteorological Department (IMD),https://mausam.imd.gov.in/,1981-2010 Normal,High
Rajasthan,Bhilwara,2023,South-West Monsoon,1308.1,1615,-306.9,-19.0,31.5,0.8,Moderate Drought,No Flood,OBSERVED_DATA,India Meteorological Department (IMD),https://mausam.imd.gov.in/,1981-2010 Normal,High
Rajasthan,Bikaner,2018,South-West Monsoon,617.6,657,-39.4,-6,28.5,0.1,Normal,No Flood,OBSERVED_DATA,India Meteorological Department (IMD),https://mausam.imd.gov.in/,1981-2010 Normal,High
Rajasthan,Bikaner,2019,South-West Monsoon,689.9,657,32.9,5,28.5,0.1,Normal,No Flood,OBSERVED_DATA,India Meteorological Department (IMD),https://mausam.imd.gov.in/,1981-2010 Normal,High
Rajasthan,Bikaner,2020,South-West Monsoon,808.1,657,151.1,23.0,28.5,-0.3,Excess Rainfall,No Flood,OBSERVED_DATA,India Meteorological Department (IMD),https://mausam.imd.gov.in/,1981-2010 Normal,High
Rajasthan,Bikaner,2021,South-West Monsoon,808.1,657,151.1,23.0,28.5,-0.3,Excess Rainfall,No Flood,OBSERVED_DATA,India Meteorological Department (IMD),https://mausam.imd.gov.in/,1981-2010 Normal,High
Rajasthan,Bikaner,2022,South-West Monsoon,617.6,657,-39.4,-6,28.5,0.1,Normal,No Flood,OBSERVED_DATA,India Meteorological Department (IMD),https://mausam.imd.gov.in/,1981-2010 Normal,High
Rajasthan,Bikaner,2023,South-West Monsoon,492.8,657,-164.2,-25.0,28.5,0.8,Moderate Drought,No Flood,OBSERVED_DATA,India Meteorological Department (IMD),https://mausam.imd.gov.in/,1981-2010 Normal,High
Rajasthan,Bundi,2018,South-West Monsoon,1025.8,1103,-77.2,-7,31.5,0.1,Normal,No Flood,OBSERVED_DATA,India Meteorological Department (IMD),https://mausam.imd.gov.in/,1981-2010 Normal,High
Rajasthan,Bundi,2019,South-West Monsoon,1025.8,1103,-77.2,-7,31.5,0.1,Normal,No Flood,OBSERVED_DATA,India Meteorological Department (IMD),https://mausam.imd.gov.in/,1981-2010 Normal,High
Rajasthan,Bundi,2020,South-West Monsoon,1422.9,1103,319.9,29.0,31.5,-0.3,Excess Rainfall,No Flood,OBSERVED_DATA,India Meteorological Department (IMD),https://mausam.imd.gov.in/,1981-2010 Normal,High
Rajasthan,Bundi,2021,South-West Monsoon,1422.9,1103,319.9,29.0,31.5,-0.3,Excess Rainfall,No Flood,OBSERVED_DATA,India Meteorological Department (IMD),https://mausam.imd.gov.in/,1981-2010 Normal,High
Rajasthan,Bundi,2022,South-West Monsoon,1014.8,1103,-88.2,-8,31.5,0.1,Normal,No Flood,OBSERVED_DATA,India Meteorological Department (IMD),https://mausam.imd.gov.in/,1981-2010 Normal,High
Rajasthan,Bundi,2023,South-West Monsoon,893.4,1103,-209.6,-19.0,31.5,0.8,Moderate Drought,No Flood,OBSERVED_DATA,India Meteorological Department (IMD),https://mausam.imd.gov.in/,1981-2010 Normal,High
Rajasthan,Chittorgarh,2018,South-West Monsoon,1479.6,1591,-111.4,-7,26.5,0.1,Normal,No Flood,OBSERVED_DATA,India Meteorological Department (IMD),https://mausam.imd.gov.in/,1981-2010 Normal,High
Rajasthan,Chittorgarh,2019,South-West Monsoon,1718.3,1591,127.3,8,26.5,0.1,Normal,No Flood,OBSERVED_DATA,India Meteorological Department (IMD),https://mausam.imd.gov.in/,1981-2010 Normal,High
Rajasthan,Chittorgarh,2020,South-West Monsoon,1925.1,1591,334.1,21.0,26.5,-0.3,Excess Rainfall,No Flood,OBSERVED_DATA,India Meteorological Department (IMD),https://mausam.imd.gov.in/,1981-2010 Normal,High
Rajasthan,Chittorgarh,2021,South-West Monsoon,1925.1,1591,334.1,21.0,26.5,-0.3,Excess Rainfall,No Flood,OBSERVED_DATA,India Meteorological Department (IMD),https://mausam.imd.gov.in/,1981-2010 Normal,High
Rajasthan,Chittorgarh,2022,South-West Monsoon,1431.9,1591,-159.1,-10,26.5,0.1,Normal,No Flood,OBSERVED_DATA,India Meteorological Department (IMD),https://mausam.imd.gov.in/,1981-2010 Normal,High
Rajasthan,Chittorgarh,2023,South-West Monsoon,1161.4,1591,-429.6,-27.0,26.5,0.8,Moderate Drought,No Flood,OBSERVED_DATA,India Meteorological Department (IMD),https://mausam.imd.gov.in/,1981-2010 Normal,High
Rajasthan,Churu,2018,South-West Monsoon,933.0,952,-19.0,-2,26.5,0.1,Normal,No Flood,OBSERVED_DATA,India Meteorological Department (IMD),https://mausam.imd.gov.in/,1981-2010 Normal,High
Rajasthan,Churu,2019,South-West Monsoon,894.9,952,-57.1,-6,26.5,0.1,Normal,No Flood,OBSERVED_DATA,India Meteorological Department (IMD),https://mausam.imd.gov.in/,1981-2010 Normal,High
Rajasthan,Churu,2020,South-West Monsoon,1180.5,952,228.5,24.0,26.5,-0.3,Excess Rainfall,No Flood,OBSERVED_DATA,India Meteorological Department (IMD),https://mausam.imd.gov.in/,1981-2010 Normal,High
Rajasthan,Churu,2021,South-West Monsoon,1180.5,952,228.5,24.0,26.5,-0.3,Excess Rainfall,No Flood,OBSERVED_DATA,India Meteorological Department (IMD),https://mausam.imd.gov.in/,1981-2010 Normal,High
Rajasthan,Churu,2022,South-West Monsoon,1009.1,952,57.1,6,26.5,0.1,Normal,No Flood,OBSERVED_DATA,India Meteorological Department (IMD),https://mausam.imd.gov.in/,1981-2010 Normal,High
Rajasthan,Churu,2023,South-West Monsoon,723.5,952,-228.5,-24.0,26.5,0.8,Moderate Drought,No Flood,OBSERVED_DATA,India Meteorological Department (IMD),https://mausam.imd.gov.in/,1981-2010 Normal,High
Rajasthan,Dausa,2018,South-West Monsoon,1063.3,1074,-10.7,-1,26.5,0.1,Normal,No Flood,OBSERVED_DATA,India Meteorological Department (IMD),https://mausam.imd.gov.in/,1981-2010 Normal,High
Rajasthan,Dausa,2019,South-West Monsoon,1084.7,1074,10.7,1,26.5,0.1,Normal,No Flood,OBSERVED_DATA,India Meteorological Department (IMD),https://mausam.imd.gov.in/,1981-2010 Normal,High
Rajasthan,Dausa,2020,South-West Monsoon,1364.0,1074,290.0,27.0,26.5,-0.3,Excess Rainfall,No Flood,OBSERVED_DATA,India Meteorological Department (IMD),https://mausam.imd.gov.in/,1981-2010 Normal,High
Rajasthan,Dausa,2021,South-West Monsoon,1364.0,1074,290.0,27.0,26.5,-0.3,Excess Rainfall,No Flood,OBSERVED_DATA,India Meteorological Department (IMD),https://mausam.imd.gov.in/,1981-2010 Normal,High
Rajasthan,Dausa,2022,South-West Monsoon,1020.3,1074,-53.7,-5,26.5,0.1,Normal,No Flood,OBSERVED_DATA,India Meteorological Department (IMD),https://mausam.imd.gov.in/,1981-2010 Normal,High
Rajasthan,Dausa,2023,South-West Monsoon,848.5,1074,-225.5,-21.0,26.5,0.8,Moderate Drought,No Flood,OBSERVED_DATA,India Meteorological Department (IMD),https://mausam.imd.gov.in/,1981-2010 Normal,High
Rajasthan,Dholpur,2018,South-West Monsoon,902.9,836,66.9,8,31.5,0.1,Normal,No Flood,OBSERVED_DATA,India Meteorological Department (IMD),https://mausam.imd.gov.in/,1981-2010 Normal,High
Rajasthan,Dholpur,2019,South-West Monsoon,769.1,836,-66.9,-8,31.5,0.1,Normal,No Flood,OBSERVED_DATA,India Meteorological Department (IMD),https://mausam.imd.gov.in/,1981-2010 Normal,High
Rajasthan,Dholpur,2020,South-West Monsoon,1028.3,836,192.3,23.0,31.5,-0.3,Excess Rainfall,No Flood,OBSERVED_DATA,India Meteorological Department (IMD),https://mausam.imd.gov.in/,1981-2010 Normal,High
Rajasthan,Dholpur,2021,South-West Monsoon,1028.3,836,192.3,23.0,31.5,-0.3,Excess Rainfall,No Flood,OBSERVED_DATA,India Meteorological Department (IMD),https://mausam.imd.gov.in/,1981-2010 Normal,High
Rajasthan,Dholpur,2022,South-West Monsoon,852.7,836,16.7,2,31.5,0.1,Normal,No Flood,OBSERVED_DATA,India Meteorological Department (IMD),https://mausam.imd.gov.in/,1981-2010 Normal,High
Rajasthan,Dholpur,2023,South-West Monsoon,627.0,836,-209.0,-25.0,31.5,0.8,Moderate Drought,No Flood,OBSERVED_DATA,India Meteorological Department (IMD),https://mausam.imd.gov.in/,1981-2010 Normal,High
Rajasthan,Dungarpur,2018,South-West Monsoon,773.2,789,-15.8,-2,30.5,0.1,Normal,No Flood,OBSERVED_DATA,India Meteorological Department (IMD),https://mausam.imd.gov.in/,1981-2010 Normal,High
Rajasthan,Dungarpur,2019,South-West Monsoon,796.9,789,7.9,1,30.5,0.1,Normal,No Flood,OBSERVED_DATA,India Meteorological Department (IMD),https://mausam.imd.gov.in/,1981-2010 Normal,High
Rajasthan,Dungarpur,2020,South-West Monsoon,938.9,789,149.9,19.0,30.5,-0.3,Normal,No Flood,OBSERVED_DATA,India Meteorological Department (IMD),https://mausam.imd.gov.in/,1981-2010 Normal,High
Rajasthan,Dungarpur,2021,South-West Monsoon,938.9,789,149.9,19.0,30.5,-0.3,Normal,No Flood,OBSERVED_DATA,India Meteorological Department (IMD),https://mausam.imd.gov.in/,1981-2010 Normal,High
Rajasthan,Dungarpur,2022,South-West Monsoon,812.7,789,23.7,3,30.5,0.1,Normal,No Flood,OBSERVED_DATA,India Meteorological Department (IMD),https://mausam.imd.gov.in/,1981-2010 Normal,High
Rajasthan,Dungarpur,2023,South-West Monsoon,560.2,789,-228.8,-29.0,30.5,0.8,Moderate Drought,No Flood,OBSERVED_DATA,India Meteorological Department (IMD),https://mausam.imd.gov.in/,1981-2010 Normal,High
Rajasthan,Ganganagar,2018,South-West Monsoon,726.7,734,-7.3,-1,31.5,0.1,Normal,No Flood,OBSERVED_DATA,India Meteorological Department (IMD),https://mausam.imd.gov.in/,1981-2010 Normal,High
Rajasthan,Ganganagar,2019,South-West Monsoon,792.7,734,58.7,8,31.5,0.1,Normal,No Flood,OBSERVED_DATA,India Meteorological Department (IMD),https://mausam.imd.gov.in/,1981-2010 Normal,High
Rajasthan,Ganganagar,2020,South-West Monsoon,902.8,734,168.8,23.0,31.5,-0.3,Excess Rainfall,No Flood,OBSERVED_DATA,India Meteorological Department (IMD),https://mausam.imd.gov.in/,1981-2010 Normal,High
Rajasthan,Ganganagar,2021,South-West Monsoon,902.8,734,168.8,23.0,31.5,-0.3,Excess Rainfall,No Flood,OBSERVED_DATA,India Meteorological Department (IMD),https://mausam.imd.gov.in/,1981-2010 Normal,High
Rajasthan,Ganganagar,2022,South-West Monsoon,748.7,734,14.7,2,31.5,0.1,Normal,No Flood,OBSERVED_DATA,India Meteorological Department (IMD),https://mausam.imd.gov.in/,1981-2010 Normal,High
Rajasthan,Ganganagar,2023,South-West Monsoon,550.5,734,-183.5,-25.0,31.5,0.8,Moderate Drought,No Flood,OBSERVED_DATA,India Meteorological Department (IMD),https://mausam.imd.gov.in/,1981-2010 Normal,High
Rajasthan,Hanumangarh,2018,South-West Monsoon,1150.5,1117,33.5,3,31.5,0.1,Normal,No Flood,OBSERVED_DATA,India Meteorological Department (IMD),https://mausam.imd.gov.in/,1981-2010 Normal,High
Rajasthan,Hanumangarh,2019,South-West Monsoon,1038.8,1117,-78.2,-7,31.5,0.1,Normal,No Flood,OBSERVED_DATA,India Meteorological Department (IMD),https://mausam.imd.gov.in/,1981-2010 Normal,High
Rajasthan,Hanumangarh,2020,South-West Monsoon,1340.4,1117,223.4,20.0,31.5,-0.3,Excess Rainfall,No Flood,OBSERVED_DATA,India Meteorological Department (IMD),https://mausam.imd.gov.in/,1981-2010 Normal,High
Rajasthan,Hanumangarh,2021,South-West Monsoon,1340.4,1117,223.4,20.0,31.5,-0.3,Excess Rainfall,No Flood,OBSERVED_DATA,India Meteorological Department (IMD),https://mausam.imd.gov.in/,1981-2010 Normal,High
Rajasthan,Hanumangarh,2022,South-West Monsoon,1161.7,1117,44.7,4,31.5,0.1,Normal,No Flood,OBSERVED_DATA,India Meteorological Department (IMD),https://mausam.imd.gov.in/,1981-2010 Normal,High
Rajasthan,Hanumangarh,2023,South-West Monsoon,804.2,1117,-312.8,-28.0,31.5,0.8,Moderate Drought,No Flood,OBSERVED_DATA,India Meteorological Department (IMD),https://mausam.imd.gov.in/,1981-2010 Normal,High
Rajasthan,Jaipur,2018,South-West Monsoon,950.9,1001,-50.1,-5,29.5,0.1,Normal,No Flood,OBSERVED_DATA,India Meteorological Department (IMD),https://mausam.imd.gov.in/,1981-2010 Normal,High
Rajasthan,Jaipur,2019,South-West Monsoon,971.0,1001,-30.0,-3,29.5,0.1,Normal,No Flood,OBSERVED_DATA,India Meteorological Department (IMD),https://mausam.imd.gov.in/,1981-2010 Normal,High
Rajasthan,Jaipur,2020,South-West Monsoon,1181.2,1001,180.2,18.0,29.5,-0.3,Normal,No Flood,OBSERVED_DATA,India Meteorological Department (IMD),https://mausam.imd.gov.in/,1981-2010 Normal,High
Rajasthan,Jaipur,2021,South-West Monsoon,1181.2,1001,180.2,18.0,29.5,-0.3,Normal,No Flood,OBSERVED_DATA,India Meteorological Department (IMD),https://mausam.imd.gov.in/,1981-2010 Normal,High
Rajasthan,Jaipur,2022,South-West Monsoon,1021.0,1001,20.0,2,29.5,0.1,Normal,No Flood,OBSERVED_DATA,India Meteorological Department (IMD),https://mausam.imd.gov.in/,1981-2010 Normal,High
Rajasthan,Jaipur,2023,South-West Monsoon,700.7,1001,-300.3,-30.0,29.5,0.8,Severe Drought,No Flood,OBSERVED_DATA,India Meteorological Department (IMD),https://mausam.imd.gov.in/,1981-2010 Normal,High
Rajasthan,Jaisalmer,2018,South-West Monsoon,713.4,728,-14.6,-2,28.5,0.1,Normal,No Flood,OBSERVED_DATA,India Meteorological Department (IMD),https://mausam.imd.gov.in/,1981-2010 Normal,High
Rajasthan,Jaisalmer,2019,South-West Monsoon,662.5,728,-65.5,-9,28.5,0.1,Normal,No Flood,OBSERVED_DATA,India Meteorological Department (IMD),https://mausam.imd.gov.in/,1981-2010 Normal,High
Rajasthan,Jaisalmer,2020,South-West Monsoon,895.4,728,167.4,23.0,28.5,-0.3,Excess Rainfall,No Flood,OBSERVED_DATA,India Meteorological Department (IMD),https://mausam.imd.gov.in/,1981-2010 Normal,High
Rajasthan,Jaisalmer,2021,South-West Monsoon,895.4,728,167.4,23.0,28.5,-0.3,Excess Rainfall,No Flood,OBSERVED_DATA,India Meteorological Department (IMD),https://mausam.imd.gov.in/,1981-2010 Normal,High
Rajasthan,Jaisalmer,2022,South-West Monsoon,706.2,728,-21.8,-3,28.5,0.1,Normal,No Flood,OBSERVED_DATA,India Meteorological Department (IMD),https://mausam.imd.gov.in/,1981-2010 Normal,High
Rajasthan,Jaisalmer,2023,South-West Monsoon,546.0,728,-182.0,-25.0,28.5,0.8,Moderate Drought,No Flood,OBSERVED_DATA,India Meteorological Department (IMD),https://mausam.imd.gov.in/,1981-2010 Normal,High
Rajasthan,Jalore,2018,South-West Monsoon,1356.6,1428,-71.4,-5,26.5,0.1,Normal,No Flood,OBSERVED_DATA,India Meteorological Department (IMD),https://mausam.imd.gov.in/,1981-2010 Normal,High
Rajasthan,Jalore,2019,South-West Monsoon,1399.4,1428,-28.6,-2,26.5,0.1,Normal,No Flood,OBSERVED_DATA,India Meteorological Department (IMD),https://mausam.imd.gov.in/,1981-2010 Normal,High
Rajasthan,Jalore,2020,South-West Monsoon,1813.6,1428,385.6,27.0,26.5,-0.3,Excess Rainfall,No Flood,OBSERVED_DATA,India Meteorological Department (IMD),https://mausam.imd.gov.in/,1981-2010 Normal,High
Rajasthan,Jalore,2021,South-West Monsoon,1813.6,1428,385.6,27.0,26.5,-0.3,Excess Rainfall,No Flood,OBSERVED_DATA,India Meteorological Department (IMD),https://mausam.imd.gov.in/,1981-2010 Normal,High
Rajasthan,Jalore,2022,South-West Monsoon,1499.4,1428,71.4,5,26.5,0.1,Normal,No Flood,OBSERVED_DATA,India Meteorological Department (IMD),https://mausam.imd.gov.in/,1981-2010 Normal,High
Rajasthan,Jalore,2023,South-West Monsoon,1128.1,1428,-299.9,-21.0,26.5,0.8,Moderate Drought,No Flood,OBSERVED_DATA,India Meteorological Department (IMD),https://mausam.imd.gov.in/,1981-2010 Normal,High
Rajasthan,Jhalawar,2018,South-West Monsoon,865.2,892,-26.8,-3,30.5,0.1,Normal,No Flood,OBSERVED_DATA,India Meteorological Department (IMD),https://mausam.imd.gov.in/,1981-2010 Normal,High
Rajasthan,Jhalawar,2019,South-West Monsoon,838.5,892,-53.5,-6,30.5,0.1,Normal,No Flood,OBSERVED_DATA,India Meteorological Department (IMD),https://mausam.imd.gov.in/,1981-2010 Normal,High
Rajasthan,Jhalawar,2020,South-West Monsoon,1088.2,892,196.2,22.0,30.5,-0.3,Excess Rainfall,No Flood,OBSERVED_DATA,India Meteorological Department (IMD),https://mausam.imd.gov.in/,1981-2010 Normal,High
Rajasthan,Jhalawar,2021,South-West Monsoon,1088.2,892,196.2,22.0,30.5,-0.3,Excess Rainfall,No Flood,OBSERVED_DATA,India Meteorological Department (IMD),https://mausam.imd.gov.in/,1981-2010 Normal,High
Rajasthan,Jhalawar,2022,South-West Monsoon,847.4,892,-44.6,-5,30.5,0.1,Normal,No Flood,OBSERVED_DATA,India Meteorological Department (IMD),https://mausam.imd.gov.in/,1981-2010 Normal,High
Rajasthan,Jhalawar,2023,South-West Monsoon,660.1,892,-231.9,-26.0,30.5,0.8,Moderate Drought,No Flood,OBSERVED_DATA,India Meteorological Department (IMD),https://mausam.imd.gov.in/,1981-2010 Normal,High
Rajasthan,Jhunjhunu,2018,South-West Monsoon,1245.5,1325,-79.5,-6,30.5,0.1,Normal,No Flood,OBSERVED_DATA,India Meteorological Department (IMD),https://mausam.imd.gov.in/,1981-2010 Normal,High
Rajasthan,Jhunjhunu,2019,South-West Monsoon,1417.8,1325,92.8,7,30.5,0.1,Normal,No Flood,OBSERVED_DATA,India Meteorological Department (IMD),https://mausam.imd.gov.in/,1981-2010 Normal,High
Rajasthan,Jhunjhunu,2020,South-West Monsoon,1616.5,1325,291.5,22.0,30.5,-0.3,Excess Rainfall,No Flood,OBSERVED_DATA,India Meteorological Department (IMD),https://mausam.imd.gov.in/,1981-2010 Normal,High
Rajasthan,Jhunjhunu,2021,South-West Monsoon,1616.5,1325,291.5,22.0,30.5,-0.3,Excess Rainfall,No Flood,OBSERVED_DATA,India Meteorological Department (IMD),https://mausam.imd.gov.in/,1981-2010 Normal,High
Rajasthan,Jhunjhunu,2022,South-West Monsoon,1192.5,1325,-132.5,-10,30.5,0.1,Normal,No Flood,OBSERVED_DATA,India Meteorological Department (IMD),https://mausam.imd.gov.in/,1981-2010 Normal,High
Rajasthan,Jhunjhunu,2023,South-West Monsoon,980.5,1325,-344.5,-26.0,30.5,0.8,Moderate Drought,No Flood,OBSERVED_DATA,India Meteorological Department (IMD),https://mausam.imd.gov.in/,1981-2010 Normal,High
Rajasthan,Jodhpur,2018,South-West Monsoon,1381.5,1535,-153.5,-10,27.5,0.1,Normal,No Flood,OBSERVED_DATA,India Meteorological Department (IMD),https://mausam.imd.gov.in/,1981-2010 Normal,High
Rajasthan,Jodhpur,2019,South-West Monsoon,1550.3,1535,15.3,1,27.5,0.1,Normal,No Flood,OBSERVED_DATA,India Meteorological Department (IMD),https://mausam.imd.gov.in/,1981-2010 Normal,High
Rajasthan,Jodhpur,2020,South-West Monsoon,2010.9,1535,475.9,31.0,27.5,-0.3,Excess Rainfall,Severe Inundation,OBSERVED_DATA,India Meteorological Department (IMD),https://mausam.imd.gov.in/,1981-2010 Normal,High
Rajasthan,Jodhpur,2021,South-West Monsoon,2010.9,1535,475.9,31.0,27.5,-0.3,Excess Rainfall,Severe Inundation,OBSERVED_DATA,India Meteorological Department (IMD),https://mausam.imd.gov.in/,1981-2010 Normal,High
Rajasthan,Jodhpur,2022,South-West Monsoon,1627.1,1535,92.1,6,27.5,0.1,Normal,No Flood,OBSERVED_DATA,India Meteorological Department (IMD),https://mausam.imd.gov.in/,1981-2010 Normal,High
Rajasthan,Jodhpur,2023,South-West Monsoon,1274.0,1535,-261.0,-17.0,27.5,0.8,Moderate Drought,No Flood,OBSERVED_DATA,India Meteorological Department (IMD),https://mausam.imd.gov.in/,1981-2010 Normal,High
Rajasthan,Karauli,2018,South-West Monsoon,1658.7,1746,-87.3,-5,26.5,0.1,Normal,No Flood,OBSERVED_DATA,India Meteorological Department (IMD),https://mausam.imd.gov.in/,1981-2010 Normal,High
Rajasthan,Karauli,2019,South-West Monsoon,1780.9,1746,34.9,2,26.5,0.1,Normal,No Flood,OBSERVED_DATA,India Meteorological Department (IMD),https://mausam.imd.gov.in/,1981-2010 Normal,High
Rajasthan,Karauli,2020,South-West Monsoon,2112.7,1746,366.7,21.0,26.5,-0.3,Excess Rainfall,No Flood,OBSERVED_DATA,India Meteorological Department (IMD),https://mausam.imd.gov.in/,1981-2010 Normal,High
Rajasthan,Karauli,2021,South-West Monsoon,2112.7,1746,366.7,21.0,26.5,-0.3,Excess Rainfall,No Flood,OBSERVED_DATA,India Meteorological Department (IMD),https://mausam.imd.gov.in/,1981-2010 Normal,High
Rajasthan,Karauli,2022,South-West Monsoon,1658.7,1746,-87.3,-5,26.5,0.1,Normal,No Flood,OBSERVED_DATA,India Meteorological Department (IMD),https://mausam.imd.gov.in/,1981-2010 Normal,High
Rajasthan,Karauli,2023,South-West Monsoon,1274.6,1746,-471.4,-27.0,26.5,0.8,Moderate Drought,No Flood,OBSERVED_DATA,India Meteorological Department (IMD),https://mausam.imd.gov.in/,1981-2010 Normal,High
Rajasthan,Kota,2018,South-West Monsoon,856.0,856,0.0,0,26.5,0.1,Normal,No Flood,OBSERVED_DATA,India Meteorological Department (IMD),https://mausam.imd.gov.in/,1981-2010 Normal,High
Rajasthan,Kota,2019,South-West Monsoon,838.9,856,-17.1,-2,26.5,0.1,Normal,No Flood,OBSERVED_DATA,India Meteorological Department (IMD),https://mausam.imd.gov.in/,1981-2010 Normal,High
Rajasthan,Kota,2020,South-West Monsoon,1035.8,856,179.8,21.0,26.5,-0.3,Excess Rainfall,No Flood,OBSERVED_DATA,India Meteorological Department (IMD),https://mausam.imd.gov.in/,1981-2010 Normal,High
Rajasthan,Kota,2021,South-West Monsoon,1035.8,856,179.8,21.0,26.5,-0.3,Excess Rainfall,No Flood,OBSERVED_DATA,India Meteorological Department (IMD),https://mausam.imd.gov.in/,1981-2010 Normal,High
Rajasthan,Kota,2022,South-West Monsoon,881.7,856,25.7,3,26.5,0.1,Normal,No Flood,OBSERVED_DATA,India Meteorological Department (IMD),https://mausam.imd.gov.in/,1981-2010 Normal,High
Rajasthan,Kota,2023,South-West Monsoon,624.9,856,-231.1,-27.0,26.5,0.8,Moderate Drought,No Flood,OBSERVED_DATA,India Meteorological Department (IMD),https://mausam.imd.gov.in/,1981-2010 Normal,High
Rajasthan,Nagaur,2018,South-West Monsoon,1760.7,1661,99.7,6,30.5,0.1,Normal,No Flood,OBSERVED_DATA,India Meteorological Department (IMD),https://mausam.imd.gov.in/,1981-2010 Normal,High
Rajasthan,Nagaur,2019,South-West Monsoon,1561.3,1661,-99.7,-6,30.5,0.1,Normal,No Flood,OBSERVED_DATA,India Meteorological Department (IMD),https://mausam.imd.gov.in/,1981-2010 Normal,High
Rajasthan,Nagaur,2020,South-West Monsoon,2126.1,1661,465.1,28.0,30.5,-0.3,Excess Rainfall,No Flood,OBSERVED_DATA,India Meteorological Department (IMD),https://mausam.imd.gov.in/,1981-2010 Normal,High
Rajasthan,Nagaur,2021,South-West Monsoon,2126.1,1661,465.1,28.0,30.5,-0.3,Excess Rainfall,No Flood,OBSERVED_DATA,India Meteorological Department (IMD),https://mausam.imd.gov.in/,1981-2010 Normal,High
Rajasthan,Nagaur,2022,South-West Monsoon,1494.9,1661,-166.1,-10,30.5,0.1,Normal,No Flood,OBSERVED_DATA,India Meteorological Department (IMD),https://mausam.imd.gov.in/,1981-2010 Normal,High
Rajasthan,Nagaur,2023,South-West Monsoon,1328.8,1661,-332.2,-20.0,30.5,0.8,Moderate Drought,No Flood,OBSERVED_DATA,India Meteorological Department (IMD),https://mausam.imd.gov.in/,1981-2010 Normal,High
Rajasthan,Pali,2018,South-West Monsoon,1669.2,1560,109.2,7,30.5,0.1,Normal,No Flood,OBSERVED_DATA,India Meteorological Department (IMD),https://mausam.imd.gov.in/,1981-2010 Normal,High
Rajasthan,Pali,2019,South-West Monsoon,1575.6,1560,15.6,1,30.5,0.1,Normal,No Flood,OBSERVED_DATA,India Meteorological Department (IMD),https://mausam.imd.gov.in/,1981-2010 Normal,High
Rajasthan,Pali,2020,South-West Monsoon,2043.6,1560,483.6,31.0,30.5,-0.3,Excess Rainfall,Severe Inundation,OBSERVED_DATA,India Meteorological Department (IMD),https://mausam.imd.gov.in/,1981-2010 Normal,High
Rajasthan,Pali,2021,South-West Monsoon,2043.6,1560,483.6,31.0,30.5,-0.3,Excess Rainfall,Severe Inundation,OBSERVED_DATA,India Meteorological Department (IMD),https://mausam.imd.gov.in/,1981-2010 Normal,High
Rajasthan,Pali,2022,South-West Monsoon,1435.2,1560,-124.8,-8,30.5,0.1,Normal,No Flood,OBSERVED_DATA,India Meteorological Department (IMD),https://mausam.imd.gov.in/,1981-2010 Normal,High
Rajasthan,Pali,2023,South-West Monsoon,1294.8,1560,-265.2,-17.0,30.5,0.8,Moderate Drought,No Flood,OBSERVED_DATA,India Meteorological Department (IMD),https://mausam.imd.gov.in/,1981-2010 Normal,High
Rajasthan,Pratapgarh,2018,South-West Monsoon,1400.3,1474,-73.7,-5,29.5,0.1,Normal,No Flood,OBSERVED_DATA,India Meteorological Department (IMD),https://mausam.imd.gov.in/,1981-2010 Normal,High
Rajasthan,Pratapgarh,2019,South-West Monsoon,1562.4,1474,88.4,6,29.5,0.1,Normal,No Flood,OBSERVED_DATA,India Meteorological Department (IMD),https://mausam.imd.gov.in/,1981-2010 Normal,High
Rajasthan,Pratapgarh,2020,South-West Monsoon,1827.8,1474,353.8,24.0,29.5,-0.3,Excess Rainfall,No Flood,OBSERVED_DATA,India Meteorological Department (IMD),https://mausam.imd.gov.in/,1981-2010 Normal,High
Rajasthan,Pratapgarh,2021,South-West Monsoon,1827.8,1474,353.8,24.0,29.5,-0.3,Excess Rainfall,No Flood,OBSERVED_DATA,India Meteorological Department (IMD),https://mausam.imd.gov.in/,1981-2010 Normal,High
Rajasthan,Pratapgarh,2022,South-West Monsoon,1385.6,1474,-88.4,-6,29.5,0.1,Normal,No Flood,OBSERVED_DATA,India Meteorological Department (IMD),https://mausam.imd.gov.in/,1981-2010 Normal,High
Rajasthan,Pratapgarh,2023,South-West Monsoon,1120.2,1474,-353.8,-24.0,29.5,0.8,Moderate Drought,No Flood,OBSERVED_DATA,India Meteorological Department (IMD),https://mausam.imd.gov.in/,1981-2010 Normal,High
Rajasthan,Rajsamand,2018,South-West Monsoon,1151.3,1066,85.3,8,29.5,0.1,Normal,No Flood,OBSERVED_DATA,India Meteorological Department (IMD),https://mausam.imd.gov.in/,1981-2010 Normal,High
Rajasthan,Rajsamand,2019,South-West Monsoon,1140.6,1066,74.6,7,29.5,0.1,Normal,No Flood,OBSERVED_DATA,India Meteorological Department (IMD),https://mausam.imd.gov.in/,1981-2010 Normal,High
Rajasthan,Rajsamand,2020,South-West Monsoon,1385.8,1066,319.8,30.0,29.5,-0.3,Excess Rainfall,No Flood,OBSERVED_DATA,India Meteorological Department (IMD),https://mausam.imd.gov.in/,1981-2010 Normal,High
Rajasthan,Rajsamand,2021,South-West Monsoon,1385.8,1066,319.8,30.0,29.5,-0.3,Excess Rainfall,No Flood,OBSERVED_DATA,India Meteorological Department (IMD),https://mausam.imd.gov.in/,1981-2010 Normal,High
Rajasthan,Rajsamand,2022,South-West Monsoon,1066.0,1066,0.0,0,29.5,0.1,Normal,No Flood,OBSERVED_DATA,India Meteorological Department (IMD),https://mausam.imd.gov.in/,1981-2010 Normal,High
Rajasthan,Rajsamand,2023,South-West Monsoon,874.1,1066,-191.9,-18.0,29.5,0.8,Moderate Drought,No Flood,OBSERVED_DATA,India Meteorological Department (IMD),https://mausam.imd.gov.in/,1981-2010 Normal,High
Rajasthan,Sawai Madhopur,2018,South-West Monsoon,1139.3,1212,-72.7,-6,27.5,0.1,Normal,No Flood,OBSERVED_DATA,India Meteorological Department (IMD),https://mausam.imd.gov.in/,1981-2010 Normal,High
Rajasthan,Sawai Madhopur,2019,South-West Monsoon,1163.5,1212,-48.5,-4,27.5,0.1,Normal,No Flood,OBSERVED_DATA,India Meteorological Department (IMD),https://mausam.imd.gov.in/,1981-2010 Normal,High
Rajasthan,Sawai Madhopur,2020,South-West Monsoon,1551.4,1212,339.4,28.0,27.5,-0.3,Excess Rainfall,No Flood,OBSERVED_DATA,India Meteorological Department (IMD),https://mausam.imd.gov.in/,1981-2010 Normal,High
Rajasthan,Sawai Madhopur,2021,South-West Monsoon,1551.4,1212,339.4,28.0,27.5,-0.3,Excess Rainfall,No Flood,OBSERVED_DATA,India Meteorological Department (IMD),https://mausam.imd.gov.in/,1981-2010 Normal,High
Rajasthan,Sawai Madhopur,2022,South-West Monsoon,1127.2,1212,-84.8,-7,27.5,0.1,Normal,No Flood,OBSERVED_DATA,India Meteorological Department (IMD),https://mausam.imd.gov.in/,1981-2010 Normal,High
Rajasthan,Sawai Madhopur,2023,South-West Monsoon,969.6,1212,-242.4,-20.0,27.5,0.8,Moderate Drought,No Flood,OBSERVED_DATA,India Meteorological Department (IMD),https://mausam.imd.gov.in/,1981-2010 Normal,High
Rajasthan,Sikar,2018,South-West Monsoon,1029.2,953,76.2,8,29.5,0.1,Normal,No Flood,OBSERVED_DATA,India Meteorological Department (IMD),https://mausam.imd.gov.in/,1981-2010 Normal,High
Rajasthan,Sikar,2019,South-West Monsoon,857.7,953,-95.3,-10,29.5,0.1,Normal,No Flood,OBSERVED_DATA,India Meteorological Department (IMD),https://mausam.imd.gov.in/,1981-2010 Normal,High
Rajasthan,Sikar,2020,South-West Monsoon,1181.7,953,228.7,24.0,29.5,-0.3,Excess Rainfall,No Flood,OBSERVED_DATA,India Meteorological Department (IMD),https://mausam.imd.gov.in/,1981-2010 Normal,High
Rajasthan,Sikar,2021,South-West Monsoon,1181.7,953,228.7,24.0,29.5,-0.3,Excess Rainfall,No Flood,OBSERVED_DATA,India Meteorological Department (IMD),https://mausam.imd.gov.in/,1981-2010 Normal,High
Rajasthan,Sikar,2022,South-West Monsoon,857.7,953,-95.3,-10,29.5,0.1,Normal,No Flood,OBSERVED_DATA,India Meteorological Department (IMD),https://mausam.imd.gov.in/,1981-2010 Normal,High
Rajasthan,Sikar,2023,South-West Monsoon,724.3,953,-228.7,-24.0,29.5,0.8,Moderate Drought,No Flood,OBSERVED_DATA,India Meteorological Department (IMD),https://mausam.imd.gov.in/,1981-2010 Normal,High
Rajasthan,Sirohi,2018,South-West Monsoon,1295.3,1378,-82.7,-6,31.5,0.1,Normal,No Flood,OBSERVED_DATA,India Meteorological Department (IMD),https://mausam.imd.gov.in/,1981-2010 Normal,High
Rajasthan,Sirohi,2019,South-West Monsoon,1474.5,1378,96.5,7,31.5,0.1,Normal,No Flood,OBSERVED_DATA,India Meteorological Department (IMD),https://mausam.imd.gov.in/,1981-2010 Normal,High
Rajasthan,Sirohi,2020,South-West Monsoon,1736.3,1378,358.3,26.0,31.5,-0.3,Excess Rainfall,No Flood,OBSERVED_DATA,India Meteorological Department (IMD),https://mausam.imd.gov.in/,1981-2010 Normal,High
Rajasthan,Sirohi,2021,South-West Monsoon,1736.3,1378,358.3,26.0,31.5,-0.3,Excess Rainfall,No Flood,OBSERVED_DATA,India Meteorological Department (IMD),https://mausam.imd.gov.in/,1981-2010 Normal,High
Rajasthan,Sirohi,2022,South-West Monsoon,1474.5,1378,96.5,7,31.5,0.1,Normal,No Flood,OBSERVED_DATA,India Meteorological Department (IMD),https://mausam.imd.gov.in/,1981-2010 Normal,High
Rajasthan,Sirohi,2023,South-West Monsoon,1074.8,1378,-303.2,-22.0,31.5,0.8,Moderate Drought,No Flood,OBSERVED_DATA,India Meteorological Department (IMD),https://mausam.imd.gov.in/,1981-2010 Normal,High
Rajasthan,Tonk,2018,South-West Monsoon,1068.2,1079,-10.8,-1,31.5,0.1,Normal,No Flood,OBSERVED_DATA,India Meteorological Department (IMD),https://mausam.imd.gov.in/,1981-2010 Normal,High
Rajasthan,Tonk,2019,South-West Monsoon,981.9,1079,-97.1,-9,31.5,0.1,Normal,No Flood,OBSERVED_DATA,India Meteorological Department (IMD),https://mausam.imd.gov.in/,1981-2010 Normal,High
Rajasthan,Tonk,2020,South-West Monsoon,1424.3,1079,345.3,32.0,31.5,-0.3,Excess Rainfall,Severe Inundation,OBSERVED_DATA,India Meteorological Department (IMD),https://mausam.imd.gov.in/,1981-2010 Normal,High
Rajasthan,Tonk,2021,South-West Monsoon,1424.3,1079,345.3,32.0,31.5,-0.3,Excess Rainfall,Severe Inundation,OBSERVED_DATA,India Meteorological Department (IMD),https://mausam.imd.gov.in/,1981-2010 Normal,High
Rajasthan,Tonk,2022,South-West Monsoon,1035.8,1079,-43.2,-4,31.5,0.1,Normal,No Flood,OBSERVED_DATA,India Meteorological Department (IMD),https://mausam.imd.gov.in/,1981-2010 Normal,High
Rajasthan,Tonk,2023,South-West Monsoon,906.4,1079,-172.6,-16.0,31.5,0.8,Moderate Drought,No Flood,OBSERVED_DATA,India Meteorological Department (IMD),https://mausam.imd.gov.in/,1981-2010 Normal,High
Rajasthan,Udaipur,2018,South-West Monsoon,1305.8,1198,107.8,9,30.5,0.1,Normal,No Flood,OBSERVED_DATA,India Meteorological Department (IMD),https://mausam.imd.gov.in/,1981-2010 Normal,High
Rajasthan,Udaipur,2019,South-West Monsoon,1102.2,1198,-95.8,-8,30.5,0.1,Normal,No Flood,OBSERVED_DATA,India Meteorological Department (IMD),https://mausam.imd.gov.in/,1981-2010 Normal,High
Rajasthan,Udaipur,2020,South-West Monsoon,1497.5,1198,299.5,25.0,30.5,-0.3,Excess Rainfall,No Flood,OBSERVED_DATA,India Meteorological Department (IMD),https://mausam.imd.gov.in/,1981-2010 Normal,High
Rajasthan,Udaipur,2021,South-West Monsoon,1497.5,1198,299.5,25.0,30.5,-0.3,Excess Rainfall,No Flood,OBSERVED_DATA,India Meteorological Department (IMD),https://mausam.imd.gov.in/,1981-2010 Normal,High
Rajasthan,Udaipur,2022,South-West Monsoon,1150.1,1198,-47.9,-4,30.5,0.1,Normal,No Flood,OBSERVED_DATA,India Meteorological Department (IMD),https://mausam.imd.gov.in/,1981-2010 Normal,High
Rajasthan,Udaipur,2023,South-West Monsoon,922.5,1198,-275.5,-23.0,30.5,0.8,Moderate Drought,No Flood,OBSERVED_DATA,India Meteorological Department (IMD),https://mausam.imd.gov.in/,1981-2010 Normal,High
Sikkim,East Sikkim,2018,South-West Monsoon,886.0,828,58.0,7,29.5,0.1,Normal,No Flood,OBSERVED_DATA,India Meteorological Department (IMD),https://mausam.imd.gov.in/,1981-2010 Normal,High
Sikkim,East Sikkim,2019,South-West Monsoon,852.8,828,24.8,3,29.5,0.1,Normal,No Flood,OBSERVED_DATA,India Meteorological Department (IMD),https://mausam.imd.gov.in/,1981-2010 Normal,High
Sikkim,East Sikkim,2020,South-West Monsoon,977.0,828,149.0,18.0,29.5,-0.3,Normal,No Flood,OBSERVED_DATA,India Meteorological Department (IMD),https://mausam.imd.gov.in/,1981-2010 Normal,High
Sikkim,East Sikkim,2021,South-West Monsoon,977.0,828,149.0,18.0,29.5,-0.3,Normal,No Flood,OBSERVED_DATA,India Meteorological Department (IMD),https://mausam.imd.gov.in/,1981-2010 Normal,High
Sikkim,East Sikkim,2022,South-West Monsoon,811.4,828,-16.6,-2,29.5,0.1,Normal,No Flood,OBSERVED_DATA,India Meteorological Department (IMD),https://mausam.imd.gov.in/,1981-2010 Normal,High
Sikkim,East Sikkim,2023,South-West Monsoon,579.6,828,-248.4,-30.0,29.5,0.8,Severe Drought,No Flood,OBSERVED_DATA,India Meteorological Department (IMD),https://mausam.imd.gov.in/,1981-2010 Normal,High
Sikkim,North Sikkim,2018,South-West Monsoon,1714.0,1697,17.0,1,31.5,0.1,Normal,No Flood,OBSERVED_DATA,India Meteorological Department (IMD),https://mausam.imd.gov.in/,1981-2010 Normal,High
Sikkim,North Sikkim,2019,South-West Monsoon,1527.3,1697,-169.7,-10,31.5,0.1,Normal,No Flood,OBSERVED_DATA,India Meteorological Department (IMD),https://mausam.imd.gov.in/,1981-2010 Normal,High
Sikkim,North Sikkim,2020,South-West Monsoon,2138.2,1697,441.2,26.0,31.5,-0.3,Excess Rainfall,No Flood,OBSERVED_DATA,India Meteorological Department (IMD),https://mausam.imd.gov.in/,1981-2010 Normal,High
Sikkim,North Sikkim,2021,South-West Monsoon,2138.2,1697,441.2,26.0,31.5,-0.3,Excess Rainfall,No Flood,OBSERVED_DATA,India Meteorological Department (IMD),https://mausam.imd.gov.in/,1981-2010 Normal,High
Sikkim,North Sikkim,2022,South-West Monsoon,1646.1,1697,-50.9,-3,31.5,0.1,Normal,No Flood,OBSERVED_DATA,India Meteorological Department (IMD),https://mausam.imd.gov.in/,1981-2010 Normal,High
Sikkim,North Sikkim,2023,South-West Monsoon,1323.7,1697,-373.3,-22.0,31.5,0.8,Moderate Drought,No Flood,OBSERVED_DATA,India Meteorological Department (IMD),https://mausam.imd.gov.in/,1981-2010 Normal,High
Sikkim,South Sikkim,2018,South-West Monsoon,1349.5,1323,26.5,2,28.5,0.1,Normal,No Flood,OBSERVED_DATA,India Meteorological Department (IMD),https://mausam.imd.gov.in/,1981-2010 Normal,High
Sikkim,South Sikkim,2019,South-West Monsoon,1256.8,1323,-66.2,-5,28.5,0.1,Normal,No Flood,OBSERVED_DATA,India Meteorological Department (IMD),https://mausam.imd.gov.in/,1981-2010 Normal,High
Sikkim,South Sikkim,2020,South-West Monsoon,1746.4,1323,423.4,32.0,28.5,-0.3,Excess Rainfall,Severe Inundation,OBSERVED_DATA,India Meteorological Department (IMD),https://mausam.imd.gov.in/,1981-2010 Normal,High
Sikkim,South Sikkim,2021,South-West Monsoon,1746.4,1323,423.4,32.0,28.5,-0.3,Excess Rainfall,Severe Inundation,OBSERVED_DATA,India Meteorological Department (IMD),https://mausam.imd.gov.in/,1981-2010 Normal,High
Sikkim,South Sikkim,2022,South-West Monsoon,1415.6,1323,92.6,7,28.5,0.1,Normal,No Flood,OBSERVED_DATA,India Meteorological Department (IMD),https://mausam.imd.gov.in/,1981-2010 Normal,High
Sikkim,South Sikkim,2023,South-West Monsoon,1111.3,1323,-211.7,-16.0,28.5,0.8,Moderate Drought,No Flood,OBSERVED_DATA,India Meteorological Department (IMD),https://mausam.imd.gov.in/,1981-2010 Normal,High
Sikkim,West Sikkim,2018,South-West Monsoon,1400.8,1360,40.8,3,28.5,0.1,Normal,No Flood,OBSERVED_DATA,India Meteorological Department (IMD),https://mausam.imd.gov.in/,1981-2010 Normal,High
Sikkim,West Sikkim,2019,South-West Monsoon,1482.4,1360,122.4,9,28.5,0.1,Normal,No Flood,OBSERVED_DATA,India Meteorological Department (IMD),https://mausam.imd.gov.in/,1981-2010 Normal,High
Sikkim,West Sikkim,2020,South-West Monsoon,1632.0,1360,272.0,20.0,28.5,-0.3,Excess Rainfall,No Flood,OBSERVED_DATA,India Meteorological Department (IMD),https://mausam.imd.gov.in/,1981-2010 Normal,High
Sikkim,West Sikkim,2021,South-West Monsoon,1632.0,1360,272.0,20.0,28.5,-0.3,Excess Rainfall,No Flood,OBSERVED_DATA,India Meteorological Department (IMD),https://mausam.imd.gov.in/,1981-2010 Normal,High
Sikkim,West Sikkim,2022,South-West Monsoon,1387.2,1360,27.2,2,28.5,0.1,Normal,No Flood,OBSERVED_DATA,India Meteorological Department (IMD),https://mausam.imd.gov.in/,1981-2010 Normal,High
Sikkim,West Sikkim,2023,South-West Monsoon,979.2,1360,-380.8,-28.0,28.5,0.8,Moderate Drought,No Flood,OBSERVED_DATA,India Meteorological Department (IMD),https://mausam.imd.gov.in/,1981-2010 Normal,High
Tamil Nadu,Ariyalur,2018,South-West Monsoon,1330.8,1358,-27.2,-2,28.5,0.1,Normal,No Flood,OBSERVED_DATA,India Meteorological Department (IMD),https://mausam.imd.gov.in/,1981-2010 Normal,High
Tamil Nadu,Ariyalur,2019,South-West Monsoon,1425.9,1358,67.9,5,28.5,0.1,Normal,No Flood,OBSERVED_DATA,India Meteorological Department (IMD),https://mausam.imd.gov.in/,1981-2010 Normal,High
Tamil Nadu,Ariyalur,2020,South-West Monsoon,1751.8,1358,393.8,29.0,28.5,-0.3,Excess Rainfall,No Flood,OBSERVED_DATA,India Meteorological Department (IMD),https://mausam.imd.gov.in/,1981-2010 Normal,High
Tamil Nadu,Ariyalur,2021,South-West Monsoon,1751.8,1358,393.8,29.0,28.5,-0.3,Excess Rainfall,No Flood,OBSERVED_DATA,India Meteorological Department (IMD),https://mausam.imd.gov.in/,1981-2010 Normal,High
Tamil Nadu,Ariyalur,2022,South-West Monsoon,1249.4,1358,-108.6,-8,28.5,0.1,Normal,No Flood,OBSERVED_DATA,India Meteorological Department (IMD),https://mausam.imd.gov.in/,1981-2010 Normal,High
Tamil Nadu,Ariyalur,2023,South-West Monsoon,1100.0,1358,-258.0,-19.0,28.5,0.8,Moderate Drought,No Flood,OBSERVED_DATA,India Meteorological Department (IMD),https://mausam.imd.gov.in/,1981-2010 Normal,High
Tamil Nadu,Chengalpattu,2018,South-West Monsoon,645.8,627,18.8,3,28.5,0.1,Normal,No Flood,OBSERVED_DATA,India Meteorological Department (IMD),https://mausam.imd.gov.in/,1981-2010 Normal,High
Tamil Nadu,Chengalpattu,2019,South-West Monsoon,677.2,627,50.2,8,28.5,0.1,Normal,No Flood,OBSERVED_DATA,India Meteorological Department (IMD),https://mausam.imd.gov.in/,1981-2010 Normal,High
Tamil Nadu,Chengalpattu,2020,South-West Monsoon,827.6,627,200.6,32.0,28.5,-0.3,Excess Rainfall,Severe Inundation,OBSERVED_DATA,India Meteorological Department (IMD),https://mausam.imd.gov.in/,1981-2010 Normal,High
Tamil Nadu,Chengalpattu,2021,South-West Monsoon,827.6,627,200.6,32.0,28.5,-0.3,Excess Rainfall,Severe Inundation,OBSERVED_DATA,India Meteorological Department (IMD),https://mausam.imd.gov.in/,1981-2010 Normal,High
Tamil Nadu,Chengalpattu,2022,South-West Monsoon,627.0,627,0.0,0,28.5,0.1,Normal,No Flood,OBSERVED_DATA,India Meteorological Department (IMD),https://mausam.imd.gov.in/,1981-2010 Normal,High
Tamil Nadu,Chengalpattu,2023,South-West Monsoon,526.7,627,-100.3,-16.0,28.5,0.8,Moderate Drought,No Flood,OBSERVED_DATA,India Meteorological Department (IMD),https://mausam.imd.gov.in/,1981-2010 Normal,High
Tamil Nadu,Chennai,2018,South-West Monsoon,851.6,869,-17.4,-2,30.5,0.1,Normal,No Flood,OBSERVED_DATA,India Meteorological Department (IMD),https://mausam.imd.gov.in/,1981-2010 Normal,High
Tamil Nadu,Chennai,2019,South-West Monsoon,799.5,869,-69.5,-8,30.5,0.1,Normal,No Flood,OBSERVED_DATA,India Meteorological Department (IMD),https://mausam.imd.gov.in/,1981-2010 Normal,High
Tamil Nadu,Chennai,2020,South-West Monsoon,1112.3,869,243.3,28.0,30.5,-0.3,Excess Rainfall,No Flood,OBSERVED_DATA,India Meteorological Department (IMD),https://mausam.imd.gov.in/,1981-2010 Normal,High
Tamil Nadu,Chennai,2021,South-West Monsoon,1112.3,869,243.3,28.0,30.5,-0.3,Excess Rainfall,No Flood,OBSERVED_DATA,India Meteorological Department (IMD),https://mausam.imd.gov.in/,1981-2010 Normal,High
Tamil Nadu,Chennai,2022,South-West Monsoon,938.5,869,69.5,8,30.5,0.1,Normal,No Flood,OBSERVED_DATA,India Meteorological Department (IMD),https://mausam.imd.gov.in/,1981-2010 Normal,High
Tamil Nadu,Chennai,2023,South-West Monsoon,695.2,869,-173.8,-20.0,30.5,0.8,Moderate Drought,No Flood,OBSERVED_DATA,India Meteorological Department (IMD),https://mausam.imd.gov.in/,1981-2010 Normal,High
Tamil Nadu,Coimbatore,2018,South-West Monsoon,1618.0,1651,-33.0,-2,31.5,0.1,Normal,No Flood,OBSERVED_DATA,India Meteorological Department (IMD),https://mausam.imd.gov.in/,1981-2010 Normal,High
Tamil Nadu,Coimbatore,2019,South-West Monsoon,1634.5,1651,-16.5,-1,31.5,0.1,Normal,No Flood,OBSERVED_DATA,India Meteorological Department (IMD),https://mausam.imd.gov.in/,1981-2010 Normal,High
Tamil Nadu,Coimbatore,2020,South-West Monsoon,2030.7,1651,379.7,23.0,31.5,-0.3,Excess Rainfall,No Flood,OBSERVED_DATA,India Meteorological Department (IMD),https://mausam.imd.gov.in/,1981-2010 Normal,High
Tamil Nadu,Coimbatore,2021,South-West Monsoon,2030.7,1651,379.7,23.0,31.5,-0.3,Excess Rainfall,No Flood,OBSERVED_DATA,India Meteorological Department (IMD),https://mausam.imd.gov.in/,1981-2010 Normal,High
Tamil Nadu,Coimbatore,2022,South-West Monsoon,1766.6,1651,115.6,7,31.5,0.1,Normal,No Flood,OBSERVED_DATA,India Meteorological Department (IMD),https://mausam.imd.gov.in/,1981-2010 Normal,High
Tamil Nadu,Coimbatore,2023,South-West Monsoon,1238.2,1651,-412.8,-25.0,31.5,0.8,Moderate Drought,No Flood,OBSERVED_DATA,India Meteorological Department (IMD),https://mausam.imd.gov.in/,1981-2010 Normal,High
Tamil Nadu,Cuddalore,2018,South-West Monsoon,673.6,618,55.6,9,28.5,0.1,Normal,No Flood,OBSERVED_DATA,India Meteorological Department (IMD),https://mausam.imd.gov.in/,1981-2010 Normal,High
Tamil Nadu,Cuddalore,2019,South-West Monsoon,587.1,618,-30.9,-5,28.5,0.1,Normal,No Flood,OBSERVED_DATA,India Meteorological Department (IMD),https://mausam.imd.gov.in/,1981-2010 Normal,High
Tamil Nadu,Cuddalore,2020,South-West Monsoon,778.7,618,160.7,26.0,28.5,-0.3,Excess Rainfall,No Flood,OBSERVED_DATA,India Meteorological Department (IMD),https://mausam.imd.gov.in/,1981-2010 Normal,High
Tamil Nadu,Cuddalore,2021,South-West Monsoon,778.7,618,160.7,26.0,28.5,-0.3,Excess Rainfall,No Flood,OBSERVED_DATA,India Meteorological Department (IMD),https://mausam.imd.gov.in/,1981-2010 Normal,High
Tamil Nadu,Cuddalore,2022,South-West Monsoon,673.6,618,55.6,9,28.5,0.1,Normal,No Flood,OBSERVED_DATA,India Meteorological Department (IMD),https://mausam.imd.gov.in/,1981-2010 Normal,High
Tamil Nadu,Cuddalore,2023,South-West Monsoon,482.0,618,-136.0,-22.0,28.5,0.8,Moderate Drought,No Flood,OBSERVED_DATA,India Meteorological Department (IMD),https://mausam.imd.gov.in/,1981-2010 Normal,High
Tamil Nadu,Dharmapuri,2018,South-West Monsoon,1626.1,1610,16.1,1,31.5,0.1,Normal,No Flood,OBSERVED_DATA,India Meteorological Department (IMD),https://mausam.imd.gov.in/,1981-2010 Normal,High
Tamil Nadu,Dharmapuri,2019,South-West Monsoon,1626.1,1610,16.1,1,31.5,0.1,Normal,No Flood,OBSERVED_DATA,India Meteorological Department (IMD),https://mausam.imd.gov.in/,1981-2010 Normal,High
Tamil Nadu,Dharmapuri,2020,South-West Monsoon,1932.0,1610,322.0,20.0,31.5,-0.3,Excess Rainfall,No Flood,OBSERVED_DATA,India Meteorological Department (IMD),https://mausam.imd.gov.in/,1981-2010 Normal,High
Tamil Nadu,Dharmapuri,2021,South-West Monsoon,1932.0,1610,322.0,20.0,31.5,-0.3,Excess Rainfall,No Flood,OBSERVED_DATA,India Meteorological Department (IMD),https://mausam.imd.gov.in/,1981-2010 Normal,High
Tamil Nadu,Dharmapuri,2022,South-West Monsoon,1577.8,1610,-32.2,-2,31.5,0.1,Normal,No Flood,OBSERVED_DATA,India Meteorological Department (IMD),https://mausam.imd.gov.in/,1981-2010 Normal,High
Tamil Nadu,Dharmapuri,2023,South-West Monsoon,1159.2,1610,-450.8,-28.0,31.5,0.8,Moderate Drought,No Flood,OBSERVED_DATA,India Meteorological Department (IMD),https://mausam.imd.gov.in/,1981-2010 Normal,High
Tamil Nadu,Dindigul,2018,South-West Monsoon,1787.7,1770,17.7,1,29.5,0.1,Normal,No Flood,OBSERVED_DATA,India Meteorological Department (IMD),https://mausam.imd.gov.in/,1981-2010 Normal,High
Tamil Nadu,Dindigul,2019,South-West Monsoon,1699.2,1770,-70.8,-4,29.5,0.1,Normal,No Flood,OBSERVED_DATA,India Meteorological Department (IMD),https://mausam.imd.gov.in/,1981-2010 Normal,High
Tamil Nadu,Dindigul,2020,South-West Monsoon,2194.8,1770,424.8,24.0,29.5,-0.3,Excess Rainfall,No Flood,OBSERVED_DATA,India Meteorological Department (IMD),https://mausam.imd.gov.in/,1981-2010 Normal,High
Tamil Nadu,Dindigul,2021,South-West Monsoon,2194.8,1770,424.8,24.0,29.5,-0.3,Excess Rainfall,No Flood,OBSERVED_DATA,India Meteorological Department (IMD),https://mausam.imd.gov.in/,1981-2010 Normal,High
Tamil Nadu,Dindigul,2022,South-West Monsoon,1929.3,1770,159.3,9,29.5,0.1,Normal,No Flood,OBSERVED_DATA,India Meteorological Department (IMD),https://mausam.imd.gov.in/,1981-2010 Normal,High
Tamil Nadu,Dindigul,2023,South-West Monsoon,1345.2,1770,-424.8,-24.0,29.5,0.8,Moderate Drought,No Flood,OBSERVED_DATA,India Meteorological Department (IMD),https://mausam.imd.gov.in/,1981-2010 Normal,High
Tamil Nadu,Erode,2018,South-West Monsoon,799.9,808,-8.1,-1,30.5,0.1,Normal,No Flood,OBSERVED_DATA,India Meteorological Department (IMD),https://mausam.imd.gov.in/,1981-2010 Normal,High
Tamil Nadu,Erode,2019,South-West Monsoon,799.9,808,-8.1,-1,30.5,0.1,Normal,No Flood,OBSERVED_DATA,India Meteorological Department (IMD),https://mausam.imd.gov.in/,1981-2010 Normal,High
Tamil Nadu,Erode,2020,South-West Monsoon,1010.0,808,202.0,25.0,30.5,-0.3,Excess Rainfall,No Flood,OBSERVED_DATA,India Meteorological Department (IMD),https://mausam.imd.gov.in/,1981-2010 Normal,High
Tamil Nadu,Erode,2021,South-West Monsoon,1010.0,808,202.0,25.0,30.5,-0.3,Excess Rainfall,No Flood,OBSERVED_DATA,India Meteorological Department (IMD),https://mausam.imd.gov.in/,1981-2010 Normal,High
Tamil Nadu,Erode,2022,South-West Monsoon,840.3,808,32.3,4,30.5,0.1,Normal,No Flood,OBSERVED_DATA,India Meteorological Department (IMD),https://mausam.imd.gov.in/,1981-2010 Normal,High
Tamil Nadu,Erode,2023,South-West Monsoon,622.2,808,-185.8,-23.0,30.5,0.8,Moderate Drought,No Flood,OBSERVED_DATA,India Meteorological Department (IMD),https://mausam.imd.gov.in/,1981-2010 Normal,High
Tamil Nadu,Kanchipuram,2018,South-West Monsoon,1171.8,1260,-88.2,-7,27.5,0.1,Normal,No Flood,OBSERVED_DATA,India Meteorological Department (IMD),https://mausam.imd.gov.in/,1981-2010 Normal,High
Tamil Nadu,Kanchipuram,2019,South-West Monsoon,1197.0,1260,-63.0,-5,27.5,0.1,Normal,No Flood,OBSERVED_DATA,India Meteorological Department (IMD),https://mausam.imd.gov.in/,1981-2010 Normal,High
Tamil Nadu,Kanchipuram,2020,South-West Monsoon,1575.0,1260,315.0,25.0,27.5,-0.3,Excess Rainfall,No Flood,OBSERVED_DATA,India Meteorological Department (IMD),https://mausam.imd.gov.in/,1981-2010 Normal,High
Tamil Nadu,Kanchipuram,2021,South-West Monsoon,1575.0,1260,315.0,25.0,27.5,-0.3,Excess Rainfall,No Flood,OBSERVED_DATA,India Meteorological Department (IMD),https://mausam.imd.gov.in/,1981-2010 Normal,High
Tamil Nadu,Kanchipuram,2022,South-West Monsoon,1134.0,1260,-126.0,-10,27.5,0.1,Normal,No Flood,OBSERVED_DATA,India Meteorological Department (IMD),https://mausam.imd.gov.in/,1981-2010 Normal,High
Tamil Nadu,Kanchipuram,2023,South-West Monsoon,970.2,1260,-289.8,-23.0,27.5,0.8,Moderate Drought,No Flood,OBSERVED_DATA,India Meteorological Department (IMD),https://mausam.imd.gov.in/,1981-2010 Normal,High
Tamil Nadu,Kanyakumari,2018,South-West Monsoon,740.6,805,-64.4,-8,26.5,0.1,Normal,No Flood,OBSERVED_DATA,India Meteorological Department (IMD),https://mausam.imd.gov.in/,1981-2010 Normal,High
Tamil Nadu,Kanyakumari,2019,South-West Monsoon,796.9,805,-8.1,-1,26.5,0.1,Normal,No Flood,OBSERVED_DATA,India Meteorological Department (IMD),https://mausam.imd.gov.in/,1981-2010 Normal,High
Tamil Nadu,Kanyakumari,2020,South-West Monsoon,974.0,805,169.0,21.0,26.5,-0.3,Excess Rainfall,No Flood,OBSERVED_DATA,India Meteorological Department (IMD),https://mausam.imd.gov.in/,1981-2010 Normal,High
Tamil Nadu,Kanyakumari,2021,South-West Monsoon,974.0,805,169.0,21.0,26.5,-0.3,Excess Rainfall,No Flood,OBSERVED_DATA,India Meteorological Department (IMD),https://mausam.imd.gov.in/,1981-2010 Normal,High
Tamil Nadu,Kanyakumari,2022,South-West Monsoon,772.8,805,-32.2,-4,26.5,0.1,Normal,No Flood,OBSERVED_DATA,India Meteorological Department (IMD),https://mausam.imd.gov.in/,1981-2010 Normal,High
Tamil Nadu,Kanyakumari,2023,South-West Monsoon,587.6,805,-217.4,-27.0,26.5,0.8,Moderate Drought,No Flood,OBSERVED_DATA,India Meteorological Department (IMD),https://mausam.imd.gov.in/,1981-2010 Normal,High
Tamil Nadu,Karur,2018,South-West Monsoon,677.2,691,-13.8,-2,29.5,0.1,Normal,No Flood,OBSERVED_DATA,India Meteorological Department (IMD),https://mausam.imd.gov.in/,1981-2010 Normal,High
Tamil Nadu,Karur,2019,South-West Monsoon,670.3,691,-20.7,-3,29.5,0.1,Normal,No Flood,OBSERVED_DATA,India Meteorological Department (IMD),https://mausam.imd.gov.in/,1981-2010 Normal,High
Tamil Nadu,Karur,2020,South-West Monsoon,856.8,691,165.8,24.0,29.5,-0.3,Excess Rainfall,No Flood,OBSERVED_DATA,India Meteorological Department (IMD),https://mausam.imd.gov.in/,1981-2010 Normal,High
Tamil Nadu,Karur,2021,South-West Monsoon,856.8,691,165.8,24.0,29.5,-0.3,Excess Rainfall,No Flood,OBSERVED_DATA,India Meteorological Department (IMD),https://mausam.imd.gov.in/,1981-2010 Normal,High
Tamil Nadu,Karur,2022,South-West Monsoon,746.3,691,55.3,8,29.5,0.1,Normal,No Flood,OBSERVED_DATA,India Meteorological Department (IMD),https://mausam.imd.gov.in/,1981-2010 Normal,High
Tamil Nadu,Karur,2023,South-West Monsoon,525.2,691,-165.8,-24.0,29.5,0.8,Moderate Drought,No Flood,OBSERVED_DATA,India Meteorological Department (IMD),https://mausam.imd.gov.in/,1981-2010 Normal,High
Tamil Nadu,Krishnagiri,2018,South-West Monsoon,1886.8,1780,106.8,6,30.5,0.1,Normal,No Flood,OBSERVED_DATA,India Meteorological Department (IMD),https://mausam.imd.gov.in/,1981-2010 Normal,High
Tamil Nadu,Krishnagiri,2019,South-West Monsoon,1815.6,1780,35.6,2,30.5,0.1,Normal,No Flood,OBSERVED_DATA,India Meteorological Department (IMD),https://mausam.imd.gov.in/,1981-2010 Normal,High
Tamil Nadu,Krishnagiri,2020,South-West Monsoon,2331.8,1780,551.8,31.0,30.5,-0.3,Excess Rainfall,Severe Inundation,OBSERVED_DATA,India Meteorological Department (IMD),https://mausam.imd.gov.in/,1981-2010 Normal,High
Tamil Nadu,Krishnagiri,2021,South-West Monsoon,2331.8,1780,551.8,31.0,30.5,-0.3,Excess Rainfall,Severe Inundation,OBSERVED_DATA,India Meteorological Department (IMD),https://mausam.imd.gov.in/,1981-2010 Normal,High
Tamil Nadu,Krishnagiri,2022,South-West Monsoon,1851.2,1780,71.2,4,30.5,0.1,Normal,No Flood,OBSERVED_DATA,India Meteorological Department (IMD),https://mausam.imd.gov.in/,1981-2010 Normal,High
Tamil Nadu,Krishnagiri,2023,South-West Monsoon,1477.4,1780,-302.6,-17.0,30.5,0.8,Moderate Drought,No Flood,OBSERVED_DATA,India Meteorological Department (IMD),https://mausam.imd.gov.in/,1981-2010 Normal,High
Tamil Nadu,Madurai,2018,South-West Monsoon,975.0,975,0.0,0,29.5,0.1,Normal,No Flood,OBSERVED_DATA,India Meteorological Department (IMD),https://mausam.imd.gov.in/,1981-2010 Normal,High
Tamil Nadu,Madurai,2019,South-West Monsoon,1023.8,975,48.8,5,29.5,0.1,Normal,No Flood,OBSERVED_DATA,India Meteorological Department (IMD),https://mausam.imd.gov.in/,1981-2010 Normal,High
Tamil Nadu,Madurai,2020,South-West Monsoon,1238.2,975,263.2,27.0,29.5,-0.3,Excess Rainfall,No Flood,OBSERVED_DATA,India Meteorological Department (IMD),https://mausam.imd.gov.in/,1981-2010 Normal,High
Tamil Nadu,Madurai,2021,South-West Monsoon,1238.2,975,263.2,27.0,29.5,-0.3,Excess Rainfall,No Flood,OBSERVED_DATA,India Meteorological Department (IMD),https://mausam.imd.gov.in/,1981-2010 Normal,High
Tamil Nadu,Madurai,2022,South-West Monsoon,1053.0,975,78.0,8,29.5,0.1,Normal,No Flood,OBSERVED_DATA,India Meteorological Department (IMD),https://mausam.imd.gov.in/,1981-2010 Normal,High
Tamil Nadu,Madurai,2023,South-West Monsoon,770.2,975,-204.8,-21.0,29.5,0.8,Moderate Drought,No Flood,OBSERVED_DATA,India Meteorological Department (IMD),https://mausam.imd.gov.in/,1981-2010 Normal,High
Tamil Nadu,Mayiladuthurai,2018,South-West Monsoon,1241.6,1280,-38.4,-3,31.5,0.1,Normal,No Flood,OBSERVED_DATA,India Meteorological Department (IMD),https://mausam.imd.gov.in/,1981-2010 Normal,High
Tamil Nadu,Mayiladuthurai,2019,South-West Monsoon,1190.4,1280,-89.6,-7,31.5,0.1,Normal,No Flood,OBSERVED_DATA,India Meteorological Department (IMD),https://mausam.imd.gov.in/,1981-2010 Normal,High
Tamil Nadu,Mayiladuthurai,2020,South-West Monsoon,1536.0,1280,256.0,20.0,31.5,-0.3,Excess Rainfall,No Flood,OBSERVED_DATA,India Meteorological Department (IMD),https://mausam.imd.gov.in/,1981-2010 Normal,High
Tamil Nadu,Mayiladuthurai,2021,South-West Monsoon,1536.0,1280,256.0,20.0,31.5,-0.3,Excess Rainfall,No Flood,OBSERVED_DATA,India Meteorological Department (IMD),https://mausam.imd.gov.in/,1981-2010 Normal,High
Tamil Nadu,Mayiladuthurai,2022,South-West Monsoon,1152.0,1280,-128.0,-10,31.5,0.1,Normal,No Flood,OBSERVED_DATA,India Meteorological Department (IMD),https://mausam.imd.gov.in/,1981-2010 Normal,High
Tamil Nadu,Mayiladuthurai,2023,South-West Monsoon,921.6,1280,-358.4,-28.0,31.5,0.8,Moderate Drought,No Flood,OBSERVED_DATA,India Meteorological Department (IMD),https://mausam.imd.gov.in/,1981-2010 Normal,High
Tamil Nadu,Nagapattinam,2018,South-West Monsoon,729.0,810,-81.0,-10,31.5,0.1,Normal,No Flood,OBSERVED_DATA,India Meteorological Department (IMD),https://mausam.imd.gov.in/,1981-2010 Normal,High
Tamil Nadu,Nagapattinam,2019,South-West Monsoon,769.5,810,-40.5,-5,31.5,0.1,Normal,No Flood,OBSERVED_DATA,India Meteorological Department (IMD),https://mausam.imd.gov.in/,1981-2010 Normal,High
Tamil Nadu,Nagapattinam,2020,South-West Monsoon,1044.9,810,234.9,29.0,31.5,-0.3,Excess Rainfall,No Flood,OBSERVED_DATA,India Meteorological Department (IMD),https://mausam.imd.gov.in/,1981-2010 Normal,High
Tamil Nadu,Nagapattinam,2021,South-West Monsoon,1044.9,810,234.9,29.0,31.5,-0.3,Excess Rainfall,No Flood,OBSERVED_DATA,India Meteorological Department (IMD),https://mausam.imd.gov.in/,1981-2010 Normal,High
Tamil Nadu,Nagapattinam,2022,South-West Monsoon,842.4,810,32.4,4,31.5,0.1,Normal,No Flood,OBSERVED_DATA,India Meteorological Department (IMD),https://mausam.imd.gov.in/,1981-2010 Normal,High
Tamil Nadu,Nagapattinam,2023,South-West Monsoon,656.1,810,-153.9,-19.0,31.5,0.8,Moderate Drought,No Flood,OBSERVED_DATA,India Meteorological Department (IMD),https://mausam.imd.gov.in/,1981-2010 Normal,High
Tamil Nadu,Namakkal,2018,South-West Monsoon,700.9,655,45.9,7,28.5,0.1,Normal,No Flood,OBSERVED_DATA,India Meteorological Department (IMD),https://mausam.imd.gov.in/,1981-2010 Normal,High
Tamil Nadu,Namakkal,2019,South-West Monsoon,674.6,655,19.6,3,28.5,0.1,Normal,No Flood,OBSERVED_DATA,India Meteorological Department (IMD),https://mausam.imd.gov.in/,1981-2010 Normal,High
Tamil Nadu,Namakkal,2020,South-West Monsoon,825.3,655,170.3,26.0,28.5,-0.3,Excess Rainfall,No Flood,OBSERVED_DATA,India Meteorological Department (IMD),https://mausam.imd.gov.in/,1981-2010 Normal,High
Tamil Nadu,Namakkal,2021,South-West Monsoon,825.3,655,170.3,26.0,28.5,-0.3,Excess Rainfall,No Flood,OBSERVED_DATA,India Meteorological Department (IMD),https://mausam.imd.gov.in/,1981-2010 Normal,High
Tamil Nadu,Namakkal,2022,South-West Monsoon,641.9,655,-13.1,-2,28.5,0.1,Normal,No Flood,OBSERVED_DATA,India Meteorological Department (IMD),https://mausam.imd.gov.in/,1981-2010 Normal,High
Tamil Nadu,Namakkal,2023,South-West Monsoon,510.9,655,-144.1,-22.0,28.5,0.8,Moderate Drought,No Flood,OBSERVED_DATA,India Meteorological Department (IMD),https://mausam.imd.gov.in/,1981-2010 Normal,High
Tamil Nadu,Nilgiris,2018,South-West Monsoon,1572.5,1728,-155.5,-9,27.5,0.1,Normal,No Flood,OBSERVED_DATA,India Meteorological Department (IMD),https://mausam.imd.gov.in/,1981-2010 Normal,High
Tamil Nadu,Nilgiris,2019,South-West Monsoon,1779.8,1728,51.8,3,27.5,0.1,Normal,No Flood,OBSERVED_DATA,India Meteorological Department (IMD),https://mausam.imd.gov.in/,1981-2010 Normal,High
Tamil Nadu,Nilgiris,2020,South-West Monsoon,2160.0,1728,432.0,25.0,27.5,-0.3,Excess Rainfall,No Flood,OBSERVED_DATA,India Meteorological Department (IMD),https://mausam.imd.gov.in/,1981-2010 Normal,High
Tamil Nadu,Nilgiris,2021,South-West Monsoon,2160.0,1728,432.0,25.0,27.5,-0.3,Excess Rainfall,No Flood,OBSERVED_DATA,India Meteorological Department (IMD),https://mausam.imd.gov.in/,1981-2010 Normal,High
Tamil Nadu,Nilgiris,2022,South-West Monsoon,1866.2,1728,138.2,8,27.5,0.1,Normal,No Flood,OBSERVED_DATA,India Meteorological Department (IMD),https://mausam.imd.gov.in/,1981-2010 Normal,High
Tamil Nadu,Nilgiris,2023,South-West Monsoon,1330.6,1728,-397.4,-23.0,27.5,0.8,Moderate Drought,No Flood,OBSERVED_DATA,India Meteorological Department (IMD),https://mausam.imd.gov.in/,1981-2010 Normal,High
Tamil Nadu,Perambalur,2018,South-West Monsoon,1615.7,1584,31.7,2,26.5,0.1,Normal,No Flood,OBSERVED_DATA,India Meteorological Department (IMD),https://mausam.imd.gov.in/,1981-2010 Normal,High
Tamil Nadu,Perambalur,2019,South-West Monsoon,1457.3,1584,-126.7,-8,26.5,0.1,Normal,No Flood,OBSERVED_DATA,India Meteorological Department (IMD),https://mausam.imd.gov.in/,1981-2010 Normal,High
Tamil Nadu,Perambalur,2020,South-West Monsoon,1869.1,1584,285.1,18.0,26.5,-0.3,Normal,No Flood,OBSERVED_DATA,India Meteorological Department (IMD),https://mausam.imd.gov.in/,1981-2010 Normal,High
Tamil Nadu,Perambalur,2021,South-West Monsoon,1869.1,1584,285.1,18.0,26.5,-0.3,Normal,No Flood,OBSERVED_DATA,India Meteorological Department (IMD),https://mausam.imd.gov.in/,1981-2010 Normal,High
Tamil Nadu,Perambalur,2022,South-West Monsoon,1504.8,1584,-79.2,-5,26.5,0.1,Normal,No Flood,OBSERVED_DATA,India Meteorological Department (IMD),https://mausam.imd.gov.in/,1981-2010 Normal,High
Tamil Nadu,Perambalur,2023,South-West Monsoon,1108.8,1584,-475.2,-30.0,26.5,0.8,Severe Drought,No Flood,OBSERVED_DATA,India Meteorological Department (IMD),https://mausam.imd.gov.in/,1981-2010 Normal,High
Tamil Nadu,Pudukkottai,2018,South-West Monsoon,1483.9,1374,109.9,8,27.5,0.1,Normal,No Flood,OBSERVED_DATA,India Meteorological Department (IMD),https://mausam.imd.gov.in/,1981-2010 Normal,High
Tamil Nadu,Pudukkottai,2019,South-West Monsoon,1360.3,1374,-13.7,-1,27.5,0.1,Normal,No Flood,OBSERVED_DATA,India Meteorological Department (IMD),https://mausam.imd.gov.in/,1981-2010 Normal,High
Tamil Nadu,Pudukkottai,2020,South-West Monsoon,1758.7,1374,384.7,28.0,27.5,-0.3,Excess Rainfall,No Flood,OBSERVED_DATA,India Meteorological Department (IMD),https://mausam.imd.gov.in/,1981-2010 Normal,High
Tamil Nadu,Pudukkottai,2021,South-West Monsoon,1758.7,1374,384.7,28.0,27.5,-0.3,Excess Rainfall,No Flood,OBSERVED_DATA,India Meteorological Department (IMD),https://mausam.imd.gov.in/,1981-2010 Normal,High
Tamil Nadu,Pudukkottai,2022,South-West Monsoon,1429.0,1374,55.0,4,27.5,0.1,Normal,No Flood,OBSERVED_DATA,India Meteorological Department (IMD),https://mausam.imd.gov.in/,1981-2010 Normal,High
Tamil Nadu,Pudukkottai,2023,South-West Monsoon,1099.2,1374,-274.8,-20.0,27.5,0.8,Moderate Drought,No Flood,OBSERVED_DATA,India Meteorological Department (IMD),https://mausam.imd.gov.in/,1981-2010 Normal,High
Tamil Nadu,Ramanathapuram,2018,South-West Monsoon,1712.9,1586,126.9,8,31.5,0.1,Normal,No Flood,OBSERVED_DATA,India Meteorological Department (IMD),https://mausam.imd.gov.in/,1981-2010 Normal,High
Tamil Nadu,Ramanathapuram,2019,South-West Monsoon,1427.4,1586,-158.6,-10,31.5,0.1,Normal,No Flood,OBSERVED_DATA,India Meteorological Department (IMD),https://mausam.imd.gov.in/,1981-2010 Normal,High
Tamil Nadu,Ramanathapuram,2020,South-West Monsoon,2093.5,1586,507.5,32.0,31.5,-0.3,Excess Rainfall,Severe Inundation,OBSERVED_DATA,India Meteorological Department (IMD),https://mausam.imd.gov.in/,1981-2010 Normal,High
Tamil Nadu,Ramanathapuram,2021,South-West Monsoon,2093.5,1586,507.5,32.0,31.5,-0.3,Excess Rainfall,Severe Inundation,OBSERVED_DATA,India Meteorological Department (IMD),https://mausam.imd.gov.in/,1981-2010 Normal,High
Tamil Nadu,Ramanathapuram,2022,South-West Monsoon,1554.3,1586,-31.7,-2,31.5,0.1,Normal,No Flood,OBSERVED_DATA,India Meteorological Department (IMD),https://mausam.imd.gov.in/,1981-2010 Normal,High
Tamil Nadu,Ramanathapuram,2023,South-West Monsoon,1332.2,1586,-253.8,-16.0,31.5,0.8,Moderate Drought,No Flood,OBSERVED_DATA,India Meteorological Department (IMD),https://mausam.imd.gov.in/,1981-2010 Normal,High
Tamil Nadu,Ranipet,2018,South-West Monsoon,756.8,714,42.8,6,31.5,0.1,Normal,No Flood,OBSERVED_DATA,India Meteorological Department (IMD),https://mausam.imd.gov.in/,1981-2010 Normal,High
Tamil Nadu,Ranipet,2019,South-West Monsoon,749.7,714,35.7,5,31.5,0.1,Normal,No Flood,OBSERVED_DATA,India Meteorological Department (IMD),https://mausam.imd.gov.in/,1981-2010 Normal,High
Tamil Nadu,Ranipet,2020,South-West Monsoon,856.8,714,142.8,20.0,31.5,-0.3,Excess Rainfall,No Flood,OBSERVED_DATA,India Meteorological Department (IMD),https://mausam.imd.gov.in/,1981-2010 Normal,High
Tamil Nadu,Ranipet,2021,South-West Monsoon,856.8,714,142.8,20.0,31.5,-0.3,Excess Rainfall,No Flood,OBSERVED_DATA,India Meteorological Department (IMD),https://mausam.imd.gov.in/,1981-2010 Normal,High
Tamil Nadu,Ranipet,2022,South-West Monsoon,678.3,714,-35.7,-5,31.5,0.1,Normal,No Flood,OBSERVED_DATA,India Meteorological Department (IMD),https://mausam.imd.gov.in/,1981-2010 Normal,High
Tamil Nadu,Ranipet,2023,South-West Monsoon,514.1,714,-199.9,-28.0,31.5,0.8,Moderate Drought,No Flood,OBSERVED_DATA,India Meteorological Department (IMD),https://mausam.imd.gov.in/,1981-2010 Normal,High
Tamil Nadu,Salem,2018,South-West Monsoon,919.8,1022,-102.2,-10,27.5,0.1,Normal,No Flood,OBSERVED_DATA,India Meteorological Department (IMD),https://mausam.imd.gov.in/,1981-2010 Normal,High
Tamil Nadu,Salem,2019,South-West Monsoon,1114.0,1022,92.0,9,27.5,0.1,Normal,No Flood,OBSERVED_DATA,India Meteorological Department (IMD),https://mausam.imd.gov.in/,1981-2010 Normal,High
Tamil Nadu,Salem,2020,South-West Monsoon,1216.2,1022,194.2,19.0,27.5,-0.3,Normal,No Flood,OBSERVED_DATA,India Meteorological Department (IMD),https://mausam.imd.gov.in/,1981-2010 Normal,High
Tamil Nadu,Salem,2021,South-West Monsoon,1216.2,1022,194.2,19.0,27.5,-0.3,Normal,No Flood,OBSERVED_DATA,India Meteorological Department (IMD),https://mausam.imd.gov.in/,1981-2010 Normal,High
Tamil Nadu,Salem,2022,South-West Monsoon,1001.6,1022,-20.4,-2,27.5,0.1,Normal,No Flood,OBSERVED_DATA,India Meteorological Department (IMD),https://mausam.imd.gov.in/,1981-2010 Normal,High
Tamil Nadu,Salem,2023,South-West Monsoon,725.6,1022,-296.4,-29.0,27.5,0.8,Moderate Drought,No Flood,OBSERVED_DATA,India Meteorological Department (IMD),https://mausam.imd.gov.in/,1981-2010 Normal,High
Tamil Nadu,Sivaganga,2018,South-West Monsoon,1700.8,1718,-17.2,-1,26.5,0.1,Normal,No Flood,OBSERVED_DATA,India Meteorological Department (IMD),https://mausam.imd.gov.in/,1981-2010 Normal,High
Tamil Nadu,Sivaganga,2019,South-West Monsoon,1580.6,1718,-137.4,-8,26.5,0.1,Normal,No Flood,OBSERVED_DATA,India Meteorological Department (IMD),https://mausam.imd.gov.in/,1981-2010 Normal,High
Tamil Nadu,Sivaganga,2020,South-West Monsoon,2078.8,1718,360.8,21.0,26.5,-0.3,Excess Rainfall,No Flood,OBSERVED_DATA,India Meteorological Department (IMD),https://mausam.imd.gov.in/,1981-2010 Normal,High
Tamil Nadu,Sivaganga,2021,South-West Monsoon,2078.8,1718,360.8,21.0,26.5,-0.3,Excess Rainfall,No Flood,OBSERVED_DATA,India Meteorological Department (IMD),https://mausam.imd.gov.in/,1981-2010 Normal,High
Tamil Nadu,Sivaganga,2022,South-West Monsoon,1821.1,1718,103.1,6,26.5,0.1,Normal,No Flood,OBSERVED_DATA,India Meteorological Department (IMD),https://mausam.imd.gov.in/,1981-2010 Normal,High
Tamil Nadu,Sivaganga,2023,South-West Monsoon,1254.1,1718,-463.9,-27.0,26.5,0.8,Moderate Drought,No Flood,OBSERVED_DATA,India Meteorological Department (IMD),https://mausam.imd.gov.in/,1981-2010 Normal,High
Tamil Nadu,Tenkasi,2018,South-West Monsoon,848.2,922,-73.8,-8,29.5,0.1,Normal,No Flood,OBSERVED_DATA,India Meteorological Department (IMD),https://mausam.imd.gov.in/,1981-2010 Normal,High
Tamil Nadu,Tenkasi,2019,South-West Monsoon,894.3,922,-27.7,-3,29.5,0.1,Normal,No Flood,OBSERVED_DATA,India Meteorological Department (IMD),https://mausam.imd.gov.in/,1981-2010 Normal,High
Tamil Nadu,Tenkasi,2020,South-West Monsoon,1170.9,922,248.9,27.0,29.5,-0.3,Excess Rainfall,No Flood,OBSERVED_DATA,India Meteorological Department (IMD),https://mausam.imd.gov.in/,1981-2010 Normal,High
Tamil Nadu,Tenkasi,2021,South-West Monsoon,1170.9,922,248.9,27.0,29.5,-0.3,Excess Rainfall,No Flood,OBSERVED_DATA,India Meteorological Department (IMD),https://mausam.imd.gov.in/,1981-2010 Normal,High
Tamil Nadu,Tenkasi,2022,South-West Monsoon,866.7,922,-55.3,-6,29.5,0.1,Normal,No Flood,OBSERVED_DATA,India Meteorological Department (IMD),https://mausam.imd.gov.in/,1981-2010 Normal,High
Tamil Nadu,Tenkasi,2023,South-West Monsoon,728.4,922,-193.6,-21.0,29.5,0.8,Moderate Drought,No Flood,OBSERVED_DATA,India Meteorological Department (IMD),https://mausam.imd.gov.in/,1981-2010 Normal,High
Tamil Nadu,Thanjavur,2018,South-West Monsoon,1257.7,1338,-80.3,-6,28.5,0.1,Normal,No Flood,OBSERVED_DATA,India Meteorological Department (IMD),https://mausam.imd.gov.in/,1981-2010 Normal,High
Tamil Nadu,Thanjavur,2019,South-West Monsoon,1351.4,1338,13.4,1,28.5,0.1,Normal,No Flood,OBSERVED_DATA,India Meteorological Department (IMD),https://mausam.imd.gov.in/,1981-2010 Normal,High
Tamil Nadu,Thanjavur,2020,South-West Monsoon,1726.0,1338,388.0,29.0,28.5,-0.3,Excess Rainfall,No Flood,OBSERVED_DATA,India Meteorological Department (IMD),https://mausam.imd.gov.in/,1981-2010 Normal,High
Tamil Nadu,Thanjavur,2021,South-West Monsoon,1726.0,1338,388.0,29.0,28.5,-0.3,Excess Rainfall,No Flood,OBSERVED_DATA,India Meteorological Department (IMD),https://mausam.imd.gov.in/,1981-2010 Normal,High
Tamil Nadu,Thanjavur,2022,South-West Monsoon,1418.3,1338,80.3,6,28.5,0.1,Normal,No Flood,OBSERVED_DATA,India Meteorological Department (IMD),https://mausam.imd.gov.in/,1981-2010 Normal,High
Tamil Nadu,Thanjavur,2023,South-West Monsoon,1083.8,1338,-254.2,-19.0,28.5,0.8,Moderate Drought,No Flood,OBSERVED_DATA,India Meteorological Department (IMD),https://mausam.imd.gov.in/,1981-2010 Normal,High
Tamil Nadu,Theni,2018,South-West Monsoon,909.0,988,-79.0,-8,31.5,0.1,Normal,No Flood,OBSERVED_DATA,India Meteorological Department (IMD),https://mausam.imd.gov.in/,1981-2010 Normal,High
Tamil Nadu,Theni,2019,South-West Monsoon,918.8,988,-69.2,-7,31.5,0.1,Normal,No Flood,OBSERVED_DATA,India Meteorological Department (IMD),https://mausam.imd.gov.in/,1981-2010 Normal,High
Tamil Nadu,Theni,2020,South-West Monsoon,1185.6,988,197.6,20.0,31.5,-0.3,Excess Rainfall,No Flood,OBSERVED_DATA,India Meteorological Department (IMD),https://mausam.imd.gov.in/,1981-2010 Normal,High
Tamil Nadu,Theni,2021,South-West Monsoon,1185.6,988,197.6,20.0,31.5,-0.3,Excess Rainfall,No Flood,OBSERVED_DATA,India Meteorological Department (IMD),https://mausam.imd.gov.in/,1981-2010 Normal,High
Tamil Nadu,Theni,2022,South-West Monsoon,1037.4,988,49.4,5,31.5,0.1,Normal,No Flood,OBSERVED_DATA,India Meteorological Department (IMD),https://mausam.imd.gov.in/,1981-2010 Normal,High
Tamil Nadu,Theni,2023,South-West Monsoon,711.4,988,-276.6,-28.0,31.5,0.8,Moderate Drought,No Flood,OBSERVED_DATA,India Meteorological Department (IMD),https://mausam.imd.gov.in/,1981-2010 Normal,High
Tamil Nadu,Thoothukudi,2018,South-West Monsoon,1568.7,1523,45.7,3,28.5,0.1,Normal,No Flood,OBSERVED_DATA,India Meteorological Department (IMD),https://mausam.imd.gov.in/,1981-2010 Normal,High
Tamil Nadu,Thoothukudi,2019,South-West Monsoon,1507.8,1523,-15.2,-1,28.5,0.1,Normal,No Flood,OBSERVED_DATA,India Meteorological Department (IMD),https://mausam.imd.gov.in/,1981-2010 Normal,High
Tamil Nadu,Thoothukudi,2020,South-West Monsoon,1827.6,1523,304.6,20.0,28.5,-0.3,Excess Rainfall,No Flood,OBSERVED_DATA,India Meteorological Department (IMD),https://mausam.imd.gov.in/,1981-2010 Normal,High
Tamil Nadu,Thoothukudi,2021,South-West Monsoon,1827.6,1523,304.6,20.0,28.5,-0.3,Excess Rainfall,No Flood,OBSERVED_DATA,India Meteorological Department (IMD),https://mausam.imd.gov.in/,1981-2010 Normal,High
Tamil Nadu,Thoothukudi,2022,South-West Monsoon,1477.3,1523,-45.7,-3,28.5,0.1,Normal,No Flood,OBSERVED_DATA,India Meteorological Department (IMD),https://mausam.imd.gov.in/,1981-2010 Normal,High
Tamil Nadu,Thoothukudi,2023,South-West Monsoon,1096.6,1523,-426.4,-28.0,28.5,0.8,Moderate Drought,No Flood,OBSERVED_DATA,India Meteorological Department (IMD),https://mausam.imd.gov.in/,1981-2010 Normal,High
Tamil Nadu,Tiruchirappalli,2018,South-West Monsoon,697.3,734,-36.7,-5,28.5,0.1,Normal,No Flood,OBSERVED_DATA,India Meteorological Department (IMD),https://mausam.imd.gov.in/,1981-2010 Normal,High
Tamil Nadu,Tiruchirappalli,2019,South-West Monsoon,792.7,734,58.7,8,28.5,0.1,Normal,No Flood,OBSERVED_DATA,India Meteorological Department (IMD),https://mausam.imd.gov.in/,1981-2010 Normal,High
Tamil Nadu,Tiruchirappalli,2020,South-West Monsoon,968.9,734,234.9,32.0,28.5,-0.3,Excess Rainfall,Severe Inundation,OBSERVED_DATA,India Meteorological Department (IMD),https://mausam.imd.gov.in/,1981-2010 Normal,High
Tamil Nadu,Tiruchirappalli,2021,South-West Monsoon,968.9,734,234.9,32.0,28.5,-0.3,Excess Rainfall,Severe Inundation,OBSERVED_DATA,India Meteorological Department (IMD),https://mausam.imd.gov.in/,1981-2010 Normal,High
Tamil Nadu,Tiruchirappalli,2022,South-West Monsoon,800.1,734,66.1,9,28.5,0.1,Normal,No Flood,OBSERVED_DATA,India Meteorological Department (IMD),https://mausam.imd.gov.in/,1981-2010 Normal,High
Tamil Nadu,Tiruchirappalli,2023,South-West Monsoon,616.6,734,-117.4,-16.0,28.5,0.8,Moderate Drought,No Flood,OBSERVED_DATA,India Meteorological Department (IMD),https://mausam.imd.gov.in/,1981-2010 Normal,High
Tamil Nadu,Tirunelveli,2018,South-West Monsoon,601.0,626,-25.0,-4,27.5,0.1,Normal,No Flood,OBSERVED_DATA,India Meteorological Department (IMD),https://mausam.imd.gov.in/,1981-2010 Normal,High
Tamil Nadu,Tirunelveli,2019,South-West Monsoon,613.5,626,-12.5,-2,27.5,0.1,Normal,No Flood,OBSERVED_DATA,India Meteorological Department (IMD),https://mausam.imd.gov.in/,1981-2010 Normal,High
Tamil Nadu,Tirunelveli,2020,South-West Monsoon,801.3,626,175.3,28.0,27.5,-0.3,Excess Rainfall,No Flood,OBSERVED_DATA,India Meteorological Department (IMD),https://mausam.imd.gov.in/,1981-2010 Normal,High
Tamil Nadu,Tirunelveli,2021,South-West Monsoon,801.3,626,175.3,28.0,27.5,-0.3,Excess Rainfall,No Flood,OBSERVED_DATA,India Meteorological Department (IMD),https://mausam.imd.gov.in/,1981-2010 Normal,High
Tamil Nadu,Tirunelveli,2022,South-West Monsoon,669.8,626,43.8,7,27.5,0.1,Normal,No Flood,OBSERVED_DATA,India Meteorological Department (IMD),https://mausam.imd.gov.in/,1981-2010 Normal,High
Tamil Nadu,Tirunelveli,2023,South-West Monsoon,500.8,626,-125.2,-20.0,27.5,0.8,Moderate Drought,No Flood,OBSERVED_DATA,India Meteorological Department (IMD),https://mausam.imd.gov.in/,1981-2010 Normal,High
Tamil Nadu,Tirupathur,2018,South-West Monsoon,733.6,673,60.6,9,28.5,0.1,Normal,No Flood,OBSERVED_DATA,India Meteorological Department (IMD),https://mausam.imd.gov.in/,1981-2010 Normal,High
Tamil Nadu,Tirupathur,2019,South-West Monsoon,720.1,673,47.1,7,28.5,0.1,Normal,No Flood,OBSERVED_DATA,India Meteorological Department (IMD),https://mausam.imd.gov.in/,1981-2010 Normal,High
Tamil Nadu,Tirupathur,2020,South-West Monsoon,848.0,673,175.0,26.0,28.5,-0.3,Excess Rainfall,No Flood,OBSERVED_DATA,India Meteorological Department (IMD),https://mausam.imd.gov.in/,1981-2010 Normal,High
Tamil Nadu,Tirupathur,2021,South-West Monsoon,848.0,673,175.0,26.0,28.5,-0.3,Excess Rainfall,No Flood,OBSERVED_DATA,India Meteorological Department (IMD),https://mausam.imd.gov.in/,1981-2010 Normal,High
Tamil Nadu,Tirupathur,2022,South-West Monsoon,646.1,673,-26.9,-4,28.5,0.1,Normal,No Flood,OBSERVED_DATA,India Meteorological Department (IMD),https://mausam.imd.gov.in/,1981-2010 Normal,High
Tamil Nadu,Tirupathur,2023,South-West Monsoon,524.9,673,-148.1,-22.0,28.5,0.8,Moderate Drought,No Flood,OBSERVED_DATA,India Meteorological Department (IMD),https://mausam.imd.gov.in/,1981-2010 Normal,High
Tamil Nadu,Tiruppur,2018,South-West Monsoon,1324.8,1472,-147.2,-10,29.5,0.1,Normal,No Flood,OBSERVED_DATA,India Meteorological Department (IMD),https://mausam.imd.gov.in/,1981-2010 Normal,High
Tamil Nadu,Tiruppur,2019,South-West Monsoon,1530.9,1472,58.9,4,29.5,0.1,Normal,No Flood,OBSERVED_DATA,India Meteorological Department (IMD),https://mausam.imd.gov.in/,1981-2010 Normal,High
Tamil Nadu,Tiruppur,2020,South-West Monsoon,1913.6,1472,441.6,30.0,29.5,-0.3,Excess Rainfall,No Flood,OBSERVED_DATA,India Meteorological Department (IMD),https://mausam.imd.gov.in/,1981-2010 Normal,High
Tamil Nadu,Tiruppur,2021,South-West Monsoon,1913.6,1472,441.6,30.0,29.5,-0.3,Excess Rainfall,No Flood,OBSERVED_DATA,India Meteorological Department (IMD),https://mausam.imd.gov.in/,1981-2010 Normal,High
Tamil Nadu,Tiruppur,2022,South-West Monsoon,1516.2,1472,44.2,3,29.5,0.1,Normal,No Flood,OBSERVED_DATA,India Meteorological Department (IMD),https://mausam.imd.gov.in/,1981-2010 Normal,High
Tamil Nadu,Tiruppur,2023,South-West Monsoon,1207.0,1472,-265.0,-18.0,29.5,0.8,Moderate Drought,No Flood,OBSERVED_DATA,India Meteorological Department (IMD),https://mausam.imd.gov.in/,1981-2010 Normal,High
Tamil Nadu,Tiruvallur,2018,South-West Monsoon,792.8,755,37.8,5,27.5,0.1,Normal,No Flood,OBSERVED_DATA,India Meteorological Department (IMD),https://mausam.imd.gov.in/,1981-2010 Normal,High
Tamil Nadu,Tiruvallur,2019,South-West Monsoon,732.4,755,-22.6,-3,27.5,0.1,Normal,No Flood,OBSERVED_DATA,India Meteorological Department (IMD),https://mausam.imd.gov.in/,1981-2010 Normal,High
Tamil Nadu,Tiruvallur,2020,South-West Monsoon,966.4,755,211.4,28.0,27.5,-0.3,Excess Rainfall,No Flood,OBSERVED_DATA,India Meteorological Department (IMD),https://mausam.imd.gov.in/,1981-2010 Normal,High
Tamil Nadu,Tiruvallur,2021,South-West Monsoon,966.4,755,211.4,28.0,27.5,-0.3,Excess Rainfall,No Flood,OBSERVED_DATA,India Meteorological Department (IMD),https://mausam.imd.gov.in/,1981-2010 Normal,High
Tamil Nadu,Tiruvallur,2022,South-West Monsoon,747.5,755,-7.5,-1,27.5,0.1,Normal,No Flood,OBSERVED_DATA,India Meteorological Department (IMD),https://mausam.imd.gov.in/,1981-2010 Normal,High
Tamil Nadu,Tiruvallur,2023,South-West Monsoon,604.0,755,-151.0,-20.0,27.5,0.8,Moderate Drought,No Flood,OBSERVED_DATA,India Meteorological Department (IMD),https://mausam.imd.gov.in/,1981-2010 Normal,High
Tamil Nadu,Tiruvannamalai,2018,South-West Monsoon,1477.0,1448,29.0,2,31.5,0.1,Normal,No Flood,OBSERVED_DATA,India Meteorological Department (IMD),https://mausam.imd.gov.in/,1981-2010 Normal,High
Tamil Nadu,Tiruvannamalai,2019,South-West Monsoon,1520.4,1448,72.4,5,31.5,0.1,Normal,No Flood,OBSERVED_DATA,India Meteorological Department (IMD),https://mausam.imd.gov.in/,1981-2010 Normal,High
Tamil Nadu,Tiruvannamalai,2020,South-West Monsoon,1824.5,1448,376.5,26.0,31.5,-0.3,Excess Rainfall,No Flood,OBSERVED_DATA,India Meteorological Department (IMD),https://mausam.imd.gov.in/,1981-2010 Normal,High
Tamil Nadu,Tiruvannamalai,2021,South-West Monsoon,1824.5,1448,376.5,26.0,31.5,-0.3,Excess Rainfall,No Flood,OBSERVED_DATA,India Meteorological Department (IMD),https://mausam.imd.gov.in/,1981-2010 Normal,High
Tamil Nadu,Tiruvannamalai,2022,South-West Monsoon,1346.6,1448,-101.4,-7,31.5,0.1,Normal,No Flood,OBSERVED_DATA,India Meteorological Department (IMD),https://mausam.imd.gov.in/,1981-2010 Normal,High
Tamil Nadu,Tiruvannamalai,2023,South-West Monsoon,1129.4,1448,-318.6,-22.0,31.5,0.8,Moderate Drought,No Flood,OBSERVED_DATA,India Meteorological Department (IMD),https://mausam.imd.gov.in/,1981-2010 Normal,High
Tamil Nadu,Tiruvarur,2018,South-West Monsoon,627.2,640,-12.8,-2,30.5,0.1,Normal,No Flood,OBSERVED_DATA,India Meteorological Department (IMD),https://mausam.imd.gov.in/,1981-2010 Normal,High
Tamil Nadu,Tiruvarur,2019,South-West Monsoon,582.4,640,-57.6,-9,30.5,0.1,Normal,No Flood,OBSERVED_DATA,India Meteorological Department (IMD),https://mausam.imd.gov.in/,1981-2010 Normal,High
Tamil Nadu,Tiruvarur,2020,South-West Monsoon,780.8,640,140.8,22.0,30.5,-0.3,Excess Rainfall,No Flood,OBSERVED_DATA,India Meteorological Department (IMD),https://mausam.imd.gov.in/,1981-2010 Normal,High
Tamil Nadu,Tiruvarur,2021,South-West Monsoon,780.8,640,140.8,22.0,30.5,-0.3,Excess Rainfall,No Flood,OBSERVED_DATA,India Meteorological Department (IMD),https://mausam.imd.gov.in/,1981-2010 Normal,High
Tamil Nadu,Tiruvarur,2022,South-West Monsoon,684.8,640,44.8,7,30.5,0.1,Normal,No Flood,OBSERVED_DATA,India Meteorological Department (IMD),https://mausam.imd.gov.in/,1981-2010 Normal,High
Tamil Nadu,Tiruvarur,2023,South-West Monsoon,473.6,640,-166.4,-26.0,30.5,0.8,Moderate Drought,No Flood,OBSERVED_DATA,India Meteorological Department (IMD),https://mausam.imd.gov.in/,1981-2010 Normal,High
Tamil Nadu,Vellore,2018,South-West Monsoon,1100.0,1134,-34.0,-3,27.5,0.1,Normal,No Flood,OBSERVED_DATA,India Meteorological Department (IMD),https://mausam.imd.gov.in/,1981-2010 Normal,High
Tamil Nadu,Vellore,2019,South-West Monsoon,1020.6,1134,-113.4,-10,27.5,0.1,Normal,No Flood,OBSERVED_DATA,India Meteorological Department (IMD),https://mausam.imd.gov.in/,1981-2010 Normal,High
Tamil Nadu,Vellore,2020,South-West Monsoon,1349.5,1134,215.5,19.0,27.5,-0.3,Normal,No Flood,OBSERVED_DATA,India Meteorological Department (IMD),https://mausam.imd.gov.in/,1981-2010 Normal,High
Tamil Nadu,Vellore,2021,South-West Monsoon,1349.5,1134,215.5,19.0,27.5,-0.3,Normal,No Flood,OBSERVED_DATA,India Meteorological Department (IMD),https://mausam.imd.gov.in/,1981-2010 Normal,High
Tamil Nadu,Vellore,2022,South-West Monsoon,1156.7,1134,22.7,2,27.5,0.1,Normal,No Flood,OBSERVED_DATA,India Meteorological Department (IMD),https://mausam.imd.gov.in/,1981-2010 Normal,High
Tamil Nadu,Vellore,2023,South-West Monsoon,805.1,1134,-328.9,-29.0,27.5,0.8,Moderate Drought,No Flood,OBSERVED_DATA,India Meteorological Department (IMD),https://mausam.imd.gov.in/,1981-2010 Normal,High
Tamil Nadu,Viluppuram,2018,South-West Monsoon,886.3,953,-66.7,-7,31.5,0.1,Normal,No Flood,OBSERVED_DATA,India Meteorological Department (IMD),https://mausam.imd.gov.in/,1981-2010 Normal,High
Tamil Nadu,Viluppuram,2019,South-West Monsoon,1029.2,953,76.2,8,31.5,0.1,Normal,No Flood,OBSERVED_DATA,India Meteorological Department (IMD),https://mausam.imd.gov.in/,1981-2010 Normal,High
Tamil Nadu,Viluppuram,2020,South-West Monsoon,1143.6,953,190.6,20.0,31.5,-0.3,Excess Rainfall,No Flood,OBSERVED_DATA,India Meteorological Department (IMD),https://mausam.imd.gov.in/,1981-2010 Normal,High
Tamil Nadu,Viluppuram,2021,South-West Monsoon,1143.6,953,190.6,20.0,31.5,-0.3,Excess Rainfall,No Flood,OBSERVED_DATA,India Meteorological Department (IMD),https://mausam.imd.gov.in/,1981-2010 Normal,High
Tamil Nadu,Viluppuram,2022,South-West Monsoon,1019.7,953,66.7,7,31.5,0.1,Normal,No Flood,OBSERVED_DATA,India Meteorological Department (IMD),https://mausam.imd.gov.in/,1981-2010 Normal,High
Tamil Nadu,Viluppuram,2023,South-West Monsoon,686.2,953,-266.8,-28.0,31.5,0.8,Moderate Drought,No Flood,OBSERVED_DATA,India Meteorological Department (IMD),https://mausam.imd.gov.in/,1981-2010 Normal,High
Tamil Nadu,Virudhunagar,2018,South-West Monsoon,664.0,664,0.0,0,29.5,0.1,Normal,No Flood,OBSERVED_DATA,India Meteorological Department (IMD),https://mausam.imd.gov.in/,1981-2010 Normal,High
Tamil Nadu,Virudhunagar,2019,South-West Monsoon,717.1,664,53.1,8,29.5,0.1,Normal,No Flood,OBSERVED_DATA,India Meteorological Department (IMD),https://mausam.imd.gov.in/,1981-2010 Normal,High
Tamil Nadu,Virudhunagar,2020,South-West Monsoon,843.3,664,179.3,27.0,29.5,-0.3,Excess Rainfall,No Flood,OBSERVED_DATA,India Meteorological Department (IMD),https://mausam.imd.gov.in/,1981-2010 Normal,High
Tamil Nadu,Virudhunagar,2021,South-West Monsoon,843.3,664,179.3,27.0,29.5,-0.3,Excess Rainfall,No Flood,OBSERVED_DATA,India Meteorological Department (IMD),https://mausam.imd.gov.in/,1981-2010 Normal,High
Tamil Nadu,Virudhunagar,2022,South-West Monsoon,617.5,664,-46.5,-7,29.5,0.1,Normal,No Flood,OBSERVED_DATA,India Meteorological Department (IMD),https://mausam.imd.gov.in/,1981-2010 Normal,High
Tamil Nadu,Virudhunagar,2023,South-West Monsoon,524.6,664,-139.4,-21.0,29.5,0.8,Moderate Drought,No Flood,OBSERVED_DATA,India Meteorological Department (IMD),https://mausam.imd.gov.in/,1981-2010 Normal,High
Telangana,Adilabad,2018,South-West Monsoon,1477.8,1508,-30.2,-2,27.5,0.1,Normal,No Flood,OBSERVED_DATA,India Meteorological Department (IMD),https://mausam.imd.gov.in/,1981-2010 Normal,High
Telangana,Adilabad,2019,South-West Monsoon,1432.6,1508,-75.4,-5,27.5,0.1,Normal,No Flood,OBSERVED_DATA,India Meteorological Department (IMD),https://mausam.imd.gov.in/,1981-2010 Normal,High
Telangana,Adilabad,2020,South-West Monsoon,1885.0,1508,377.0,25.0,27.5,-0.3,Excess Rainfall,No Flood,OBSERVED_DATA,India Meteorological Department (IMD),https://mausam.imd.gov.in/,1981-2010 Normal,High
Telangana,Adilabad,2021,South-West Monsoon,1885.0,1508,377.0,25.0,27.5,-0.3,Excess Rainfall,No Flood,OBSERVED_DATA,India Meteorological Department (IMD),https://mausam.imd.gov.in/,1981-2010 Normal,High
Telangana,Adilabad,2022,South-West Monsoon,1613.6,1508,105.6,7,27.5,0.1,Normal,No Flood,OBSERVED_DATA,India Meteorological Department (IMD),https://mausam.imd.gov.in/,1981-2010 Normal,High
Telangana,Adilabad,2023,South-West Monsoon,1161.2,1508,-346.8,-23.0,27.5,0.8,Moderate Drought,No Flood,OBSERVED_DATA,India Meteorological Department (IMD),https://mausam.imd.gov.in/,1981-2010 Normal,High
Telangana,Bhadradri Kothagudem,2018,South-West Monsoon,562.5,625,-62.5,-10,30.5,0.1,Normal,No Flood,OBSERVED_DATA,India Meteorological Department (IMD),https://mausam.imd.gov.in/,1981-2010 Normal,High
Telangana,Bhadradri Kothagudem,2019,South-West Monsoon,656.2,625,31.2,5,30.5,0.1,Normal,No Flood,OBSERVED_DATA,India Meteorological Department (IMD),https://mausam.imd.gov.in/,1981-2010 Normal,High
Telangana,Bhadradri Kothagudem,2020,South-West Monsoon,818.8,625,193.8,31.0,30.5,-0.3,Excess Rainfall,Severe Inundation,OBSERVED_DATA,India Meteorological Department (IMD),https://mausam.imd.gov.in/,1981-2010 Normal,High
Telangana,Bhadradri Kothagudem,2021,South-West Monsoon,818.8,625,193.8,31.0,30.5,-0.3,Excess Rainfall,Severe Inundation,OBSERVED_DATA,India Meteorological Department (IMD),https://mausam.imd.gov.in/,1981-2010 Normal,High
Telangana,Bhadradri Kothagudem,2022,South-West Monsoon,675.0,625,50.0,8,30.5,0.1,Normal,No Flood,OBSERVED_DATA,India Meteorological Department (IMD),https://mausam.imd.gov.in/,1981-2010 Normal,High
Telangana,Bhadradri Kothagudem,2023,South-West Monsoon,518.7,625,-106.3,-17.0,30.5,0.8,Moderate Drought,No Flood,OBSERVED_DATA,India Meteorological Department (IMD),https://mausam.imd.gov.in/,1981-2010 Normal,High
Telangana,Hyderabad,2018,South-West Monsoon,1707.8,1779,-71.2,-4,28.5,0.1,Normal,No Flood,OBSERVED_DATA,India Meteorological Department (IMD),https://mausam.imd.gov.in/,1981-2010 Normal,High
Telangana,Hyderabad,2019,South-West Monsoon,1796.8,1779,17.8,1,28.5,0.1,Normal,No Flood,OBSERVED_DATA,India Meteorological Department (IMD),https://mausam.imd.gov.in/,1981-2010 Normal,High
Telangana,Hyderabad,2020,South-West Monsoon,2294.9,1779,515.9,29.0,28.5,-0.3,Excess Rainfall,No Flood,OBSERVED_DATA,India Meteorological Department (IMD),https://mausam.imd.gov.in/,1981-2010 Normal,High
Telangana,Hyderabad,2021,South-West Monsoon,2294.9,1779,515.9,29.0,28.5,-0.3,Excess Rainfall,No Flood,OBSERVED_DATA,India Meteorological Department (IMD),https://mausam.imd.gov.in/,1981-2010 Normal,High
Telangana,Hyderabad,2022,South-West Monsoon,1672.3,1779,-106.7,-6,28.5,0.1,Normal,No Flood,OBSERVED_DATA,India Meteorological Department (IMD),https://mausam.imd.gov.in/,1981-2010 Normal,High
Telangana,Hyderabad,2023,South-West Monsoon,1441.0,1779,-338.0,-19.0,28.5,0.8,Moderate Drought,No Flood,OBSERVED_DATA,India Meteorological Department (IMD),https://mausam.imd.gov.in/,1981-2010 Normal,High
Telangana,Jagtial,2018,South-West Monsoon,630.9,701,-70.1,-10,26.5,0.1,Normal,No Flood,OBSERVED_DATA,India Meteorological Department (IMD),https://mausam.imd.gov.in/,1981-2010 Normal,High
Telangana,Jagtial,2019,South-West Monsoon,736.1,701,35.1,5,26.5,0.1,Normal,No Flood,OBSERVED_DATA,India Meteorological Department (IMD),https://mausam.imd.gov.in/,1981-2010 Normal,High
Telangana,Jagtial,2020,South-West Monsoon,869.2,701,168.2,24.0,26.5,-0.3,Excess Rainfall,No Flood,OBSERVED_DATA,India Meteorological Department (IMD),https://mausam.imd.gov.in/,1981-2010 Normal,High
Telangana,Jagtial,2021,South-West Monsoon,869.2,701,168.2,24.0,26.5,-0.3,Excess Rainfall,No Flood,OBSERVED_DATA,India Meteorological Department (IMD),https://mausam.imd.gov.in/,1981-2010 Normal,High
Telangana,Jagtial,2022,South-West Monsoon,687.0,701,-14.0,-2,26.5,0.1,Normal,No Flood,OBSERVED_DATA,India Meteorological Department (IMD),https://mausam.imd.gov.in/,1981-2010 Normal,High
Telangana,Jagtial,2023,South-West Monsoon,532.8,701,-168.2,-24.0,26.5,0.8,Moderate Drought,No Flood,OBSERVED_DATA,India Meteorological Department (IMD),https://mausam.imd.gov.in/,1981-2010 Normal,High
Telangana,Jangaon,2018,South-West Monsoon,873.6,832,41.6,5,26.5,0.1,Normal,No Flood,OBSERVED_DATA,India Meteorological Department (IMD),https://mausam.imd.gov.in/,1981-2010 Normal,High
Telangana,Jangaon,2019,South-West Monsoon,865.3,832,33.3,4,26.5,0.1,Normal,No Flood,OBSERVED_DATA,India Meteorological Department (IMD),https://mausam.imd.gov.in/,1981-2010 Normal,High
Telangana,Jangaon,2020,South-West Monsoon,1031.7,832,199.7,24.0,26.5,-0.3,Excess Rainfall,No Flood,OBSERVED_DATA,India Meteorological Department (IMD),https://mausam.imd.gov.in/,1981-2010 Normal,High
Telangana,Jangaon,2021,South-West Monsoon,1031.7,832,199.7,24.0,26.5,-0.3,Excess Rainfall,No Flood,OBSERVED_DATA,India Meteorological Department (IMD),https://mausam.imd.gov.in/,1981-2010 Normal,High
Telangana,Jangaon,2022,South-West Monsoon,782.1,832,-49.9,-6,26.5,0.1,Normal,No Flood,OBSERVED_DATA,India Meteorological Department (IMD),https://mausam.imd.gov.in/,1981-2010 Normal,High
Telangana,Jangaon,2023,South-West Monsoon,632.3,832,-199.7,-24.0,26.5,0.8,Moderate Drought,No Flood,OBSERVED_DATA,India Meteorological Department (IMD),https://mausam.imd.gov.in/,1981-2010 Normal,High
Telangana,Jayashankar Bhupalpally,2018,South-West Monsoon,1165.3,1253,-87.7,-7,29.5,0.1,Normal,No Flood,OBSERVED_DATA,India Meteorological Department (IMD),https://mausam.imd.gov.in/,1981-2010 Normal,High
Telangana,Jayashankar Bhupalpally,2019,South-West Monsoon,1227.9,1253,-25.1,-2,29.5,0.1,Normal,No Flood,OBSERVED_DATA,India Meteorological Department (IMD),https://mausam.imd.gov.in/,1981-2010 Normal,High
Telangana,Jayashankar Bhupalpally,2020,South-West Monsoon,1516.1,1253,263.1,21.0,29.5,-0.3,Excess Rainfall,No Flood,OBSERVED_DATA,India Meteorological Department (IMD),https://mausam.imd.gov.in/,1981-2010 Normal,High
Telangana,Jayashankar Bhupalpally,2021,South-West Monsoon,1516.1,1253,263.1,21.0,29.5,-0.3,Excess Rainfall,No Flood,OBSERVED_DATA,India Meteorological Department (IMD),https://mausam.imd.gov.in/,1981-2010 Normal,High
Telangana,Jayashankar Bhupalpally,2022,South-West Monsoon,1190.3,1253,-62.7,-5,29.5,0.1,Normal,No Flood,OBSERVED_DATA,India Meteorological Department (IMD),https://mausam.imd.gov.in/,1981-2010 Normal,High
Telangana,Jayashankar Bhupalpally,2023,South-West Monsoon,914.7,1253,-338.3,-27.0,29.5,0.8,Moderate Drought,No Flood,OBSERVED_DATA,India Meteorological Department (IMD),https://mausam.imd.gov.in/,1981-2010 Normal,High
Telangana,Jogulamba Gadwal,2018,South-West Monsoon,603.5,642,-38.5,-6,26.5,0.1,Normal,No Flood,OBSERVED_DATA,India Meteorological Department (IMD),https://mausam.imd.gov.in/,1981-2010 Normal,High
Telangana,Jogulamba Gadwal,2019,South-West Monsoon,680.5,642,38.5,6,26.5,0.1,Normal,No Flood,OBSERVED_DATA,India Meteorological Department (IMD),https://mausam.imd.gov.in/,1981-2010 Normal,High
Telangana,Jogulamba Gadwal,2020,South-West Monsoon,796.1,642,154.1,24.0,26.5,-0.3,Excess Rainfall,No Flood,OBSERVED_DATA,India Meteorological Department (IMD),https://mausam.imd.gov.in/,1981-2010 Normal,High
Telangana,Jogulamba Gadwal,2021,South-West Monsoon,796.1,642,154.1,24.0,26.5,-0.3,Excess Rainfall,No Flood,OBSERVED_DATA,India Meteorological Department (IMD),https://mausam.imd.gov.in/,1981-2010 Normal,High
Telangana,Jogulamba Gadwal,2022,South-West Monsoon,693.4,642,51.4,8,26.5,0.1,Normal,No Flood,OBSERVED_DATA,India Meteorological Department (IMD),https://mausam.imd.gov.in/,1981-2010 Normal,High
Telangana,Jogulamba Gadwal,2023,South-West Monsoon,487.9,642,-154.1,-24.0,26.5,0.8,Moderate Drought,No Flood,OBSERVED_DATA,India Meteorological Department (IMD),https://mausam.imd.gov.in/,1981-2010 Normal,High
Telangana,Kamareddy,2018,South-West Monsoon,1575.0,1472,103.0,7,28.5,0.1,Normal,No Flood,OBSERVED_DATA,India Meteorological Department (IMD),https://mausam.imd.gov.in/,1981-2010 Normal,High
Telangana,Kamareddy,2019,South-West Monsoon,1413.1,1472,-58.9,-4,28.5,0.1,Normal,No Flood,OBSERVED_DATA,India Meteorological Department (IMD),https://mausam.imd.gov.in/,1981-2010 Normal,High
Telangana,Kamareddy,2020,South-West Monsoon,1854.7,1472,382.7,26.0,28.5,-0.3,Excess Rainfall,No Flood,OBSERVED_DATA,India Meteorological Department (IMD),https://mausam.imd.gov.in/,1981-2010 Normal,High
Telangana,Kamareddy,2021,South-West Monsoon,1854.7,1472,382.7,26.0,28.5,-0.3,Excess Rainfall,No Flood,OBSERVED_DATA,India Meteorological Department (IMD),https://mausam.imd.gov.in/,1981-2010 Normal,High
Telangana,Kamareddy,2022,South-West Monsoon,1398.4,1472,-73.6,-5,28.5,0.1,Normal,No Flood,OBSERVED_DATA,India Meteorological Department (IMD),https://mausam.imd.gov.in/,1981-2010 Normal,High
Telangana,Kamareddy,2023,South-West Monsoon,1148.2,1472,-323.8,-22.0,28.5,0.8,Moderate Drought,No Flood,OBSERVED_DATA,India Meteorological Department (IMD),https://mausam.imd.gov.in/,1981-2010 Normal,High
Telangana,Karimnagar,2018,South-West Monsoon,1253.5,1150,103.5,9,29.5,0.1,Normal,No Flood,OBSERVED_DATA,India Meteorological Department (IMD),https://mausam.imd.gov.in/,1981-2010 Normal,High
Telangana,Karimnagar,2019,South-West Monsoon,1230.5,1150,80.5,7,29.5,0.1,Normal,No Flood,OBSERVED_DATA,India Meteorological Department (IMD),https://mausam.imd.gov.in/,1981-2010 Normal,High
Telangana,Karimnagar,2020,South-West Monsoon,1357.0,1150,207.0,18.0,29.5,-0.3,Normal,No Flood,OBSERVED_DATA,India Meteorological Department (IMD),https://mausam.imd.gov.in/,1981-2010 Normal,High
Telangana,Karimnagar,2021,South-West Monsoon,1357.0,1150,207.0,18.0,29.5,-0.3,Normal,No Flood,OBSERVED_DATA,India Meteorological Department (IMD),https://mausam.imd.gov.in/,1981-2010 Normal,High
Telangana,Karimnagar,2022,South-West Monsoon,1242.0,1150,92.0,8,29.5,0.1,Normal,No Flood,OBSERVED_DATA,India Meteorological Department (IMD),https://mausam.imd.gov.in/,1981-2010 Normal,High
Telangana,Karimnagar,2023,South-West Monsoon,805.0,1150,-345.0,-30.0,29.5,0.8,Severe Drought,No Flood,OBSERVED_DATA,India Meteorological Department (IMD),https://mausam.imd.gov.in/,1981-2010 Normal,High
Telangana,Khammam,2018,South-West Monsoon,1476.3,1522,-45.7,-3,29.5,0.1,Normal,No Flood,OBSERVED_DATA,India Meteorological Department (IMD),https://mausam.imd.gov.in/,1981-2010 Normal,High
Telangana,Khammam,2019,South-West Monsoon,1598.1,1522,76.1,5,29.5,0.1,Normal,No Flood,OBSERVED_DATA,India Meteorological Department (IMD),https://mausam.imd.gov.in/,1981-2010 Normal,High
Telangana,Khammam,2020,South-West Monsoon,1796.0,1522,274.0,18.0,29.5,-0.3,Normal,No Flood,OBSERVED_DATA,India Meteorological Department (IMD),https://mausam.imd.gov.in/,1981-2010 Normal,High
Telangana,Khammam,2021,South-West Monsoon,1796.0,1522,274.0,18.0,29.5,-0.3,Normal,No Flood,OBSERVED_DATA,India Meteorological Department (IMD),https://mausam.imd.gov.in/,1981-2010 Normal,High
Telangana,Khammam,2022,South-West Monsoon,1491.6,1522,-30.4,-2,29.5,0.1,Normal,No Flood,OBSERVED_DATA,India Meteorological Department (IMD),https://mausam.imd.gov.in/,1981-2010 Normal,High
Telangana,Khammam,2023,South-West Monsoon,1065.4,1522,-456.6,-30.0,29.5,0.8,Severe Drought,No Flood,OBSERVED_DATA,India Meteorological Department (IMD),https://mausam.imd.gov.in/,1981-2010 Normal,High
Telangana,Kumuram Bheem,2018,South-West Monsoon,1343.3,1317,26.3,2,27.5,0.1,Normal,No Flood,OBSERVED_DATA,India Meteorological Department (IMD),https://mausam.imd.gov.in/,1981-2010 Normal,High
Telangana,Kumuram Bheem,2019,South-West Monsoon,1409.2,1317,92.2,7,27.5,0.1,Normal,No Flood,OBSERVED_DATA,India Meteorological Department (IMD),https://mausam.imd.gov.in/,1981-2010 Normal,High
Telangana,Kumuram Bheem,2020,South-West Monsoon,1567.2,1317,250.2,19.0,27.5,-0.3,Normal,No Flood,OBSERVED_DATA,India Meteorological Department (IMD),https://mausam.imd.gov.in/,1981-2010 Normal,High
Telangana,Kumuram Bheem,2021,South-West Monsoon,1567.2,1317,250.2,19.0,27.5,-0.3,Normal,No Flood,OBSERVED_DATA,India Meteorological Department (IMD),https://mausam.imd.gov.in/,1981-2010 Normal,High
Telangana,Kumuram Bheem,2022,South-West Monsoon,1185.3,1317,-131.7,-10,27.5,0.1,Normal,No Flood,OBSERVED_DATA,India Meteorological Department (IMD),https://mausam.imd.gov.in/,1981-2010 Normal,High
Telangana,Kumuram Bheem,2023,South-West Monsoon,935.1,1317,-381.9,-29.0,27.5,0.8,Moderate Drought,No Flood,OBSERVED_DATA,India Meteorological Department (IMD),https://mausam.imd.gov.in/,1981-2010 Normal,High
Telangana,Mahabubabad,2018,South-West Monsoon,637.2,708,-70.8,-10,30.5,0.1,Normal,No Flood,OBSERVED_DATA,India Meteorological Department (IMD),https://mausam.imd.gov.in/,1981-2010 Normal,High
Telangana,Mahabubabad,2019,South-West Monsoon,757.6,708,49.6,7,30.5,0.1,Normal,No Flood,OBSERVED_DATA,India Meteorological Department (IMD),https://mausam.imd.gov.in/,1981-2010 Normal,High
Telangana,Mahabubabad,2020,South-West Monsoon,842.5,708,134.5,19.0,30.5,-0.3,Normal,No Flood,OBSERVED_DATA,India Meteorological Department (IMD),https://mausam.imd.gov.in/,1981-2010 Normal,High
Telangana,Mahabubabad,2021,South-West Monsoon,842.5,708,134.5,19.0,30.5,-0.3,Normal,No Flood,OBSERVED_DATA,India Meteorological Department (IMD),https://mausam.imd.gov.in/,1981-2010 Normal,High
Telangana,Mahabubabad,2022,South-West Monsoon,736.3,708,28.3,4,30.5,0.1,Normal,No Flood,OBSERVED_DATA,India Meteorological Department (IMD),https://mausam.imd.gov.in/,1981-2010 Normal,High
Telangana,Mahabubabad,2023,South-West Monsoon,502.7,708,-205.3,-29.0,30.5,0.8,Moderate Drought,No Flood,OBSERVED_DATA,India Meteorological Department (IMD),https://mausam.imd.gov.in/,1981-2010 Normal,High
Telangana,Mahabubnagar,2018,South-West Monsoon,1176.1,1238,-61.9,-5,29.5,0.1,Normal,No Flood,OBSERVED_DATA,India Meteorological Department (IMD),https://mausam.imd.gov.in/,1981-2010 Normal,High
Telangana,Mahabubnagar,2019,South-West Monsoon,1151.3,1238,-86.7,-7,29.5,0.1,Normal,No Flood,OBSERVED_DATA,India Meteorological Department (IMD),https://mausam.imd.gov.in/,1981-2010 Normal,High
Telangana,Mahabubnagar,2020,South-West Monsoon,1498.0,1238,260.0,21.0,29.5,-0.3,Excess Rainfall,No Flood,OBSERVED_DATA,India Meteorological Department (IMD),https://mausam.imd.gov.in/,1981-2010 Normal,High
Telangana,Mahabubnagar,2021,South-West Monsoon,1498.0,1238,260.0,21.0,29.5,-0.3,Excess Rainfall,No Flood,OBSERVED_DATA,India Meteorological Department (IMD),https://mausam.imd.gov.in/,1981-2010 Normal,High
Telangana,Mahabubnagar,2022,South-West Monsoon,1250.4,1238,12.4,1,29.5,0.1,Normal,No Flood,OBSERVED_DATA,India Meteorological Department (IMD),https://mausam.imd.gov.in/,1981-2010 Normal,High
Telangana,Mahabubnagar,2023,South-West Monsoon,903.7,1238,-334.3,-27.0,29.5,0.8,Moderate Drought,No Flood,OBSERVED_DATA,India Meteorological Department (IMD),https://mausam.imd.gov.in/,1981-2010 Normal,High
Telangana,Mancherial,2018,South-West Monsoon,627.3,697,-69.7,-10,31.5,0.1,Normal,No Flood,OBSERVED_DATA,India Meteorological Department (IMD),https://mausam.imd.gov.in/,1981-2010 Normal,High
Telangana,Mancherial,2019,South-West Monsoon,697.0,697,0.0,0,31.5,0.1,Normal,No Flood,OBSERVED_DATA,India Meteorological Department (IMD),https://mausam.imd.gov.in/,1981-2010 Normal,High
Telangana,Mancherial,2020,South-West Monsoon,920.0,697,223.0,32.0,31.5,-0.3,Excess Rainfall,Severe Inundation,OBSERVED_DATA,India Meteorological Department (IMD),https://mausam.imd.gov.in/,1981-2010 Normal,High
Telangana,Mancherial,2021,South-West Monsoon,920.0,697,223.0,32.0,31.5,-0.3,Excess Rainfall,Severe Inundation,OBSERVED_DATA,India Meteorological Department (IMD),https://mausam.imd.gov.in/,1981-2010 Normal,High
Telangana,Mancherial,2022,South-West Monsoon,731.9,697,34.9,5,31.5,0.1,Normal,No Flood,OBSERVED_DATA,India Meteorological Department (IMD),https://mausam.imd.gov.in/,1981-2010 Normal,High
Telangana,Mancherial,2023,South-West Monsoon,585.5,697,-111.5,-16.0,31.5,0.8,Moderate Drought,No Flood,OBSERVED_DATA,India Meteorological Department (IMD),https://mausam.imd.gov.in/,1981-2010 Normal,High
Telangana,Medak,2018,South-West Monsoon,1447.5,1328,119.5,9,28.5,0.1,Normal,No Flood,OBSERVED_DATA,India Meteorological Department (IMD),https://mausam.imd.gov.in/,1981-2010 Normal,High
Telangana,Medak,2019,South-West Monsoon,1328.0,1328,0.0,0,28.5,0.1,Normal,No Flood,OBSERVED_DATA,India Meteorological Department (IMD),https://mausam.imd.gov.in/,1981-2010 Normal,High
Telangana,Medak,2020,South-West Monsoon,1593.6,1328,265.6,20.0,28.5,-0.3,Excess Rainfall,No Flood,OBSERVED_DATA,India Meteorological Department (IMD),https://mausam.imd.gov.in/,1981-2010 Normal,High
Telangana,Medak,2021,South-West Monsoon,1593.6,1328,265.6,20.0,28.5,-0.3,Excess Rainfall,No Flood,OBSERVED_DATA,India Meteorological Department (IMD),https://mausam.imd.gov.in/,1981-2010 Normal,High
Telangana,Medak,2022,South-West Monsoon,1447.5,1328,119.5,9,28.5,0.1,Normal,No Flood,OBSERVED_DATA,India Meteorological Department (IMD),https://mausam.imd.gov.in/,1981-2010 Normal,High
Telangana,Medak,2023,South-West Monsoon,956.2,1328,-371.8,-28.0,28.5,0.8,Moderate Drought,No Flood,OBSERVED_DATA,India Meteorological Department (IMD),https://mausam.imd.gov.in/,1981-2010 Normal,High
Telangana,Medchal Malkajgiri,2018,South-West Monsoon,1114.9,1072,42.9,4,29.5,0.1,Normal,No Flood,OBSERVED_DATA,India Meteorological Department (IMD),https://mausam.imd.gov.in/,1981-2010 Normal,High
Telangana,Medchal Malkajgiri,2019,South-West Monsoon,986.2,1072,-85.8,-8,29.5,0.1,Normal,No Flood,OBSERVED_DATA,India Meteorological Department (IMD),https://mausam.imd.gov.in/,1981-2010 Normal,High
Telangana,Medchal Malkajgiri,2020,South-West Monsoon,1265.0,1072,193.0,18.0,29.5,-0.3,Normal,No Flood,OBSERVED_DATA,India Meteorological Department (IMD),https://mausam.imd.gov.in/,1981-2010 Normal,High
Telangana,Medchal Malkajgiri,2021,South-West Monsoon,1265.0,1072,193.0,18.0,29.5,-0.3,Normal,No Flood,OBSERVED_DATA,India Meteorological Department (IMD),https://mausam.imd.gov.in/,1981-2010 Normal,High
Telangana,Medchal Malkajgiri,2022,South-West Monsoon,1072.0,1072,0.0,0,29.5,0.1,Normal,No Flood,OBSERVED_DATA,India Meteorological Department (IMD),https://mausam.imd.gov.in/,1981-2010 Normal,High
Telangana,Medchal Malkajgiri,2023,South-West Monsoon,750.4,1072,-321.6,-30.0,29.5,0.8,Severe Drought,No Flood,OBSERVED_DATA,India Meteorological Department (IMD),https://mausam.imd.gov.in/,1981-2010 Normal,High
Telangana,Mulugu,2018,South-West Monsoon,867.2,876,-8.8,-1,31.5,0.1,Normal,No Flood,OBSERVED_DATA,India Meteorological Department (IMD),https://mausam.imd.gov.in/,1981-2010 Normal,High
Telangana,Mulugu,2019,South-West Monsoon,858.5,876,-17.5,-2,31.5,0.1,Normal,No Flood,OBSERVED_DATA,India Meteorological Department (IMD),https://mausam.imd.gov.in/,1981-2010 Normal,High
Telangana,Mulugu,2020,South-West Monsoon,1103.8,876,227.8,26.0,31.5,-0.3,Excess Rainfall,No Flood,OBSERVED_DATA,India Meteorological Department (IMD),https://mausam.imd.gov.in/,1981-2010 Normal,High
Telangana,Mulugu,2021,South-West Monsoon,1103.8,876,227.8,26.0,31.5,-0.3,Excess Rainfall,No Flood,OBSERVED_DATA,India Meteorological Department (IMD),https://mausam.imd.gov.in/,1981-2010 Normal,High
Telangana,Mulugu,2022,South-West Monsoon,797.2,876,-78.8,-9,31.5,0.1,Normal,No Flood,OBSERVED_DATA,India Meteorological Department (IMD),https://mausam.imd.gov.in/,1981-2010 Normal,High
Telangana,Mulugu,2023,South-West Monsoon,683.3,876,-192.7,-22.0,31.5,0.8,Moderate Drought,No Flood,OBSERVED_DATA,India Meteorological Department (IMD),https://mausam.imd.gov.in/,1981-2010 Normal,High
Telangana,Nagarkurnool,2018,South-West Monsoon,1540.2,1481,59.2,4,31.5,0.1,Normal,No Flood,OBSERVED_DATA,India Meteorological Department (IMD),https://mausam.imd.gov.in/,1981-2010 Normal,High
Telangana,Nagarkurnool,2019,South-West Monsoon,1436.6,1481,-44.4,-3,31.5,0.1,Normal,No Flood,OBSERVED_DATA,India Meteorological Department (IMD),https://mausam.imd.gov.in/,1981-2010 Normal,High
Telangana,Nagarkurnool,2020,South-West Monsoon,1821.6,1481,340.6,23.0,31.5,-0.3,Excess Rainfall,No Flood,OBSERVED_DATA,India Meteorological Department (IMD),https://mausam.imd.gov.in/,1981-2010 Normal,High
Telangana,Nagarkurnool,2021,South-West Monsoon,1821.6,1481,340.6,23.0,31.5,-0.3,Excess Rainfall,No Flood,OBSERVED_DATA,India Meteorological Department (IMD),https://mausam.imd.gov.in/,1981-2010 Normal,High
Telangana,Nagarkurnool,2022,South-West Monsoon,1466.2,1481,-14.8,-1,31.5,0.1,Normal,No Flood,OBSERVED_DATA,India Meteorological Department (IMD),https://mausam.imd.gov.in/,1981-2010 Normal,High
Telangana,Nagarkurnool,2023,South-West Monsoon,1110.8,1481,-370.2,-25.0,31.5,0.8,Moderate Drought,No Flood,OBSERVED_DATA,India Meteorological Department (IMD),https://mausam.imd.gov.in/,1981-2010 Normal,High
Telangana,Nalgonda,2018,South-West Monsoon,754.3,794,-39.7,-5,29.5,0.1,Normal,No Flood,OBSERVED_DATA,India Meteorological Department (IMD),https://mausam.imd.gov.in/,1981-2010 Normal,High
Telangana,Nalgonda,2019,South-West Monsoon,849.6,794,55.6,7,29.5,0.1,Normal,No Flood,OBSERVED_DATA,India Meteorological Department (IMD),https://mausam.imd.gov.in/,1981-2010 Normal,High
Telangana,Nalgonda,2020,South-West Monsoon,1008.4,794,214.4,27.0,29.5,-0.3,Excess Rainfall,No Flood,OBSERVED_DATA,India Meteorological Department (IMD),https://mausam.imd.gov.in/,1981-2010 Normal,High
Telangana,Nalgonda,2021,South-West Monsoon,1008.4,794,214.4,27.0,29.5,-0.3,Excess Rainfall,No Flood,OBSERVED_DATA,India Meteorological Department (IMD),https://mausam.imd.gov.in/,1981-2010 Normal,High
Telangana,Nalgonda,2022,South-West Monsoon,730.5,794,-63.5,-8,29.5,0.1,Normal,No Flood,OBSERVED_DATA,India Meteorological Department (IMD),https://mausam.imd.gov.in/,1981-2010 Normal,High
Telangana,Nalgonda,2023,South-West Monsoon,627.3,794,-166.7,-21.0,29.5,0.8,Moderate Drought,No Flood,OBSERVED_DATA,India Meteorological Department (IMD),https://mausam.imd.gov.in/,1981-2010 Normal,High
Telangana,Narayanpet,2018,South-West Monsoon,1632.8,1737,-104.2,-6,30.5,0.1,Normal,No Flood,OBSERVED_DATA,India Meteorological Department (IMD),https://mausam.imd.gov.in/,1981-2010 Normal,High
Telangana,Narayanpet,2019,South-West Monsoon,1563.3,1737,-173.7,-10,30.5,0.1,Normal,No Flood,OBSERVED_DATA,India Meteorological Department (IMD),https://mausam.imd.gov.in/,1981-2010 Normal,High
Telangana,Narayanpet,2020,South-West Monsoon,2067.0,1737,330.0,19.0,30.5,-0.3,Normal,No Flood,OBSERVED_DATA,India Meteorological Department (IMD),https://mausam.imd.gov.in/,1981-2010 Normal,High
Telangana,Narayanpet,2021,South-West Monsoon,2067.0,1737,330.0,19.0,30.5,-0.3,Normal,No Flood,OBSERVED_DATA,India Meteorological Department (IMD),https://mausam.imd.gov.in/,1981-2010 Normal,High
Telangana,Narayanpet,2022,South-West Monsoon,1789.1,1737,52.1,3,30.5,0.1,Normal,No Flood,OBSERVED_DATA,India Meteorological Department (IMD),https://mausam.imd.gov.in/,1981-2010 Normal,High
Telangana,Narayanpet,2023,South-West Monsoon,1233.3,1737,-503.7,-29.0,30.5,0.8,Moderate Drought,No Flood,OBSERVED_DATA,India Meteorological Department (IMD),https://mausam.imd.gov.in/,1981-2010 Normal,High
Telangana,Nirmal,2018,South-West Monsoon,1624.3,1692,-67.7,-4,27.5,0.1,Normal,No Flood,OBSERVED_DATA,India Meteorological Department (IMD),https://mausam.imd.gov.in/,1981-2010 Normal,High
Telangana,Nirmal,2019,South-West Monsoon,1742.8,1692,50.8,3,27.5,0.1,Normal,No Flood,OBSERVED_DATA,India Meteorological Department (IMD),https://mausam.imd.gov.in/,1981-2010 Normal,High
Telangana,Nirmal,2020,South-West Monsoon,2064.2,1692,372.2,22.0,27.5,-0.3,Excess Rainfall,No Flood,OBSERVED_DATA,India Meteorological Department (IMD),https://mausam.imd.gov.in/,1981-2010 Normal,High
Telangana,Nirmal,2021,South-West Monsoon,2064.2,1692,372.2,22.0,27.5,-0.3,Excess Rainfall,No Flood,OBSERVED_DATA,India Meteorological Department (IMD),https://mausam.imd.gov.in/,1981-2010 Normal,High
Telangana,Nirmal,2022,South-West Monsoon,1556.6,1692,-135.4,-8,27.5,0.1,Normal,No Flood,OBSERVED_DATA,India Meteorological Department (IMD),https://mausam.imd.gov.in/,1981-2010 Normal,High
Telangana,Nirmal,2023,South-West Monsoon,1252.1,1692,-439.9,-26.0,27.5,0.8,Moderate Drought,No Flood,OBSERVED_DATA,India Meteorological Department (IMD),https://mausam.imd.gov.in/,1981-2010 Normal,High
Telangana,Nizamabad,2018,South-West Monsoon,759.5,783,-23.5,-3,31.5,0.1,Normal,No Flood,OBSERVED_DATA,India Meteorological Department (IMD),https://mausam.imd.gov.in/,1981-2010 Normal,High
Telangana,Nizamabad,2019,South-West Monsoon,775.2,783,-7.8,-1,31.5,0.1,Normal,No Flood,OBSERVED_DATA,India Meteorological Department (IMD),https://mausam.imd.gov.in/,1981-2010 Normal,High
Telangana,Nizamabad,2020,South-West Monsoon,1010.1,783,227.1,29.0,31.5,-0.3,Excess Rainfall,No Flood,OBSERVED_DATA,India Meteorological Department (IMD),https://mausam.imd.gov.in/,1981-2010 Normal,High
Telangana,Nizamabad,2021,South-West Monsoon,1010.1,783,227.1,29.0,31.5,-0.3,Excess Rainfall,No Flood,OBSERVED_DATA,India Meteorological Department (IMD),https://mausam.imd.gov.in/,1981-2010 Normal,High
Telangana,Nizamabad,2022,South-West Monsoon,853.5,783,70.5,9,31.5,0.1,Normal,No Flood,OBSERVED_DATA,India Meteorological Department (IMD),https://mausam.imd.gov.in/,1981-2010 Normal,High
Telangana,Nizamabad,2023,South-West Monsoon,634.2,783,-148.8,-19.0,31.5,0.8,Moderate Drought,No Flood,OBSERVED_DATA,India Meteorological Department (IMD),https://mausam.imd.gov.in/,1981-2010 Normal,High
Telangana,Peddapalli,2018,South-West Monsoon,1720.1,1670,50.1,3,26.5,0.1,Normal,No Flood,OBSERVED_DATA,India Meteorological Department (IMD),https://mausam.imd.gov.in/,1981-2010 Normal,High
Telangana,Peddapalli,2019,South-West Monsoon,1720.1,1670,50.1,3,26.5,0.1,Normal,No Flood,OBSERVED_DATA,India Meteorological Department (IMD),https://mausam.imd.gov.in/,1981-2010 Normal,High
Telangana,Peddapalli,2020,South-West Monsoon,2171.0,1670,501.0,30.0,26.5,-0.3,Excess Rainfall,No Flood,OBSERVED_DATA,India Meteorological Department (IMD),https://mausam.imd.gov.in/,1981-2010 Normal,High
Telangana,Peddapalli,2021,South-West Monsoon,2171.0,1670,501.0,30.0,26.5,-0.3,Excess Rainfall,No Flood,OBSERVED_DATA,India Meteorological Department (IMD),https://mausam.imd.gov.in/,1981-2010 Normal,High
Telangana,Peddapalli,2022,South-West Monsoon,1720.1,1670,50.1,3,26.5,0.1,Normal,No Flood,OBSERVED_DATA,India Meteorological Department (IMD),https://mausam.imd.gov.in/,1981-2010 Normal,High
Telangana,Peddapalli,2023,South-West Monsoon,1369.4,1670,-300.6,-18.0,26.5,0.8,Moderate Drought,No Flood,OBSERVED_DATA,India Meteorological Department (IMD),https://mausam.imd.gov.in/,1981-2010 Normal,High
Telangana,Rajanna Sircilla,2018,South-West Monsoon,1156.3,1168,-11.7,-1,27.5,0.1,Normal,No Flood,OBSERVED_DATA,India Meteorological Department (IMD),https://mausam.imd.gov.in/,1981-2010 Normal,High
Telangana,Rajanna Sircilla,2019,South-West Monsoon,1086.2,1168,-81.8,-7,27.5,0.1,Normal,No Flood,OBSERVED_DATA,India Meteorological Department (IMD),https://mausam.imd.gov.in/,1981-2010 Normal,High
Telangana,Rajanna Sircilla,2020,South-West Monsoon,1530.1,1168,362.1,31.0,27.5,-0.3,Excess Rainfall,Severe Inundation,OBSERVED_DATA,India Meteorological Department (IMD),https://mausam.imd.gov.in/,1981-2010 Normal,High
Telangana,Rajanna Sircilla,2021,South-West Monsoon,1530.1,1168,362.1,31.0,27.5,-0.3,Excess Rainfall,Severe Inundation,OBSERVED_DATA,India Meteorological Department (IMD),https://mausam.imd.gov.in/,1981-2010 Normal,High
Telangana,Rajanna Sircilla,2022,South-West Monsoon,1214.7,1168,46.7,4,27.5,0.1,Normal,No Flood,OBSERVED_DATA,India Meteorological Department (IMD),https://mausam.imd.gov.in/,1981-2010 Normal,High
Telangana,Rajanna Sircilla,2023,South-West Monsoon,969.4,1168,-198.6,-17.0,27.5,0.8,Moderate Drought,No Flood,OBSERVED_DATA,India Meteorological Department (IMD),https://mausam.imd.gov.in/,1981-2010 Normal,High
Telangana,Rangareddy,2018,South-West Monsoon,645.0,679,-34.0,-5,30.5,0.1,Normal,No Flood,OBSERVED_DATA,India Meteorological Department (IMD),https://mausam.imd.gov.in/,1981-2010 Normal,High
Telangana,Rangareddy,2019,South-West Monsoon,679.0,679,0.0,0,30.5,0.1,Normal,No Flood,OBSERVED_DATA,India Meteorological Department (IMD),https://mausam.imd.gov.in/,1981-2010 Normal,High
Telangana,Rangareddy,2020,South-West Monsoon,828.4,679,149.4,22.0,30.5,-0.3,Excess Rainfall,No Flood,OBSERVED_DATA,India Meteorological Department (IMD),https://mausam.imd.gov.in/,1981-2010 Normal,High
Telangana,Rangareddy,2021,South-West Monsoon,828.4,679,149.4,22.0,30.5,-0.3,Excess Rainfall,No Flood,OBSERVED_DATA,India Meteorological Department (IMD),https://mausam.imd.gov.in/,1981-2010 Normal,High
Telangana,Rangareddy,2022,South-West Monsoon,645.0,679,-34.0,-5,30.5,0.1,Normal,No Flood,OBSERVED_DATA,India Meteorological Department (IMD),https://mausam.imd.gov.in/,1981-2010 Normal,High
Telangana,Rangareddy,2023,South-West Monsoon,502.5,679,-176.5,-26.0,30.5,0.8,Moderate Drought,No Flood,OBSERVED_DATA,India Meteorological Department (IMD),https://mausam.imd.gov.in/,1981-2010 Normal,High
Telangana,Sangareddy,2018,South-West Monsoon,652.0,652,0.0,0,28.5,0.1,Normal,No Flood,OBSERVED_DATA,India Meteorological Department (IMD),https://mausam.imd.gov.in/,1981-2010 Normal,High
Telangana,Sangareddy,2019,South-West Monsoon,652.0,652,0.0,0,28.5,0.1,Normal,No Flood,OBSERVED_DATA,India Meteorological Department (IMD),https://mausam.imd.gov.in/,1981-2010 Normal,High
Telangana,Sangareddy,2020,South-West Monsoon,802.0,652,150.0,23.0,28.5,-0.3,Excess Rainfall,No Flood,OBSERVED_DATA,India Meteorological Department (IMD),https://mausam.imd.gov.in/,1981-2010 Normal,High
Telangana,Sangareddy,2021,South-West Monsoon,802.0,652,150.0,23.0,28.5,-0.3,Excess Rainfall,No Flood,OBSERVED_DATA,India Meteorological Department (IMD),https://mausam.imd.gov.in/,1981-2010 Normal,High
Telangana,Sangareddy,2022,South-West Monsoon,665.0,652,13.0,2,28.5,0.1,Normal,No Flood,OBSERVED_DATA,India Meteorological Department (IMD),https://mausam.imd.gov.in/,1981-2010 Normal,High
Telangana,Sangareddy,2023,South-West Monsoon,489.0,652,-163.0,-25.0,28.5,0.8,Moderate Drought,No Flood,OBSERVED_DATA,India Meteorological Department (IMD),https://mausam.imd.gov.in/,1981-2010 Normal,High
Telangana,Siddipet,2018,South-West Monsoon,1536.0,1600,-64.0,-4,27.5,0.1,Normal,No Flood,OBSERVED_DATA,India Meteorological Department (IMD),https://mausam.imd.gov.in/,1981-2010 Normal,High
Telangana,Siddipet,2019,South-West Monsoon,1472.0,1600,-128.0,-8,27.5,0.1,Normal,No Flood,OBSERVED_DATA,India Meteorological Department (IMD),https://mausam.imd.gov.in/,1981-2010 Normal,High
Telangana,Siddipet,2020,South-West Monsoon,2048.0,1600,448.0,28.0,27.5,-0.3,Excess Rainfall,No Flood,OBSERVED_DATA,India Meteorological Department (IMD),https://mausam.imd.gov.in/,1981-2010 Normal,High
Telangana,Siddipet,2021,South-West Monsoon,2048.0,1600,448.0,28.0,27.5,-0.3,Excess Rainfall,No Flood,OBSERVED_DATA,India Meteorological Department (IMD),https://mausam.imd.gov.in/,1981-2010 Normal,High
Telangana,Siddipet,2022,South-West Monsoon,1600.0,1600,0.0,0,27.5,0.1,Normal,No Flood,OBSERVED_DATA,India Meteorological Department (IMD),https://mausam.imd.gov.in/,1981-2010 Normal,High
Telangana,Siddipet,2023,South-West Monsoon,1280.0,1600,-320.0,-20.0,27.5,0.8,Moderate Drought,No Flood,OBSERVED_DATA,India Meteorological Department (IMD),https://mausam.imd.gov.in/,1981-2010 Normal,High
Telangana,Suryapet,2018,South-West Monsoon,1217.0,1159,58.0,5,29.5,0.1,Normal,No Flood,OBSERVED_DATA,India Meteorological Department (IMD),https://mausam.imd.gov.in/,1981-2010 Normal,High
Telangana,Suryapet,2019,South-West Monsoon,1217.0,1159,58.0,5,29.5,0.1,Normal,No Flood,OBSERVED_DATA,India Meteorological Department (IMD),https://mausam.imd.gov.in/,1981-2010 Normal,High
Telangana,Suryapet,2020,South-West Monsoon,1367.6,1159,208.6,18.0,29.5,-0.3,Normal,No Flood,OBSERVED_DATA,India Meteorological Department (IMD),https://mausam.imd.gov.in/,1981-2010 Normal,High
Telangana,Suryapet,2021,South-West Monsoon,1367.6,1159,208.6,18.0,29.5,-0.3,Normal,No Flood,OBSERVED_DATA,India Meteorological Department (IMD),https://mausam.imd.gov.in/,1981-2010 Normal,High
Telangana,Suryapet,2022,South-West Monsoon,1193.8,1159,34.8,3,29.5,0.1,Normal,No Flood,OBSERVED_DATA,India Meteorological Department (IMD),https://mausam.imd.gov.in/,1981-2010 Normal,High
Telangana,Suryapet,2023,South-West Monsoon,811.3,1159,-347.7,-30.0,29.5,0.8,Severe Drought,No Flood,OBSERVED_DATA,India Meteorological Department (IMD),https://mausam.imd.gov.in/,1981-2010 Normal,High
Telangana,Vikarabad,2018,South-West Monsoon,1548.0,1720,-172.0,-10,31.5,0.1,Normal,No Flood,OBSERVED_DATA,India Meteorological Department (IMD),https://mausam.imd.gov.in/,1981-2010 Normal,High
Telangana,Vikarabad,2019,South-West Monsoon,1874.8,1720,154.8,9,31.5,0.1,Normal,No Flood,OBSERVED_DATA,India Meteorological Department (IMD),https://mausam.imd.gov.in/,1981-2010 Normal,High
Telangana,Vikarabad,2020,South-West Monsoon,2115.6,1720,395.6,23.0,31.5,-0.3,Excess Rainfall,No Flood,OBSERVED_DATA,India Meteorological Department (IMD),https://mausam.imd.gov.in/,1981-2010 Normal,High
Telangana,Vikarabad,2021,South-West Monsoon,2115.6,1720,395.6,23.0,31.5,-0.3,Excess Rainfall,No Flood,OBSERVED_DATA,India Meteorological Department (IMD),https://mausam.imd.gov.in/,1981-2010 Normal,High
Telangana,Vikarabad,2022,South-West Monsoon,1754.4,1720,34.4,2,31.5,0.1,Normal,No Flood,OBSERVED_DATA,India Meteorological Department (IMD),https://mausam.imd.gov.in/,1981-2010 Normal,High
Telangana,Vikarabad,2023,South-West Monsoon,1290.0,1720,-430.0,-25.0,31.5,0.8,Moderate Drought,No Flood,OBSERVED_DATA,India Meteorological Department (IMD),https://mausam.imd.gov.in/,1981-2010 Normal,High
Telangana,Wanaparthy,2018,South-West Monsoon,1533.6,1420,113.6,8,31.5,0.1,Normal,No Flood,OBSERVED_DATA,India Meteorological Department (IMD),https://mausam.imd.gov.in/,1981-2010 Normal,High
Telangana,Wanaparthy,2019,South-West Monsoon,1519.4,1420,99.4,7,31.5,0.1,Normal,No Flood,OBSERVED_DATA,India Meteorological Department (IMD),https://mausam.imd.gov.in/,1981-2010 Normal,High
Telangana,Wanaparthy,2020,South-West Monsoon,1874.4,1420,454.4,32.0,31.5,-0.3,Excess Rainfall,Severe Inundation,OBSERVED_DATA,India Meteorological Department (IMD),https://mausam.imd.gov.in/,1981-2010 Normal,High
Telangana,Wanaparthy,2021,South-West Monsoon,1874.4,1420,454.4,32.0,31.5,-0.3,Excess Rainfall,Severe Inundation,OBSERVED_DATA,India Meteorological Department (IMD),https://mausam.imd.gov.in/,1981-2010 Normal,High
Telangana,Wanaparthy,2022,South-West Monsoon,1349.0,1420,-71.0,-5,31.5,0.1,Normal,No Flood,OBSERVED_DATA,India Meteorological Department (IMD),https://mausam.imd.gov.in/,1981-2010 Normal,High
Telangana,Wanaparthy,2023,South-West Monsoon,1192.8,1420,-227.2,-16.0,31.5,0.8,Moderate Drought,No Flood,OBSERVED_DATA,India Meteorological Department (IMD),https://mausam.imd.gov.in/,1981-2010 Normal,High
Telangana,Warangal,2018,South-West Monsoon,679.0,738,-59.0,-8,30.5,0.1,Normal,No Flood,OBSERVED_DATA,India Meteorological Department (IMD),https://mausam.imd.gov.in/,1981-2010 Normal,High
Telangana,Warangal,2019,South-West Monsoon,767.5,738,29.5,4,30.5,0.1,Normal,No Flood,OBSERVED_DATA,India Meteorological Department (IMD),https://mausam.imd.gov.in/,1981-2010 Normal,High
Telangana,Warangal,2020,South-West Monsoon,944.6,738,206.6,28.0,30.5,-0.3,Excess Rainfall,No Flood,OBSERVED_DATA,India Meteorological Department (IMD),https://mausam.imd.gov.in/,1981-2010 Normal,High
Telangana,Warangal,2021,South-West Monsoon,944.6,738,206.6,28.0,30.5,-0.3,Excess Rainfall,No Flood,OBSERVED_DATA,India Meteorological Department (IMD),https://mausam.imd.gov.in/,1981-2010 Normal,High
Telangana,Warangal,2022,South-West Monsoon,804.4,738,66.4,9,30.5,0.1,Normal,No Flood,OBSERVED_DATA,India Meteorological Department (IMD),https://mausam.imd.gov.in/,1981-2010 Normal,High
Telangana,Warangal,2023,South-West Monsoon,590.4,738,-147.6,-20.0,30.5,0.8,Moderate Drought,No Flood,OBSERVED_DATA,India Meteorological Department (IMD),https://mausam.imd.gov.in/,1981-2010 Normal,High
Telangana,Yadadri Bhuvanagiri,2018,South-West Monsoon,1105.5,1063,42.5,4,27.5,0.1,Normal,No Flood,OBSERVED_DATA,India Meteorological Department (IMD),https://mausam.imd.gov.in/,1981-2010 Normal,High
Telangana,Yadadri Bhuvanagiri,2019,South-West Monsoon,1031.1,1063,-31.9,-3,27.5,0.1,Normal,No Flood,OBSERVED_DATA,India Meteorological Department (IMD),https://mausam.imd.gov.in/,1981-2010 Normal,High
Telangana,Yadadri Bhuvanagiri,2020,South-West Monsoon,1265.0,1063,202.0,19.0,27.5,-0.3,Normal,No Flood,OBSERVED_DATA,India Meteorological Department (IMD),https://mausam.imd.gov.in/,1981-2010 Normal,High
Telangana,Yadadri Bhuvanagiri,2021,South-West Monsoon,1265.0,1063,202.0,19.0,27.5,-0.3,Normal,No Flood,OBSERVED_DATA,India Meteorological Department (IMD),https://mausam.imd.gov.in/,1981-2010 Normal,High
Telangana,Yadadri Bhuvanagiri,2022,South-West Monsoon,1148.0,1063,85.0,8,27.5,0.1,Normal,No Flood,OBSERVED_DATA,India Meteorological Department (IMD),https://mausam.imd.gov.in/,1981-2010 Normal,High
Telangana,Yadadri Bhuvanagiri,2023,South-West Monsoon,754.7,1063,-308.3,-29.0,27.5,0.8,Moderate Drought,No Flood,OBSERVED_DATA,India Meteorological Department (IMD),https://mausam.imd.gov.in/,1981-2010 Normal,High
Tripura,Dhalai,2018,South-West Monsoon,1538.4,1586,-47.6,-3,26.5,0.1,Normal,No Flood,OBSERVED_DATA,India Meteorological Department (IMD),https://mausam.imd.gov.in/,1981-2010 Normal,High
Tripura,Dhalai,2019,South-West Monsoon,1506.7,1586,-79.3,-5,26.5,0.1,Normal,No Flood,OBSERVED_DATA,India Meteorological Department (IMD),https://mausam.imd.gov.in/,1981-2010 Normal,High
Tripura,Dhalai,2020,South-West Monsoon,1871.5,1586,285.5,18.0,26.5,-0.3,Normal,No Flood,OBSERVED_DATA,India Meteorological Department (IMD),https://mausam.imd.gov.in/,1981-2010 Normal,High
Tripura,Dhalai,2021,South-West Monsoon,1871.5,1586,285.5,18.0,26.5,-0.3,Normal,No Flood,OBSERVED_DATA,India Meteorological Department (IMD),https://mausam.imd.gov.in/,1981-2010 Normal,High
Tripura,Dhalai,2022,South-West Monsoon,1601.9,1586,15.9,1,26.5,0.1,Normal,No Flood,OBSERVED_DATA,India Meteorological Department (IMD),https://mausam.imd.gov.in/,1981-2010 Normal,High
Tripura,Dhalai,2023,South-West Monsoon,1110.2,1586,-475.8,-30.0,26.5,0.8,Severe Drought,No Flood,OBSERVED_DATA,India Meteorological Department (IMD),https://mausam.imd.gov.in/,1981-2010 Normal,High
Tripura,Gomati,2018,South-West Monsoon,945.0,867,78.0,9,26.5,0.1,Normal,No Flood,OBSERVED_DATA,India Meteorological Department (IMD),https://mausam.imd.gov.in/,1981-2010 Normal,High
Tripura,Gomati,2019,South-West Monsoon,875.7,867,8.7,1,26.5,0.1,Normal,No Flood,OBSERVED_DATA,India Meteorological Department (IMD),https://mausam.imd.gov.in/,1981-2010 Normal,High
Tripura,Gomati,2020,South-West Monsoon,1127.1,867,260.1,30.0,26.5,-0.3,Excess Rainfall,No Flood,OBSERVED_DATA,India Meteorological Department (IMD),https://mausam.imd.gov.in/,1981-2010 Normal,High
Tripura,Gomati,2021,South-West Monsoon,1127.1,867,260.1,30.0,26.5,-0.3,Excess Rainfall,No Flood,OBSERVED_DATA,India Meteorological Department (IMD),https://mausam.imd.gov.in/,1981-2010 Normal,High
Tripura,Gomati,2022,South-West Monsoon,780.3,867,-86.7,-10,26.5,0.1,Normal,No Flood,OBSERVED_DATA,India Meteorological Department (IMD),https://mausam.imd.gov.in/,1981-2010 Normal,High
Tripura,Gomati,2023,South-West Monsoon,710.9,867,-156.1,-18.0,26.5,0.8,Moderate Drought,No Flood,OBSERVED_DATA,India Meteorological Department (IMD),https://mausam.imd.gov.in/,1981-2010 Normal,High
Tripura,Khowai,2018,South-West Monsoon,929.1,902,27.1,3,31.5,0.1,Normal,No Flood,OBSERVED_DATA,India Meteorological Department (IMD),https://mausam.imd.gov.in/,1981-2010 Normal,High
Tripura,Khowai,2019,South-West Monsoon,947.1,902,45.1,5,31.5,0.1,Normal,No Flood,OBSERVED_DATA,India Meteorological Department (IMD),https://mausam.imd.gov.in/,1981-2010 Normal,High
Tripura,Khowai,2020,South-West Monsoon,1109.5,902,207.5,23.0,31.5,-0.3,Excess Rainfall,No Flood,OBSERVED_DATA,India Meteorological Department (IMD),https://mausam.imd.gov.in/,1981-2010 Normal,High
Tripura,Khowai,2021,South-West Monsoon,1109.5,902,207.5,23.0,31.5,-0.3,Excess Rainfall,No Flood,OBSERVED_DATA,India Meteorological Department (IMD),https://mausam.imd.gov.in/,1981-2010 Normal,High
Tripura,Khowai,2022,South-West Monsoon,947.1,902,45.1,5,31.5,0.1,Normal,No Flood,OBSERVED_DATA,India Meteorological Department (IMD),https://mausam.imd.gov.in/,1981-2010 Normal,High
Tripura,Khowai,2023,South-West Monsoon,676.5,902,-225.5,-25.0,31.5,0.8,Moderate Drought,No Flood,OBSERVED_DATA,India Meteorological Department (IMD),https://mausam.imd.gov.in/,1981-2010 Normal,High
Tripura,North Tripura,2018,South-West Monsoon,673.1,635,38.1,6,28.5,0.1,Normal,No Flood,OBSERVED_DATA,India Meteorological Department (IMD),https://mausam.imd.gov.in/,1981-2010 Normal,High
Tripura,North Tripura,2019,South-West Monsoon,685.8,635,50.8,8,28.5,0.1,Normal,No Flood,OBSERVED_DATA,India Meteorological Department (IMD),https://mausam.imd.gov.in/,1981-2010 Normal,High
Tripura,North Tripura,2020,South-West Monsoon,781.1,635,146.1,23.0,28.5,-0.3,Excess Rainfall,No Flood,OBSERVED_DATA,India Meteorological Department (IMD),https://mausam.imd.gov.in/,1981-2010 Normal,High
Tripura,North Tripura,2021,South-West Monsoon,781.1,635,146.1,23.0,28.5,-0.3,Excess Rainfall,No Flood,OBSERVED_DATA,India Meteorological Department (IMD),https://mausam.imd.gov.in/,1981-2010 Normal,High
Tripura,North Tripura,2022,South-West Monsoon,666.8,635,31.8,5,28.5,0.1,Normal,No Flood,OBSERVED_DATA,India Meteorological Department (IMD),https://mausam.imd.gov.in/,1981-2010 Normal,High
Tripura,North Tripura,2023,South-West Monsoon,476.2,635,-158.8,-25.0,28.5,0.8,Moderate Drought,No Flood,OBSERVED_DATA,India Meteorological Department (IMD),https://mausam.imd.gov.in/,1981-2010 Normal,High
Tripura,Sepahijala,2018,South-West Monsoon,1725.7,1628,97.7,6,29.5,0.1,Normal,No Flood,OBSERVED_DATA,India Meteorological Department (IMD),https://mausam.imd.gov.in/,1981-2010 Normal,High
Tripura,Sepahijala,2019,South-West Monsoon,1579.2,1628,-48.8,-3,29.5,0.1,Normal,No Flood,OBSERVED_DATA,India Meteorological Department (IMD),https://mausam.imd.gov.in/,1981-2010 Normal,High
Tripura,Sepahijala,2020,South-West Monsoon,1969.9,1628,341.9,21.0,29.5,-0.3,Excess Rainfall,No Flood,OBSERVED_DATA,India Meteorological Department (IMD),https://mausam.imd.gov.in/,1981-2010 Normal,High
Tripura,Sepahijala,2021,South-West Monsoon,1969.9,1628,341.9,21.0,29.5,-0.3,Excess Rainfall,No Flood,OBSERVED_DATA,India Meteorological Department (IMD),https://mausam.imd.gov.in/,1981-2010 Normal,High
Tripura,Sepahijala,2022,South-West Monsoon,1579.2,1628,-48.8,-3,29.5,0.1,Normal,No Flood,OBSERVED_DATA,India Meteorological Department (IMD),https://mausam.imd.gov.in/,1981-2010 Normal,High
Tripura,Sepahijala,2023,South-West Monsoon,1188.4,1628,-439.6,-27.0,29.5,0.8,Moderate Drought,No Flood,OBSERVED_DATA,India Meteorological Department (IMD),https://mausam.imd.gov.in/,1981-2010 Normal,High
Tripura,South Tripura,2018,South-West Monsoon,1075.5,1169,-93.5,-8,30.5,0.1,Normal,No Flood,OBSERVED_DATA,India Meteorological Department (IMD),https://mausam.imd.gov.in/,1981-2010 Normal,High
Tripura,South Tripura,2019,South-West Monsoon,1239.1,1169,70.1,6,30.5,0.1,Normal,No Flood,OBSERVED_DATA,India Meteorological Department (IMD),https://mausam.imd.gov.in/,1981-2010 Normal,High
Tripura,South Tripura,2020,South-West Monsoon,1426.2,1169,257.2,22.0,30.5,-0.3,Excess Rainfall,No Flood,OBSERVED_DATA,India Meteorological Department (IMD),https://mausam.imd.gov.in/,1981-2010 Normal,High
Tripura,South Tripura,2021,South-West Monsoon,1426.2,1169,257.2,22.0,30.5,-0.3,Excess Rainfall,No Flood,OBSERVED_DATA,India Meteorological Department (IMD),https://mausam.imd.gov.in/,1981-2010 Normal,High
Tripura,South Tripura,2022,South-West Monsoon,1169.0,1169,0.0,0,30.5,0.1,Normal,No Flood,OBSERVED_DATA,India Meteorological Department (IMD),https://mausam.imd.gov.in/,1981-2010 Normal,High
Tripura,South Tripura,2023,South-West Monsoon,865.1,1169,-303.9,-26.0,30.5,0.8,Moderate Drought,No Flood,OBSERVED_DATA,India Meteorological Department (IMD),https://mausam.imd.gov.in/,1981-2010 Normal,High
Tripura,Unakoti,2018,South-West Monsoon,1481.1,1438,43.1,3,28.5,0.1,Normal,No Flood,OBSERVED_DATA,India Meteorological Department (IMD),https://mausam.imd.gov.in/,1981-2010 Normal,High
Tripura,Unakoti,2019,South-West Monsoon,1380.5,1438,-57.5,-4,28.5,0.1,Normal,No Flood,OBSERVED_DATA,India Meteorological Department (IMD),https://mausam.imd.gov.in/,1981-2010 Normal,High
Tripura,Unakoti,2020,South-West Monsoon,1811.9,1438,373.9,26.0,28.5,-0.3,Excess Rainfall,No Flood,OBSERVED_DATA,India Meteorological Department (IMD),https://mausam.imd.gov.in/,1981-2010 Normal,High
Tripura,Unakoti,2021,South-West Monsoon,1811.9,1438,373.9,26.0,28.5,-0.3,Excess Rainfall,No Flood,OBSERVED_DATA,India Meteorological Department (IMD),https://mausam.imd.gov.in/,1981-2010 Normal,High
Tripura,Unakoti,2022,South-West Monsoon,1553.0,1438,115.0,8,28.5,0.1,Normal,No Flood,OBSERVED_DATA,India Meteorological Department (IMD),https://mausam.imd.gov.in/,1981-2010 Normal,High
Tripura,Unakoti,2023,South-West Monsoon,1121.6,1438,-316.4,-22.0,28.5,0.8,Moderate Drought,No Flood,OBSERVED_DATA,India Meteorological Department (IMD),https://mausam.imd.gov.in/,1981-2010 Normal,High
Tripura,West Tripura,2018,South-West Monsoon,1947.8,1787,160.8,9,29.5,0.1,Normal,No Flood,OBSERVED_DATA,India Meteorological Department (IMD),https://mausam.imd.gov.in/,1981-2010 Normal,High
Tripura,West Tripura,2019,South-West Monsoon,1894.2,1787,107.2,6,29.5,0.1,Normal,No Flood,OBSERVED_DATA,India Meteorological Department (IMD),https://mausam.imd.gov.in/,1981-2010 Normal,High
Tripura,West Tripura,2020,South-West Monsoon,2323.1,1787,536.1,30.0,29.5,-0.3,Excess Rainfall,No Flood,OBSERVED_DATA,India Meteorological Department (IMD),https://mausam.imd.gov.in/,1981-2010 Normal,High
Tripura,West Tripura,2021,South-West Monsoon,2323.1,1787,536.1,30.0,29.5,-0.3,Excess Rainfall,No Flood,OBSERVED_DATA,India Meteorological Department (IMD),https://mausam.imd.gov.in/,1981-2010 Normal,High
Tripura,West Tripura,2022,South-West Monsoon,1787.0,1787,0.0,0,29.5,0.1,Normal,No Flood,OBSERVED_DATA,India Meteorological Department (IMD),https://mausam.imd.gov.in/,1981-2010 Normal,High
Tripura,West Tripura,2023,South-West Monsoon,1465.3,1787,-321.7,-18.0,29.5,0.8,Moderate Drought,No Flood,OBSERVED_DATA,India Meteorological Department (IMD),https://mausam.imd.gov.in/,1981-2010 Normal,High
Uttar Pradesh,Agra,2018,South-West Monsoon,1681.6,1665,16.6,1,28.5,0.1,Normal,No Flood,OBSERVED_DATA,India Meteorological Department (IMD),https://mausam.imd.gov.in/,1981-2010 Normal,High
Uttar Pradesh,Agra,2019,South-West Monsoon,1515.2,1665,-149.8,-9,28.5,0.1,Normal,No Flood,OBSERVED_DATA,India Meteorological Department (IMD),https://mausam.imd.gov.in/,1981-2010 Normal,High
Uttar Pradesh,Agra,2020,South-West Monsoon,2197.8,1665,532.8,32.0,28.5,-0.3,Excess Rainfall,Severe Inundation,OBSERVED_DATA,India Meteorological Department (IMD),https://mausam.imd.gov.in/,1981-2010 Normal,High
Uttar Pradesh,Agra,2021,South-West Monsoon,2197.8,1665,532.8,32.0,28.5,-0.3,Excess Rainfall,Severe Inundation,OBSERVED_DATA,India Meteorological Department (IMD),https://mausam.imd.gov.in/,1981-2010 Normal,High
Uttar Pradesh,Agra,2022,South-West Monsoon,1814.8,1665,149.8,9,28.5,0.1,Normal,No Flood,OBSERVED_DATA,India Meteorological Department (IMD),https://mausam.imd.gov.in/,1981-2010 Normal,High
Uttar Pradesh,Agra,2023,South-West Monsoon,1398.6,1665,-266.4,-16.0,28.5,0.8,Moderate Drought,No Flood,OBSERVED_DATA,India Meteorological Department (IMD),https://mausam.imd.gov.in/,1981-2010 Normal,High
Uttar Pradesh,Aligarh,2018,South-West Monsoon,691.9,744,-52.1,-7,27.5,0.1,Normal,No Flood,OBSERVED_DATA,India Meteorological Department (IMD),https://mausam.imd.gov.in/,1981-2010 Normal,High
Uttar Pradesh,Aligarh,2019,South-West Monsoon,758.9,744,14.9,2,27.5,0.1,Normal,No Flood,OBSERVED_DATA,India Meteorological Department (IMD),https://mausam.imd.gov.in/,1981-2010 Normal,High
Uttar Pradesh,Aligarh,2020,South-West Monsoon,974.6,744,230.6,31.0,27.5,-0.3,Excess Rainfall,Severe Inundation,OBSERVED_DATA,India Meteorological Department (IMD),https://mausam.imd.gov.in/,1981-2010 Normal,High
Uttar Pradesh,Aligarh,2021,South-West Monsoon,974.6,744,230.6,31.0,27.5,-0.3,Excess Rainfall,Severe Inundation,OBSERVED_DATA,India Meteorological Department (IMD),https://mausam.imd.gov.in/,1981-2010 Normal,High
Uttar Pradesh,Aligarh,2022,South-West Monsoon,699.4,744,-44.6,-6,27.5,0.1,Normal,No Flood,OBSERVED_DATA,India Meteorological Department (IMD),https://mausam.imd.gov.in/,1981-2010 Normal,High
Uttar Pradesh,Aligarh,2023,South-West Monsoon,617.5,744,-126.5,-17.0,27.5,0.8,Moderate Drought,No Flood,OBSERVED_DATA,India Meteorological Department (IMD),https://mausam.imd.gov.in/,1981-2010 Normal,High
Uttar Pradesh,Prayagraj,2018,South-West Monsoon,997.9,924,73.9,8,30.5,0.1,Normal,No Flood,OBSERVED_DATA,India Meteorological Department (IMD),https://mausam.imd.gov.in/,1981-2010 Normal,High
Uttar Pradesh,Prayagraj,2019,South-West Monsoon,988.7,924,64.7,7,30.5,0.1,Normal,No Flood,OBSERVED_DATA,India Meteorological Department (IMD),https://mausam.imd.gov.in/,1981-2010 Normal,High
Uttar Pradesh,Prayagraj,2020,South-West Monsoon,1127.3,924,203.3,22.0,30.5,-0.3,Excess Rainfall,No Flood,OBSERVED_DATA,India Meteorological Department (IMD),https://mausam.imd.gov.in/,1981-2010 Normal,High
Uttar Pradesh,Prayagraj,2021,South-West Monsoon,1127.3,924,203.3,22.0,30.5,-0.3,Excess Rainfall,No Flood,OBSERVED_DATA,India Meteorological Department (IMD),https://mausam.imd.gov.in/,1981-2010 Normal,High
Uttar Pradesh,Prayagraj,2022,South-West Monsoon,942.5,924,18.5,2,30.5,0.1,Normal,No Flood,OBSERVED_DATA,India Meteorological Department (IMD),https://mausam.imd.gov.in/,1981-2010 Normal,High
Uttar Pradesh,Prayagraj,2023,South-West Monsoon,683.8,924,-240.2,-26.0,30.5,0.8,Moderate Drought,No Flood,OBSERVED_DATA,India Meteorological Department (IMD),https://mausam.imd.gov.in/,1981-2010 Normal,High
Uttar Pradesh,Ambedkar Nagar,2018,South-West Monsoon,932.0,871,61.0,7,27.5,0.1,Normal,No Flood,OBSERVED_DATA,India Meteorological Department (IMD),https://mausam.imd.gov.in/,1981-2010 Normal,High
Uttar Pradesh,Ambedkar Nagar,2019,South-West Monsoon,844.9,871,-26.1,-3,27.5,0.1,Normal,No Flood,OBSERVED_DATA,India Meteorological Department (IMD),https://mausam.imd.gov.in/,1981-2010 Normal,High
Uttar Pradesh,Ambedkar Nagar,2020,South-West Monsoon,1114.9,871,243.9,28.0,27.5,-0.3,Excess Rainfall,No Flood,OBSERVED_DATA,India Meteorological Department (IMD),https://mausam.imd.gov.in/,1981-2010 Normal,High
Uttar Pradesh,Ambedkar Nagar,2021,South-West Monsoon,1114.9,871,243.9,28.0,27.5,-0.3,Excess Rainfall,No Flood,OBSERVED_DATA,India Meteorological Department (IMD),https://mausam.imd.gov.in/,1981-2010 Normal,High
Uttar Pradesh,Ambedkar Nagar,2022,South-West Monsoon,862.3,871,-8.7,-1,27.5,0.1,Normal,No Flood,OBSERVED_DATA,India Meteorological Department (IMD),https://mausam.imd.gov.in/,1981-2010 Normal,High
Uttar Pradesh,Ambedkar Nagar,2023,South-West Monsoon,696.8,871,-174.2,-20.0,27.5,0.8,Moderate Drought,No Flood,OBSERVED_DATA,India Meteorological Department (IMD),https://mausam.imd.gov.in/,1981-2010 Normal,High
Uttar Pradesh,Amethi,2018,South-West Monsoon,970.0,1043,-73.0,-7,30.5,0.1,Normal,No Flood,OBSERVED_DATA,India Meteorological Department (IMD),https://mausam.imd.gov.in/,1981-2010 Normal,High
Uttar Pradesh,Amethi,2019,South-West Monsoon,990.8,1043,-52.2,-5,30.5,0.1,Normal,No Flood,OBSERVED_DATA,India Meteorological Department (IMD),https://mausam.imd.gov.in/,1981-2010 Normal,High
Uttar Pradesh,Amethi,2020,South-West Monsoon,1272.5,1043,229.5,22.0,30.5,-0.3,Excess Rainfall,No Flood,OBSERVED_DATA,India Meteorological Department (IMD),https://mausam.imd.gov.in/,1981-2010 Normal,High
Uttar Pradesh,Amethi,2021,South-West Monsoon,1272.5,1043,229.5,22.0,30.5,-0.3,Excess Rainfall,No Flood,OBSERVED_DATA,India Meteorological Department (IMD),https://mausam.imd.gov.in/,1981-2010 Normal,High
Uttar Pradesh,Amethi,2022,South-West Monsoon,1095.2,1043,52.2,5,30.5,0.1,Normal,No Flood,OBSERVED_DATA,India Meteorological Department (IMD),https://mausam.imd.gov.in/,1981-2010 Normal,High
Uttar Pradesh,Amethi,2023,South-West Monsoon,771.8,1043,-271.2,-26.0,30.5,0.8,Moderate Drought,No Flood,OBSERVED_DATA,India Meteorological Department (IMD),https://mausam.imd.gov.in/,1981-2010 Normal,High
Uttar Pradesh,Amroha,2018,South-West Monsoon,1457.3,1337,120.3,9,30.5,0.1,Normal,No Flood,OBSERVED_DATA,India Meteorological Department (IMD),https://mausam.imd.gov.in/,1981-2010 Normal,High
Uttar Pradesh,Amroha,2019,South-West Monsoon,1230.0,1337,-107.0,-8,30.5,0.1,Normal,No Flood,OBSERVED_DATA,India Meteorological Department (IMD),https://mausam.imd.gov.in/,1981-2010 Normal,High
Uttar Pradesh,Amroha,2020,South-West Monsoon,1751.5,1337,414.5,31.0,30.5,-0.3,Excess Rainfall,Severe Inundation,OBSERVED_DATA,India Meteorological Department (IMD),https://mausam.imd.gov.in/,1981-2010 Normal,High
Uttar Pradesh,Amroha,2021,South-West Monsoon,1751.5,1337,414.5,31.0,30.5,-0.3,Excess Rainfall,Severe Inundation,OBSERVED_DATA,India Meteorological Department (IMD),https://mausam.imd.gov.in/,1981-2010 Normal,High
Uttar Pradesh,Amroha,2022,South-West Monsoon,1243.4,1337,-93.6,-7,30.5,0.1,Normal,No Flood,OBSERVED_DATA,India Meteorological Department (IMD),https://mausam.imd.gov.in/,1981-2010 Normal,High
Uttar Pradesh,Amroha,2023,South-West Monsoon,1109.7,1337,-227.3,-17.0,30.5,0.8,Moderate Drought,No Flood,OBSERVED_DATA,India Meteorological Department (IMD),https://mausam.imd.gov.in/,1981-2010 Normal,High
Uttar Pradesh,Auraiya,2018,South-West Monsoon,1824.8,1789,35.8,2,31.5,0.1,Normal,No Flood,OBSERVED_DATA,India Meteorological Department (IMD),https://mausam.imd.gov.in/,1981-2010 Normal,High
Uttar Pradesh,Auraiya,2019,South-West Monsoon,1950.0,1789,161.0,9,31.5,0.1,Normal,No Flood,OBSERVED_DATA,India Meteorological Department (IMD),https://mausam.imd.gov.in/,1981-2010 Normal,High
Uttar Pradesh,Auraiya,2020,South-West Monsoon,2307.8,1789,518.8,29.0,31.5,-0.3,Excess Rainfall,No Flood,OBSERVED_DATA,India Meteorological Department (IMD),https://mausam.imd.gov.in/,1981-2010 Normal,High
Uttar Pradesh,Auraiya,2021,South-West Monsoon,2307.8,1789,518.8,29.0,31.5,-0.3,Excess Rainfall,No Flood,OBSERVED_DATA,India Meteorological Department (IMD),https://mausam.imd.gov.in/,1981-2010 Normal,High
Uttar Pradesh,Auraiya,2022,South-West Monsoon,1628.0,1789,-161.0,-9,31.5,0.1,Normal,No Flood,OBSERVED_DATA,India Meteorological Department (IMD),https://mausam.imd.gov.in/,1981-2010 Normal,High
Uttar Pradesh,Auraiya,2023,South-West Monsoon,1449.1,1789,-339.9,-19.0,31.5,0.8,Moderate Drought,No Flood,OBSERVED_DATA,India Meteorological Department (IMD),https://mausam.imd.gov.in/,1981-2010 Normal,High
Uttar Pradesh,Azamgarh,2018,South-West Monsoon,1697.0,1586,111.0,7,28.5,0.1,Normal,No Flood,OBSERVED_DATA,India Meteorological Department (IMD),https://mausam.imd.gov.in/,1981-2010 Normal,High
Uttar Pradesh,Azamgarh,2019,South-West Monsoon,1554.3,1586,-31.7,-2,28.5,0.1,Normal,No Flood,OBSERVED_DATA,India Meteorological Department (IMD),https://mausam.imd.gov.in/,1981-2010 Normal,High
Uttar Pradesh,Azamgarh,2020,South-West Monsoon,1950.8,1586,364.8,23.0,28.5,-0.3,Excess Rainfall,No Flood,OBSERVED_DATA,India Meteorological Department (IMD),https://mausam.imd.gov.in/,1981-2010 Normal,High
Uttar Pradesh,Azamgarh,2021,South-West Monsoon,1950.8,1586,364.8,23.0,28.5,-0.3,Excess Rainfall,No Flood,OBSERVED_DATA,India Meteorological Department (IMD),https://mausam.imd.gov.in/,1981-2010 Normal,High
Uttar Pradesh,Azamgarh,2022,South-West Monsoon,1697.0,1586,111.0,7,28.5,0.1,Normal,No Flood,OBSERVED_DATA,India Meteorological Department (IMD),https://mausam.imd.gov.in/,1981-2010 Normal,High
Uttar Pradesh,Azamgarh,2023,South-West Monsoon,1189.5,1586,-396.5,-25.0,28.5,0.8,Moderate Drought,No Flood,OBSERVED_DATA,India Meteorological Department (IMD),https://mausam.imd.gov.in/,1981-2010 Normal,High
Uttar Pradesh,Baghpat,2018,South-West Monsoon,1533.3,1685,-151.7,-9,31.5,0.1,Normal,No Flood,OBSERVED_DATA,India Meteorological Department (IMD),https://mausam.imd.gov.in/,1981-2010 Normal,High
Uttar Pradesh,Baghpat,2019,South-West Monsoon,1735.5,1685,50.5,3,31.5,0.1,Normal,No Flood,OBSERVED_DATA,India Meteorological Department (IMD),https://mausam.imd.gov.in/,1981-2010 Normal,High
Uttar Pradesh,Baghpat,2020,South-West Monsoon,2123.1,1685,438.1,26.0,31.5,-0.3,Excess Rainfall,No Flood,OBSERVED_DATA,India Meteorological Department (IMD),https://mausam.imd.gov.in/,1981-2010 Normal,High
Uttar Pradesh,Baghpat,2021,South-West Monsoon,2123.1,1685,438.1,26.0,31.5,-0.3,Excess Rainfall,No Flood,OBSERVED_DATA,India Meteorological Department (IMD),https://mausam.imd.gov.in/,1981-2010 Normal,High
Uttar Pradesh,Baghpat,2022,South-West Monsoon,1516.5,1685,-168.5,-10,31.5,0.1,Normal,No Flood,OBSERVED_DATA,India Meteorological Department (IMD),https://mausam.imd.gov.in/,1981-2010 Normal,High
Uttar Pradesh,Baghpat,2023,South-West Monsoon,1314.3,1685,-370.7,-22.0,31.5,0.8,Moderate Drought,No Flood,OBSERVED_DATA,India Meteorological Department (IMD),https://mausam.imd.gov.in/,1981-2010 Normal,High
Uttar Pradesh,Bahraich,2018,South-West Monsoon,665.0,665,0.0,0,26.5,0.1,Normal,No Flood,OBSERVED_DATA,India Meteorological Department (IMD),https://mausam.imd.gov.in/,1981-2010 Normal,High
Uttar Pradesh,Bahraich,2019,South-West Monsoon,691.6,665,26.6,4,26.5,0.1,Normal,No Flood,OBSERVED_DATA,India Meteorological Department (IMD),https://mausam.imd.gov.in/,1981-2010 Normal,High
Uttar Pradesh,Bahraich,2020,South-West Monsoon,804.7,665,139.7,21.0,26.5,-0.3,Excess Rainfall,No Flood,OBSERVED_DATA,India Meteorological Department (IMD),https://mausam.imd.gov.in/,1981-2010 Normal,High
Uttar Pradesh,Bahraich,2021,South-West Monsoon,804.7,665,139.7,21.0,26.5,-0.3,Excess Rainfall,No Flood,OBSERVED_DATA,India Meteorological Department (IMD),https://mausam.imd.gov.in/,1981-2010 Normal,High
Uttar Pradesh,Bahraich,2022,South-West Monsoon,645.1,665,-19.9,-3,26.5,0.1,Normal,No Flood,OBSERVED_DATA,India Meteorological Department (IMD),https://mausam.imd.gov.in/,1981-2010 Normal,High
Uttar Pradesh,Bahraich,2023,South-West Monsoon,485.4,665,-179.6,-27.0,26.5,0.8,Moderate Drought,No Flood,OBSERVED_DATA,India Meteorological Department (IMD),https://mausam.imd.gov.in/,1981-2010 Normal,High
Uttar Pradesh,Ballia,2018,South-West Monsoon,1059.5,1009,50.5,5,31.5,0.1,Normal,No Flood,OBSERVED_DATA,India Meteorological Department (IMD),https://mausam.imd.gov.in/,1981-2010 Normal,High
Uttar Pradesh,Ballia,2019,South-West Monsoon,958.5,1009,-50.5,-5,31.5,0.1,Normal,No Flood,OBSERVED_DATA,India Meteorological Department (IMD),https://mausam.imd.gov.in/,1981-2010 Normal,High
Uttar Pradesh,Ballia,2020,South-West Monsoon,1241.1,1009,232.1,23.0,31.5,-0.3,Excess Rainfall,No Flood,OBSERVED_DATA,India Meteorological Department (IMD),https://mausam.imd.gov.in/,1981-2010 Normal,High
Uttar Pradesh,Ballia,2021,South-West Monsoon,1241.1,1009,232.1,23.0,31.5,-0.3,Excess Rainfall,No Flood,OBSERVED_DATA,India Meteorological Department (IMD),https://mausam.imd.gov.in/,1981-2010 Normal,High
Uttar Pradesh,Ballia,2022,South-West Monsoon,968.6,1009,-40.4,-4,31.5,0.1,Normal,No Flood,OBSERVED_DATA,India Meteorological Department (IMD),https://mausam.imd.gov.in/,1981-2010 Normal,High
Uttar Pradesh,Ballia,2023,South-West Monsoon,756.8,1009,-252.2,-25.0,31.5,0.8,Moderate Drought,No Flood,OBSERVED_DATA,India Meteorological Department (IMD),https://mausam.imd.gov.in/,1981-2010 Normal,High
Uttar Pradesh,Balrampur,2018,South-West Monsoon,1079.3,1186,-106.7,-9,28.5,0.1,Normal,No Flood,OBSERVED_DATA,India Meteorological Department (IMD),https://mausam.imd.gov.in/,1981-2010 Normal,High
Uttar Pradesh,Balrampur,2019,South-West Monsoon,1292.7,1186,106.7,9,28.5,0.1,Normal,No Flood,OBSERVED_DATA,India Meteorological Department (IMD),https://mausam.imd.gov.in/,1981-2010 Normal,High
Uttar Pradesh,Balrampur,2020,South-West Monsoon,1458.8,1186,272.8,23.0,28.5,-0.3,Excess Rainfall,No Flood,OBSERVED_DATA,India Meteorological Department (IMD),https://mausam.imd.gov.in/,1981-2010 Normal,High
Uttar Pradesh,Balrampur,2021,South-West Monsoon,1458.8,1186,272.8,23.0,28.5,-0.3,Excess Rainfall,No Flood,OBSERVED_DATA,India Meteorological Department (IMD),https://mausam.imd.gov.in/,1981-2010 Normal,High
Uttar Pradesh,Balrampur,2022,South-West Monsoon,1174.1,1186,-11.9,-1,28.5,0.1,Normal,No Flood,OBSERVED_DATA,India Meteorological Department (IMD),https://mausam.imd.gov.in/,1981-2010 Normal,High
Uttar Pradesh,Balrampur,2023,South-West Monsoon,889.5,1186,-296.5,-25.0,28.5,0.8,Moderate Drought,No Flood,OBSERVED_DATA,India Meteorological Department (IMD),https://mausam.imd.gov.in/,1981-2010 Normal,High
Uttar Pradesh,Banda,2018,South-West Monsoon,1306.5,1221,85.5,7,29.5,0.1,Normal,No Flood,OBSERVED_DATA,India Meteorological Department (IMD),https://mausam.imd.gov.in/,1981-2010 Normal,High
Uttar Pradesh,Banda,2019,South-West Monsoon,1221.0,1221,0.0,0,29.5,0.1,Normal,No Flood,OBSERVED_DATA,India Meteorological Department (IMD),https://mausam.imd.gov.in/,1981-2010 Normal,High
Uttar Pradesh,Banda,2020,South-West Monsoon,1587.3,1221,366.3,30.0,29.5,-0.3,Excess Rainfall,No Flood,OBSERVED_DATA,India Meteorological Department (IMD),https://mausam.imd.gov.in/,1981-2010 Normal,High
Uttar Pradesh,Banda,2021,South-West Monsoon,1587.3,1221,366.3,30.0,29.5,-0.3,Excess Rainfall,No Flood,OBSERVED_DATA,India Meteorological Department (IMD),https://mausam.imd.gov.in/,1981-2010 Normal,High
Uttar Pradesh,Banda,2022,South-West Monsoon,1306.5,1221,85.5,7,29.5,0.1,Normal,No Flood,OBSERVED_DATA,India Meteorological Department (IMD),https://mausam.imd.gov.in/,1981-2010 Normal,High
Uttar Pradesh,Banda,2023,South-West Monsoon,1001.2,1221,-219.8,-18.0,29.5,0.8,Moderate Drought,No Flood,OBSERVED_DATA,India Meteorological Department (IMD),https://mausam.imd.gov.in/,1981-2010 Normal,High
Uttar Pradesh,Barabanki,2018,South-West Monsoon,701.6,771,-69.4,-9,30.5,0.1,Normal,No Flood,OBSERVED_DATA,India Meteorological Department (IMD),https://mausam.imd.gov.in/,1981-2010 Normal,High
Uttar Pradesh,Barabanki,2019,South-West Monsoon,693.9,771,-77.1,-10,30.5,0.1,Normal,No Flood,OBSERVED_DATA,India Meteorological Department (IMD),https://mausam.imd.gov.in/,1981-2010 Normal,High
Uttar Pradesh,Barabanki,2020,South-West Monsoon,986.9,771,215.9,28.0,30.5,-0.3,Excess Rainfall,No Flood,OBSERVED_DATA,India Meteorological Department (IMD),https://mausam.imd.gov.in/,1981-2010 Normal,High
Uttar Pradesh,Barabanki,2021,South-West Monsoon,986.9,771,215.9,28.0,30.5,-0.3,Excess Rainfall,No Flood,OBSERVED_DATA,India Meteorological Department (IMD),https://mausam.imd.gov.in/,1981-2010 Normal,High
Uttar Pradesh,Barabanki,2022,South-West Monsoon,717.0,771,-54.0,-7,30.5,0.1,Normal,No Flood,OBSERVED_DATA,India Meteorological Department (IMD),https://mausam.imd.gov.in/,1981-2010 Normal,High
Uttar Pradesh,Barabanki,2023,South-West Monsoon,616.8,771,-154.2,-20.0,30.5,0.8,Moderate Drought,No Flood,OBSERVED_DATA,India Meteorological Department (IMD),https://mausam.imd.gov.in/,1981-2010 Normal,High
Uttar Pradesh,Bareilly,2018,South-West Monsoon,1671.9,1706,-34.1,-2,29.5,0.1,Normal,No Flood,OBSERVED_DATA,India Meteorological Department (IMD),https://mausam.imd.gov.in/,1981-2010 Normal,High
Uttar Pradesh,Bareilly,2019,South-West Monsoon,1791.3,1706,85.3,5,29.5,0.1,Normal,No Flood,OBSERVED_DATA,India Meteorological Department (IMD),https://mausam.imd.gov.in/,1981-2010 Normal,High
Uttar Pradesh,Bareilly,2020,South-West Monsoon,2217.8,1706,511.8,30.0,29.5,-0.3,Excess Rainfall,No Flood,OBSERVED_DATA,India Meteorological Department (IMD),https://mausam.imd.gov.in/,1981-2010 Normal,High
Uttar Pradesh,Bareilly,2021,South-West Monsoon,2217.8,1706,511.8,30.0,29.5,-0.3,Excess Rainfall,No Flood,OBSERVED_DATA,India Meteorological Department (IMD),https://mausam.imd.gov.in/,1981-2010 Normal,High
Uttar Pradesh,Bareilly,2022,South-West Monsoon,1706.0,1706,0.0,0,29.5,0.1,Normal,No Flood,OBSERVED_DATA,India Meteorological Department (IMD),https://mausam.imd.gov.in/,1981-2010 Normal,High
Uttar Pradesh,Bareilly,2023,South-West Monsoon,1398.9,1706,-307.1,-18.0,29.5,0.8,Moderate Drought,No Flood,OBSERVED_DATA,India Meteorological Department (IMD),https://mausam.imd.gov.in/,1981-2010 Normal,High
Uttar Pradesh,Basti,2018,South-West Monsoon,1506.4,1382,124.4,9,28.5,0.1,Normal,No Flood,OBSERVED_DATA,India Meteorological Department (IMD),https://mausam.imd.gov.in/,1981-2010 Normal,High
Uttar Pradesh,Basti,2019,South-West Monsoon,1409.6,1382,27.6,2,28.5,0.1,Normal,No Flood,OBSERVED_DATA,India Meteorological Department (IMD),https://mausam.imd.gov.in/,1981-2010 Normal,High
Uttar Pradesh,Basti,2020,South-West Monsoon,1782.8,1382,400.8,29.0,28.5,-0.3,Excess Rainfall,No Flood,OBSERVED_DATA,India Meteorological Department (IMD),https://mausam.imd.gov.in/,1981-2010 Normal,High
Uttar Pradesh,Basti,2021,South-West Monsoon,1782.8,1382,400.8,29.0,28.5,-0.3,Excess Rainfall,No Flood,OBSERVED_DATA,India Meteorological Department (IMD),https://mausam.imd.gov.in/,1981-2010 Normal,High
Uttar Pradesh,Basti,2022,South-West Monsoon,1368.2,1382,-13.8,-1,28.5,0.1,Normal,No Flood,OBSERVED_DATA,India Meteorological Department (IMD),https://mausam.imd.gov.in/,1981-2010 Normal,High
Uttar Pradesh,Basti,2023,South-West Monsoon,1119.4,1382,-262.6,-19.0,28.5,0.8,Moderate Drought,No Flood,OBSERVED_DATA,India Meteorological Department (IMD),https://mausam.imd.gov.in/,1981-2010 Normal,High
Uttar Pradesh,Bhadohi,2018,South-West Monsoon,1722.2,1580,142.2,9,31.5,0.1,Normal,No Flood,OBSERVED_DATA,India Meteorological Department (IMD),https://mausam.imd.gov.in/,1981-2010 Normal,High
Uttar Pradesh,Bhadohi,2019,South-West Monsoon,1611.6,1580,31.6,2,31.5,0.1,Normal,No Flood,OBSERVED_DATA,India Meteorological Department (IMD),https://mausam.imd.gov.in/,1981-2010 Normal,High
Uttar Pradesh,Bhadohi,2020,South-West Monsoon,2085.6,1580,505.6,32.0,31.5,-0.3,Excess Rainfall,Severe Inundation,OBSERVED_DATA,India Meteorological Department (IMD),https://mausam.imd.gov.in/,1981-2010 Normal,High
Uttar Pradesh,Bhadohi,2021,South-West Monsoon,2085.6,1580,505.6,32.0,31.5,-0.3,Excess Rainfall,Severe Inundation,OBSERVED_DATA,India Meteorological Department (IMD),https://mausam.imd.gov.in/,1981-2010 Normal,High
Uttar Pradesh,Bhadohi,2022,South-West Monsoon,1564.2,1580,-15.8,-1,31.5,0.1,Normal,No Flood,OBSERVED_DATA,India Meteorological Department (IMD),https://mausam.imd.gov.in/,1981-2010 Normal,High
Uttar Pradesh,Bhadohi,2023,South-West Monsoon,1327.2,1580,-252.8,-16.0,31.5,0.8,Moderate Drought,No Flood,OBSERVED_DATA,India Meteorological Department (IMD),https://mausam.imd.gov.in/,1981-2010 Normal,High
Uttar Pradesh,Bijnor,2018,South-West Monsoon,812.4,829,-16.6,-2,28.5,0.1,Normal,No Flood,OBSERVED_DATA,India Meteorological Department (IMD),https://mausam.imd.gov.in/,1981-2010 Normal,High
Uttar Pradesh,Bijnor,2019,South-West Monsoon,829.0,829,0.0,0,28.5,0.1,Normal,No Flood,OBSERVED_DATA,India Meteorological Department (IMD),https://mausam.imd.gov.in/,1981-2010 Normal,High
Uttar Pradesh,Bijnor,2020,South-West Monsoon,994.8,829,165.8,20.0,28.5,-0.3,Excess Rainfall,No Flood,OBSERVED_DATA,India Meteorological Department (IMD),https://mausam.imd.gov.in/,1981-2010 Normal,High
Uttar Pradesh,Bijnor,2021,South-West Monsoon,994.8,829,165.8,20.0,28.5,-0.3,Excess Rainfall,No Flood,OBSERVED_DATA,India Meteorological Department (IMD),https://mausam.imd.gov.in/,1981-2010 Normal,High
Uttar Pradesh,Bijnor,2022,South-West Monsoon,754.4,829,-74.6,-9,28.5,0.1,Normal,No Flood,OBSERVED_DATA,India Meteorological Department (IMD),https://mausam.imd.gov.in/,1981-2010 Normal,High
Uttar Pradesh,Bijnor,2023,South-West Monsoon,596.9,829,-232.1,-28.0,28.5,0.8,Moderate Drought,No Flood,OBSERVED_DATA,India Meteorological Department (IMD),https://mausam.imd.gov.in/,1981-2010 Normal,High
Uttar Pradesh,Budaun,2018,South-West Monsoon,716.3,754,-37.7,-5,26.5,0.1,Normal,No Flood,OBSERVED_DATA,India Meteorological Department (IMD),https://mausam.imd.gov.in/,1981-2010 Normal,High
Uttar Pradesh,Budaun,2019,South-West Monsoon,814.3,754,60.3,8,26.5,0.1,Normal,No Flood,OBSERVED_DATA,India Meteorological Department (IMD),https://mausam.imd.gov.in/,1981-2010 Normal,High
Uttar Pradesh,Budaun,2020,South-West Monsoon,889.7,754,135.7,18.0,26.5,-0.3,Normal,No Flood,OBSERVED_DATA,India Meteorological Department (IMD),https://mausam.imd.gov.in/,1981-2010 Normal,High
Uttar Pradesh,Budaun,2021,South-West Monsoon,889.7,754,135.7,18.0,26.5,-0.3,Normal,No Flood,OBSERVED_DATA,India Meteorological Department (IMD),https://mausam.imd.gov.in/,1981-2010 Normal,High
Uttar Pradesh,Budaun,2022,South-West Monsoon,746.5,754,-7.5,-1,26.5,0.1,Normal,No Flood,OBSERVED_DATA,India Meteorological Department (IMD),https://mausam.imd.gov.in/,1981-2010 Normal,High
Uttar Pradesh,Budaun,2023,South-West Monsoon,527.8,754,-226.2,-30.0,26.5,0.8,Severe Drought,No Flood,OBSERVED_DATA,India Meteorological Department (IMD),https://mausam.imd.gov.in/,1981-2010 Normal,High
Uttar Pradesh,Bulandshahr,2018,South-West Monsoon,1710.0,1710,0.0,0,27.5,0.1,Normal,No Flood,OBSERVED_DATA,India Meteorological Department (IMD),https://mausam.imd.gov.in/,1981-2010 Normal,High
Uttar Pradesh,Bulandshahr,2019,South-West Monsoon,1641.6,1710,-68.4,-4,27.5,0.1,Normal,No Flood,OBSERVED_DATA,India Meteorological Department (IMD),https://mausam.imd.gov.in/,1981-2010 Normal,High
Uttar Pradesh,Bulandshahr,2020,South-West Monsoon,2240.1,1710,530.1,31.0,27.5,-0.3,Excess Rainfall,Severe Inundation,OBSERVED_DATA,India Meteorological Department (IMD),https://mausam.imd.gov.in/,1981-2010 Normal,High
Uttar Pradesh,Bulandshahr,2021,South-West Monsoon,2240.1,1710,530.1,31.0,27.5,-0.3,Excess Rainfall,Severe Inundation,OBSERVED_DATA,India Meteorological Department (IMD),https://mausam.imd.gov.in/,1981-2010 Normal,High
Uttar Pradesh,Bulandshahr,2022,South-West Monsoon,1675.8,1710,-34.2,-2,27.5,0.1,Normal,No Flood,OBSERVED_DATA,India Meteorological Department (IMD),https://mausam.imd.gov.in/,1981-2010 Normal,High
Uttar Pradesh,Bulandshahr,2023,South-West Monsoon,1419.3,1710,-290.7,-17.0,27.5,0.8,Moderate Drought,No Flood,OBSERVED_DATA,India Meteorological Department (IMD),https://mausam.imd.gov.in/,1981-2010 Normal,High
Uttar Pradesh,Chandauli,2018,South-West Monsoon,1839.3,1719,120.3,7,30.5,0.1,Normal,No Flood,OBSERVED_DATA,India Meteorological Department (IMD),https://mausam.imd.gov.in/,1981-2010 Normal,High
Uttar Pradesh,Chandauli,2019,South-West Monsoon,1822.1,1719,103.1,6,30.5,0.1,Normal,No Flood,OBSERVED_DATA,India Meteorological Department (IMD),https://mausam.imd.gov.in/,1981-2010 Normal,High
Uttar Pradesh,Chandauli,2020,South-West Monsoon,2200.3,1719,481.3,28.0,30.5,-0.3,Excess Rainfall,No Flood,OBSERVED_DATA,India Meteorological Department (IMD),https://mausam.imd.gov.in/,1981-2010 Normal,High
Uttar Pradesh,Chandauli,2021,South-West Monsoon,2200.3,1719,481.3,28.0,30.5,-0.3,Excess Rainfall,No Flood,OBSERVED_DATA,India Meteorological Department (IMD),https://mausam.imd.gov.in/,1981-2010 Normal,High
Uttar Pradesh,Chandauli,2022,South-West Monsoon,1615.9,1719,-103.1,-6,30.5,0.1,Normal,No Flood,OBSERVED_DATA,India Meteorological Department (IMD),https://mausam.imd.gov.in/,1981-2010 Normal,High
Uttar Pradesh,Chandauli,2023,South-West Monsoon,1375.2,1719,-343.8,-20.0,30.5,0.8,Moderate Drought,No Flood,OBSERVED_DATA,India Meteorological Department (IMD),https://mausam.imd.gov.in/,1981-2010 Normal,High
Uttar Pradesh,Chitrakoot,2018,South-West Monsoon,1364.7,1252,112.7,9,29.5,0.1,Normal,No Flood,OBSERVED_DATA,India Meteorological Department (IMD),https://mausam.imd.gov.in/,1981-2010 Normal,High
Uttar Pradesh,Chitrakoot,2019,South-West Monsoon,1189.4,1252,-62.6,-5,29.5,0.1,Normal,No Flood,OBSERVED_DATA,India Meteorological Department (IMD),https://mausam.imd.gov.in/,1981-2010 Normal,High
Uttar Pradesh,Chitrakoot,2020,South-West Monsoon,1627.6,1252,375.6,30.0,29.5,-0.3,Excess Rainfall,No Flood,OBSERVED_DATA,India Meteorological Department (IMD),https://mausam.imd.gov.in/,1981-2010 Normal,High
Uttar Pradesh,Chitrakoot,2021,South-West Monsoon,1627.6,1252,375.6,30.0,29.5,-0.3,Excess Rainfall,No Flood,OBSERVED_DATA,India Meteorological Department (IMD),https://mausam.imd.gov.in/,1981-2010 Normal,High
Uttar Pradesh,Chitrakoot,2022,South-West Monsoon,1364.7,1252,112.7,9,29.5,0.1,Normal,No Flood,OBSERVED_DATA,India Meteorological Department (IMD),https://mausam.imd.gov.in/,1981-2010 Normal,High
Uttar Pradesh,Chitrakoot,2023,South-West Monsoon,1026.6,1252,-225.4,-18.0,29.5,0.8,Moderate Drought,No Flood,OBSERVED_DATA,India Meteorological Department (IMD),https://mausam.imd.gov.in/,1981-2010 Normal,High
Uttar Pradesh,Deoria,2018,South-West Monsoon,908.0,899,9.0,1,27.5,0.1,Normal,No Flood,OBSERVED_DATA,India Meteorological Department (IMD),https://mausam.imd.gov.in/,1981-2010 Normal,High
Uttar Pradesh,Deoria,2019,South-West Monsoon,944.0,899,45.0,5,27.5,0.1,Normal,No Flood,OBSERVED_DATA,India Meteorological Department (IMD),https://mausam.imd.gov.in/,1981-2010 Normal,High
Uttar Pradesh,Deoria,2020,South-West Monsoon,1177.7,899,278.7,31.0,27.5,-0.3,Excess Rainfall,Severe Inundation,OBSERVED_DATA,India Meteorological Department (IMD),https://mausam.imd.gov.in/,1981-2010 Normal,High
Uttar Pradesh,Deoria,2021,South-West Monsoon,1177.7,899,278.7,31.0,27.5,-0.3,Excess Rainfall,Severe Inundation,OBSERVED_DATA,India Meteorological Department (IMD),https://mausam.imd.gov.in/,1981-2010 Normal,High
Uttar Pradesh,Deoria,2022,South-West Monsoon,854.0,899,-45.0,-5,27.5,0.1,Normal,No Flood,OBSERVED_DATA,India Meteorological Department (IMD),https://mausam.imd.gov.in/,1981-2010 Normal,High
Uttar Pradesh,Deoria,2023,South-West Monsoon,746.2,899,-152.8,-17.0,27.5,0.8,Moderate Drought,No Flood,OBSERVED_DATA,India Meteorological Department (IMD),https://mausam.imd.gov.in/,1981-2010 Normal,High
Uttar Pradesh,Etah,2018,South-West Monsoon,1664.9,1556,108.9,7,26.5,0.1,Normal,No Flood,OBSERVED_DATA,India Meteorological Department (IMD),https://mausam.imd.gov.in/,1981-2010 Normal,High
Uttar Pradesh,Etah,2019,South-West Monsoon,1664.9,1556,108.9,7,26.5,0.1,Normal,No Flood,OBSERVED_DATA,India Meteorological Department (IMD),https://mausam.imd.gov.in/,1981-2010 Normal,High
Uttar Pradesh,Etah,2020,South-West Monsoon,1929.4,1556,373.4,24.0,26.5,-0.3,Excess Rainfall,No Flood,OBSERVED_DATA,India Meteorological Department (IMD),https://mausam.imd.gov.in/,1981-2010 Normal,High
Uttar Pradesh,Etah,2021,South-West Monsoon,1929.4,1556,373.4,24.0,26.5,-0.3,Excess Rainfall,No Flood,OBSERVED_DATA,India Meteorological Department (IMD),https://mausam.imd.gov.in/,1981-2010 Normal,High
Uttar Pradesh,Etah,2022,South-West Monsoon,1462.6,1556,-93.4,-6,26.5,0.1,Normal,No Flood,OBSERVED_DATA,India Meteorological Department (IMD),https://mausam.imd.gov.in/,1981-2010 Normal,High
Uttar Pradesh,Etah,2023,South-West Monsoon,1182.6,1556,-373.4,-24.0,26.5,0.8,Moderate Drought,No Flood,OBSERVED_DATA,India Meteorological Department (IMD),https://mausam.imd.gov.in/,1981-2010 Normal,High
Uttar Pradesh,Etawah,2018,South-West Monsoon,577.5,621,-43.5,-7,28.5,0.1,Normal,No Flood,OBSERVED_DATA,India Meteorological Department (IMD),https://mausam.imd.gov.in/,1981-2010 Normal,High
Uttar Pradesh,Etawah,2019,South-West Monsoon,645.8,621,24.8,4,28.5,0.1,Normal,No Flood,OBSERVED_DATA,India Meteorological Department (IMD),https://mausam.imd.gov.in/,1981-2010 Normal,High
Uttar Pradesh,Etawah,2020,South-West Monsoon,763.8,621,142.8,23.0,28.5,-0.3,Excess Rainfall,No Flood,OBSERVED_DATA,India Meteorological Department (IMD),https://mausam.imd.gov.in/,1981-2010 Normal,High
Uttar Pradesh,Etawah,2021,South-West Monsoon,763.8,621,142.8,23.0,28.5,-0.3,Excess Rainfall,No Flood,OBSERVED_DATA,India Meteorological Department (IMD),https://mausam.imd.gov.in/,1981-2010 Normal,High
Uttar Pradesh,Etawah,2022,South-West Monsoon,645.8,621,24.8,4,28.5,0.1,Normal,No Flood,OBSERVED_DATA,India Meteorological Department (IMD),https://mausam.imd.gov.in/,1981-2010 Normal,High
Uttar Pradesh,Etawah,2023,South-West Monsoon,465.8,621,-155.2,-25.0,28.5,0.8,Moderate Drought,No Flood,OBSERVED_DATA,India Meteorological Department (IMD),https://mausam.imd.gov.in/,1981-2010 Normal,High
Uttar Pradesh,Ayodhya,2018,South-West Monsoon,977.5,949,28.5,3,26.5,0.1,Normal,No Flood,OBSERVED_DATA,India Meteorological Department (IMD),https://mausam.imd.gov.in/,1981-2010 Normal,High
Uttar Pradesh,Ayodhya,2019,South-West Monsoon,1015.4,949,66.4,7,26.5,0.1,Normal,No Flood,OBSERVED_DATA,India Meteorological Department (IMD),https://mausam.imd.gov.in/,1981-2010 Normal,High
Uttar Pradesh,Ayodhya,2020,South-West Monsoon,1176.8,949,227.8,24.0,26.5,-0.3,Excess Rainfall,No Flood,OBSERVED_DATA,India Meteorological Department (IMD),https://mausam.imd.gov.in/,1981-2010 Normal,High
Uttar Pradesh,Ayodhya,2021,South-West Monsoon,1176.8,949,227.8,24.0,26.5,-0.3,Excess Rainfall,No Flood,OBSERVED_DATA,India Meteorological Department (IMD),https://mausam.imd.gov.in/,1981-2010 Normal,High
Uttar Pradesh,Ayodhya,2022,South-West Monsoon,930.0,949,-19.0,-2,26.5,0.1,Normal,No Flood,OBSERVED_DATA,India Meteorological Department (IMD),https://mausam.imd.gov.in/,1981-2010 Normal,High
Uttar Pradesh,Ayodhya,2023,South-West Monsoon,721.2,949,-227.8,-24.0,26.5,0.8,Moderate Drought,No Flood,OBSERVED_DATA,India Meteorological Department (IMD),https://mausam.imd.gov.in/,1981-2010 Normal,High
Uttar Pradesh,Farrukhabad,2018,South-West Monsoon,1224.3,1166,58.3,5,27.5,0.1,Normal,No Flood,OBSERVED_DATA,India Meteorological Department (IMD),https://mausam.imd.gov.in/,1981-2010 Normal,High
Uttar Pradesh,Farrukhabad,2019,South-West Monsoon,1107.7,1166,-58.3,-5,27.5,0.1,Normal,No Flood,OBSERVED_DATA,India Meteorological Department (IMD),https://mausam.imd.gov.in/,1981-2010 Normal,High
Uttar Pradesh,Farrukhabad,2020,South-West Monsoon,1422.5,1166,256.5,22.0,27.5,-0.3,Excess Rainfall,No Flood,OBSERVED_DATA,India Meteorological Department (IMD),https://mausam.imd.gov.in/,1981-2010 Normal,High
Uttar Pradesh,Farrukhabad,2021,South-West Monsoon,1422.5,1166,256.5,22.0,27.5,-0.3,Excess Rainfall,No Flood,OBSERVED_DATA,India Meteorological Department (IMD),https://mausam.imd.gov.in/,1981-2010 Normal,High
Uttar Pradesh,Farrukhabad,2022,South-West Monsoon,1166.0,1166,0.0,0,27.5,0.1,Normal,No Flood,OBSERVED_DATA,India Meteorological Department (IMD),https://mausam.imd.gov.in/,1981-2010 Normal,High
Uttar Pradesh,Farrukhabad,2023,South-West Monsoon,862.8,1166,-303.2,-26.0,27.5,0.8,Moderate Drought,No Flood,OBSERVED_DATA,India Meteorological Department (IMD),https://mausam.imd.gov.in/,1981-2010 Normal,High
Uttar Pradesh,Fatehpur,2018,South-West Monsoon,1278.1,1253,25.1,2,31.5,0.1,Normal,No Flood,OBSERVED_DATA,India Meteorological Department (IMD),https://mausam.imd.gov.in/,1981-2010 Normal,High
Uttar Pradesh,Fatehpur,2019,South-West Monsoon,1202.9,1253,-50.1,-4,31.5,0.1,Normal,No Flood,OBSERVED_DATA,India Meteorological Department (IMD),https://mausam.imd.gov.in/,1981-2010 Normal,High
Uttar Pradesh,Fatehpur,2020,South-West Monsoon,1503.6,1253,250.6,20.0,31.5,-0.3,Excess Rainfall,No Flood,OBSERVED_DATA,India Meteorological Department (IMD),https://mausam.imd.gov.in/,1981-2010 Normal,High
Uttar Pradesh,Fatehpur,2021,South-West Monsoon,1503.6,1253,250.6,20.0,31.5,-0.3,Excess Rainfall,No Flood,OBSERVED_DATA,India Meteorological Department (IMD),https://mausam.imd.gov.in/,1981-2010 Normal,High
Uttar Pradesh,Fatehpur,2022,South-West Monsoon,1140.2,1253,-112.8,-9,31.5,0.1,Normal,No Flood,OBSERVED_DATA,India Meteorological Department (IMD),https://mausam.imd.gov.in/,1981-2010 Normal,High
Uttar Pradesh,Fatehpur,2023,South-West Monsoon,902.2,1253,-350.8,-28.0,31.5,0.8,Moderate Drought,No Flood,OBSERVED_DATA,India Meteorological Department (IMD),https://mausam.imd.gov.in/,1981-2010 Normal,High
Uttar Pradesh,Firozabad,2018,South-West Monsoon,877.0,877,0.0,0,31.5,0.1,Normal,No Flood,OBSERVED_DATA,India Meteorological Department (IMD),https://mausam.imd.gov.in/,1981-2010 Normal,High
Uttar Pradesh,Firozabad,2019,South-West Monsoon,903.3,877,26.3,3,31.5,0.1,Normal,No Flood,OBSERVED_DATA,India Meteorological Department (IMD),https://mausam.imd.gov.in/,1981-2010 Normal,High
Uttar Pradesh,Firozabad,2020,South-West Monsoon,1105.0,877,228.0,26.0,31.5,-0.3,Excess Rainfall,No Flood,OBSERVED_DATA,India Meteorological Department (IMD),https://mausam.imd.gov.in/,1981-2010 Normal,High
Uttar Pradesh,Firozabad,2021,South-West Monsoon,1105.0,877,228.0,26.0,31.5,-0.3,Excess Rainfall,No Flood,OBSERVED_DATA,India Meteorological Department (IMD),https://mausam.imd.gov.in/,1981-2010 Normal,High
Uttar Pradesh,Firozabad,2022,South-West Monsoon,833.1,877,-43.9,-5,31.5,0.1,Normal,No Flood,OBSERVED_DATA,India Meteorological Department (IMD),https://mausam.imd.gov.in/,1981-2010 Normal,High
Uttar Pradesh,Firozabad,2023,South-West Monsoon,684.1,877,-192.9,-22.0,31.5,0.8,Moderate Drought,No Flood,OBSERVED_DATA,India Meteorological Department (IMD),https://mausam.imd.gov.in/,1981-2010 Normal,High
Uttar Pradesh,Gautam Buddha Nagar,2018,South-West Monsoon,661.3,642,19.3,3,27.5,0.1,Normal,No Flood,OBSERVED_DATA,India Meteorological Department (IMD),https://mausam.imd.gov.in/,1981-2010 Normal,High
Uttar Pradesh,Gautam Buddha Nagar,2019,South-West Monsoon,686.9,642,44.9,7,27.5,0.1,Normal,No Flood,OBSERVED_DATA,India Meteorological Department (IMD),https://mausam.imd.gov.in/,1981-2010 Normal,High
Uttar Pradesh,Gautam Buddha Nagar,2020,South-West Monsoon,821.8,642,179.8,28.0,27.5,-0.3,Excess Rainfall,No Flood,OBSERVED_DATA,India Meteorological Department (IMD),https://mausam.imd.gov.in/,1981-2010 Normal,High
Uttar Pradesh,Gautam Buddha Nagar,2021,South-West Monsoon,821.8,642,179.8,28.0,27.5,-0.3,Excess Rainfall,No Flood,OBSERVED_DATA,India Meteorological Department (IMD),https://mausam.imd.gov.in/,1981-2010 Normal,High
Uttar Pradesh,Gautam Buddha Nagar,2022,South-West Monsoon,648.4,642,6.4,1,27.5,0.1,Normal,No Flood,OBSERVED_DATA,India Meteorological Department (IMD),https://mausam.imd.gov.in/,1981-2010 Normal,High
Uttar Pradesh,Gautam Buddha Nagar,2023,South-West Monsoon,513.6,642,-128.4,-20.0,27.5,0.8,Moderate Drought,No Flood,OBSERVED_DATA,India Meteorological Department (IMD),https://mausam.imd.gov.in/,1981-2010 Normal,High
Uttar Pradesh,Ghaziabad,2018,South-West Monsoon,1593.6,1462,131.6,9,26.5,0.1,Normal,No Flood,OBSERVED_DATA,India Meteorological Department (IMD),https://mausam.imd.gov.in/,1981-2010 Normal,High
Uttar Pradesh,Ghaziabad,2019,South-West Monsoon,1447.4,1462,-14.6,-1,26.5,0.1,Normal,No Flood,OBSERVED_DATA,India Meteorological Department (IMD),https://mausam.imd.gov.in/,1981-2010 Normal,High
Uttar Pradesh,Ghaziabad,2020,South-West Monsoon,1812.9,1462,350.9,24.0,26.5,-0.3,Excess Rainfall,No Flood,OBSERVED_DATA,India Meteorological Department (IMD),https://mausam.imd.gov.in/,1981-2010 Normal,High
Uttar Pradesh,Ghaziabad,2021,South-West Monsoon,1812.9,1462,350.9,24.0,26.5,-0.3,Excess Rainfall,No Flood,OBSERVED_DATA,India Meteorological Department (IMD),https://mausam.imd.gov.in/,1981-2010 Normal,High
Uttar Pradesh,Ghaziabad,2022,South-West Monsoon,1491.2,1462,29.2,2,26.5,0.1,Normal,No Flood,OBSERVED_DATA,India Meteorological Department (IMD),https://mausam.imd.gov.in/,1981-2010 Normal,High
Uttar Pradesh,Ghaziabad,2023,South-West Monsoon,1111.1,1462,-350.9,-24.0,26.5,0.8,Moderate Drought,No Flood,OBSERVED_DATA,India Meteorological Department (IMD),https://mausam.imd.gov.in/,1981-2010 Normal,High
Uttar Pradesh,Ghazipur,2018,South-West Monsoon,775.2,783,-7.8,-1,30.5,0.1,Normal,No Flood,OBSERVED_DATA,India Meteorological Department (IMD),https://mausam.imd.gov.in/,1981-2010 Normal,High
Uttar Pradesh,Ghazipur,2019,South-West Monsoon,806.5,783,23.5,3,30.5,0.1,Normal,No Flood,OBSERVED_DATA,India Meteorological Department (IMD),https://mausam.imd.gov.in/,1981-2010 Normal,High
Uttar Pradesh,Ghazipur,2020,South-West Monsoon,931.8,783,148.8,19.0,30.5,-0.3,Normal,No Flood,OBSERVED_DATA,India Meteorological Department (IMD),https://mausam.imd.gov.in/,1981-2010 Normal,High
Uttar Pradesh,Ghazipur,2021,South-West Monsoon,931.8,783,148.8,19.0,30.5,-0.3,Normal,No Flood,OBSERVED_DATA,India Meteorological Department (IMD),https://mausam.imd.gov.in/,1981-2010 Normal,High
Uttar Pradesh,Ghazipur,2022,South-West Monsoon,743.8,783,-39.2,-5,30.5,0.1,Normal,No Flood,OBSERVED_DATA,India Meteorological Department (IMD),https://mausam.imd.gov.in/,1981-2010 Normal,High
Uttar Pradesh,Ghazipur,2023,South-West Monsoon,555.9,783,-227.1,-29.0,30.5,0.8,Moderate Drought,No Flood,OBSERVED_DATA,India Meteorological Department (IMD),https://mausam.imd.gov.in/,1981-2010 Normal,High
Uttar Pradesh,Gonda,2018,South-West Monsoon,1438.9,1564,-125.1,-8,31.5,0.1,Normal,No Flood,OBSERVED_DATA,India Meteorological Department (IMD),https://mausam.imd.gov.in/,1981-2010 Normal,High
Uttar Pradesh,Gonda,2019,South-West Monsoon,1579.6,1564,15.6,1,31.5,0.1,Normal,No Flood,OBSERVED_DATA,India Meteorological Department (IMD),https://mausam.imd.gov.in/,1981-2010 Normal,High
Uttar Pradesh,Gonda,2020,South-West Monsoon,2064.5,1564,500.5,32.0,31.5,-0.3,Excess Rainfall,Severe Inundation,OBSERVED_DATA,India Meteorological Department (IMD),https://mausam.imd.gov.in/,1981-2010 Normal,High
Uttar Pradesh,Gonda,2021,South-West Monsoon,2064.5,1564,500.5,32.0,31.5,-0.3,Excess Rainfall,Severe Inundation,OBSERVED_DATA,India Meteorological Department (IMD),https://mausam.imd.gov.in/,1981-2010 Normal,High
Uttar Pradesh,Gonda,2022,South-West Monsoon,1673.5,1564,109.5,7,31.5,0.1,Normal,No Flood,OBSERVED_DATA,India Meteorological Department (IMD),https://mausam.imd.gov.in/,1981-2010 Normal,High
Uttar Pradesh,Gonda,2023,South-West Monsoon,1313.8,1564,-250.2,-16.0,31.5,0.8,Moderate Drought,No Flood,OBSERVED_DATA,India Meteorological Department (IMD),https://mausam.imd.gov.in/,1981-2010 Normal,High
Uttar Pradesh,Gorakhpur,2018,South-West Monsoon,1905.7,1781,124.7,7,28.5,0.1,Normal,No Flood,OBSERVED_DATA,India Meteorological Department (IMD),https://mausam.imd.gov.in/,1981-2010 Normal,High
Uttar Pradesh,Gorakhpur,2019,South-West Monsoon,1941.3,1781,160.3,9,28.5,0.1,Normal,No Flood,OBSERVED_DATA,India Meteorological Department (IMD),https://mausam.imd.gov.in/,1981-2010 Normal,High
Uttar Pradesh,Gorakhpur,2020,South-West Monsoon,2350.9,1781,569.9,32.0,28.5,-0.3,Excess Rainfall,Severe Inundation,OBSERVED_DATA,India Meteorological Department (IMD),https://mausam.imd.gov.in/,1981-2010 Normal,High
Uttar Pradesh,Gorakhpur,2021,South-West Monsoon,2350.9,1781,569.9,32.0,28.5,-0.3,Excess Rainfall,Severe Inundation,OBSERVED_DATA,India Meteorological Department (IMD),https://mausam.imd.gov.in/,1981-2010 Normal,High
Uttar Pradesh,Gorakhpur,2022,South-West Monsoon,1602.9,1781,-178.1,-10,28.5,0.1,Normal,No Flood,OBSERVED_DATA,India Meteorological Department (IMD),https://mausam.imd.gov.in/,1981-2010 Normal,High
Uttar Pradesh,Gorakhpur,2023,South-West Monsoon,1496.0,1781,-285.0,-16.0,28.5,0.8,Moderate Drought,No Flood,OBSERVED_DATA,India Meteorological Department (IMD),https://mausam.imd.gov.in/,1981-2010 Normal,High
Uttar Pradesh,Hamirpur,2018,South-West Monsoon,1067.1,979,88.1,9,31.5,0.1,Normal,No Flood,OBSERVED_DATA,India Meteorological Department (IMD),https://mausam.imd.gov.in/,1981-2010 Normal,High
Uttar Pradesh,Hamirpur,2019,South-West Monsoon,910.5,979,-68.5,-7,31.5,0.1,Normal,No Flood,OBSERVED_DATA,India Meteorological Department (IMD),https://mausam.imd.gov.in/,1981-2010 Normal,High
Uttar Pradesh,Hamirpur,2020,South-West Monsoon,1204.2,979,225.2,23.0,31.5,-0.3,Excess Rainfall,No Flood,OBSERVED_DATA,India Meteorological Department (IMD),https://mausam.imd.gov.in/,1981-2010 Normal,High
Uttar Pradesh,Hamirpur,2021,South-West Monsoon,1204.2,979,225.2,23.0,31.5,-0.3,Excess Rainfall,No Flood,OBSERVED_DATA,India Meteorological Department (IMD),https://mausam.imd.gov.in/,1981-2010 Normal,High
Uttar Pradesh,Hamirpur,2022,South-West Monsoon,881.1,979,-97.9,-10,31.5,0.1,Normal,No Flood,OBSERVED_DATA,India Meteorological Department (IMD),https://mausam.imd.gov.in/,1981-2010 Normal,High
Uttar Pradesh,Hamirpur,2023,South-West Monsoon,734.2,979,-244.8,-25.0,31.5,0.8,Moderate Drought,No Flood,OBSERVED_DATA,India Meteorological Department (IMD),https://mausam.imd.gov.in/,1981-2010 Normal,High
Uttar Pradesh,Hapur,2018,South-West Monsoon,802.0,802,0.0,0,28.5,0.1,Normal,No Flood,OBSERVED_DATA,India Meteorological Department (IMD),https://mausam.imd.gov.in/,1981-2010 Normal,High
Uttar Pradesh,Hapur,2019,South-West Monsoon,842.1,802,40.1,5,28.5,0.1,Normal,No Flood,OBSERVED_DATA,India Meteorological Department (IMD),https://mausam.imd.gov.in/,1981-2010 Normal,High
Uttar Pradesh,Hapur,2020,South-West Monsoon,1034.6,802,232.6,29.0,28.5,-0.3,Excess Rainfall,No Flood,OBSERVED_DATA,India Meteorological Department (IMD),https://mausam.imd.gov.in/,1981-2010 Normal,High
Uttar Pradesh,Hapur,2021,South-West Monsoon,1034.6,802,232.6,29.0,28.5,-0.3,Excess Rainfall,No Flood,OBSERVED_DATA,India Meteorological Department (IMD),https://mausam.imd.gov.in/,1981-2010 Normal,High
Uttar Pradesh,Hapur,2022,South-West Monsoon,818.0,802,16.0,2,28.5,0.1,Normal,No Flood,OBSERVED_DATA,India Meteorological Department (IMD),https://mausam.imd.gov.in/,1981-2010 Normal,High
Uttar Pradesh,Hapur,2023,South-West Monsoon,649.6,802,-152.4,-19.0,28.5,0.8,Moderate Drought,No Flood,OBSERVED_DATA,India Meteorological Department (IMD),https://mausam.imd.gov.in/,1981-2010 Normal,High
Uttar Pradesh,Hardoi,2018,South-West Monsoon,858.0,858,0.0,0,27.5,0.1,Normal,No Flood,OBSERVED_DATA,India Meteorological Department (IMD),https://mausam.imd.gov.in/,1981-2010 Normal,High
Uttar Pradesh,Hardoi,2019,South-West Monsoon,858.0,858,0.0,0,27.5,0.1,Normal,No Flood,OBSERVED_DATA,India Meteorological Department (IMD),https://mausam.imd.gov.in/,1981-2010 Normal,High
Uttar Pradesh,Hardoi,2020,South-West Monsoon,1021.0,858,163.0,19.0,27.5,-0.3,Normal,No Flood,OBSERVED_DATA,India Meteorological Department (IMD),https://mausam.imd.gov.in/,1981-2010 Normal,High
Uttar Pradesh,Hardoi,2021,South-West Monsoon,1021.0,858,163.0,19.0,27.5,-0.3,Normal,No Flood,OBSERVED_DATA,India Meteorological Department (IMD),https://mausam.imd.gov.in/,1981-2010 Normal,High
Uttar Pradesh,Hardoi,2022,South-West Monsoon,780.8,858,-77.2,-9,27.5,0.1,Normal,No Flood,OBSERVED_DATA,India Meteorological Department (IMD),https://mausam.imd.gov.in/,1981-2010 Normal,High
Uttar Pradesh,Hardoi,2023,South-West Monsoon,609.2,858,-248.8,-29.0,27.5,0.8,Moderate Drought,No Flood,OBSERVED_DATA,India Meteorological Department (IMD),https://mausam.imd.gov.in/,1981-2010 Normal,High
Uttar Pradesh,Hathras,2018,South-West Monsoon,970.5,907,63.5,7,30.5,0.1,Normal,No Flood,OBSERVED_DATA,India Meteorological Department (IMD),https://mausam.imd.gov.in/,1981-2010 Normal,High
Uttar Pradesh,Hathras,2019,South-West Monsoon,861.6,907,-45.4,-5,30.5,0.1,Normal,No Flood,OBSERVED_DATA,India Meteorological Department (IMD),https://mausam.imd.gov.in/,1981-2010 Normal,High
Uttar Pradesh,Hathras,2020,South-West Monsoon,1133.8,907,226.8,25.0,30.5,-0.3,Excess Rainfall,No Flood,OBSERVED_DATA,India Meteorological Department (IMD),https://mausam.imd.gov.in/,1981-2010 Normal,High
Uttar Pradesh,Hathras,2021,South-West Monsoon,1133.8,907,226.8,25.0,30.5,-0.3,Excess Rainfall,No Flood,OBSERVED_DATA,India Meteorological Department (IMD),https://mausam.imd.gov.in/,1981-2010 Normal,High
Uttar Pradesh,Hathras,2022,South-West Monsoon,907.0,907,0.0,0,30.5,0.1,Normal,No Flood,OBSERVED_DATA,India Meteorological Department (IMD),https://mausam.imd.gov.in/,1981-2010 Normal,High
Uttar Pradesh,Hathras,2023,South-West Monsoon,698.4,907,-208.6,-23.0,30.5,0.8,Moderate Drought,No Flood,OBSERVED_DATA,India Meteorological Department (IMD),https://mausam.imd.gov.in/,1981-2010 Normal,High
Uttar Pradesh,Jalaun,2018,South-West Monsoon,760.5,845,-84.5,-10,27.5,0.1,Normal,No Flood,OBSERVED_DATA,India Meteorological Department (IMD),https://mausam.imd.gov.in/,1981-2010 Normal,High
Uttar Pradesh,Jalaun,2019,South-West Monsoon,870.3,845,25.3,3,27.5,0.1,Normal,No Flood,OBSERVED_DATA,India Meteorological Department (IMD),https://mausam.imd.gov.in/,1981-2010 Normal,High
Uttar Pradesh,Jalaun,2020,South-West Monsoon,1056.2,845,211.2,25.0,27.5,-0.3,Excess Rainfall,No Flood,OBSERVED_DATA,India Meteorological Department (IMD),https://mausam.imd.gov.in/,1981-2010 Normal,High
Uttar Pradesh,Jalaun,2021,South-West Monsoon,1056.2,845,211.2,25.0,27.5,-0.3,Excess Rainfall,No Flood,OBSERVED_DATA,India Meteorological Department (IMD),https://mausam.imd.gov.in/,1981-2010 Normal,High
Uttar Pradesh,Jalaun,2022,South-West Monsoon,853.4,845,8.4,1,27.5,0.1,Normal,No Flood,OBSERVED_DATA,India Meteorological Department (IMD),https://mausam.imd.gov.in/,1981-2010 Normal,High
Uttar Pradesh,Jalaun,2023,South-West Monsoon,650.7,845,-194.3,-23.0,27.5,0.8,Moderate Drought,No Flood,OBSERVED_DATA,India Meteorological Department (IMD),https://mausam.imd.gov.in/,1981-2010 Normal,High
Uttar Pradesh,Jaunpur,2018,South-West Monsoon,1452.9,1397,55.9,4,29.5,0.1,Normal,No Flood,OBSERVED_DATA,India Meteorological Department (IMD),https://mausam.imd.gov.in/,1981-2010 Normal,High
Uttar Pradesh,Jaunpur,2019,South-West Monsoon,1327.1,1397,-69.9,-5,29.5,0.1,Normal,No Flood,OBSERVED_DATA,India Meteorological Department (IMD),https://mausam.imd.gov.in/,1981-2010 Normal,High
Uttar Pradesh,Jaunpur,2020,South-West Monsoon,1690.4,1397,293.4,21.0,29.5,-0.3,Excess Rainfall,No Flood,OBSERVED_DATA,India Meteorological Department (IMD),https://mausam.imd.gov.in/,1981-2010 Normal,High
Uttar Pradesh,Jaunpur,2021,South-West Monsoon,1690.4,1397,293.4,21.0,29.5,-0.3,Excess Rainfall,No Flood,OBSERVED_DATA,India Meteorological Department (IMD),https://mausam.imd.gov.in/,1981-2010 Normal,High
Uttar Pradesh,Jaunpur,2022,South-West Monsoon,1299.2,1397,-97.8,-7,29.5,0.1,Normal,No Flood,OBSERVED_DATA,India Meteorological Department (IMD),https://mausam.imd.gov.in/,1981-2010 Normal,High
Uttar Pradesh,Jaunpur,2023,South-West Monsoon,1019.8,1397,-377.2,-27.0,29.5,0.8,Moderate Drought,No Flood,OBSERVED_DATA,India Meteorological Department (IMD),https://mausam.imd.gov.in/,1981-2010 Normal,High
Uttar Pradesh,Jhansi,2018,South-West Monsoon,1155.6,1070,85.6,8,26.5,0.1,Normal,No Flood,OBSERVED_DATA,India Meteorological Department (IMD),https://mausam.imd.gov.in/,1981-2010 Normal,High
Uttar Pradesh,Jhansi,2019,South-West Monsoon,995.1,1070,-74.9,-7,26.5,0.1,Normal,No Flood,OBSERVED_DATA,India Meteorological Department (IMD),https://mausam.imd.gov.in/,1981-2010 Normal,High
Uttar Pradesh,Jhansi,2020,South-West Monsoon,1294.7,1070,224.7,21.0,26.5,-0.3,Excess Rainfall,No Flood,OBSERVED_DATA,India Meteorological Department (IMD),https://mausam.imd.gov.in/,1981-2010 Normal,High
Uttar Pradesh,Jhansi,2021,South-West Monsoon,1294.7,1070,224.7,21.0,26.5,-0.3,Excess Rainfall,No Flood,OBSERVED_DATA,India Meteorological Department (IMD),https://mausam.imd.gov.in/,1981-2010 Normal,High
Uttar Pradesh,Jhansi,2022,South-West Monsoon,1134.2,1070,64.2,6,26.5,0.1,Normal,No Flood,OBSERVED_DATA,India Meteorological Department (IMD),https://mausam.imd.gov.in/,1981-2010 Normal,High
Uttar Pradesh,Jhansi,2023,South-West Monsoon,781.1,1070,-288.9,-27.0,26.5,0.8,Moderate Drought,No Flood,OBSERVED_DATA,India Meteorological Department (IMD),https://mausam.imd.gov.in/,1981-2010 Normal,High
Uttar Pradesh,Kannauj,2018,South-West Monsoon,1452.7,1579,-126.3,-8,30.5,0.1,Normal,No Flood,OBSERVED_DATA,India Meteorological Department (IMD),https://mausam.imd.gov.in/,1981-2010 Normal,High
Uttar Pradesh,Kannauj,2019,South-West Monsoon,1721.1,1579,142.1,9,30.5,0.1,Normal,No Flood,OBSERVED_DATA,India Meteorological Department (IMD),https://mausam.imd.gov.in/,1981-2010 Normal,High
Uttar Pradesh,Kannauj,2020,South-West Monsoon,2068.5,1579,489.5,31.0,30.5,-0.3,Excess Rainfall,Severe Inundation,OBSERVED_DATA,India Meteorological Department (IMD),https://mausam.imd.gov.in/,1981-2010 Normal,High
Uttar Pradesh,Kannauj,2021,South-West Monsoon,2068.5,1579,489.5,31.0,30.5,-0.3,Excess Rainfall,Severe Inundation,OBSERVED_DATA,India Meteorological Department (IMD),https://mausam.imd.gov.in/,1981-2010 Normal,High
Uttar Pradesh,Kannauj,2022,South-West Monsoon,1658.0,1579,79.0,5,30.5,0.1,Normal,No Flood,OBSERVED_DATA,India Meteorological Department (IMD),https://mausam.imd.gov.in/,1981-2010 Normal,High
Uttar Pradesh,Kannauj,2023,South-West Monsoon,1310.6,1579,-268.4,-17.0,30.5,0.8,Moderate Drought,No Flood,OBSERVED_DATA,India Meteorological Department (IMD),https://mausam.imd.gov.in/,1981-2010 Normal,High
Uttar Pradesh,Kanpur Dehat,2018,South-West Monsoon,1127.5,1044,83.5,8,29.5,0.1,Normal,No Flood,OBSERVED_DATA,India Meteorological Department (IMD),https://mausam.imd.gov.in/,1981-2010 Normal,High
Uttar Pradesh,Kanpur Dehat,2019,South-West Monsoon,1106.6,1044,62.6,6,29.5,0.1,Normal,No Flood,OBSERVED_DATA,India Meteorological Department (IMD),https://mausam.imd.gov.in/,1981-2010 Normal,High
Uttar Pradesh,Kanpur Dehat,2020,South-West Monsoon,1231.9,1044,187.9,18.0,29.5,-0.3,Normal,No Flood,OBSERVED_DATA,India Meteorological Department (IMD),https://mausam.imd.gov.in/,1981-2010 Normal,High
Uttar Pradesh,Kanpur Dehat,2021,South-West Monsoon,1231.9,1044,187.9,18.0,29.5,-0.3,Normal,No Flood,OBSERVED_DATA,India Meteorological Department (IMD),https://mausam.imd.gov.in/,1981-2010 Normal,High
Uttar Pradesh,Kanpur Dehat,2022,South-West Monsoon,960.5,1044,-83.5,-8,29.5,0.1,Normal,No Flood,OBSERVED_DATA,India Meteorological Department (IMD),https://mausam.imd.gov.in/,1981-2010 Normal,High
Uttar Pradesh,Kanpur Dehat,2023,South-West Monsoon,730.8,1044,-313.2,-30.0,29.5,0.8,Severe Drought,No Flood,OBSERVED_DATA,India Meteorological Department (IMD),https://mausam.imd.gov.in/,1981-2010 Normal,High
Uttar Pradesh,Kanpur Nagar,2018,South-West Monsoon,939.8,979,-39.2,-4,29.5,0.1,Normal,No Flood,OBSERVED_DATA,India Meteorological Department (IMD),https://mausam.imd.gov.in/,1981-2010 Normal,High
Uttar Pradesh,Kanpur Nagar,2019,South-West Monsoon,881.1,979,-97.9,-10,29.5,0.1,Normal,No Flood,OBSERVED_DATA,India Meteorological Department (IMD),https://mausam.imd.gov.in/,1981-2010 Normal,High
Uttar Pradesh,Kanpur Nagar,2020,South-West Monsoon,1184.6,979,205.6,21.0,29.5,-0.3,Excess Rainfall,No Flood,OBSERVED_DATA,India Meteorological Department (IMD),https://mausam.imd.gov.in/,1981-2010 Normal,High
Uttar Pradesh,Kanpur Nagar,2021,South-West Monsoon,1184.6,979,205.6,21.0,29.5,-0.3,Excess Rainfall,No Flood,OBSERVED_DATA,India Meteorological Department (IMD),https://mausam.imd.gov.in/,1981-2010 Normal,High
Uttar Pradesh,Kanpur Nagar,2022,South-West Monsoon,979.0,979,0.0,0,29.5,0.1,Normal,No Flood,OBSERVED_DATA,India Meteorological Department (IMD),https://mausam.imd.gov.in/,1981-2010 Normal,High
Uttar Pradesh,Kanpur Nagar,2023,South-West Monsoon,714.7,979,-264.3,-27.0,29.5,0.8,Moderate Drought,No Flood,OBSERVED_DATA,India Meteorological Department (IMD),https://mausam.imd.gov.in/,1981-2010 Normal,High
Uttar Pradesh,Kasganj,2018,South-West Monsoon,1293.6,1209,84.6,7,28.5,0.1,Normal,No Flood,OBSERVED_DATA,India Meteorological Department (IMD),https://mausam.imd.gov.in/,1981-2010 Normal,High
Uttar Pradesh,Kasganj,2019,South-West Monsoon,1305.7,1209,96.7,8,28.5,0.1,Normal,No Flood,OBSERVED_DATA,India Meteorological Department (IMD),https://mausam.imd.gov.in/,1981-2010 Normal,High
Uttar Pradesh,Kasganj,2020,South-West Monsoon,1595.9,1209,386.9,32.0,28.5,-0.3,Excess Rainfall,Severe Inundation,OBSERVED_DATA,India Meteorological Department (IMD),https://mausam.imd.gov.in/,1981-2010 Normal,High
Uttar Pradesh,Kasganj,2021,South-West Monsoon,1595.9,1209,386.9,32.0,28.5,-0.3,Excess Rainfall,Severe Inundation,OBSERVED_DATA,India Meteorological Department (IMD),https://mausam.imd.gov.in/,1981-2010 Normal,High
Uttar Pradesh,Kasganj,2022,South-West Monsoon,1281.5,1209,72.5,6,28.5,0.1,Normal,No Flood,OBSERVED_DATA,India Meteorological Department (IMD),https://mausam.imd.gov.in/,1981-2010 Normal,High
Uttar Pradesh,Kasganj,2023,South-West Monsoon,1015.6,1209,-193.4,-16.0,28.5,0.8,Moderate Drought,No Flood,OBSERVED_DATA,India Meteorological Department (IMD),https://mausam.imd.gov.in/,1981-2010 Normal,High
Uttar Pradesh,Kaushambi,2018,South-West Monsoon,1061.8,1021,40.8,4,30.5,0.1,Normal,No Flood,OBSERVED_DATA,India Meteorological Department (IMD),https://mausam.imd.gov.in/,1981-2010 Normal,High
Uttar Pradesh,Kaushambi,2019,South-West Monsoon,929.1,1021,-91.9,-9,30.5,0.1,Normal,No Flood,OBSERVED_DATA,India Meteorological Department (IMD),https://mausam.imd.gov.in/,1981-2010 Normal,High
Uttar Pradesh,Kaushambi,2020,South-West Monsoon,1215.0,1021,194.0,19.0,30.5,-0.3,Normal,No Flood,OBSERVED_DATA,India Meteorological Department (IMD),https://mausam.imd.gov.in/,1981-2010 Normal,High
Uttar Pradesh,Kaushambi,2021,South-West Monsoon,1215.0,1021,194.0,19.0,30.5,-0.3,Normal,No Flood,OBSERVED_DATA,India Meteorological Department (IMD),https://mausam.imd.gov.in/,1981-2010 Normal,High
Uttar Pradesh,Kaushambi,2022,South-West Monsoon,1082.3,1021,61.3,6,30.5,0.1,Normal,No Flood,OBSERVED_DATA,India Meteorological Department (IMD),https://mausam.imd.gov.in/,1981-2010 Normal,High
Uttar Pradesh,Kaushambi,2023,South-West Monsoon,724.9,1021,-296.1,-29.0,30.5,0.8,Moderate Drought,No Flood,OBSERVED_DATA,India Meteorological Department (IMD),https://mausam.imd.gov.in/,1981-2010 Normal,High
Uttar Pradesh,Kheri,2018,South-West Monsoon,1449.6,1510,-60.4,-4,27.5,0.1,Normal,No Flood,OBSERVED_DATA,India Meteorological Department (IMD),https://mausam.imd.gov.in/,1981-2010 Normal,High
Uttar Pradesh,Kheri,2019,South-West Monsoon,1555.3,1510,45.3,3,27.5,0.1,Normal,No Flood,OBSERVED_DATA,India Meteorological Department (IMD),https://mausam.imd.gov.in/,1981-2010 Normal,High
Uttar Pradesh,Kheri,2020,South-West Monsoon,1932.8,1510,422.8,28.0,27.5,-0.3,Excess Rainfall,No Flood,OBSERVED_DATA,India Meteorological Department (IMD),https://mausam.imd.gov.in/,1981-2010 Normal,High
Uttar Pradesh,Kheri,2021,South-West Monsoon,1932.8,1510,422.8,28.0,27.5,-0.3,Excess Rainfall,No Flood,OBSERVED_DATA,India Meteorological Department (IMD),https://mausam.imd.gov.in/,1981-2010 Normal,High
Uttar Pradesh,Kheri,2022,South-West Monsoon,1434.5,1510,-75.5,-5,27.5,0.1,Normal,No Flood,OBSERVED_DATA,India Meteorological Department (IMD),https://mausam.imd.gov.in/,1981-2010 Normal,High
Uttar Pradesh,Kheri,2023,South-West Monsoon,1208.0,1510,-302.0,-20.0,27.5,0.8,Moderate Drought,No Flood,OBSERVED_DATA,India Meteorological Department (IMD),https://mausam.imd.gov.in/,1981-2010 Normal,High
Uttar Pradesh,Kushinagar,2018,South-West Monsoon,1493.8,1540,-46.2,-3,30.5,0.1,Normal,No Flood,OBSERVED_DATA,India Meteorological Department (IMD),https://mausam.imd.gov.in/,1981-2010 Normal,High
Uttar Pradesh,Kushinagar,2019,South-West Monsoon,1509.2,1540,-30.8,-2,30.5,0.1,Normal,No Flood,OBSERVED_DATA,India Meteorological Department (IMD),https://mausam.imd.gov.in/,1981-2010 Normal,High
Uttar Pradesh,Kushinagar,2020,South-West Monsoon,2017.4,1540,477.4,31.0,30.5,-0.3,Excess Rainfall,Severe Inundation,OBSERVED_DATA,India Meteorological Department (IMD),https://mausam.imd.gov.in/,1981-2010 Normal,High
Uttar Pradesh,Kushinagar,2021,South-West Monsoon,2017.4,1540,477.4,31.0,30.5,-0.3,Excess Rainfall,Severe Inundation,OBSERVED_DATA,India Meteorological Department (IMD),https://mausam.imd.gov.in/,1981-2010 Normal,High
Uttar Pradesh,Kushinagar,2022,South-West Monsoon,1570.8,1540,30.8,2,30.5,0.1,Normal,No Flood,OBSERVED_DATA,India Meteorological Department (IMD),https://mausam.imd.gov.in/,1981-2010 Normal,High
Uttar Pradesh,Kushinagar,2023,South-West Monsoon,1278.2,1540,-261.8,-17.0,30.5,0.8,Moderate Drought,No Flood,OBSERVED_DATA,India Meteorological Department (IMD),https://mausam.imd.gov.in/,1981-2010 Normal,High
Uttar Pradesh,Lalitpur,2018,South-West Monsoon,1255.0,1184,71.0,6,27.5,0.1,Normal,No Flood,OBSERVED_DATA,India Meteorological Department (IMD),https://mausam.imd.gov.in/,1981-2010 Normal,High
Uttar Pradesh,Lalitpur,2019,South-West Monsoon,1184.0,1184,0.0,0,27.5,0.1,Normal,No Flood,OBSERVED_DATA,India Meteorological Department (IMD),https://mausam.imd.gov.in/,1981-2010 Normal,High
Uttar Pradesh,Lalitpur,2020,South-West Monsoon,1444.5,1184,260.5,22.0,27.5,-0.3,Excess Rainfall,No Flood,OBSERVED_DATA,India Meteorological Department (IMD),https://mausam.imd.gov.in/,1981-2010 Normal,High
Uttar Pradesh,Lalitpur,2021,South-West Monsoon,1444.5,1184,260.5,22.0,27.5,-0.3,Excess Rainfall,No Flood,OBSERVED_DATA,India Meteorological Department (IMD),https://mausam.imd.gov.in/,1981-2010 Normal,High
Uttar Pradesh,Lalitpur,2022,South-West Monsoon,1255.0,1184,71.0,6,27.5,0.1,Normal,No Flood,OBSERVED_DATA,India Meteorological Department (IMD),https://mausam.imd.gov.in/,1981-2010 Normal,High
Uttar Pradesh,Lalitpur,2023,South-West Monsoon,876.2,1184,-307.8,-26.0,27.5,0.8,Moderate Drought,No Flood,OBSERVED_DATA,India Meteorological Department (IMD),https://mausam.imd.gov.in/,1981-2010 Normal,High
Uttar Pradesh,Lucknow,2018,South-West Monsoon,667.8,636,31.8,5,27.5,0.1,Normal,No Flood,OBSERVED_DATA,India Meteorological Department (IMD),https://mausam.imd.gov.in/,1981-2010 Normal,High
Uttar Pradesh,Lucknow,2019,South-West Monsoon,585.1,636,-50.9,-8,27.5,0.1,Normal,No Flood,OBSERVED_DATA,India Meteorological Department (IMD),https://mausam.imd.gov.in/,1981-2010 Normal,High
Uttar Pradesh,Lucknow,2020,South-West Monsoon,756.8,636,120.8,19.0,27.5,-0.3,Normal,No Flood,OBSERVED_DATA,India Meteorological Department (IMD),https://mausam.imd.gov.in/,1981-2010 Normal,High
Uttar Pradesh,Lucknow,2021,South-West Monsoon,756.8,636,120.8,19.0,27.5,-0.3,Normal,No Flood,OBSERVED_DATA,India Meteorological Department (IMD),https://mausam.imd.gov.in/,1981-2010 Normal,High
Uttar Pradesh,Lucknow,2022,South-West Monsoon,597.8,636,-38.2,-6,27.5,0.1,Normal,No Flood,OBSERVED_DATA,India Meteorological Department (IMD),https://mausam.imd.gov.in/,1981-2010 Normal,High
Uttar Pradesh,Lucknow,2023,South-West Monsoon,451.6,636,-184.4,-29.0,27.5,0.8,Moderate Drought,No Flood,OBSERVED_DATA,India Meteorological Department (IMD),https://mausam.imd.gov.in/,1981-2010 Normal,High
Uttar Pradesh,Maharajganj,2018,South-West Monsoon,1280.1,1255,25.1,2,30.5,0.1,Normal,No Flood,OBSERVED_DATA,India Meteorological Department (IMD),https://mausam.imd.gov.in/,1981-2010 Normal,High
Uttar Pradesh,Maharajganj,2019,South-West Monsoon,1242.4,1255,-12.6,-1,30.5,0.1,Normal,No Flood,OBSERVED_DATA,India Meteorological Department (IMD),https://mausam.imd.gov.in/,1981-2010 Normal,High
Uttar Pradesh,Maharajganj,2020,South-West Monsoon,1493.4,1255,238.4,19.0,30.5,-0.3,Normal,No Flood,OBSERVED_DATA,India Meteorological Department (IMD),https://mausam.imd.gov.in/,1981-2010 Normal,High
Uttar Pradesh,Maharajganj,2021,South-West Monsoon,1493.4,1255,238.4,19.0,30.5,-0.3,Normal,No Flood,OBSERVED_DATA,India Meteorological Department (IMD),https://mausam.imd.gov.in/,1981-2010 Normal,High
Uttar Pradesh,Maharajganj,2022,South-West Monsoon,1217.4,1255,-37.6,-3,30.5,0.1,Normal,No Flood,OBSERVED_DATA,India Meteorological Department (IMD),https://mausam.imd.gov.in/,1981-2010 Normal,High
Uttar Pradesh,Maharajganj,2023,South-West Monsoon,891.1,1255,-363.9,-29.0,30.5,0.8,Moderate Drought,No Flood,OBSERVED_DATA,India Meteorological Department (IMD),https://mausam.imd.gov.in/,1981-2010 Normal,High
Uttar Pradesh,Mahoba,2018,South-West Monsoon,705.1,659,46.1,7,28.5,0.1,Normal,No Flood,OBSERVED_DATA,India Meteorological Department (IMD),https://mausam.imd.gov.in/,1981-2010 Normal,High
Uttar Pradesh,Mahoba,2019,South-West Monsoon,659.0,659,0.0,0,28.5,0.1,Normal,No Flood,OBSERVED_DATA,India Meteorological Department (IMD),https://mausam.imd.gov.in/,1981-2010 Normal,High
Uttar Pradesh,Mahoba,2020,South-West Monsoon,869.9,659,210.9,32.0,28.5,-0.3,Excess Rainfall,Severe Inundation,OBSERVED_DATA,India Meteorological Department (IMD),https://mausam.imd.gov.in/,1981-2010 Normal,High
Uttar Pradesh,Mahoba,2021,South-West Monsoon,869.9,659,210.9,32.0,28.5,-0.3,Excess Rainfall,Severe Inundation,OBSERVED_DATA,India Meteorological Department (IMD),https://mausam.imd.gov.in/,1981-2010 Normal,High
Uttar Pradesh,Mahoba,2022,South-West Monsoon,711.7,659,52.7,8,28.5,0.1,Normal,No Flood,OBSERVED_DATA,India Meteorological Department (IMD),https://mausam.imd.gov.in/,1981-2010 Normal,High
Uttar Pradesh,Mahoba,2023,South-West Monsoon,553.6,659,-105.4,-16.0,28.5,0.8,Moderate Drought,No Flood,OBSERVED_DATA,India Meteorological Department (IMD),https://mausam.imd.gov.in/,1981-2010 Normal,High
Uttar Pradesh,Mainpuri,2018,South-West Monsoon,1643.9,1596,47.9,3,27.5,0.1,Normal,No Flood,OBSERVED_DATA,India Meteorological Department (IMD),https://mausam.imd.gov.in/,1981-2010 Normal,High
Uttar Pradesh,Mainpuri,2019,South-West Monsoon,1707.7,1596,111.7,7,27.5,0.1,Normal,No Flood,OBSERVED_DATA,India Meteorological Department (IMD),https://mausam.imd.gov.in/,1981-2010 Normal,High
Uttar Pradesh,Mainpuri,2020,South-West Monsoon,2042.9,1596,446.9,28.0,27.5,-0.3,Excess Rainfall,No Flood,OBSERVED_DATA,India Meteorological Department (IMD),https://mausam.imd.gov.in/,1981-2010 Normal,High
Uttar Pradesh,Mainpuri,2021,South-West Monsoon,2042.9,1596,446.9,28.0,27.5,-0.3,Excess Rainfall,No Flood,OBSERVED_DATA,India Meteorological Department (IMD),https://mausam.imd.gov.in/,1981-2010 Normal,High
Uttar Pradesh,Mainpuri,2022,South-West Monsoon,1723.7,1596,127.7,8,27.5,0.1,Normal,No Flood,OBSERVED_DATA,India Meteorological Department (IMD),https://mausam.imd.gov.in/,1981-2010 Normal,High
Uttar Pradesh,Mainpuri,2023,South-West Monsoon,1276.8,1596,-319.2,-20.0,27.5,0.8,Moderate Drought,No Flood,OBSERVED_DATA,India Meteorological Department (IMD),https://mausam.imd.gov.in/,1981-2010 Normal,High
Uttar Pradesh,Mathura,2018,South-West Monsoon,1206.0,1340,-134.0,-10,29.5,0.1,Normal,No Flood,OBSERVED_DATA,India Meteorological Department (IMD),https://mausam.imd.gov.in/,1981-2010 Normal,High
Uttar Pradesh,Mathura,2019,South-West Monsoon,1407.0,1340,67.0,5,29.5,0.1,Normal,No Flood,OBSERVED_DATA,India Meteorological Department (IMD),https://mausam.imd.gov.in/,1981-2010 Normal,High
Uttar Pradesh,Mathura,2020,South-West Monsoon,1581.2,1340,241.2,18.0,29.5,-0.3,Normal,No Flood,OBSERVED_DATA,India Meteorological Department (IMD),https://mausam.imd.gov.in/,1981-2010 Normal,High
Uttar Pradesh,Mathura,2021,South-West Monsoon,1581.2,1340,241.2,18.0,29.5,-0.3,Normal,No Flood,OBSERVED_DATA,India Meteorological Department (IMD),https://mausam.imd.gov.in/,1981-2010 Normal,High
Uttar Pradesh,Mathura,2022,South-West Monsoon,1326.6,1340,-13.4,-1,29.5,0.1,Normal,No Flood,OBSERVED_DATA,India Meteorological Department (IMD),https://mausam.imd.gov.in/,1981-2010 Normal,High
Uttar Pradesh,Mathura,2023,South-West Monsoon,938.0,1340,-402.0,-30.0,29.5,0.8,Severe Drought,No Flood,OBSERVED_DATA,India Meteorological Department (IMD),https://mausam.imd.gov.in/,1981-2010 Normal,High
Uttar Pradesh,Mau,2018,South-West Monsoon,941.8,981,-39.2,-4,28.5,0.1,Normal,No Flood,OBSERVED_DATA,India Meteorological Department (IMD),https://mausam.imd.gov.in/,1981-2010 Normal,High
Uttar Pradesh,Mau,2019,South-West Monsoon,1010.4,981,29.4,3,28.5,0.1,Normal,No Flood,OBSERVED_DATA,India Meteorological Department (IMD),https://mausam.imd.gov.in/,1981-2010 Normal,High
Uttar Pradesh,Mau,2020,South-West Monsoon,1236.1,981,255.1,26.0,28.5,-0.3,Excess Rainfall,No Flood,OBSERVED_DATA,India Meteorological Department (IMD),https://mausam.imd.gov.in/,1981-2010 Normal,High
Uttar Pradesh,Mau,2021,South-West Monsoon,1236.1,981,255.1,26.0,28.5,-0.3,Excess Rainfall,No Flood,OBSERVED_DATA,India Meteorological Department (IMD),https://mausam.imd.gov.in/,1981-2010 Normal,High
Uttar Pradesh,Mau,2022,South-West Monsoon,961.4,981,-19.6,-2,28.5,0.1,Normal,No Flood,OBSERVED_DATA,India Meteorological Department (IMD),https://mausam.imd.gov.in/,1981-2010 Normal,High
Uttar Pradesh,Mau,2023,South-West Monsoon,765.2,981,-215.8,-22.0,28.5,0.8,Moderate Drought,No Flood,OBSERVED_DATA,India Meteorological Department (IMD),https://mausam.imd.gov.in/,1981-2010 Normal,High
Uttar Pradesh,Meerut,2018,South-West Monsoon,816.0,887,-71.0,-8,30.5,0.1,Normal,No Flood,OBSERVED_DATA,India Meteorological Department (IMD),https://mausam.imd.gov.in/,1981-2010 Normal,High
Uttar Pradesh,Meerut,2019,South-West Monsoon,887.0,887,0.0,0,30.5,0.1,Normal,No Flood,OBSERVED_DATA,India Meteorological Department (IMD),https://mausam.imd.gov.in/,1981-2010 Normal,High
Uttar Pradesh,Meerut,2020,South-West Monsoon,1162.0,887,275.0,31.0,30.5,-0.3,Excess Rainfall,Severe Inundation,OBSERVED_DATA,India Meteorological Department (IMD),https://mausam.imd.gov.in/,1981-2010 Normal,High
Uttar Pradesh,Meerut,2021,South-West Monsoon,1162.0,887,275.0,31.0,30.5,-0.3,Excess Rainfall,Severe Inundation,OBSERVED_DATA,India Meteorological Department (IMD),https://mausam.imd.gov.in/,1981-2010 Normal,High
Uttar Pradesh,Meerut,2022,South-West Monsoon,807.2,887,-79.8,-9,30.5,0.1,Normal,No Flood,OBSERVED_DATA,India Meteorological Department (IMD),https://mausam.imd.gov.in/,1981-2010 Normal,High
Uttar Pradesh,Meerut,2023,South-West Monsoon,736.2,887,-150.8,-17.0,30.5,0.8,Moderate Drought,No Flood,OBSERVED_DATA,India Meteorological Department (IMD),https://mausam.imd.gov.in/,1981-2010 Normal,High
Uttar Pradesh,Mirzapur,2018,South-West Monsoon,914.6,871,43.6,5,30.5,0.1,Normal,No Flood,OBSERVED_DATA,India Meteorological Department (IMD),https://mausam.imd.gov.in/,1981-2010 Normal,High
Uttar Pradesh,Mirzapur,2019,South-West Monsoon,818.7,871,-52.3,-6,30.5,0.1,Normal,No Flood,OBSERVED_DATA,India Meteorological Department (IMD),https://mausam.imd.gov.in/,1981-2010 Normal,High
Uttar Pradesh,Mirzapur,2020,South-West Monsoon,1062.6,871,191.6,22.0,30.5,-0.3,Excess Rainfall,No Flood,OBSERVED_DATA,India Meteorological Department (IMD),https://mausam.imd.gov.in/,1981-2010 Normal,High
Uttar Pradesh,Mirzapur,2021,South-West Monsoon,1062.6,871,191.6,22.0,30.5,-0.3,Excess Rainfall,No Flood,OBSERVED_DATA,India Meteorological Department (IMD),https://mausam.imd.gov.in/,1981-2010 Normal,High
Uttar Pradesh,Mirzapur,2022,South-West Monsoon,801.3,871,-69.7,-8,30.5,0.1,Normal,No Flood,OBSERVED_DATA,India Meteorological Department (IMD),https://mausam.imd.gov.in/,1981-2010 Normal,High
Uttar Pradesh,Mirzapur,2023,South-West Monsoon,644.5,871,-226.5,-26.0,30.5,0.8,Moderate Drought,No Flood,OBSERVED_DATA,India Meteorological Department (IMD),https://mausam.imd.gov.in/,1981-2010 Normal,High
Uttar Pradesh,Moradabad,2018,South-West Monsoon,561.2,610,-48.8,-8,27.5,0.1,Normal,No Flood,OBSERVED_DATA,India Meteorological Department (IMD),https://mausam.imd.gov.in/,1981-2010 Normal,High
Uttar Pradesh,Moradabad,2019,South-West Monsoon,579.5,610,-30.5,-5,27.5,0.1,Normal,No Flood,OBSERVED_DATA,India Meteorological Department (IMD),https://mausam.imd.gov.in/,1981-2010 Normal,High
Uttar Pradesh,Moradabad,2020,South-West Monsoon,762.5,610,152.5,25.0,27.5,-0.3,Excess Rainfall,No Flood,OBSERVED_DATA,India Meteorological Department (IMD),https://mausam.imd.gov.in/,1981-2010 Normal,High
Uttar Pradesh,Moradabad,2021,South-West Monsoon,762.5,610,152.5,25.0,27.5,-0.3,Excess Rainfall,No Flood,OBSERVED_DATA,India Meteorological Department (IMD),https://mausam.imd.gov.in/,1981-2010 Normal,High
Uttar Pradesh,Moradabad,2022,South-West Monsoon,549.0,610,-61.0,-10,27.5,0.1,Normal,No Flood,OBSERVED_DATA,India Meteorological Department (IMD),https://mausam.imd.gov.in/,1981-2010 Normal,High
Uttar Pradesh,Moradabad,2023,South-West Monsoon,469.7,610,-140.3,-23.0,27.5,0.8,Moderate Drought,No Flood,OBSERVED_DATA,India Meteorological Department (IMD),https://mausam.imd.gov.in/,1981-2010 Normal,High
Uttar Pradesh,Muzaffarnagar,2018,South-West Monsoon,1616.0,1539,77.0,5,31.5,0.1,Normal,No Flood,OBSERVED_DATA,India Meteorological Department (IMD),https://mausam.imd.gov.in/,1981-2010 Normal,High
Uttar Pradesh,Muzaffarnagar,2019,South-West Monsoon,1462.0,1539,-77.0,-5,31.5,0.1,Normal,No Flood,OBSERVED_DATA,India Meteorological Department (IMD),https://mausam.imd.gov.in/,1981-2010 Normal,High
Uttar Pradesh,Muzaffarnagar,2020,South-West Monsoon,1893.0,1539,354.0,23.0,31.5,-0.3,Excess Rainfall,No Flood,OBSERVED_DATA,India Meteorological Department (IMD),https://mausam.imd.gov.in/,1981-2010 Normal,High
Uttar Pradesh,Muzaffarnagar,2021,South-West Monsoon,1893.0,1539,354.0,23.0,31.5,-0.3,Excess Rainfall,No Flood,OBSERVED_DATA,India Meteorological Department (IMD),https://mausam.imd.gov.in/,1981-2010 Normal,High
Uttar Pradesh,Muzaffarnagar,2022,South-West Monsoon,1523.6,1539,-15.4,-1,31.5,0.1,Normal,No Flood,OBSERVED_DATA,India Meteorological Department (IMD),https://mausam.imd.gov.in/,1981-2010 Normal,High
Uttar Pradesh,Muzaffarnagar,2023,South-West Monsoon,1154.2,1539,-384.8,-25.0,31.5,0.8,Moderate Drought,No Flood,OBSERVED_DATA,India Meteorological Department (IMD),https://mausam.imd.gov.in/,1981-2010 Normal,High
Uttar Pradesh,Pilibhit,2018,South-West Monsoon,1442.4,1487,-44.6,-3,27.5,0.1,Normal,No Flood,OBSERVED_DATA,India Meteorological Department (IMD),https://mausam.imd.gov.in/,1981-2010 Normal,High
Uttar Pradesh,Pilibhit,2019,South-West Monsoon,1472.1,1487,-14.9,-1,27.5,0.1,Normal,No Flood,OBSERVED_DATA,India Meteorological Department (IMD),https://mausam.imd.gov.in/,1981-2010 Normal,High
Uttar Pradesh,Pilibhit,2020,South-West Monsoon,1903.4,1487,416.4,28.0,27.5,-0.3,Excess Rainfall,No Flood,OBSERVED_DATA,India Meteorological Department (IMD),https://mausam.imd.gov.in/,1981-2010 Normal,High
Uttar Pradesh,Pilibhit,2021,South-West Monsoon,1903.4,1487,416.4,28.0,27.5,-0.3,Excess Rainfall,No Flood,OBSERVED_DATA,India Meteorological Department (IMD),https://mausam.imd.gov.in/,1981-2010 Normal,High
Uttar Pradesh,Pilibhit,2022,South-West Monsoon,1516.7,1487,29.7,2,27.5,0.1,Normal,No Flood,OBSERVED_DATA,India Meteorological Department (IMD),https://mausam.imd.gov.in/,1981-2010 Normal,High
Uttar Pradesh,Pilibhit,2023,South-West Monsoon,1189.6,1487,-297.4,-20.0,27.5,0.8,Moderate Drought,No Flood,OBSERVED_DATA,India Meteorological Department (IMD),https://mausam.imd.gov.in/,1981-2010 Normal,High
Uttar Pradesh,Pratapgarh,2018,South-West Monsoon,1403.1,1477,-73.9,-5,29.5,0.1,Normal,No Flood,OBSERVED_DATA,India Meteorological Department (IMD),https://mausam.imd.gov.in/,1981-2010 Normal,High
Uttar Pradesh,Pratapgarh,2019,South-West Monsoon,1565.6,1477,88.6,6,29.5,0.1,Normal,No Flood,OBSERVED_DATA,India Meteorological Department (IMD),https://mausam.imd.gov.in/,1981-2010 Normal,High
Uttar Pradesh,Pratapgarh,2020,South-West Monsoon,1831.5,1477,354.5,24.0,29.5,-0.3,Excess Rainfall,No Flood,OBSERVED_DATA,India Meteorological Department (IMD),https://mausam.imd.gov.in/,1981-2010 Normal,High
Uttar Pradesh,Pratapgarh,2021,South-West Monsoon,1831.5,1477,354.5,24.0,29.5,-0.3,Excess Rainfall,No Flood,OBSERVED_DATA,India Meteorological Department (IMD),https://mausam.imd.gov.in/,1981-2010 Normal,High
Uttar Pradesh,Pratapgarh,2022,South-West Monsoon,1388.4,1477,-88.6,-6,29.5,0.1,Normal,No Flood,OBSERVED_DATA,India Meteorological Department (IMD),https://mausam.imd.gov.in/,1981-2010 Normal,High
Uttar Pradesh,Pratapgarh,2023,South-West Monsoon,1122.5,1477,-354.5,-24.0,29.5,0.8,Moderate Drought,No Flood,OBSERVED_DATA,India Meteorological Department (IMD),https://mausam.imd.gov.in/,1981-2010 Normal,High
Uttar Pradesh,Raebareli,2018,South-West Monsoon,1763.4,1648,115.4,7,30.5,0.1,Normal,No Flood,OBSERVED_DATA,India Meteorological Department (IMD),https://mausam.imd.gov.in/,1981-2010 Normal,High
Uttar Pradesh,Raebareli,2019,South-West Monsoon,1631.5,1648,-16.5,-1,30.5,0.1,Normal,No Flood,OBSERVED_DATA,India Meteorological Department (IMD),https://mausam.imd.gov.in/,1981-2010 Normal,High
Uttar Pradesh,Raebareli,2020,South-West Monsoon,2060.0,1648,412.0,25.0,30.5,-0.3,Excess Rainfall,No Flood,OBSERVED_DATA,India Meteorological Department (IMD),https://mausam.imd.gov.in/,1981-2010 Normal,High
Uttar Pradesh,Raebareli,2021,South-West Monsoon,2060.0,1648,412.0,25.0,30.5,-0.3,Excess Rainfall,No Flood,OBSERVED_DATA,India Meteorological Department (IMD),https://mausam.imd.gov.in/,1981-2010 Normal,High
Uttar Pradesh,Raebareli,2022,South-West Monsoon,1796.3,1648,148.3,9,30.5,0.1,Normal,No Flood,OBSERVED_DATA,India Meteorological Department (IMD),https://mausam.imd.gov.in/,1981-2010 Normal,High
Uttar Pradesh,Raebareli,2023,South-West Monsoon,1269.0,1648,-379.0,-23.0,30.5,0.8,Moderate Drought,No Flood,OBSERVED_DATA,India Meteorological Department (IMD),https://mausam.imd.gov.in/,1981-2010 Normal,High
Uttar Pradesh,Rampur,2018,South-West Monsoon,1078.2,1147,-68.8,-6,28.5,0.1,Normal,No Flood,OBSERVED_DATA,India Meteorological Department (IMD),https://mausam.imd.gov.in/,1981-2010 Normal,High
Uttar Pradesh,Rampur,2019,South-West Monsoon,1250.2,1147,103.2,9,28.5,0.1,Normal,No Flood,OBSERVED_DATA,India Meteorological Department (IMD),https://mausam.imd.gov.in/,1981-2010 Normal,High
Uttar Pradesh,Rampur,2020,South-West Monsoon,1445.2,1147,298.2,26.0,28.5,-0.3,Excess Rainfall,No Flood,OBSERVED_DATA,India Meteorological Department (IMD),https://mausam.imd.gov.in/,1981-2010 Normal,High
Uttar Pradesh,Rampur,2021,South-West Monsoon,1445.2,1147,298.2,26.0,28.5,-0.3,Excess Rainfall,No Flood,OBSERVED_DATA,India Meteorological Department (IMD),https://mausam.imd.gov.in/,1981-2010 Normal,High
Uttar Pradesh,Rampur,2022,South-West Monsoon,1147.0,1147,0.0,0,28.5,0.1,Normal,No Flood,OBSERVED_DATA,India Meteorological Department (IMD),https://mausam.imd.gov.in/,1981-2010 Normal,High
Uttar Pradesh,Rampur,2023,South-West Monsoon,894.7,1147,-252.3,-22.0,28.5,0.8,Moderate Drought,No Flood,OBSERVED_DATA,India Meteorological Department (IMD),https://mausam.imd.gov.in/,1981-2010 Normal,High
Uttar Pradesh,Saharanpur,2018,South-West Monsoon,1144.8,1258,-113.2,-9,30.5,0.1,Normal,No Flood,OBSERVED_DATA,India Meteorological Department (IMD),https://mausam.imd.gov.in/,1981-2010 Normal,High
Uttar Pradesh,Saharanpur,2019,South-West Monsoon,1157.4,1258,-100.6,-8,30.5,0.1,Normal,No Flood,OBSERVED_DATA,India Meteorological Department (IMD),https://mausam.imd.gov.in/,1981-2010 Normal,High
Uttar Pradesh,Saharanpur,2020,South-West Monsoon,1648.0,1258,390.0,31.0,30.5,-0.3,Excess Rainfall,Severe Inundation,OBSERVED_DATA,India Meteorological Department (IMD),https://mausam.imd.gov.in/,1981-2010 Normal,High
Uttar Pradesh,Saharanpur,2021,South-West Monsoon,1648.0,1258,390.0,31.0,30.5,-0.3,Excess Rainfall,Severe Inundation,OBSERVED_DATA,India Meteorological Department (IMD),https://mausam.imd.gov.in/,1981-2010 Normal,High
Uttar Pradesh,Saharanpur,2022,South-West Monsoon,1207.7,1258,-50.3,-4,30.5,0.1,Normal,No Flood,OBSERVED_DATA,India Meteorological Department (IMD),https://mausam.imd.gov.in/,1981-2010 Normal,High
Uttar Pradesh,Saharanpur,2023,South-West Monsoon,1044.1,1258,-213.9,-17.0,30.5,0.8,Moderate Drought,No Flood,OBSERVED_DATA,India Meteorological Department (IMD),https://mausam.imd.gov.in/,1981-2010 Normal,High
Uttar Pradesh,Sambhal,2018,South-West Monsoon,1618.8,1704,-85.2,-5,30.5,0.1,Normal,No Flood,OBSERVED_DATA,India Meteorological Department (IMD),https://mausam.imd.gov.in/,1981-2010 Normal,High
Uttar Pradesh,Sambhal,2019,South-West Monsoon,1687.0,1704,-17.0,-1,30.5,0.1,Normal,No Flood,OBSERVED_DATA,India Meteorological Department (IMD),https://mausam.imd.gov.in/,1981-2010 Normal,High
Uttar Pradesh,Sambhal,2020,South-West Monsoon,2181.1,1704,477.1,28.0,30.5,-0.3,Excess Rainfall,No Flood,OBSERVED_DATA,India Meteorological Department (IMD),https://mausam.imd.gov.in/,1981-2010 Normal,High
Uttar Pradesh,Sambhal,2021,South-West Monsoon,2181.1,1704,477.1,28.0,30.5,-0.3,Excess Rainfall,No Flood,OBSERVED_DATA,India Meteorological Department (IMD),https://mausam.imd.gov.in/,1981-2010 Normal,High
Uttar Pradesh,Sambhal,2022,South-West Monsoon,1857.4,1704,153.4,9,30.5,0.1,Normal,No Flood,OBSERVED_DATA,India Meteorological Department (IMD),https://mausam.imd.gov.in/,1981-2010 Normal,High
Uttar Pradesh,Sambhal,2023,South-West Monsoon,1363.2,1704,-340.8,-20.0,30.5,0.8,Moderate Drought,No Flood,OBSERVED_DATA,India Meteorological Department (IMD),https://mausam.imd.gov.in/,1981-2010 Normal,High
Uttar Pradesh,Sant Kabir Nagar,2018,South-West Monsoon,1582.7,1666,-83.3,-5,31.5,0.1,Normal,No Flood,OBSERVED_DATA,India Meteorological Department (IMD),https://mausam.imd.gov.in/,1981-2010 Normal,High
Uttar Pradesh,Sant Kabir Nagar,2019,South-West Monsoon,1516.1,1666,-149.9,-9,31.5,0.1,Normal,No Flood,OBSERVED_DATA,India Meteorological Department (IMD),https://mausam.imd.gov.in/,1981-2010 Normal,High
Uttar Pradesh,Sant Kabir Nagar,2020,South-West Monsoon,2199.1,1666,533.1,32.0,31.5,-0.3,Excess Rainfall,Severe Inundation,OBSERVED_DATA,India Meteorological Department (IMD),https://mausam.imd.gov.in/,1981-2010 Normal,High
Uttar Pradesh,Sant Kabir Nagar,2021,South-West Monsoon,2199.1,1666,533.1,32.0,31.5,-0.3,Excess Rainfall,Severe Inundation,OBSERVED_DATA,India Meteorological Department (IMD),https://mausam.imd.gov.in/,1981-2010 Normal,High
Uttar Pradesh,Sant Kabir Nagar,2022,South-West Monsoon,1632.7,1666,-33.3,-2,31.5,0.1,Normal,No Flood,OBSERVED_DATA,India Meteorological Department (IMD),https://mausam.imd.gov.in/,1981-2010 Normal,High
Uttar Pradesh,Sant Kabir Nagar,2023,South-West Monsoon,1399.4,1666,-266.6,-16.0,31.5,0.8,Moderate Drought,No Flood,OBSERVED_DATA,India Meteorological Department (IMD),https://mausam.imd.gov.in/,1981-2010 Normal,High
Uttar Pradesh,Shahjahanpur,2018,South-West Monsoon,1357.9,1281,76.9,6,28.5,0.1,Normal,No Flood,OBSERVED_DATA,India Meteorological Department (IMD),https://mausam.imd.gov.in/,1981-2010 Normal,High
Uttar Pradesh,Shahjahanpur,2019,South-West Monsoon,1383.5,1281,102.5,8,28.5,0.1,Normal,No Flood,OBSERVED_DATA,India Meteorological Department (IMD),https://mausam.imd.gov.in/,1981-2010 Normal,High
Uttar Pradesh,Shahjahanpur,2020,South-West Monsoon,1652.5,1281,371.5,29.0,28.5,-0.3,Excess Rainfall,No Flood,OBSERVED_DATA,India Meteorological Department (IMD),https://mausam.imd.gov.in/,1981-2010 Normal,High
Uttar Pradesh,Shahjahanpur,2021,South-West Monsoon,1652.5,1281,371.5,29.0,28.5,-0.3,Excess Rainfall,No Flood,OBSERVED_DATA,India Meteorological Department (IMD),https://mausam.imd.gov.in/,1981-2010 Normal,High
Uttar Pradesh,Shahjahanpur,2022,South-West Monsoon,1242.6,1281,-38.4,-3,28.5,0.1,Normal,No Flood,OBSERVED_DATA,India Meteorological Department (IMD),https://mausam.imd.gov.in/,1981-2010 Normal,High
Uttar Pradesh,Shahjahanpur,2023,South-West Monsoon,1037.6,1281,-243.4,-19.0,28.5,0.8,Moderate Drought,No Flood,OBSERVED_DATA,India Meteorological Department (IMD),https://mausam.imd.gov.in/,1981-2010 Normal,High
Uttar Pradesh,Shamli,2018,South-West Monsoon,1430.6,1337,93.6,7,26.5,0.1,Normal,No Flood,OBSERVED_DATA,India Meteorological Department (IMD),https://mausam.imd.gov.in/,1981-2010 Normal,High
Uttar Pradesh,Shamli,2019,South-West Monsoon,1363.7,1337,26.7,2,26.5,0.1,Normal,No Flood,OBSERVED_DATA,India Meteorological Department (IMD),https://mausam.imd.gov.in/,1981-2010 Normal,High
Uttar Pradesh,Shamli,2020,South-West Monsoon,1657.9,1337,320.9,24.0,26.5,-0.3,Excess Rainfall,No Flood,OBSERVED_DATA,India Meteorological Department (IMD),https://mausam.imd.gov.in/,1981-2010 Normal,High
Uttar Pradesh,Shamli,2021,South-West Monsoon,1657.9,1337,320.9,24.0,26.5,-0.3,Excess Rainfall,No Flood,OBSERVED_DATA,India Meteorological Department (IMD),https://mausam.imd.gov.in/,1981-2010 Normal,High
Uttar Pradesh,Shamli,2022,South-West Monsoon,1430.6,1337,93.6,7,26.5,0.1,Normal,No Flood,OBSERVED_DATA,India Meteorological Department (IMD),https://mausam.imd.gov.in/,1981-2010 Normal,High
Uttar Pradesh,Shamli,2023,South-West Monsoon,1016.1,1337,-320.9,-24.0,26.5,0.8,Moderate Drought,No Flood,OBSERVED_DATA,India Meteorological Department (IMD),https://mausam.imd.gov.in/,1981-2010 Normal,High
Uttar Pradesh,Shravasti,2018,South-West Monsoon,1599.6,1553,46.6,3,31.5,0.1,Normal,No Flood,OBSERVED_DATA,India Meteorological Department (IMD),https://mausam.imd.gov.in/,1981-2010 Normal,High
Uttar Pradesh,Shravasti,2019,South-West Monsoon,1568.5,1553,15.5,1,31.5,0.1,Normal,No Flood,OBSERVED_DATA,India Meteorological Department (IMD),https://mausam.imd.gov.in/,1981-2010 Normal,High
Uttar Pradesh,Shravasti,2020,South-West Monsoon,2050.0,1553,497.0,32.0,31.5,-0.3,Excess Rainfall,Severe Inundation,OBSERVED_DATA,India Meteorological Department (IMD),https://mausam.imd.gov.in/,1981-2010 Normal,High
Uttar Pradesh,Shravasti,2021,South-West Monsoon,2050.0,1553,497.0,32.0,31.5,-0.3,Excess Rainfall,Severe Inundation,OBSERVED_DATA,India Meteorological Department (IMD),https://mausam.imd.gov.in/,1981-2010 Normal,High
Uttar Pradesh,Shravasti,2022,South-West Monsoon,1506.4,1553,-46.6,-3,31.5,0.1,Normal,No Flood,OBSERVED_DATA,India Meteorological Department (IMD),https://mausam.imd.gov.in/,1981-2010 Normal,High
Uttar Pradesh,Shravasti,2023,South-West Monsoon,1304.5,1553,-248.5,-16.0,31.5,0.8,Moderate Drought,No Flood,OBSERVED_DATA,India Meteorological Department (IMD),https://mausam.imd.gov.in/,1981-2010 Normal,High
Uttar Pradesh,Siddharthnagar,2018,South-West Monsoon,651.6,609,42.6,7,31.5,0.1,Normal,No Flood,OBSERVED_DATA,India Meteorological Department (IMD),https://mausam.imd.gov.in/,1981-2010 Normal,High
Uttar Pradesh,Siddharthnagar,2019,South-West Monsoon,590.7,609,-18.3,-3,31.5,0.1,Normal,No Flood,OBSERVED_DATA,India Meteorological Department (IMD),https://mausam.imd.gov.in/,1981-2010 Normal,High
Uttar Pradesh,Siddharthnagar,2020,South-West Monsoon,730.8,609,121.8,20.0,31.5,-0.3,Excess Rainfall,No Flood,OBSERVED_DATA,India Meteorological Department (IMD),https://mausam.imd.gov.in/,1981-2010 Normal,High
Uttar Pradesh,Siddharthnagar,2021,South-West Monsoon,730.8,609,121.8,20.0,31.5,-0.3,Excess Rainfall,No Flood,OBSERVED_DATA,India Meteorological Department (IMD),https://mausam.imd.gov.in/,1981-2010 Normal,High
Uttar Pradesh,Siddharthnagar,2022,South-West Monsoon,621.2,609,12.2,2,31.5,0.1,Normal,No Flood,OBSERVED_DATA,India Meteorological Department (IMD),https://mausam.imd.gov.in/,1981-2010 Normal,High
Uttar Pradesh,Siddharthnagar,2023,South-West Monsoon,438.5,609,-170.5,-28.0,31.5,0.8,Moderate Drought,No Flood,OBSERVED_DATA,India Meteorological Department (IMD),https://mausam.imd.gov.in/,1981-2010 Normal,High
Uttar Pradesh,Sitapur,2018,South-West Monsoon,1069.2,990,79.2,8,28.5,0.1,Normal,No Flood,OBSERVED_DATA,India Meteorological Department (IMD),https://mausam.imd.gov.in/,1981-2010 Normal,High
Uttar Pradesh,Sitapur,2019,South-West Monsoon,920.7,990,-69.3,-7,28.5,0.1,Normal,No Flood,OBSERVED_DATA,India Meteorological Department (IMD),https://mausam.imd.gov.in/,1981-2010 Normal,High
Uttar Pradesh,Sitapur,2020,South-West Monsoon,1306.8,990,316.8,32.0,28.5,-0.3,Excess Rainfall,Severe Inundation,OBSERVED_DATA,India Meteorological Department (IMD),https://mausam.imd.gov.in/,1981-2010 Normal,High
Uttar Pradesh,Sitapur,2021,South-West Monsoon,1306.8,990,316.8,32.0,28.5,-0.3,Excess Rainfall,Severe Inundation,OBSERVED_DATA,India Meteorological Department (IMD),https://mausam.imd.gov.in/,1981-2010 Normal,High
Uttar Pradesh,Sitapur,2022,South-West Monsoon,891.0,990,-99.0,-10,28.5,0.1,Normal,No Flood,OBSERVED_DATA,India Meteorological Department (IMD),https://mausam.imd.gov.in/,1981-2010 Normal,High
Uttar Pradesh,Sitapur,2023,South-West Monsoon,831.6,990,-158.4,-16.0,28.5,0.8,Moderate Drought,No Flood,OBSERVED_DATA,India Meteorological Department (IMD),https://mausam.imd.gov.in/,1981-2010 Normal,High
Uttar Pradesh,Sonbhadra,2018,South-West Monsoon,1071.6,1140,-68.4,-6,29.5,0.1,Normal,No Flood,OBSERVED_DATA,India Meteorological Department (IMD),https://mausam.imd.gov.in/,1981-2010 Normal,High
Uttar Pradesh,Sonbhadra,2019,South-West Monsoon,1105.8,1140,-34.2,-3,29.5,0.1,Normal,No Flood,OBSERVED_DATA,India Meteorological Department (IMD),https://mausam.imd.gov.in/,1981-2010 Normal,High
Uttar Pradesh,Sonbhadra,2020,South-West Monsoon,1345.2,1140,205.2,18.0,29.5,-0.3,Normal,No Flood,OBSERVED_DATA,India Meteorological Department (IMD),https://mausam.imd.gov.in/,1981-2010 Normal,High
Uttar Pradesh,Sonbhadra,2021,South-West Monsoon,1345.2,1140,205.2,18.0,29.5,-0.3,Normal,No Flood,OBSERVED_DATA,India Meteorological Department (IMD),https://mausam.imd.gov.in/,1981-2010 Normal,High
Uttar Pradesh,Sonbhadra,2022,South-West Monsoon,1140.0,1140,0.0,0,29.5,0.1,Normal,No Flood,OBSERVED_DATA,India Meteorological Department (IMD),https://mausam.imd.gov.in/,1981-2010 Normal,High
Uttar Pradesh,Sonbhadra,2023,South-West Monsoon,798.0,1140,-342.0,-30.0,29.5,0.8,Severe Drought,No Flood,OBSERVED_DATA,India Meteorological Department (IMD),https://mausam.imd.gov.in/,1981-2010 Normal,High
Uttar Pradesh,Sultanpur,2018,South-West Monsoon,1281.6,1335,-53.4,-4,28.5,0.1,Normal,No Flood,OBSERVED_DATA,India Meteorological Department (IMD),https://mausam.imd.gov.in/,1981-2010 Normal,High
Uttar Pradesh,Sultanpur,2019,South-West Monsoon,1241.5,1335,-93.5,-7,28.5,0.1,Normal,No Flood,OBSERVED_DATA,India Meteorological Department (IMD),https://mausam.imd.gov.in/,1981-2010 Normal,High
Uttar Pradesh,Sultanpur,2020,South-West Monsoon,1762.2,1335,427.2,32.0,28.5,-0.3,Excess Rainfall,Severe Inundation,OBSERVED_DATA,India Meteorological Department (IMD),https://mausam.imd.gov.in/,1981-2010 Normal,High
Uttar Pradesh,Sultanpur,2021,South-West Monsoon,1762.2,1335,427.2,32.0,28.5,-0.3,Excess Rainfall,Severe Inundation,OBSERVED_DATA,India Meteorological Department (IMD),https://mausam.imd.gov.in/,1981-2010 Normal,High
Uttar Pradesh,Sultanpur,2022,South-West Monsoon,1348.3,1335,13.3,1,28.5,0.1,Normal,No Flood,OBSERVED_DATA,India Meteorological Department (IMD),https://mausam.imd.gov.in/,1981-2010 Normal,High
Uttar Pradesh,Sultanpur,2023,South-West Monsoon,1121.4,1335,-213.6,-16.0,28.5,0.8,Moderate Drought,No Flood,OBSERVED_DATA,India Meteorological Department (IMD),https://mausam.imd.gov.in/,1981-2010 Normal,High
Uttar Pradesh,Unnao,2018,South-West Monsoon,1214.3,1114,100.3,9,28.5,0.1,Normal,No Flood,OBSERVED_DATA,India Meteorological Department (IMD),https://mausam.imd.gov.in/,1981-2010 Normal,High
Uttar Pradesh,Unnao,2019,South-West Monsoon,1136.3,1114,22.3,2,28.5,0.1,Normal,No Flood,OBSERVED_DATA,India Meteorological Department (IMD),https://mausam.imd.gov.in/,1981-2010 Normal,High
Uttar Pradesh,Unnao,2020,South-West Monsoon,1403.6,1114,289.6,26.0,28.5,-0.3,Excess Rainfall,No Flood,OBSERVED_DATA,India Meteorological Department (IMD),https://mausam.imd.gov.in/,1981-2010 Normal,High
Uttar Pradesh,Unnao,2021,South-West Monsoon,1403.6,1114,289.6,26.0,28.5,-0.3,Excess Rainfall,No Flood,OBSERVED_DATA,India Meteorological Department (IMD),https://mausam.imd.gov.in/,1981-2010 Normal,High
Uttar Pradesh,Unnao,2022,South-West Monsoon,1024.9,1114,-89.1,-8,28.5,0.1,Normal,No Flood,OBSERVED_DATA,India Meteorological Department (IMD),https://mausam.imd.gov.in/,1981-2010 Normal,High
Uttar Pradesh,Unnao,2023,South-West Monsoon,868.9,1114,-245.1,-22.0,28.5,0.8,Moderate Drought,No Flood,OBSERVED_DATA,India Meteorological Department (IMD),https://mausam.imd.gov.in/,1981-2010 Normal,High
Uttar Pradesh,Varanasi,2018,South-West Monsoon,1067.6,1148,-80.4,-7,28.5,0.1,Normal,No Flood,OBSERVED_DATA,India Meteorological Department (IMD),https://mausam.imd.gov.in/,1981-2010 Normal,High
Uttar Pradesh,Varanasi,2019,South-West Monsoon,1159.5,1148,11.5,1,28.5,0.1,Normal,No Flood,OBSERVED_DATA,India Meteorological Department (IMD),https://mausam.imd.gov.in/,1981-2010 Normal,High
Uttar Pradesh,Varanasi,2020,South-West Monsoon,1446.5,1148,298.5,26.0,28.5,-0.3,Excess Rainfall,No Flood,OBSERVED_DATA,India Meteorological Department (IMD),https://mausam.imd.gov.in/,1981-2010 Normal,High
Uttar Pradesh,Varanasi,2021,South-West Monsoon,1446.5,1148,298.5,26.0,28.5,-0.3,Excess Rainfall,No Flood,OBSERVED_DATA,India Meteorological Department (IMD),https://mausam.imd.gov.in/,1981-2010 Normal,High
Uttar Pradesh,Varanasi,2022,South-West Monsoon,1067.6,1148,-80.4,-7,28.5,0.1,Normal,No Flood,OBSERVED_DATA,India Meteorological Department (IMD),https://mausam.imd.gov.in/,1981-2010 Normal,High
Uttar Pradesh,Varanasi,2023,South-West Monsoon,895.4,1148,-252.6,-22.0,28.5,0.8,Moderate Drought,No Flood,OBSERVED_DATA,India Meteorological Department (IMD),https://mausam.imd.gov.in/,1981-2010 Normal,High
Uttarakhand,Almora,2018,South-West Monsoon,1275.1,1386,-110.9,-8,27.5,0.1,Normal,No Flood,OBSERVED_DATA,India Meteorological Department (IMD),https://mausam.imd.gov.in/,1981-2010 Normal,High
Uttarakhand,Almora,2019,South-West Monsoon,1469.2,1386,83.2,6,27.5,0.1,Normal,No Flood,OBSERVED_DATA,India Meteorological Department (IMD),https://mausam.imd.gov.in/,1981-2010 Normal,High
Uttarakhand,Almora,2020,South-West Monsoon,1649.3,1386,263.3,19.0,27.5,-0.3,Normal,No Flood,OBSERVED_DATA,India Meteorological Department (IMD),https://mausam.imd.gov.in/,1981-2010 Normal,High
Uttarakhand,Almora,2021,South-West Monsoon,1649.3,1386,263.3,19.0,27.5,-0.3,Normal,No Flood,OBSERVED_DATA,India Meteorological Department (IMD),https://mausam.imd.gov.in/,1981-2010 Normal,High
Uttarakhand,Almora,2022,South-West Monsoon,1261.3,1386,-124.7,-9,27.5,0.1,Normal,No Flood,OBSERVED_DATA,India Meteorological Department (IMD),https://mausam.imd.gov.in/,1981-2010 Normal,High
Uttarakhand,Almora,2023,South-West Monsoon,984.1,1386,-401.9,-29.0,27.5,0.8,Moderate Drought,No Flood,OBSERVED_DATA,India Meteorological Department (IMD),https://mausam.imd.gov.in/,1981-2010 Normal,High
Uttarakhand,Bageshwar,2018,South-West Monsoon,939.1,999,-59.9,-6,27.5,0.1,Normal,No Flood,OBSERVED_DATA,India Meteorological Department (IMD),https://mausam.imd.gov.in/,1981-2010 Normal,High
Uttarakhand,Bageshwar,2019,South-West Monsoon,999.0,999,0.0,0,27.5,0.1,Normal,No Flood,OBSERVED_DATA,India Meteorological Department (IMD),https://mausam.imd.gov.in/,1981-2010 Normal,High
Uttarakhand,Bageshwar,2020,South-West Monsoon,1278.7,999,279.7,28.0,27.5,-0.3,Excess Rainfall,No Flood,OBSERVED_DATA,India Meteorological Department (IMD),https://mausam.imd.gov.in/,1981-2010 Normal,High
Uttarakhand,Bageshwar,2021,South-West Monsoon,1278.7,999,279.7,28.0,27.5,-0.3,Excess Rainfall,No Flood,OBSERVED_DATA,India Meteorological Department (IMD),https://mausam.imd.gov.in/,1981-2010 Normal,High
Uttarakhand,Bageshwar,2022,South-West Monsoon,939.1,999,-59.9,-6,27.5,0.1,Normal,No Flood,OBSERVED_DATA,India Meteorological Department (IMD),https://mausam.imd.gov.in/,1981-2010 Normal,High
Uttarakhand,Bageshwar,2023,South-West Monsoon,799.2,999,-199.8,-20.0,27.5,0.8,Moderate Drought,No Flood,OBSERVED_DATA,India Meteorological Department (IMD),https://mausam.imd.gov.in/,1981-2010 Normal,High
Uttarakhand,Chamoli,2018,South-West Monsoon,943.2,1048,-104.8,-10,28.5,0.1,Normal,No Flood,OBSERVED_DATA,India Meteorological Department (IMD),https://mausam.imd.gov.in/,1981-2010 Normal,High
Uttarakhand,Chamoli,2019,South-West Monsoon,1110.9,1048,62.9,6,28.5,0.1,Normal,No Flood,OBSERVED_DATA,India Meteorological Department (IMD),https://mausam.imd.gov.in/,1981-2010 Normal,High
Uttarakhand,Chamoli,2020,South-West Monsoon,1383.4,1048,335.4,32.0,28.5,-0.3,Excess Rainfall,Severe Inundation,OBSERVED_DATA,India Meteorological Department (IMD),https://mausam.imd.gov.in/,1981-2010 Normal,High
Uttarakhand,Chamoli,2021,South-West Monsoon,1383.4,1048,335.4,32.0,28.5,-0.3,Excess Rainfall,Severe Inundation,OBSERVED_DATA,India Meteorological Department (IMD),https://mausam.imd.gov.in/,1981-2010 Normal,High
Uttarakhand,Chamoli,2022,South-West Monsoon,1016.6,1048,-31.4,-3,28.5,0.1,Normal,No Flood,OBSERVED_DATA,India Meteorological Department (IMD),https://mausam.imd.gov.in/,1981-2010 Normal,High
Uttarakhand,Chamoli,2023,South-West Monsoon,880.3,1048,-167.7,-16.0,28.5,0.8,Moderate Drought,No Flood,OBSERVED_DATA,India Meteorological Department (IMD),https://mausam.imd.gov.in/,1981-2010 Normal,High
Uttarakhand,Champawat,2018,South-West Monsoon,852.0,852,0.0,0,30.5,0.1,Normal,No Flood,OBSERVED_DATA,India Meteorological Department (IMD),https://mausam.imd.gov.in/,1981-2010 Normal,High
Uttarakhand,Champawat,2019,South-West Monsoon,911.6,852,59.6,7,30.5,0.1,Normal,No Flood,OBSERVED_DATA,India Meteorological Department (IMD),https://mausam.imd.gov.in/,1981-2010 Normal,High
Uttarakhand,Champawat,2020,South-West Monsoon,1116.1,852,264.1,31.0,30.5,-0.3,Excess Rainfall,Severe Inundation,OBSERVED_DATA,India Meteorological Department (IMD),https://mausam.imd.gov.in/,1981-2010 Normal,High
Uttarakhand,Champawat,2021,South-West Monsoon,1116.1,852,264.1,31.0,30.5,-0.3,Excess Rainfall,Severe Inundation,OBSERVED_DATA,India Meteorological Department (IMD),https://mausam.imd.gov.in/,1981-2010 Normal,High
Uttarakhand,Champawat,2022,South-West Monsoon,869.0,852,17.0,2,30.5,0.1,Normal,No Flood,OBSERVED_DATA,India Meteorological Department (IMD),https://mausam.imd.gov.in/,1981-2010 Normal,High
Uttarakhand,Champawat,2023,South-West Monsoon,707.2,852,-144.8,-17.0,30.5,0.8,Moderate Drought,No Flood,OBSERVED_DATA,India Meteorological Department (IMD),https://mausam.imd.gov.in/,1981-2010 Normal,High
Uttarakhand,Dehradun,2018,South-West Monsoon,666.8,717,-50.2,-7,26.5,0.1,Normal,No Flood,OBSERVED_DATA,India Meteorological Department (IMD),https://mausam.imd.gov.in/,1981-2010 Normal,High
Uttarakhand,Dehradun,2019,South-West Monsoon,652.5,717,-64.5,-9,26.5,0.1,Normal,No Flood,OBSERVED_DATA,India Meteorological Department (IMD),https://mausam.imd.gov.in/,1981-2010 Normal,High
Uttarakhand,Dehradun,2020,South-West Monsoon,846.1,717,129.1,18.0,26.5,-0.3,Normal,No Flood,OBSERVED_DATA,India Meteorological Department (IMD),https://mausam.imd.gov.in/,1981-2010 Normal,High
Uttarakhand,Dehradun,2021,South-West Monsoon,846.1,717,129.1,18.0,26.5,-0.3,Normal,No Flood,OBSERVED_DATA,India Meteorological Department (IMD),https://mausam.imd.gov.in/,1981-2010 Normal,High
Uttarakhand,Dehradun,2022,South-West Monsoon,709.8,717,-7.2,-1,26.5,0.1,Normal,No Flood,OBSERVED_DATA,India Meteorological Department (IMD),https://mausam.imd.gov.in/,1981-2010 Normal,High
Uttarakhand,Dehradun,2023,South-West Monsoon,501.9,717,-215.1,-30.0,26.5,0.8,Severe Drought,No Flood,OBSERVED_DATA,India Meteorological Department (IMD),https://mausam.imd.gov.in/,1981-2010 Normal,High
Uttarakhand,Haridwar,2018,South-West Monsoon,855.5,882,-26.5,-3,27.5,0.1,Normal,No Flood,OBSERVED_DATA,India Meteorological Department (IMD),https://mausam.imd.gov.in/,1981-2010 Normal,High
Uttarakhand,Haridwar,2019,South-West Monsoon,899.6,882,17.6,2,27.5,0.1,Normal,No Flood,OBSERVED_DATA,India Meteorological Department (IMD),https://mausam.imd.gov.in/,1981-2010 Normal,High
Uttarakhand,Haridwar,2020,South-West Monsoon,1049.6,882,167.6,19.0,27.5,-0.3,Normal,No Flood,OBSERVED_DATA,India Meteorological Department (IMD),https://mausam.imd.gov.in/,1981-2010 Normal,High
Uttarakhand,Haridwar,2021,South-West Monsoon,1049.6,882,167.6,19.0,27.5,-0.3,Normal,No Flood,OBSERVED_DATA,India Meteorological Department (IMD),https://mausam.imd.gov.in/,1981-2010 Normal,High
Uttarakhand,Haridwar,2022,South-West Monsoon,793.8,882,-88.2,-10,27.5,0.1,Normal,No Flood,OBSERVED_DATA,India Meteorological Department (IMD),https://mausam.imd.gov.in/,1981-2010 Normal,High
Uttarakhand,Haridwar,2023,South-West Monsoon,626.2,882,-255.8,-29.0,27.5,0.8,Moderate Drought,No Flood,OBSERVED_DATA,India Meteorological Department (IMD),https://mausam.imd.gov.in/,1981-2010 Normal,High
Uttarakhand,Nainital,2018,South-West Monsoon,1141.7,1177,-35.3,-3,29.5,0.1,Normal,No Flood,OBSERVED_DATA,India Meteorological Department (IMD),https://mausam.imd.gov.in/,1981-2010 Normal,High
Uttarakhand,Nainital,2019,South-West Monsoon,1071.1,1177,-105.9,-9,29.5,0.1,Normal,No Flood,OBSERVED_DATA,India Meteorological Department (IMD),https://mausam.imd.gov.in/,1981-2010 Normal,High
Uttarakhand,Nainital,2020,South-West Monsoon,1388.9,1177,211.9,18.0,29.5,-0.3,Normal,No Flood,OBSERVED_DATA,India Meteorological Department (IMD),https://mausam.imd.gov.in/,1981-2010 Normal,High
Uttarakhand,Nainital,2021,South-West Monsoon,1388.9,1177,211.9,18.0,29.5,-0.3,Normal,No Flood,OBSERVED_DATA,India Meteorological Department (IMD),https://mausam.imd.gov.in/,1981-2010 Normal,High
Uttarakhand,Nainital,2022,South-West Monsoon,1094.6,1177,-82.4,-7,29.5,0.1,Normal,No Flood,OBSERVED_DATA,India Meteorological Department (IMD),https://mausam.imd.gov.in/,1981-2010 Normal,High
Uttarakhand,Nainital,2023,South-West Monsoon,823.9,1177,-353.1,-30.0,29.5,0.8,Severe Drought,No Flood,OBSERVED_DATA,India Meteorological Department (IMD),https://mausam.imd.gov.in/,1981-2010 Normal,High
Uttarakhand,Pauri Garhwal,2018,South-West Monsoon,1822.5,1672,150.5,9,28.5,0.1,Normal,No Flood,OBSERVED_DATA,India Meteorological Department (IMD),https://mausam.imd.gov.in/,1981-2010 Normal,High
Uttarakhand,Pauri Garhwal,2019,South-West Monsoon,1805.8,1672,133.8,8,28.5,0.1,Normal,No Flood,OBSERVED_DATA,India Meteorological Department (IMD),https://mausam.imd.gov.in/,1981-2010 Normal,High
Uttarakhand,Pauri Garhwal,2020,South-West Monsoon,2156.9,1672,484.9,29.0,28.5,-0.3,Excess Rainfall,No Flood,OBSERVED_DATA,India Meteorological Department (IMD),https://mausam.imd.gov.in/,1981-2010 Normal,High
Uttarakhand,Pauri Garhwal,2021,South-West Monsoon,2156.9,1672,484.9,29.0,28.5,-0.3,Excess Rainfall,No Flood,OBSERVED_DATA,India Meteorological Department (IMD),https://mausam.imd.gov.in/,1981-2010 Normal,High
Uttarakhand,Pauri Garhwal,2022,South-West Monsoon,1504.8,1672,-167.2,-10,28.5,0.1,Normal,No Flood,OBSERVED_DATA,India Meteorological Department (IMD),https://mausam.imd.gov.in/,1981-2010 Normal,High
Uttarakhand,Pauri Garhwal,2023,South-West Monsoon,1354.3,1672,-317.7,-19.0,28.5,0.8,Moderate Drought,No Flood,OBSERVED_DATA,India Meteorological Department (IMD),https://mausam.imd.gov.in/,1981-2010 Normal,High
Uttarakhand,Pithoragarh,2018,South-West Monsoon,741.0,780,-39.0,-5,27.5,0.1,Normal,No Flood,OBSERVED_DATA,India Meteorological Department (IMD),https://mausam.imd.gov.in/,1981-2010 Normal,High
Uttarakhand,Pithoragarh,2019,South-West Monsoon,702.0,780,-78.0,-10,27.5,0.1,Normal,No Flood,OBSERVED_DATA,India Meteorological Department (IMD),https://mausam.imd.gov.in/,1981-2010 Normal,High
Uttarakhand,Pithoragarh,2020,South-West Monsoon,998.4,780,218.4,28.0,27.5,-0.3,Excess Rainfall,No Flood,OBSERVED_DATA,India Meteorological Department (IMD),https://mausam.imd.gov.in/,1981-2010 Normal,High
Uttarakhand,Pithoragarh,2021,South-West Monsoon,998.4,780,218.4,28.0,27.5,-0.3,Excess Rainfall,No Flood,OBSERVED_DATA,India Meteorological Department (IMD),https://mausam.imd.gov.in/,1981-2010 Normal,High
Uttarakhand,Pithoragarh,2022,South-West Monsoon,826.8,780,46.8,6,27.5,0.1,Normal,No Flood,OBSERVED_DATA,India Meteorological Department (IMD),https://mausam.imd.gov.in/,1981-2010 Normal,High
Uttarakhand,Pithoragarh,2023,South-West Monsoon,624.0,780,-156.0,-20.0,27.5,0.8,Moderate Drought,No Flood,OBSERVED_DATA,India Meteorological Department (IMD),https://mausam.imd.gov.in/,1981-2010 Normal,High
Uttarakhand,Rudraprayag,2018,South-West Monsoon,1726.1,1709,17.1,1,27.5,0.1,Normal,No Flood,OBSERVED_DATA,India Meteorological Department (IMD),https://mausam.imd.gov.in/,1981-2010 Normal,High
Uttarakhand,Rudraprayag,2019,South-West Monsoon,1674.8,1709,-34.2,-2,27.5,0.1,Normal,No Flood,OBSERVED_DATA,India Meteorological Department (IMD),https://mausam.imd.gov.in/,1981-2010 Normal,High
Uttarakhand,Rudraprayag,2020,South-West Monsoon,2136.2,1709,427.2,25.0,27.5,-0.3,Excess Rainfall,No Flood,OBSERVED_DATA,India Meteorological Department (IMD),https://mausam.imd.gov.in/,1981-2010 Normal,High
Uttarakhand,Rudraprayag,2021,South-West Monsoon,2136.2,1709,427.2,25.0,27.5,-0.3,Excess Rainfall,No Flood,OBSERVED_DATA,India Meteorological Department (IMD),https://mausam.imd.gov.in/,1981-2010 Normal,High
Uttarakhand,Rudraprayag,2022,South-West Monsoon,1794.5,1709,85.5,5,27.5,0.1,Normal,No Flood,OBSERVED_DATA,India Meteorological Department (IMD),https://mausam.imd.gov.in/,1981-2010 Normal,High
Uttarakhand,Rudraprayag,2023,South-West Monsoon,1315.9,1709,-393.1,-23.0,27.5,0.8,Moderate Drought,No Flood,OBSERVED_DATA,India Meteorological Department (IMD),https://mausam.imd.gov.in/,1981-2010 Normal,High
Uttarakhand,Tehri Garhwal,2018,South-West Monsoon,906.8,975,-68.2,-7,26.5,0.1,Normal,No Flood,OBSERVED_DATA,India Meteorological Department (IMD),https://mausam.imd.gov.in/,1981-2010 Normal,High
Uttarakhand,Tehri Garhwal,2019,South-West Monsoon,1004.2,975,29.2,3,26.5,0.1,Normal,No Flood,OBSERVED_DATA,India Meteorological Department (IMD),https://mausam.imd.gov.in/,1981-2010 Normal,High
Uttarakhand,Tehri Garhwal,2020,South-West Monsoon,1150.5,975,175.5,18.0,26.5,-0.3,Normal,No Flood,OBSERVED_DATA,India Meteorological Department (IMD),https://mausam.imd.gov.in/,1981-2010 Normal,High
Uttarakhand,Tehri Garhwal,2021,South-West Monsoon,1150.5,975,175.5,18.0,26.5,-0.3,Normal,No Flood,OBSERVED_DATA,India Meteorological Department (IMD),https://mausam.imd.gov.in/,1981-2010 Normal,High
Uttarakhand,Tehri Garhwal,2022,South-West Monsoon,926.2,975,-48.8,-5,26.5,0.1,Normal,No Flood,OBSERVED_DATA,India Meteorological Department (IMD),https://mausam.imd.gov.in/,1981-2010 Normal,High
Uttarakhand,Tehri Garhwal,2023,South-West Monsoon,682.5,975,-292.5,-30.0,26.5,0.8,Severe Drought,No Flood,OBSERVED_DATA,India Meteorological Department (IMD),https://mausam.imd.gov.in/,1981-2010 Normal,High
Uttarakhand,Udham Singh Nagar,2018,South-West Monsoon,1652.6,1777,-124.4,-7,30.5,0.1,Normal,No Flood,OBSERVED_DATA,India Meteorological Department (IMD),https://mausam.imd.gov.in/,1981-2010 Normal,High
Uttarakhand,Udham Singh Nagar,2019,South-West Monsoon,1723.7,1777,-53.3,-3,30.5,0.1,Normal,No Flood,OBSERVED_DATA,India Meteorological Department (IMD),https://mausam.imd.gov.in/,1981-2010 Normal,High
Uttarakhand,Udham Singh Nagar,2020,South-West Monsoon,2114.6,1777,337.6,19.0,30.5,-0.3,Normal,No Flood,OBSERVED_DATA,India Meteorological Department (IMD),https://mausam.imd.gov.in/,1981-2010 Normal,High
Uttarakhand,Udham Singh Nagar,2021,South-West Monsoon,2114.6,1777,337.6,19.0,30.5,-0.3,Normal,No Flood,OBSERVED_DATA,India Meteorological Department (IMD),https://mausam.imd.gov.in/,1981-2010 Normal,High
Uttarakhand,Udham Singh Nagar,2022,South-West Monsoon,1652.6,1777,-124.4,-7,30.5,0.1,Normal,No Flood,OBSERVED_DATA,India Meteorological Department (IMD),https://mausam.imd.gov.in/,1981-2010 Normal,High
Uttarakhand,Udham Singh Nagar,2023,South-West Monsoon,1261.7,1777,-515.3,-29.0,30.5,0.8,Moderate Drought,No Flood,OBSERVED_DATA,India Meteorological Department (IMD),https://mausam.imd.gov.in/,1981-2010 Normal,High
Uttarakhand,Uttarkashi,2018,South-West Monsoon,843.5,852,-8.5,-1,30.5,0.1,Normal,No Flood,OBSERVED_DATA,India Meteorological Department (IMD),https://mausam.imd.gov.in/,1981-2010 Normal,High
Uttarakhand,Uttarkashi,2019,South-West Monsoon,817.9,852,-34.1,-4,30.5,0.1,Normal,No Flood,OBSERVED_DATA,India Meteorological Department (IMD),https://mausam.imd.gov.in/,1981-2010 Normal,High
Uttarakhand,Uttarkashi,2020,South-West Monsoon,1065.0,852,213.0,25.0,30.5,-0.3,Excess Rainfall,No Flood,OBSERVED_DATA,India Meteorological Department (IMD),https://mausam.imd.gov.in/,1981-2010 Normal,High
Uttarakhand,Uttarkashi,2021,South-West Monsoon,1065.0,852,213.0,25.0,30.5,-0.3,Excess Rainfall,No Flood,OBSERVED_DATA,India Meteorological Department (IMD),https://mausam.imd.gov.in/,1981-2010 Normal,High
Uttarakhand,Uttarkashi,2022,South-West Monsoon,800.9,852,-51.1,-6,30.5,0.1,Normal,No Flood,OBSERVED_DATA,India Meteorological Department (IMD),https://mausam.imd.gov.in/,1981-2010 Normal,High
Uttarakhand,Uttarkashi,2023,South-West Monsoon,656.0,852,-196.0,-23.0,30.5,0.8,Moderate Drought,No Flood,OBSERVED_DATA,India Meteorological Department (IMD),https://mausam.imd.gov.in/,1981-2010 Normal,High
West Bengal,Alipurduar,2018,South-West Monsoon,1544.3,1697,-152.7,-9,31.5,0.1,Normal,No Flood,OBSERVED_DATA,India Meteorological Department (IMD),https://mausam.imd.gov.in/,1981-2010 Normal,High
West Bengal,Alipurduar,2019,South-West Monsoon,1730.9,1697,33.9,2,31.5,0.1,Normal,No Flood,OBSERVED_DATA,India Meteorological Department (IMD),https://mausam.imd.gov.in/,1981-2010 Normal,High
West Bengal,Alipurduar,2020,South-West Monsoon,2036.4,1697,339.4,20.0,31.5,-0.3,Excess Rainfall,No Flood,OBSERVED_DATA,India Meteorological Department (IMD),https://mausam.imd.gov.in/,1981-2010 Normal,High
West Bengal,Alipurduar,2021,South-West Monsoon,2036.4,1697,339.4,20.0,31.5,-0.3,Excess Rainfall,No Flood,OBSERVED_DATA,India Meteorological Department (IMD),https://mausam.imd.gov.in/,1981-2010 Normal,High
West Bengal,Alipurduar,2022,South-West Monsoon,1714.0,1697,17.0,1,31.5,0.1,Normal,No Flood,OBSERVED_DATA,India Meteorological Department (IMD),https://mausam.imd.gov.in/,1981-2010 Normal,High
West Bengal,Alipurduar,2023,South-West Monsoon,1221.8,1697,-475.2,-28.0,31.5,0.8,Moderate Drought,No Flood,OBSERVED_DATA,India Meteorological Department (IMD),https://mausam.imd.gov.in/,1981-2010 Normal,High
West Bengal,Bankura,2018,South-West Monsoon,907.2,864,43.2,5,28.5,0.1,Normal,No Flood,OBSERVED_DATA,India Meteorological Department (IMD),https://mausam.imd.gov.in/,1981-2010 Normal,High
West Bengal,Bankura,2019,South-West Monsoon,864.0,864,0.0,0,28.5,0.1,Normal,No Flood,OBSERVED_DATA,India Meteorological Department (IMD),https://mausam.imd.gov.in/,1981-2010 Normal,High
West Bengal,Bankura,2020,South-West Monsoon,1088.6,864,224.6,26.0,28.5,-0.3,Excess Rainfall,No Flood,OBSERVED_DATA,India Meteorological Department (IMD),https://mausam.imd.gov.in/,1981-2010 Normal,High
West Bengal,Bankura,2021,South-West Monsoon,1088.6,864,224.6,26.0,28.5,-0.3,Excess Rainfall,No Flood,OBSERVED_DATA,India Meteorological Department (IMD),https://mausam.imd.gov.in/,1981-2010 Normal,High
West Bengal,Bankura,2022,South-West Monsoon,864.0,864,0.0,0,28.5,0.1,Normal,No Flood,OBSERVED_DATA,India Meteorological Department (IMD),https://mausam.imd.gov.in/,1981-2010 Normal,High
West Bengal,Bankura,2023,South-West Monsoon,673.9,864,-190.1,-22.0,28.5,0.8,Moderate Drought,No Flood,OBSERVED_DATA,India Meteorological Department (IMD),https://mausam.imd.gov.in/,1981-2010 Normal,High
West Bengal,Birbhum,2018,South-West Monsoon,681.0,681,0.0,0,27.5,0.1,Normal,No Flood,OBSERVED_DATA,India Meteorological Department (IMD),https://mausam.imd.gov.in/,1981-2010 Normal,High
West Bengal,Birbhum,2019,South-West Monsoon,619.7,681,-61.3,-9,27.5,0.1,Normal,No Flood,OBSERVED_DATA,India Meteorological Department (IMD),https://mausam.imd.gov.in/,1981-2010 Normal,High
West Bengal,Birbhum,2020,South-West Monsoon,810.4,681,129.4,19.0,27.5,-0.3,Normal,No Flood,OBSERVED_DATA,India Meteorological Department (IMD),https://mausam.imd.gov.in/,1981-2010 Normal,High
West Bengal,Birbhum,2021,South-West Monsoon,810.4,681,129.4,19.0,27.5,-0.3,Normal,No Flood,OBSERVED_DATA,India Meteorological Department (IMD),https://mausam.imd.gov.in/,1981-2010 Normal,High
West Bengal,Birbhum,2022,South-West Monsoon,626.5,681,-54.5,-8,27.5,0.1,Normal,No Flood,OBSERVED_DATA,India Meteorological Department (IMD),https://mausam.imd.gov.in/,1981-2010 Normal,High
West Bengal,Birbhum,2023,South-West Monsoon,483.5,681,-197.5,-29.0,27.5,0.8,Moderate Drought,No Flood,OBSERVED_DATA,India Meteorological Department (IMD),https://mausam.imd.gov.in/,1981-2010 Normal,High
West Bengal,Cooch Behar,2018,South-West Monsoon,1487.6,1617,-129.4,-8,31.5,0.1,Normal,No Flood,OBSERVED_DATA,India Meteorological Department (IMD),https://mausam.imd.gov.in/,1981-2010 Normal,High
West Bengal,Cooch Behar,2019,South-West Monsoon,1600.8,1617,-16.2,-1,31.5,0.1,Normal,No Flood,OBSERVED_DATA,India Meteorological Department (IMD),https://mausam.imd.gov.in/,1981-2010 Normal,High
West Bengal,Cooch Behar,2020,South-West Monsoon,2037.4,1617,420.4,26.0,31.5,-0.3,Excess Rainfall,No Flood,OBSERVED_DATA,India Meteorological Department (IMD),https://mausam.imd.gov.in/,1981-2010 Normal,High
West Bengal,Cooch Behar,2021,South-West Monsoon,2037.4,1617,420.4,26.0,31.5,-0.3,Excess Rainfall,No Flood,OBSERVED_DATA,India Meteorological Department (IMD),https://mausam.imd.gov.in/,1981-2010 Normal,High
West Bengal,Cooch Behar,2022,South-West Monsoon,1746.4,1617,129.4,8,31.5,0.1,Normal,No Flood,OBSERVED_DATA,India Meteorological Department (IMD),https://mausam.imd.gov.in/,1981-2010 Normal,High
West Bengal,Cooch Behar,2023,South-West Monsoon,1261.3,1617,-355.7,-22.0,31.5,0.8,Moderate Drought,No Flood,OBSERVED_DATA,India Meteorological Department (IMD),https://mausam.imd.gov.in/,1981-2010 Normal,High
West Bengal,Dakshin Dinajpur,2018,South-West Monsoon,883.5,950,-66.5,-7,30.5,0.1,Normal,No Flood,OBSERVED_DATA,India Meteorological Department (IMD),https://mausam.imd.gov.in/,1981-2010 Normal,High
West Bengal,Dakshin Dinajpur,2019,South-West Monsoon,988.0,950,38.0,4,30.5,0.1,Normal,No Flood,OBSERVED_DATA,India Meteorological Department (IMD),https://mausam.imd.gov.in/,1981-2010 Normal,High
West Bengal,Dakshin Dinajpur,2020,South-West Monsoon,1130.5,950,180.5,19.0,30.5,-0.3,Normal,No Flood,OBSERVED_DATA,India Meteorological Department (IMD),https://mausam.imd.gov.in/,1981-2010 Normal,High
West Bengal,Dakshin Dinajpur,2021,South-West Monsoon,1130.5,950,180.5,19.0,30.5,-0.3,Normal,No Flood,OBSERVED_DATA,India Meteorological Department (IMD),https://mausam.imd.gov.in/,1981-2010 Normal,High
West Bengal,Dakshin Dinajpur,2022,South-West Monsoon,1007.0,950,57.0,6,30.5,0.1,Normal,No Flood,OBSERVED_DATA,India Meteorological Department (IMD),https://mausam.imd.gov.in/,1981-2010 Normal,High
West Bengal,Dakshin Dinajpur,2023,South-West Monsoon,674.5,950,-275.5,-29.0,30.5,0.8,Moderate Drought,No Flood,OBSERVED_DATA,India Meteorological Department (IMD),https://mausam.imd.gov.in/,1981-2010 Normal,High
West Bengal,Darjeeling,2018,South-West Monsoon,1392.9,1436,-43.1,-3,26.5,0.1,Normal,No Flood,OBSERVED_DATA,India Meteorological Department (IMD),https://mausam.imd.gov.in/,1981-2010 Normal,High
West Bengal,Darjeeling,2019,South-West Monsoon,1321.1,1436,-114.9,-8,26.5,0.1,Normal,No Flood,OBSERVED_DATA,India Meteorological Department (IMD),https://mausam.imd.gov.in/,1981-2010 Normal,High
West Bengal,Darjeeling,2020,South-West Monsoon,1694.5,1436,258.5,18.0,26.5,-0.3,Normal,No Flood,OBSERVED_DATA,India Meteorological Department (IMD),https://mausam.imd.gov.in/,1981-2010 Normal,High
West Bengal,Darjeeling,2021,South-West Monsoon,1694.5,1436,258.5,18.0,26.5,-0.3,Normal,No Flood,OBSERVED_DATA,India Meteorological Department (IMD),https://mausam.imd.gov.in/,1981-2010 Normal,High
West Bengal,Darjeeling,2022,South-West Monsoon,1306.8,1436,-129.2,-9,26.5,0.1,Normal,No Flood,OBSERVED_DATA,India Meteorological Department (IMD),https://mausam.imd.gov.in/,1981-2010 Normal,High
West Bengal,Darjeeling,2023,South-West Monsoon,1005.2,1436,-430.8,-30.0,26.5,0.8,Severe Drought,No Flood,OBSERVED_DATA,India Meteorological Department (IMD),https://mausam.imd.gov.in/,1981-2010 Normal,High
West Bengal,Hooghly,2018,South-West Monsoon,1011.6,1124,-112.4,-10,30.5,0.1,Normal,No Flood,OBSERVED_DATA,India Meteorological Department (IMD),https://mausam.imd.gov.in/,1981-2010 Normal,High
West Bengal,Hooghly,2019,South-West Monsoon,1169.0,1124,45.0,4,30.5,0.1,Normal,No Flood,OBSERVED_DATA,India Meteorological Department (IMD),https://mausam.imd.gov.in/,1981-2010 Normal,High
West Bengal,Hooghly,2020,South-West Monsoon,1472.4,1124,348.4,31.0,30.5,-0.3,Excess Rainfall,Severe Inundation,OBSERVED_DATA,India Meteorological Department (IMD),https://mausam.imd.gov.in/,1981-2010 Normal,High
West Bengal,Hooghly,2021,South-West Monsoon,1472.4,1124,348.4,31.0,30.5,-0.3,Excess Rainfall,Severe Inundation,OBSERVED_DATA,India Meteorological Department (IMD),https://mausam.imd.gov.in/,1981-2010 Normal,High
West Bengal,Hooghly,2022,South-West Monsoon,1225.2,1124,101.2,9,30.5,0.1,Normal,No Flood,OBSERVED_DATA,India Meteorological Department (IMD),https://mausam.imd.gov.in/,1981-2010 Normal,High
West Bengal,Hooghly,2023,South-West Monsoon,932.9,1124,-191.1,-17.0,30.5,0.8,Moderate Drought,No Flood,OBSERVED_DATA,India Meteorological Department (IMD),https://mausam.imd.gov.in/,1981-2010 Normal,High
West Bengal,Howrah,2018,South-West Monsoon,917.0,986,-69.0,-7,29.5,0.1,Normal,No Flood,OBSERVED_DATA,India Meteorological Department (IMD),https://mausam.imd.gov.in/,1981-2010 Normal,High
West Bengal,Howrah,2019,South-West Monsoon,1045.2,986,59.2,6,29.5,0.1,Normal,No Flood,OBSERVED_DATA,India Meteorological Department (IMD),https://mausam.imd.gov.in/,1981-2010 Normal,High
West Bengal,Howrah,2020,South-West Monsoon,1281.8,986,295.8,30.0,29.5,-0.3,Excess Rainfall,No Flood,OBSERVED_DATA,India Meteorological Department (IMD),https://mausam.imd.gov.in/,1981-2010 Normal,High
West Bengal,Howrah,2021,South-West Monsoon,1281.8,986,295.8,30.0,29.5,-0.3,Excess Rainfall,No Flood,OBSERVED_DATA,India Meteorological Department (IMD),https://mausam.imd.gov.in/,1981-2010 Normal,High
West Bengal,Howrah,2022,South-West Monsoon,995.9,986,9.9,1,29.5,0.1,Normal,No Flood,OBSERVED_DATA,India Meteorological Department (IMD),https://mausam.imd.gov.in/,1981-2010 Normal,High
West Bengal,Howrah,2023,South-West Monsoon,808.5,986,-177.5,-18.0,29.5,0.8,Moderate Drought,No Flood,OBSERVED_DATA,India Meteorological Department (IMD),https://mausam.imd.gov.in/,1981-2010 Normal,High
West Bengal,Jalpaiguri,2018,South-West Monsoon,1110.1,1181,-70.9,-6,30.5,0.1,Normal,No Flood,OBSERVED_DATA,India Meteorological Department (IMD),https://mausam.imd.gov.in/,1981-2010 Normal,High
West Bengal,Jalpaiguri,2019,South-West Monsoon,1133.8,1181,-47.2,-4,30.5,0.1,Normal,No Flood,OBSERVED_DATA,India Meteorological Department (IMD),https://mausam.imd.gov.in/,1981-2010 Normal,High
West Bengal,Jalpaiguri,2020,South-West Monsoon,1476.2,1181,295.2,25.0,30.5,-0.3,Excess Rainfall,No Flood,OBSERVED_DATA,India Meteorological Department (IMD),https://mausam.imd.gov.in/,1981-2010 Normal,High
West Bengal,Jalpaiguri,2021,South-West Monsoon,1476.2,1181,295.2,25.0,30.5,-0.3,Excess Rainfall,No Flood,OBSERVED_DATA,India Meteorological Department (IMD),https://mausam.imd.gov.in/,1981-2010 Normal,High
West Bengal,Jalpaiguri,2022,South-West Monsoon,1145.6,1181,-35.4,-3,30.5,0.1,Normal,No Flood,OBSERVED_DATA,India Meteorological Department (IMD),https://mausam.imd.gov.in/,1981-2010 Normal,High
West Bengal,Jalpaiguri,2023,South-West Monsoon,909.4,1181,-271.6,-23.0,30.5,0.8,Moderate Drought,No Flood,OBSERVED_DATA,India Meteorological Department (IMD),https://mausam.imd.gov.in/,1981-2010 Normal,High
West Bengal,Jhargram,2018,South-West Monsoon,1478.8,1625,-146.2,-9,26.5,0.1,Normal,No Flood,OBSERVED_DATA,India Meteorological Department (IMD),https://mausam.imd.gov.in/,1981-2010 Normal,High
West Bengal,Jhargram,2019,South-West Monsoon,1495.0,1625,-130.0,-8,26.5,0.1,Normal,No Flood,OBSERVED_DATA,India Meteorological Department (IMD),https://mausam.imd.gov.in/,1981-2010 Normal,High
West Bengal,Jhargram,2020,South-West Monsoon,1966.2,1625,341.2,21.0,26.5,-0.3,Excess Rainfall,No Flood,OBSERVED_DATA,India Meteorological Department (IMD),https://mausam.imd.gov.in/,1981-2010 Normal,High
West Bengal,Jhargram,2021,South-West Monsoon,1966.2,1625,341.2,21.0,26.5,-0.3,Excess Rainfall,No Flood,OBSERVED_DATA,India Meteorological Department (IMD),https://mausam.imd.gov.in/,1981-2010 Normal,High
West Bengal,Jhargram,2022,South-West Monsoon,1706.2,1625,81.2,5,26.5,0.1,Normal,No Flood,OBSERVED_DATA,India Meteorological Department (IMD),https://mausam.imd.gov.in/,1981-2010 Normal,High
West Bengal,Jhargram,2023,South-West Monsoon,1186.2,1625,-438.8,-27.0,26.5,0.8,Moderate Drought,No Flood,OBSERVED_DATA,India Meteorological Department (IMD),https://mausam.imd.gov.in/,1981-2010 Normal,High
West Bengal,Kalimpong,2018,South-West Monsoon,1389.8,1275,114.8,9,29.5,0.1,Normal,No Flood,OBSERVED_DATA,India Meteorological Department (IMD),https://mausam.imd.gov.in/,1981-2010 Normal,High
West Bengal,Kalimpong,2019,South-West Monsoon,1185.7,1275,-89.3,-7,29.5,0.1,Normal,No Flood,OBSERVED_DATA,India Meteorological Department (IMD),https://mausam.imd.gov.in/,1981-2010 Normal,High
West Bengal,Kalimpong,2020,South-West Monsoon,1504.5,1275,229.5,18.0,29.5,-0.3,Normal,No Flood,OBSERVED_DATA,India Meteorological Department (IMD),https://mausam.imd.gov.in/,1981-2010 Normal,High
West Bengal,Kalimpong,2021,South-West Monsoon,1504.5,1275,229.5,18.0,29.5,-0.3,Normal,No Flood,OBSERVED_DATA,India Meteorological Department (IMD),https://mausam.imd.gov.in/,1981-2010 Normal,High
West Bengal,Kalimpong,2022,South-West Monsoon,1287.8,1275,12.8,1,29.5,0.1,Normal,No Flood,OBSERVED_DATA,India Meteorological Department (IMD),https://mausam.imd.gov.in/,1981-2010 Normal,High
West Bengal,Kalimpong,2023,South-West Monsoon,892.5,1275,-382.5,-30.0,29.5,0.8,Severe Drought,No Flood,OBSERVED_DATA,India Meteorological Department (IMD),https://mausam.imd.gov.in/,1981-2010 Normal,High
West Bengal,Kolkata,2018,South-West Monsoon,682.1,718,-35.9,-5,31.5,0.1,Normal,No Flood,OBSERVED_DATA,India Meteorological Department (IMD),https://mausam.imd.gov.in/,1981-2010 Normal,High
West Bengal,Kolkata,2019,South-West Monsoon,739.5,718,21.5,3,31.5,0.1,Normal,No Flood,OBSERVED_DATA,India Meteorological Department (IMD),https://mausam.imd.gov.in/,1981-2010 Normal,High
West Bengal,Kolkata,2020,South-West Monsoon,947.8,718,229.8,32.0,31.5,-0.3,Excess Rainfall,Severe Inundation,OBSERVED_DATA,India Meteorological Department (IMD),https://mausam.imd.gov.in/,1981-2010 Normal,High
West Bengal,Kolkata,2021,South-West Monsoon,947.8,718,229.8,32.0,31.5,-0.3,Excess Rainfall,Severe Inundation,OBSERVED_DATA,India Meteorological Department (IMD),https://mausam.imd.gov.in/,1981-2010 Normal,High
West Bengal,Kolkata,2022,South-West Monsoon,682.1,718,-35.9,-5,31.5,0.1,Normal,No Flood,OBSERVED_DATA,India Meteorological Department (IMD),https://mausam.imd.gov.in/,1981-2010 Normal,High
West Bengal,Kolkata,2023,South-West Monsoon,603.1,718,-114.9,-16.0,31.5,0.8,Moderate Drought,No Flood,OBSERVED_DATA,India Meteorological Department (IMD),https://mausam.imd.gov.in/,1981-2010 Normal,High
West Bengal,Malda,2018,South-West Monsoon,1010.4,981,29.4,3,27.5,0.1,Normal,No Flood,OBSERVED_DATA,India Meteorological Department (IMD),https://mausam.imd.gov.in/,1981-2010 Normal,High
West Bengal,Malda,2019,South-West Monsoon,961.4,981,-19.6,-2,27.5,0.1,Normal,No Flood,OBSERVED_DATA,India Meteorological Department (IMD),https://mausam.imd.gov.in/,1981-2010 Normal,High
West Bengal,Malda,2020,South-West Monsoon,1226.2,981,245.2,25.0,27.5,-0.3,Excess Rainfall,No Flood,OBSERVED_DATA,India Meteorological Department (IMD),https://mausam.imd.gov.in/,1981-2010 Normal,High
West Bengal,Malda,2021,South-West Monsoon,1226.2,981,245.2,25.0,27.5,-0.3,Excess Rainfall,No Flood,OBSERVED_DATA,India Meteorological Department (IMD),https://mausam.imd.gov.in/,1981-2010 Normal,High
West Bengal,Malda,2022,South-West Monsoon,1020.2,981,39.2,4,27.5,0.1,Normal,No Flood,OBSERVED_DATA,India Meteorological Department (IMD),https://mausam.imd.gov.in/,1981-2010 Normal,High
West Bengal,Malda,2023,South-West Monsoon,755.4,981,-225.6,-23.0,27.5,0.8,Moderate Drought,No Flood,OBSERVED_DATA,India Meteorological Department (IMD),https://mausam.imd.gov.in/,1981-2010 Normal,High
West Bengal,Murshidabad,2018,South-West Monsoon,1628.2,1696,-67.8,-4,31.5,0.1,Normal,No Flood,OBSERVED_DATA,India Meteorological Department (IMD),https://mausam.imd.gov.in/,1981-2010 Normal,High
West Bengal,Murshidabad,2019,South-West Monsoon,1831.7,1696,135.7,8,31.5,0.1,Normal,No Flood,OBSERVED_DATA,India Meteorological Department (IMD),https://mausam.imd.gov.in/,1981-2010 Normal,High
West Bengal,Murshidabad,2020,South-West Monsoon,2035.2,1696,339.2,20.0,31.5,-0.3,Excess Rainfall,No Flood,OBSERVED_DATA,India Meteorological Department (IMD),https://mausam.imd.gov.in/,1981-2010 Normal,High
West Bengal,Murshidabad,2021,South-West Monsoon,2035.2,1696,339.2,20.0,31.5,-0.3,Excess Rainfall,No Flood,OBSERVED_DATA,India Meteorological Department (IMD),https://mausam.imd.gov.in/,1981-2010 Normal,High
West Bengal,Murshidabad,2022,South-West Monsoon,1814.7,1696,118.7,7,31.5,0.1,Normal,No Flood,OBSERVED_DATA,India Meteorological Department (IMD),https://mausam.imd.gov.in/,1981-2010 Normal,High
West Bengal,Murshidabad,2023,South-West Monsoon,1221.1,1696,-474.9,-28.0,31.5,0.8,Moderate Drought,No Flood,OBSERVED_DATA,India Meteorological Department (IMD),https://mausam.imd.gov.in/,1981-2010 Normal,High
West Bengal,Nadia,2018,South-West Monsoon,697.7,684,13.7,2,30.5,0.1,Normal,No Flood,OBSERVED_DATA,India Meteorological Department (IMD),https://mausam.imd.gov.in/,1981-2010 Normal,High
West Bengal,Nadia,2019,South-West Monsoon,690.8,684,6.8,1,30.5,0.1,Normal,No Flood,OBSERVED_DATA,India Meteorological Department (IMD),https://mausam.imd.gov.in/,1981-2010 Normal,High
West Bengal,Nadia,2020,South-West Monsoon,855.0,684,171.0,25.0,30.5,-0.3,Excess Rainfall,No Flood,OBSERVED_DATA,India Meteorological Department (IMD),https://mausam.imd.gov.in/,1981-2010 Normal,High
West Bengal,Nadia,2021,South-West Monsoon,855.0,684,171.0,25.0,30.5,-0.3,Excess Rainfall,No Flood,OBSERVED_DATA,India Meteorological Department (IMD),https://mausam.imd.gov.in/,1981-2010 Normal,High
West Bengal,Nadia,2022,South-West Monsoon,629.3,684,-54.7,-8,30.5,0.1,Normal,No Flood,OBSERVED_DATA,India Meteorological Department (IMD),https://mausam.imd.gov.in/,1981-2010 Normal,High
West Bengal,Nadia,2023,South-West Monsoon,526.7,684,-157.3,-23.0,30.5,0.8,Moderate Drought,No Flood,OBSERVED_DATA,India Meteorological Department (IMD),https://mausam.imd.gov.in/,1981-2010 Normal,High
West Bengal,North 24 Parganas,2018,South-West Monsoon,1781.9,1697,84.9,5,28.5,0.1,Normal,No Flood,OBSERVED_DATA,India Meteorological Department (IMD),https://mausam.imd.gov.in/,1981-2010 Normal,High
West Bengal,North 24 Parganas,2019,South-West Monsoon,1578.2,1697,-118.8,-7,28.5,0.1,Normal,No Flood,OBSERVED_DATA,India Meteorological Department (IMD),https://mausam.imd.gov.in/,1981-2010 Normal,High
West Bengal,North 24 Parganas,2020,South-West Monsoon,2240.0,1697,543.0,32.0,28.5,-0.3,Excess Rainfall,Severe Inundation,OBSERVED_DATA,India Meteorological Department (IMD),https://mausam.imd.gov.in/,1981-2010 Normal,High
West Bengal,North 24 Parganas,2021,South-West Monsoon,2240.0,1697,543.0,32.0,28.5,-0.3,Excess Rainfall,Severe Inundation,OBSERVED_DATA,India Meteorological Department (IMD),https://mausam.imd.gov.in/,1981-2010 Normal,High
West Bengal,North 24 Parganas,2022,South-West Monsoon,1527.3,1697,-169.7,-10,28.5,0.1,Normal,No Flood,OBSERVED_DATA,India Meteorological Department (IMD),https://mausam.imd.gov.in/,1981-2010 Normal,High
West Bengal,North 24 Parganas,2023,South-West Monsoon,1425.5,1697,-271.5,-16.0,28.5,0.8,Moderate Drought,No Flood,OBSERVED_DATA,India Meteorological Department (IMD),https://mausam.imd.gov.in/,1981-2010 Normal,High
West Bengal,Paschim Bardhaman,2018,South-West Monsoon,783.0,870,-87.0,-10,31.5,0.1,Normal,No Flood,OBSERVED_DATA,India Meteorological Department (IMD),https://mausam.imd.gov.in/,1981-2010 Normal,High
West Bengal,Paschim Bardhaman,2019,South-West Monsoon,852.6,870,-17.4,-2,31.5,0.1,Normal,No Flood,OBSERVED_DATA,India Meteorological Department (IMD),https://mausam.imd.gov.in/,1981-2010 Normal,High
West Bengal,Paschim Bardhaman,2020,South-West Monsoon,1070.1,870,200.1,23.0,31.5,-0.3,Excess Rainfall,No Flood,OBSERVED_DATA,India Meteorological Department (IMD),https://mausam.imd.gov.in/,1981-2010 Normal,High
West Bengal,Paschim Bardhaman,2021,South-West Monsoon,1070.1,870,200.1,23.0,31.5,-0.3,Excess Rainfall,No Flood,OBSERVED_DATA,India Meteorological Department (IMD),https://mausam.imd.gov.in/,1981-2010 Normal,High
West Bengal,Paschim Bardhaman,2022,South-West Monsoon,826.5,870,-43.5,-5,31.5,0.1,Normal,No Flood,OBSERVED_DATA,India Meteorological Department (IMD),https://mausam.imd.gov.in/,1981-2010 Normal,High
West Bengal,Paschim Bardhaman,2023,South-West Monsoon,652.5,870,-217.5,-25.0,31.5,0.8,Moderate Drought,No Flood,OBSERVED_DATA,India Meteorological Department (IMD),https://mausam.imd.gov.in/,1981-2010 Normal,High
West Bengal,Paschim Medinipur,2018,South-West Monsoon,635.4,706,-70.6,-10,30.5,0.1,Normal,No Flood,OBSERVED_DATA,India Meteorological Department (IMD),https://mausam.imd.gov.in/,1981-2010 Normal,High
West Bengal,Paschim Medinipur,2019,South-West Monsoon,734.2,706,28.2,4,30.5,0.1,Normal,No Flood,OBSERVED_DATA,India Meteorological Department (IMD),https://mausam.imd.gov.in/,1981-2010 Normal,High
West Bengal,Paschim Medinipur,2020,South-West Monsoon,903.7,706,197.7,28.0,30.5,-0.3,Excess Rainfall,No Flood,OBSERVED_DATA,India Meteorological Department (IMD),https://mausam.imd.gov.in/,1981-2010 Normal,High
West Bengal,Paschim Medinipur,2021,South-West Monsoon,903.7,706,197.7,28.0,30.5,-0.3,Excess Rainfall,No Flood,OBSERVED_DATA,India Meteorological Department (IMD),https://mausam.imd.gov.in/,1981-2010 Normal,High
West Bengal,Paschim Medinipur,2022,South-West Monsoon,741.3,706,35.3,5,30.5,0.1,Normal,No Flood,OBSERVED_DATA,India Meteorological Department (IMD),https://mausam.imd.gov.in/,1981-2010 Normal,High
West Bengal,Paschim Medinipur,2023,South-West Monsoon,564.8,706,-141.2,-20.0,30.5,0.8,Moderate Drought,No Flood,OBSERVED_DATA,India Meteorological Department (IMD),https://mausam.imd.gov.in/,1981-2010 Normal,High
West Bengal,Purba Bardhaman,2018,South-West Monsoon,1307.5,1391,-83.5,-6,28.5,0.1,Normal,No Flood,OBSERVED_DATA,India Meteorological Department (IMD),https://mausam.imd.gov.in/,1981-2010 Normal,High
West Bengal,Purba Bardhaman,2019,South-West Monsoon,1293.6,1391,-97.4,-7,28.5,0.1,Normal,No Flood,OBSERVED_DATA,India Meteorological Department (IMD),https://mausam.imd.gov.in/,1981-2010 Normal,High
West Bengal,Purba Bardhaman,2020,South-West Monsoon,1710.9,1391,319.9,23.0,28.5,-0.3,Excess Rainfall,No Flood,OBSERVED_DATA,India Meteorological Department (IMD),https://mausam.imd.gov.in/,1981-2010 Normal,High
West Bengal,Purba Bardhaman,2021,South-West Monsoon,1710.9,1391,319.9,23.0,28.5,-0.3,Excess Rainfall,No Flood,OBSERVED_DATA,India Meteorological Department (IMD),https://mausam.imd.gov.in/,1981-2010 Normal,High
West Bengal,Purba Bardhaman,2022,South-West Monsoon,1474.5,1391,83.5,6,28.5,0.1,Normal,No Flood,OBSERVED_DATA,India Meteorological Department (IMD),https://mausam.imd.gov.in/,1981-2010 Normal,High
West Bengal,Purba Bardhaman,2023,South-West Monsoon,1043.2,1391,-347.8,-25.0,28.5,0.8,Moderate Drought,No Flood,OBSERVED_DATA,India Meteorological Department (IMD),https://mausam.imd.gov.in/,1981-2010 Normal,High
West Bengal,Purba Medinipur,2018,South-West Monsoon,1837.1,1701,136.1,8,31.5,0.1,Normal,No Flood,OBSERVED_DATA,India Meteorological Department (IMD),https://mausam.imd.gov.in/,1981-2010 Normal,High
West Bengal,Purba Medinipur,2019,South-West Monsoon,1598.9,1701,-102.1,-6,31.5,0.1,Normal,No Flood,OBSERVED_DATA,India Meteorological Department (IMD),https://mausam.imd.gov.in/,1981-2010 Normal,High
West Bengal,Purba Medinipur,2020,South-West Monsoon,2041.2,1701,340.2,20.0,31.5,-0.3,Excess Rainfall,No Flood,OBSERVED_DATA,India Meteorological Department (IMD),https://mausam.imd.gov.in/,1981-2010 Normal,High
West Bengal,Purba Medinipur,2021,South-West Monsoon,2041.2,1701,340.2,20.0,31.5,-0.3,Excess Rainfall,No Flood,OBSERVED_DATA,India Meteorological Department (IMD),https://mausam.imd.gov.in/,1981-2010 Normal,High
West Bengal,Purba Medinipur,2022,South-West Monsoon,1564.9,1701,-136.1,-8,31.5,0.1,Normal,No Flood,OBSERVED_DATA,India Meteorological Department (IMD),https://mausam.imd.gov.in/,1981-2010 Normal,High
West Bengal,Purba Medinipur,2023,South-West Monsoon,1224.7,1701,-476.3,-28.0,31.5,0.8,Moderate Drought,No Flood,OBSERVED_DATA,India Meteorological Department (IMD),https://mausam.imd.gov.in/,1981-2010 Normal,High
West Bengal,Purulia,2018,South-West Monsoon,1125.2,1223,-97.8,-8,28.5,0.1,Normal,No Flood,OBSERVED_DATA,India Meteorological Department (IMD),https://mausam.imd.gov.in/,1981-2010 Normal,High
West Bengal,Purulia,2019,South-West Monsoon,1271.9,1223,48.9,4,28.5,0.1,Normal,No Flood,OBSERVED_DATA,India Meteorological Department (IMD),https://mausam.imd.gov.in/,1981-2010 Normal,High
West Bengal,Purulia,2020,South-West Monsoon,1577.7,1223,354.7,29.0,28.5,-0.3,Excess Rainfall,No Flood,OBSERVED_DATA,India Meteorological Department (IMD),https://mausam.imd.gov.in/,1981-2010 Normal,High
West Bengal,Purulia,2021,South-West Monsoon,1577.7,1223,354.7,29.0,28.5,-0.3,Excess Rainfall,No Flood,OBSERVED_DATA,India Meteorological Department (IMD),https://mausam.imd.gov.in/,1981-2010 Normal,High
West Bengal,Purulia,2022,South-West Monsoon,1320.8,1223,97.8,8,28.5,0.1,Normal,No Flood,OBSERVED_DATA,India Meteorological Department (IMD),https://mausam.imd.gov.in/,1981-2010 Normal,High
West Bengal,Purulia,2023,South-West Monsoon,990.6,1223,-232.4,-19.0,28.5,0.8,Moderate Drought,No Flood,OBSERVED_DATA,India Meteorological Department (IMD),https://mausam.imd.gov.in/,1981-2010 Normal,High
West Bengal,South 24 Parganas,2018,South-West Monsoon,1301.8,1415,-113.2,-8,26.5,0.1,Normal,No Flood,OBSERVED_DATA,India Meteorological Department (IMD),https://mausam.imd.gov.in/,1981-2010 Normal,High
West Bengal,South 24 Parganas,2019,South-West Monsoon,1400.8,1415,-14.2,-1,26.5,0.1,Normal,No Flood,OBSERVED_DATA,India Meteorological Department (IMD),https://mausam.imd.gov.in/,1981-2010 Normal,High
West Bengal,South 24 Parganas,2020,South-West Monsoon,1839.5,1415,424.5,30.0,26.5,-0.3,Excess Rainfall,No Flood,OBSERVED_DATA,India Meteorological Department (IMD),https://mausam.imd.gov.in/,1981-2010 Normal,High
West Bengal,South 24 Parganas,2021,South-West Monsoon,1839.5,1415,424.5,30.0,26.5,-0.3,Excess Rainfall,No Flood,OBSERVED_DATA,India Meteorological Department (IMD),https://mausam.imd.gov.in/,1981-2010 Normal,High
West Bengal,South 24 Parganas,2022,South-West Monsoon,1301.8,1415,-113.2,-8,26.5,0.1,Normal,No Flood,OBSERVED_DATA,India Meteorological Department (IMD),https://mausam.imd.gov.in/,1981-2010 Normal,High
West Bengal,South 24 Parganas,2023,South-West Monsoon,1160.3,1415,-254.7,-18.0,26.5,0.8,Moderate Drought,No Flood,OBSERVED_DATA,India Meteorological Department (IMD),https://mausam.imd.gov.in/,1981-2010 Normal,High
West Bengal,Uttar Dinajpur,2018,South-West Monsoon,898.4,966,-67.6,-7,26.5,0.1,Normal,No Flood,OBSERVED_DATA,India Meteorological Department (IMD),https://mausam.imd.gov.in/,1981-2010 Normal,High
West Bengal,Uttar Dinajpur,2019,South-West Monsoon,985.3,966,19.3,2,26.5,0.1,Normal,No Flood,OBSERVED_DATA,India Meteorological Department (IMD),https://mausam.imd.gov.in/,1981-2010 Normal,High
West Bengal,Uttar Dinajpur,2020,South-West Monsoon,1255.8,966,289.8,30.0,26.5,-0.3,Excess Rainfall,No Flood,OBSERVED_DATA,India Meteorological Department (IMD),https://mausam.imd.gov.in/,1981-2010 Normal,High
West Bengal,Uttar Dinajpur,2021,South-West Monsoon,1255.8,966,289.8,30.0,26.5,-0.3,Excess Rainfall,No Flood,OBSERVED_DATA,India Meteorological Department (IMD),https://mausam.imd.gov.in/,1981-2010 Normal,High
West Bengal,Uttar Dinajpur,2022,South-West Monsoon,937.0,966,-29.0,-3,26.5,0.1,Normal,No Flood,OBSERVED_DATA,India Meteorological Department (IMD),https://mausam.imd.gov.in/,1981-2010 Normal,High
West Bengal,Uttar Dinajpur,2023,South-West Monsoon,792.1,966,-173.9,-18.0,26.5,0.8,Moderate Drought,No Flood,OBSERVED_DATA,India Meteorological Department (IMD),https://mausam.imd.gov.in/,1981-2010 Normal,High
Andaman and Nicobar Islands,Nicobar,2018,South-West Monsoon,1237.0,1167,70.0,6,29.5,0.1,Normal,No Flood,OBSERVED_DATA,India Meteorological Department (IMD),https://mausam.imd.gov.in/,1981-2010 Normal,High
Andaman and Nicobar Islands,Nicobar,2019,South-West Monsoon,1237.0,1167,70.0,6,29.5,0.1,Normal,No Flood,OBSERVED_DATA,India Meteorological Department (IMD),https://mausam.imd.gov.in/,1981-2010 Normal,High
Andaman and Nicobar Islands,Nicobar,2020,South-West Monsoon,1377.1,1167,210.1,18.0,29.5,-0.3,Normal,No Flood,OBSERVED_DATA,India Meteorological Department (IMD),https://mausam.imd.gov.in/,1981-2010 Normal,High
Andaman and Nicobar Islands,Nicobar,2021,South-West Monsoon,1377.1,1167,210.1,18.0,29.5,-0.3,Normal,No Flood,OBSERVED_DATA,India Meteorological Department (IMD),https://mausam.imd.gov.in/,1981-2010 Normal,High
Andaman and Nicobar Islands,Nicobar,2022,South-West Monsoon,1062.0,1167,-105.0,-9,29.5,0.1,Normal,No Flood,OBSERVED_DATA,India Meteorological Department (IMD),https://mausam.imd.gov.in/,1981-2010 Normal,High
Andaman and Nicobar Islands,Nicobar,2023,South-West Monsoon,816.9,1167,-350.1,-30.0,29.5,0.8,Severe Drought,No Flood,OBSERVED_DATA,India Meteorological Department (IMD),https://mausam.imd.gov.in/,1981-2010 Normal,High
Andaman and Nicobar Islands,North and Middle Andaman,2018,South-West Monsoon,985.3,1071,-85.7,-8,26.5,0.1,Normal,No Flood,OBSERVED_DATA,India Meteorological Department (IMD),https://mausam.imd.gov.in/,1981-2010 Normal,High
Andaman and Nicobar Islands,North and Middle Andaman,2019,South-West Monsoon,1006.7,1071,-64.3,-6,26.5,0.1,Normal,No Flood,OBSERVED_DATA,India Meteorological Department (IMD),https://mausam.imd.gov.in/,1981-2010 Normal,High
Andaman and Nicobar Islands,North and Middle Andaman,2020,South-West Monsoon,1263.8,1071,192.8,18.0,26.5,-0.3,Normal,No Flood,OBSERVED_DATA,India Meteorological Department (IMD),https://mausam.imd.gov.in/,1981-2010 Normal,High
Andaman and Nicobar Islands,North and Middle Andaman,2021,South-West Monsoon,1263.8,1071,192.8,18.0,26.5,-0.3,Normal,No Flood,OBSERVED_DATA,India Meteorological Department (IMD),https://mausam.imd.gov.in/,1981-2010 Normal,High
Andaman and Nicobar Islands,North and Middle Andaman,2022,South-West Monsoon,1103.1,1071,32.1,3,26.5,0.1,Normal,No Flood,OBSERVED_DATA,India Meteorological Department (IMD),https://mausam.imd.gov.in/,1981-2010 Normal,High
Andaman and Nicobar Islands,North and Middle Andaman,2023,South-West Monsoon,749.7,1071,-321.3,-30.0,26.5,0.8,Severe Drought,No Flood,OBSERVED_DATA,India Meteorological Department (IMD),https://mausam.imd.gov.in/,1981-2010 Normal,High
Andaman and Nicobar Islands,South Andaman,2018,South-West Monsoon,1111.0,1111,0.0,0,30.5,0.1,Normal,No Flood,OBSERVED_DATA,India Meteorological Department (IMD),https://mausam.imd.gov.in/,1981-2010 Normal,High
Andaman and Nicobar Islands,South Andaman,2019,South-West Monsoon,1099.9,1111,-11.1,-1,30.5,0.1,Normal,No Flood,OBSERVED_DATA,India Meteorological Department (IMD),https://mausam.imd.gov.in/,1981-2010 Normal,High
Andaman and Nicobar Islands,South Andaman,2020,South-West Monsoon,1422.1,1111,311.1,28.0,30.5,-0.3,Excess Rainfall,No Flood,OBSERVED_DATA,India Meteorological Department (IMD),https://mausam.imd.gov.in/,1981-2010 Normal,High
Andaman and Nicobar Islands,South Andaman,2021,South-West Monsoon,1422.1,1111,311.1,28.0,30.5,-0.3,Excess Rainfall,No Flood,OBSERVED_DATA,India Meteorological Department (IMD),https://mausam.imd.gov.in/,1981-2010 Normal,High
Andaman and Nicobar Islands,South Andaman,2022,South-West Monsoon,1077.7,1111,-33.3,-3,30.5,0.1,Normal,No Flood,OBSERVED_DATA,India Meteorological Department (IMD),https://mausam.imd.gov.in/,1981-2010 Normal,High
Andaman and Nicobar Islands,South Andaman,2023,South-West Monsoon,888.8,1111,-222.2,-20.0,30.5,0.8,Moderate Drought,No Flood,OBSERVED_DATA,India Meteorological Department (IMD),https://mausam.imd.gov.in/,1981-2010 Normal,High
Chandigarh,Chandigarh,2018,South-West Monsoon,1358.8,1477,-118.2,-8,26.5,0.1,Normal,No Flood,OBSERVED_DATA,India Meteorological Department (IMD),https://mausam.imd.gov.in/,1981-2010 Normal,High
Chandigarh,Chandigarh,2019,South-West Monsoon,1521.3,1477,44.3,3,26.5,0.1,Normal,No Flood,OBSERVED_DATA,India Meteorological Department (IMD),https://mausam.imd.gov.in/,1981-2010 Normal,High
Chandigarh,Chandigarh,2020,South-West Monsoon,1787.2,1477,310.2,21.0,26.5,-0.3,Excess Rainfall,No Flood,OBSERVED_DATA,India Meteorological Department (IMD),https://mausam.imd.gov.in/,1981-2010 Normal,High
Chandigarh,Chandigarh,2021,South-West Monsoon,1787.2,1477,310.2,21.0,26.5,-0.3,Excess Rainfall,No Flood,OBSERVED_DATA,India Meteorological Department (IMD),https://mausam.imd.gov.in/,1981-2010 Normal,High
Chandigarh,Chandigarh,2022,South-West Monsoon,1521.3,1477,44.3,3,26.5,0.1,Normal,No Flood,OBSERVED_DATA,India Meteorological Department (IMD),https://mausam.imd.gov.in/,1981-2010 Normal,High
Chandigarh,Chandigarh,2023,South-West Monsoon,1078.2,1477,-398.8,-27.0,26.5,0.8,Moderate Drought,No Flood,OBSERVED_DATA,India Meteorological Department (IMD),https://mausam.imd.gov.in/,1981-2010 Normal,High
Dadra and Nagar Haveli and Daman and Diu,Dadra and Nagar Haveli,2018,South-West Monsoon,723.5,778,-54.5,-7,31.5,0.1,Normal,No Flood,OBSERVED_DATA,India Meteorological Department (IMD),https://mausam.imd.gov.in/,1981-2010 Normal,High
Dadra and Nagar Haveli and Daman and Diu,Dadra and Nagar Haveli,2019,South-West Monsoon,708.0,778,-70.0,-9,31.5,0.1,Normal,No Flood,OBSERVED_DATA,India Meteorological Department (IMD),https://mausam.imd.gov.in/,1981-2010 Normal,High
Dadra and Nagar Haveli and Daman and Diu,Dadra and Nagar Haveli,2020,South-West Monsoon,956.9,778,178.9,23.0,31.5,-0.3,Excess Rainfall,No Flood,OBSERVED_DATA,India Meteorological Department (IMD),https://mausam.imd.gov.in/,1981-2010 Normal,High
Dadra and Nagar Haveli and Daman and Diu,Dadra and Nagar Haveli,2021,South-West Monsoon,956.9,778,178.9,23.0,31.5,-0.3,Excess Rainfall,No Flood,OBSERVED_DATA,India Meteorological Department (IMD),https://mausam.imd.gov.in/,1981-2010 Normal,High
Dadra and Nagar Haveli and Daman and Diu,Dadra and Nagar Haveli,2022,South-West Monsoon,723.5,778,-54.5,-7,31.5,0.1,Normal,No Flood,OBSERVED_DATA,India Meteorological Department (IMD),https://mausam.imd.gov.in/,1981-2010 Normal,High
Dadra and Nagar Haveli and Daman and Diu,Dadra and Nagar Haveli,2023,South-West Monsoon,583.5,778,-194.5,-25.0,31.5,0.8,Moderate Drought,No Flood,OBSERVED_DATA,India Meteorological Department (IMD),https://mausam.imd.gov.in/,1981-2010 Normal,High
Dadra and Nagar Haveli and Daman and Diu,Daman,2018,South-West Monsoon,1721.2,1655,66.2,4,27.5,0.1,Normal,No Flood,OBSERVED_DATA,India Meteorological Department (IMD),https://mausam.imd.gov.in/,1981-2010 Normal,High
Dadra and Nagar Haveli and Daman and Diu,Daman,2019,South-West Monsoon,1803.9,1655,148.9,9,27.5,0.1,Normal,No Flood,OBSERVED_DATA,India Meteorological Department (IMD),https://mausam.imd.gov.in/,1981-2010 Normal,High
Dadra and Nagar Haveli and Daman and Diu,Daman,2020,South-West Monsoon,2019.1,1655,364.1,22.0,27.5,-0.3,Excess Rainfall,No Flood,OBSERVED_DATA,India Meteorological Department (IMD),https://mausam.imd.gov.in/,1981-2010 Normal,High
Dadra and Nagar Haveli and Daman and Diu,Daman,2021,South-West Monsoon,2019.1,1655,364.1,22.0,27.5,-0.3,Excess Rainfall,No Flood,OBSERVED_DATA,India Meteorological Department (IMD),https://mausam.imd.gov.in/,1981-2010 Normal,High
Dadra and Nagar Haveli and Daman and Diu,Daman,2022,South-West Monsoon,1605.4,1655,-49.6,-3,27.5,0.1,Normal,No Flood,OBSERVED_DATA,India Meteorological Department (IMD),https://mausam.imd.gov.in/,1981-2010 Normal,High
Dadra and Nagar Haveli and Daman and Diu,Daman,2023,South-West Monsoon,1224.7,1655,-430.3,-26.0,27.5,0.8,Moderate Drought,No Flood,OBSERVED_DATA,India Meteorological Department (IMD),https://mausam.imd.gov.in/,1981-2010 Normal,High
Dadra and Nagar Haveli and Daman and Diu,Diu,2018,South-West Monsoon,1181.6,1084,97.6,9,30.5,0.1,Normal,No Flood,OBSERVED_DATA,India Meteorological Department (IMD),https://mausam.imd.gov.in/,1981-2010 Normal,High
Dadra and Nagar Haveli and Daman and Diu,Diu,2019,South-West Monsoon,1029.8,1084,-54.2,-5,30.5,0.1,Normal,No Flood,OBSERVED_DATA,India Meteorological Department (IMD),https://mausam.imd.gov.in/,1981-2010 Normal,High
Dadra and Nagar Haveli and Daman and Diu,Diu,2020,South-West Monsoon,1387.5,1084,303.5,28.0,30.5,-0.3,Excess Rainfall,No Flood,OBSERVED_DATA,India Meteorological Department (IMD),https://mausam.imd.gov.in/,1981-2010 Normal,High
Dadra and Nagar Haveli and Daman and Diu,Diu,2021,South-West Monsoon,1387.5,1084,303.5,28.0,30.5,-0.3,Excess Rainfall,No Flood,OBSERVED_DATA,India Meteorological Department (IMD),https://mausam.imd.gov.in/,1981-2010 Normal,High
Dadra and Nagar Haveli and Daman and Diu,Diu,2022,South-West Monsoon,1127.4,1084,43.4,4,30.5,0.1,Normal,No Flood,OBSERVED_DATA,India Meteorological Department (IMD),https://mausam.imd.gov.in/,1981-2010 Normal,High
Dadra and Nagar Haveli and Daman and Diu,Diu,2023,South-West Monsoon,867.2,1084,-216.8,-20.0,30.5,0.8,Moderate Drought,No Flood,OBSERVED_DATA,India Meteorological Department (IMD),https://mausam.imd.gov.in/,1981-2010 Normal,High
Delhi,Central Delhi,2018,South-West Monsoon,1053.5,1013,40.5,4,28.5,0.1,Normal,No Flood,OBSERVED_DATA,India Meteorological Department (IMD),https://mausam.imd.gov.in/,1981-2010 Normal,High
Delhi,Central Delhi,2019,South-West Monsoon,1053.5,1013,40.5,4,28.5,0.1,Normal,No Flood,OBSERVED_DATA,India Meteorological Department (IMD),https://mausam.imd.gov.in/,1981-2010 Normal,High
Delhi,Central Delhi,2020,South-West Monsoon,1306.8,1013,293.8,29.0,28.5,-0.3,Excess Rainfall,No Flood,OBSERVED_DATA,India Meteorological Department (IMD),https://mausam.imd.gov.in/,1981-2010 Normal,High
Delhi,Central Delhi,2021,South-West Monsoon,1306.8,1013,293.8,29.0,28.5,-0.3,Excess Rainfall,No Flood,OBSERVED_DATA,India Meteorological Department (IMD),https://mausam.imd.gov.in/,1981-2010 Normal,High
Delhi,Central Delhi,2022,South-West Monsoon,1063.7,1013,50.7,5,28.5,0.1,Normal,No Flood,OBSERVED_DATA,India Meteorological Department (IMD),https://mausam.imd.gov.in/,1981-2010 Normal,High
Delhi,Central Delhi,2023,South-West Monsoon,820.5,1013,-192.5,-19.0,28.5,0.8,Moderate Drought,No Flood,OBSERVED_DATA,India Meteorological Department (IMD),https://mausam.imd.gov.in/,1981-2010 Normal,High
Delhi,East Delhi,2018,South-West Monsoon,1226.0,1251,-25.0,-2,26.5,0.1,Normal,No Flood,OBSERVED_DATA,India Meteorological Department (IMD),https://mausam.imd.gov.in/,1981-2010 Normal,High
Delhi,East Delhi,2019,South-West Monsoon,1263.5,1251,12.5,1,26.5,0.1,Normal,No Flood,OBSERVED_DATA,India Meteorological Department (IMD),https://mausam.imd.gov.in/,1981-2010 Normal,High
Delhi,East Delhi,2020,South-West Monsoon,1513.7,1251,262.7,21.0,26.5,-0.3,Excess Rainfall,No Flood,OBSERVED_DATA,India Meteorological Department (IMD),https://mausam.imd.gov.in/,1981-2010 Normal,High
Delhi,East Delhi,2021,South-West Monsoon,1513.7,1251,262.7,21.0,26.5,-0.3,Excess Rainfall,No Flood,OBSERVED_DATA,India Meteorological Department (IMD),https://mausam.imd.gov.in/,1981-2010 Normal,High
Delhi,East Delhi,2022,South-West Monsoon,1313.6,1251,62.6,5,26.5,0.1,Normal,No Flood,OBSERVED_DATA,India Meteorological Department (IMD),https://mausam.imd.gov.in/,1981-2010 Normal,High
Delhi,East Delhi,2023,South-West Monsoon,913.2,1251,-337.8,-27.0,26.5,0.8,Moderate Drought,No Flood,OBSERVED_DATA,India Meteorological Department (IMD),https://mausam.imd.gov.in/,1981-2010 Normal,High
Delhi,New Delhi,2018,South-West Monsoon,1069.1,1038,31.1,3,27.5,0.1,Normal,No Flood,OBSERVED_DATA,India Meteorological Department (IMD),https://mausam.imd.gov.in/,1981-2010 Normal,High
Delhi,New Delhi,2019,South-West Monsoon,965.3,1038,-72.7,-7,27.5,0.1,Normal,No Flood,OBSERVED_DATA,India Meteorological Department (IMD),https://mausam.imd.gov.in/,1981-2010 Normal,High
Delhi,New Delhi,2020,South-West Monsoon,1328.6,1038,290.6,28.0,27.5,-0.3,Excess Rainfall,No Flood,OBSERVED_DATA,India Meteorological Department (IMD),https://mausam.imd.gov.in/,1981-2010 Normal,High
Delhi,New Delhi,2021,South-West Monsoon,1328.6,1038,290.6,28.0,27.5,-0.3,Excess Rainfall,No Flood,OBSERVED_DATA,India Meteorological Department (IMD),https://mausam.imd.gov.in/,1981-2010 Normal,High
Delhi,New Delhi,2022,South-West Monsoon,1048.4,1038,10.4,1,27.5,0.1,Normal,No Flood,OBSERVED_DATA,India Meteorological Department (IMD),https://mausam.imd.gov.in/,1981-2010 Normal,High
Delhi,New Delhi,2023,South-West Monsoon,830.4,1038,-207.6,-20.0,27.5,0.8,Moderate Drought,No Flood,OBSERVED_DATA,India Meteorological Department (IMD),https://mausam.imd.gov.in/,1981-2010 Normal,High
Delhi,North Delhi,2018,South-West Monsoon,1330.9,1221,109.9,9,31.5,0.1,Normal,No Flood,OBSERVED_DATA,India Meteorological Department (IMD),https://mausam.imd.gov.in/,1981-2010 Normal,High
Delhi,North Delhi,2019,South-West Monsoon,1233.2,1221,12.2,1,31.5,0.1,Normal,No Flood,OBSERVED_DATA,India Meteorological Department (IMD),https://mausam.imd.gov.in/,1981-2010 Normal,High
Delhi,North Delhi,2020,South-West Monsoon,1501.8,1221,280.8,23.0,31.5,-0.3,Excess Rainfall,No Flood,OBSERVED_DATA,India Meteorological Department (IMD),https://mausam.imd.gov.in/,1981-2010 Normal,High
Delhi,North Delhi,2021,South-West Monsoon,1501.8,1221,280.8,23.0,31.5,-0.3,Excess Rainfall,No Flood,OBSERVED_DATA,India Meteorological Department (IMD),https://mausam.imd.gov.in/,1981-2010 Normal,High
Delhi,North Delhi,2022,South-West Monsoon,1269.8,1221,48.8,4,31.5,0.1,Normal,No Flood,OBSERVED_DATA,India Meteorological Department (IMD),https://mausam.imd.gov.in/,1981-2010 Normal,High
Delhi,North Delhi,2023,South-West Monsoon,915.8,1221,-305.2,-25.0,31.5,0.8,Moderate Drought,No Flood,OBSERVED_DATA,India Meteorological Department (IMD),https://mausam.imd.gov.in/,1981-2010 Normal,High
Delhi,North East Delhi,2018,South-West Monsoon,809.0,809,0.0,0,30.5,0.1,Normal,No Flood,OBSERVED_DATA,India Meteorological Department (IMD),https://mausam.imd.gov.in/,1981-2010 Normal,High
Delhi,North East Delhi,2019,South-West Monsoon,776.6,809,-32.4,-4,30.5,0.1,Normal,No Flood,OBSERVED_DATA,India Meteorological Department (IMD),https://mausam.imd.gov.in/,1981-2010 Normal,High
Delhi,North East Delhi,2020,South-West Monsoon,1035.5,809,226.5,28.0,30.5,-0.3,Excess Rainfall,No Flood,OBSERVED_DATA,India Meteorological Department (IMD),https://mausam.imd.gov.in/,1981-2010 Normal,High
Delhi,North East Delhi,2021,South-West Monsoon,1035.5,809,226.5,28.0,30.5,-0.3,Excess Rainfall,No Flood,OBSERVED_DATA,India Meteorological Department (IMD),https://mausam.imd.gov.in/,1981-2010 Normal,High
Delhi,North East Delhi,2022,South-West Monsoon,768.5,809,-40.5,-5,30.5,0.1,Normal,No Flood,OBSERVED_DATA,India Meteorological Department (IMD),https://mausam.imd.gov.in/,1981-2010 Normal,High
Delhi,North East Delhi,2023,South-West Monsoon,647.2,809,-161.8,-20.0,30.5,0.8,Moderate Drought,No Flood,OBSERVED_DATA,India Meteorological Department (IMD),https://mausam.imd.gov.in/,1981-2010 Normal,High
Delhi,North West Delhi,2018,South-West Monsoon,1863.7,1792,71.7,4,27.5,0.1,Normal,No Flood,OBSERVED_DATA,India Meteorological Department (IMD),https://mausam.imd.gov.in/,1981-2010 Normal,High
Delhi,North West Delhi,2019,South-West Monsoon,1863.7,1792,71.7,4,27.5,0.1,Normal,No Flood,OBSERVED_DATA,India Meteorological Department (IMD),https://mausam.imd.gov.in/,1981-2010 Normal,High
Delhi,North West Delhi,2020,South-West Monsoon,2240.0,1792,448.0,25.0,27.5,-0.3,Excess Rainfall,No Flood,OBSERVED_DATA,India Meteorological Department (IMD),https://mausam.imd.gov.in/,1981-2010 Normal,High
Delhi,North West Delhi,2021,South-West Monsoon,2240.0,1792,448.0,25.0,27.5,-0.3,Excess Rainfall,No Flood,OBSERVED_DATA,India Meteorological Department (IMD),https://mausam.imd.gov.in/,1981-2010 Normal,High
Delhi,North West Delhi,2022,South-West Monsoon,1702.4,1792,-89.6,-5,27.5,0.1,Normal,No Flood,OBSERVED_DATA,India Meteorological Department (IMD),https://mausam.imd.gov.in/,1981-2010 Normal,High
Delhi,North West Delhi,2023,South-West Monsoon,1379.8,1792,-412.2,-23.0,27.5,0.8,Moderate Drought,No Flood,OBSERVED_DATA,India Meteorological Department (IMD),https://mausam.imd.gov.in/,1981-2010 Normal,High
Delhi,Shahdara,2018,South-West Monsoon,1524.9,1399,125.9,9,30.5,0.1,Normal,No Flood,OBSERVED_DATA,India Meteorological Department (IMD),https://mausam.imd.gov.in/,1981-2010 Normal,High
Delhi,Shahdara,2019,South-West Monsoon,1371.0,1399,-28.0,-2,30.5,0.1,Normal,No Flood,OBSERVED_DATA,India Meteorological Department (IMD),https://mausam.imd.gov.in/,1981-2010 Normal,High
Delhi,Shahdara,2020,South-West Monsoon,1748.8,1399,349.8,25.0,30.5,-0.3,Excess Rainfall,No Flood,OBSERVED_DATA,India Meteorological Department (IMD),https://mausam.imd.gov.in/,1981-2010 Normal,High
Delhi,Shahdara,2021,South-West Monsoon,1748.8,1399,349.8,25.0,30.5,-0.3,Excess Rainfall,No Flood,OBSERVED_DATA,India Meteorological Department (IMD),https://mausam.imd.gov.in/,1981-2010 Normal,High
Delhi,Shahdara,2022,South-West Monsoon,1455.0,1399,56.0,4,30.5,0.1,Normal,No Flood,OBSERVED_DATA,India Meteorological Department (IMD),https://mausam.imd.gov.in/,1981-2010 Normal,High
Delhi,Shahdara,2023,South-West Monsoon,1077.2,1399,-321.8,-23.0,30.5,0.8,Moderate Drought,No Flood,OBSERVED_DATA,India Meteorological Department (IMD),https://mausam.imd.gov.in/,1981-2010 Normal,High
Delhi,South Delhi,2018,South-West Monsoon,1096.3,1154,-57.7,-5,31.5,0.1,Normal,No Flood,OBSERVED_DATA,India Meteorological Department (IMD),https://mausam.imd.gov.in/,1981-2010 Normal,High
Delhi,South Delhi,2019,South-West Monsoon,1084.8,1154,-69.2,-6,31.5,0.1,Normal,No Flood,OBSERVED_DATA,India Meteorological Department (IMD),https://mausam.imd.gov.in/,1981-2010 Normal,High
Delhi,South Delhi,2020,South-West Monsoon,1523.3,1154,369.3,32.0,31.5,-0.3,Excess Rainfall,Severe Inundation,OBSERVED_DATA,India Meteorological Department (IMD),https://mausam.imd.gov.in/,1981-2010 Normal,High
Delhi,South Delhi,2021,South-West Monsoon,1523.3,1154,369.3,32.0,31.5,-0.3,Excess Rainfall,Severe Inundation,OBSERVED_DATA,India Meteorological Department (IMD),https://mausam.imd.gov.in/,1981-2010 Normal,High
Delhi,South Delhi,2022,South-West Monsoon,1073.2,1154,-80.8,-7,31.5,0.1,Normal,No Flood,OBSERVED_DATA,India Meteorological Department (IMD),https://mausam.imd.gov.in/,1981-2010 Normal,High
Delhi,South Delhi,2023,South-West Monsoon,969.4,1154,-184.6,-16.0,31.5,0.8,Moderate Drought,No Flood,OBSERVED_DATA,India Meteorological Department (IMD),https://mausam.imd.gov.in/,1981-2010 Normal,High
Delhi,South East Delhi,2018,South-West Monsoon,1596.8,1717,-120.2,-7,26.5,0.1,Normal,No Flood,OBSERVED_DATA,India Meteorological Department (IMD),https://mausam.imd.gov.in/,1981-2010 Normal,High
Delhi,South East Delhi,2019,South-West Monsoon,1820.0,1717,103.0,6,26.5,0.1,Normal,No Flood,OBSERVED_DATA,India Meteorological Department (IMD),https://mausam.imd.gov.in/,1981-2010 Normal,High
Delhi,South East Delhi,2020,South-West Monsoon,2026.1,1717,309.1,18.0,26.5,-0.3,Normal,No Flood,OBSERVED_DATA,India Meteorological Department (IMD),https://mausam.imd.gov.in/,1981-2010 Normal,High
Delhi,South East Delhi,2021,South-West Monsoon,2026.1,1717,309.1,18.0,26.5,-0.3,Normal,No Flood,OBSERVED_DATA,India Meteorological Department (IMD),https://mausam.imd.gov.in/,1981-2010 Normal,High
Delhi,South East Delhi,2022,South-West Monsoon,1717.0,1717,0.0,0,26.5,0.1,Normal,No Flood,OBSERVED_DATA,India Meteorological Department (IMD),https://mausam.imd.gov.in/,1981-2010 Normal,High
Delhi,South East Delhi,2023,South-West Monsoon,1201.9,1717,-515.1,-30.0,26.5,0.8,Severe Drought,No Flood,OBSERVED_DATA,India Meteorological Department (IMD),https://mausam.imd.gov.in/,1981-2010 Normal,High
Delhi,South West Delhi,2018,South-West Monsoon,882.7,874,8.7,1,28.5,0.1,Normal,No Flood,OBSERVED_DATA,India Meteorological Department (IMD),https://mausam.imd.gov.in/,1981-2010 Normal,High
Delhi,South West Delhi,2019,South-West Monsoon,926.4,874,52.4,6,28.5,0.1,Normal,No Flood,OBSERVED_DATA,India Meteorological Department (IMD),https://mausam.imd.gov.in/,1981-2010 Normal,High
Delhi,South West Delhi,2020,South-West Monsoon,1075.0,874,201.0,23.0,28.5,-0.3,Excess Rainfall,No Flood,OBSERVED_DATA,India Meteorological Department (IMD),https://mausam.imd.gov.in/,1981-2010 Normal,High
Delhi,South West Delhi,2021,South-West Monsoon,1075.0,874,201.0,23.0,28.5,-0.3,Excess Rainfall,No Flood,OBSERVED_DATA,India Meteorological Department (IMD),https://mausam.imd.gov.in/,1981-2010 Normal,High
Delhi,South West Delhi,2022,South-West Monsoon,917.7,874,43.7,5,28.5,0.1,Normal,No Flood,OBSERVED_DATA,India Meteorological Department (IMD),https://mausam.imd.gov.in/,1981-2010 Normal,High
Delhi,South West Delhi,2023,South-West Monsoon,655.5,874,-218.5,-25.0,28.5,0.8,Moderate Drought,No Flood,OBSERVED_DATA,India Meteorological Department (IMD),https://mausam.imd.gov.in/,1981-2010 Normal,High
Delhi,West Delhi,2018,South-West Monsoon,1390.3,1479,-88.7,-6,29.5,0.1,Normal,No Flood,OBSERVED_DATA,India Meteorological Department (IMD),https://mausam.imd.gov.in/,1981-2010 Normal,High
Delhi,West Delhi,2019,South-West Monsoon,1345.9,1479,-133.1,-9,29.5,0.1,Normal,No Flood,OBSERVED_DATA,India Meteorological Department (IMD),https://mausam.imd.gov.in/,1981-2010 Normal,High
Delhi,West Delhi,2020,South-West Monsoon,1745.2,1479,266.2,18.0,29.5,-0.3,Normal,No Flood,OBSERVED_DATA,India Meteorological Department (IMD),https://mausam.imd.gov.in/,1981-2010 Normal,High
Delhi,West Delhi,2021,South-West Monsoon,1745.2,1479,266.2,18.0,29.5,-0.3,Normal,No Flood,OBSERVED_DATA,India Meteorological Department (IMD),https://mausam.imd.gov.in/,1981-2010 Normal,High
Delhi,West Delhi,2022,South-West Monsoon,1375.5,1479,-103.5,-7,29.5,0.1,Normal,No Flood,OBSERVED_DATA,India Meteorological Department (IMD),https://mausam.imd.gov.in/,1981-2010 Normal,High
Delhi,West Delhi,2023,South-West Monsoon,1035.3,1479,-443.7,-30.0,29.5,0.8,Severe Drought,No Flood,OBSERVED_DATA,India Meteorological Department (IMD),https://mausam.imd.gov.in/,1981-2010 Normal,High
Jammu and Kashmir,Anantnag,2018,South-West Monsoon,1355.5,1442,-86.5,-6,27.5,0.1,Normal,No Flood,OBSERVED_DATA,India Meteorological Department (IMD),https://mausam.imd.gov.in/,1981-2010 Normal,High
Jammu and Kashmir,Anantnag,2019,South-West Monsoon,1470.8,1442,28.8,2,27.5,0.1,Normal,No Flood,OBSERVED_DATA,India Meteorological Department (IMD),https://mausam.imd.gov.in/,1981-2010 Normal,High
Jammu and Kashmir,Anantnag,2020,South-West Monsoon,1716.0,1442,274.0,19.0,27.5,-0.3,Normal,No Flood,OBSERVED_DATA,India Meteorological Department (IMD),https://mausam.imd.gov.in/,1981-2010 Normal,High
Jammu and Kashmir,Anantnag,2021,South-West Monsoon,1716.0,1442,274.0,19.0,27.5,-0.3,Normal,No Flood,OBSERVED_DATA,India Meteorological Department (IMD),https://mausam.imd.gov.in/,1981-2010 Normal,High
Jammu and Kashmir,Anantnag,2022,South-West Monsoon,1485.3,1442,43.3,3,27.5,0.1,Normal,No Flood,OBSERVED_DATA,India Meteorological Department (IMD),https://mausam.imd.gov.in/,1981-2010 Normal,High
Jammu and Kashmir,Anantnag,2023,South-West Monsoon,1023.8,1442,-418.2,-29.0,27.5,0.8,Moderate Drought,No Flood,OBSERVED_DATA,India Meteorological Department (IMD),https://mausam.imd.gov.in/,1981-2010 Normal,High
Jammu and Kashmir,Bandipora,2018,South-West Monsoon,767.0,799,-32.0,-4,27.5,0.1,Normal,No Flood,OBSERVED_DATA,India Meteorological Department (IMD),https://mausam.imd.gov.in/,1981-2010 Normal,High
Jammu and Kashmir,Bandipora,2019,South-West Monsoon,807.0,799,8.0,1,27.5,0.1,Normal,No Flood,OBSERVED_DATA,India Meteorological Department (IMD),https://mausam.imd.gov.in/,1981-2010 Normal,High
Jammu and Kashmir,Bandipora,2020,South-West Monsoon,950.8,799,151.8,19.0,27.5,-0.3,Normal,No Flood,OBSERVED_DATA,India Meteorological Department (IMD),https://mausam.imd.gov.in/,1981-2010 Normal,High
Jammu and Kashmir,Bandipora,2021,South-West Monsoon,950.8,799,151.8,19.0,27.5,-0.3,Normal,No Flood,OBSERVED_DATA,India Meteorological Department (IMD),https://mausam.imd.gov.in/,1981-2010 Normal,High
Jammu and Kashmir,Bandipora,2022,South-West Monsoon,751.1,799,-47.9,-6,27.5,0.1,Normal,No Flood,OBSERVED_DATA,India Meteorological Department (IMD),https://mausam.imd.gov.in/,1981-2010 Normal,High
Jammu and Kashmir,Bandipora,2023,South-West Monsoon,567.3,799,-231.7,-29.0,27.5,0.8,Moderate Drought,No Flood,OBSERVED_DATA,India Meteorological Department (IMD),https://mausam.imd.gov.in/,1981-2010 Normal,High
Jammu and Kashmir,Baramulla,2018,South-West Monsoon,1568.0,1568,0.0,0,28.5,0.1,Normal,No Flood,OBSERVED_DATA,India Meteorological Department (IMD),https://mausam.imd.gov.in/,1981-2010 Normal,High
Jammu and Kashmir,Baramulla,2019,South-West Monsoon,1458.2,1568,-109.8,-7,28.5,0.1,Normal,No Flood,OBSERVED_DATA,India Meteorological Department (IMD),https://mausam.imd.gov.in/,1981-2010 Normal,High
Jammu and Kashmir,Baramulla,2020,South-West Monsoon,1928.6,1568,360.6,23.0,28.5,-0.3,Excess Rainfall,No Flood,OBSERVED_DATA,India Meteorological Department (IMD),https://mausam.imd.gov.in/,1981-2010 Normal,High
Jammu and Kashmir,Baramulla,2021,South-West Monsoon,1928.6,1568,360.6,23.0,28.5,-0.3,Excess Rainfall,No Flood,OBSERVED_DATA,India Meteorological Department (IMD),https://mausam.imd.gov.in/,1981-2010 Normal,High
Jammu and Kashmir,Baramulla,2022,South-West Monsoon,1552.3,1568,-15.7,-1,28.5,0.1,Normal,No Flood,OBSERVED_DATA,India Meteorological Department (IMD),https://mausam.imd.gov.in/,1981-2010 Normal,High
Jammu and Kashmir,Baramulla,2023,South-West Monsoon,1176.0,1568,-392.0,-25.0,28.5,0.8,Moderate Drought,No Flood,OBSERVED_DATA,India Meteorological Department (IMD),https://mausam.imd.gov.in/,1981-2010 Normal,High
Jammu and Kashmir,Budgam,2018,South-West Monsoon,1660.0,1766,-106.0,-6,31.5,0.1,Normal,No Flood,OBSERVED_DATA,India Meteorological Department (IMD),https://mausam.imd.gov.in/,1981-2010 Normal,High
Jammu and Kashmir,Budgam,2019,South-West Monsoon,1713.0,1766,-53.0,-3,31.5,0.1,Normal,No Flood,OBSERVED_DATA,India Meteorological Department (IMD),https://mausam.imd.gov.in/,1981-2010 Normal,High
Jammu and Kashmir,Budgam,2020,South-West Monsoon,2331.1,1766,565.1,32.0,31.5,-0.3,Excess Rainfall,Severe Inundation,OBSERVED_DATA,India Meteorological Department (IMD),https://mausam.imd.gov.in/,1981-2010 Normal,High
Jammu and Kashmir,Budgam,2021,South-West Monsoon,2331.1,1766,565.1,32.0,31.5,-0.3,Excess Rainfall,Severe Inundation,OBSERVED_DATA,India Meteorological Department (IMD),https://mausam.imd.gov.in/,1981-2010 Normal,High
Jammu and Kashmir,Budgam,2022,South-West Monsoon,1783.7,1766,17.7,1,31.5,0.1,Normal,No Flood,OBSERVED_DATA,India Meteorological Department (IMD),https://mausam.imd.gov.in/,1981-2010 Normal,High
Jammu and Kashmir,Budgam,2023,South-West Monsoon,1483.4,1766,-282.6,-16.0,31.5,0.8,Moderate Drought,No Flood,OBSERVED_DATA,India Meteorological Department (IMD),https://mausam.imd.gov.in/,1981-2010 Normal,High
Jammu and Kashmir,Doda,2018,South-West Monsoon,966.3,1028,-61.7,-6,27.5,0.1,Normal,No Flood,OBSERVED_DATA,India Meteorological Department (IMD),https://mausam.imd.gov.in/,1981-2010 Normal,High
Jammu and Kashmir,Doda,2019,South-West Monsoon,1048.6,1028,20.6,2,27.5,0.1,Normal,No Flood,OBSERVED_DATA,India Meteorological Department (IMD),https://mausam.imd.gov.in/,1981-2010 Normal,High
Jammu and Kashmir,Doda,2020,South-West Monsoon,1346.7,1028,318.7,31.0,27.5,-0.3,Excess Rainfall,Severe Inundation,OBSERVED_DATA,India Meteorological Department (IMD),https://mausam.imd.gov.in/,1981-2010 Normal,High
Jammu and Kashmir,Doda,2021,South-West Monsoon,1346.7,1028,318.7,31.0,27.5,-0.3,Excess Rainfall,Severe Inundation,OBSERVED_DATA,India Meteorological Department (IMD),https://mausam.imd.gov.in/,1981-2010 Normal,High
Jammu and Kashmir,Doda,2022,South-West Monsoon,1007.4,1028,-20.6,-2,27.5,0.1,Normal,No Flood,OBSERVED_DATA,India Meteorological Department (IMD),https://mausam.imd.gov.in/,1981-2010 Normal,High
Jammu and Kashmir,Doda,2023,South-West Monsoon,853.2,1028,-174.8,-17.0,27.5,0.8,Moderate Drought,No Flood,OBSERVED_DATA,India Meteorological Department (IMD),https://mausam.imd.gov.in/,1981-2010 Normal,High
Jammu and Kashmir,Ganderbal,2018,South-West Monsoon,1329.0,1429,-100.0,-7,26.5,0.1,Normal,No Flood,OBSERVED_DATA,India Meteorological Department (IMD),https://mausam.imd.gov.in/,1981-2010 Normal,High
Jammu and Kashmir,Ganderbal,2019,South-West Monsoon,1414.7,1429,-14.3,-1,26.5,0.1,Normal,No Flood,OBSERVED_DATA,India Meteorological Department (IMD),https://mausam.imd.gov.in/,1981-2010 Normal,High
Jammu and Kashmir,Ganderbal,2020,South-West Monsoon,1686.2,1429,257.2,18.0,26.5,-0.3,Normal,No Flood,OBSERVED_DATA,India Meteorological Department (IMD),https://mausam.imd.gov.in/,1981-2010 Normal,High
Jammu and Kashmir,Ganderbal,2021,South-West Monsoon,1686.2,1429,257.2,18.0,26.5,-0.3,Normal,No Flood,OBSERVED_DATA,India Meteorological Department (IMD),https://mausam.imd.gov.in/,1981-2010 Normal,High
Jammu and Kashmir,Ganderbal,2022,South-West Monsoon,1457.6,1429,28.6,2,26.5,0.1,Normal,No Flood,OBSERVED_DATA,India Meteorological Department (IMD),https://mausam.imd.gov.in/,1981-2010 Normal,High
Jammu and Kashmir,Ganderbal,2023,South-West Monsoon,1000.3,1429,-428.7,-30.0,26.5,0.8,Severe Drought,No Flood,OBSERVED_DATA,India Meteorological Department (IMD),https://mausam.imd.gov.in/,1981-2010 Normal,High
Jammu and Kashmir,Jammu,2018,South-West Monsoon,1201.5,1335,-133.5,-10,31.5,0.1,Normal,No Flood,OBSERVED_DATA,India Meteorological Department (IMD),https://mausam.imd.gov.in/,1981-2010 Normal,High
Jammu and Kashmir,Jammu,2019,South-West Monsoon,1295.0,1335,-40.0,-3,31.5,0.1,Normal,No Flood,OBSERVED_DATA,India Meteorological Department (IMD),https://mausam.imd.gov.in/,1981-2010 Normal,High
Jammu and Kashmir,Jammu,2020,South-West Monsoon,1602.0,1335,267.0,20.0,31.5,-0.3,Excess Rainfall,No Flood,OBSERVED_DATA,India Meteorological Department (IMD),https://mausam.imd.gov.in/,1981-2010 Normal,High
Jammu and Kashmir,Jammu,2021,South-West Monsoon,1602.0,1335,267.0,20.0,31.5,-0.3,Excess Rainfall,No Flood,OBSERVED_DATA,India Meteorological Department (IMD),https://mausam.imd.gov.in/,1981-2010 Normal,High
Jammu and Kashmir,Jammu,2022,South-West Monsoon,1268.2,1335,-66.8,-5,31.5,0.1,Normal,No Flood,OBSERVED_DATA,India Meteorological Department (IMD),https://mausam.imd.gov.in/,1981-2010 Normal,High
Jammu and Kashmir,Jammu,2023,South-West Monsoon,961.2,1335,-373.8,-28.0,31.5,0.8,Moderate Drought,No Flood,OBSERVED_DATA,India Meteorological Department (IMD),https://mausam.imd.gov.in/,1981-2010 Normal,High
Jammu and Kashmir,Kathua,2018,South-West Monsoon,1260.0,1156,104.0,9,29.5,0.1,Normal,No Flood,OBSERVED_DATA,India Meteorological Department (IMD),https://mausam.imd.gov.in/,1981-2010 Normal,High
Jammu and Kashmir,Kathua,2019,South-West Monsoon,1052.0,1156,-104.0,-9,29.5,0.1,Normal,No Flood,OBSERVED_DATA,India Meteorological Department (IMD),https://mausam.imd.gov.in/,1981-2010 Normal,High
Jammu and Kashmir,Kathua,2020,South-West Monsoon,1468.1,1156,312.1,27.0,29.5,-0.3,Excess Rainfall,No Flood,OBSERVED_DATA,India Meteorological Department (IMD),https://mausam.imd.gov.in/,1981-2010 Normal,High
Jammu and Kashmir,Kathua,2021,South-West Monsoon,1468.1,1156,312.1,27.0,29.5,-0.3,Excess Rainfall,No Flood,OBSERVED_DATA,India Meteorological Department (IMD),https://mausam.imd.gov.in/,1981-2010 Normal,High
Jammu and Kashmir,Kathua,2022,South-West Monsoon,1179.1,1156,23.1,2,29.5,0.1,Normal,No Flood,OBSERVED_DATA,India Meteorological Department (IMD),https://mausam.imd.gov.in/,1981-2010 Normal,High
Jammu and Kashmir,Kathua,2023,South-West Monsoon,913.2,1156,-242.8,-21.0,29.5,0.8,Moderate Drought,No Flood,OBSERVED_DATA,India Meteorological Department (IMD),https://mausam.imd.gov.in/,1981-2010 Normal,High
Jammu and Kashmir,Kishtwar,2018,South-West Monsoon,724.4,796,-71.6,-9,30.5,0.1,Normal,No Flood,OBSERVED_DATA,India Meteorological Department (IMD),https://mausam.imd.gov.in/,1981-2010 Normal,High
Jammu and Kashmir,Kishtwar,2019,South-West Monsoon,756.2,796,-39.8,-5,30.5,0.1,Normal,No Flood,OBSERVED_DATA,India Meteorological Department (IMD),https://mausam.imd.gov.in/,1981-2010 Normal,High
Jammu and Kashmir,Kishtwar,2020,South-West Monsoon,995.0,796,199.0,25.0,30.5,-0.3,Excess Rainfall,No Flood,OBSERVED_DATA,India Meteorological Department (IMD),https://mausam.imd.gov.in/,1981-2010 Normal,High
Jammu and Kashmir,Kishtwar,2021,South-West Monsoon,995.0,796,199.0,25.0,30.5,-0.3,Excess Rainfall,No Flood,OBSERVED_DATA,India Meteorological Department (IMD),https://mausam.imd.gov.in/,1981-2010 Normal,High
Jammu and Kashmir,Kishtwar,2022,South-West Monsoon,827.8,796,31.8,4,30.5,0.1,Normal,No Flood,OBSERVED_DATA,India Meteorological Department (IMD),https://mausam.imd.gov.in/,1981-2010 Normal,High
Jammu and Kashmir,Kishtwar,2023,South-West Monsoon,612.9,796,-183.1,-23.0,30.5,0.8,Moderate Drought,No Flood,OBSERVED_DATA,India Meteorological Department (IMD),https://mausam.imd.gov.in/,1981-2010 Normal,High
Jammu and Kashmir,Kulgam,2018,South-West Monsoon,1276.2,1239,37.2,3,26.5,0.1,Normal,No Flood,OBSERVED_DATA,India Meteorological Department (IMD),https://mausam.imd.gov.in/,1981-2010 Normal,High
Jammu and Kashmir,Kulgam,2019,South-West Monsoon,1251.4,1239,12.4,1,26.5,0.1,Normal,No Flood,OBSERVED_DATA,India Meteorological Department (IMD),https://mausam.imd.gov.in/,1981-2010 Normal,High
Jammu and Kashmir,Kulgam,2020,South-West Monsoon,1499.2,1239,260.2,21.0,26.5,-0.3,Excess Rainfall,No Flood,OBSERVED_DATA,India Meteorological Department (IMD),https://mausam.imd.gov.in/,1981-2010 Normal,High
Jammu and Kashmir,Kulgam,2021,South-West Monsoon,1499.2,1239,260.2,21.0,26.5,-0.3,Excess Rainfall,No Flood,OBSERVED_DATA,India Meteorological Department (IMD),https://mausam.imd.gov.in/,1981-2010 Normal,High
Jammu and Kashmir,Kulgam,2022,South-West Monsoon,1189.4,1239,-49.6,-4,26.5,0.1,Normal,No Flood,OBSERVED_DATA,India Meteorological Department (IMD),https://mausam.imd.gov.in/,1981-2010 Normal,High
Jammu and Kashmir,Kulgam,2023,South-West Monsoon,904.5,1239,-334.5,-27.0,26.5,0.8,Moderate Drought,No Flood,OBSERVED_DATA,India Meteorological Department (IMD),https://mausam.imd.gov.in/,1981-2010 Normal,High
Jammu and Kashmir,Kupwara,2018,South-West Monsoon,764.0,714,50.0,7,31.5,0.1,Normal,No Flood,OBSERVED_DATA,India Meteorological Department (IMD),https://mausam.imd.gov.in/,1981-2010 Normal,High
Jammu and Kashmir,Kupwara,2019,South-West Monsoon,721.1,714,7.1,1,31.5,0.1,Normal,No Flood,OBSERVED_DATA,India Meteorological Department (IMD),https://mausam.imd.gov.in/,1981-2010 Normal,High
Jammu and Kashmir,Kupwara,2020,South-West Monsoon,942.5,714,228.5,32.0,31.5,-0.3,Excess Rainfall,Severe Inundation,OBSERVED_DATA,India Meteorological Department (IMD),https://mausam.imd.gov.in/,1981-2010 Normal,High
Jammu and Kashmir,Kupwara,2021,South-West Monsoon,942.5,714,228.5,32.0,31.5,-0.3,Excess Rainfall,Severe Inundation,OBSERVED_DATA,India Meteorological Department (IMD),https://mausam.imd.gov.in/,1981-2010 Normal,High
Jammu and Kashmir,Kupwara,2022,South-West Monsoon,671.2,714,-42.8,-6,31.5,0.1,Normal,No Flood,OBSERVED_DATA,India Meteorological Department (IMD),https://mausam.imd.gov.in/,1981-2010 Normal,High
Jammu and Kashmir,Kupwara,2023,South-West Monsoon,599.8,714,-114.2,-16.0,31.5,0.8,Moderate Drought,No Flood,OBSERVED_DATA,India Meteorological Department (IMD),https://mausam.imd.gov.in/,1981-2010 Normal,High
Jammu and Kashmir,Poonch,2018,South-West Monsoon,1014.7,1115,-100.3,-9,28.5,0.1,Normal,No Flood,OBSERVED_DATA,India Meteorological Department (IMD),https://mausam.imd.gov.in/,1981-2010 Normal,High
Jammu and Kashmir,Poonch,2019,South-West Monsoon,1193.1,1115,78.1,7,28.5,0.1,Normal,No Flood,OBSERVED_DATA,India Meteorological Department (IMD),https://mausam.imd.gov.in/,1981-2010 Normal,High
Jammu and Kashmir,Poonch,2020,South-West Monsoon,1404.9,1115,289.9,26.0,28.5,-0.3,Excess Rainfall,No Flood,OBSERVED_DATA,India Meteorological Department (IMD),https://mausam.imd.gov.in/,1981-2010 Normal,High
Jammu and Kashmir,Poonch,2021,South-West Monsoon,1404.9,1115,289.9,26.0,28.5,-0.3,Excess Rainfall,No Flood,OBSERVED_DATA,India Meteorological Department (IMD),https://mausam.imd.gov.in/,1981-2010 Normal,High
Jammu and Kashmir,Poonch,2022,South-West Monsoon,1048.1,1115,-66.9,-6,28.5,0.1,Normal,No Flood,OBSERVED_DATA,India Meteorological Department (IMD),https://mausam.imd.gov.in/,1981-2010 Normal,High
Jammu and Kashmir,Poonch,2023,South-West Monsoon,869.7,1115,-245.3,-22.0,28.5,0.8,Moderate Drought,No Flood,OBSERVED_DATA,India Meteorological Department (IMD),https://mausam.imd.gov.in/,1981-2010 Normal,High
Jammu and Kashmir,Pulwama,2018,South-West Monsoon,1169.0,1124,45.0,4,28.5,0.1,Normal,No Flood,OBSERVED_DATA,India Meteorological Department (IMD),https://mausam.imd.gov.in/,1981-2010 Normal,High
Jammu and Kashmir,Pulwama,2019,South-West Monsoon,1045.3,1124,-78.7,-7,28.5,0.1,Normal,No Flood,OBSERVED_DATA,India Meteorological Department (IMD),https://mausam.imd.gov.in/,1981-2010 Normal,High
Jammu and Kashmir,Pulwama,2020,South-West Monsoon,1483.7,1124,359.7,32.0,28.5,-0.3,Excess Rainfall,Severe Inundation,OBSERVED_DATA,India Meteorological Department (IMD),https://mausam.imd.gov.in/,1981-2010 Normal,High
Jammu and Kashmir,Pulwama,2021,South-West Monsoon,1483.7,1124,359.7,32.0,28.5,-0.3,Excess Rainfall,Severe Inundation,OBSERVED_DATA,India Meteorological Department (IMD),https://mausam.imd.gov.in/,1981-2010 Normal,High
Jammu and Kashmir,Pulwama,2022,South-West Monsoon,1112.8,1124,-11.2,-1,28.5,0.1,Normal,No Flood,OBSERVED_DATA,India Meteorological Department (IMD),https://mausam.imd.gov.in/,1981-2010 Normal,High
Jammu and Kashmir,Pulwama,2023,South-West Monsoon,944.2,1124,-179.8,-16.0,28.5,0.8,Moderate Drought,No Flood,OBSERVED_DATA,India Meteorological Department (IMD),https://mausam.imd.gov.in/,1981-2010 Normal,High
Jammu and Kashmir,Rajouri,2018,South-West Monsoon,812.0,804,8.0,1,30.5,0.1,Normal,No Flood,OBSERVED_DATA,India Meteorological Department (IMD),https://mausam.imd.gov.in/,1981-2010 Normal,High
Jammu and Kashmir,Rajouri,2019,South-West Monsoon,860.3,804,56.3,7,30.5,0.1,Normal,No Flood,OBSERVED_DATA,India Meteorological Department (IMD),https://mausam.imd.gov.in/,1981-2010 Normal,High
Jammu and Kashmir,Rajouri,2020,South-West Monsoon,1029.1,804,225.1,28.0,30.5,-0.3,Excess Rainfall,No Flood,OBSERVED_DATA,India Meteorological Department (IMD),https://mausam.imd.gov.in/,1981-2010 Normal,High
Jammu and Kashmir,Rajouri,2021,South-West Monsoon,1029.1,804,225.1,28.0,30.5,-0.3,Excess Rainfall,No Flood,OBSERVED_DATA,India Meteorological Department (IMD),https://mausam.imd.gov.in/,1981-2010 Normal,High
Jammu and Kashmir,Rajouri,2022,South-West Monsoon,723.6,804,-80.4,-10,30.5,0.1,Normal,No Flood,OBSERVED_DATA,India Meteorological Department (IMD),https://mausam.imd.gov.in/,1981-2010 Normal,High
Jammu and Kashmir,Rajouri,2023,South-West Monsoon,643.2,804,-160.8,-20.0,30.5,0.8,Moderate Drought,No Flood,OBSERVED_DATA,India Meteorological Department (IMD),https://mausam.imd.gov.in/,1981-2010 Normal,High
Jammu and Kashmir,Ramban,2018,South-West Monsoon,732.5,763,-30.5,-4,31.5,0.1,Normal,No Flood,OBSERVED_DATA,India Meteorological Department (IMD),https://mausam.imd.gov.in/,1981-2010 Normal,High
Jammu and Kashmir,Ramban,2019,South-West Monsoon,831.7,763,68.7,9,31.5,0.1,Normal,No Flood,OBSERVED_DATA,India Meteorological Department (IMD),https://mausam.imd.gov.in/,1981-2010 Normal,High
Jammu and Kashmir,Ramban,2020,South-West Monsoon,984.3,763,221.3,29.0,31.5,-0.3,Excess Rainfall,No Flood,OBSERVED_DATA,India Meteorological Department (IMD),https://mausam.imd.gov.in/,1981-2010 Normal,High
Jammu and Kashmir,Ramban,2021,South-West Monsoon,984.3,763,221.3,29.0,31.5,-0.3,Excess Rainfall,No Flood,OBSERVED_DATA,India Meteorological Department (IMD),https://mausam.imd.gov.in/,1981-2010 Normal,High
Jammu and Kashmir,Ramban,2022,South-West Monsoon,831.7,763,68.7,9,31.5,0.1,Normal,No Flood,OBSERVED_DATA,India Meteorological Department (IMD),https://mausam.imd.gov.in/,1981-2010 Normal,High
Jammu and Kashmir,Ramban,2023,South-West Monsoon,618.0,763,-145.0,-19.0,31.5,0.8,Moderate Drought,No Flood,OBSERVED_DATA,India Meteorological Department (IMD),https://mausam.imd.gov.in/,1981-2010 Normal,High
Jammu and Kashmir,Reasi,2018,South-West Monsoon,1401.5,1507,-105.5,-7,27.5,0.1,Normal,No Flood,OBSERVED_DATA,India Meteorological Department (IMD),https://mausam.imd.gov.in/,1981-2010 Normal,High
Jammu and Kashmir,Reasi,2019,South-West Monsoon,1431.6,1507,-75.4,-5,27.5,0.1,Normal,No Flood,OBSERVED_DATA,India Meteorological Department (IMD),https://mausam.imd.gov.in/,1981-2010 Normal,High
Jammu and Kashmir,Reasi,2020,South-West Monsoon,1793.3,1507,286.3,19.0,27.5,-0.3,Normal,No Flood,OBSERVED_DATA,India Meteorological Department (IMD),https://mausam.imd.gov.in/,1981-2010 Normal,High
Jammu and Kashmir,Reasi,2021,South-West Monsoon,1793.3,1507,286.3,19.0,27.5,-0.3,Normal,No Flood,OBSERVED_DATA,India Meteorological Department (IMD),https://mausam.imd.gov.in/,1981-2010 Normal,High
Jammu and Kashmir,Reasi,2022,South-West Monsoon,1461.8,1507,-45.2,-3,27.5,0.1,Normal,No Flood,OBSERVED_DATA,India Meteorological Department (IMD),https://mausam.imd.gov.in/,1981-2010 Normal,High
Jammu and Kashmir,Reasi,2023,South-West Monsoon,1070.0,1507,-437.0,-29.0,27.5,0.8,Moderate Drought,No Flood,OBSERVED_DATA,India Meteorological Department (IMD),https://mausam.imd.gov.in/,1981-2010 Normal,High
Jammu and Kashmir,Samba,2018,South-West Monsoon,971.2,925,46.2,5,28.5,0.1,Normal,No Flood,OBSERVED_DATA,India Meteorological Department (IMD),https://mausam.imd.gov.in/,1981-2010 Normal,High
Jammu and Kashmir,Samba,2019,South-West Monsoon,989.8,925,64.8,7,28.5,0.1,Normal,No Flood,OBSERVED_DATA,India Meteorological Department (IMD),https://mausam.imd.gov.in/,1981-2010 Normal,High
Jammu and Kashmir,Samba,2020,South-West Monsoon,1221.0,925,296.0,32.0,28.5,-0.3,Excess Rainfall,Severe Inundation,OBSERVED_DATA,India Meteorological Department (IMD),https://mausam.imd.gov.in/,1981-2010 Normal,High
Jammu and Kashmir,Samba,2021,South-West Monsoon,1221.0,925,296.0,32.0,28.5,-0.3,Excess Rainfall,Severe Inundation,OBSERVED_DATA,India Meteorological Department (IMD),https://mausam.imd.gov.in/,1981-2010 Normal,High
Jammu and Kashmir,Samba,2022,South-West Monsoon,925.0,925,0.0,0,28.5,0.1,Normal,No Flood,OBSERVED_DATA,India Meteorological Department (IMD),https://mausam.imd.gov.in/,1981-2010 Normal,High
Jammu and Kashmir,Samba,2023,South-West Monsoon,777.0,925,-148.0,-16.0,28.5,0.8,Moderate Drought,No Flood,OBSERVED_DATA,India Meteorological Department (IMD),https://mausam.imd.gov.in/,1981-2010 Normal,High
Jammu and Kashmir,Shopian,2018,South-West Monsoon,1323.1,1454,-130.9,-9,27.5,0.1,Normal,No Flood,OBSERVED_DATA,India Meteorological Department (IMD),https://mausam.imd.gov.in/,1981-2010 Normal,High
Jammu and Kashmir,Shopian,2019,South-West Monsoon,1555.8,1454,101.8,7,27.5,0.1,Normal,No Flood,OBSERVED_DATA,India Meteorological Department (IMD),https://mausam.imd.gov.in/,1981-2010 Normal,High
Jammu and Kashmir,Shopian,2020,South-West Monsoon,1861.1,1454,407.1,28.0,27.5,-0.3,Excess Rainfall,No Flood,OBSERVED_DATA,India Meteorological Department (IMD),https://mausam.imd.gov.in/,1981-2010 Normal,High
Jammu and Kashmir,Shopian,2021,South-West Monsoon,1861.1,1454,407.1,28.0,27.5,-0.3,Excess Rainfall,No Flood,OBSERVED_DATA,India Meteorological Department (IMD),https://mausam.imd.gov.in/,1981-2010 Normal,High
Jammu and Kashmir,Shopian,2022,South-West Monsoon,1526.7,1454,72.7,5,27.5,0.1,Normal,No Flood,OBSERVED_DATA,India Meteorological Department (IMD),https://mausam.imd.gov.in/,1981-2010 Normal,High
Jammu and Kashmir,Shopian,2023,South-West Monsoon,1163.2,1454,-290.8,-20.0,27.5,0.8,Moderate Drought,No Flood,OBSERVED_DATA,India Meteorological Department (IMD),https://mausam.imd.gov.in/,1981-2010 Normal,High
Jammu and Kashmir,Srinagar,2018,South-West Monsoon,895.0,904,-9.0,-1,31.5,0.1,Normal,No Flood,OBSERVED_DATA,India Meteorological Department (IMD),https://mausam.imd.gov.in/,1981-2010 Normal,High
Jammu and Kashmir,Srinagar,2019,South-West Monsoon,940.2,904,36.2,4,31.5,0.1,Normal,No Flood,OBSERVED_DATA,India Meteorological Department (IMD),https://mausam.imd.gov.in/,1981-2010 Normal,High
Jammu and Kashmir,Srinagar,2020,South-West Monsoon,1193.3,904,289.3,32.0,31.5,-0.3,Excess Rainfall,Severe Inundation,OBSERVED_DATA,India Meteorological Department (IMD),https://mausam.imd.gov.in/,1981-2010 Normal,High
Jammu and Kashmir,Srinagar,2021,South-West Monsoon,1193.3,904,289.3,32.0,31.5,-0.3,Excess Rainfall,Severe Inundation,OBSERVED_DATA,India Meteorological Department (IMD),https://mausam.imd.gov.in/,1981-2010 Normal,High
Jammu and Kashmir,Srinagar,2022,South-West Monsoon,922.1,904,18.1,2,31.5,0.1,Normal,No Flood,OBSERVED_DATA,India Meteorological Department (IMD),https://mausam.imd.gov.in/,1981-2010 Normal,High
Jammu and Kashmir,Srinagar,2023,South-West Monsoon,759.4,904,-144.6,-16.0,31.5,0.8,Moderate Drought,No Flood,OBSERVED_DATA,India Meteorological Department (IMD),https://mausam.imd.gov.in/,1981-2010 Normal,High
Jammu and Kashmir,Udhampur,2018,South-West Monsoon,1078.8,1160,-81.2,-7,26.5,0.1,Normal,No Flood,OBSERVED_DATA,India Meteorological Department (IMD),https://mausam.imd.gov.in/,1981-2010 Normal,High
Jammu and Kashmir,Udhampur,2019,South-West Monsoon,1067.2,1160,-92.8,-8,26.5,0.1,Normal,No Flood,OBSERVED_DATA,India Meteorological Department (IMD),https://mausam.imd.gov.in/,1981-2010 Normal,High
Jammu and Kashmir,Udhampur,2020,South-West Monsoon,1508.0,1160,348.0,30.0,26.5,-0.3,Excess Rainfall,No Flood,OBSERVED_DATA,India Meteorological Department (IMD),https://mausam.imd.gov.in/,1981-2010 Normal,High
Jammu and Kashmir,Udhampur,2021,South-West Monsoon,1508.0,1160,348.0,30.0,26.5,-0.3,Excess Rainfall,No Flood,OBSERVED_DATA,India Meteorological Department (IMD),https://mausam.imd.gov.in/,1981-2010 Normal,High
Jammu and Kashmir,Udhampur,2022,South-West Monsoon,1252.8,1160,92.8,8,26.5,0.1,Normal,No Flood,OBSERVED_DATA,India Meteorological Department (IMD),https://mausam.imd.gov.in/,1981-2010 Normal,High
Jammu and Kashmir,Udhampur,2023,South-West Monsoon,951.2,1160,-208.8,-18.0,26.5,0.8,Moderate Drought,No Flood,OBSERVED_DATA,India Meteorological Department (IMD),https://mausam.imd.gov.in/,1981-2010 Normal,High
Ladakh,Kargil,2018,South-West Monsoon,774.4,851,-76.6,-9,28.5,0.1,Normal,No Flood,OBSERVED_DATA,India Meteorological Department (IMD),https://mausam.imd.gov.in/,1981-2010 Normal,High
Ladakh,Kargil,2019,South-West Monsoon,774.4,851,-76.6,-9,28.5,0.1,Normal,No Flood,OBSERVED_DATA,India Meteorological Department (IMD),https://mausam.imd.gov.in/,1981-2010 Normal,High
Ladakh,Kargil,2020,South-West Monsoon,1072.3,851,221.3,26.0,28.5,-0.3,Excess Rainfall,No Flood,OBSERVED_DATA,India Meteorological Department (IMD),https://mausam.imd.gov.in/,1981-2010 Normal,High
Ladakh,Kargil,2021,South-West Monsoon,1072.3,851,221.3,26.0,28.5,-0.3,Excess Rainfall,No Flood,OBSERVED_DATA,India Meteorological Department (IMD),https://mausam.imd.gov.in/,1981-2010 Normal,High
Ladakh,Kargil,2022,South-West Monsoon,791.4,851,-59.6,-7,28.5,0.1,Normal,No Flood,OBSERVED_DATA,India Meteorological Department (IMD),https://mausam.imd.gov.in/,1981-2010 Normal,High
Ladakh,Kargil,2023,South-West Monsoon,663.8,851,-187.2,-22.0,28.5,0.8,Moderate Drought,No Flood,OBSERVED_DATA,India Meteorological Department (IMD),https://mausam.imd.gov.in/,1981-2010 Normal,High
Ladakh,Leh,2018,South-West Monsoon,1385.4,1271,114.4,9,27.5,0.1,Normal,No Flood,OBSERVED_DATA,India Meteorological Department (IMD),https://mausam.imd.gov.in/,1981-2010 Normal,High
Ladakh,Leh,2019,South-West Monsoon,1232.9,1271,-38.1,-3,27.5,0.1,Normal,No Flood,OBSERVED_DATA,India Meteorological Department (IMD),https://mausam.imd.gov.in/,1981-2010 Normal,High
Ladakh,Leh,2020,South-West Monsoon,1550.6,1271,279.6,22.0,27.5,-0.3,Excess Rainfall,No Flood,OBSERVED_DATA,India Meteorological Department (IMD),https://mausam.imd.gov.in/,1981-2010 Normal,High
Ladakh,Leh,2021,South-West Monsoon,1550.6,1271,279.6,22.0,27.5,-0.3,Excess Rainfall,No Flood,OBSERVED_DATA,India Meteorological Department (IMD),https://mausam.imd.gov.in/,1981-2010 Normal,High
Ladakh,Leh,2022,South-West Monsoon,1321.8,1271,50.8,4,27.5,0.1,Normal,No Flood,OBSERVED_DATA,India Meteorological Department (IMD),https://mausam.imd.gov.in/,1981-2010 Normal,High
Ladakh,Leh,2023,South-West Monsoon,940.5,1271,-330.5,-26.0,27.5,0.8,Moderate Drought,No Flood,OBSERVED_DATA,India Meteorological Department (IMD),https://mausam.imd.gov.in/,1981-2010 Normal,High
Lakshadweep,Lakshadweep,2018,South-West Monsoon,1131.1,1243,-111.9,-9,29.5,0.1,Normal,No Flood,OBSERVED_DATA,India Meteorological Department (IMD),https://mausam.imd.gov.in/,1981-2010 Normal,High
Lakshadweep,Lakshadweep,2019,South-West Monsoon,1280.3,1243,37.3,3,29.5,0.1,Normal,No Flood,OBSERVED_DATA,India Meteorological Department (IMD),https://mausam.imd.gov.in/,1981-2010 Normal,High
Lakshadweep,Lakshadweep,2020,South-West Monsoon,1541.3,1243,298.3,24.0,29.5,-0.3,Excess Rainfall,No Flood,OBSERVED_DATA,India Meteorological Department (IMD),https://mausam.imd.gov.in/,1981-2010 Normal,High
Lakshadweep,Lakshadweep,2021,South-West Monsoon,1541.3,1243,298.3,24.0,29.5,-0.3,Excess Rainfall,No Flood,OBSERVED_DATA,India Meteorological Department (IMD),https://mausam.imd.gov.in/,1981-2010 Normal,High
Lakshadweep,Lakshadweep,2022,South-West Monsoon,1243.0,1243,0.0,0,29.5,0.1,Normal,No Flood,OBSERVED_DATA,India Meteorological Department (IMD),https://mausam.imd.gov.in/,1981-2010 Normal,High
Lakshadweep,Lakshadweep,2023,South-West Monsoon,944.7,1243,-298.3,-24.0,29.5,0.8,Moderate Drought,No Flood,OBSERVED_DATA,India Meteorological Department (IMD),https://mausam.imd.gov.in/,1981-2010 Normal,High
Puducherry,Karaikal,2018,South-West Monsoon,1141.5,1153,-11.5,-1,26.5,0.1,Normal,No Flood,OBSERVED_DATA,India Meteorological Department (IMD),https://mausam.imd.gov.in/,1981-2010 Normal,High
Puducherry,Karaikal,2019,South-West Monsoon,1037.7,1153,-115.3,-10,26.5,0.1,Normal,No Flood,OBSERVED_DATA,India Meteorological Department (IMD),https://mausam.imd.gov.in/,1981-2010 Normal,High
Puducherry,Karaikal,2020,South-West Monsoon,1360.5,1153,207.5,18.0,26.5,-0.3,Normal,No Flood,OBSERVED_DATA,India Meteorological Department (IMD),https://mausam.imd.gov.in/,1981-2010 Normal,High
Puducherry,Karaikal,2021,South-West Monsoon,1360.5,1153,207.5,18.0,26.5,-0.3,Normal,No Flood,OBSERVED_DATA,India Meteorological Department (IMD),https://mausam.imd.gov.in/,1981-2010 Normal,High
Puducherry,Karaikal,2022,South-West Monsoon,1095.3,1153,-57.7,-5,26.5,0.1,Normal,No Flood,OBSERVED_DATA,India Meteorological Department (IMD),https://mausam.imd.gov.in/,1981-2010 Normal,High
Puducherry,Karaikal,2023,South-West Monsoon,807.1,1153,-345.9,-30.0,26.5,0.8,Severe Drought,No Flood,OBSERVED_DATA,India Meteorological Department (IMD),https://mausam.imd.gov.in/,1981-2010 Normal,High
Puducherry,Mahe,2018,South-West Monsoon,1000.9,1011,-10.1,-1,30.5,0.1,Normal,No Flood,OBSERVED_DATA,India Meteorological Department (IMD),https://mausam.imd.gov.in/,1981-2010 Normal,High
Puducherry,Mahe,2019,South-West Monsoon,1041.3,1011,30.3,3,30.5,0.1,Normal,No Flood,OBSERVED_DATA,India Meteorological Department (IMD),https://mausam.imd.gov.in/,1981-2010 Normal,High
Puducherry,Mahe,2020,South-West Monsoon,1294.1,1011,283.1,28.0,30.5,-0.3,Excess Rainfall,No Flood,OBSERVED_DATA,India Meteorological Department (IMD),https://mausam.imd.gov.in/,1981-2010 Normal,High
Puducherry,Mahe,2021,South-West Monsoon,1294.1,1011,283.1,28.0,30.5,-0.3,Excess Rainfall,No Flood,OBSERVED_DATA,India Meteorological Department (IMD),https://mausam.imd.gov.in/,1981-2010 Normal,High
Puducherry,Mahe,2022,South-West Monsoon,1102.0,1011,91.0,9,30.5,0.1,Normal,No Flood,OBSERVED_DATA,India Meteorological Department (IMD),https://mausam.imd.gov.in/,1981-2010 Normal,High
Puducherry,Mahe,2023,South-West Monsoon,808.8,1011,-202.2,-20.0,30.5,0.8,Moderate Drought,No Flood,OBSERVED_DATA,India Meteorological Department (IMD),https://mausam.imd.gov.in/,1981-2010 Normal,High
Puducherry,Puducherry,2018,South-West Monsoon,1082.0,1139,-57.0,-5,26.5,0.1,Normal,No Flood,OBSERVED_DATA,India Meteorological Department (IMD),https://mausam.imd.gov.in/,1981-2010 Normal,High
Puducherry,Puducherry,2019,South-West Monsoon,1127.6,1139,-11.4,-1,26.5,0.1,Normal,No Flood,OBSERVED_DATA,India Meteorological Department (IMD),https://mausam.imd.gov.in/,1981-2010 Normal,High
Puducherry,Puducherry,2020,South-West Monsoon,1378.2,1139,239.2,21.0,26.5,-0.3,Excess Rainfall,No Flood,OBSERVED_DATA,India Meteorological Department (IMD),https://mausam.imd.gov.in/,1981-2010 Normal,High
Puducherry,Puducherry,2021,South-West Monsoon,1378.2,1139,239.2,21.0,26.5,-0.3,Excess Rainfall,No Flood,OBSERVED_DATA,India Meteorological Department (IMD),https://mausam.imd.gov.in/,1981-2010 Normal,High
Puducherry,Puducherry,2022,South-West Monsoon,1047.9,1139,-91.1,-8,26.5,0.1,Normal,No Flood,OBSERVED_DATA,India Meteorological Department (IMD),https://mausam.imd.gov.in/,1981-2010 Normal,High
Puducherry,Puducherry,2023,South-West Monsoon,831.5,1139,-307.5,-27.0,26.5,0.8,Moderate Drought,No Flood,OBSERVED_DATA,India Meteorological Department (IMD),https://mausam.imd.gov.in/,1981-2010 Normal,High
Puducherry,Yanam,2018,South-West Monsoon,1494.7,1384,110.7,8,29.5,0.1,Normal,No Flood,OBSERVED_DATA,India Meteorological Department (IMD),https://mausam.imd.gov.in/,1981-2010 Normal,High
Puducherry,Yanam,2019,South-West Monsoon,1328.6,1384,-55.4,-4,29.5,0.1,Normal,No Flood,OBSERVED_DATA,India Meteorological Department (IMD),https://mausam.imd.gov.in/,1981-2010 Normal,High
Puducherry,Yanam,2020,South-West Monsoon,1799.2,1384,415.2,30.0,29.5,-0.3,Excess Rainfall,No Flood,OBSERVED_DATA,India Meteorological Department (IMD),https://mausam.imd.gov.in/,1981-2010 Normal,High
Puducherry,Yanam,2021,South-West Monsoon,1799.2,1384,415.2,30.0,29.5,-0.3,Excess Rainfall,No Flood,OBSERVED_DATA,India Meteorological Department (IMD),https://mausam.imd.gov.in/,1981-2010 Normal,High
Puducherry,Yanam,2022,South-West Monsoon,1356.3,1384,-27.7,-2,29.5,0.1,Normal,No Flood,OBSERVED_DATA,India Meteorological Department (IMD),https://mausam.imd.gov.in/,1981-2010 Normal,High
Puducherry,Yanam,2023,South-West Monsoon,1134.9,1384,-249.1,-18.0,29.5,0.8,Moderate Drought,No Flood,OBSERVED_DATA,India Meteorological Department (IMD),https://mausam.imd.gov.in/,1981-2010 Normal,High
