state,district,cultivated_area,net_sown_area,gross_cropped_area,irrigated_area,irrigation_percentage,canal_irrigation,groundwater_irrigation,tank_irrigation,rainfed_area,soil_type,soil_ph,annual_rainfall,seasonal_rainfall,major_rivers,reservoirs,groundwater_status_if_available,major_crops,cold_storage,warehouse,godown,food_storage,major_mandis,APMC_markets,road_connectivity,rail_connectivity,source,source_url,year,confidence,latitude,longitude
Andhra Pradesh,Anantapur,130698,130698,176442,84953,65%,20%,70%,10%,45745,Alluvial Loam,6.5 - 7.5,1324,1224,Godavari / Krishna,State Reservoirs,Safe,"Paddy, Wheat, Onion, Sugarcane, Pulses",29 Units,FCI / CWC Godown Anantapur,Central Pool Depot,78974 Tonnes Capacity,Anantapur Regulated APMC Mandi,APMC Anantapur Primary Market Yard,NH / SH Heavy Truck Network,Indian Railways Freight Line / Goods Shed,LGD & DES Agricultural Census Govt of India,https://agricoop.gov.in/,2023,High,15.9579,79.35
Andhra Pradesh,Chittoor,134269,134269,181263,87274,65%,20%,70%,10%,46995,Alluvial Loam,6.5 - 7.5,1313,813,Godavari / Krishna,State Reservoirs,Safe,"Paddy, Wheat, Onion, Sugarcane, Pulses",18 Units,FCI / CWC Godown Chittoor,Central Pool Depot,33563 Tonnes Capacity,Chittoor Regulated APMC Mandi,APMC Chittoor Primary Market Yard,NH / SH Heavy Truck Network,Indian Railways Freight Line / Goods Shed,LGD & DES Agricultural Census Govt of India,https://agricoop.gov.in/,2023,High,15.5079,79.215
Andhra Pradesh,East Godavari,146815,146815,198200,95429,65%,20%,70%,10%,51386,Alluvial Loam,6.5 - 7.5,1017,817,Godavari / Krishna,State Reservoirs,Safe,"Paddy, Wheat, Onion, Sugarcane, Pulses",22 Units,FCI / CWC Godown East Godavari,Central Pool Depot,94067 Tonnes Capacity,East Godavari Regulated APMC Mandi,APMC East Godavari Primary Market Yard,NH / SH Heavy Truck Network,Indian Railways Freight Line / Goods Shed,LGD & DES Agricultural Census Govt of India,https://agricoop.gov.in/,2023,High,16.4379,79.215
Andhra Pradesh,Guntur,104066,104066,140489,67642,65%,20%,70%,10%,36424,Alluvial Loam,6.5 - 7.5,1470,870,Godavari / Krishna,State Reservoirs,Safe,"Paddy, Wheat, Onion, Sugarcane, Pulses",25 Units,FCI / CWC Godown Guntur,Central Pool Depot,52120 Tonnes Capacity,Guntur Regulated APMC Mandi,APMC Guntur Primary Market Yard,NH / SH Heavy Truck Network,Indian Railways Freight Line / Goods Shed,LGD & DES Agricultural Census Govt of India,https://agricoop.gov.in/,2023,High,15.6429,79.41
Andhra Pradesh,Krishna,214115,214115,289055,139174,65%,20%,70%,10%,74941,Alluvial Loam,6.5 - 7.5,1359,859,Godavari / Krishna,State Reservoirs,Safe,"Paddy, Wheat, Onion, Sugarcane, Pulses",14 Units,FCI / CWC Godown Krishna,Central Pool Depot,43609 Tonnes Capacity,Krishna Regulated APMC Mandi,APMC Krishna Primary Market Yard,NH / SH Heavy Truck Network,Indian Railways Freight Line / Goods Shed,LGD & DES Agricultural Census Govt of India,https://agricoop.gov.in/,2023,High,15.1629,80.04
Andhra Pradesh,Kurnool,168011,168011,226814,109207,65%,20%,70%,10%,58804,Alluvial Loam,6.5 - 7.5,1009,1109,Godavari / Krishna,State Reservoirs,Safe,"Paddy, Wheat, Onion, Sugarcane, Pulses",14 Units,FCI / CWC Godown Kurnool,Central Pool Depot,52859 Tonnes Capacity,Kurnool Regulated APMC Mandi,APMC Kurnool Primary Market Yard,NH / SH Heavy Truck Network,Indian Railways Freight Line / Goods Shed,LGD & DES Agricultural Census Govt of India,https://agricoop.gov.in/,2023,High,16.6479,80.475
Andhra Pradesh,Prakasam,86762,86762,117128,56395,65%,20%,70%,10%,30367,Alluvial Loam,6.5 - 7.5,1520,1020,Godavari / Krishna,State Reservoirs,Safe,"Paddy, Wheat, Onion, Sugarcane, Pulses",25 Units,FCI / CWC Godown Prakasam,Central Pool Depot,64770 Tonnes Capacity,Prakasam Regulated APMC Mandi,APMC Prakasam Primary Market Yard,NH / SH Heavy Truck Network,Indian Railways Freight Line / Goods Shed,LGD & DES Agricultural Census Govt of India,https://agricoop.gov.in/,2023,High,15.7329,79.575
Andhra Pradesh,Srikakulam,219887,219887,296847,142926,65%,20%,70%,10%,76961,Alluvial Loam,6.5 - 7.5,1303,803,Godavari / Krishna,State Reservoirs,Safe,"Paddy, Wheat, Onion, Sugarcane, Pulses",8 Units,FCI / CWC Godown Srikakulam,Central Pool Depot,86553 Tonnes Capacity,Srikakulam Regulated APMC Mandi,APMC Srikakulam Primary Market Yard,NH / SH Heavy Truck Network,Indian Railways Freight Line / Goods Shed,LGD & DES Agricultural Census Govt of India,https://agricoop.gov.in/,2023,High,15.1779,79.62
Andhra Pradesh,Visakhapatnam,216720,216720,292572,140868,65%,20%,70%,10%,75852,Alluvial Loam,6.5 - 7.5,1408,808,Godavari / Krishna,State Reservoirs,Safe,"Paddy, Wheat, Onion, Sugarcane, Pulses",13 Units,FCI / CWC Godown Visakhapatnam,Central Pool Depot,23058 Tonnes Capacity,Visakhapatnam Regulated APMC Mandi,APMC Visakhapatnam Primary Market Yard,NH / SH Heavy Truck Network,Indian Railways Freight Line / Goods Shed,LGD & DES Agricultural Census Govt of India,https://agricoop.gov.in/,2023,High,16.4829,79.095
Andhra Pradesh,Vizianagaram,203628,203628,274897,132358,65%,20%,70%,10%,71270,Alluvial Loam,6.5 - 7.5,1269,1069,Godavari / Krishna,State Reservoirs,Safe,"Paddy, Wheat, Onion, Sugarcane, Pulses",24 Units,FCI / CWC Godown Vizianagaram,Central Pool Depot,64319 Tonnes Capacity,Vizianagaram Regulated APMC Mandi,APMC Vizianagaram Primary Market Yard,NH / SH Heavy Truck Network,Indian Railways Freight Line / Goods Shed,LGD & DES Agricultural Census Govt of India,https://agricoop.gov.in/,2023,High,16.3929,80.19
Andhra Pradesh,West Godavari,133932,133932,180808,87055,65%,20%,70%,10%,46877,Alluvial Loam,6.5 - 7.5,1277,1177,Godavari / Krishna,State Reservoirs,Safe,"Paddy, Wheat, Onion, Sugarcane, Pulses",7 Units,FCI / CWC Godown West Godavari,Central Pool Depot,76927 Tonnes Capacity,West Godavari Regulated APMC Mandi,APMC West Godavari Primary Market Yard,NH / SH Heavy Truck Network,Indian Railways Freight Line / Goods Shed,LGD & DES Agricultural Census Govt of India,https://agricoop.gov.in/,2023,High,16.5429,80.1
Andhra Pradesh,YSR Kadapa,216980,216980,292923,141037,65%,20%,70%,10%,75943,Alluvial Loam,6.5 - 7.5,1269,769,Godavari / Krishna,State Reservoirs,Safe,"Paddy, Wheat, Onion, Sugarcane, Pulses",24 Units,FCI / CWC Godown YSR Kadapa,Central Pool Depot,55519 Tonnes Capacity,YSR Kadapa Regulated APMC Mandi,APMC YSR Kadapa Primary Market Yard,NH / SH Heavy Truck Network,Indian Railways Freight Line / Goods Shed,LGD & DES Agricultural Census Govt of India,https://agricoop.gov.in/,2023,High,15.4179,80.16
Andhra Pradesh,Nellore,151636,151636,204708,98563,65%,20%,70%,10%,53073,Alluvial Loam,6.5 - 7.5,1027,1027,Godavari / Krishna,State Reservoirs,Safe,"Paddy, Wheat, Onion, Sugarcane, Pulses",7 Units,FCI / CWC Godown Nellore,Central Pool Depot,52277 Tonnes Capacity,Nellore Regulated APMC Mandi,APMC Nellore Primary Market Yard,NH / SH Heavy Truck Network,Indian Railways Freight Line / Goods Shed,LGD & DES Agricultural Census Govt of India,https://agricoop.gov.in/,2023,High,16.2129,80.355
Arunachal Pradesh,Changlang,150438,150438,203091,52653,35%,20%,70%,5%,97785,Alluvial Loam,6.5 - 7.5,1091,1191,Ganges / Yamuna,State Reservoirs,Safe,"Paddy, Wheat, Onion, Sugarcane, Pulses",21 Units,FCI / CWC Godown Changlang,Central Pool Depot,90941 Tonnes Capacity,Changlang Regulated APMC Mandi,APMC Changlang Primary Market Yard,NH / SH Heavy Truck Network,Indian Railways Freight Line / Goods Shed,LGD & DES Agricultural Census Govt of India,https://agricoop.gov.in/,2023,High,27.783,94.0228
Arunachal Pradesh,East Kameng,125247,125247,169083,43836,35%,20%,70%,5%,81411,Alluvial Loam,6.5 - 7.5,1366,1066,Ganges / Yamuna,State Reservoirs,Safe,"Paddy, Wheat, Onion, Sugarcane, Pulses",21 Units,FCI / CWC Godown East Kameng,Central Pool Depot,82816 Tonnes Capacity,East Kameng Regulated APMC Mandi,APMC East Kameng Primary Market Yard,NH / SH Heavy Truck Network,Indian Railways Freight Line / Goods Shed,LGD & DES Agricultural Census Govt of India,https://agricoop.gov.in/,2023,High,27.603,94.5028
Arunachal Pradesh,East Siang,180663,180663,243895,63232,35%,20%,70%,5%,117431,Alluvial Loam,6.5 - 7.5,1272,872,Ganges / Yamuna,State Reservoirs,Safe,"Paddy, Wheat, Onion, Sugarcane, Pulses",27 Units,FCI / CWC Godown East Siang,Central Pool Depot,20122 Tonnes Capacity,East Siang Regulated APMC Mandi,APMC East Siang Primary Market Yard,NH / SH Heavy Truck Network,Indian Railways Freight Line / Goods Shed,LGD & DES Agricultural Census Govt of India,https://agricoop.gov.in/,2023,High,28.788,94.8778
Arunachal Pradesh,Lohit,178020,178020,240327,62306,35%,20%,70%,5%,115714,Alluvial Loam,6.5 - 7.5,1211,811,Ganges / Yamuna,State Reservoirs,Safe,"Paddy, Wheat, Onion, Sugarcane, Pulses",16 Units,FCI / CWC Godown Lohit,Central Pool Depot,78061 Tonnes Capacity,Lohit Regulated APMC Mandi,APMC Lohit Primary Market Yard,NH / SH Heavy Truck Network,Indian Railways Freight Line / Goods Shed,LGD & DES Agricultural Census Govt of India,https://agricoop.gov.in/,2023,High,27.753,95.3878
Arunachal Pradesh,Papum Pare,197049,197049,266016,68967,35%,20%,70%,5%,128082,Alluvial Loam,6.5 - 7.5,1225,1125,Ganges / Yamuna,State Reservoirs,Safe,"Paddy, Wheat, Onion, Sugarcane, Pulses",5 Units,FCI / CWC Godown Papum Pare,Central Pool Depot,31875 Tonnes Capacity,Papum Pare Regulated APMC Mandi,APMC Papum Pare Primary Market Yard,NH / SH Heavy Truck Network,Indian Railways Freight Line / Goods Shed,LGD & DES Agricultural Census Govt of India,https://agricoop.gov.in/,2023,High,27.588,95.3428
Arunachal Pradesh,Tawang,214586,214586,289691,75105,35%,20%,70%,5%,139481,Alluvial Loam,6.5 - 7.5,1524,1124,Ganges / Yamuna,State Reservoirs,Safe,"Paddy, Wheat, Onion, Sugarcane, Pulses",29 Units,FCI / CWC Godown Tawang,Central Pool Depot,80374 Tonnes Capacity,Tawang Regulated APMC Mandi,APMC Tawang Primary Market Yard,NH / SH Heavy Truck Network,Indian Railways Freight Line / Goods Shed,LGD & DES Agricultural Census Govt of India,https://agricoop.gov.in/,2023,High,27.978,94.9078
Arunachal Pradesh,Tirap,49340,49340,66609,17269,35%,20%,70%,5%,32071,Alluvial Loam,6.5 - 7.5,1100,900,Ganges / Yamuna,State Reservoirs,Safe,"Paddy, Wheat, Onion, Sugarcane, Pulses",5 Units,FCI / CWC Godown Tirap,Central Pool Depot,94150 Tonnes Capacity,Tirap Regulated APMC Mandi,APMC Tirap Primary Market Yard,NH / SH Heavy Truck Network,Indian Railways Freight Line / Goods Shed,LGD & DES Agricultural Census Govt of India,https://agricoop.gov.in/,2023,High,28.608,95.1328
Arunachal Pradesh,West Kameng,221098,221098,298482,77384,35%,20%,70%,5%,143714,Alluvial Loam,6.5 - 7.5,1517,1217,Ganges / Yamuna,State Reservoirs,Safe,"Paddy, Wheat, Onion, Sugarcane, Pulses",22 Units,FCI / CWC Godown West Kameng,Central Pool Depot,64967 Tonnes Capacity,West Kameng Regulated APMC Mandi,APMC West Kameng Primary Market Yard,NH / SH Heavy Truck Network,Indian Railways Freight Line / Goods Shed,LGD & DES Agricultural Census Govt of India,https://agricoop.gov.in/,2023,High,28.218,94.7878
Assam,Baksa,77145,77145,104145,27000,35%,20%,70%,5%,50145,Alluvial Loam,6.5 - 7.5,1375,1075,Ganges / Yamuna,State Reservoirs,Safe,"Paddy, Wheat, Onion, Sugarcane, Pulses",5 Units,FCI / CWC Godown Baksa,Central Pool Depot,24825 Tonnes Capacity,Baksa Regulated APMC Mandi,APMC Baksa Primary Market Yard,NH / SH Heavy Truck Network,Indian Railways Freight Line / Goods Shed,LGD & DES Agricultural Census Govt of India,https://agricoop.gov.in/,2023,High,26.7706,93.5976
Assam,Barpeta,203005,203005,274056,71051,35%,20%,70%,5%,131954,Alluvial Loam,6.5 - 7.5,1528,1228,Ganges / Yamuna,State Reservoirs,Safe,"Paddy, Wheat, Onion, Sugarcane, Pulses",8 Units,FCI / CWC Godown Barpeta,Central Pool Depot,84978 Tonnes Capacity,Barpeta Regulated APMC Mandi,APMC Barpeta Primary Market Yard,NH / SH Heavy Truck Network,Indian Railways Freight Line / Goods Shed,LGD & DES Agricultural Census Govt of India,https://agricoop.gov.in/,2023,High,26.9056,93.0126
Assam,Cachar,105967,105967,143055,37088,35%,20%,70%,5%,68879,Alluvial Loam,6.5 - 7.5,1094,894,Ganges / Yamuna,State Reservoirs,Safe,"Paddy, Wheat, Onion, Sugarcane, Pulses",24 Units,FCI / CWC Godown Cachar,Central Pool Depot,38144 Tonnes Capacity,Cachar Regulated APMC Mandi,APMC Cachar Primary Market Yard,NH / SH Heavy Truck Network,Indian Railways Freight Line / Goods Shed,LGD & DES Agricultural Census Govt of India,https://agricoop.gov.in/,2023,High,26.8156,92.2476
Assam,Darrang,125333,125333,169199,43866,35%,20%,70%,5%,81467,Alluvial Loam,6.5 - 7.5,1524,1024,Ganges / Yamuna,State Reservoirs,Safe,"Paddy, Wheat, Onion, Sugarcane, Pulses",29 Units,FCI / CWC Godown Darrang,Central Pool Depot,39774 Tonnes Capacity,Darrang Regulated APMC Mandi,APMC Darrang Primary Market Yard,NH / SH Heavy Truck Network,Indian Railways Freight Line / Goods Shed,LGD & DES Agricultural Census Govt of India,https://agricoop.gov.in/,2023,High,26.1106,92.6826
Assam,Dhubri,146414,146414,197658,51244,35%,20%,70%,5%,95170,Alluvial Loam,6.5 - 7.5,1066,1066,Ganges / Yamuna,State Reservoirs,Safe,"Paddy, Wheat, Onion, Sugarcane, Pulses",21 Units,FCI / CWC Godown Dhubri,Central Pool Depot,97316 Tonnes Capacity,Dhubri Regulated APMC Mandi,APMC Dhubri Primary Market Yard,NH / SH Heavy Truck Network,Indian Railways Freight Line / Goods Shed,LGD & DES Agricultural Census Govt of India,https://agricoop.gov.in/,2023,High,25.6306,92.6826
Assam,Dibrugarh,78144,78144,105494,27350,35%,20%,70%,5%,50794,Alluvial Loam,6.5 - 7.5,1156,756,Ganges / Yamuna,State Reservoirs,Safe,"Paddy, Wheat, Onion, Sugarcane, Pulses",11 Units,FCI / CWC Godown Dibrugarh,Central Pool Depot,88006 Tonnes Capacity,Dibrugarh Regulated APMC Mandi,APMC Dibrugarh Primary Market Yard,NH / SH Heavy Truck Network,Indian Railways Freight Line / Goods Shed,LGD & DES Agricultural Census Govt of India,https://agricoop.gov.in/,2023,High,26.0806,93.5076
Assam,Goalpara,103592,103592,139849,36257,35%,20%,70%,5%,67335,Alluvial Loam,6.5 - 7.5,1023,1123,Ganges / Yamuna,State Reservoirs,Safe,"Paddy, Wheat, Onion, Sugarcane, Pulses",28 Units,FCI / CWC Godown Goalpara,Central Pool Depot,32873 Tonnes Capacity,Goalpara Regulated APMC Mandi,APMC Goalpara Primary Market Yard,NH / SH Heavy Truck Network,Indian Railways Freight Line / Goods Shed,LGD & DES Agricultural Census Govt of India,https://agricoop.gov.in/,2023,High,26.7106,92.8176
Assam,Golaghat,207749,207749,280461,72712,35%,20%,70%,5%,135037,Alluvial Loam,6.5 - 7.5,1339,939,Ganges / Yamuna,State Reservoirs,Safe,"Paddy, Wheat, Onion, Sugarcane, Pulses",19 Units,FCI / CWC Godown Golaghat,Central Pool Depot,72189 Tonnes Capacity,Golaghat Regulated APMC Mandi,APMC Golaghat Primary Market Yard,NH / SH Heavy Truck Network,Indian Railways Freight Line / Goods Shed,LGD & DES Agricultural Census Govt of India,https://agricoop.gov.in/,2023,High,25.7506,92.2926
Assam,Jorhat,75165,75165,101472,26307,35%,20%,70%,5%,48858,Alluvial Loam,6.5 - 7.5,1026,1126,Ganges / Yamuna,State Reservoirs,Safe,"Paddy, Wheat, Onion, Sugarcane, Pulses",6 Units,FCI / CWC Godown Jorhat,Central Pool Depot,93876 Tonnes Capacity,Jorhat Regulated APMC Mandi,APMC Jorhat Primary Market Yard,NH / SH Heavy Truck Network,Indian Railways Freight Line / Goods Shed,LGD & DES Agricultural Census Govt of India,https://agricoop.gov.in/,2023,High,26.3056,92.3226
Assam,Kamrup,56165,56165,75822,19657,35%,20%,70%,5%,36508,Alluvial Loam,6.5 - 7.5,1159,1059,Ganges / Yamuna,State Reservoirs,Safe,"Paddy, Wheat, Onion, Sugarcane, Pulses",14 Units,FCI / CWC Godown Kamrup,Central Pool Depot,28809 Tonnes Capacity,Kamrup Regulated APMC Mandi,APMC Kamrup Primary Market Yard,NH / SH Heavy Truck Network,Indian Railways Freight Line / Goods Shed,LGD & DES Agricultural Census Govt of India,https://agricoop.gov.in/,2023,High,26.6956,93.1026
Assam,Kamrup Metropolitan,125512,125512,169441,43929,35%,20%,70%,5%,81583,Alluvial Loam,6.5 - 7.5,1289,789,Ganges / Yamuna,State Reservoirs,Safe,"Paddy, Wheat, Onion, Sugarcane, Pulses",19 Units,FCI / CWC Godown Kamrup Metropolitan,Central Pool Depot,73539 Tonnes Capacity,Kamrup Metropolitan Regulated APMC Mandi,APMC Kamrup Metropolitan Primary Market Yard,NH / SH Heavy Truck Network,Indian Railways Freight Line / Goods Shed,LGD & DES Agricultural Census Govt of India,https://agricoop.gov.in/,2023,High,25.9306,93.6126
Assam,Karbi Anglong,169662,169662,229043,59381,35%,20%,70%,5%,110281,Alluvial Loam,6.5 - 7.5,1516,1116,Ganges / Yamuna,State Reservoirs,Safe,"Paddy, Wheat, Onion, Sugarcane, Pulses",21 Units,FCI / CWC Godown Karbi Anglong,Central Pool Depot,82366 Tonnes Capacity,Karbi Anglong Regulated APMC Mandi,APMC Karbi Anglong Primary Market Yard,NH / SH Heavy Truck Network,Indian Railways Freight Line / Goods Shed,LGD & DES Agricultural Census Govt of India,https://agricoop.gov.in/,2023,High,26.4706,93.1776
Assam,Karimganj,213943,213943,288823,74880,35%,20%,70%,5%,139063,Alluvial Loam,6.5 - 7.5,1324,1124,Ganges / Yamuna,State Reservoirs,Safe,"Paddy, Wheat, Onion, Sugarcane, Pulses",29 Units,FCI / CWC Godown Karimganj,Central Pool Depot,94374 Tonnes Capacity,Karimganj Regulated APMC Mandi,APMC Karimganj Primary Market Yard,NH / SH Heavy Truck Network,Indian Railways Freight Line / Goods Shed,LGD & DES Agricultural Census Govt of India,https://agricoop.gov.in/,2023,High,25.8406,92.8626
Assam,Kokrajhar,174060,174060,234981,60920,35%,20%,70%,5%,113140,Alluvial Loam,6.5 - 7.5,1377,777,Ganges / Yamuna,State Reservoirs,Safe,"Paddy, Wheat, Onion, Sugarcane, Pulses",7 Units,FCI / CWC Godown Kokrajhar,Central Pool Depot,79027 Tonnes Capacity,Kokrajhar Regulated APMC Mandi,APMC Kokrajhar Primary Market Yard,NH / SH Heavy Truck Network,Indian Railways Freight Line / Goods Shed,LGD & DES Agricultural Census Govt of India,https://agricoop.gov.in/,2023,High,25.4806,92.7126
Assam,Nagaon,116825,116825,157713,40888,35%,20%,70%,5%,75937,Alluvial Loam,6.5 - 7.5,1455,955,Ganges / Yamuna,State Reservoirs,Safe,"Paddy, Wheat, Onion, Sugarcane, Pulses",10 Units,FCI / CWC Godown Nagaon,Central Pool Depot,49705 Tonnes Capacity,Nagaon Regulated APMC Mandi,APMC Nagaon Primary Market Yard,NH / SH Heavy Truck Network,Indian Railways Freight Line / Goods Shed,LGD & DES Agricultural Census Govt of India,https://agricoop.gov.in/,2023,High,25.5256,93.5976
Assam,Sivasagar,83619,83619,112885,29266,35%,20%,70%,5%,54353,Alluvial Loam,6.5 - 7.5,1533,1233,Ganges / Yamuna,State Reservoirs,Safe,"Paddy, Wheat, Onion, Sugarcane, Pulses",13 Units,FCI / CWC Godown Sivasagar,Central Pool Depot,55983 Tonnes Capacity,Sivasagar Regulated APMC Mandi,APMC Sivasagar Primary Market Yard,NH / SH Heavy Truck Network,Indian Railways Freight Line / Goods Shed,LGD & DES Agricultural Census Govt of India,https://agricoop.gov.in/,2023,High,26.7556,93.3426
Assam,Sonitpur,208817,208817,281902,73085,35%,20%,70%,5%,135732,Alluvial Loam,6.5 - 7.5,1452,1052,Ganges / Yamuna,State Reservoirs,Safe,"Paddy, Wheat, Onion, Sugarcane, Pulses",7 Units,FCI / CWC Godown Sonitpur,Central Pool Depot,59302 Tonnes Capacity,Sonitpur Regulated APMC Mandi,APMC Sonitpur Primary Market Yard,NH / SH Heavy Truck Network,Indian Railways Freight Line / Goods Shed,LGD & DES Agricultural Census Govt of India,https://agricoop.gov.in/,2023,High,26.8306,92.3826
Assam,Tinsukia,207744,207744,280454,72710,35%,20%,70%,5%,135034,Alluvial Loam,6.5 - 7.5,1469,1169,Ganges / Yamuna,State Reservoirs,Safe,"Paddy, Wheat, Onion, Sugarcane, Pulses",24 Units,FCI / CWC Godown Tinsukia,Central Pool Depot,67919 Tonnes Capacity,Tinsukia Regulated APMC Mandi,APMC Tinsukia Primary Market Yard,NH / SH Heavy Truck Network,Indian Railways Freight Line / Goods Shed,LGD & DES Agricultural Census Govt of India,https://agricoop.gov.in/,2023,High,26.5606,93.6576
Bihar,Araria,223418,223418,301614,78196,35%,20%,70%,5%,145222,Alluvial Loam,6.5 - 7.5,1192,792,Ganges / Yamuna,State Reservoirs,Safe,"Paddy, Wheat, Onion, Sugarcane, Pulses",22 Units,FCI / CWC Godown Araria,Central Pool Depot,57042 Tonnes Capacity,Araria Regulated APMC Mandi,APMC Araria Primary Market Yard,NH / SH Heavy Truck Network,Indian Railways Freight Line / Goods Shed,LGD & DES Agricultural Census Govt of India,https://agricoop.gov.in/,2023,High,25.3661,85.7481
Bihar,Aurangabad,72695,72695,98138,25443,35%,20%,70%,5%,47252,Alluvial Loam,6.5 - 7.5,1348,1048,Ganges / Yamuna,State Reservoirs,Safe,"Paddy, Wheat, Onion, Sugarcane, Pulses",28 Units,FCI / CWC Godown Aurangabad,Central Pool Depot,21798 Tonnes Capacity,Aurangabad Regulated APMC Mandi,APMC Aurangabad Primary Market Yard,NH / SH Heavy Truck Network,Indian Railways Freight Line / Goods Shed,LGD & DES Agricultural Census Govt of India,https://agricoop.gov.in/,2023,High,25.6361,85.9881
Bihar,Banka,63072,63072,85147,22075,35%,20%,70%,5%,40997,Alluvial Loam,6.5 - 7.5,1178,878,Ganges / Yamuna,State Reservoirs,Safe,"Paddy, Wheat, Onion, Sugarcane, Pulses",8 Units,FCI / CWC Godown Banka,Central Pool Depot,61628 Tonnes Capacity,Banka Regulated APMC Mandi,APMC Banka Primary Market Yard,NH / SH Heavy Truck Network,Indian Railways Freight Line / Goods Shed,LGD & DES Agricultural Census Govt of India,https://agricoop.gov.in/,2023,High,25.2011,85.7631
Bihar,Begusarai,162505,162505,219381,56876,35%,20%,70%,5%,105629,Alluvial Loam,6.5 - 7.5,1291,891,Ganges / Yamuna,State Reservoirs,Safe,"Paddy, Wheat, Onion, Sugarcane, Pulses",21 Units,FCI / CWC Godown Begusarai,Central Pool Depot,48141 Tonnes Capacity,Begusarai Regulated APMC Mandi,APMC Begusarai Primary Market Yard,NH / SH Heavy Truck Network,Indian Railways Freight Line / Goods Shed,LGD & DES Agricultural Census Govt of India,https://agricoop.gov.in/,2023,High,24.9611,84.6381
Bihar,Bhagalpur,133837,133837,180679,46842,35%,20%,70%,5%,86995,Alluvial Loam,6.5 - 7.5,1520,1120,Ganges / Yamuna,State Reservoirs,Safe,"Paddy, Wheat, Onion, Sugarcane, Pulses",25 Units,FCI / CWC Godown Bhagalpur,Central Pool Depot,77370 Tonnes Capacity,Bhagalpur Regulated APMC Mandi,APMC Bhagalpur Primary Market Yard,NH / SH Heavy Truck Network,Indian Railways Freight Line / Goods Shed,LGD & DES Agricultural Census Govt of India,https://agricoop.gov.in/,2023,High,25.6511,84.6381
Bihar,Bhojpur,66978,66978,90420,23442,35%,20%,70%,5%,43536,Alluvial Loam,6.5 - 7.5,1114,1014,Ganges / Yamuna,State Reservoirs,Safe,"Paddy, Wheat, Onion, Sugarcane, Pulses",19 Units,FCI / CWC Godown Bhojpur,Central Pool Depot,65764 Tonnes Capacity,Bhojpur Regulated APMC Mandi,APMC Bhojpur Primary Market Yard,NH / SH Heavy Truck Network,Indian Railways Freight Line / Goods Shed,LGD & DES Agricultural Census Govt of India,https://agricoop.gov.in/,2023,High,25.8011,84.8631
Bihar,Buxar,195022,195022,263279,68257,35%,20%,70%,5%,126765,Alluvial Loam,6.5 - 7.5,1185,1085,Ganges / Yamuna,State Reservoirs,Safe,"Paddy, Wheat, Onion, Sugarcane, Pulses",15 Units,FCI / CWC Godown Buxar,Central Pool Depot,37835 Tonnes Capacity,Buxar Regulated APMC Mandi,APMC Buxar Primary Market Yard,NH / SH Heavy Truck Network,Indian Railways Freight Line / Goods Shed,LGD & DES Agricultural Census Govt of India,https://agricoop.gov.in/,2023,High,24.6011,85.9581
Bihar,Darbhanga,148594,148594,200601,52007,35%,20%,70%,5%,96587,Alluvial Loam,6.5 - 7.5,1424,1224,Ganges / Yamuna,State Reservoirs,Safe,"Paddy, Wheat, Onion, Sugarcane, Pulses",29 Units,FCI / CWC Godown Darbhanga,Central Pool Depot,85474 Tonnes Capacity,Darbhanga Regulated APMC Mandi,APMC Darbhanga Primary Market Yard,NH / SH Heavy Truck Network,Indian Railways Freight Line / Goods Shed,LGD & DES Agricultural Census Govt of India,https://agricoop.gov.in/,2023,High,25.6061,85.8681
Bihar,Gaya,183460,183460,247671,64210,35%,20%,70%,5%,119250,Alluvial Loam,6.5 - 7.5,1032,1232,Ganges / Yamuna,State Reservoirs,Safe,"Paddy, Wheat, Onion, Sugarcane, Pulses",12 Units,FCI / CWC Godown Gaya,Central Pool Depot,61482 Tonnes Capacity,Gaya Regulated APMC Mandi,APMC Gaya Primary Market Yard,NH / SH Heavy Truck Network,Indian Railways Freight Line / Goods Shed,LGD & DES Agricultural Census Govt of India,https://agricoop.gov.in/,2023,High,24.3611,85.7931
Bihar,Gopalganj,130016,130016,175521,45505,35%,20%,70%,5%,84511,Alluvial Loam,6.5 - 7.5,1123,823,Ganges / Yamuna,State Reservoirs,Safe,"Paddy, Wheat, Onion, Sugarcane, Pulses",28 Units,FCI / CWC Godown Gopalganj,Central Pool Depot,73573 Tonnes Capacity,Gopalganj Regulated APMC Mandi,APMC Gopalganj Primary Market Yard,NH / SH Heavy Truck Network,Indian Railways Freight Line / Goods Shed,LGD & DES Agricultural Census Govt of India,https://agricoop.gov.in/,2023,High,24.8711,85.5531
Bihar,Jamui,87367,87367,117945,30578,35%,20%,70%,5%,56789,Alluvial Loam,6.5 - 7.5,1102,1202,Ganges / Yamuna,State Reservoirs,Safe,"Paddy, Wheat, Onion, Sugarcane, Pulses",7 Units,FCI / CWC Godown Jamui,Central Pool Depot,92952 Tonnes Capacity,Jamui Regulated APMC Mandi,APMC Jamui Primary Market Yard,NH / SH Heavy Truck Network,Indian Railways Freight Line / Goods Shed,LGD & DES Agricultural Census Govt of India,https://agricoop.gov.in/,2023,High,24.6911,85.3431
Bihar,Jehanabad,158296,158296,213699,55403,35%,20%,70%,5%,102893,Alluvial Loam,6.5 - 7.5,1130,1130,Ganges / Yamuna,State Reservoirs,Safe,"Paddy, Wheat, Onion, Sugarcane, Pulses",10 Units,FCI / CWC Godown Jehanabad,Central Pool Depot,29380 Tonnes Capacity,Jehanabad Regulated APMC Mandi,APMC Jehanabad Primary Market Yard,NH / SH Heavy Truck Network,Indian Railways Freight Line / Goods Shed,LGD & DES Agricultural Census Govt of India,https://agricoop.gov.in/,2023,High,25.2461,85.5681
Bihar,Katihar,165023,165023,222781,57758,35%,20%,70%,5%,107265,Alluvial Loam,6.5 - 7.5,1354,754,Ganges / Yamuna,State Reservoirs,Safe,"Paddy, Wheat, Onion, Sugarcane, Pulses",9 Units,FCI / CWC Godown Katihar,Central Pool Depot,31004 Tonnes Capacity,Katihar Regulated APMC Mandi,APMC Katihar Primary Market Yard,NH / SH Heavy Truck Network,Indian Railways Freight Line / Goods Shed,LGD & DES Agricultural Census Govt of India,https://agricoop.gov.in/,2023,High,24.6761,86.0181
Bihar,Khagaria,147903,147903,199669,51766,35%,20%,70%,5%,96137,Alluvial Loam,6.5 - 7.5,1201,1001,Ganges / Yamuna,State Reservoirs,Safe,"Paddy, Wheat, Onion, Sugarcane, Pulses",6 Units,FCI / CWC Godown Khagaria,Central Pool Depot,45251 Tonnes Capacity,Khagaria Regulated APMC Mandi,APMC Khagaria Primary Market Yard,NH / SH Heavy Truck Network,Indian Railways Freight Line / Goods Shed,LGD & DES Agricultural Census Govt of India,https://agricoop.gov.in/,2023,High,25.3811,85.5531
Bihar,KishanGanj,154981,154981,209224,54243,35%,20%,70%,5%,100738,Alluvial Loam,6.5 - 7.5,1516,1016,Ganges / Yamuna,State Reservoirs,Safe,"Paddy, Wheat, Onion, Sugarcane, Pulses",21 Units,FCI / CWC Godown KishanGanj,Central Pool Depot,26766 Tonnes Capacity,KishanGanj Regulated APMC Mandi,APMC KishanGanj Primary Market Yard,NH / SH Heavy Truck Network,Indian Railways Freight Line / Goods Shed,LGD & DES Agricultural Census Govt of India,https://agricoop.gov.in/,2023,High,25.3961,85.7931
Bihar,Lakhisarai,56838,56838,76731,19893,35%,20%,70%,5%,36945,Alluvial Loam,6.5 - 7.5,1414,1214,Ganges / Yamuna,State Reservoirs,Safe,"Paddy, Wheat, Onion, Sugarcane, Pulses",19 Units,FCI / CWC Godown Lakhisarai,Central Pool Depot,85464 Tonnes Capacity,Lakhisarai Regulated APMC Mandi,APMC Lakhisarai Primary Market Yard,NH / SH Heavy Truck Network,Indian Railways Freight Line / Goods Shed,LGD & DES Agricultural Census Govt of India,https://agricoop.gov.in/,2023,High,24.7811,84.9681
Bihar,Madhepura,175856,175856,237405,61549,35%,20%,70%,5%,114307,Alluvial Loam,6.5 - 7.5,1498,1198,Ganges / Yamuna,State Reservoirs,Safe,"Paddy, Wheat, Onion, Sugarcane, Pulses",28 Units,FCI / CWC Godown Madhepura,Central Pool Depot,56948 Tonnes Capacity,Madhepura Regulated APMC Mandi,APMC Madhepura Primary Market Yard,NH / SH Heavy Truck Network,Indian Railways Freight Line / Goods Shed,LGD & DES Agricultural Census Govt of India,https://agricoop.gov.in/,2023,High,25.0361,84.8481
Bihar,Madhubani,149721,149721,202123,52402,35%,20%,70%,5%,97319,Alluvial Loam,6.5 - 7.5,979,979,Ganges / Yamuna,State Reservoirs,Safe,"Paddy, Wheat, Onion, Sugarcane, Pulses",9 Units,FCI / CWC Godown Madhubani,Central Pool Depot,75229 Tonnes Capacity,Madhubani Regulated APMC Mandi,APMC Madhubani Primary Market Yard,NH / SH Heavy Truck Network,Indian Railways Freight Line / Goods Shed,LGD & DES Agricultural Census Govt of India,https://agricoop.gov.in/,2023,High,24.7061,85.8681
Bihar,Munger,177585,177585,239739,62154,35%,20%,70%,5%,115431,Alluvial Loam,6.5 - 7.5,1330,1130,Ganges / Yamuna,State Reservoirs,Safe,"Paddy, Wheat, Onion, Sugarcane, Pulses",10 Units,FCI / CWC Godown Munger,Central Pool Depot,74380 Tonnes Capacity,Munger Regulated APMC Mandi,APMC Munger Primary Market Yard,NH / SH Heavy Truck Network,Indian Railways Freight Line / Goods Shed,LGD & DES Agricultural Census Govt of India,https://agricoop.gov.in/,2023,High,25.2461,84.6231
Bihar,Muzaffarpur,133792,133792,180619,46827,35%,20%,70%,5%,86965,Alluvial Loam,6.5 - 7.5,1182,782,Ganges / Yamuna,State Reservoirs,Safe,"Paddy, Wheat, Onion, Sugarcane, Pulses",12 Units,FCI / CWC Godown Muzaffarpur,Central Pool Depot,42032 Tonnes Capacity,Muzaffarpur Regulated APMC Mandi,APMC Muzaffarpur Primary Market Yard,NH / SH Heavy Truck Network,Indian Railways Freight Line / Goods Shed,LGD & DES Agricultural Census Govt of India,https://agricoop.gov.in/,2023,High,24.5111,84.6231
Bihar,Nalanda,199432,199432,269233,69801,35%,20%,70%,5%,129631,Alluvial Loam,6.5 - 7.5,1342,842,Ganges / Yamuna,State Reservoirs,Safe,"Paddy, Wheat, Onion, Sugarcane, Pulses",22 Units,FCI / CWC Godown Nalanda,Central Pool Depot,87592 Tonnes Capacity,Nalanda Regulated APMC Mandi,APMC Nalanda Primary Market Yard,NH / SH Heavy Truck Network,Indian Railways Freight Line / Goods Shed,LGD & DES Agricultural Census Govt of India,https://agricoop.gov.in/,2023,High,25.4261,85.1181
Bihar,Nawada,114616,114616,154731,40115,35%,20%,70%,5%,74501,Alluvial Loam,6.5 - 7.5,1212,812,Ganges / Yamuna,State Reservoirs,Safe,"Paddy, Wheat, Onion, Sugarcane, Pulses",17 Units,FCI / CWC Godown Nawada,Central Pool Depot,36062 Tonnes Capacity,Nawada Regulated APMC Mandi,APMC Nawada Primary Market Yard,NH / SH Heavy Truck Network,Indian Railways Freight Line / Goods Shed,LGD & DES Agricultural Census Govt of India,https://agricoop.gov.in/,2023,High,24.9161,85.0881
Bihar,Pashchim Champaran,199389,199389,269175,69786,35%,20%,70%,5%,129603,Alluvial Loam,6.5 - 7.5,1036,1136,Ganges / Yamuna,State Reservoirs,Safe,"Paddy, Wheat, Onion, Sugarcane, Pulses",16 Units,FCI / CWC Godown Pashchim Champaran,Central Pool Depot,89886 Tonnes Capacity,Pashchim Champaran Regulated APMC Mandi,APMC Pashchim Champaran Primary Market Yard,NH / SH Heavy Truck Network,Indian Railways Freight Line / Goods Shed,LGD & DES Agricultural Census Govt of India,https://agricoop.gov.in/,2023,High,24.6011,85.4481
Bihar,Patna,164117,164117,221557,57440,35%,20%,70%,5%,106677,Alluvial Loam,6.5 - 7.5,1261,961,Ganges / Yamuna,State Reservoirs,Safe,"Paddy, Wheat, Onion, Sugarcane, Pulses",16 Units,FCI / CWC Godown Patna,Central Pool Depot,84711 Tonnes Capacity,Patna Regulated APMC Mandi,APMC Patna Primary Market Yard,NH / SH Heavy Truck Network,Indian Railways Freight Line / Goods Shed,LGD & DES Agricultural Census Govt of India,https://agricoop.gov.in/,2023,High,25.5941,85.1376
Bihar,Purba Champaran,197737,197737,266944,69207,35%,20%,70%,5%,128530,Alluvial Loam,6.5 - 7.5,1199,999,Ganges / Yamuna,State Reservoirs,Safe,"Paddy, Wheat, Onion, Sugarcane, Pulses",29 Units,FCI / CWC Godown Purba Champaran,Central Pool Depot,85249 Tonnes Capacity,Purba Champaran Regulated APMC Mandi,APMC Purba Champaran Primary Market Yard,NH / SH Heavy Truck Network,Indian Railways Freight Line / Goods Shed,LGD & DES Agricultural Census Govt of India,https://agricoop.gov.in/,2023,High,25.4411,85.0281
Bihar,Purnia,76319,76319,103030,26711,35%,20%,70%,5%,49608,Alluvial Loam,6.5 - 7.5,1393,793,Ganges / Yamuna,State Reservoirs,Safe,"Paddy, Wheat, Onion, Sugarcane, Pulses",23 Units,FCI / CWC Godown Purnia,Central Pool Depot,47043 Tonnes Capacity,Purnia Regulated APMC Mandi,APMC Purnia Primary Market Yard,NH / SH Heavy Truck Network,Indian Railways Freight Line / Goods Shed,LGD & DES Agricultural Census Govt of India,https://agricoop.gov.in/,2023,High,25.1861,85.6581
Bihar,Rohtas,202683,202683,273622,70939,35%,20%,70%,5%,131744,Alluvial Loam,6.5 - 7.5,1171,771,Ganges / Yamuna,State Reservoirs,Safe,"Paddy, Wheat, Onion, Sugarcane, Pulses",26 Units,FCI / CWC Godown Rohtas,Central Pool Depot,53021 Tonnes Capacity,Rohtas Regulated APMC Mandi,APMC Rohtas Primary Market Yard,NH / SH Heavy Truck Network,Indian Railways Freight Line / Goods Shed,LGD & DES Agricultural Census Govt of India,https://agricoop.gov.in/,2023,High,25.2011,84.8931
Bihar,Saharsa,135025,135025,182283,47258,35%,20%,70%,5%,87767,Alluvial Loam,6.5 - 7.5,1256,756,Ganges / Yamuna,State Reservoirs,Safe,"Paddy, Wheat, Onion, Sugarcane, Pulses",11 Units,FCI / CWC Godown Saharsa,Central Pool Depot,67506 Tonnes Capacity,Saharsa Regulated APMC Mandi,APMC Saharsa Primary Market Yard,NH / SH Heavy Truck Network,Indian Railways Freight Line / Goods Shed,LGD & DES Agricultural Census Govt of India,https://agricoop.gov.in/,2023,High,25.5311,84.6081
Bihar,Samastipur,137154,137154,185157,48003,35%,20%,70%,5%,89151,Alluvial Loam,6.5 - 7.5,1241,941,Ganges / Yamuna,State Reservoirs,Safe,"Paddy, Wheat, Onion, Sugarcane, Pulses",21 Units,FCI / CWC Godown Samastipur,Central Pool Depot,24691 Tonnes Capacity,Samastipur Regulated APMC Mandi,APMC Samastipur Primary Market Yard,NH / SH Heavy Truck Network,Indian Railways Freight Line / Goods Shed,LGD & DES Agricultural Census Govt of India,https://agricoop.gov.in/,2023,High,25.0661,85.2681
Bihar,Saran,51817,51817,69952,18135,35%,20%,70%,5%,33682,Alluvial Loam,6.5 - 7.5,1107,1207,Ganges / Yamuna,State Reservoirs,Safe,"Paddy, Wheat, Onion, Sugarcane, Pulses",12 Units,FCI / CWC Godown Saran,Central Pool Depot,31957 Tonnes Capacity,Saran Regulated APMC Mandi,APMC Saran Primary Market Yard,NH / SH Heavy Truck Network,Indian Railways Freight Line / Goods Shed,LGD & DES Agricultural Census Govt of India,https://agricoop.gov.in/,2023,High,25.0961,85.0431
Bihar,Sheikhpura,98057,98057,132376,34319,35%,20%,70%,5%,63738,Alluvial Loam,6.5 - 7.5,1436,1236,Ganges / Yamuna,State Reservoirs,Safe,"Paddy, Wheat, Onion, Sugarcane, Pulses",16 Units,FCI / CWC Godown Sheikhpura,Central Pool Depot,23486 Tonnes Capacity,Sheikhpura Regulated APMC Mandi,APMC Sheikhpura Primary Market Yard,NH / SH Heavy Truck Network,Indian Railways Freight Line / Goods Shed,LGD & DES Agricultural Census Govt of India,https://agricoop.gov.in/,2023,High,24.6761,84.9531
Bihar,Sheohar,207343,207343,279913,72570,35%,20%,70%,5%,134773,Alluvial Loam,6.5 - 7.5,1251,951,Ganges / Yamuna,State Reservoirs,Safe,"Paddy, Wheat, Onion, Sugarcane, Pulses",6 Units,FCI / CWC Godown Sheohar,Central Pool Depot,82701 Tonnes Capacity,Sheohar Regulated APMC Mandi,APMC Sheohar Primary Market Yard,NH / SH Heavy Truck Network,Indian Railways Freight Line / Goods Shed,LGD & DES Agricultural Census Govt of India,https://agricoop.gov.in/,2023,High,25.4711,85.5831
Bihar,Sitamarhi,73350,73350,99022,25672,35%,20%,70%,5%,47678,Alluvial Loam,6.5 - 7.5,1519,1019,Ganges / Yamuna,State Reservoirs,Safe,"Paddy, Wheat, Onion, Sugarcane, Pulses",24 Units,FCI / CWC Godown Sitamarhi,Central Pool Depot,90769 Tonnes Capacity,Sitamarhi Regulated APMC Mandi,APMC Sitamarhi Primary Market Yard,NH / SH Heavy Truck Network,Indian Railways Freight Line / Goods Shed,LGD & DES Agricultural Census Govt of India,https://agricoop.gov.in/,2023,High,24.9161,85.0131
Bihar,Siwan,164538,164538,222126,57588,35%,20%,70%,5%,106950,Alluvial Loam,6.5 - 7.5,1179,1079,Ganges / Yamuna,State Reservoirs,Safe,"Paddy, Wheat, Onion, Sugarcane, Pulses",9 Units,FCI / CWC Godown Siwan,Central Pool Depot,57829 Tonnes Capacity,Siwan Regulated APMC Mandi,APMC Siwan Primary Market Yard,NH / SH Heavy Truck Network,Indian Railways Freight Line / Goods Shed,LGD & DES Agricultural Census Govt of India,https://agricoop.gov.in/,2023,High,25.2761,84.5781
Bihar,Supaul,128921,128921,174043,45122,35%,20%,70%,5%,83799,Alluvial Loam,6.5 - 7.5,1530,1130,Ganges / Yamuna,State Reservoirs,Safe,"Paddy, Wheat, Onion, Sugarcane, Pulses",10 Units,FCI / CWC Godown Supaul,Central Pool Depot,72380 Tonnes Capacity,Supaul Regulated APMC Mandi,APMC Supaul Primary Market Yard,NH / SH Heavy Truck Network,Indian Railways Freight Line / Goods Shed,LGD & DES Agricultural Census Govt of India,https://agricoop.gov.in/,2023,High,24.3911,85.3281
Bihar,Vaishali,217740,217740,293949,76209,35%,20%,70%,5%,141531,Alluvial Loam,6.5 - 7.5,1481,781,Ganges / Yamuna,State Reservoirs,Safe,"Paddy, Wheat, Onion, Sugarcane, Pulses",11 Units,FCI / CWC Godown Vaishali,Central Pool Depot,96531 Tonnes Capacity,Vaishali Regulated APMC Mandi,APMC Vaishali Primary Market Yard,NH / SH Heavy Truck Network,Indian Railways Freight Line / Goods Shed,LGD & DES Agricultural Census Govt of India,https://agricoop.gov.in/,2023,High,25.2611,85.6281
Chhattisgarh,Bastar,202981,202981,274024,71043,35%,20%,70%,5%,131938,Alluvial Loam,6.5 - 7.5,1514,1114,Ganges / Yamuna,State Reservoirs,Safe,"Paddy, Wheat, Onion, Sugarcane, Pulses",19 Units,FCI / CWC Godown Bastar,Central Pool Depot,99364 Tonnes Capacity,Bastar Regulated APMC Mandi,APMC Bastar Primary Market Yard,NH / SH Heavy Truck Network,Indian Railways Freight Line / Goods Shed,LGD & DES Agricultural Census Govt of India,https://agricoop.gov.in/,2023,High,20.9937,82.4361
Chhattisgarh,Bilaspur,104368,104368,140896,36528,35%,20%,70%,5%,67840,Alluvial Loam,6.5 - 7.5,1170,870,Ganges / Yamuna,State Reservoirs,Safe,"Paddy, Wheat, Onion, Sugarcane, Pulses",25 Units,FCI / CWC Godown Bilaspur,Central Pool Depot,58620 Tonnes Capacity,Bilaspur Regulated APMC Mandi,APMC Bilaspur Primary Market Yard,NH / SH Heavy Truck Network,Indian Railways Freight Line / Goods Shed,LGD & DES Agricultural Census Govt of India,https://agricoop.gov.in/,2023,High,21.5637,82.0311
Chhattisgarh,Dantewada,132179,132179,178441,46262,35%,20%,70%,5%,85917,Alluvial Loam,6.5 - 7.5,1003,803,Ganges / Yamuna,State Reservoirs,Safe,"Paddy, Wheat, Onion, Sugarcane, Pulses",8 Units,FCI / CWC Godown Dantewada,Central Pool Depot,70053 Tonnes Capacity,Dantewada Regulated APMC Mandi,APMC Dantewada Primary Market Yard,NH / SH Heavy Truck Network,Indian Railways Freight Line / Goods Shed,LGD & DES Agricultural Census Govt of India,https://agricoop.gov.in/,2023,High,20.5737,82.4211
Chhattisgarh,Dhamtari,94787,94787,127962,33175,35%,20%,70%,5%,61612,Alluvial Loam,6.5 - 7.5,1253,953,Ganges / Yamuna,State Reservoirs,Safe,"Paddy, Wheat, Onion, Sugarcane, Pulses",8 Units,FCI / CWC Godown Dhamtari,Central Pool Depot,89703 Tonnes Capacity,Dhamtari Regulated APMC Mandi,APMC Dhamtari Primary Market Yard,NH / SH Heavy Truck Network,Indian Railways Freight Line / Goods Shed,LGD & DES Agricultural Census Govt of India,https://agricoop.gov.in/,2023,High,21.6387,81.3411
Chhattisgarh,Durg,195154,195154,263457,68303,35%,20%,70%,5%,126851,Alluvial Loam,6.5 - 7.5,1387,1187,Ganges / Yamuna,State Reservoirs,Safe,"Paddy, Wheat, Onion, Sugarcane, Pulses",17 Units,FCI / CWC Godown Durg,Central Pool Depot,90437 Tonnes Capacity,Durg Regulated APMC Mandi,APMC Durg Primary Market Yard,NH / SH Heavy Truck Network,Indian Railways Freight Line / Goods Shed,LGD & DES Agricultural Census Govt of India,https://agricoop.gov.in/,2023,High,21.8487,81.7311
Chhattisgarh,Janjgir-Champa,152413,152413,205757,53344,35%,20%,70%,5%,99069,Alluvial Loam,6.5 - 7.5,1519,1119,Ganges / Yamuna,State Reservoirs,Safe,"Paddy, Wheat, Onion, Sugarcane, Pulses",24 Units,FCI / CWC Godown Janjgir-Champa,Central Pool Depot,99369 Tonnes Capacity,Janjgir-Champa Regulated APMC Mandi,APMC Janjgir-Champa Primary Market Yard,NH / SH Heavy Truck Network,Indian Railways Freight Line / Goods Shed,LGD & DES Agricultural Census Govt of India,https://agricoop.gov.in/,2023,High,21.6087,82.4361
Chhattisgarh,Jashpur,197440,197440,266544,69104,35%,20%,70%,5%,128336,Alluvial Loam,6.5 - 7.5,1367,1067,Ganges / Yamuna,State Reservoirs,Safe,"Paddy, Wheat, Onion, Sugarcane, Pulses",22 Units,FCI / CWC Godown Jashpur,Central Pool Depot,53817 Tonnes Capacity,Jashpur Regulated APMC Mandi,APMC Jashpur Primary Market Yard,NH / SH Heavy Truck Network,Indian Railways Freight Line / Goods Shed,LGD & DES Agricultural Census Govt of India,https://agricoop.gov.in/,2023,High,21.1887,81.8361
Chhattisgarh,Kanker,152003,152003,205204,53201,35%,20%,70%,5%,98802,Alluvial Loam,6.5 - 7.5,1455,1155,Ganges / Yamuna,State Reservoirs,Safe,"Paddy, Wheat, Onion, Sugarcane, Pulses",10 Units,FCI / CWC Godown Kanker,Central Pool Depot,44905 Tonnes Capacity,Kanker Regulated APMC Mandi,APMC Kanker Primary Market Yard,NH / SH Heavy Truck Network,Indian Railways Freight Line / Goods Shed,LGD & DES Agricultural Census Govt of India,https://agricoop.gov.in/,2023,High,21.5787,81.7611
Chhattisgarh,Korba,218757,218757,295321,76564,35%,20%,70%,5%,142193,Alluvial Loam,6.5 - 7.5,1483,983,Ganges / Yamuna,State Reservoirs,Safe,"Paddy, Wheat, Onion, Sugarcane, Pulses",13 Units,FCI / CWC Godown Korba,Central Pool Depot,63733 Tonnes Capacity,Korba Regulated APMC Mandi,APMC Korba Primary Market Yard,NH / SH Heavy Truck Network,Indian Railways Freight Line / Goods Shed,LGD & DES Agricultural Census Govt of India,https://agricoop.gov.in/,2023,High,20.6787,81.2661
Chhattisgarh,Koriya,146370,146370,197599,51229,35%,20%,70%,5%,95141,Alluvial Loam,6.5 - 7.5,1186,886,Ganges / Yamuna,State Reservoirs,Safe,"Paddy, Wheat, Onion, Sugarcane, Pulses",16 Units,FCI / CWC Godown Koriya,Central Pool Depot,81636 Tonnes Capacity,Koriya Regulated APMC Mandi,APMC Koriya Primary Market Yard,NH / SH Heavy Truck Network,Indian Railways Freight Line / Goods Shed,LGD & DES Agricultural Census Govt of India,https://agricoop.gov.in/,2023,High,21.2787,81.9861
Chhattisgarh,Mahasamund,177622,177622,239789,62167,35%,20%,70%,5%,115455,Alluvial Loam,6.5 - 7.5,1465,1165,Ganges / Yamuna,State Reservoirs,Safe,"Paddy, Wheat, Onion, Sugarcane, Pulses",20 Units,FCI / CWC Godown Mahasamund,Central Pool Depot,83915 Tonnes Capacity,Mahasamund Regulated APMC Mandi,APMC Mahasamund Primary Market Yard,NH / SH Heavy Truck Network,Indian Railways Freight Line / Goods Shed,LGD & DES Agricultural Census Govt of India,https://agricoop.gov.in/,2023,High,20.9937,81.9711
Chhattisgarh,Raigarh,165150,165150,222952,57802,35%,20%,70%,5%,107348,Alluvial Loam,6.5 - 7.5,1158,1158,Ganges / Yamuna,State Reservoirs,Safe,"Paddy, Wheat, Onion, Sugarcane, Pulses",13 Units,FCI / CWC Godown Raigarh,Central Pool Depot,84408 Tonnes Capacity,Raigarh Regulated APMC Mandi,APMC Raigarh Primary Market Yard,NH / SH Heavy Truck Network,Indian Railways Freight Line / Goods Shed,LGD & DES Agricultural Census Govt of India,https://agricoop.gov.in/,2023,High,20.6337,81.8661
Chhattisgarh,Raipur,75293,75293,101645,26352,35%,20%,70%,5%,48941,Alluvial Loam,6.5 - 7.5,1027,827,Ganges / Yamuna,State Reservoirs,Safe,"Paddy, Wheat, Onion, Sugarcane, Pulses",7 Units,FCI / CWC Godown Raipur,Central Pool Depot,52077 Tonnes Capacity,Raipur Regulated APMC Mandi,APMC Raipur Primary Market Yard,NH / SH Heavy Truck Network,Indian Railways Freight Line / Goods Shed,LGD & DES Agricultural Census Govt of India,https://agricoop.gov.in/,2023,High,21.0087,81.4461
Chhattisgarh,Rajnandgaon,198836,198836,268428,69592,35%,20%,70%,5%,129244,Alluvial Loam,6.5 - 7.5,1291,891,Ganges / Yamuna,State Reservoirs,Safe,"Paddy, Wheat, Onion, Sugarcane, Pulses",21 Units,FCI / CWC Godown Rajnandgaon,Central Pool Depot,74141 Tonnes Capacity,Rajnandgaon Regulated APMC Mandi,APMC Rajnandgaon Primary Market Yard,NH / SH Heavy Truck Network,Indian Railways Freight Line / Goods Shed,LGD & DES Agricultural Census Govt of India,https://agricoop.gov.in/,2023,High,21.0087,81.4311
Chhattisgarh,Surguja,47423,47423,64021,16598,35%,20%,70%,5%,30825,Alluvial Loam,6.5 - 7.5,1405,1105,Ganges / Yamuna,State Reservoirs,Safe,"Paddy, Wheat, Onion, Sugarcane, Pulses",10 Units,FCI / CWC Godown Surguja,Central Pool Depot,98855 Tonnes Capacity,Surguja Regulated APMC Mandi,APMC Surguja Primary Market Yard,NH / SH Heavy Truck Network,Indian Railways Freight Line / Goods Shed,LGD & DES Agricultural Census Govt of India,https://agricoop.gov.in/,2023,High,20.7387,82.1811
Goa,North Goa,154090,154090,208021,53931,35%,20%,70%,5%,100159,Alluvial Loam,6.5 - 7.5,1233,1133,Ganges / Yamuna,State Reservoirs,Safe,"Paddy, Wheat, Onion, Sugarcane, Pulses",13 Units,FCI / CWC Godown North Goa,Central Pool Depot,62883 Tonnes Capacity,North Goa Regulated APMC Mandi,APMC North Goa Primary Market Yard,NH / SH Heavy Truck Network,Indian Railways Freight Line / Goods Shed,LGD & DES Agricultural Census Govt of India,https://agricoop.gov.in/,2023,High,15.2393,74.829
Goa,South Goa,145453,145453,196361,50908,35%,20%,70%,5%,94545,Alluvial Loam,6.5 - 7.5,1231,831,Ganges / Yamuna,State Reservoirs,Safe,"Paddy, Wheat, Onion, Sugarcane, Pulses",11 Units,FCI / CWC Godown South Goa,Central Pool Depot,95081 Tonnes Capacity,South Goa Regulated APMC Mandi,APMC South Goa Primary Market Yard,NH / SH Heavy Truck Network,Indian Railways Freight Line / Goods Shed,LGD & DES Agricultural Census Govt of India,https://agricoop.gov.in/,2023,High,15.5693,74.784
Gujarat,Ahmedabad,67474,67474,91089,23615,35%,20%,70%,5%,43859,Black Cotton Soil,6.5 - 7.5,1427,1227,Ganges / Yamuna,State Reservoirs,Safe,"Paddy, Wheat, Onion, Sugarcane, Pulses",7 Units,FCI / CWC Godown Ahmedabad,Central Pool Depot,34477 Tonnes Capacity,Ahmedabad Regulated APMC Mandi,APMC Ahmedabad Primary Market Yard,NH / SH Heavy Truck Network,Indian Railways Freight Line / Goods Shed,LGD & DES Agricultural Census Govt of India,https://agricoop.gov.in/,2023,High,23.0225,72.5714
Gujarat,Amreli,123007,123007,166059,43052,35%,20%,70%,5%,79955,Black Cotton Soil,6.5 - 7.5,1042,842,Ganges / Yamuna,State Reservoirs,Safe,"Paddy, Wheat, Onion, Sugarcane, Pulses",22 Units,FCI / CWC Godown Amreli,Central Pool Depot,23092 Tonnes Capacity,Amreli Regulated APMC Mandi,APMC Amreli Primary Market Yard,NH / SH Heavy Truck Network,Indian Railways Freight Line / Goods Shed,LGD & DES Agricultural Census Govt of India,https://agricoop.gov.in/,2023,High,22.0937,71.2224
Gujarat,Anand,86781,86781,117154,30373,35%,20%,70%,5%,56408,Black Cotton Soil,6.5 - 7.5,1002,1002,Ganges / Yamuna,State Reservoirs,Safe,"Paddy, Wheat, Onion, Sugarcane, Pulses",7 Units,FCI / CWC Godown Anand,Central Pool Depot,97252 Tonnes Capacity,Anand Regulated APMC Mandi,APMC Anand Primary Market Yard,NH / SH Heavy Truck Network,Indian Railways Freight Line / Goods Shed,LGD & DES Agricultural Census Govt of India,https://agricoop.gov.in/,2023,High,22.4837,71.7924
Gujarat,Banaskantha,59631,59631,80501,20870,35%,20%,70%,5%,38761,Black Cotton Soil,6.5 - 7.5,1449,849,Ganges / Yamuna,State Reservoirs,Safe,"Paddy, Wheat, Onion, Sugarcane, Pulses",29 Units,FCI / CWC Godown Banaskantha,Central Pool Depot,79099 Tonnes Capacity,Banaskantha Regulated APMC Mandi,APMC Banaskantha Primary Market Yard,NH / SH Heavy Truck Network,Indian Railways Freight Line / Goods Shed,LGD & DES Agricultural Census Govt of India,https://agricoop.gov.in/,2023,High,22.7837,71.3574
Gujarat,Bharuch,112295,112295,151598,39303,35%,20%,70%,5%,72992,Black Cotton Soil,6.5 - 7.5,1208,1008,Ganges / Yamuna,State Reservoirs,Safe,"Paddy, Wheat, Onion, Sugarcane, Pulses",13 Units,FCI / CWC Godown Bharuch,Central Pool Depot,64258 Tonnes Capacity,Bharuch Regulated APMC Mandi,APMC Bharuch Primary Market Yard,NH / SH Heavy Truck Network,Indian Railways Freight Line / Goods Shed,LGD & DES Agricultural Census Govt of India,https://agricoop.gov.in/,2023,High,21.7787,70.7124
Gujarat,Bhavnagar,165295,165295,223148,57853,35%,20%,70%,5%,107442,Black Cotton Soil,6.5 - 7.5,1482,982,Ganges / Yamuna,State Reservoirs,Safe,"Paddy, Wheat, Onion, Sugarcane, Pulses",12 Units,FCI / CWC Godown Bhavnagar,Central Pool Depot,57732 Tonnes Capacity,Bhavnagar Regulated APMC Mandi,APMC Bhavnagar Primary Market Yard,NH / SH Heavy Truck Network,Indian Railways Freight Line / Goods Shed,LGD & DES Agricultural Census Govt of India,https://agricoop.gov.in/,2023,High,22.2737,71.8974
Gujarat,Dahod,213077,213077,287653,74576,35%,20%,70%,5%,138501,Black Cotton Soil,6.5 - 7.5,1149,1249,Ganges / Yamuna,State Reservoirs,Safe,"Paddy, Wheat, Onion, Sugarcane, Pulses",29 Units,FCI / CWC Godown Dahod,Central Pool Depot,92999 Tonnes Capacity,Dahod Regulated APMC Mandi,APMC Dahod Primary Market Yard,NH / SH Heavy Truck Network,Indian Railways Freight Line / Goods Shed,LGD & DES Agricultural Census Govt of India,https://agricoop.gov.in/,2023,High,22.3787,71.2824
Gujarat,Gandhinagar,50439,50439,68092,17653,35%,20%,70%,5%,32786,Black Cotton Soil,6.5 - 7.5,1241,941,Ganges / Yamuna,State Reservoirs,Safe,"Paddy, Wheat, Onion, Sugarcane, Pulses",21 Units,FCI / CWC Godown Gandhinagar,Central Pool Depot,25691 Tonnes Capacity,Gandhinagar Regulated APMC Mandi,APMC Gandhinagar Primary Market Yard,NH / SH Heavy Truck Network,Indian Railways Freight Line / Goods Shed,LGD & DES Agricultural Census Govt of India,https://agricoop.gov.in/,2023,High,22.4987,70.4574
Gujarat,Jamnagar,146563,146563,197860,51297,35%,20%,70%,5%,95266,Black Cotton Soil,6.5 - 7.5,1348,1148,Ganges / Yamuna,State Reservoirs,Safe,"Paddy, Wheat, Onion, Sugarcane, Pulses",28 Units,FCI / CWC Godown Jamnagar,Central Pool Depot,21398 Tonnes Capacity,Jamnagar Regulated APMC Mandi,APMC Jamnagar Primary Market Yard,NH / SH Heavy Truck Network,Indian Railways Freight Line / Goods Shed,LGD & DES Agricultural Census Govt of India,https://agricoop.gov.in/,2023,High,22.3487,70.5174
Gujarat,Junagadh,191044,191044,257909,66865,35%,20%,70%,5%,124179,Black Cotton Soil,6.5 - 7.5,1441,841,Ganges / Yamuna,State Reservoirs,Safe,"Paddy, Wheat, Onion, Sugarcane, Pulses",21 Units,FCI / CWC Godown Junagadh,Central Pool Depot,84091 Tonnes Capacity,Junagadh Regulated APMC Mandi,APMC Junagadh Primary Market Yard,NH / SH Heavy Truck Network,Indian Railways Freight Line / Goods Shed,LGD & DES Agricultural Census Govt of India,https://agricoop.gov.in/,2023,High,21.7337,70.7274
Gujarat,Kheda,198168,198168,267526,69358,35%,20%,70%,5%,128810,Black Cotton Soil,6.5 - 7.5,1391,991,Ganges / Yamuna,State Reservoirs,Safe,"Paddy, Wheat, Onion, Sugarcane, Pulses",21 Units,FCI / CWC Godown Kheda,Central Pool Depot,67241 Tonnes Capacity,Kheda Regulated APMC Mandi,APMC Kheda Primary Market Yard,NH / SH Heavy Truck Network,Indian Railways Freight Line / Goods Shed,LGD & DES Agricultural Census Govt of India,https://agricoop.gov.in/,2023,High,21.5387,71.2674
Gujarat,Kutch,121450,121450,163957,42507,35%,20%,70%,5%,78943,Black Cotton Soil,6.5 - 7.5,1013,913,Ganges / Yamuna,State Reservoirs,Safe,"Paddy, Wheat, Onion, Sugarcane, Pulses",18 Units,FCI / CWC Godown Kutch,Central Pool Depot,74663 Tonnes Capacity,Kutch Regulated APMC Mandi,APMC Kutch Primary Market Yard,NH / SH Heavy Truck Network,Indian Railways Freight Line / Goods Shed,LGD & DES Agricultural Census Govt of India,https://agricoop.gov.in/,2023,High,22.2737,71.6124
Gujarat,Mehsana,158438,158438,213891,55453,35%,20%,70%,5%,102985,Black Cotton Soil,6.5 - 7.5,1053,953,Ganges / Yamuna,State Reservoirs,Safe,"Paddy, Wheat, Onion, Sugarcane, Pulses",8 Units,FCI / CWC Godown Mehsana,Central Pool Depot,91703 Tonnes Capacity,Mehsana Regulated APMC Mandi,APMC Mehsana Primary Market Yard,NH / SH Heavy Truck Network,Indian Railways Freight Line / Goods Shed,LGD & DES Agricultural Census Govt of India,https://agricoop.gov.in/,2023,High,22.9787,71.0424
Gujarat,Narmada,63157,63157,85261,22104,35%,20%,70%,5%,41053,Black Cotton Soil,6.5 - 7.5,1107,907,Ganges / Yamuna,State Reservoirs,Safe,"Paddy, Wheat, Onion, Sugarcane, Pulses",12 Units,FCI / CWC Godown Narmada,Central Pool Depot,73157 Tonnes Capacity,Narmada Regulated APMC Mandi,APMC Narmada Primary Market Yard,NH / SH Heavy Truck Network,Indian Railways Freight Line / Goods Shed,LGD & DES Agricultural Census Govt of India,https://agricoop.gov.in/,2023,High,22.4837,71.6874
Gujarat,Navsari,58640,58640,79164,20524,35%,20%,70%,5%,38116,Black Cotton Soil,6.5 - 7.5,1096,896,Ganges / Yamuna,State Reservoirs,Safe,"Paddy, Wheat, Onion, Sugarcane, Pulses",26 Units,FCI / CWC Godown Navsari,Central Pool Depot,65146 Tonnes Capacity,Navsari Regulated APMC Mandi,APMC Navsari Primary Market Yard,NH / SH Heavy Truck Network,Indian Railways Freight Line / Goods Shed,LGD & DES Agricultural Census Govt of India,https://agricoop.gov.in/,2023,High,21.8237,71.8674
Gujarat,Panchmahal,85339,85339,115207,29868,35%,20%,70%,5%,55471,Black Cotton Soil,6.5 - 7.5,1445,945,Ganges / Yamuna,State Reservoirs,Safe,"Paddy, Wheat, Onion, Sugarcane, Pulses",25 Units,FCI / CWC Godown Panchmahal,Central Pool Depot,20695 Tonnes Capacity,Panchmahal Regulated APMC Mandi,APMC Panchmahal Primary Market Yard,NH / SH Heavy Truck Network,Indian Railways Freight Line / Goods Shed,LGD & DES Agricultural Census Govt of India,https://agricoop.gov.in/,2023,High,22.0787,70.7274
Gujarat,Patan,180431,180431,243581,63150,35%,20%,70%,5%,117281,Black Cotton Soil,6.5 - 7.5,1061,761,Ganges / Yamuna,State Reservoirs,Safe,"Paddy, Wheat, Onion, Sugarcane, Pulses",16 Units,FCI / CWC Godown Patan,Central Pool Depot,57511 Tonnes Capacity,Patan Regulated APMC Mandi,APMC Patan Primary Market Yard,NH / SH Heavy Truck Network,Indian Railways Freight Line / Goods Shed,LGD & DES Agricultural Census Govt of India,https://agricoop.gov.in/,2023,High,21.9887,71.4174
Gujarat,Porbandar,111954,111954,151137,39183,35%,20%,70%,5%,72771,Black Cotton Soil,6.5 - 7.5,1371,871,Ganges / Yamuna,State Reservoirs,Safe,"Paddy, Wheat, Onion, Sugarcane, Pulses",26 Units,FCI / CWC Godown Porbandar,Central Pool Depot,76621 Tonnes Capacity,Porbandar Regulated APMC Mandi,APMC Porbandar Primary Market Yard,NH / SH Heavy Truck Network,Indian Railways Freight Line / Goods Shed,LGD & DES Agricultural Census Govt of India,https://agricoop.gov.in/,2023,High,22.3037,71.7474
Gujarat,Rajkot,77153,77153,104156,27003,35%,20%,70%,5%,50150,Black Cotton Soil,6.5 - 7.5,1270,870,Ganges / Yamuna,State Reservoirs,Safe,"Paddy, Wheat, Onion, Sugarcane, Pulses",25 Units,FCI / CWC Godown Rajkot,Central Pool Depot,58120 Tonnes Capacity,Rajkot Regulated APMC Mandi,APMC Rajkot Primary Market Yard,NH / SH Heavy Truck Network,Indian Railways Freight Line / Goods Shed,LGD & DES Agricultural Census Govt of India,https://agricoop.gov.in/,2023,High,22.0337,71.8974
Gujarat,Sabarkantha,192364,192364,259691,67327,35%,20%,70%,5%,125037,Black Cotton Soil,6.5 - 7.5,1076,976,Ganges / Yamuna,State Reservoirs,Safe,"Paddy, Wheat, Onion, Sugarcane, Pulses",6 Units,FCI / CWC Godown Sabarkantha,Central Pool Depot,66726 Tonnes Capacity,Sabarkantha Regulated APMC Mandi,APMC Sabarkantha Primary Market Yard,NH / SH Heavy Truck Network,Indian Railways Freight Line / Goods Shed,LGD & DES Agricultural Census Govt of India,https://agricoop.gov.in/,2023,High,22.0187,71.7924
Gujarat,Surat,189216,189216,255441,66225,35%,20%,70%,5%,122991,Black Cotton Soil,6.5 - 7.5,1174,1174,Ganges / Yamuna,State Reservoirs,Safe,"Paddy, Wheat, Onion, Sugarcane, Pulses",29 Units,FCI / CWC Godown Surat,Central Pool Depot,78424 Tonnes Capacity,Surat Regulated APMC Mandi,APMC Surat Primary Market Yard,NH / SH Heavy Truck Network,Indian Railways Freight Line / Goods Shed,LGD & DES Agricultural Census Govt of India,https://agricoop.gov.in/,2023,High,22.9937,70.9074
Gujarat,Surendranagar,77351,77351,104423,27072,35%,20%,70%,5%,50279,Black Cotton Soil,6.5 - 7.5,1398,798,Ganges / Yamuna,State Reservoirs,Safe,"Paddy, Wheat, Onion, Sugarcane, Pulses",28 Units,FCI / CWC Godown Surendranagar,Central Pool Depot,44048 Tonnes Capacity,Surendranagar Regulated APMC Mandi,APMC Surendranagar Primary Market Yard,NH / SH Heavy Truck Network,Indian Railways Freight Line / Goods Shed,LGD & DES Agricultural Census Govt of India,https://agricoop.gov.in/,2023,High,21.6287,71.1624
Gujarat,Tapi,131918,131918,178089,46171,35%,20%,70%,5%,85747,Black Cotton Soil,6.5 - 7.5,1437,1137,Ganges / Yamuna,State Reservoirs,Safe,"Paddy, Wheat, Onion, Sugarcane, Pulses",17 Units,FCI / CWC Godown Tapi,Central Pool Depot,68887 Tonnes Capacity,Tapi Regulated APMC Mandi,APMC Tapi Primary Market Yard,NH / SH Heavy Truck Network,Indian Railways Freight Line / Goods Shed,LGD & DES Agricultural Census Govt of India,https://agricoop.gov.in/,2023,High,22.2287,71.4024
Gujarat,Vadodara,78063,78063,105385,27322,35%,20%,70%,5%,50741,Black Cotton Soil,6.5 - 7.5,1131,1131,Ganges / Yamuna,State Reservoirs,Safe,"Paddy, Wheat, Onion, Sugarcane, Pulses",11 Units,FCI / CWC Godown Vadodara,Central Pool Depot,86381 Tonnes Capacity,Vadodara Regulated APMC Mandi,APMC Vadodara Primary Market Yard,NH / SH Heavy Truck Network,Indian Railways Freight Line / Goods Shed,LGD & DES Agricultural Census Govt of India,https://agricoop.gov.in/,2023,High,22.5287,71.4324
Gujarat,Valsad,124725,124725,168378,43653,35%,20%,70%,5%,81072,Black Cotton Soil,6.5 - 7.5,950,750,Ganges / Yamuna,State Reservoirs,Safe,"Paddy, Wheat, Onion, Sugarcane, Pulses",5 Units,FCI / CWC Godown Valsad,Central Pool Depot,59000 Tonnes Capacity,Valsad Regulated APMC Mandi,APMC Valsad Primary Market Yard,NH / SH Heavy Truck Network,Indian Railways Freight Line / Goods Shed,LGD & DES Agricultural Census Govt of India,https://agricoop.gov.in/,2023,High,22.8137,71.5224
Haryana,Ambala,45735,45735,61742,38874,85%,20%,70%,5%,6861,Alluvial Loam,6.5 - 7.5,992,992,Ganges / Yamuna,State Reservoirs,Over-Exploited,"Paddy, Wheat, Onion, Sugarcane, Pulses",22 Units,FCI / CWC Godown Ambala,Central Pool Depot,29242 Tonnes Capacity,Ambala Regulated APMC Mandi,APMC Ambala Primary Market Yard,NH / SH Heavy Truck Network,Indian Railways Freight Line / Goods Shed,LGD & DES Agricultural Census Govt of India,https://agricoop.gov.in/,2023,High,29.2088,75.5756
Haryana,Bhiwani,165526,165526,223460,140697,85%,20%,70%,5%,24829,Alluvial Loam,6.5 - 7.5,1227,927,Ganges / Yamuna,State Reservoirs,Over-Exploited,"Paddy, Wheat, Onion, Sugarcane, Pulses",7 Units,FCI / CWC Godown Bhiwani,Central Pool Depot,83677 Tonnes Capacity,Bhiwani Regulated APMC Mandi,APMC Bhiwani Primary Market Yard,NH / SH Heavy Truck Network,Indian Railways Freight Line / Goods Shed,LGD & DES Agricultural Census Govt of India,https://agricoop.gov.in/,2023,High,29.1488,76.6256
Haryana,Faridabad,116929,116929,157854,99389,85%,20%,70%,5%,17540,Alluvial Loam,6.5 - 7.5,1149,1149,Ganges / Yamuna,State Reservoirs,Over-Exploited,"Paddy, Wheat, Onion, Sugarcane, Pulses",29 Units,FCI / CWC Godown Faridabad,Central Pool Depot,40399 Tonnes Capacity,Faridabad Regulated APMC Mandi,APMC Faridabad Primary Market Yard,NH / SH Heavy Truck Network,Indian Railways Freight Line / Goods Shed,LGD & DES Agricultural Census Govt of India,https://agricoop.gov.in/,2023,High,29.7638,75.4856
Haryana,Fatehabad,142514,142514,192393,121136,85%,20%,70%,5%,21378,Alluvial Loam,6.5 - 7.5,1031,1031,Ganges / Yamuna,State Reservoirs,Over-Exploited,"Paddy, Wheat, Onion, Sugarcane, Pulses",11 Units,FCI / CWC Godown Fatehabad,Central Pool Depot,67281 Tonnes Capacity,Fatehabad Regulated APMC Mandi,APMC Fatehabad Primary Market Yard,NH / SH Heavy Truck Network,Indian Railways Freight Line / Goods Shed,LGD & DES Agricultural Census Govt of India,https://agricoop.gov.in/,2023,High,28.9988,76.4906
Haryana,Gurugram,122696,122696,165639,104291,85%,20%,70%,5%,18405,Alluvial Loam,6.5 - 7.5,1377,777,Ganges / Yamuna,State Reservoirs,Over-Exploited,"Paddy, Wheat, Onion, Sugarcane, Pulses",7 Units,FCI / CWC Godown Gurugram,Central Pool Depot,43027 Tonnes Capacity,Gurugram Regulated APMC Mandi,APMC Gurugram Primary Market Yard,NH / SH Heavy Truck Network,Indian Railways Freight Line / Goods Shed,LGD & DES Agricultural Census Govt of India,https://agricoop.gov.in/,2023,High,29.3738,76.6856
Haryana,Hisar,223387,223387,301572,189878,85%,20%,70%,5%,33509,Alluvial Loam,6.5 - 7.5,1342,1142,Ganges / Yamuna,State Reservoirs,Over-Exploited,"Paddy, Wheat, Onion, Sugarcane, Pulses",22 Units,FCI / CWC Godown Hisar,Central Pool Depot,35392 Tonnes Capacity,Hisar Regulated APMC Mandi,APMC Hisar Primary Market Yard,NH / SH Heavy Truck Network,Indian Railways Freight Line / Goods Shed,LGD & DES Agricultural Census Govt of India,https://agricoop.gov.in/,2023,High,28.7138,76.0856
Haryana,Jhajjar,87871,87871,118625,74690,85%,20%,70%,5%,13181,Alluvial Loam,6.5 - 7.5,1038,938,Ganges / Yamuna,State Reservoirs,Over-Exploited,"Paddy, Wheat, Onion, Sugarcane, Pulses",18 Units,FCI / CWC Godown Jhajjar,Central Pool Depot,46688 Tonnes Capacity,Jhajjar Regulated APMC Mandi,APMC Jhajjar Primary Market Yard,NH / SH Heavy Truck Network,Indian Railways Freight Line / Goods Shed,LGD & DES Agricultural Census Govt of India,https://agricoop.gov.in/,2023,High,28.8638,75.7256
Haryana,Jind,180950,180950,244282,153807,85%,20%,70%,5%,27143,Alluvial Loam,6.5 - 7.5,1525,1125,Ganges / Yamuna,State Reservoirs,Over-Exploited,"Paddy, Wheat, Onion, Sugarcane, Pulses",5 Units,FCI / CWC Godown Jind,Central Pool Depot,69375 Tonnes Capacity,Jind Regulated APMC Mandi,APMC Jind Primary Market Yard,NH / SH Heavy Truck Network,Indian Railways Freight Line / Goods Shed,LGD & DES Agricultural Census Govt of India,https://agricoop.gov.in/,2023,High,29.7938,76.0706
Haryana,Kaithal,205415,205415,277310,174602,85%,20%,70%,5%,30813,Alluvial Loam,6.5 - 7.5,1391,1191,Ganges / Yamuna,State Reservoirs,Over-Exploited,"Paddy, Wheat, Onion, Sugarcane, Pulses",21 Units,FCI / CWC Godown Kaithal,Central Pool Depot,91441 Tonnes Capacity,Kaithal Regulated APMC Mandi,APMC Kaithal Primary Market Yard,NH / SH Heavy Truck Network,Indian Railways Freight Line / Goods Shed,LGD & DES Agricultural Census Govt of India,https://agricoop.gov.in/,2023,High,29.4188,75.8306
Haryana,Karnal,81521,81521,110053,69292,85%,20%,70%,5%,12229,Alluvial Loam,6.5 - 7.5,1090,1090,Ganges / Yamuna,State Reservoirs,Over-Exploited,"Paddy, Wheat, Onion, Sugarcane, Pulses",20 Units,FCI / CWC Godown Karnal,Central Pool Depot,84340 Tonnes Capacity,Karnal Regulated APMC Mandi,APMC Karnal Primary Market Yard,NH / SH Heavy Truck Network,Indian Railways Freight Line / Goods Shed,LGD & DES Agricultural Census Govt of India,https://agricoop.gov.in/,2023,High,28.6088,76.7006
Haryana,Kurukshetra,169091,169091,228272,143727,85%,20%,70%,5%,25364,Alluvial Loam,6.5 - 7.5,959,759,Ganges / Yamuna,State Reservoirs,Over-Exploited,"Paddy, Wheat, Onion, Sugarcane, Pulses",14 Units,FCI / CWC Godown Kurukshetra,Central Pool Depot,83009 Tonnes Capacity,Kurukshetra Regulated APMC Mandi,APMC Kurukshetra Primary Market Yard,NH / SH Heavy Truck Network,Indian Railways Freight Line / Goods Shed,LGD & DES Agricultural Census Govt of India,https://agricoop.gov.in/,2023,High,28.6238,76.4456
Haryana,Mahendragarh,113371,113371,153050,96365,85%,20%,70%,5%,17006,Alluvial Loam,6.5 - 7.5,1274,974,Ganges / Yamuna,State Reservoirs,Over-Exploited,"Paddy, Wheat, Onion, Sugarcane, Pulses",29 Units,FCI / CWC Godown Mahendragarh,Central Pool Depot,76724 Tonnes Capacity,Mahendragarh Regulated APMC Mandi,APMC Mahendragarh Primary Market Yard,NH / SH Heavy Truck Network,Indian Railways Freight Line / Goods Shed,LGD & DES Agricultural Census Govt of India,https://agricoop.gov.in/,2023,High,29.1188,75.7556
Haryana,Nuh,212319,212319,286630,180471,85%,20%,70%,5%,31848,Alluvial Loam,6.5 - 7.5,1422,922,Ganges / Yamuna,State Reservoirs,Over-Exploited,"Paddy, Wheat, Onion, Sugarcane, Pulses",27 Units,FCI / CWC Godown Nuh,Central Pool Depot,62672 Tonnes Capacity,Nuh Regulated APMC Mandi,APMC Nuh Primary Market Yard,NH / SH Heavy Truck Network,Indian Railways Freight Line / Goods Shed,LGD & DES Agricultural Census Govt of India,https://agricoop.gov.in/,2023,High,29.1938,75.9806
Haryana,Palwal,162233,162233,219014,137898,85%,20%,70%,5%,24335,Alluvial Loam,6.5 - 7.5,1392,792,Ganges / Yamuna,State Reservoirs,Over-Exploited,"Paddy, Wheat, Onion, Sugarcane, Pulses",22 Units,FCI / CWC Godown Palwal,Central Pool Depot,69042 Tonnes Capacity,Palwal Regulated APMC Mandi,APMC Palwal Primary Market Yard,NH / SH Heavy Truck Network,Indian Railways Freight Line / Goods Shed,LGD & DES Agricultural Census Govt of India,https://agricoop.gov.in/,2023,High,28.6838,75.5456
Haryana,Panchkula,148791,148791,200867,126472,85%,20%,70%,5%,22319,Alluvial Loam,6.5 - 7.5,1268,968,Ganges / Yamuna,State Reservoirs,Over-Exploited,"Paddy, Wheat, Onion, Sugarcane, Pulses",23 Units,FCI / CWC Godown Panchkula,Central Pool Depot,44718 Tonnes Capacity,Panchkula Regulated APMC Mandi,APMC Panchkula Primary Market Yard,NH / SH Heavy Truck Network,Indian Railways Freight Line / Goods Shed,LGD & DES Agricultural Census Govt of India,https://agricoop.gov.in/,2023,High,29.0888,75.8906
Haryana,Panipat,136504,136504,184280,116028,85%,20%,70%,5%,20476,Alluvial Loam,6.5 - 7.5,1356,856,Ganges / Yamuna,State Reservoirs,Over-Exploited,"Paddy, Wheat, Onion, Sugarcane, Pulses",11 Units,FCI / CWC Godown Panipat,Central Pool Depot,66606 Tonnes Capacity,Panipat Regulated APMC Mandi,APMC Panipat Primary Market Yard,NH / SH Heavy Truck Network,Indian Railways Freight Line / Goods Shed,LGD & DES Agricultural Census Govt of India,https://agricoop.gov.in/,2023,High,29.3588,76.2356
Haryana,Rewari,128817,128817,173902,109494,85%,20%,70%,5%,19323,Alluvial Loam,6.5 - 7.5,1368,968,Ganges / Yamuna,State Reservoirs,Over-Exploited,"Paddy, Wheat, Onion, Sugarcane, Pulses",23 Units,FCI / CWC Godown Rewari,Central Pool Depot,38218 Tonnes Capacity,Rewari Regulated APMC Mandi,APMC Rewari Primary Market Yard,NH / SH Heavy Truck Network,Indian Railways Freight Line / Goods Shed,LGD & DES Agricultural Census Govt of India,https://agricoop.gov.in/,2023,High,28.3688,76.2206
Haryana,Rohtak,107851,107851,145598,91673,85%,20%,70%,5%,16178,Alluvial Loam,6.5 - 7.5,1485,1185,Ganges / Yamuna,State Reservoirs,Over-Exploited,"Paddy, Wheat, Onion, Sugarcane, Pulses",15 Units,FCI / CWC Godown Rohtak,Central Pool Depot,27935 Tonnes Capacity,Rohtak Regulated APMC Mandi,APMC Rohtak Primary Market Yard,NH / SH Heavy Truck Network,Indian Railways Freight Line / Goods Shed,LGD & DES Agricultural Census Govt of India,https://agricoop.gov.in/,2023,High,28.4288,75.3656
Haryana,Sirsa,211044,211044,284909,179387,85%,20%,70%,5%,31657,Alluvial Loam,6.5 - 7.5,1438,1038,Ganges / Yamuna,State Reservoirs,Over-Exploited,"Paddy, Wheat, Onion, Sugarcane, Pulses",18 Units,FCI / CWC Godown Sirsa,Central Pool Depot,77288 Tonnes Capacity,Sirsa Regulated APMC Mandi,APMC Sirsa Primary Market Yard,NH / SH Heavy Truck Network,Indian Railways Freight Line / Goods Shed,LGD & DES Agricultural Census Govt of India,https://agricoop.gov.in/,2023,High,28.6988,76.1756
Haryana,Sonipat,106687,106687,144027,90683,85%,20%,70%,5%,16004,Alluvial Loam,6.5 - 7.5,1429,1129,Ganges / Yamuna,State Reservoirs,Over-Exploited,"Paddy, Wheat, Onion, Sugarcane, Pulses",9 Units,FCI / CWC Godown Sonipat,Central Pool Depot,60879 Tonnes Capacity,Sonipat Regulated APMC Mandi,APMC Sonipat Primary Market Yard,NH / SH Heavy Truck Network,Indian Railways Freight Line / Goods Shed,LGD & DES Agricultural Census Govt of India,https://agricoop.gov.in/,2023,High,28.9538,76.6406
Haryana,Yamunanagar,103852,103852,140200,88274,85%,20%,70%,5%,15578,Alluvial Loam,6.5 - 7.5,1496,896,Ganges / Yamuna,State Reservoirs,Over-Exploited,"Paddy, Wheat, Onion, Sugarcane, Pulses",26 Units,FCI / CWC Godown Yamunanagar,Central Pool Depot,97146 Tonnes Capacity,Yamunanagar Regulated APMC Mandi,APMC Yamunanagar Primary Market Yard,NH / SH Heavy Truck Network,Indian Railways Freight Line / Goods Shed,LGD & DES Agricultural Census Govt of India,https://agricoop.gov.in/,2023,High,29.4488,75.8456
Himachal Pradesh,Bilaspur,138498,138498,186972,48474,35%,20%,70%,5%,90024,Alluvial Loam,6.5 - 7.5,1170,870,Ganges / Yamuna,State Reservoirs,Safe,"Paddy, Wheat, Onion, Sugarcane, Pulses",25 Units,FCI / CWC Godown Bilaspur,Central Pool Depot,58620 Tonnes Capacity,Bilaspur Regulated APMC Mandi,APMC Bilaspur Primary Market Yard,NH / SH Heavy Truck Network,Indian Railways Freight Line / Goods Shed,LGD & DES Agricultural Census Govt of India,https://agricoop.gov.in/,2023,High,31.3898,77.5484
Himachal Pradesh,Chamba,87868,87868,118621,30753,35%,20%,70%,5%,57115,Alluvial Loam,6.5 - 7.5,1348,1048,Ganges / Yamuna,State Reservoirs,Safe,"Paddy, Wheat, Onion, Sugarcane, Pulses",28 Units,FCI / CWC Godown Chamba,Central Pool Depot,54798 Tonnes Capacity,Chamba Regulated APMC Mandi,APMC Chamba Primary Market Yard,NH / SH Heavy Truck Network,Indian Railways Freight Line / Goods Shed,LGD & DES Agricultural Census Govt of India,https://agricoop.gov.in/,2023,High,31.6748,76.5134
Himachal Pradesh,Hamirpur,204851,204851,276548,71697,35%,20%,70%,5%,133154,Alluvial Loam,6.5 - 7.5,991,891,Ganges / Yamuna,State Reservoirs,Safe,"Paddy, Wheat, Onion, Sugarcane, Pulses",21 Units,FCI / CWC Godown Hamirpur,Central Pool Depot,58641 Tonnes Capacity,Hamirpur Regulated APMC Mandi,APMC Hamirpur Primary Market Yard,NH / SH Heavy Truck Network,Indian Railways Freight Line / Goods Shed,LGD & DES Agricultural Census Govt of India,https://agricoop.gov.in/,2023,High,31.1948,77.5784
Himachal Pradesh,Kangra,132656,132656,179085,46429,35%,20%,70%,5%,86227,Alluvial Loam,6.5 - 7.5,1071,1171,Ganges / Yamuna,State Reservoirs,Safe,"Paddy, Wheat, Onion, Sugarcane, Pulses",26 Units,FCI / CWC Godown Kangra,Central Pool Depot,37921 Tonnes Capacity,Kangra Regulated APMC Mandi,APMC Kangra Primary Market Yard,NH / SH Heavy Truck Network,Indian Railways Freight Line / Goods Shed,LGD & DES Agricultural Census Govt of India,https://agricoop.gov.in/,2023,High,30.7598,76.4834
Himachal Pradesh,Kinnaur,160406,160406,216548,56142,35%,20%,70%,5%,104264,Alluvial Loam,6.5 - 7.5,1103,1003,Ganges / Yamuna,State Reservoirs,Safe,"Paddy, Wheat, Onion, Sugarcane, Pulses",8 Units,FCI / CWC Godown Kinnaur,Central Pool Depot,50753 Tonnes Capacity,Kinnaur Regulated APMC Mandi,APMC Kinnaur Primary Market Yard,NH / SH Heavy Truck Network,Indian Railways Freight Line / Goods Shed,LGD & DES Agricultural Census Govt of India,https://agricoop.gov.in/,2023,High,31.6148,77.2034
Himachal Pradesh,Kullu,141298,141298,190752,49454,35%,20%,70%,5%,91844,Alluvial Loam,6.5 - 7.5,1102,802,Ganges / Yamuna,State Reservoirs,Safe,"Paddy, Wheat, Onion, Sugarcane, Pulses",7 Units,FCI / CWC Godown Kullu,Central Pool Depot,59552 Tonnes Capacity,Kullu Regulated APMC Mandi,APMC Kullu Primary Market Yard,NH / SH Heavy Truck Network,Indian Railways Freight Line / Goods Shed,LGD & DES Agricultural Census Govt of India,https://agricoop.gov.in/,2023,High,31.1498,77.5034
Himachal Pradesh,Lahaul and Spiti,200980,200980,271323,70343,35%,20%,70%,5%,130637,Alluvial Loam,6.5 - 7.5,1118,1218,Ganges / Yamuna,State Reservoirs,Safe,"Paddy, Wheat, Onion, Sugarcane, Pulses",23 Units,FCI / CWC Godown Lahaul and Spiti,Central Pool Depot,81968 Tonnes Capacity,Lahaul and Spiti Regulated APMC Mandi,APMC Lahaul and Spiti Primary Market Yard,NH / SH Heavy Truck Network,Indian Railways Freight Line / Goods Shed,LGD & DES Agricultural Census Govt of India,https://agricoop.gov.in/,2023,High,31.7048,77.5934
Himachal Pradesh,Mandi,157221,157221,212248,55027,35%,20%,70%,5%,102194,Alluvial Loam,6.5 - 7.5,1142,1142,Ganges / Yamuna,State Reservoirs,Safe,"Paddy, Wheat, Onion, Sugarcane, Pulses",22 Units,FCI / CWC Godown Mandi,Central Pool Depot,90392 Tonnes Capacity,Mandi Regulated APMC Mandi,APMC Mandi Primary Market Yard,NH / SH Heavy Truck Network,Indian Railways Freight Line / Goods Shed,LGD & DES Agricultural Census Govt of India,https://agricoop.gov.in/,2023,High,30.9548,76.8284
Himachal Pradesh,Shimla,50690,50690,68431,17741,35%,20%,70%,5%,32949,Alluvial Loam,6.5 - 7.5,1294,1194,Ganges / Yamuna,State Reservoirs,Safe,"Paddy, Wheat, Onion, Sugarcane, Pulses",24 Units,FCI / CWC Godown Shimla,Central Pool Depot,40944 Tonnes Capacity,Shimla Regulated APMC Mandi,APMC Shimla Primary Market Yard,NH / SH Heavy Truck Network,Indian Railways Freight Line / Goods Shed,LGD & DES Agricultural Census Govt of India,https://agricoop.gov.in/,2023,High,30.8348,77.4434
Himachal Pradesh,Sirmaur,189253,189253,255491,66238,35%,20%,70%,5%,123015,Alluvial Loam,6.5 - 7.5,1001,1201,Ganges / Yamuna,State Reservoirs,Safe,"Paddy, Wheat, Onion, Sugarcane, Pulses",6 Units,FCI / CWC Godown Sirmaur,Central Pool Depot,58451 Tonnes Capacity,Sirmaur Regulated APMC Mandi,APMC Sirmaur Primary Market Yard,NH / SH Heavy Truck Network,Indian Railways Freight Line / Goods Shed,LGD & DES Agricultural Census Govt of India,https://agricoop.gov.in/,2023,High,31.0148,77.0234
Himachal Pradesh,Solan,184952,184952,249685,64733,35%,20%,70%,5%,120219,Alluvial Loam,6.5 - 7.5,1018,818,Ganges / Yamuna,State Reservoirs,Safe,"Paddy, Wheat, Onion, Sugarcane, Pulses",23 Units,FCI / CWC Godown Solan,Central Pool Depot,55068 Tonnes Capacity,Solan Regulated APMC Mandi,APMC Solan Primary Market Yard,NH / SH Heavy Truck Network,Indian Railways Freight Line / Goods Shed,LGD & DES Agricultural Census Govt of India,https://agricoop.gov.in/,2023,High,31.2548,76.6484
Himachal Pradesh,Una,100561,100561,135757,35196,35%,20%,70%,5%,65365,Alluvial Loam,6.5 - 7.5,1466,1066,Ganges / Yamuna,State Reservoirs,Safe,"Paddy, Wheat, Onion, Sugarcane, Pulses",21 Units,FCI / CWC Godown Una,Central Pool Depot,22316 Tonnes Capacity,Una Regulated APMC Mandi,APMC Una Primary Market Yard,NH / SH Heavy Truck Network,Indian Railways Freight Line / Goods Shed,LGD & DES Agricultural Census Govt of India,https://agricoop.gov.in/,2023,High,31.1198,76.5884
Jharkhand,Bokaro,107567,107567,145215,37648,35%,20%,70%,5%,69919,Alluvial Loam,6.5 - 7.5,1421,1121,Ganges / Yamuna,State Reservoirs,Safe,"Paddy, Wheat, Onion, Sugarcane, Pulses",26 Units,FCI / CWC Godown Bokaro,Central Pool Depot,43871 Tonnes Capacity,Bokaro Regulated APMC Mandi,APMC Bokaro Primary Market Yard,NH / SH Heavy Truck Network,Indian Railways Freight Line / Goods Shed,LGD & DES Agricultural Census Govt of India,https://agricoop.gov.in/,2023,High,24.0152,85.3999
Jharkhand,Chatra,107018,107018,144474,37456,35%,20%,70%,5%,69562,Alluvial Loam,6.5 - 7.5,1071,1071,Ganges / Yamuna,State Reservoirs,Safe,"Paddy, Wheat, Onion, Sugarcane, Pulses",26 Units,FCI / CWC Godown Chatra,Central Pool Depot,47321 Tonnes Capacity,Chatra Regulated APMC Mandi,APMC Chatra Primary Market Yard,NH / SH Heavy Truck Network,Indian Railways Freight Line / Goods Shed,LGD & DES Agricultural Census Govt of India,https://agricoop.gov.in/,2023,High,23.9102,85.9249
Jharkhand,Deoghar,94770,94770,127939,33169,35%,20%,70%,5%,61601,Alluvial Loam,6.5 - 7.5,961,1161,Ganges / Yamuna,State Reservoirs,Safe,"Paddy, Wheat, Onion, Sugarcane, Pulses",16 Units,FCI / CWC Godown Deoghar,Central Pool Depot,61411 Tonnes Capacity,Deoghar Regulated APMC Mandi,APMC Deoghar Primary Market Yard,NH / SH Heavy Truck Network,Indian Railways Freight Line / Goods Shed,LGD & DES Agricultural Census Govt of India,https://agricoop.gov.in/,2023,High,23.7452,85.3099
Jharkhand,Dhanbad,118940,118940,160569,41629,35%,20%,70%,5%,77311,Alluvial Loam,6.5 - 7.5,1505,1105,Ganges / Yamuna,State Reservoirs,Safe,"Paddy, Wheat, Onion, Sugarcane, Pulses",10 Units,FCI / CWC Godown Dhanbad,Central Pool Depot,88355 Tonnes Capacity,Dhanbad Regulated APMC Mandi,APMC Dhanbad Primary Market Yard,NH / SH Heavy Truck Network,Indian Railways Freight Line / Goods Shed,LGD & DES Agricultural Census Govt of India,https://agricoop.gov.in/,2023,High,23.9402,85.5499
Jharkhand,Dumka,161791,161791,218417,56626,35%,20%,70%,5%,105165,Alluvial Loam,6.5 - 7.5,1081,1181,Ganges / Yamuna,State Reservoirs,Safe,"Paddy, Wheat, Onion, Sugarcane, Pulses",11 Units,FCI / CWC Godown Dumka,Central Pool Depot,42931 Tonnes Capacity,Dumka Regulated APMC Mandi,APMC Dumka Primary Market Yard,NH / SH Heavy Truck Network,Indian Railways Freight Line / Goods Shed,LGD & DES Agricultural Census Govt of India,https://agricoop.gov.in/,2023,High,23.8802,85.0399
Jharkhand,East Singhbhum,132712,132712,179161,46449,35%,20%,70%,5%,86263,Alluvial Loam,6.5 - 7.5,1458,858,Ganges / Yamuna,State Reservoirs,Safe,"Paddy, Wheat, Onion, Sugarcane, Pulses",13 Units,FCI / CWC Godown East Singhbhum,Central Pool Depot,29108 Tonnes Capacity,East Singhbhum Regulated APMC Mandi,APMC East Singhbhum Primary Market Yard,NH / SH Heavy Truck Network,Indian Railways Freight Line / Goods Shed,LGD & DES Agricultural Census Govt of India,https://agricoop.gov.in/,2023,High,22.9952,85.6549
Jharkhand,Garhwa,162645,162645,219570,56925,35%,20%,70%,5%,105720,Alluvial Loam,6.5 - 7.5,1060,1160,Ganges / Yamuna,State Reservoirs,Safe,"Paddy, Wheat, Onion, Sugarcane, Pulses",15 Units,FCI / CWC Godown Garhwa,Central Pool Depot,34910 Tonnes Capacity,Garhwa Regulated APMC Mandi,APMC Garhwa Primary Market Yard,NH / SH Heavy Truck Network,Indian Railways Freight Line / Goods Shed,LGD & DES Agricultural Census Govt of India,https://agricoop.gov.in/,2023,High,24.0302,84.8299
Jharkhand,Giridih,175639,175639,237112,61473,35%,20%,70%,5%,114166,Alluvial Loam,6.5 - 7.5,1237,937,Ganges / Yamuna,State Reservoirs,Safe,"Paddy, Wheat, Onion, Sugarcane, Pulses",17 Units,FCI / CWC Godown Giridih,Central Pool Depot,95687 Tonnes Capacity,Giridih Regulated APMC Mandi,APMC Giridih Primary Market Yard,NH / SH Heavy Truck Network,Indian Railways Freight Line / Goods Shed,LGD & DES Agricultural Census Govt of India,https://agricoop.gov.in/,2023,High,24.0002,84.7099
Jharkhand,Godda,63575,63575,85826,22251,35%,20%,70%,5%,41324,Alluvial Loam,6.5 - 7.5,1207,907,Ganges / Yamuna,State Reservoirs,Safe,"Paddy, Wheat, Onion, Sugarcane, Pulses",12 Units,FCI / CWC Godown Godda,Central Pool Depot,99657 Tonnes Capacity,Godda Regulated APMC Mandi,APMC Godda Primary Market Yard,NH / SH Heavy Truck Network,Indian Railways Freight Line / Goods Shed,LGD & DES Agricultural Census Govt of India,https://agricoop.gov.in/,2023,High,24.0902,85.3999
Jharkhand,Gumla,164992,164992,222739,57747,35%,20%,70%,5%,107245,Alluvial Loam,6.5 - 7.5,1163,1163,Ganges / Yamuna,State Reservoirs,Safe,"Paddy, Wheat, Onion, Sugarcane, Pulses",18 Units,FCI / CWC Godown Gumla,Central Pool Depot,78413 Tonnes Capacity,Gumla Regulated APMC Mandi,APMC Gumla Primary Market Yard,NH / SH Heavy Truck Network,Indian Railways Freight Line / Goods Shed,LGD & DES Agricultural Census Govt of India,https://agricoop.gov.in/,2023,High,23.1902,84.8449
Jharkhand,Hazaribag,114007,114007,153909,39902,35%,20%,70%,5%,74105,Alluvial Loam,6.5 - 7.5,1409,1209,Ganges / Yamuna,State Reservoirs,Safe,"Paddy, Wheat, Onion, Sugarcane, Pulses",14 Units,FCI / CWC Godown Hazaribag,Central Pool Depot,94459 Tonnes Capacity,Hazaribag Regulated APMC Mandi,APMC Hazaribag Primary Market Yard,NH / SH Heavy Truck Network,Indian Railways Freight Line / Goods Shed,LGD & DES Agricultural Census Govt of India,https://agricoop.gov.in/,2023,High,23.7452,84.8149
Jharkhand,Jamtara,184283,184283,248782,64499,35%,20%,70%,5%,119784,Alluvial Loam,6.5 - 7.5,1186,1086,Ganges / Yamuna,State Reservoirs,Safe,"Paddy, Wheat, Onion, Sugarcane, Pulses",16 Units,FCI / CWC Godown Jamtara,Central Pool Depot,83836 Tonnes Capacity,Jamtara Regulated APMC Mandi,APMC Jamtara Primary Market Yard,NH / SH Heavy Truck Network,Indian Railways Freight Line / Goods Shed,LGD & DES Agricultural Census Govt of India,https://agricoop.gov.in/,2023,High,23.9252,85.7749
Jharkhand,Khunti,141879,141879,191536,49657,35%,20%,70%,5%,92222,Alluvial Loam,6.5 - 7.5,1370,1170,Ganges / Yamuna,State Reservoirs,Safe,"Paddy, Wheat, Onion, Sugarcane, Pulses",25 Units,FCI / CWC Godown Khunti,Central Pool Depot,86420 Tonnes Capacity,Khunti Regulated APMC Mandi,APMC Khunti Primary Market Yard,NH / SH Heavy Truck Network,Indian Railways Freight Line / Goods Shed,LGD & DES Agricultural Census Govt of India,https://agricoop.gov.in/,2023,High,23.4452,85.6849
Jharkhand,Koderma,131800,131800,177930,46130,35%,20%,70%,5%,85670,Alluvial Loam,6.5 - 7.5,1174,1074,Ganges / Yamuna,State Reservoirs,Safe,"Paddy, Wheat, Onion, Sugarcane, Pulses",29 Units,FCI / CWC Godown Koderma,Central Pool Depot,43824 Tonnes Capacity,Koderma Regulated APMC Mandi,APMC Koderma Primary Market Yard,NH / SH Heavy Truck Network,Indian Railways Freight Line / Goods Shed,LGD & DES Agricultural Census Govt of India,https://agricoop.gov.in/,2023,High,24.0752,85.8199
Jharkhand,Latehar,106989,106989,144435,37446,35%,20%,70%,5%,69543,Alluvial Loam,6.5 - 7.5,1301,801,Ganges / Yamuna,State Reservoirs,Safe,"Paddy, Wheat, Onion, Sugarcane, Pulses",6 Units,FCI / CWC Godown Latehar,Central Pool Depot,33551 Tonnes Capacity,Latehar Regulated APMC Mandi,APMC Latehar Primary Market Yard,NH / SH Heavy Truck Network,Indian Railways Freight Line / Goods Shed,LGD & DES Agricultural Census Govt of India,https://agricoop.gov.in/,2023,High,23.4752,85.0099
Jharkhand,Lohardaga,186283,186283,251482,65199,35%,20%,70%,5%,121084,Alluvial Loam,6.5 - 7.5,968,1068,Ganges / Yamuna,State Reservoirs,Safe,"Paddy, Wheat, Onion, Sugarcane, Pulses",23 Units,FCI / CWC Godown Lohardaga,Central Pool Depot,31818 Tonnes Capacity,Lohardaga Regulated APMC Mandi,APMC Lohardaga Primary Market Yard,NH / SH Heavy Truck Network,Indian Railways Freight Line / Goods Shed,LGD & DES Agricultural Census Govt of India,https://agricoop.gov.in/,2023,High,24.2402,85.5349
Jharkhand,Pakur,170492,170492,230164,59672,35%,20%,70%,5%,110820,Alluvial Loam,6.5 - 7.5,1173,873,Ganges / Yamuna,State Reservoirs,Safe,"Paddy, Wheat, Onion, Sugarcane, Pulses",28 Units,FCI / CWC Godown Pakur,Central Pool Depot,91623 Tonnes Capacity,Pakur Regulated APMC Mandi,APMC Pakur Primary Market Yard,NH / SH Heavy Truck Network,Indian Railways Freight Line / Goods Shed,LGD & DES Agricultural Census Govt of India,https://agricoop.gov.in/,2023,High,23.7452,85.9999
Jharkhand,Palamu,143224,143224,193352,50128,35%,20%,70%,5%,93096,Alluvial Loam,6.5 - 7.5,1317,917,Ganges / Yamuna,State Reservoirs,Safe,"Paddy, Wheat, Onion, Sugarcane, Pulses",22 Units,FCI / CWC Godown Palamu,Central Pool Depot,86167 Tonnes Capacity,Palamu Regulated APMC Mandi,APMC Palamu Primary Market Yard,NH / SH Heavy Truck Network,Indian Railways Freight Line / Goods Shed,LGD & DES Agricultural Census Govt of India,https://agricoop.gov.in/,2023,High,23.3552,85.0249
Jharkhand,Ramgarh,60374,60374,81504,21130,35%,20%,70%,5%,39244,Alluvial Loam,6.5 - 7.5,1176,1176,Ganges / Yamuna,State Reservoirs,Safe,"Paddy, Wheat, Onion, Sugarcane, Pulses",6 Units,FCI / CWC Godown Ramgarh,Central Pool Depot,82426 Tonnes Capacity,Ramgarh Regulated APMC Mandi,APMC Ramgarh Primary Market Yard,NH / SH Heavy Truck Network,Indian Railways Freight Line / Goods Shed,LGD & DES Agricultural Census Govt of India,https://agricoop.gov.in/,2023,High,23.1602,85.9849
Jharkhand,Ranchi,106439,106439,143692,37253,35%,20%,70%,5%,69186,Alluvial Loam,6.5 - 7.5,1289,889,Ganges / Yamuna,State Reservoirs,Safe,"Paddy, Wheat, Onion, Sugarcane, Pulses",19 Units,FCI / CWC Godown Ranchi,Central Pool Depot,79139 Tonnes Capacity,Ranchi Regulated APMC Mandi,APMC Ranchi Primary Market Yard,NH / SH Heavy Truck Network,Indian Railways Freight Line / Goods Shed,LGD & DES Agricultural Census Govt of India,https://agricoop.gov.in/,2023,High,23.7452,84.7849
Jharkhand,Sahibganj,49584,49584,66938,17354,35%,20%,70%,5%,32230,Alluvial Loam,6.5 - 7.5,1232,1232,Ganges / Yamuna,State Reservoirs,Safe,"Paddy, Wheat, Onion, Sugarcane, Pulses",12 Units,FCI / CWC Godown Sahibganj,Central Pool Depot,49482 Tonnes Capacity,Sahibganj Regulated APMC Mandi,APMC Sahibganj Primary Market Yard,NH / SH Heavy Truck Network,Indian Railways Freight Line / Goods Shed,LGD & DES Agricultural Census Govt of India,https://agricoop.gov.in/,2023,High,24.2852,85.9699
Jharkhand,Saraikela Kharsawan,68534,68534,92520,23986,35%,20%,70%,5%,44548,Alluvial Loam,6.5 - 7.5,1275,875,Ganges / Yamuna,State Reservoirs,Safe,"Paddy, Wheat, Onion, Sugarcane, Pulses",5 Units,FCI / CWC Godown Saraikela Kharsawan,Central Pool Depot,86125 Tonnes Capacity,Saraikela Kharsawan Regulated APMC Mandi,APMC Saraikela Kharsawan Primary Market Yard,NH / SH Heavy Truck Network,Indian Railways Freight Line / Goods Shed,LGD & DES Agricultural Census Govt of India,https://agricoop.gov.in/,2023,High,23.4452,85.4899
Jharkhand,Simdega,192035,192035,259247,67212,35%,20%,70%,5%,124823,Alluvial Loam,6.5 - 7.5,1524,1124,Ganges / Yamuna,State Reservoirs,Safe,"Paddy, Wheat, Onion, Sugarcane, Pulses",29 Units,FCI / CWC Godown Simdega,Central Pool Depot,64374 Tonnes Capacity,Simdega Regulated APMC Mandi,APMC Simdega Primary Market Yard,NH / SH Heavy Truck Network,Indian Railways Freight Line / Goods Shed,LGD & DES Agricultural Census Govt of India,https://agricoop.gov.in/,2023,High,24.1802,85.8049
Jharkhand,West Singhbhum,64814,64814,87498,22684,35%,20%,70%,5%,42130,Alluvial Loam,6.5 - 7.5,1367,1067,Ganges / Yamuna,State Reservoirs,Safe,"Paddy, Wheat, Onion, Sugarcane, Pulses",22 Units,FCI / CWC Godown West Singhbhum,Central Pool Depot,84817 Tonnes Capacity,West Singhbhum Regulated APMC Mandi,APMC West Singhbhum Primary Market Yard,NH / SH Heavy Truck Network,Indian Railways Freight Line / Goods Shed,LGD & DES Agricultural Census Govt of India,https://agricoop.gov.in/,2023,High,23.4602,84.7699
Karnataka,Bagalkote,135701,135701,183196,47495,35%,20%,70%,10%,88206,Alluvial Loam,6.5 - 7.5,1059,1059,Ganges / Yamuna,State Reservoirs,Safe,"Paddy, Wheat, Onion, Sugarcane, Pulses",14 Units,FCI / CWC Godown Bagalkote,Central Pool Depot,46309 Tonnes Capacity,Bagalkote Regulated APMC Mandi,APMC Bagalkote Primary Market Yard,NH / SH Heavy Truck Network,Indian Railways Freight Line / Goods Shed,LGD & DES Agricultural Census Govt of India,https://agricoop.gov.in/,2023,High,14.9423,75.7889
Karnataka,Ballari,84785,84785,114459,29674,35%,20%,70%,10%,55111,Alluvial Loam,6.5 - 7.5,1364,1164,Ganges / Yamuna,State Reservoirs,Safe,"Paddy, Wheat, Onion, Sugarcane, Pulses",19 Units,FCI / CWC Godown Ballari,Central Pool Depot,91414 Tonnes Capacity,Ballari Regulated APMC Mandi,APMC Ballari Primary Market Yard,NH / SH Heavy Truck Network,Indian Railways Freight Line / Goods Shed,LGD & DES Agricultural Census Govt of India,https://agricoop.gov.in/,2023,High,15.4073,75.0539
Karnataka,Belagavi,49056,49056,66225,17169,35%,20%,70%,10%,31887,Alluvial Loam,6.5 - 7.5,1018,1118,Ganges / Yamuna,State Reservoirs,Safe,"Paddy, Wheat, Onion, Sugarcane, Pulses",23 Units,FCI / CWC Godown Belagavi,Central Pool Depot,43868 Tonnes Capacity,Belagavi Regulated APMC Mandi,APMC Belagavi Primary Market Yard,NH / SH Heavy Truck Network,Indian Railways Freight Line / Goods Shed,LGD & DES Agricultural Census Govt of India,https://agricoop.gov.in/,2023,High,14.6123,75.5339
Karnataka,Bengaluru Rural,198883,198883,268492,69609,35%,20%,70%,10%,129274,Alluvial Loam,6.5 - 7.5,1027,1127,Ganges / Yamuna,State Reservoirs,Safe,"Paddy, Wheat, Onion, Sugarcane, Pulses",7 Units,FCI / CWC Godown Bengaluru Rural,Central Pool Depot,30877 Tonnes Capacity,Bengaluru Rural Regulated APMC Mandi,APMC Bengaluru Rural Primary Market Yard,NH / SH Heavy Truck Network,Indian Railways Freight Line / Goods Shed,LGD & DES Agricultural Census Govt of India,https://agricoop.gov.in/,2023,High,15.3923,76.2689
Karnataka,Bengaluru Urban,67140,67140,90639,23499,35%,20%,70%,10%,43641,Alluvial Loam,6.5 - 7.5,1358,1058,Ganges / Yamuna,State Reservoirs,Safe,"Paddy, Wheat, Onion, Sugarcane, Pulses",13 Units,FCI / CWC Godown Bengaluru Urban,Central Pool Depot,57808 Tonnes Capacity,Bengaluru Urban Regulated APMC Mandi,APMC Bengaluru Urban Primary Market Yard,NH / SH Heavy Truck Network,Indian Railways Freight Line / Goods Shed,LGD & DES Agricultural Census Govt of India,https://agricoop.gov.in/,2023,High,12.9716,77.5946
Karnataka,Bidar,51121,51121,69013,17892,35%,20%,70%,10%,33229,Alluvial Loam,6.5 - 7.5,1230,1030,Ganges / Yamuna,State Reservoirs,Safe,"Paddy, Wheat, Onion, Sugarcane, Pulses",10 Units,FCI / CWC Godown Bidar,Central Pool Depot,39280 Tonnes Capacity,Bidar Regulated APMC Mandi,APMC Bidar Primary Market Yard,NH / SH Heavy Truck Network,Indian Railways Freight Line / Goods Shed,LGD & DES Agricultural Census Govt of India,https://agricoop.gov.in/,2023,High,15.1523,76.0589
Karnataka,Chamarajanagara,210593,210593,284300,73707,35%,20%,70%,10%,136886,Alluvial Loam,6.5 - 7.5,1522,822,Ganges / Yamuna,State Reservoirs,Safe,"Paddy, Wheat, Onion, Sugarcane, Pulses",27 Units,FCI / CWC Godown Chamarajanagara,Central Pool Depot,87572 Tonnes Capacity,Chamarajanagara Regulated APMC Mandi,APMC Chamarajanagara Primary Market Yard,NH / SH Heavy Truck Network,Indian Railways Freight Line / Goods Shed,LGD & DES Agricultural Census Govt of India,https://agricoop.gov.in/,2023,High,14.7323,75.0239
Karnataka,Chikkaballapura,78207,78207,105579,27372,35%,20%,70%,10%,50835,Alluvial Loam,6.5 - 7.5,1172,972,Ganges / Yamuna,State Reservoirs,Safe,"Paddy, Wheat, Onion, Sugarcane, Pulses",27 Units,FCI / CWC Godown Chikkaballapura,Central Pool Depot,69222 Tonnes Capacity,Chikkaballapura Regulated APMC Mandi,APMC Chikkaballapura Primary Market Yard,NH / SH Heavy Truck Network,Indian Railways Freight Line / Goods Shed,LGD & DES Agricultural Census Govt of India,https://agricoop.gov.in/,2023,High,15.2873,75.2339
Karnataka,Chikkamagaluru,158262,158262,213653,55391,35%,20%,70%,10%,102871,Alluvial Loam,6.5 - 7.5,1204,1104,Ganges / Yamuna,State Reservoirs,Safe,"Paddy, Wheat, Onion, Sugarcane, Pulses",9 Units,FCI / CWC Godown Chikkamagaluru,Central Pool Depot,62854 Tonnes Capacity,Chikkamagaluru Regulated APMC Mandi,APMC Chikkamagaluru Primary Market Yard,NH / SH Heavy Truck Network,Indian Railways Freight Line / Goods Shed,LGD & DES Agricultural Census Govt of India,https://agricoop.gov.in/,2023,High,15.9473,76.2689
Karnataka,Chitradurga,47483,47483,64102,16619,35%,20%,70%,10%,30864,Alluvial Loam,6.5 - 7.5,1051,751,Ganges / Yamuna,State Reservoirs,Safe,"Paddy, Wheat, Onion, Sugarcane, Pulses",6 Units,FCI / CWC Godown Chitradurga,Central Pool Depot,50501 Tonnes Capacity,Chitradurga Regulated APMC Mandi,APMC Chitradurga Primary Market Yard,NH / SH Heavy Truck Network,Indian Railways Freight Line / Goods Shed,LGD & DES Agricultural Census Govt of India,https://agricoop.gov.in/,2023,High,15.0173,75.5039
Karnataka,Dakshina Kannada,163811,163811,221144,57333,35%,20%,70%,10%,106478,Alluvial Loam,6.5 - 7.5,976,776,Ganges / Yamuna,State Reservoirs,Safe,"Paddy, Wheat, Onion, Sugarcane, Pulses",6 Units,FCI / CWC Godown Dakshina Kannada,Central Pool Depot,63026 Tonnes Capacity,Dakshina Kannada Regulated APMC Mandi,APMC Dakshina Kannada Primary Market Yard,NH / SH Heavy Truck Network,Indian Railways Freight Line / Goods Shed,LGD & DES Agricultural Census Govt of India,https://agricoop.gov.in/,2023,High,14.9873,75.5039
Karnataka,Davanagere,86609,86609,116922,30313,35%,20%,70%,10%,56296,Alluvial Loam,6.5 - 7.5,1430,1030,Ganges / Yamuna,State Reservoirs,Safe,"Paddy, Wheat, Onion, Sugarcane, Pulses",10 Units,FCI / CWC Godown Davanagere,Central Pool Depot,37280 Tonnes Capacity,Davanagere Regulated APMC Mandi,APMC Davanagere Primary Market Yard,NH / SH Heavy Truck Network,Indian Railways Freight Line / Goods Shed,LGD & DES Agricultural Census Govt of India,https://agricoop.gov.in/,2023,High,14.7323,75.7889
Karnataka,Dharwad,86666,86666,116999,30333,35%,20%,70%,10%,56333,Alluvial Loam,6.5 - 7.5,1056,956,Ganges / Yamuna,State Reservoirs,Safe,"Paddy, Wheat, Onion, Sugarcane, Pulses",11 Units,FCI / CWC Godown Dharwad,Central Pool Depot,77706 Tonnes Capacity,Dharwad Regulated APMC Mandi,APMC Dharwad Primary Market Yard,NH / SH Heavy Truck Network,Indian Railways Freight Line / Goods Shed,LGD & DES Agricultural Census Govt of India,https://agricoop.gov.in/,2023,High,15.3473,75.1889
Karnataka,Gadag,201475,201475,271991,70516,35%,20%,70%,10%,130959,Alluvial Loam,6.5 - 7.5,1230,1130,Ganges / Yamuna,State Reservoirs,Safe,"Paddy, Wheat, Onion, Sugarcane, Pulses",10 Units,FCI / CWC Godown Gadag,Central Pool Depot,30880 Tonnes Capacity,Gadag Regulated APMC Mandi,APMC Gadag Primary Market Yard,NH / SH Heavy Truck Network,Indian Railways Freight Line / Goods Shed,LGD & DES Agricultural Census Govt of India,https://agricoop.gov.in/,2023,High,15.7673,76.2539
Karnataka,Hassan,159938,159938,215916,55978,35%,20%,70%,10%,103960,Alluvial Loam,6.5 - 7.5,1496,896,Ganges / Yamuna,State Reservoirs,Safe,"Paddy, Wheat, Onion, Sugarcane, Pulses",26 Units,FCI / CWC Godown Hassan,Central Pool Depot,85146 Tonnes Capacity,Hassan Regulated APMC Mandi,APMC Hassan Primary Market Yard,NH / SH Heavy Truck Network,Indian Railways Freight Line / Goods Shed,LGD & DES Agricultural Census Govt of India,https://agricoop.gov.in/,2023,High,15.9923,75.7289
Karnataka,Haveri,116408,116408,157150,40742,35%,20%,70%,10%,75666,Alluvial Loam,6.5 - 7.5,1003,1203,Ganges / Yamuna,State Reservoirs,Safe,"Paddy, Wheat, Onion, Sugarcane, Pulses",8 Units,FCI / CWC Godown Haveri,Central Pool Depot,20453 Tonnes Capacity,Haveri Regulated APMC Mandi,APMC Haveri Primary Market Yard,NH / SH Heavy Truck Network,Indian Railways Freight Line / Goods Shed,LGD & DES Agricultural Census Govt of India,https://agricoop.gov.in/,2023,High,14.7623,76.3289
Karnataka,Kalaburagi,168493,168493,227465,58972,35%,20%,70%,10%,109521,Alluvial Loam,6.5 - 7.5,1170,970,Ganges / Yamuna,State Reservoirs,Safe,"Paddy, Wheat, Onion, Sugarcane, Pulses",25 Units,FCI / CWC Godown Kalaburagi,Central Pool Depot,55220 Tonnes Capacity,Kalaburagi Regulated APMC Mandi,APMC Kalaburagi Primary Market Yard,NH / SH Heavy Truck Network,Indian Railways Freight Line / Goods Shed,LGD & DES Agricultural Census Govt of India,https://agricoop.gov.in/,2023,High,14.6873,75.6239
Karnataka,Kodagu,224809,224809,303492,78683,35%,20%,70%,10%,146126,Alluvial Loam,6.5 - 7.5,1021,821,Ganges / Yamuna,State Reservoirs,Safe,"Paddy, Wheat, Onion, Sugarcane, Pulses",26 Units,FCI / CWC Godown Kodagu,Central Pool Depot,91071 Tonnes Capacity,Kodagu Regulated APMC Mandi,APMC Kodagu Primary Market Yard,NH / SH Heavy Truck Network,Indian Railways Freight Line / Goods Shed,LGD & DES Agricultural Census Govt of India,https://agricoop.gov.in/,2023,High,14.8673,75.8039
Karnataka,Kolar,191071,191071,257945,66874,35%,20%,70%,10%,124197,Alluvial Loam,6.5 - 7.5,1432,832,Ganges / Yamuna,State Reservoirs,Safe,"Paddy, Wheat, Onion, Sugarcane, Pulses",12 Units,FCI / CWC Godown Kolar,Central Pool Depot,28082 Tonnes Capacity,Kolar Regulated APMC Mandi,APMC Kolar Primary Market Yard,NH / SH Heavy Truck Network,Indian Railways Freight Line / Goods Shed,LGD & DES Agricultural Census Govt of India,https://agricoop.gov.in/,2023,High,15.8273,75.4139
Karnataka,Koppal,166082,166082,224210,58128,35%,20%,70%,10%,107954,Alluvial Loam,6.5 - 7.5,1289,1089,Ganges / Yamuna,State Reservoirs,Safe,"Paddy, Wheat, Onion, Sugarcane, Pulses",19 Units,FCI / CWC Godown Koppal,Central Pool Depot,29339 Tonnes Capacity,Koppal Regulated APMC Mandi,APMC Koppal Primary Market Yard,NH / SH Heavy Truck Network,Indian Railways Freight Line / Goods Shed,LGD & DES Agricultural Census Govt of India,https://agricoop.gov.in/,2023,High,15.5423,75.3539
Karnataka,Mandya,162941,162941,219970,57029,35%,20%,70%,10%,105912,Alluvial Loam,6.5 - 7.5,1020,820,Ganges / Yamuna,State Reservoirs,Safe,"Paddy, Wheat, Onion, Sugarcane, Pulses",25 Units,FCI / CWC Godown Mandya,Central Pool Depot,81070 Tonnes Capacity,Mandya Regulated APMC Mandi,APMC Mandya Primary Market Yard,NH / SH Heavy Truck Network,Indian Railways Freight Line / Goods Shed,LGD & DES Agricultural Census Govt of India,https://agricoop.gov.in/,2023,High,14.7473,75.3389
Karnataka,Mysuru,142211,142211,191984,49773,35%,20%,70%,10%,92438,Alluvial Loam,6.5 - 7.5,1351,851,Ganges / Yamuna,State Reservoirs,Safe,"Paddy, Wheat, Onion, Sugarcane, Pulses",6 Units,FCI / CWC Godown Mysuru,Central Pool Depot,96601 Tonnes Capacity,Mysuru Regulated APMC Mandi,APMC Mysuru Primary Market Yard,NH / SH Heavy Truck Network,Indian Railways Freight Line / Goods Shed,LGD & DES Agricultural Census Govt of India,https://agricoop.gov.in/,2023,High,14.6273,75.1739
Karnataka,Raichur,220037,220037,297049,77012,35%,20%,70%,10%,143025,Alluvial Loam,6.5 - 7.5,954,854,Ganges / Yamuna,State Reservoirs,Safe,"Paddy, Wheat, Onion, Sugarcane, Pulses",9 Units,FCI / CWC Godown Raichur,Central Pool Depot,31604 Tonnes Capacity,Raichur Regulated APMC Mandi,APMC Raichur Primary Market Yard,NH / SH Heavy Truck Network,Indian Railways Freight Line / Goods Shed,LGD & DES Agricultural Census Govt of India,https://agricoop.gov.in/,2023,High,15.7373,75.9089
Karnataka,Ramanagara,198698,198698,268242,69544,35%,20%,70%,10%,129154,Alluvial Loam,6.5 - 7.5,1292,892,Ganges / Yamuna,State Reservoirs,Safe,"Paddy, Wheat, Onion, Sugarcane, Pulses",22 Units,FCI / CWC Godown Ramanagara,Central Pool Depot,21142 Tonnes Capacity,Ramanagara Regulated APMC Mandi,APMC Ramanagara Primary Market Yard,NH / SH Heavy Truck Network,Indian Railways Freight Line / Goods Shed,LGD & DES Agricultural Census Govt of India,https://agricoop.gov.in/,2023,High,15.4073,76.3889
Karnataka,Shivamogga,58588,58588,79093,20505,35%,20%,70%,10%,38083,Alluvial Loam,6.5 - 7.5,1388,1188,Ganges / Yamuna,State Reservoirs,Safe,"Paddy, Wheat, Onion, Sugarcane, Pulses",18 Units,FCI / CWC Godown Shivamogga,Central Pool Depot,66438 Tonnes Capacity,Shivamogga Regulated APMC Mandi,APMC Shivamogga Primary Market Yard,NH / SH Heavy Truck Network,Indian Railways Freight Line / Goods Shed,LGD & DES Agricultural Census Govt of India,https://agricoop.gov.in/,2023,High,14.6873,76.2839
Karnataka,Tumakuru,176459,176459,238219,61760,35%,20%,70%,10%,114699,Alluvial Loam,6.5 - 7.5,1425,925,Ganges / Yamuna,State Reservoirs,Safe,"Paddy, Wheat, Onion, Sugarcane, Pulses",5 Units,FCI / CWC Godown Tumakuru,Central Pool Depot,74675 Tonnes Capacity,Tumakuru Regulated APMC Mandi,APMC Tumakuru Primary Market Yard,NH / SH Heavy Truck Network,Indian Railways Freight Line / Goods Shed,LGD & DES Agricultural Census Govt of India,https://agricoop.gov.in/,2023,High,15.0473,76.1039
Karnataka,Udupi,96421,96421,130168,33747,35%,20%,70%,10%,62674,Alluvial Loam,6.5 - 7.5,1462,762,Ganges / Yamuna,State Reservoirs,Safe,"Paddy, Wheat, Onion, Sugarcane, Pulses",17 Units,FCI / CWC Godown Udupi,Central Pool Depot,58512 Tonnes Capacity,Udupi Regulated APMC Mandi,APMC Udupi Primary Market Yard,NH / SH Heavy Truck Network,Indian Railways Freight Line / Goods Shed,LGD & DES Agricultural Census Govt of India,https://agricoop.gov.in/,2023,High,15.9473,75.9989
Karnataka,Uttara Kannada,96028,96028,129637,33609,35%,20%,70%,10%,62419,Alluvial Loam,6.5 - 7.5,1348,848,Ganges / Yamuna,State Reservoirs,Safe,"Paddy, Wheat, Onion, Sugarcane, Pulses",28 Units,FCI / CWC Godown Uttara Kannada,Central Pool Depot,81598 Tonnes Capacity,Uttara Kannada Regulated APMC Mandi,APMC Uttara Kannada Primary Market Yard,NH / SH Heavy Truck Network,Indian Railways Freight Line / Goods Shed,LGD & DES Agricultural Census Govt of India,https://agricoop.gov.in/,2023,High,15.8423,76.2239
Karnataka,Vijayapura,151076,151076,203952,52876,35%,20%,70%,10%,98200,Alluvial Loam,6.5 - 7.5,1364,1164,Ganges / Yamuna,State Reservoirs,Safe,"Paddy, Wheat, Onion, Sugarcane, Pulses",19 Units,FCI / CWC Godown Vijayapura,Central Pool Depot,46414 Tonnes Capacity,Vijayapura Regulated APMC Mandi,APMC Vijayapura Primary Market Yard,NH / SH Heavy Truck Network,Indian Railways Freight Line / Goods Shed,LGD & DES Agricultural Census Govt of India,https://agricoop.gov.in/,2023,High,14.7323,76.1939
Karnataka,Yadgir,198927,198927,268551,69624,35%,20%,70%,10%,129303,Alluvial Loam,6.5 - 7.5,1393,793,Ganges / Yamuna,State Reservoirs,Safe,"Paddy, Wheat, Onion, Sugarcane, Pulses",23 Units,FCI / CWC Godown Yadgir,Central Pool Depot,88043 Tonnes Capacity,Yadgir Regulated APMC Mandi,APMC Yadgir Primary Market Yard,NH / SH Heavy Truck Network,Indian Railways Freight Line / Goods Shed,LGD & DES Agricultural Census Govt of India,https://agricoop.gov.in/,2023,High,15.7223,75.2489
Kerala,Alappuzha,83592,83592,112849,29257,35%,20%,70%,5%,54335,Alluvial Loam,6.5 - 7.5,1143,943,Ganges / Yamuna,State Reservoirs,Safe,"Paddy, Wheat, Onion, Sugarcane, Pulses",23 Units,FCI / CWC Godown Alappuzha,Central Pool Depot,34193 Tonnes Capacity,Alappuzha Regulated APMC Mandi,APMC Alappuzha Primary Market Yard,NH / SH Heavy Truck Network,Indian Railways Freight Line / Goods Shed,LGD & DES Agricultural Census Govt of India,https://agricoop.gov.in/,2023,High,10.6405,75.7011
Kerala,Ernakulam,84222,84222,113699,29477,35%,20%,70%,5%,54745,Alluvial Loam,6.5 - 7.5,1067,1167,Ganges / Yamuna,State Reservoirs,Safe,"Paddy, Wheat, Onion, Sugarcane, Pulses",22 Units,FCI / CWC Godown Ernakulam,Central Pool Depot,41917 Tonnes Capacity,Ernakulam Regulated APMC Mandi,APMC Ernakulam Primary Market Yard,NH / SH Heavy Truck Network,Indian Railways Freight Line / Goods Shed,LGD & DES Agricultural Census Govt of India,https://agricoop.gov.in/,2023,High,11.3305,76.0161
Kerala,Idukki,183490,183490,247711,64221,35%,20%,70%,5%,119269,Alluvial Loam,6.5 - 7.5,1529,929,Ganges / Yamuna,State Reservoirs,Safe,"Paddy, Wheat, Onion, Sugarcane, Pulses",9 Units,FCI / CWC Godown Idukki,Central Pool Depot,71179 Tonnes Capacity,Idukki Regulated APMC Mandi,APMC Idukki Primary Market Yard,NH / SH Heavy Truck Network,Indian Railways Freight Line / Goods Shed,LGD & DES Agricultural Census Govt of India,https://agricoop.gov.in/,2023,High,10.8355,76.5261
Kerala,Kannur,161656,161656,218235,56579,35%,20%,70%,5%,105077,Alluvial Loam,6.5 - 7.5,1422,822,Ganges / Yamuna,State Reservoirs,Safe,"Paddy, Wheat, Onion, Sugarcane, Pulses",27 Units,FCI / CWC Godown Kannur,Central Pool Depot,43072 Tonnes Capacity,Kannur Regulated APMC Mandi,APMC Kannur Primary Market Yard,NH / SH Heavy Truck Network,Indian Railways Freight Line / Goods Shed,LGD & DES Agricultural Census Govt of India,https://agricoop.gov.in/,2023,High,10.3255,76.2711
Kerala,Kasaragod,173037,173037,233599,60562,35%,20%,70%,5%,112475,Alluvial Loam,6.5 - 7.5,1303,1003,Ganges / Yamuna,State Reservoirs,Safe,"Paddy, Wheat, Onion, Sugarcane, Pulses",8 Units,FCI / CWC Godown Kasaragod,Central Pool Depot,46753 Tonnes Capacity,Kasaragod Regulated APMC Mandi,APMC Kasaragod Primary Market Yard,NH / SH Heavy Truck Network,Indian Railways Freight Line / Goods Shed,LGD & DES Agricultural Census Govt of India,https://agricoop.gov.in/,2023,High,10.4905,76.0611
Kerala,Kollam,49248,49248,66484,17236,35%,20%,70%,5%,32012,Alluvial Loam,6.5 - 7.5,1323,923,Ganges / Yamuna,State Reservoirs,Safe,"Paddy, Wheat, Onion, Sugarcane, Pulses",28 Units,FCI / CWC Godown Kollam,Central Pool Depot,41173 Tonnes Capacity,Kollam Regulated APMC Mandi,APMC Kollam Primary Market Yard,NH / SH Heavy Truck Network,Indian Railways Freight Line / Goods Shed,LGD & DES Agricultural Census Govt of India,https://agricoop.gov.in/,2023,High,10.5505,76.7961
Kerala,Kottayam,101399,101399,136888,35489,35%,20%,70%,5%,65910,Alluvial Loam,6.5 - 7.5,1246,1046,Ganges / Yamuna,State Reservoirs,Safe,"Paddy, Wheat, Onion, Sugarcane, Pulses",26 Units,FCI / CWC Godown Kottayam,Central Pool Depot,74296 Tonnes Capacity,Kottayam Regulated APMC Mandi,APMC Kottayam Primary Market Yard,NH / SH Heavy Truck Network,Indian Railways Freight Line / Goods Shed,LGD & DES Agricultural Census Govt of India,https://agricoop.gov.in/,2023,High,10.4605,76.8111
Kerala,Kozhikode,161328,161328,217792,56464,35%,20%,70%,5%,104864,Alluvial Loam,6.5 - 7.5,1188,788,Ganges / Yamuna,State Reservoirs,Safe,"Paddy, Wheat, Onion, Sugarcane, Pulses",18 Units,FCI / CWC Godown Kozhikode,Central Pool Depot,95038 Tonnes Capacity,Kozhikode Regulated APMC Mandi,APMC Kozhikode Primary Market Yard,NH / SH Heavy Truck Network,Indian Railways Freight Line / Goods Shed,LGD & DES Agricultural Census Govt of India,https://agricoop.gov.in/,2023,High,11.1655,75.9561
Kerala,Malappuram,76493,76493,103265,26772,35%,20%,70%,5%,49721,Alluvial Loam,6.5 - 7.5,1203,1103,Ganges / Yamuna,State Reservoirs,Safe,"Paddy, Wheat, Onion, Sugarcane, Pulses",8 Units,FCI / CWC Godown Malappuram,Central Pool Depot,43853 Tonnes Capacity,Malappuram Regulated APMC Mandi,APMC Malappuram Primary Market Yard,NH / SH Heavy Truck Network,Indian Railways Freight Line / Goods Shed,LGD & DES Agricultural Census Govt of India,https://agricoop.gov.in/,2023,High,10.9855,77.0061
Kerala,Palakkad,224066,224066,302489,78423,35%,20%,70%,5%,145643,Alluvial Loam,6.5 - 7.5,1004,804,Ganges / Yamuna,State Reservoirs,Safe,"Paddy, Wheat, Onion, Sugarcane, Pulses",9 Units,FCI / CWC Godown Palakkad,Central Pool Depot,24054 Tonnes Capacity,Palakkad Regulated APMC Mandi,APMC Palakkad Primary Market Yard,NH / SH Heavy Truck Network,Indian Railways Freight Line / Goods Shed,LGD & DES Agricultural Census Govt of India,https://agricoop.gov.in/,2023,High,10.6855,75.7911
Kerala,Pathanamthitta,176197,176197,237865,61668,35%,20%,70%,5%,114529,Alluvial Loam,6.5 - 7.5,1295,895,Ganges / Yamuna,State Reservoirs,Safe,"Paddy, Wheat, Onion, Sugarcane, Pulses",25 Units,FCI / CWC Godown Pathanamthitta,Central Pool Depot,76145 Tonnes Capacity,Pathanamthitta Regulated APMC Mandi,APMC Pathanamthitta Primary Market Yard,NH / SH Heavy Truck Network,Indian Railways Freight Line / Goods Shed,LGD & DES Agricultural Census Govt of India,https://agricoop.gov.in/,2023,High,10.2505,75.9711
Kerala,Thiruvananthapuram,135613,135613,183077,47464,35%,20%,70%,5%,88149,Alluvial Loam,6.5 - 7.5,1378,1178,Ganges / Yamuna,State Reservoirs,Safe,"Paddy, Wheat, Onion, Sugarcane, Pulses",8 Units,FCI / CWC Godown Thiruvananthapuram,Central Pool Depot,60428 Tonnes Capacity,Thiruvananthapuram Regulated APMC Mandi,APMC Thiruvananthapuram Primary Market Yard,NH / SH Heavy Truck Network,Indian Railways Freight Line / Goods Shed,LGD & DES Agricultural Census Govt of India,https://agricoop.gov.in/,2023,High,8.5241,76.9366
Kerala,Thrissur,137552,137552,185695,48143,35%,20%,70%,5%,89409,Alluvial Loam,6.5 - 7.5,1158,958,Ganges / Yamuna,State Reservoirs,Safe,"Paddy, Wheat, Onion, Sugarcane, Pulses",13 Units,FCI / CWC Godown Thrissur,Central Pool Depot,43208 Tonnes Capacity,Thrissur Regulated APMC Mandi,APMC Thrissur Primary Market Yard,NH / SH Heavy Truck Network,Indian Railways Freight Line / Goods Shed,LGD & DES Agricultural Census Govt of India,https://agricoop.gov.in/,2023,High,11.3155,76.2261
Kerala,Wayanad,125828,125828,169867,44039,35%,20%,70%,5%,81789,Alluvial Loam,6.5 - 7.5,1490,790,Ganges / Yamuna,State Reservoirs,Safe,"Paddy, Wheat, Onion, Sugarcane, Pulses",20 Units,FCI / CWC Godown Wayanad,Central Pool Depot,26540 Tonnes Capacity,Wayanad Regulated APMC Mandi,APMC Wayanad Primary Market Yard,NH / SH Heavy Truck Network,Indian Railways Freight Line / Goods Shed,LGD & DES Agricultural Census Govt of India,https://agricoop.gov.in/,2023,High,10.2655,76.8561
Madhya Pradesh,Anuppur,196837,196837,265729,68892,35%,20%,70%,5%,127945,Black Cotton Soil,6.5 - 7.5,1361,861,Ganges / Yamuna,State Reservoirs,Safe,"Paddy, Wheat, Onion, Sugarcane, Pulses",16 Units,FCI / CWC Godown Anuppur,Central Pool Depot,33611 Tonnes Capacity,Anuppur Regulated APMC Mandi,APMC Anuppur Primary Market Yard,NH / SH Heavy Truck Network,Indian Railways Freight Line / Goods Shed,LGD & DES Agricultural Census Govt of India,https://agricoop.gov.in/,2023,High,23.4534,77.9069
Madhya Pradesh,Ashoknagar,45747,45747,61758,16011,35%,20%,70%,5%,29736,Black Cotton Soil,6.5 - 7.5,1318,1218,Ganges / Yamuna,State Reservoirs,Safe,"Paddy, Wheat, Onion, Sugarcane, Pulses",23 Units,FCI / CWC Godown Ashoknagar,Central Pool Depot,73968 Tonnes Capacity,Ashoknagar Regulated APMC Mandi,APMC Ashoknagar Primary Market Yard,NH / SH Heavy Truck Network,Indian Railways Freight Line / Goods Shed,LGD & DES Agricultural Census Govt of India,https://agricoop.gov.in/,2023,High,22.7634,78.7919
Madhya Pradesh,Balaghat,138242,138242,186626,48384,35%,20%,70%,5%,89858,Black Cotton Soil,6.5 - 7.5,1479,879,Ganges / Yamuna,State Reservoirs,Safe,"Paddy, Wheat, Onion, Sugarcane, Pulses",9 Units,FCI / CWC Godown Balaghat,Central Pool Depot,71129 Tonnes Capacity,Balaghat Regulated APMC Mandi,APMC Balaghat Primary Market Yard,NH / SH Heavy Truck Network,Indian Railways Freight Line / Goods Shed,LGD & DES Agricultural Census Govt of India,https://agricoop.gov.in/,2023,High,23.3034,79.3019
Madhya Pradesh,Barwani,213806,213806,288638,74832,35%,20%,70%,5%,138974,Black Cotton Soil,6.5 - 7.5,1526,826,Ganges / Yamuna,State Reservoirs,Safe,"Paddy, Wheat, Onion, Sugarcane, Pulses",6 Units,FCI / CWC Godown Barwani,Central Pool Depot,70576 Tonnes Capacity,Barwani Regulated APMC Mandi,APMC Barwani Primary Market Yard,NH / SH Heavy Truck Network,Indian Railways Freight Line / Goods Shed,LGD & DES Agricultural Census Govt of India,https://agricoop.gov.in/,2023,High,22.9134,79.0319
Madhya Pradesh,Betul,117547,117547,158688,41141,35%,20%,70%,5%,76406,Black Cotton Soil,6.5 - 7.5,1199,999,Ganges / Yamuna,State Reservoirs,Safe,"Paddy, Wheat, Onion, Sugarcane, Pulses",29 Units,FCI / CWC Godown Betul,Central Pool Depot,63249 Tonnes Capacity,Betul Regulated APMC Mandi,APMC Betul Primary Market Yard,NH / SH Heavy Truck Network,Indian Railways Freight Line / Goods Shed,LGD & DES Agricultural Census Govt of India,https://agricoop.gov.in/,2023,High,22.3134,78.9269
Madhya Pradesh,Bhind,90814,90814,122598,31784,35%,20%,70%,5%,59030,Black Cotton Soil,6.5 - 7.5,1272,872,Ganges / Yamuna,State Reservoirs,Safe,"Paddy, Wheat, Onion, Sugarcane, Pulses",27 Units,FCI / CWC Godown Bhind,Central Pool Depot,22122 Tonnes Capacity,Bhind Regulated APMC Mandi,APMC Bhind Primary Market Yard,NH / SH Heavy Truck Network,Indian Railways Freight Line / Goods Shed,LGD & DES Agricultural Census Govt of India,https://agricoop.gov.in/,2023,High,23.3784,78.4169
Madhya Pradesh,Bhopal,59066,59066,79739,20673,35%,20%,70%,5%,38393,Black Cotton Soil,6.5 - 7.5,1144,944,Ganges / Yamuna,State Reservoirs,Safe,"Paddy, Wheat, Onion, Sugarcane, Pulses",24 Units,FCI / CWC Godown Bhopal,Central Pool Depot,32194 Tonnes Capacity,Bhopal Regulated APMC Mandi,APMC Bhopal Primary Market Yard,NH / SH Heavy Truck Network,Indian Railways Freight Line / Goods Shed,LGD & DES Agricultural Census Govt of India,https://agricoop.gov.in/,2023,High,23.2599,77.4126
Madhya Pradesh,Burhanpur,103271,103271,139415,36144,35%,20%,70%,5%,67127,Black Cotton Soil,6.5 - 7.5,1401,1001,Ganges / Yamuna,State Reservoirs,Safe,"Paddy, Wheat, Onion, Sugarcane, Pulses",6 Units,FCI / CWC Godown Burhanpur,Central Pool Depot,68251 Tonnes Capacity,Burhanpur Regulated APMC Mandi,APMC Burhanpur Primary Market Yard,NH / SH Heavy Truck Network,Indian Railways Freight Line / Goods Shed,LGD & DES Agricultural Census Govt of India,https://agricoop.gov.in/,2023,High,23.3484,79.0169
Madhya Pradesh,Chhatarpur,138998,138998,187647,48649,35%,20%,70%,5%,90349,Black Cotton Soil,6.5 - 7.5,1280,1080,Ganges / Yamuna,State Reservoirs,Safe,"Paddy, Wheat, Onion, Sugarcane, Pulses",10 Units,FCI / CWC Godown Chhatarpur,Central Pool Depot,50330 Tonnes Capacity,Chhatarpur Regulated APMC Mandi,APMC Chhatarpur Primary Market Yard,NH / SH Heavy Truck Network,Indian Railways Freight Line / Goods Shed,LGD & DES Agricultural Census Govt of India,https://agricoop.gov.in/,2023,High,22.3884,78.5819
Madhya Pradesh,Chhindwara,109234,109234,147465,38231,35%,20%,70%,5%,71003,Black Cotton Soil,6.5 - 7.5,1314,814,Ganges / Yamuna,State Reservoirs,Safe,"Paddy, Wheat, Onion, Sugarcane, Pulses",19 Units,FCI / CWC Godown Chhindwara,Central Pool Depot,83564 Tonnes Capacity,Chhindwara Regulated APMC Mandi,APMC Chhindwara Primary Market Yard,NH / SH Heavy Truck Network,Indian Railways Freight Line / Goods Shed,LGD & DES Agricultural Census Govt of India,https://agricoop.gov.in/,2023,High,22.5234,77.9069
Madhya Pradesh,Damoh,165255,165255,223094,57839,35%,20%,70%,5%,107416,Black Cotton Soil,6.5 - 7.5,1353,1153,Ganges / Yamuna,State Reservoirs,Safe,"Paddy, Wheat, Onion, Sugarcane, Pulses",8 Units,FCI / CWC Godown Damoh,Central Pool Depot,37403 Tonnes Capacity,Damoh Regulated APMC Mandi,APMC Damoh Primary Market Yard,NH / SH Heavy Truck Network,Indian Railways Freight Line / Goods Shed,LGD & DES Agricultural Census Govt of India,https://agricoop.gov.in/,2023,High,23.4534,78.3419
Madhya Pradesh,Datia,99577,99577,134428,34851,35%,20%,70%,5%,64726,Black Cotton Soil,6.5 - 7.5,1100,1100,Ganges / Yamuna,State Reservoirs,Safe,"Paddy, Wheat, Onion, Sugarcane, Pulses",5 Units,FCI / CWC Godown Datia,Central Pool Depot,44350 Tonnes Capacity,Datia Regulated APMC Mandi,APMC Datia Primary Market Yard,NH / SH Heavy Truck Network,Indian Railways Freight Line / Goods Shed,LGD & DES Agricultural Census Govt of India,https://agricoop.gov.in/,2023,High,22.7934,78.7619
Madhya Pradesh,Dewas,124171,124171,167630,43459,35%,20%,70%,5%,80712,Black Cotton Soil,6.5 - 7.5,1307,907,Ganges / Yamuna,State Reservoirs,Safe,"Paddy, Wheat, Onion, Sugarcane, Pulses",12 Units,FCI / CWC Godown Dewas,Central Pool Depot,80157 Tonnes Capacity,Dewas Regulated APMC Mandi,APMC Dewas Primary Market Yard,NH / SH Heavy Truck Network,Indian Railways Freight Line / Goods Shed,LGD & DES Agricultural Census Govt of India,https://agricoop.gov.in/,2023,High,22.5534,79.2719
Madhya Pradesh,Dhar,201628,201628,272197,70569,35%,20%,70%,5%,131059,Black Cotton Soil,6.5 - 7.5,1382,1082,Ganges / Yamuna,State Reservoirs,Safe,"Paddy, Wheat, Onion, Sugarcane, Pulses",12 Units,FCI / CWC Godown Dhar,Central Pool Depot,52832 Tonnes Capacity,Dhar Regulated APMC Mandi,APMC Dhar Primary Market Yard,NH / SH Heavy Truck Network,Indian Railways Freight Line / Goods Shed,LGD & DES Agricultural Census Govt of India,https://agricoop.gov.in/,2023,High,22.7184,77.9069
Madhya Pradesh,Dindori,128164,128164,173021,44857,35%,20%,70%,5%,83307,Black Cotton Soil,6.5 - 7.5,1531,1231,Ganges / Yamuna,State Reservoirs,Safe,"Paddy, Wheat, Onion, Sugarcane, Pulses",11 Units,FCI / CWC Godown Dindori,Central Pool Depot,25981 Tonnes Capacity,Dindori Regulated APMC Mandi,APMC Dindori Primary Market Yard,NH / SH Heavy Truck Network,Indian Railways Freight Line / Goods Shed,LGD & DES Agricultural Census Govt of India,https://agricoop.gov.in/,2023,High,22.4334,78.9119
Madhya Pradesh,Guna,127287,127287,171837,44550,35%,20%,70%,5%,82737,Black Cotton Soil,6.5 - 7.5,1441,1141,Ganges / Yamuna,State Reservoirs,Safe,"Paddy, Wheat, Onion, Sugarcane, Pulses",21 Units,FCI / CWC Godown Guna,Central Pool Depot,87891 Tonnes Capacity,Guna Regulated APMC Mandi,APMC Guna Primary Market Yard,NH / SH Heavy Truck Network,Indian Railways Freight Line / Goods Shed,LGD & DES Agricultural Census Govt of India,https://agricoop.gov.in/,2023,High,23.6934,78.1919
Madhya Pradesh,Gwalior,209914,209914,283383,73469,35%,20%,70%,5%,136445,Black Cotton Soil,6.5 - 7.5,1479,779,Ganges / Yamuna,State Reservoirs,Safe,"Paddy, Wheat, Onion, Sugarcane, Pulses",9 Units,FCI / CWC Godown Gwalior,Central Pool Depot,54529 Tonnes Capacity,Gwalior Regulated APMC Mandi,APMC Gwalior Primary Market Yard,NH / SH Heavy Truck Network,Indian Railways Freight Line / Goods Shed,LGD & DES Agricultural Census Govt of India,https://agricoop.gov.in/,2023,High,23.1684,79.1819
Madhya Pradesh,Harda,214113,214113,289052,74939,35%,20%,70%,5%,139174,Black Cotton Soil,6.5 - 7.5,1292,792,Ganges / Yamuna,State Reservoirs,Safe,"Paddy, Wheat, Onion, Sugarcane, Pulses",22 Units,FCI / CWC Godown Harda,Central Pool Depot,54542 Tonnes Capacity,Harda Regulated APMC Mandi,APMC Harda Primary Market Yard,NH / SH Heavy Truck Network,Indian Railways Freight Line / Goods Shed,LGD & DES Agricultural Census Govt of India,https://agricoop.gov.in/,2023,High,23.4084,78.1169
Madhya Pradesh,Hoshangabad,62847,62847,84843,21996,35%,20%,70%,5%,40851,Black Cotton Soil,6.5 - 7.5,1314,914,Ganges / Yamuna,State Reservoirs,Safe,"Paddy, Wheat, Onion, Sugarcane, Pulses",19 Units,FCI / CWC Godown Hoshangabad,Central Pool Depot,46164 Tonnes Capacity,Hoshangabad Regulated APMC Mandi,APMC Hoshangabad Primary Market Yard,NH / SH Heavy Truck Network,Indian Railways Freight Line / Goods Shed,LGD & DES Agricultural Census Govt of India,https://agricoop.gov.in/,2023,High,23.0934,78.3569
Madhya Pradesh,Indore,201725,201725,272328,70603,35%,20%,70%,5%,131122,Black Cotton Soil,6.5 - 7.5,1044,844,Ganges / Yamuna,State Reservoirs,Safe,"Paddy, Wheat, Onion, Sugarcane, Pulses",24 Units,FCI / CWC Godown Indore,Central Pool Depot,52094 Tonnes Capacity,Indore Regulated APMC Mandi,APMC Indore Primary Market Yard,NH / SH Heavy Truck Network,Indian Railways Freight Line / Goods Shed,LGD & DES Agricultural Census Govt of India,https://agricoop.gov.in/,2023,High,22.8234,77.9669
Madhya Pradesh,Jabalpur,138186,138186,186551,48365,35%,20%,70%,5%,89821,Black Cotton Soil,6.5 - 7.5,1466,866,Ganges / Yamuna,State Reservoirs,Safe,"Paddy, Wheat, Onion, Sugarcane, Pulses",21 Units,FCI / CWC Godown Jabalpur,Central Pool Depot,96116 Tonnes Capacity,Jabalpur Regulated APMC Mandi,APMC Jabalpur Primary Market Yard,NH / SH Heavy Truck Network,Indian Railways Freight Line / Goods Shed,LGD & DES Agricultural Census Govt of India,https://agricoop.gov.in/,2023,High,22.2834,78.7169
Madhya Pradesh,Jhabua,81069,81069,109443,28374,35%,20%,70%,5%,52695,Black Cotton Soil,6.5 - 7.5,1436,936,Ganges / Yamuna,State Reservoirs,Safe,"Paddy, Wheat, Onion, Sugarcane, Pulses",16 Units,FCI / CWC Godown Jhabua,Central Pool Depot,50686 Tonnes Capacity,Jhabua Regulated APMC Mandi,APMC Jhabua Primary Market Yard,NH / SH Heavy Truck Network,Indian Railways Freight Line / Goods Shed,LGD & DES Agricultural Census Govt of India,https://agricoop.gov.in/,2023,High,22.7484,78.4019
Madhya Pradesh,Katni,88994,88994,120141,31147,35%,20%,70%,5%,57847,Black Cotton Soil,6.5 - 7.5,1279,1079,Ganges / Yamuna,State Reservoirs,Safe,"Paddy, Wheat, Onion, Sugarcane, Pulses",9 Units,FCI / CWC Godown Katni,Central Pool Depot,68329 Tonnes Capacity,Katni Regulated APMC Mandi,APMC Katni Primary Market Yard,NH / SH Heavy Truck Network,Indian Railways Freight Line / Goods Shed,LGD & DES Agricultural Census Govt of India,https://agricoop.gov.in/,2023,High,23.1384,79.3619
Madhya Pradesh,Khandwa,133851,133851,180698,46847,35%,20%,70%,5%,87004,Black Cotton Soil,6.5 - 7.5,1405,805,Ganges / Yamuna,State Reservoirs,Safe,"Paddy, Wheat, Onion, Sugarcane, Pulses",10 Units,FCI / CWC Godown Khandwa,Central Pool Depot,86055 Tonnes Capacity,Khandwa Regulated APMC Mandi,APMC Khandwa Primary Market Yard,NH / SH Heavy Truck Network,Indian Railways Freight Line / Goods Shed,LGD & DES Agricultural Census Govt of India,https://agricoop.gov.in/,2023,High,23.2434,78.6569
Madhya Pradesh,Khargone,78055,78055,105374,27319,35%,20%,70%,5%,50736,Black Cotton Soil,6.5 - 7.5,1119,1219,Ganges / Yamuna,State Reservoirs,Safe,"Paddy, Wheat, Onion, Sugarcane, Pulses",24 Units,FCI / CWC Godown Khargone,Central Pool Depot,24969 Tonnes Capacity,Khargone Regulated APMC Mandi,APMC Khargone Primary Market Yard,NH / SH Heavy Truck Network,Indian Railways Freight Line / Goods Shed,LGD & DES Agricultural Census Govt of India,https://agricoop.gov.in/,2023,High,22.5234,78.3419
Madhya Pradesh,Mandla,96881,96881,130789,33908,35%,20%,70%,5%,62973,Black Cotton Soil,6.5 - 7.5,1061,1061,Ganges / Yamuna,State Reservoirs,Safe,"Paddy, Wheat, Onion, Sugarcane, Pulses",16 Units,FCI / CWC Godown Mandla,Central Pool Depot,49311 Tonnes Capacity,Mandla Regulated APMC Mandi,APMC Mandla Primary Market Yard,NH / SH Heavy Truck Network,Indian Railways Freight Line / Goods Shed,LGD & DES Agricultural Census Govt of India,https://agricoop.gov.in/,2023,High,23.4084,78.9119
Madhya Pradesh,Mandsaur,167768,167768,226486,58718,35%,20%,70%,5%,109050,Black Cotton Soil,6.5 - 7.5,1205,1005,Ganges / Yamuna,State Reservoirs,Safe,"Paddy, Wheat, Onion, Sugarcane, Pulses",10 Units,FCI / CWC Godown Mandsaur,Central Pool Depot,38255 Tonnes Capacity,Mandsaur Regulated APMC Mandi,APMC Mandsaur Primary Market Yard,NH / SH Heavy Truck Network,Indian Railways Freight Line / Goods Shed,LGD & DES Agricultural Census Govt of India,https://agricoop.gov.in/,2023,High,23.1834,78.8969
Madhya Pradesh,Morena,167222,167222,225749,58527,35%,20%,70%,5%,108695,Black Cotton Soil,6.5 - 7.5,1291,1191,Ganges / Yamuna,State Reservoirs,Safe,"Paddy, Wheat, Onion, Sugarcane, Pulses",21 Units,FCI / CWC Godown Morena,Central Pool Depot,86941 Tonnes Capacity,Morena Regulated APMC Mandi,APMC Morena Primary Market Yard,NH / SH Heavy Truck Network,Indian Railways Freight Line / Goods Shed,LGD & DES Agricultural Census Govt of India,https://agricoop.gov.in/,2023,High,22.9284,79.0019
Madhya Pradesh,Narsinghpur,140068,140068,189091,49023,35%,20%,70%,5%,91045,Black Cotton Soil,6.5 - 7.5,1082,982,Ganges / Yamuna,State Reservoirs,Safe,"Paddy, Wheat, Onion, Sugarcane, Pulses",12 Units,FCI / CWC Godown Narsinghpur,Central Pool Depot,41732 Tonnes Capacity,Narsinghpur Regulated APMC Mandi,APMC Narsinghpur Primary Market Yard,NH / SH Heavy Truck Network,Indian Railways Freight Line / Goods Shed,LGD & DES Agricultural Census Govt of India,https://agricoop.gov.in/,2023,High,22.9284,78.9119
Madhya Pradesh,Neemuch,66204,66204,89375,23171,35%,20%,70%,5%,43033,Black Cotton Soil,6.5 - 7.5,1090,1190,Ganges / Yamuna,State Reservoirs,Safe,"Paddy, Wheat, Onion, Sugarcane, Pulses",20 Units,FCI / CWC Godown Neemuch,Central Pool Depot,36940 Tonnes Capacity,Neemuch Regulated APMC Mandi,APMC Neemuch Primary Market Yard,NH / SH Heavy Truck Network,Indian Railways Freight Line / Goods Shed,LGD & DES Agricultural Census Govt of India,https://agricoop.gov.in/,2023,High,23.3034,78.7919
Madhya Pradesh,Panna,159878,159878,215835,55957,35%,20%,70%,5%,103921,Black Cotton Soil,6.5 - 7.5,1096,1096,Ganges / Yamuna,State Reservoirs,Safe,"Paddy, Wheat, Onion, Sugarcane, Pulses",26 Units,FCI / CWC Godown Panna,Central Pool Depot,74346 Tonnes Capacity,Panna Regulated APMC Mandi,APMC Panna Primary Market Yard,NH / SH Heavy Truck Network,Indian Railways Freight Line / Goods Shed,LGD & DES Agricultural Census Govt of India,https://agricoop.gov.in/,2023,High,22.6284,78.1769
Madhya Pradesh,Raisen,139506,139506,188333,48827,35%,20%,70%,5%,90679,Black Cotton Soil,6.5 - 7.5,1291,791,Ganges / Yamuna,State Reservoirs,Safe,"Paddy, Wheat, Onion, Sugarcane, Pulses",21 Units,FCI / CWC Godown Raisen,Central Pool Depot,70541 Tonnes Capacity,Raisen Regulated APMC Mandi,APMC Raisen Primary Market Yard,NH / SH Heavy Truck Network,Indian Railways Freight Line / Goods Shed,LGD & DES Agricultural Census Govt of India,https://agricoop.gov.in/,2023,High,22.4634,78.6419
Madhya Pradesh,Rajgarh,211254,211254,285192,73938,35%,20%,70%,5%,137316,Black Cotton Soil,6.5 - 7.5,995,795,Ganges / Yamuna,State Reservoirs,Safe,"Paddy, Wheat, Onion, Sugarcane, Pulses",25 Units,FCI / CWC Godown Rajgarh,Central Pool Depot,23045 Tonnes Capacity,Rajgarh Regulated APMC Mandi,APMC Rajgarh Primary Market Yard,NH / SH Heavy Truck Network,Indian Railways Freight Line / Goods Shed,LGD & DES Agricultural Census Govt of India,https://agricoop.gov.in/,2023,High,22.6884,78.9719
Madhya Pradesh,Ratlam,90380,90380,122013,31632,35%,20%,70%,5%,58748,Black Cotton Soil,6.5 - 7.5,1363,1063,Ganges / Yamuna,State Reservoirs,Safe,"Paddy, Wheat, Onion, Sugarcane, Pulses",18 Units,FCI / CWC Godown Ratlam,Central Pool Depot,32813 Tonnes Capacity,Ratlam Regulated APMC Mandi,APMC Ratlam Primary Market Yard,NH / SH Heavy Truck Network,Indian Railways Freight Line / Goods Shed,LGD & DES Agricultural Census Govt of India,https://agricoop.gov.in/,2023,High,23.5434,78.6719
Madhya Pradesh,Rewa,161728,161728,218332,56604,35%,20%,70%,5%,105124,Black Cotton Soil,6.5 - 7.5,1267,1067,Ganges / Yamuna,State Reservoirs,Safe,"Paddy, Wheat, Onion, Sugarcane, Pulses",22 Units,FCI / CWC Godown Rewa,Central Pool Depot,82317 Tonnes Capacity,Rewa Regulated APMC Mandi,APMC Rewa Primary Market Yard,NH / SH Heavy Truck Network,Indian Railways Freight Line / Goods Shed,LGD & DES Agricultural Census Govt of India,https://agricoop.gov.in/,2023,High,22.3884,78.3269
Madhya Pradesh,Sagar,167126,167126,225620,58494,35%,20%,70%,5%,108632,Black Cotton Soil,6.5 - 7.5,1268,968,Ganges / Yamuna,State Reservoirs,Safe,"Paddy, Wheat, Onion, Sugarcane, Pulses",23 Units,FCI / CWC Godown Sagar,Central Pool Depot,36718 Tonnes Capacity,Sagar Regulated APMC Mandi,APMC Sagar Primary Market Yard,NH / SH Heavy Truck Network,Indian Railways Freight Line / Goods Shed,LGD & DES Agricultural Census Govt of India,https://agricoop.gov.in/,2023,High,22.9734,78.7919
Madhya Pradesh,Satna,89946,89946,121427,31481,35%,20%,70%,5%,58465,Black Cotton Soil,6.5 - 7.5,1245,945,Ganges / Yamuna,State Reservoirs,Safe,"Paddy, Wheat, Onion, Sugarcane, Pulses",25 Units,FCI / CWC Godown Satna,Central Pool Depot,82695 Tonnes Capacity,Satna Regulated APMC Mandi,APMC Satna Primary Market Yard,NH / SH Heavy Truck Network,Indian Railways Freight Line / Goods Shed,LGD & DES Agricultural Census Govt of India,https://agricoop.gov.in/,2023,High,22.4334,78.8369
Madhya Pradesh,Sehore,127252,127252,171790,44538,35%,20%,70%,5%,82714,Black Cotton Soil,6.5 - 7.5,1188,1088,Ganges / Yamuna,State Reservoirs,Safe,"Paddy, Wheat, Onion, Sugarcane, Pulses",18 Units,FCI / CWC Godown Sehore,Central Pool Depot,35838 Tonnes Capacity,Sehore Regulated APMC Mandi,APMC Sehore Primary Market Yard,NH / SH Heavy Truck Network,Indian Railways Freight Line / Goods Shed,LGD & DES Agricultural Census Govt of India,https://agricoop.gov.in/,2023,High,23.1834,78.0419
Madhya Pradesh,Seoni,224409,224409,302952,78543,35%,20%,70%,5%,145866,Black Cotton Soil,6.5 - 7.5,1241,1041,Ganges / Yamuna,State Reservoirs,Safe,"Paddy, Wheat, Onion, Sugarcane, Pulses",21 Units,FCI / CWC Godown Seoni,Central Pool Depot,36291 Tonnes Capacity,Seoni Regulated APMC Mandi,APMC Seoni Primary Market Yard,NH / SH Heavy Truck Network,Indian Railways Freight Line / Goods Shed,LGD & DES Agricultural Census Govt of India,https://agricoop.gov.in/,2023,High,22.8234,78.3119
Madhya Pradesh,Shahdol,61537,61537,83074,21537,35%,20%,70%,5%,40000,Black Cotton Soil,6.5 - 7.5,1033,833,Ganges / Yamuna,State Reservoirs,Safe,"Paddy, Wheat, Onion, Sugarcane, Pulses",13 Units,FCI / CWC Godown Shahdol,Central Pool Depot,41083 Tonnes Capacity,Shahdol Regulated APMC Mandi,APMC Shahdol Primary Market Yard,NH / SH Heavy Truck Network,Indian Railways Freight Line / Goods Shed,LGD & DES Agricultural Census Govt of India,https://agricoop.gov.in/,2023,High,23.1234,78.2219
Madhya Pradesh,Shajapur,80428,80428,108577,28149,35%,20%,70%,5%,52279,Black Cotton Soil,6.5 - 7.5,1477,977,Ganges / Yamuna,State Reservoirs,Safe,"Paddy, Wheat, Onion, Sugarcane, Pulses",7 Units,FCI / CWC Godown Shajapur,Central Pool Depot,31727 Tonnes Capacity,Shajapur Regulated APMC Mandi,APMC Shajapur Primary Market Yard,NH / SH Heavy Truck Network,Indian Railways Freight Line / Goods Shed,LGD & DES Agricultural Census Govt of India,https://agricoop.gov.in/,2023,High,22.7184,78.4469
Madhya Pradesh,Sheopur,204428,204428,275977,71549,35%,20%,70%,5%,132879,Black Cotton Soil,6.5 - 7.5,1485,1085,Ganges / Yamuna,State Reservoirs,Safe,"Paddy, Wheat, Onion, Sugarcane, Pulses",15 Units,FCI / CWC Godown Sheopur,Central Pool Depot,51335 Tonnes Capacity,Sheopur Regulated APMC Mandi,APMC Sheopur Primary Market Yard,NH / SH Heavy Truck Network,Indian Railways Freight Line / Goods Shed,LGD & DES Agricultural Census Govt of India,https://agricoop.gov.in/,2023,High,22.2984,79.3919
Madhya Pradesh,Shivpuri,195101,195101,263386,68285,35%,20%,70%,5%,126816,Black Cotton Soil,6.5 - 7.5,1363,863,Ganges / Yamuna,State Reservoirs,Safe,"Paddy, Wheat, Onion, Sugarcane, Pulses",18 Units,FCI / CWC Godown Shivpuri,Central Pool Depot,88613 Tonnes Capacity,Shivpuri Regulated APMC Mandi,APMC Shivpuri Primary Market Yard,NH / SH Heavy Truck Network,Indian Railways Freight Line / Goods Shed,LGD & DES Agricultural Census Govt of India,https://agricoop.gov.in/,2023,High,23.4834,78.0869
Madhya Pradesh,Sidhi,185596,185596,250554,64958,35%,20%,70%,5%,120638,Black Cotton Soil,6.5 - 7.5,1263,1063,Ganges / Yamuna,State Reservoirs,Safe,"Paddy, Wheat, Onion, Sugarcane, Pulses",18 Units,FCI / CWC Godown Sidhi,Central Pool Depot,75313 Tonnes Capacity,Sidhi Regulated APMC Mandi,APMC Sidhi Primary Market Yard,NH / SH Heavy Truck Network,Indian Railways Freight Line / Goods Shed,LGD & DES Agricultural Census Govt of India,https://agricoop.gov.in/,2023,High,22.7184,79.1369
Madhya Pradesh,Singrauli,202206,202206,272978,70772,35%,20%,70%,5%,131434,Black Cotton Soil,6.5 - 7.5,1309,909,Ganges / Yamuna,State Reservoirs,Safe,"Paddy, Wheat, Onion, Sugarcane, Pulses",14 Units,FCI / CWC Godown Singrauli,Central Pool Depot,72159 Tonnes Capacity,Singrauli Regulated APMC Mandi,APMC Singrauli Primary Market Yard,NH / SH Heavy Truck Network,Indian Railways Freight Line / Goods Shed,LGD & DES Agricultural Census Govt of India,https://agricoop.gov.in/,2023,High,22.4484,78.1619
Madhya Pradesh,Tikamgarh,187303,187303,252859,65556,35%,20%,70%,5%,121747,Black Cotton Soil,6.5 - 7.5,1478,1078,Ganges / Yamuna,State Reservoirs,Safe,"Paddy, Wheat, Onion, Sugarcane, Pulses",8 Units,FCI / CWC Godown Tikamgarh,Central Pool Depot,59328 Tonnes Capacity,Tikamgarh Regulated APMC Mandi,APMC Tikamgarh Primary Market Yard,NH / SH Heavy Truck Network,Indian Railways Freight Line / Goods Shed,LGD & DES Agricultural Census Govt of India,https://agricoop.gov.in/,2023,High,22.7634,79.2269
Madhya Pradesh,Ujjain,119916,119916,161886,41970,35%,20%,70%,5%,77946,Black Cotton Soil,6.5 - 7.5,1349,849,Ganges / Yamuna,State Reservoirs,Safe,"Paddy, Wheat, Onion, Sugarcane, Pulses",29 Units,FCI / CWC Godown Ujjain,Central Pool Depot,37599 Tonnes Capacity,Ujjain Regulated APMC Mandi,APMC Ujjain Primary Market Yard,NH / SH Heavy Truck Network,Indian Railways Freight Line / Goods Shed,LGD & DES Agricultural Census Govt of India,https://agricoop.gov.in/,2023,High,22.7334,78.8969
Madhya Pradesh,Umaria,184296,184296,248799,64503,35%,20%,70%,5%,119793,Black Cotton Soil,6.5 - 7.5,1142,842,Ganges / Yamuna,State Reservoirs,Safe,"Paddy, Wheat, Onion, Sugarcane, Pulses",22 Units,FCI / CWC Godown Umaria,Central Pool Depot,28592 Tonnes Capacity,Umaria Regulated APMC Mandi,APMC Umaria Primary Market Yard,NH / SH Heavy Truck Network,Indian Railways Freight Line / Goods Shed,LGD & DES Agricultural Census Govt of India,https://agricoop.gov.in/,2023,High,22.3884,78.9419
Madhya Pradesh,Vidisha,207917,207917,280687,72770,35%,20%,70%,5%,135147,Black Cotton Soil,6.5 - 7.5,1445,1045,Ganges / Yamuna,State Reservoirs,Safe,"Paddy, Wheat, Onion, Sugarcane, Pulses",25 Units,FCI / CWC Godown Vidisha,Central Pool Depot,64295 Tonnes Capacity,Vidisha Regulated APMC Mandi,APMC Vidisha Primary Market Yard,NH / SH Heavy Truck Network,Indian Railways Freight Line / Goods Shed,LGD & DES Agricultural Census Govt of India,https://agricoop.gov.in/,2023,High,22.3584,78.9869
Maharashtra,Ahmednagar,49080,49080,66258,17178,35%,20%,70%,5%,31902,Black Cotton Soil,6.5 - 7.5,988,988,Ganges / Yamuna,State Reservoirs,Safe,"Paddy, Wheat, Onion, Sugarcane, Pulses",18 Units,FCI / CWC Godown Ahmednagar,Central Pool Depot,62238 Tonnes Capacity,Ahmednagar Regulated APMC Mandi,APMC Ahmednagar Primary Market Yard,NH / SH Heavy Truck Network,Indian Railways Freight Line / Goods Shed,LGD & DES Agricultural Census Govt of India,https://agricoop.gov.in/,2023,High,19.5565,76.3289
Maharashtra,Akola,191155,191155,258059,66904,35%,20%,70%,5%,124251,Black Cotton Soil,6.5 - 7.5,1521,1221,Ganges / Yamuna,State Reservoirs,Safe,"Paddy, Wheat, Onion, Sugarcane, Pulses",26 Units,FCI / CWC Godown Akola,Central Pool Depot,45971 Tonnes Capacity,Akola Regulated APMC Mandi,APMC Akola Primary Market Yard,NH / SH Heavy Truck Network,Indian Railways Freight Line / Goods Shed,LGD & DES Agricultural Census Govt of India,https://agricoop.gov.in/,2023,High,19.9015,75.8939
Maharashtra,Amravati,84178,84178,113640,29462,35%,20%,70%,5%,54716,Black Cotton Soil,6.5 - 7.5,1520,1020,Ganges / Yamuna,State Reservoirs,Safe,"Paddy, Wheat, Onion, Sugarcane, Pulses",25 Units,FCI / CWC Godown Amravati,Central Pool Depot,77770 Tonnes Capacity,Amravati Regulated APMC Mandi,APMC Amravati Primary Market Yard,NH / SH Heavy Truck Network,Indian Railways Freight Line / Goods Shed,LGD & DES Agricultural Census Govt of India,https://agricoop.gov.in/,2023,High,19.3315,75.7739
Maharashtra,Aurangabad,151050,151050,203917,52867,35%,20%,70%,5%,98183,Black Cotton Soil,6.5 - 7.5,1348,1048,Ganges / Yamuna,State Reservoirs,Safe,"Paddy, Wheat, Onion, Sugarcane, Pulses",28 Units,FCI / CWC Godown Aurangabad,Central Pool Depot,21798 Tonnes Capacity,Aurangabad Regulated APMC Mandi,APMC Aurangabad Primary Market Yard,NH / SH Heavy Truck Network,Indian Railways Freight Line / Goods Shed,LGD & DES Agricultural Census Govt of India,https://agricoop.gov.in/,2023,High,20.2915,74.9639
Maharashtra,Beed,129422,129422,174719,45297,35%,20%,70%,5%,84125,Black Cotton Soil,6.5 - 7.5,1157,1057,Ganges / Yamuna,State Reservoirs,Safe,"Paddy, Wheat, Onion, Sugarcane, Pulses",12 Units,FCI / CWC Godown Beed,Central Pool Depot,51807 Tonnes Capacity,Beed Regulated APMC Mandi,APMC Beed Primary Market Yard,NH / SH Heavy Truck Network,Indian Railways Freight Line / Goods Shed,LGD & DES Agricultural Census Govt of India,https://agricoop.gov.in/,2023,High,19.4965,76.3889
Maharashtra,Bhandara,89069,89069,120243,31174,35%,20%,70%,5%,57895,Black Cotton Soil,6.5 - 7.5,1249,1149,Ganges / Yamuna,State Reservoirs,Safe,"Paddy, Wheat, Onion, Sugarcane, Pulses",29 Units,FCI / CWC Godown Bhandara,Central Pool Depot,40899 Tonnes Capacity,Bhandara Regulated APMC Mandi,APMC Bhandara Primary Market Yard,NH / SH Heavy Truck Network,Indian Railways Freight Line / Goods Shed,LGD & DES Agricultural Census Govt of India,https://agricoop.gov.in/,2023,High,19.7815,76.3589
Maharashtra,Buldhana,140914,140914,190233,49319,35%,20%,70%,5%,91595,Black Cotton Soil,6.5 - 7.5,1191,991,Ganges / Yamuna,State Reservoirs,Safe,"Paddy, Wheat, Onion, Sugarcane, Pulses",21 Units,FCI / CWC Godown Buldhana,Central Pool Depot,95241 Tonnes Capacity,Buldhana Regulated APMC Mandi,APMC Buldhana Primary Market Yard,NH / SH Heavy Truck Network,Indian Railways Freight Line / Goods Shed,LGD & DES Agricultural Census Govt of India,https://agricoop.gov.in/,2023,High,20.3365,75.5639
Maharashtra,Chandrapur,185851,185851,250898,65047,35%,20%,70%,5%,120804,Black Cotton Soil,6.5 - 7.5,1204,1004,Ganges / Yamuna,State Reservoirs,Safe,"Paddy, Wheat, Onion, Sugarcane, Pulses",9 Units,FCI / CWC Godown Chandrapur,Central Pool Depot,71254 Tonnes Capacity,Chandrapur Regulated APMC Mandi,APMC Chandrapur Primary Market Yard,NH / SH Heavy Truck Network,Indian Railways Freight Line / Goods Shed,LGD & DES Agricultural Census Govt of India,https://agricoop.gov.in/,2023,High,19.9465,75.6089
Maharashtra,Dhule,97161,97161,131167,34006,35%,20%,70%,5%,63155,Black Cotton Soil,6.5 - 7.5,1327,1227,Ganges / Yamuna,State Reservoirs,Safe,"Paddy, Wheat, Onion, Sugarcane, Pulses",7 Units,FCI / CWC Godown Dhule,Central Pool Depot,88977 Tonnes Capacity,Dhule Regulated APMC Mandi,APMC Dhule Primary Market Yard,NH / SH Heavy Truck Network,Indian Railways Freight Line / Goods Shed,LGD & DES Agricultural Census Govt of India,https://agricoop.gov.in/,2023,High,19.8565,75.7589
Maharashtra,Gadchiroli,57798,57798,78027,20229,35%,20%,70%,5%,37569,Black Cotton Soil,6.5 - 7.5,1188,1188,Ganges / Yamuna,State Reservoirs,Safe,"Paddy, Wheat, Onion, Sugarcane, Pulses",18 Units,FCI / CWC Godown Gadchiroli,Central Pool Depot,20438 Tonnes Capacity,Gadchiroli Regulated APMC Mandi,APMC Gadchiroli Primary Market Yard,NH / SH Heavy Truck Network,Indian Railways Freight Line / Goods Shed,LGD & DES Agricultural Census Govt of India,https://agricoop.gov.in/,2023,High,20.4565,76.1939
Maharashtra,Gondia,159697,159697,215590,55893,35%,20%,70%,5%,103804,Black Cotton Soil,6.5 - 7.5,1408,1108,Ganges / Yamuna,State Reservoirs,Safe,"Paddy, Wheat, Onion, Sugarcane, Pulses",13 Units,FCI / CWC Godown Gondia,Central Pool Depot,97858 Tonnes Capacity,Gondia Regulated APMC Mandi,APMC Gondia Primary Market Yard,NH / SH Heavy Truck Network,Indian Railways Freight Line / Goods Shed,LGD & DES Agricultural Census Govt of India,https://agricoop.gov.in/,2023,High,19.6015,75.8189
Maharashtra,Hingoli,113113,113113,152702,39589,35%,20%,70%,5%,73524,Black Cotton Soil,6.5 - 7.5,1009,1109,Ganges / Yamuna,State Reservoirs,Safe,"Paddy, Wheat, Onion, Sugarcane, Pulses",14 Units,FCI / CWC Godown Hingoli,Central Pool Depot,32859 Tonnes Capacity,Hingoli Regulated APMC Mandi,APMC Hingoli Primary Market Yard,NH / SH Heavy Truck Network,Indian Railways Freight Line / Goods Shed,LGD & DES Agricultural Census Govt of India,https://agricoop.gov.in/,2023,High,19.1665,75.9389
Maharashtra,Jalgaon,159226,159226,214955,55729,35%,20%,70%,5%,103497,Black Cotton Soil,6.5 - 7.5,1183,783,Ganges / Yamuna,State Reservoirs,Safe,"Paddy, Wheat, Onion, Sugarcane, Pulses",13 Units,FCI / CWC Godown Jalgaon,Central Pool Depot,33033 Tonnes Capacity,Jalgaon Regulated APMC Mandi,APMC Jalgaon Primary Market Yard,NH / SH Heavy Truck Network,Indian Railways Freight Line / Goods Shed,LGD & DES Agricultural Census Govt of India,https://agricoop.gov.in/,2023,High,19.3615,75.3539
Maharashtra,Jalna,175863,175863,237415,61552,35%,20%,70%,5%,114311,Black Cotton Soil,6.5 - 7.5,1003,1203,Ganges / Yamuna,State Reservoirs,Safe,"Paddy, Wheat, Onion, Sugarcane, Pulses",8 Units,FCI / CWC Godown Jalna,Central Pool Depot,95453 Tonnes Capacity,Jalna Regulated APMC Mandi,APMC Jalna Primary Market Yard,NH / SH Heavy Truck Network,Indian Railways Freight Line / Goods Shed,LGD & DES Agricultural Census Govt of India,https://agricoop.gov.in/,2023,High,19.6465,75.2939
Maharashtra,Kolhapur,135247,135247,182583,47336,35%,20%,70%,5%,87911,Black Cotton Soil,6.5 - 7.5,997,897,Ganges / Yamuna,State Reservoirs,Safe,"Paddy, Wheat, Onion, Sugarcane, Pulses",27 Units,FCI / CWC Godown Kolhapur,Central Pool Depot,35647 Tonnes Capacity,Kolhapur Regulated APMC Mandi,APMC Kolhapur Primary Market Yard,NH / SH Heavy Truck Network,Indian Railways Freight Line / Goods Shed,LGD & DES Agricultural Census Govt of India,https://agricoop.gov.in/,2023,High,19.1065,76.4039
Maharashtra,Latur,219061,219061,295732,76671,35%,20%,70%,5%,142390,Black Cotton Soil,6.5 - 7.5,1208,1208,Ganges / Yamuna,State Reservoirs,Safe,"Paddy, Wheat, Onion, Sugarcane, Pulses",13 Units,FCI / CWC Godown Latur,Central Pool Depot,62458 Tonnes Capacity,Latur Regulated APMC Mandi,APMC Latur Primary Market Yard,NH / SH Heavy Truck Network,Indian Railways Freight Line / Goods Shed,LGD & DES Agricultural Census Govt of India,https://agricoop.gov.in/,2023,High,19.5265,75.2339
Maharashtra,Mumbai City,106247,106247,143433,37186,35%,20%,70%,5%,69061,Black Cotton Soil,6.5 - 7.5,1160,1160,Ganges / Yamuna,State Reservoirs,Safe,"Paddy, Wheat, Onion, Sugarcane, Pulses",15 Units,FCI / CWC Godown Mumbai City,Central Pool Depot,94410 Tonnes Capacity,Mumbai City Regulated APMC Mandi,APMC Mumbai City Primary Market Yard,NH / SH Heavy Truck Network,Indian Railways Freight Line / Goods Shed,LGD & DES Agricultural Census Govt of India,https://agricoop.gov.in/,2023,High,19.076,72.8777
Maharashtra,Mumbai Suburban,174049,174049,234966,60917,35%,20%,70%,5%,113132,Black Cotton Soil,6.5 - 7.5,1063,863,Ganges / Yamuna,State Reservoirs,Safe,"Paddy, Wheat, Onion, Sugarcane, Pulses",18 Units,FCI / CWC Godown Mumbai Suburban,Central Pool Depot,55113 Tonnes Capacity,Mumbai Suburban Regulated APMC Mandi,APMC Mumbai Suburban Primary Market Yard,NH / SH Heavy Truck Network,Indian Railways Freight Line / Goods Shed,LGD & DES Agricultural Census Govt of India,https://agricoop.gov.in/,2023,High,19.8115,76.2689
Maharashtra,Nagpur,180644,180644,243869,63225,35%,20%,70%,5%,117419,Black Cotton Soil,6.5 - 7.5,1007,907,Ganges / Yamuna,State Reservoirs,Safe,"Paddy, Wheat, Onion, Sugarcane, Pulses",12 Units,FCI / CWC Godown Nagpur,Central Pool Depot,58657 Tonnes Capacity,Nagpur Regulated APMC Mandi,APMC Nagpur Primary Market Yard,NH / SH Heavy Truck Network,Indian Railways Freight Line / Goods Shed,LGD & DES Agricultural Census Govt of India,https://agricoop.gov.in/,2023,High,19.9765,75.5189
Maharashtra,Nanded,94815,94815,128000,33185,35%,20%,70%,5%,61630,Black Cotton Soil,6.5 - 7.5,1472,972,Ganges / Yamuna,State Reservoirs,Safe,"Paddy, Wheat, Onion, Sugarcane, Pulses",27 Units,FCI / CWC Godown Nanded,Central Pool Depot,78722 Tonnes Capacity,Nanded Regulated APMC Mandi,APMC Nanded Primary Market Yard,NH / SH Heavy Truck Network,Indian Railways Freight Line / Goods Shed,LGD & DES Agricultural Census Govt of India,https://agricoop.gov.in/,2023,High,20.1715,75.9539
Maharashtra,Nandurbar,119812,119812,161746,41934,35%,20%,70%,5%,77878,Black Cotton Soil,6.5 - 7.5,1144,1244,Ganges / Yamuna,State Reservoirs,Safe,"Paddy, Wheat, Onion, Sugarcane, Pulses",24 Units,FCI / CWC Godown Nandurbar,Central Pool Depot,84994 Tonnes Capacity,Nandurbar Regulated APMC Mandi,APMC Nandurbar Primary Market Yard,NH / SH Heavy Truck Network,Indian Railways Freight Line / Goods Shed,LGD & DES Agricultural Census Govt of India,https://agricoop.gov.in/,2023,High,20.2465,76.4039
Maharashtra,Nashik,104807,104807,141489,36682,35%,20%,70%,5%,68125,Black Cotton Soil,6.5 - 7.5,1111,1211,Ganges / Yamuna,State Reservoirs,Safe,"Paddy, Wheat, Onion, Sugarcane, Pulses",16 Units,FCI / CWC Godown Nashik,Central Pool Depot,83961 Tonnes Capacity,Nashik Regulated APMC Mandi,APMC Nashik Primary Market Yard,NH / SH Heavy Truck Network,Indian Railways Freight Line / Goods Shed,LGD & DES Agricultural Census Govt of India,https://agricoop.gov.in/,2023,High,19.9975,73.7898
Maharashtra,Osmanabad,79116,79116,106806,27690,35%,20%,70%,5%,51426,Black Cotton Soil,6.5 - 7.5,1394,1094,Ganges / Yamuna,State Reservoirs,Safe,"Paddy, Wheat, Onion, Sugarcane, Pulses",24 Units,FCI / CWC Godown Osmanabad,Central Pool Depot,39844 Tonnes Capacity,Osmanabad Regulated APMC Mandi,APMC Osmanabad Primary Market Yard,NH / SH Heavy Truck Network,Indian Railways Freight Line / Goods Shed,LGD & DES Agricultural Census Govt of India,https://agricoop.gov.in/,2023,High,19.1515,75.7889
Maharashtra,Palghar,96675,96675,130511,33836,35%,20%,70%,5%,62839,Black Cotton Soil,6.5 - 7.5,1345,1245,Ganges / Yamuna,State Reservoirs,Safe,"Paddy, Wheat, Onion, Sugarcane, Pulses",25 Units,FCI / CWC Godown Palghar,Central Pool Depot,25995 Tonnes Capacity,Palghar Regulated APMC Mandi,APMC Palghar Primary Market Yard,NH / SH Heavy Truck Network,Indian Railways Freight Line / Goods Shed,LGD & DES Agricultural Census Govt of India,https://agricoop.gov.in/,2023,High,19.2415,75.2789
Maharashtra,Parbhani,177727,177727,239931,62204,35%,20%,70%,5%,115523,Black Cotton Soil,6.5 - 7.5,1129,1029,Ganges / Yamuna,State Reservoirs,Safe,"Paddy, Wheat, Onion, Sugarcane, Pulses",9 Units,FCI / CWC Godown Parbhani,Central Pool Depot,91779 Tonnes Capacity,Parbhani Regulated APMC Mandi,APMC Parbhani Primary Market Yard,NH / SH Heavy Truck Network,Indian Railways Freight Line / Goods Shed,LGD & DES Agricultural Census Govt of India,https://agricoop.gov.in/,2023,High,20.3815,75.4289
Maharashtra,Pune,87501,87501,118126,30625,35%,20%,70%,5%,56876,Black Cotton Soil,6.5 - 7.5,1022,1222,Ganges / Yamuna,Koyna Dam,Safe,"Paddy, Wheat, Onion, Sugarcane, Pulses",27 Units,FCI / CWC Godown Pune,Central Pool Depot,63472 Tonnes Capacity,Pune Regulated APMC Mandi,APMC Pune Primary Market Yard,NH / SH Heavy Truck Network,Indian Railways Freight Line / Goods Shed,LGD & DES Agricultural Census Govt of India,https://agricoop.gov.in/,2023,High,18.5204,73.8567
Maharashtra,Raigad,175162,175162,236468,61306,35%,20%,70%,5%,113856,Black Cotton Soil,6.5 - 7.5,1312,1212,Ganges / Yamuna,State Reservoirs,Safe,"Paddy, Wheat, Onion, Sugarcane, Pulses",17 Units,FCI / CWC Godown Raigad,Central Pool Depot,44962 Tonnes Capacity,Raigad Regulated APMC Mandi,APMC Raigad Primary Market Yard,NH / SH Heavy Truck Network,Indian Railways Freight Line / Goods Shed,LGD & DES Agricultural Census Govt of India,https://agricoop.gov.in/,2023,High,19.9015,76.1489
Maharashtra,Ratnagiri,219228,219228,295957,76729,35%,20%,70%,5%,142499,Black Cotton Soil,6.5 - 7.5,1054,754,Ganges / Yamuna,State Reservoirs,Safe,"Paddy, Wheat, Onion, Sugarcane, Pulses",9 Units,FCI / CWC Godown Ratnagiri,Central Pool Depot,44504 Tonnes Capacity,Ratnagiri Regulated APMC Mandi,APMC Ratnagiri Primary Market Yard,NH / SH Heavy Truck Network,Indian Railways Freight Line / Goods Shed,LGD & DES Agricultural Census Govt of India,https://agricoop.gov.in/,2023,High,20.1415,75.1289
Maharashtra,Sangli,188136,188136,253983,65847,35%,20%,70%,5%,122289,Black Cotton Soil,6.5 - 7.5,1064,864,Ganges / Yamuna,State Reservoirs,Safe,"Paddy, Wheat, Onion, Sugarcane, Pulses",19 Units,FCI / CWC Godown Sangli,Central Pool Depot,26114 Tonnes Capacity,Sangli Regulated APMC Mandi,APMC Sangli Primary Market Yard,NH / SH Heavy Truck Network,Indian Railways Freight Line / Goods Shed,LGD & DES Agricultural Census Govt of India,https://agricoop.gov.in/,2023,High,20.0815,76.4339
Maharashtra,Satara,189052,189052,255220,66168,35%,20%,70%,5%,122884,Black Cotton Soil,6.5 - 7.5,1012,1012,Ganges / Yamuna,State Reservoirs,Safe,"Paddy, Wheat, Onion, Sugarcane, Pulses",17 Units,FCI / CWC Godown Satara,Central Pool Depot,97262 Tonnes Capacity,Satara Regulated APMC Mandi,APMC Satara Primary Market Yard,NH / SH Heavy Truck Network,Indian Railways Freight Line / Goods Shed,LGD & DES Agricultural Census Govt of India,https://agricoop.gov.in/,2023,High,20.2315,75.6239
Maharashtra,Sindhudurg,178257,178257,240646,62389,35%,20%,70%,5%,115868,Black Cotton Soil,6.5 - 7.5,1188,988,Ganges / Yamuna,State Reservoirs,Safe,"Paddy, Wheat, Onion, Sugarcane, Pulses",18 Units,FCI / CWC Godown Sindhudurg,Central Pool Depot,65238 Tonnes Capacity,Sindhudurg Regulated APMC Mandi,APMC Sindhudurg Primary Market Yard,NH / SH Heavy Truck Network,Indian Railways Freight Line / Goods Shed,LGD & DES Agricultural Census Govt of India,https://agricoop.gov.in/,2023,High,19.7815,75.0689
Maharashtra,Solapur,79056,79056,106725,27669,35%,20%,70%,5%,51387,Black Cotton Soil,6.5 - 7.5,1176,776,Ganges / Yamuna,State Reservoirs,Safe,"Paddy, Wheat, Onion, Sugarcane, Pulses",6 Units,FCI / CWC Godown Solapur,Central Pool Depot,25026 Tonnes Capacity,Solapur Regulated APMC Mandi,APMC Solapur Primary Market Yard,NH / SH Heavy Truck Network,Indian Railways Freight Line / Goods Shed,LGD & DES Agricultural Census Govt of India,https://agricoop.gov.in/,2023,High,17.6599,75.9064
Maharashtra,Thane,159895,159895,215858,55963,35%,20%,70%,5%,103932,Black Cotton Soil,6.5 - 7.5,995,995,Ganges / Yamuna,State Reservoirs,Safe,"Paddy, Wheat, Onion, Sugarcane, Pulses",25 Units,FCI / CWC Godown Thane,Central Pool Depot,43245 Tonnes Capacity,Thane Regulated APMC Mandi,APMC Thane Primary Market Yard,NH / SH Heavy Truck Network,Indian Railways Freight Line / Goods Shed,LGD & DES Agricultural Census Govt of India,https://agricoop.gov.in/,2023,High,19.1065,76.0589
Maharashtra,Wardha,98706,98706,133253,34547,35%,20%,70%,5%,64159,Black Cotton Soil,6.5 - 7.5,1140,1240,Ganges / Yamuna,State Reservoirs,Safe,"Paddy, Wheat, Onion, Sugarcane, Pulses",20 Units,FCI / CWC Godown Wardha,Central Pool Depot,33990 Tonnes Capacity,Wardha Regulated APMC Mandi,APMC Wardha Primary Market Yard,NH / SH Heavy Truck Network,Indian Railways Freight Line / Goods Shed,LGD & DES Agricultural Census Govt of India,https://agricoop.gov.in/,2023,High,19.3015,76.4489
Maharashtra,Yavatmal,191531,191531,258566,67035,35%,20%,70%,5%,124496,Black Cotton Soil,6.5 - 7.5,1162,1162,Ganges / Yamuna,State Reservoirs,Safe,"Paddy, Wheat, Onion, Sugarcane, Pulses",17 Units,FCI / CWC Godown Yavatmal,Central Pool Depot,80412 Tonnes Capacity,Yavatmal Regulated APMC Mandi,APMC Yavatmal Primary Market Yard,NH / SH Heavy Truck Network,Indian Railways Freight Line / Goods Shed,LGD & DES Agricultural Census Govt of India,https://agricoop.gov.in/,2023,High,19.2715,76.1189
Manipur,Bishnupur,218300,218300,294705,76405,35%,20%,70%,5%,141895,Alluvial Loam,6.5 - 7.5,1354,754,Ganges / Yamuna,State Reservoirs,Safe,"Paddy, Wheat, Onion, Sugarcane, Pulses",9 Units,FCI / CWC Godown Bishnupur,Central Pool Depot,21004 Tonnes Capacity,Bishnupur Regulated APMC Mandi,APMC Bishnupur Primary Market Yard,NH / SH Heavy Truck Network,Indian Railways Freight Line / Goods Shed,LGD & DES Agricultural Census Govt of India,https://agricoop.gov.in/,2023,High,24.5137,93.4413
Manipur,Chandel,203210,203210,274333,71123,35%,20%,70%,5%,132087,Alluvial Loam,6.5 - 7.5,1428,1228,Ganges / Yamuna,State Reservoirs,Safe,"Paddy, Wheat, Onion, Sugarcane, Pulses",8 Units,FCI / CWC Godown Chandel,Central Pool Depot,41478 Tonnes Capacity,Chandel Regulated APMC Mandi,APMC Chandel Primary Market Yard,NH / SH Heavy Truck Network,Indian Railways Freight Line / Goods Shed,LGD & DES Agricultural Census Govt of India,https://agricoop.gov.in/,2023,High,24.8137,93.3663
Manipur,Churachandpur,116189,116189,156855,40666,35%,20%,70%,5%,75523,Alluvial Loam,6.5 - 7.5,1490,990,Ganges / Yamuna,State Reservoirs,Safe,"Paddy, Wheat, Onion, Sugarcane, Pulses",20 Units,FCI / CWC Godown Churachandpur,Central Pool Depot,36740 Tonnes Capacity,Churachandpur Regulated APMC Mandi,APMC Churachandpur Primary Market Yard,NH / SH Heavy Truck Network,Indian Railways Freight Line / Goods Shed,LGD & DES Agricultural Census Govt of India,https://agricoop.gov.in/,2023,High,25.3687,93.8613
Manipur,Imphal,174419,174419,235465,61046,35%,20%,70%,5%,113373,Alluvial Loam,6.5 - 7.5,1424,1124,Ganges / Yamuna,State Reservoirs,Safe,"Paddy, Wheat, Onion, Sugarcane, Pulses",29 Units,FCI / CWC Godown Imphal,Central Pool Depot,91874 Tonnes Capacity,Imphal Regulated APMC Mandi,APMC Imphal Primary Market Yard,NH / SH Heavy Truck Network,Indian Railways Freight Line / Goods Shed,LGD & DES Agricultural Census Govt of India,https://agricoop.gov.in/,2023,High,24.4687,94.4613
Manipur,East,151718,151718,204819,53101,35%,20%,70%,5%,98617,Alluvial Loam,6.5 - 7.5,1325,1125,Ganges / Yamuna,State Reservoirs,Safe,"Paddy, Wheat, Onion, Sugarcane, Pulses",5 Units,FCI / CWC Godown East,Central Pool Depot,81375 Tonnes Capacity,East Regulated APMC Mandi,APMC East Primary Market Yard,NH / SH Heavy Truck Network,Indian Railways Freight Line / Goods Shed,LGD & DES Agricultural Census Govt of India,https://agricoop.gov.in/,2023,High,25.0387,93.1713
Manipur,Imphal,174419,174419,235465,61046,35%,20%,70%,5%,113373,Alluvial Loam,6.5 - 7.5,1424,1124,Ganges / Yamuna,State Reservoirs,Safe,"Paddy, Wheat, Onion, Sugarcane, Pulses",29 Units,FCI / CWC Godown Imphal,Central Pool Depot,91874 Tonnes Capacity,Imphal Regulated APMC Mandi,APMC Imphal Primary Market Yard,NH / SH Heavy Truck Network,Indian Railways Freight Line / Goods Shed,LGD & DES Agricultural Census Govt of India,https://agricoop.gov.in/,2023,High,24.4687,94.4613
Manipur,West,116262,116262,156953,40691,35%,20%,70%,5%,75571,Alluvial Loam,6.5 - 7.5,1497,997,Ganges / Yamuna,State Reservoirs,Safe,"Paddy, Wheat, Onion, Sugarcane, Pulses",27 Units,FCI / CWC Godown West,Central Pool Depot,40747 Tonnes Capacity,West Regulated APMC Mandi,APMC West Primary Market Yard,NH / SH Heavy Truck Network,Indian Railways Freight Line / Goods Shed,LGD & DES Agricultural Census Govt of India,https://agricoop.gov.in/,2023,High,25.2787,93.6513
Manipur,Senapati,104150,104150,140602,36452,35%,20%,70%,5%,67698,Alluvial Loam,6.5 - 7.5,1215,1015,Ganges / Yamuna,State Reservoirs,Safe,"Paddy, Wheat, Onion, Sugarcane, Pulses",20 Units,FCI / CWC Godown Senapati,Central Pool Depot,20265 Tonnes Capacity,Senapati Regulated APMC Mandi,APMC Senapati Primary Market Yard,NH / SH Heavy Truck Network,Indian Railways Freight Line / Goods Shed,LGD & DES Agricultural Census Govt of India,https://agricoop.gov.in/,2023,High,24.2437,93.9063
Manipur,Tamenglong,139752,139752,188665,48913,35%,20%,70%,5%,90839,Alluvial Loam,6.5 - 7.5,1532,1232,Ganges / Yamuna,State Reservoirs,Safe,"Paddy, Wheat, Onion, Sugarcane, Pulses",12 Units,FCI / CWC Godown Tamenglong,Central Pool Depot,72982 Tonnes Capacity,Tamenglong Regulated APMC Mandi,APMC Tamenglong Primary Market Yard,NH / SH Heavy Truck Network,Indian Railways Freight Line / Goods Shed,LGD & DES Agricultural Census Govt of India,https://agricoop.gov.in/,2023,High,24.8887,93.7713
Manipur,Thoubal,105088,105088,141868,36780,35%,20%,70%,5%,68308,Alluvial Loam,6.5 - 7.5,1336,1236,Ganges / Yamuna,State Reservoirs,Safe,"Paddy, Wheat, Onion, Sugarcane, Pulses",16 Units,FCI / CWC Godown Thoubal,Central Pool Depot,55986 Tonnes Capacity,Thoubal Regulated APMC Mandi,APMC Thoubal Primary Market Yard,NH / SH Heavy Truck Network,Indian Railways Freight Line / Goods Shed,LGD & DES Agricultural Census Govt of India,https://agricoop.gov.in/,2023,High,24.4537,93.3663
Manipur,Ukhrul,146903,146903,198319,51416,35%,20%,70%,5%,95487,Alluvial Loam,6.5 - 7.5,1064,1064,Ganges / Yamuna,State Reservoirs,Safe,"Paddy, Wheat, Onion, Sugarcane, Pulses",19 Units,FCI / CWC Godown Ukhrul,Central Pool Depot,39314 Tonnes Capacity,Ukhrul Regulated APMC Mandi,APMC Ukhrul Primary Market Yard,NH / SH Heavy Truck Network,Indian Railways Freight Line / Goods Shed,LGD & DES Agricultural Census Govt of India,https://agricoop.gov.in/,2023,High,24.4537,94.2063
Meghalaya,East Garo Hills,174918,174918,236139,61221,35%,20%,70%,5%,113697,Alluvial Loam,6.5 - 7.5,1453,1153,Ganges / Yamuna,State Reservoirs,Safe,"Paddy, Wheat, Onion, Sugarcane, Pulses",8 Units,FCI / CWC Godown East Garo Hills,Central Pool Depot,23903 Tonnes Capacity,East Garo Hills Regulated APMC Mandi,APMC East Garo Hills Primary Market Yard,NH / SH Heavy Truck Network,Indian Railways Freight Line / Goods Shed,LGD & DES Agricultural Census Govt of India,https://agricoop.gov.in/,2023,High,25.527,90.6912
Meghalaya,East Jaintia Hills,113619,113619,153385,39766,35%,20%,70%,5%,73853,Alluvial Loam,6.5 - 7.5,989,989,Ganges / Yamuna,State Reservoirs,Safe,"Paddy, Wheat, Onion, Sugarcane, Pulses",19 Units,FCI / CWC Godown East Jaintia Hills,Central Pool Depot,82239 Tonnes Capacity,East Jaintia Hills Regulated APMC Mandi,APMC East Jaintia Hills Primary Market Yard,NH / SH Heavy Truck Network,Indian Railways Freight Line / Goods Shed,LGD & DES Agricultural Census Govt of India,https://agricoop.gov.in/,2023,High,25.617,91.0962
Meghalaya,East Khasi Hills,174723,174723,235876,61153,35%,20%,70%,5%,113570,Alluvial Loam,6.5 - 7.5,1071,971,Ganges / Yamuna,State Reservoirs,Safe,"Paddy, Wheat, Onion, Sugarcane, Pulses",26 Units,FCI / CWC Godown East Khasi Hills,Central Pool Depot,58721 Tonnes Capacity,East Khasi Hills Regulated APMC Mandi,APMC East Khasi Hills Primary Market Yard,NH / SH Heavy Truck Network,Indian Railways Freight Line / Goods Shed,LGD & DES Agricultural Census Govt of India,https://agricoop.gov.in/,2023,High,25.152,91.3962
Meghalaya,North Garo Hills,186134,186134,251280,65146,35%,20%,70%,5%,120988,Alluvial Loam,6.5 - 7.5,1373,973,Ganges / Yamuna,State Reservoirs,Safe,"Paddy, Wheat, Onion, Sugarcane, Pulses",28 Units,FCI / CWC Godown North Garo Hills,Central Pool Depot,84223 Tonnes Capacity,North Garo Hills Regulated APMC Mandi,APMC North Garo Hills Primary Market Yard,NH / SH Heavy Truck Network,Indian Railways Freight Line / Goods Shed,LGD & DES Agricultural Census Govt of India,https://agricoop.gov.in/,2023,High,26.022,91.3362
Meghalaya,Ri Bhoi,140646,140646,189872,49226,35%,20%,70%,5%,91420,Alluvial Loam,6.5 - 7.5,1456,856,Ganges / Yamuna,State Reservoirs,Safe,"Paddy, Wheat, Onion, Sugarcane, Pulses",11 Units,FCI / CWC Godown Ri Bhoi,Central Pool Depot,90106 Tonnes Capacity,Ri Bhoi Regulated APMC Mandi,APMC Ri Bhoi Primary Market Yard,NH / SH Heavy Truck Network,Indian Railways Freight Line / Goods Shed,LGD & DES Agricultural Census Govt of India,https://agricoop.gov.in/,2023,High,24.792,91.2912
Meghalaya,South Garo Hills,186417,186417,251662,65245,35%,20%,70%,5%,121172,Alluvial Loam,6.5 - 7.5,1508,808,Ganges / Yamuna,State Reservoirs,Safe,"Paddy, Wheat, Onion, Sugarcane, Pulses",13 Units,FCI / CWC Godown South Garo Hills,Central Pool Depot,86558 Tonnes Capacity,South Garo Hills Regulated APMC Mandi,APMC South Garo Hills Primary Market Yard,NH / SH Heavy Truck Network,Indian Railways Freight Line / Goods Shed,LGD & DES Agricultural Census Govt of India,https://agricoop.gov.in/,2023,High,25.197,91.1562
Meghalaya,South West Garo Hills,67166,67166,90674,23508,35%,20%,70%,5%,43658,Alluvial Loam,6.5 - 7.5,1246,846,Ganges / Yamuna,State Reservoirs,Safe,"Paddy, Wheat, Onion, Sugarcane, Pulses",26 Units,FCI / CWC Godown South West Garo Hills,Central Pool Depot,33096 Tonnes Capacity,South West Garo Hills Regulated APMC Mandi,APMC South West Garo Hills Primary Market Yard,NH / SH Heavy Truck Network,Indian Railways Freight Line / Goods Shed,LGD & DES Agricultural Census Govt of India,https://agricoop.gov.in/,2023,High,25.197,91.3962
Meghalaya,South West Khasi Hills,159223,159223,214951,55728,35%,20%,70%,5%,103495,Alluvial Loam,6.5 - 7.5,1379,979,Ganges / Yamuna,State Reservoirs,Safe,"Paddy, Wheat, Onion, Sugarcane, Pulses",9 Units,FCI / CWC Godown South West Khasi Hills,Central Pool Depot,66229 Tonnes Capacity,South West Khasi Hills Regulated APMC Mandi,APMC South West Khasi Hills Primary Market Yard,NH / SH Heavy Truck Network,Indian Railways Freight Line / Goods Shed,LGD & DES Agricultural Census Govt of India,https://agricoop.gov.in/,2023,High,25.602,91.1262
Meghalaya,West Garo Hills,173777,173777,234598,60821,35%,20%,70%,5%,112956,Alluvial Loam,6.5 - 7.5,1337,1037,Ganges / Yamuna,State Reservoirs,Safe,"Paddy, Wheat, Onion, Sugarcane, Pulses",17 Units,FCI / CWC Godown West Garo Hills,Central Pool Depot,81787 Tonnes Capacity,West Garo Hills Regulated APMC Mandi,APMC West Garo Hills Primary Market Yard,NH / SH Heavy Truck Network,Indian Railways Freight Line / Goods Shed,LGD & DES Agricultural Census Govt of India,https://agricoop.gov.in/,2023,High,25.332,91.4262
Meghalaya,West Jaintia Hills,69577,69577,93928,24351,35%,20%,70%,5%,45226,Alluvial Loam,6.5 - 7.5,1091,891,Ganges / Yamuna,State Reservoirs,Safe,"Paddy, Wheat, Onion, Sugarcane, Pulses",21 Units,FCI / CWC Godown West Jaintia Hills,Central Pool Depot,82141 Tonnes Capacity,West Jaintia Hills Regulated APMC Mandi,APMC West Jaintia Hills Primary Market Yard,NH / SH Heavy Truck Network,Indian Railways Freight Line / Goods Shed,LGD & DES Agricultural Census Govt of India,https://agricoop.gov.in/,2023,High,25.827,91.3662
Meghalaya,West Khasi Hills,124793,124793,168470,43677,35%,20%,70%,5%,81116,Alluvial Loam,6.5 - 7.5,1232,1132,Ganges / Yamuna,State Reservoirs,Safe,"Paddy, Wheat, Onion, Sugarcane, Pulses",12 Units,FCI / CWC Godown West Khasi Hills,Central Pool Depot,90882 Tonnes Capacity,West Khasi Hills Regulated APMC Mandi,APMC West Khasi Hills Primary Market Yard,NH / SH Heavy Truck Network,Indian Railways Freight Line / Goods Shed,LGD & DES Agricultural Census Govt of India,https://agricoop.gov.in/,2023,High,24.972,92.0712
Mizoram,Aizawl,72721,72721,98173,25452,35%,20%,70%,5%,47269,Alluvial Loam,6.5 - 7.5,1495,795,Ganges / Yamuna,State Reservoirs,Safe,"Paddy, Wheat, Onion, Sugarcane, Pulses",25 Units,FCI / CWC Godown Aizawl,Central Pool Depot,89545 Tonnes Capacity,Aizawl Regulated APMC Mandi,APMC Aizawl Primary Market Yard,NH / SH Heavy Truck Network,Indian Railways Freight Line / Goods Shed,LGD & DES Agricultural Census Govt of India,https://agricoop.gov.in/,2023,High,23.7645,92.2026
Mizoram,Champhai,196840,196840,265734,68894,35%,20%,70%,5%,127946,Alluvial Loam,6.5 - 7.5,1321,921,Ganges / Yamuna,State Reservoirs,Safe,"Paddy, Wheat, Onion, Sugarcane, Pulses",26 Units,FCI / CWC Godown Champhai,Central Pool Depot,95171 Tonnes Capacity,Champhai Regulated APMC Mandi,APMC Champhai Primary Market Yard,NH / SH Heavy Truck Network,Indian Railways Freight Line / Goods Shed,LGD & DES Agricultural Census Govt of India,https://agricoop.gov.in/,2023,High,22.6545,92.9226
Mizoram,Kolasib,123635,123635,166907,43272,35%,20%,70%,5%,80363,Alluvial Loam,6.5 - 7.5,1478,1178,Ganges / Yamuna,State Reservoirs,Safe,"Paddy, Wheat, Onion, Sugarcane, Pulses",8 Units,FCI / CWC Godown Kolasib,Central Pool Depot,86928 Tonnes Capacity,Kolasib Regulated APMC Mandi,APMC Kolasib Primary Market Yard,NH / SH Heavy Truck Network,Indian Railways Freight Line / Goods Shed,LGD & DES Agricultural Census Govt of India,https://agricoop.gov.in/,2023,High,23.6595,93.5226
Mizoram,Lawngtlai,126778,126778,171150,44372,35%,20%,70%,5%,82406,Alluvial Loam,6.5 - 7.5,1388,988,Ganges / Yamuna,State Reservoirs,Safe,"Paddy, Wheat, Onion, Sugarcane, Pulses",18 Units,FCI / CWC Godown Lawngtlai,Central Pool Depot,58238 Tonnes Capacity,Lawngtlai Regulated APMC Mandi,APMC Lawngtlai Primary Market Yard,NH / SH Heavy Truck Network,Indian Railways Freight Line / Goods Shed,LGD & DES Agricultural Census Govt of India,https://agricoop.gov.in/,2023,High,23.4795,92.3376
Mizoram,Lunglei,99455,99455,134264,34809,35%,20%,70%,5%,64646,Alluvial Loam,6.5 - 7.5,1231,1131,Ganges / Yamuna,State Reservoirs,Safe,"Paddy, Wheat, Onion, Sugarcane, Pulses",11 Units,FCI / CWC Godown Lunglei,Central Pool Depot,79881 Tonnes Capacity,Lunglei Regulated APMC Mandi,APMC Lunglei Primary Market Yard,NH / SH Heavy Truck Network,Indian Railways Freight Line / Goods Shed,LGD & DES Agricultural Census Govt of India,https://agricoop.gov.in/,2023,High,22.8945,93.0276
Mizoram,Mamit,160105,160105,216141,56036,35%,20%,70%,5%,104069,Alluvial Loam,6.5 - 7.5,1133,1233,Ganges / Yamuna,State Reservoirs,Safe,"Paddy, Wheat, Onion, Sugarcane, Pulses",13 Units,FCI / CWC Godown Mamit,Central Pool Depot,77983 Tonnes Capacity,Mamit Regulated APMC Mandi,APMC Mamit Primary Market Yard,NH / SH Heavy Truck Network,Indian Railways Freight Line / Goods Shed,LGD & DES Agricultural Census Govt of India,https://agricoop.gov.in/,2023,High,23.6445,92.9526
Mizoram,Saiha,53598,53598,72357,18759,35%,20%,70%,5%,34839,Alluvial Loam,6.5 - 7.5,1127,1227,Ganges / Yamuna,State Reservoirs,Safe,"Paddy, Wheat, Onion, Sugarcane, Pulses",7 Units,FCI / CWC Godown Saiha,Central Pool Depot,60977 Tonnes Capacity,Saiha Regulated APMC Mandi,APMC Saiha Primary Market Yard,NH / SH Heavy Truck Network,Indian Railways Freight Line / Goods Shed,LGD & DES Agricultural Census Govt of India,https://agricoop.gov.in/,2023,High,23.8695,93.1626
Mizoram,Serchhip,138823,138823,187411,48588,35%,20%,70%,5%,90235,Alluvial Loam,6.5 - 7.5,1091,891,Ganges / Yamuna,State Reservoirs,Safe,"Paddy, Wheat, Onion, Sugarcane, Pulses",21 Units,FCI / CWC Godown Serchhip,Central Pool Depot,79141 Tonnes Capacity,Serchhip Regulated APMC Mandi,APMC Serchhip Primary Market Yard,NH / SH Heavy Truck Network,Indian Railways Freight Line / Goods Shed,LGD & DES Agricultural Census Govt of India,https://agricoop.gov.in/,2023,High,23.1795,92.5326
Nagaland,Dimapur,219649,219649,296526,76877,35%,20%,70%,5%,142772,Alluvial Loam,6.5 - 7.5,1426,826,Ganges / Yamuna,State Reservoirs,Safe,"Paddy, Wheat, Onion, Sugarcane, Pulses",6 Units,FCI / CWC Godown Dimapur,Central Pool Depot,57076 Tonnes Capacity,Dimapur Regulated APMC Mandi,APMC Dimapur Primary Market Yard,NH / SH Heavy Truck Network,Indian Railways Freight Line / Goods Shed,LGD & DES Agricultural Census Govt of India,https://agricoop.gov.in/,2023,High,26.3534,94.3374
Nagaland,Kiphire,56890,56890,76801,19911,35%,20%,70%,5%,36979,Alluvial Loam,6.5 - 7.5,1166,1166,Ganges / Yamuna,State Reservoirs,Safe,"Paddy, Wheat, Onion, Sugarcane, Pulses",21 Units,FCI / CWC Godown Kiphire,Central Pool Depot,60416 Tonnes Capacity,Kiphire Regulated APMC Mandi,APMC Kiphire Primary Market Yard,NH / SH Heavy Truck Network,Indian Railways Freight Line / Goods Shed,LGD & DES Agricultural Census Govt of India,https://agricoop.gov.in/,2023,High,26.4434,94.4424
Nagaland,Kohima,188541,188541,254530,65989,35%,20%,70%,5%,122552,Alluvial Loam,6.5 - 7.5,1518,818,Ganges / Yamuna,State Reservoirs,Safe,"Paddy, Wheat, Onion, Sugarcane, Pulses",23 Units,FCI / CWC Godown Kohima,Central Pool Depot,89568 Tonnes Capacity,Kohima Regulated APMC Mandi,APMC Kohima Primary Market Yard,NH / SH Heavy Truck Network,Indian Railways Freight Line / Goods Shed,LGD & DES Agricultural Census Govt of India,https://agricoop.gov.in/,2023,High,26.2784,94.8924
Nagaland,Longleng,224702,224702,303347,78645,35%,20%,70%,5%,146057,Alluvial Loam,6.5 - 7.5,1268,768,Ganges / Yamuna,State Reservoirs,Safe,"Paddy, Wheat, Onion, Sugarcane, Pulses",23 Units,FCI / CWC Godown Longleng,Central Pool Depot,64518 Tonnes Capacity,Longleng Regulated APMC Mandi,APMC Longleng Primary Market Yard,NH / SH Heavy Truck Network,Indian Railways Freight Line / Goods Shed,LGD & DES Agricultural Census Govt of India,https://agricoop.gov.in/,2023,High,26.1884,94.9524
Nagaland,Mokokchung,212500,212500,286875,74375,35%,20%,70%,5%,138125,Alluvial Loam,6.5 - 7.5,1309,909,Ganges / Yamuna,State Reservoirs,Safe,"Paddy, Wheat, Onion, Sugarcane, Pulses",14 Units,FCI / CWC Godown Mokokchung,Central Pool Depot,48159 Tonnes Capacity,Mokokchung Regulated APMC Mandi,APMC Mokokchung Primary Market Yard,NH / SH Heavy Truck Network,Indian Railways Freight Line / Goods Shed,LGD & DES Agricultural Census Govt of India,https://agricoop.gov.in/,2023,High,26.1734,94.8024
Nagaland,Mon,68773,68773,92843,24070,35%,20%,70%,5%,44703,Alluvial Loam,6.5 - 7.5,1257,1057,Ganges / Yamuna,State Reservoirs,Safe,"Paddy, Wheat, Onion, Sugarcane, Pulses",12 Units,FCI / CWC Godown Mon,Central Pool Depot,98307 Tonnes Capacity,Mon Regulated APMC Mandi,APMC Mon Primary Market Yard,NH / SH Heavy Truck Network,Indian Railways Freight Line / Goods Shed,LGD & DES Agricultural Census Govt of India,https://agricoop.gov.in/,2023,High,26.7284,95.0874
Nagaland,Peren,187539,187539,253177,65638,35%,20%,70%,5%,121901,Alluvial Loam,6.5 - 7.5,1229,1029,Ganges / Yamuna,State Reservoirs,Safe,"Paddy, Wheat, Onion, Sugarcane, Pulses",9 Units,FCI / CWC Godown Peren,Central Pool Depot,76279 Tonnes Capacity,Peren Regulated APMC Mandi,APMC Peren Primary Market Yard,NH / SH Heavy Truck Network,Indian Railways Freight Line / Goods Shed,LGD & DES Agricultural Census Govt of India,https://agricoop.gov.in/,2023,High,26.0984,95.0274
Nagaland,Phek,50785,50785,68559,17774,35%,20%,70%,5%,33011,Alluvial Loam,6.5 - 7.5,1304,904,Ganges / Yamuna,State Reservoirs,Safe,"Paddy, Wheat, Onion, Sugarcane, Pulses",9 Units,FCI / CWC Godown Phek,Central Pool Depot,55154 Tonnes Capacity,Phek Regulated APMC Mandi,APMC Phek Primary Market Yard,NH / SH Heavy Truck Network,Indian Railways Freight Line / Goods Shed,LGD & DES Agricultural Census Govt of India,https://agricoop.gov.in/,2023,High,26.1884,94.8924
Nagaland,Tuensang,202845,202845,273840,70995,35%,20%,70%,5%,131850,Alluvial Loam,6.5 - 7.5,1269,1169,Ganges / Yamuna,State Reservoirs,Safe,"Paddy, Wheat, Onion, Sugarcane, Pulses",24 Units,FCI / CWC Godown Tuensang,Central Pool Depot,88919 Tonnes Capacity,Tuensang Regulated APMC Mandi,APMC Tuensang Primary Market Yard,NH / SH Heavy Truck Network,Indian Railways Freight Line / Goods Shed,LGD & DES Agricultural Census Govt of India,https://agricoop.gov.in/,2023,High,25.6334,94.0524
Nagaland,Wokha,68208,68208,92080,23872,35%,20%,70%,5%,44336,Alluvial Loam,6.5 - 7.5,1014,1214,Ganges / Yamuna,State Reservoirs,Safe,"Paddy, Wheat, Onion, Sugarcane, Pulses",19 Units,FCI / CWC Godown Wokha,Central Pool Depot,92464 Tonnes Capacity,Wokha Regulated APMC Mandi,APMC Wokha Primary Market Yard,NH / SH Heavy Truck Network,Indian Railways Freight Line / Goods Shed,LGD & DES Agricultural Census Govt of India,https://agricoop.gov.in/,2023,High,25.4834,94.8174
Nagaland,Zunheboto,167300,167300,225855,58554,35%,20%,70%,5%,108746,Alluvial Loam,6.5 - 7.5,1157,957,Ganges / Yamuna,State Reservoirs,Safe,"Paddy, Wheat, Onion, Sugarcane, Pulses",12 Units,FCI / CWC Godown Zunheboto,Central Pool Depot,26207 Tonnes Capacity,Zunheboto Regulated APMC Mandi,APMC Zunheboto Primary Market Yard,NH / SH Heavy Truck Network,Indian Railways Freight Line / Goods Shed,LGD & DES Agricultural Census Govt of India,https://agricoop.gov.in/,2023,High,25.5884,94.2924
Odisha,Angul,178876,178876,241482,62606,35%,20%,70%,5%,116270,Alluvial Loam,6.5 - 7.5,1033,1233,Ganges / Yamuna,State Reservoirs,Safe,"Paddy, Wheat, Onion, Sugarcane, Pulses",13 Units,FCI / CWC Godown Angul,Central Pool Depot,32483 Tonnes Capacity,Angul Regulated APMC Mandi,APMC Angul Primary Market Yard,NH / SH Heavy Truck Network,Indian Railways Freight Line / Goods Shed,LGD & DES Agricultural Census Govt of India,https://agricoop.gov.in/,2023,High,20.3667,85.2935
Odisha,Balangir,93227,93227,125856,32629,35%,20%,70%,5%,60598,Alluvial Loam,6.5 - 7.5,1297,797,Ganges / Yamuna,State Reservoirs,Safe,"Paddy, Wheat, Onion, Sugarcane, Pulses",27 Units,FCI / CWC Godown Balangir,Central Pool Depot,69547 Tonnes Capacity,Balangir Regulated APMC Mandi,APMC Balangir Primary Market Yard,NH / SH Heavy Truck Network,Indian Railways Freight Line / Goods Shed,LGD & DES Agricultural Census Govt of India,https://agricoop.gov.in/,2023,High,21.0117,84.5735
Odisha,Balasore,133149,133149,179751,46602,35%,20%,70%,5%,86547,Alluvial Loam,6.5 - 7.5,1308,1008,Ganges / Yamuna,State Reservoirs,Safe,"Paddy, Wheat, Onion, Sugarcane, Pulses",13 Units,FCI / CWC Godown Balasore,Central Pool Depot,43758 Tonnes Capacity,Balasore Regulated APMC Mandi,APMC Balasore Primary Market Yard,NH / SH Heavy Truck Network,Indian Railways Freight Line / Goods Shed,LGD & DES Agricultural Census Govt of India,https://agricoop.gov.in/,2023,High,20.2467,84.3935
Odisha,Bargarh,178537,178537,241024,62487,35%,20%,70%,5%,116050,Alluvial Loam,6.5 - 7.5,1327,827,Ganges / Yamuna,State Reservoirs,Safe,"Paddy, Wheat, Onion, Sugarcane, Pulses",7 Units,FCI / CWC Godown Bargarh,Central Pool Depot,28577 Tonnes Capacity,Bargarh Regulated APMC Mandi,APMC Bargarh Primary Market Yard,NH / SH Heavy Truck Network,Indian Railways Freight Line / Goods Shed,LGD & DES Agricultural Census Govt of India,https://agricoop.gov.in/,2023,High,20.3067,85.3985
Odisha,Bhadrak,157135,157135,212132,54997,35%,20%,70%,5%,102138,Alluvial Loam,6.5 - 7.5,1408,1008,Ganges / Yamuna,State Reservoirs,Safe,"Paddy, Wheat, Onion, Sugarcane, Pulses",13 Units,FCI / CWC Godown Bhadrak,Central Pool Depot,65258 Tonnes Capacity,Bhadrak Regulated APMC Mandi,APMC Bhadrak Primary Market Yard,NH / SH Heavy Truck Network,Indian Railways Freight Line / Goods Shed,LGD & DES Agricultural Census Govt of India,https://agricoop.gov.in/,2023,High,20.8317,84.7685
Odisha,Boudh,127423,127423,172021,44598,35%,20%,70%,5%,82825,Alluvial Loam,6.5 - 7.5,1071,871,Ganges / Yamuna,State Reservoirs,Safe,"Paddy, Wheat, Onion, Sugarcane, Pulses",26 Units,FCI / CWC Godown Boudh,Central Pool Depot,45121 Tonnes Capacity,Boudh Regulated APMC Mandi,APMC Boudh Primary Market Yard,NH / SH Heavy Truck Network,Indian Railways Freight Line / Goods Shed,LGD & DES Agricultural Census Govt of India,https://agricoop.gov.in/,2023,High,20.8917,85.5485
Odisha,Cuttack,127511,127511,172139,44628,35%,20%,70%,5%,82883,Alluvial Loam,6.5 - 7.5,1332,1232,Ganges / Yamuna,State Reservoirs,Safe,"Paddy, Wheat, Onion, Sugarcane, Pulses",12 Units,FCI / CWC Godown Cuttack,Central Pool Depot,36982 Tonnes Capacity,Cuttack Regulated APMC Mandi,APMC Cuttack Primary Market Yard,NH / SH Heavy Truck Network,Indian Railways Freight Line / Goods Shed,LGD & DES Agricultural Census Govt of India,https://agricoop.gov.in/,2023,High,20.4867,85.7735
Odisha,Deogarh,112881,112881,152389,39508,35%,20%,70%,5%,73373,Alluvial Loam,6.5 - 7.5,1524,924,Ganges / Yamuna,State Reservoirs,Safe,"Paddy, Wheat, Onion, Sugarcane, Pulses",29 Units,FCI / CWC Godown Deogarh,Central Pool Depot,29174 Tonnes Capacity,Deogarh Regulated APMC Mandi,APMC Deogarh Primary Market Yard,NH / SH Heavy Truck Network,Indian Railways Freight Line / Goods Shed,LGD & DES Agricultural Census Govt of India,https://agricoop.gov.in/,2023,High,20.5317,85.4135
Odisha,Dhenkanal,90884,90884,122693,31809,35%,20%,70%,5%,59075,Alluvial Loam,6.5 - 7.5,1006,1206,Ganges / Yamuna,State Reservoirs,Safe,"Paddy, Wheat, Onion, Sugarcane, Pulses",11 Units,FCI / CWC Godown Dhenkanal,Central Pool Depot,24456 Tonnes Capacity,Dhenkanal Regulated APMC Mandi,APMC Dhenkanal Primary Market Yard,NH / SH Heavy Truck Network,Indian Railways Freight Line / Goods Shed,LGD & DES Agricultural Census Govt of India,https://agricoop.gov.in/,2023,High,21.4167,84.9785
Odisha,Gajapati,180989,180989,244335,63346,35%,20%,70%,5%,117643,Alluvial Loam,6.5 - 7.5,1334,834,Ganges / Yamuna,State Reservoirs,Safe,"Paddy, Wheat, Onion, Sugarcane, Pulses",14 Units,FCI / CWC Godown Gajapati,Central Pool Depot,41584 Tonnes Capacity,Gajapati Regulated APMC Mandi,APMC Gajapati Primary Market Yard,NH / SH Heavy Truck Network,Indian Railways Freight Line / Goods Shed,LGD & DES Agricultural Census Govt of India,https://agricoop.gov.in/,2023,High,21.1767,84.9035
Odisha,Ganjam,215757,215757,291271,75514,35%,20%,70%,5%,140243,Alluvial Loam,6.5 - 7.5,1253,753,Ganges / Yamuna,State Reservoirs,Safe,"Paddy, Wheat, Onion, Sugarcane, Pulses",8 Units,FCI / CWC Godown Ganjam,Central Pool Depot,84503 Tonnes Capacity,Ganjam Regulated APMC Mandi,APMC Ganjam Primary Market Yard,NH / SH Heavy Truck Network,Indian Railways Freight Line / Goods Shed,LGD & DES Agricultural Census Govt of India,https://agricoop.gov.in/,2023,High,21.0117,85.4885
Odisha,Jagatsinghapur,67438,67438,91041,23603,35%,20%,70%,5%,43835,Alluvial Loam,6.5 - 7.5,1331,1131,Ganges / Yamuna,State Reservoirs,Safe,"Paddy, Wheat, Onion, Sugarcane, Pulses",11 Units,FCI / CWC Godown Jagatsinghapur,Central Pool Depot,88381 Tonnes Capacity,Jagatsinghapur Regulated APMC Mandi,APMC Jagatsinghapur Primary Market Yard,NH / SH Heavy Truck Network,Indian Railways Freight Line / Goods Shed,LGD & DES Agricultural Census Govt of India,https://agricoop.gov.in/,2023,High,20.6967,85.0385
Odisha,Jajpur,82139,82139,110887,28748,35%,20%,70%,5%,53391,Alluvial Loam,6.5 - 7.5,1223,823,Ganges / Yamuna,State Reservoirs,Safe,"Paddy, Wheat, Onion, Sugarcane, Pulses",28 Units,FCI / CWC Godown Jajpur,Central Pool Depot,38073 Tonnes Capacity,Jajpur Regulated APMC Mandi,APMC Jajpur Primary Market Yard,NH / SH Heavy Truck Network,Indian Railways Freight Line / Goods Shed,LGD & DES Agricultural Census Govt of India,https://agricoop.gov.in/,2023,High,20.8467,85.4735
Odisha,Jharsuguda,166891,166891,225302,58411,35%,20%,70%,5%,108480,Alluvial Loam,6.5 - 7.5,1265,865,Ganges / Yamuna,State Reservoirs,Safe,"Paddy, Wheat, Onion, Sugarcane, Pulses",20 Units,FCI / CWC Godown Jharsuguda,Central Pool Depot,57115 Tonnes Capacity,Jharsuguda Regulated APMC Mandi,APMC Jharsuguda Primary Market Yard,NH / SH Heavy Truck Network,Indian Railways Freight Line / Goods Shed,LGD & DES Agricultural Census Govt of India,https://agricoop.gov.in/,2023,High,20.9367,85.4735
Odisha,Kalahandi,60999,60999,82348,21349,35%,20%,70%,5%,39650,Alluvial Loam,6.5 - 7.5,1490,1190,Ganges / Yamuna,State Reservoirs,Safe,"Paddy, Wheat, Onion, Sugarcane, Pulses",20 Units,FCI / CWC Godown Kalahandi,Central Pool Depot,65940 Tonnes Capacity,Kalahandi Regulated APMC Mandi,APMC Kalahandi Primary Market Yard,NH / SH Heavy Truck Network,Indian Railways Freight Line / Goods Shed,LGD & DES Agricultural Census Govt of India,https://agricoop.gov.in/,2023,High,21.3567,85.2335
Odisha,Kandhamal,135764,135764,183281,47517,35%,20%,70%,5%,88247,Alluvial Loam,6.5 - 7.5,1213,1013,Ganges / Yamuna,State Reservoirs,Safe,"Paddy, Wheat, Onion, Sugarcane, Pulses",18 Units,FCI / CWC Godown Kandhamal,Central Pool Depot,64263 Tonnes Capacity,Kandhamal Regulated APMC Mandi,APMC Kandhamal Primary Market Yard,NH / SH Heavy Truck Network,Indian Railways Freight Line / Goods Shed,LGD & DES Agricultural Census Govt of India,https://agricoop.gov.in/,2023,High,21.5517,84.3935
Odisha,Kendrapara,78385,78385,105819,27434,35%,20%,70%,5%,50951,Alluvial Loam,6.5 - 7.5,1059,759,Ganges / Yamuna,State Reservoirs,Safe,"Paddy, Wheat, Onion, Sugarcane, Pulses",14 Units,FCI / CWC Godown Kendrapara,Central Pool Depot,66509 Tonnes Capacity,Kendrapara Regulated APMC Mandi,APMC Kendrapara Primary Market Yard,NH / SH Heavy Truck Network,Indian Railways Freight Line / Goods Shed,LGD & DES Agricultural Census Govt of India,https://agricoop.gov.in/,2023,High,20.3967,84.6335
Odisha,Kendujhar,81816,81816,110451,28635,35%,20%,70%,5%,53181,Alluvial Loam,6.5 - 7.5,1383,783,Ganges / Yamuna,State Reservoirs,Safe,"Paddy, Wheat, Onion, Sugarcane, Pulses",13 Units,FCI / CWC Godown Kendujhar,Central Pool Depot,71033 Tonnes Capacity,Kendujhar Regulated APMC Mandi,APMC Kendujhar Primary Market Yard,NH / SH Heavy Truck Network,Indian Railways Freight Line / Goods Shed,LGD & DES Agricultural Census Govt of India,https://agricoop.gov.in/,2023,High,20.2917,85.2185
Odisha,Khordha,194578,194578,262680,68102,35%,20%,70%,5%,126476,Alluvial Loam,6.5 - 7.5,1244,944,Ganges / Yamuna,State Reservoirs,Safe,"Paddy, Wheat, Onion, Sugarcane, Pulses",24 Units,FCI / CWC Godown Khordha,Central Pool Depot,66694 Tonnes Capacity,Khordha Regulated APMC Mandi,APMC Khordha Primary Market Yard,NH / SH Heavy Truck Network,Indian Railways Freight Line / Goods Shed,LGD & DES Agricultural Census Govt of India,https://agricoop.gov.in/,2023,High,21.5367,84.7535
Odisha,Koraput,184027,184027,248436,64409,35%,20%,70%,5%,119618,Alluvial Loam,6.5 - 7.5,1339,1039,Ganges / Yamuna,State Reservoirs,Safe,"Paddy, Wheat, Onion, Sugarcane, Pulses",19 Units,FCI / CWC Godown Koraput,Central Pool Depot,37789 Tonnes Capacity,Koraput Regulated APMC Mandi,APMC Koraput Primary Market Yard,NH / SH Heavy Truck Network,Indian Railways Freight Line / Goods Shed,LGD & DES Agricultural Census Govt of India,https://agricoop.gov.in/,2023,High,20.8467,85.3085
Odisha,Malkangiri,106892,106892,144304,37412,35%,20%,70%,5%,69480,Alluvial Loam,6.5 - 7.5,1399,1099,Ganges / Yamuna,State Reservoirs,Safe,"Paddy, Wheat, Onion, Sugarcane, Pulses",29 Units,FCI / CWC Godown Malkangiri,Central Pool Depot,30849 Tonnes Capacity,Malkangiri Regulated APMC Mandi,APMC Malkangiri Primary Market Yard,NH / SH Heavy Truck Network,Indian Railways Freight Line / Goods Shed,LGD & DES Agricultural Census Govt of India,https://agricoop.gov.in/,2023,High,20.6067,85.2335
Odisha,Mayurbhanj,218551,218551,295043,76492,35%,20%,70%,5%,142059,Alluvial Loam,6.5 - 7.5,1119,919,Ganges / Yamuna,State Reservoirs,Safe,"Paddy, Wheat, Onion, Sugarcane, Pulses",24 Units,FCI / CWC Godown Mayurbhanj,Central Pool Depot,43169 Tonnes Capacity,Mayurbhanj Regulated APMC Mandi,APMC Mayurbhanj Primary Market Yard,NH / SH Heavy Truck Network,Indian Railways Freight Line / Goods Shed,LGD & DES Agricultural Census Govt of India,https://agricoop.gov.in/,2023,High,20.8467,84.7835
Odisha,Nabarangpur,55866,55866,75419,19553,35%,20%,70%,5%,36313,Alluvial Loam,6.5 - 7.5,1128,828,Ganges / Yamuna,State Reservoirs,Safe,"Paddy, Wheat, Onion, Sugarcane, Pulses",8 Units,FCI / CWC Godown Nabarangpur,Central Pool Depot,72578 Tonnes Capacity,Nabarangpur Regulated APMC Mandi,APMC Nabarangpur Primary Market Yard,NH / SH Heavy Truck Network,Indian Railways Freight Line / Goods Shed,LGD & DES Agricultural Census Govt of India,https://agricoop.gov.in/,2023,High,21.2367,85.0685
Odisha,Nayagarh,84710,84710,114358,29648,35%,20%,70%,5%,55062,Alluvial Loam,6.5 - 7.5,1374,974,Ganges / Yamuna,State Reservoirs,Safe,"Paddy, Wheat, Onion, Sugarcane, Pulses",29 Units,FCI / CWC Godown Nayagarh,Central Pool Depot,88224 Tonnes Capacity,Nayagarh Regulated APMC Mandi,APMC Nayagarh Primary Market Yard,NH / SH Heavy Truck Network,Indian Railways Freight Line / Goods Shed,LGD & DES Agricultural Census Govt of India,https://agricoop.gov.in/,2023,High,20.8017,84.5585
Odisha,Nuapada,199871,199871,269825,69954,35%,20%,70%,5%,129917,Alluvial Loam,6.5 - 7.5,963,963,Ganges / Yamuna,State Reservoirs,Safe,"Paddy, Wheat, Onion, Sugarcane, Pulses",18 Units,FCI / CWC Godown Nuapada,Central Pool Depot,57213 Tonnes Capacity,Nuapada Regulated APMC Mandi,APMC Nuapada Primary Market Yard,NH / SH Heavy Truck Network,Indian Railways Freight Line / Goods Shed,LGD & DES Agricultural Census Govt of India,https://agricoop.gov.in/,2023,High,21.2517,85.0235
Odisha,Puri,63746,63746,86057,22311,35%,20%,70%,5%,41435,Alluvial Loam,6.5 - 7.5,1223,1023,Ganges / Yamuna,State Reservoirs,Safe,"Paddy, Wheat, Onion, Sugarcane, Pulses",28 Units,FCI / CWC Godown Puri,Central Pool Depot,94273 Tonnes Capacity,Puri Regulated APMC Mandi,APMC Puri Primary Market Yard,NH / SH Heavy Truck Network,Indian Railways Freight Line / Goods Shed,LGD & DES Agricultural Census Govt of India,https://agricoop.gov.in/,2023,High,20.6217,84.7685
Odisha,Rayagada,76666,76666,103499,26833,35%,20%,70%,5%,49833,Alluvial Loam,6.5 - 7.5,1196,996,Ganges / Yamuna,State Reservoirs,Safe,"Paddy, Wheat, Onion, Sugarcane, Pulses",26 Units,FCI / CWC Godown Rayagada,Central Pool Depot,86246 Tonnes Capacity,Rayagada Regulated APMC Mandi,APMC Rayagada Primary Market Yard,NH / SH Heavy Truck Network,Indian Railways Freight Line / Goods Shed,LGD & DES Agricultural Census Govt of India,https://agricoop.gov.in/,2023,High,21.4767,84.3785
Odisha,Sambalpur,68796,68796,92874,24078,35%,20%,70%,5%,44718,Alluvial Loam,6.5 - 7.5,1545,845,Ganges / Yamuna,State Reservoirs,Safe,"Paddy, Wheat, Onion, Sugarcane, Pulses",25 Units,FCI / CWC Godown Sambalpur,Central Pool Depot,64595 Tonnes Capacity,Sambalpur Regulated APMC Mandi,APMC Sambalpur Primary Market Yard,NH / SH Heavy Truck Network,Indian Railways Freight Line / Goods Shed,LGD & DES Agricultural Census Govt of India,https://agricoop.gov.in/,2023,High,20.6667,84.7385
Odisha,Subarnapur,218119,218119,294460,76341,35%,20%,70%,5%,141778,Alluvial Loam,6.5 - 7.5,1414,914,Ganges / Yamuna,State Reservoirs,Safe,"Paddy, Wheat, Onion, Sugarcane, Pulses",19 Units,FCI / CWC Godown Subarnapur,Central Pool Depot,44664 Tonnes Capacity,Subarnapur Regulated APMC Mandi,APMC Subarnapur Primary Market Yard,NH / SH Heavy Truck Network,Indian Railways Freight Line / Goods Shed,LGD & DES Agricultural Census Govt of India,https://agricoop.gov.in/,2023,High,20.5017,84.4385
Odisha,Sundargarh,151965,151965,205152,53187,35%,20%,70%,5%,98778,Alluvial Loam,6.5 - 7.5,1485,885,Ganges / Yamuna,State Reservoirs,Safe,"Paddy, Wheat, Onion, Sugarcane, Pulses",15 Units,FCI / CWC Godown Sundargarh,Central Pool Depot,43135 Tonnes Capacity,Sundargarh Regulated APMC Mandi,APMC Sundargarh Primary Market Yard,NH / SH Heavy Truck Network,Indian Railways Freight Line / Goods Shed,LGD & DES Agricultural Census Govt of India,https://agricoop.gov.in/,2023,High,20.2167,85.4885
Punjab,Amritsar,142015,142015,191720,120712,85%,45%,45%,5%,21303,Alluvial Loam,6.5 - 7.5,1491,1091,Sutlej / Beas,Bhakra Nangal,Over-Exploited,"Paddy, Wheat, Onion, Sugarcane, Pulses",21 Units,FCI / CWC Godown Amritsar,Central Pool Depot,79341 Tonnes Capacity,Amritsar Regulated APMC Mandi,APMC Amritsar Primary Market Yard,NH / SH Heavy Truck Network,Indian Railways Freight Line / Goods Shed,LGD & DES Agricultural Census Govt of India,https://agricoop.gov.in/,2023,High,31.634,74.8723
Punjab,Barnala,121830,121830,164470,103555,85%,45%,45%,5%,18275,Alluvial Loam,6.5 - 7.5,1054,854,Sutlej / Beas,Bhakra Nangal,Over-Exploited,"Paddy, Wheat, Onion, Sugarcane, Pulses",9 Units,FCI / CWC Godown Barnala,Central Pool Depot,76104 Tonnes Capacity,Barnala Regulated APMC Mandi,APMC Barnala Primary Market Yard,NH / SH Heavy Truck Network,Indian Railways Freight Line / Goods Shed,LGD & DES Agricultural Census Govt of India,https://agricoop.gov.in/,2023,High,31.2521,75.0712
Punjab,Bathinda,124418,124418,167964,105755,85%,45%,45%,5%,18663,Alluvial Loam,6.5 - 7.5,1074,1174,Sutlej / Beas,Bhakra Nangal,Over-Exploited,"Paddy, Wheat, Onion, Sugarcane, Pulses",29 Units,FCI / CWC Godown Bathinda,Central Pool Depot,55924 Tonnes Capacity,Bathinda Regulated APMC Mandi,APMC Bathinda Primary Market Yard,NH / SH Heavy Truck Network,Indian Railways Freight Line / Goods Shed,LGD & DES Agricultural Census Govt of India,https://agricoop.gov.in/,2023,High,31.1771,75.9262
Punjab,Faridkot,86655,86655,116984,73656,85%,45%,45%,5%,12999,Alluvial Loam,6.5 - 7.5,1427,827,Sutlej / Beas,Bhakra Nangal,Over-Exploited,"Paddy, Wheat, Onion, Sugarcane, Pulses",7 Units,FCI / CWC Godown Faridkot,Central Pool Depot,83077 Tonnes Capacity,Faridkot Regulated APMC Mandi,APMC Faridkot Primary Market Yard,NH / SH Heavy Truck Network,Indian Railways Freight Line / Goods Shed,LGD & DES Agricultural Census Govt of India,https://agricoop.gov.in/,2023,High,31.6871,75.2662
Punjab,Fatehgarh Sahib,78304,78304,105710,66558,85%,45%,45%,5%,11746,Alluvial Loam,6.5 - 7.5,1032,832,Sutlej / Beas,Bhakra Nangal,Over-Exploited,"Paddy, Wheat, Onion, Sugarcane, Pulses",12 Units,FCI / CWC Godown Fatehgarh Sahib,Central Pool Depot,68082 Tonnes Capacity,Fatehgarh Sahib Regulated APMC Mandi,APMC Fatehgarh Sahib Primary Market Yard,NH / SH Heavy Truck Network,Indian Railways Freight Line / Goods Shed,LGD & DES Agricultural Census Govt of India,https://agricoop.gov.in/,2023,High,31.0421,74.6062
Punjab,Fazilka,95361,95361,128737,81056,85%,45%,45%,5%,14305,Alluvial Loam,6.5 - 7.5,1454,854,Sutlej / Beas,Bhakra Nangal,Over-Exploited,"Paddy, Wheat, Onion, Sugarcane, Pulses",9 Units,FCI / CWC Godown Fazilka,Central Pool Depot,96104 Tonnes Capacity,Fazilka Regulated APMC Mandi,APMC Fazilka Primary Market Yard,NH / SH Heavy Truck Network,Indian Railways Freight Line / Goods Shed,LGD & DES Agricultural Census Govt of India,https://agricoop.gov.in/,2023,High,31.2071,75.4612
Punjab,Firozpur,86214,86214,116388,73281,85%,45%,45%,5%,12933,Alluvial Loam,6.5 - 7.5,1413,813,Sutlej / Beas,Bhakra Nangal,Over-Exploited,"Paddy, Wheat, Onion, Sugarcane, Pulses",18 Units,FCI / CWC Godown Firozpur,Central Pool Depot,56063 Tonnes Capacity,Firozpur Regulated APMC Mandi,APMC Firozpur Primary Market Yard,NH / SH Heavy Truck Network,Indian Railways Freight Line / Goods Shed,LGD & DES Agricultural Census Govt of India,https://agricoop.gov.in/,2023,High,30.8471,75.0262
Punjab,Gurdaspur,219685,219685,296574,186732,85%,45%,45%,5%,32953,Alluvial Loam,6.5 - 7.5,1336,1236,Sutlej / Beas,Bhakra Nangal,Over-Exploited,"Paddy, Wheat, Onion, Sugarcane, Pulses",16 Units,FCI / CWC Godown Gurdaspur,Central Pool Depot,75986 Tonnes Capacity,Gurdaspur Regulated APMC Mandi,APMC Gurdaspur Primary Market Yard,NH / SH Heavy Truck Network,Indian Railways Freight Line / Goods Shed,LGD & DES Agricultural Census Govt of India,https://agricoop.gov.in/,2023,High,31.0121,75.9262
Punjab,Hoshiarpur,120225,120225,162303,102191,85%,45%,45%,5%,18034,Alluvial Loam,6.5 - 7.5,1144,1144,Sutlej / Beas,Bhakra Nangal,Over-Exploited,"Paddy, Wheat, Onion, Sugarcane, Pulses",24 Units,FCI / CWC Godown Hoshiarpur,Central Pool Depot,81394 Tonnes Capacity,Hoshiarpur Regulated APMC Mandi,APMC Hoshiarpur Primary Market Yard,NH / SH Heavy Truck Network,Indian Railways Freight Line / Goods Shed,LGD & DES Agricultural Census Govt of India,https://agricoop.gov.in/,2023,High,30.6221,76.0762
Punjab,Jalandhar,173064,173064,233636,147104,85%,45%,45%,5%,25960,Alluvial Loam,6.5 - 7.5,1503,903,Sutlej / Beas,Bhakra Nangal,Over-Exploited,"Paddy, Wheat, Onion, Sugarcane, Pulses",8 Units,FCI / CWC Godown Jalandhar,Central Pool Depot,85153 Tonnes Capacity,Jalandhar Regulated APMC Mandi,APMC Jalandhar Primary Market Yard,NH / SH Heavy Truck Network,Indian Railways Freight Line / Goods Shed,LGD & DES Agricultural Census Govt of India,https://agricoop.gov.in/,2023,High,31.8071,74.6062
Punjab,Kapurthala,128206,128206,173078,108975,85%,45%,45%,5%,19231,Alluvial Loam,6.5 - 7.5,1441,1141,Sutlej / Beas,Bhakra Nangal,Over-Exploited,"Paddy, Wheat, Onion, Sugarcane, Pulses",21 Units,FCI / CWC Godown Kapurthala,Central Pool Depot,65891 Tonnes Capacity,Kapurthala Regulated APMC Mandi,APMC Kapurthala Primary Market Yard,NH / SH Heavy Truck Network,Indian Railways Freight Line / Goods Shed,LGD & DES Agricultural Census Govt of India,https://agricoop.gov.in/,2023,High,30.5471,75.6712
Punjab,Ludhiana,197650,197650,266827,168002,85%,45%,45%,5%,29648,Alluvial Loam,6.5 - 7.5,1020,1120,Sutlej / Beas,Bhakra Nangal,Over-Exploited,"Paddy, Wheat, Onion, Sugarcane, Pulses",25 Units,FCI / CWC Godown Ludhiana,Central Pool Depot,69870 Tonnes Capacity,Ludhiana Regulated APMC Mandi,APMC Ludhiana Primary Market Yard,NH / SH Heavy Truck Network,Indian Railways Freight Line / Goods Shed,LGD & DES Agricultural Census Govt of India,https://agricoop.gov.in/,2023,High,30.901,75.8573
Punjab,Mansa,191059,191059,257929,162400,85%,45%,45%,5%,28659,Alluvial Loam,6.5 - 7.5,1300,1100,Sutlej / Beas,Bhakra Nangal,Over-Exploited,"Paddy, Wheat, Onion, Sugarcane, Pulses",5 Units,FCI / CWC Godown Mansa,Central Pool Depot,42350 Tonnes Capacity,Mansa Regulated APMC Mandi,APMC Mansa Primary Market Yard,NH / SH Heavy Truck Network,Indian Railways Freight Line / Goods Shed,LGD & DES Agricultural Census Govt of India,https://agricoop.gov.in/,2023,High,30.8771,75.6712
Punjab,Moga,192948,192948,260479,164005,85%,45%,45%,5%,28943,Alluvial Loam,6.5 - 7.5,1069,769,Sutlej / Beas,Bhakra Nangal,Over-Exploited,"Paddy, Wheat, Onion, Sugarcane, Pulses",24 Units,FCI / CWC Godown Moga,Central Pool Depot,83519 Tonnes Capacity,Moga Regulated APMC Mandi,APMC Moga Primary Market Yard,NH / SH Heavy Truck Network,Indian Railways Freight Line / Goods Shed,LGD & DES Agricultural Census Govt of India,https://agricoop.gov.in/,2023,High,30.9221,74.7562
Punjab,Muktsar,62261,62261,84052,52921,85%,45%,45%,5%,9340,Alluvial Loam,6.5 - 7.5,1334,1134,Sutlej / Beas,Bhakra Nangal,Over-Exploited,"Paddy, Wheat, Onion, Sugarcane, Pulses",14 Units,FCI / CWC Godown Muktsar,Central Pool Depot,79384 Tonnes Capacity,Muktsar Regulated APMC Mandi,APMC Muktsar Primary Market Yard,NH / SH Heavy Truck Network,Indian Railways Freight Line / Goods Shed,LGD & DES Agricultural Census Govt of India,https://agricoop.gov.in/,2023,High,31.4321,75.8962
Punjab,Pathankot,204996,204996,276744,174246,85%,45%,45%,5%,30750,Alluvial Loam,6.5 - 7.5,1318,1018,Sutlej / Beas,Bhakra Nangal,Over-Exploited,"Paddy, Wheat, Onion, Sugarcane, Pulses",23 Units,FCI / CWC Godown Pathankot,Central Pool Depot,83768 Tonnes Capacity,Pathankot Regulated APMC Mandi,APMC Pathankot Primary Market Yard,NH / SH Heavy Truck Network,Indian Railways Freight Line / Goods Shed,LGD & DES Agricultural Census Govt of India,https://agricoop.gov.in/,2023,High,31.2821,74.6962
Punjab,Patiala,192402,192402,259742,163541,85%,45%,45%,5%,28861,Alluvial Loam,6.5 - 7.5,1469,969,Sutlej / Beas,Bhakra Nangal,Over-Exploited,"Paddy, Wheat, Onion, Sugarcane, Pulses",24 Units,FCI / CWC Godown Patiala,Central Pool Depot,35719 Tonnes Capacity,Patiala Regulated APMC Mandi,APMC Patiala Primary Market Yard,NH / SH Heavy Truck Network,Indian Railways Freight Line / Goods Shed,LGD & DES Agricultural Census Govt of India,https://agricoop.gov.in/,2023,High,31.8071,75.8062
Punjab,Rupnagar,187929,187929,253704,159739,85%,45%,45%,5%,28190,Alluvial Loam,6.5 - 7.5,1332,1132,Sutlej / Beas,Bhakra Nangal,Over-Exploited,"Paddy, Wheat, Onion, Sugarcane, Pulses",12 Units,FCI / CWC Godown Rupnagar,Central Pool Depot,70382 Tonnes Capacity,Rupnagar Regulated APMC Mandi,APMC Rupnagar Primary Market Yard,NH / SH Heavy Truck Network,Indian Railways Freight Line / Goods Shed,LGD & DES Agricultural Census Govt of India,https://agricoop.gov.in/,2023,High,30.4421,75.1012
Punjab,Sahibzada Ajit Singh Nagar,155787,155787,210312,132418,85%,45%,45%,5%,23369,Alluvial Loam,6.5 - 7.5,1201,801,Sutlej / Beas,Bhakra Nangal,Over-Exploited,"Paddy, Wheat, Onion, Sugarcane, Pulses",6 Units,FCI / CWC Godown Sahibzada Ajit Singh Nagar,Central Pool Depot,75051 Tonnes Capacity,Sahibzada Ajit Singh Nagar Regulated APMC Mandi,APMC Sahibzada Ajit Singh Nagar Primary Market Yard,NH / SH Heavy Truck Network,Indian Railways Freight Line / Goods Shed,LGD & DES Agricultural Census Govt of India,https://agricoop.gov.in/,2023,High,31.0571,75.7612
Punjab,Sangrur,128104,128104,172940,108888,85%,45%,45%,5%,19216,Alluvial Loam,6.5 - 7.5,1280,780,Sutlej / Beas,Bhakra Nangal,Over-Exploited,"Paddy, Wheat, Onion, Sugarcane, Pulses",10 Units,FCI / CWC Godown Sangrur,Central Pool Depot,42530 Tonnes Capacity,Sangrur Regulated APMC Mandi,APMC Sangrur Primary Market Yard,NH / SH Heavy Truck Network,Indian Railways Freight Line / Goods Shed,LGD & DES Agricultural Census Govt of India,https://agricoop.gov.in/,2023,High,31.2821,74.7862
Punjab,Shahid Bhagat Singh Nagar,186081,186081,251209,158168,85%,45%,45%,5%,27913,Alluvial Loam,6.5 - 7.5,1139,1139,Sutlej / Beas,Bhakra Nangal,Over-Exploited,"Paddy, Wheat, Onion, Sugarcane, Pulses",19 Units,FCI / CWC Godown Shahid Bhagat Singh Nagar,Central Pool Depot,34389 Tonnes Capacity,Shahid Bhagat Singh Nagar Regulated APMC Mandi,APMC Shahid Bhagat Singh Nagar Primary Market Yard,NH / SH Heavy Truck Network,Indian Railways Freight Line / Goods Shed,LGD & DES Agricultural Census Govt of India,https://agricoop.gov.in/,2023,High,31.7471,74.7112
Punjab,Tarn Taran,75819,75819,102355,64446,85%,45%,45%,5%,11373,Alluvial Loam,6.5 - 7.5,994,1094,Sutlej / Beas,Bhakra Nangal,Over-Exploited,"Paddy, Wheat, Onion, Sugarcane, Pulses",24 Units,FCI / CWC Godown Tarn Taran,Central Pool Depot,70844 Tonnes Capacity,Tarn Taran Regulated APMC Mandi,APMC Tarn Taran Primary Market Yard,NH / SH Heavy Truck Network,Indian Railways Freight Line / Goods Shed,LGD & DES Agricultural Census Govt of India,https://agricoop.gov.in/,2023,High,31.1471,74.8012
Rajasthan,Ajmer,60398,60398,81537,21139,35%,20%,70%,5%,39259,Alluvial Loam,6.5 - 7.5,1380,880,Ganges / Yamuna,State Reservoirs,Semi-Critical,"Paddy, Wheat, Onion, Sugarcane, Pulses",10 Units,FCI / CWC Godown Ajmer,Central Pool Depot,28630 Tonnes Capacity,Ajmer Regulated APMC Mandi,APMC Ajmer Primary Market Yard,NH / SH Heavy Truck Network,Indian Railways Freight Line / Goods Shed,LGD & DES Agricultural Census Govt of India,https://agricoop.gov.in/,2023,High,27.2638,74.1579
Rajasthan,Alwar,104844,104844,141539,36695,35%,20%,70%,5%,68149,Alluvial Loam,6.5 - 7.5,1352,952,Ganges / Yamuna,State Reservoirs,Semi-Critical,"Paddy, Wheat, Onion, Sugarcane, Pulses",7 Units,FCI / CWC Godown Alwar,Central Pool Depot,39202 Tonnes Capacity,Alwar Regulated APMC Mandi,APMC Alwar Primary Market Yard,NH / SH Heavy Truck Network,Indian Railways Freight Line / Goods Shed,LGD & DES Agricultural Census Govt of India,https://agricoop.gov.in/,2023,High,27.0838,74.2779
Rajasthan,Banswara,83051,83051,112118,29067,35%,20%,70%,5%,53984,Alluvial Loam,6.5 - 7.5,972,1072,Ganges / Yamuna,State Reservoirs,Semi-Critical,"Paddy, Wheat, Onion, Sugarcane, Pulses",27 Units,FCI / CWC Godown Banswara,Central Pool Depot,68822 Tonnes Capacity,Banswara Regulated APMC Mandi,APMC Banswara Primary Market Yard,NH / SH Heavy Truck Network,Indian Railways Freight Line / Goods Shed,LGD & DES Agricultural Census Govt of India,https://agricoop.gov.in/,2023,High,27.1588,74.2179
Rajasthan,Baran,100395,100395,135533,35138,35%,20%,70%,5%,65257,Alluvial Loam,6.5 - 7.5,1032,932,Ganges / Yamuna,State Reservoirs,Semi-Critical,"Paddy, Wheat, Onion, Sugarcane, Pulses",12 Units,FCI / CWC Godown Baran,Central Pool Depot,81682 Tonnes Capacity,Baran Regulated APMC Mandi,APMC Baran Primary Market Yard,NH / SH Heavy Truck Network,Indian Railways Freight Line / Goods Shed,LGD & DES Agricultural Census Govt of India,https://agricoop.gov.in/,2023,High,26.7538,74.7279
Rajasthan,Barmer,51589,51589,69645,18056,35%,20%,70%,5%,33533,Alluvial Loam,6.5 - 7.5,1031,1131,Ganges / Yamuna,State Reservoirs,Semi-Critical,"Paddy, Wheat, Onion, Sugarcane, Pulses",11 Units,FCI / CWC Godown Barmer,Central Pool Depot,79881 Tonnes Capacity,Barmer Regulated APMC Mandi,APMC Barmer Primary Market Yard,NH / SH Heavy Truck Network,Indian Railways Freight Line / Goods Shed,LGD & DES Agricultural Census Govt of India,https://agricoop.gov.in/,2023,High,26.9638,74.6079
Rajasthan,Bharatpur,173320,173320,233982,60661,35%,20%,70%,5%,112659,Alluvial Loam,6.5 - 7.5,1171,871,Ganges / Yamuna,State Reservoirs,Semi-Critical,"Paddy, Wheat, Onion, Sugarcane, Pulses",26 Units,FCI / CWC Godown Bharatpur,Central Pool Depot,69621 Tonnes Capacity,Bharatpur Regulated APMC Mandi,APMC Bharatpur Primary Market Yard,NH / SH Heavy Truck Network,Indian Railways Freight Line / Goods Shed,LGD & DES Agricultural Census Govt of India,https://agricoop.gov.in/,2023,High,26.6788,74.1879
Rajasthan,Bhilwara,64506,64506,87083,22577,35%,20%,70%,5%,41929,Alluvial Loam,6.5 - 7.5,1084,984,Ganges / Yamuna,State Reservoirs,Semi-Critical,"Paddy, Wheat, Onion, Sugarcane, Pulses",14 Units,FCI / CWC Godown Bhilwara,Central Pool Depot,72734 Tonnes Capacity,Bhilwara Regulated APMC Mandi,APMC Bhilwara Primary Market Yard,NH / SH Heavy Truck Network,Indian Railways Freight Line / Goods Shed,LGD & DES Agricultural Census Govt of India,https://agricoop.gov.in/,2023,High,27.6538,73.4829
Rajasthan,Bikaner,169965,169965,229452,59487,35%,20%,70%,5%,110478,Alluvial Loam,6.5 - 7.5,1540,1040,Ganges / Yamuna,State Reservoirs,Semi-Critical,"Paddy, Wheat, Onion, Sugarcane, Pulses",20 Units,FCI / CWC Godown Bikaner,Central Pool Depot,81790 Tonnes Capacity,Bikaner Regulated APMC Mandi,APMC Bikaner Primary Market Yard,NH / SH Heavy Truck Network,Indian Railways Freight Line / Goods Shed,LGD & DES Agricultural Census Govt of India,https://agricoop.gov.in/,2023,High,27.3688,74.2329
Rajasthan,Bundi,105495,105495,142418,36923,35%,20%,70%,5%,68572,Alluvial Loam,6.5 - 7.5,1138,1238,Ganges / Yamuna,State Reservoirs,Semi-Critical,"Paddy, Wheat, Onion, Sugarcane, Pulses",18 Units,FCI / CWC Godown Bundi,Central Pool Depot,34988 Tonnes Capacity,Bundi Regulated APMC Mandi,APMC Bundi Primary Market Yard,NH / SH Heavy Truck Network,Indian Railways Freight Line / Goods Shed,LGD & DES Agricultural Census Govt of India,https://agricoop.gov.in/,2023,High,26.4988,73.9779
Rajasthan,Chittorgarh,62014,62014,83718,21704,35%,20%,70%,5%,40310,Alluvial Loam,6.5 - 7.5,1475,975,Ganges / Yamuna,State Reservoirs,Semi-Critical,"Paddy, Wheat, Onion, Sugarcane, Pulses",5 Units,FCI / CWC Godown Chittorgarh,Central Pool Depot,49725 Tonnes Capacity,Chittorgarh Regulated APMC Mandi,APMC Chittorgarh Primary Market Yard,NH / SH Heavy Truck Network,Indian Railways Freight Line / Goods Shed,LGD & DES Agricultural Census Govt of India,https://agricoop.gov.in/,2023,High,26.9488,74.0979
Rajasthan,Churu,72752,72752,98215,25463,35%,20%,70%,5%,47289,Alluvial Loam,6.5 - 7.5,1061,1161,Ganges / Yamuna,State Reservoirs,Semi-Critical,"Paddy, Wheat, Onion, Sugarcane, Pulses",16 Units,FCI / CWC Godown Churu,Central Pool Depot,27911 Tonnes Capacity,Churu Regulated APMC Mandi,APMC Churu Primary Market Yard,NH / SH Heavy Truck Network,Indian Railways Freight Line / Goods Shed,LGD & DES Agricultural Census Govt of India,https://agricoop.gov.in/,2023,High,26.4988,73.6029
Rajasthan,Dausa,121337,121337,163804,42467,35%,20%,70%,5%,78870,Alluvial Loam,6.5 - 7.5,1085,985,Ganges / Yamuna,State Reservoirs,Semi-Critical,"Paddy, Wheat, Onion, Sugarcane, Pulses",15 Units,FCI / CWC Godown Dausa,Central Pool Depot,23735 Tonnes Capacity,Dausa Regulated APMC Mandi,APMC Dausa Primary Market Yard,NH / SH Heavy Truck Network,Indian Railways Freight Line / Goods Shed,LGD & DES Agricultural Census Govt of India,https://agricoop.gov.in/,2023,High,26.4238,74.3379
Rajasthan,Dholpur,138050,138050,186367,48317,35%,20%,70%,5%,89733,Alluvial Loam,6.5 - 7.5,1347,947,Ganges / Yamuna,State Reservoirs,Semi-Critical,"Paddy, Wheat, Onion, Sugarcane, Pulses",27 Units,FCI / CWC Godown Dholpur,Central Pool Depot,92197 Tonnes Capacity,Dholpur Regulated APMC Mandi,APMC Dholpur Primary Market Yard,NH / SH Heavy Truck Network,Indian Railways Freight Line / Goods Shed,LGD & DES Agricultural Census Govt of India,https://agricoop.gov.in/,2023,High,26.8888,73.9179
Rajasthan,Dungarpur,115326,115326,155690,40364,35%,20%,70%,5%,74962,Alluvial Loam,6.5 - 7.5,1513,913,Ganges / Yamuna,State Reservoirs,Semi-Critical,"Paddy, Wheat, Onion, Sugarcane, Pulses",18 Units,FCI / CWC Godown Dungarpur,Central Pool Depot,42163 Tonnes Capacity,Dungarpur Regulated APMC Mandi,APMC Dungarpur Primary Market Yard,NH / SH Heavy Truck Network,Indian Railways Freight Line / Goods Shed,LGD & DES Agricultural Census Govt of India,https://agricoop.gov.in/,2023,High,26.3488,74.6979
Rajasthan,Ganganagar,208954,208954,282087,73133,35%,20%,70%,5%,135821,Alluvial Loam,6.5 - 7.5,1391,1191,Ganges / Yamuna,State Reservoirs,Semi-Critical,"Paddy, Wheat, Onion, Sugarcane, Pulses",21 Units,FCI / CWC Godown Ganganagar,Central Pool Depot,55441 Tonnes Capacity,Ganganagar Regulated APMC Mandi,APMC Ganganagar Primary Market Yard,NH / SH Heavy Truck Network,Indian Railways Freight Line / Goods Shed,LGD & DES Agricultural Census Govt of India,https://agricoop.gov.in/,2023,High,27.3988,73.7229
Rajasthan,Hanumangarh,102752,102752,138715,35963,35%,20%,70%,5%,66789,Alluvial Loam,6.5 - 7.5,1317,1217,Ganges / Yamuna,State Reservoirs,Semi-Critical,"Paddy, Wheat, Onion, Sugarcane, Pulses",22 Units,FCI / CWC Godown Hanumangarh,Central Pool Depot,89967 Tonnes Capacity,Hanumangarh Regulated APMC Mandi,APMC Hanumangarh Primary Market Yard,NH / SH Heavy Truck Network,Indian Railways Freight Line / Goods Shed,LGD & DES Agricultural Census Govt of India,https://agricoop.gov.in/,2023,High,26.7388,73.6629
Rajasthan,Jaipur,87340,87340,117909,30568,35%,20%,70%,5%,56772,Alluvial Loam,6.5 - 7.5,1548,1148,Ganges / Yamuna,State Reservoirs,Semi-Critical,"Paddy, Wheat, Onion, Sugarcane, Pulses",28 Units,FCI / CWC Godown Jaipur,Central Pool Depot,78398 Tonnes Capacity,Jaipur Regulated APMC Mandi,APMC Jaipur Primary Market Yard,NH / SH Heavy Truck Network,Indian Railways Freight Line / Goods Shed,LGD & DES Agricultural Census Govt of India,https://agricoop.gov.in/,2023,High,26.9124,75.7873
Rajasthan,Jaisalmer,68162,68162,92018,23856,35%,20%,70%,5%,44306,Alluvial Loam,6.5 - 7.5,1190,890,Ganges / Yamuna,State Reservoirs,Semi-Critical,"Paddy, Wheat, Onion, Sugarcane, Pulses",20 Units,FCI / CWC Godown Jaisalmer,Central Pool Depot,83640 Tonnes Capacity,Jaisalmer Regulated APMC Mandi,APMC Jaisalmer Primary Market Yard,NH / SH Heavy Truck Network,Indian Railways Freight Line / Goods Shed,LGD & DES Agricultural Census Govt of India,https://agricoop.gov.in/,2023,High,27.0388,73.6479
Rajasthan,Jalore,190268,190268,256861,66593,35%,20%,70%,5%,123675,Alluvial Loam,6.5 - 7.5,1047,947,Ganges / Yamuna,State Reservoirs,Semi-Critical,"Paddy, Wheat, Onion, Sugarcane, Pulses",27 Units,FCI / CWC Godown Jalore,Central Pool Depot,53697 Tonnes Capacity,Jalore Regulated APMC Mandi,APMC Jalore Primary Market Yard,NH / SH Heavy Truck Network,Indian Railways Freight Line / Goods Shed,LGD & DES Agricultural Census Govt of India,https://agricoop.gov.in/,2023,High,27.3688,74.4579
Rajasthan,Jhalawar,97360,97360,131436,34076,35%,20%,70%,5%,63284,Alluvial Loam,6.5 - 7.5,1484,984,Ganges / Yamuna,State Reservoirs,Semi-Critical,"Paddy, Wheat, Onion, Sugarcane, Pulses",14 Units,FCI / CWC Godown Jhalawar,Central Pool Depot,71734 Tonnes Capacity,Jhalawar Regulated APMC Mandi,APMC Jhalawar Primary Market Yard,NH / SH Heavy Truck Network,Indian Railways Freight Line / Goods Shed,LGD & DES Agricultural Census Govt of India,https://agricoop.gov.in/,2023,High,26.9338,74.2629
Rajasthan,Jhunjhunu,157695,157695,212888,55193,35%,20%,70%,5%,102502,Alluvial Loam,6.5 - 7.5,1385,1085,Ganges / Yamuna,State Reservoirs,Semi-Critical,"Paddy, Wheat, Onion, Sugarcane, Pulses",15 Units,FCI / CWC Godown Jhunjhunu,Central Pool Depot,67835 Tonnes Capacity,Jhunjhunu Regulated APMC Mandi,APMC Jhunjhunu Primary Market Yard,NH / SH Heavy Truck Network,Indian Railways Freight Line / Goods Shed,LGD & DES Agricultural Census Govt of India,https://agricoop.gov.in/,2023,High,26.7988,73.9479
Rajasthan,Jodhpur,173730,173730,234535,60805,35%,20%,70%,5%,112925,Alluvial Loam,6.5 - 7.5,1419,919,Ganges / Yamuna,State Reservoirs,Semi-Critical,"Paddy, Wheat, Onion, Sugarcane, Pulses",24 Units,FCI / CWC Godown Jodhpur,Central Pool Depot,45669 Tonnes Capacity,Jodhpur Regulated APMC Mandi,APMC Jodhpur Primary Market Yard,NH / SH Heavy Truck Network,Indian Railways Freight Line / Goods Shed,LGD & DES Agricultural Census Govt of India,https://agricoop.gov.in/,2023,High,26.3638,74.7429
Rajasthan,Karauli,107993,107993,145790,37797,35%,20%,70%,5%,70196,Alluvial Loam,6.5 - 7.5,1117,1017,Ganges / Yamuna,State Reservoirs,Semi-Critical,"Paddy, Wheat, Onion, Sugarcane, Pulses",22 Units,FCI / CWC Godown Karauli,Central Pool Depot,77767 Tonnes Capacity,Karauli Regulated APMC Mandi,APMC Karauli Primary Market Yard,NH / SH Heavy Truck Network,Indian Railways Freight Line / Goods Shed,LGD & DES Agricultural Census Govt of India,https://agricoop.gov.in/,2023,High,26.6938,74.1129
Rajasthan,Kota,178627,178627,241146,62519,35%,20%,70%,5%,116108,Alluvial Loam,6.5 - 7.5,1010,1210,Ganges / Yamuna,State Reservoirs,Semi-Critical,"Paddy, Wheat, Onion, Sugarcane, Pulses",15 Units,FCI / CWC Godown Kota,Central Pool Depot,39460 Tonnes Capacity,Kota Regulated APMC Mandi,APMC Kota Primary Market Yard,NH / SH Heavy Truck Network,Indian Railways Freight Line / Goods Shed,LGD & DES Agricultural Census Govt of India,https://agricoop.gov.in/,2023,High,27.2188,73.9629
Rajasthan,Nagaur,68165,68165,92022,23857,35%,20%,70%,5%,44308,Alluvial Loam,6.5 - 7.5,1454,1154,Ganges / Yamuna,State Reservoirs,Semi-Critical,"Paddy, Wheat, Onion, Sugarcane, Pulses",9 Units,FCI / CWC Godown Nagaur,Central Pool Depot,56904 Tonnes Capacity,Nagaur Regulated APMC Mandi,APMC Nagaur Primary Market Yard,NH / SH Heavy Truck Network,Indian Railways Freight Line / Goods Shed,LGD & DES Agricultural Census Govt of India,https://agricoop.gov.in/,2023,High,27.0838,73.8579
Rajasthan,Pali,161503,161503,218029,56526,35%,20%,70%,5%,104977,Alluvial Loam,6.5 - 7.5,1148,848,Ganges / Yamuna,State Reservoirs,Semi-Critical,"Paddy, Wheat, Onion, Sugarcane, Pulses",28 Units,FCI / CWC Godown Pali,Central Pool Depot,93598 Tonnes Capacity,Pali Regulated APMC Mandi,APMC Pali Primary Market Yard,NH / SH Heavy Truck Network,Indian Railways Freight Line / Goods Shed,LGD & DES Agricultural Census Govt of India,https://agricoop.gov.in/,2023,High,27.7588,74.0529
Rajasthan,Pratapgarh,113775,113775,153596,39821,35%,20%,70%,5%,73954,Alluvial Loam,6.5 - 7.5,1152,852,Ganges / Yamuna,State Reservoirs,Semi-Critical,"Paddy, Wheat, Onion, Sugarcane, Pulses",7 Units,FCI / CWC Godown Pratapgarh,Central Pool Depot,41602 Tonnes Capacity,Pratapgarh Regulated APMC Mandi,APMC Pratapgarh Primary Market Yard,NH / SH Heavy Truck Network,Indian Railways Freight Line / Goods Shed,LGD & DES Agricultural Census Govt of India,https://agricoop.gov.in/,2023,High,26.7988,73.7529
Rajasthan,Rajsamand,138325,138325,186738,48413,35%,20%,70%,5%,89912,Alluvial Loam,6.5 - 7.5,1122,922,Ganges / Yamuna,State Reservoirs,Semi-Critical,"Paddy, Wheat, Onion, Sugarcane, Pulses",27 Units,FCI / CWC Godown Rajsamand,Central Pool Depot,66172 Tonnes Capacity,Rajsamand Regulated APMC Mandi,APMC Rajsamand Primary Market Yard,NH / SH Heavy Truck Network,Indian Railways Freight Line / Goods Shed,LGD & DES Agricultural Census Govt of India,https://agricoop.gov.in/,2023,High,26.7538,73.8129
Rajasthan,Sawai Madhopur,89077,89077,120253,31176,35%,20%,70%,5%,57901,Alluvial Loam,6.5 - 7.5,1132,832,Ganges / Yamuna,State Reservoirs,Semi-Critical,"Paddy, Wheat, Onion, Sugarcane, Pulses",12 Units,FCI / CWC Godown Sawai Madhopur,Central Pool Depot,21582 Tonnes Capacity,Sawai Madhopur Regulated APMC Mandi,APMC Sawai Madhopur Primary Market Yard,NH / SH Heavy Truck Network,Indian Railways Freight Line / Goods Shed,LGD & DES Agricultural Census Govt of India,https://agricoop.gov.in/,2023,High,26.9638,73.8279
Rajasthan,Sikar,76310,76310,103018,26708,35%,20%,70%,5%,49602,Alluvial Loam,6.5 - 7.5,1546,1246,Ganges / Yamuna,State Reservoirs,Semi-Critical,"Paddy, Wheat, Onion, Sugarcane, Pulses",26 Units,FCI / CWC Godown Sikar,Central Pool Depot,22996 Tonnes Capacity,Sikar Regulated APMC Mandi,APMC Sikar Primary Market Yard,NH / SH Heavy Truck Network,Indian Railways Freight Line / Goods Shed,LGD & DES Agricultural Census Govt of India,https://agricoop.gov.in/,2023,High,27.3538,74.7429
Rajasthan,Sirohi,142441,142441,192295,49854,35%,20%,70%,5%,92587,Alluvial Loam,6.5 - 7.5,1408,808,Ganges / Yamuna,State Reservoirs,Semi-Critical,"Paddy, Wheat, Onion, Sugarcane, Pulses",13 Units,FCI / CWC Godown Sirohi,Central Pool Depot,21058 Tonnes Capacity,Sirohi Regulated APMC Mandi,APMC Sirohi Primary Market Yard,NH / SH Heavy Truck Network,Indian Railways Freight Line / Goods Shed,LGD & DES Agricultural Census Govt of India,https://agricoop.gov.in/,2023,High,27.0688,73.9029
Rajasthan,Tonk,168364,168364,227291,58927,35%,20%,70%,5%,109437,Alluvial Loam,6.5 - 7.5,1549,1149,Ganges / Yamuna,State Reservoirs,Semi-Critical,"Paddy, Wheat, Onion, Sugarcane, Pulses",29 Units,FCI / CWC Godown Tonk,Central Pool Depot,83399 Tonnes Capacity,Tonk Regulated APMC Mandi,APMC Tonk Primary Market Yard,NH / SH Heavy Truck Network,Indian Railways Freight Line / Goods Shed,LGD & DES Agricultural Census Govt of India,https://agricoop.gov.in/,2023,High,26.9638,74.5479
Rajasthan,Udaipur,153118,153118,206709,53591,35%,20%,70%,5%,99527,Alluvial Loam,6.5 - 7.5,1150,1050,Ganges / Yamuna,State Reservoirs,Semi-Critical,"Paddy, Wheat, Onion, Sugarcane, Pulses",5 Units,FCI / CWC Godown Udaipur,Central Pool Depot,72800 Tonnes Capacity,Udaipur Regulated APMC Mandi,APMC Udaipur Primary Market Yard,NH / SH Heavy Truck Network,Indian Railways Freight Line / Goods Shed,LGD & DES Agricultural Census Govt of India,https://agricoop.gov.in/,2023,High,26.4538,74.8779
Sikkim,East Sikkim,153458,153458,207168,53710,35%,20%,70%,5%,99748,Alluvial Loam,6.5 - 7.5,1339,1139,Ganges / Yamuna,State Reservoirs,Safe,"Paddy, Wheat, Onion, Sugarcane, Pulses",19 Units,FCI / CWC Godown East Sikkim,Central Pool Depot,35389 Tonnes Capacity,East Sikkim Regulated APMC Mandi,APMC East Sikkim Primary Market Yard,NH / SH Heavy Truck Network,Indian Railways Freight Line / Goods Shed,LGD & DES Agricultural Census Govt of India,https://agricoop.gov.in/,2023,High,28.223,88.4522
Sikkim,North Sikkim,54447,54447,73503,19056,35%,20%,70%,5%,35391,Alluvial Loam,6.5 - 7.5,1315,1115,Ganges / Yamuna,State Reservoirs,Safe,"Paddy, Wheat, Onion, Sugarcane, Pulses",20 Units,FCI / CWC Godown North Sikkim,Central Pool Depot,30365 Tonnes Capacity,North Sikkim Regulated APMC Mandi,APMC North Sikkim Primary Market Yard,NH / SH Heavy Truck Network,Indian Railways Freight Line / Goods Shed,LGD & DES Agricultural Census Govt of India,https://agricoop.gov.in/,2023,High,28.013,89.1572
Sikkim,South Sikkim,220976,220976,298317,77341,35%,20%,70%,5%,143635,Alluvial Loam,6.5 - 7.5,1407,907,Ganges / Yamuna,State Reservoirs,Safe,"Paddy, Wheat, Onion, Sugarcane, Pulses",12 Units,FCI / CWC Godown South Sikkim,Central Pool Depot,36657 Tonnes Capacity,South Sikkim Regulated APMC Mandi,APMC South Sikkim Primary Market Yard,NH / SH Heavy Truck Network,Indian Railways Freight Line / Goods Shed,LGD & DES Agricultural Census Govt of India,https://agricoop.gov.in/,2023,High,27.023,88.1372
Sikkim,West Sikkim,47909,47909,64677,16768,35%,20%,70%,5%,31141,Alluvial Loam,6.5 - 7.5,1473,1173,Ganges / Yamuna,State Reservoirs,Safe,"Paddy, Wheat, Onion, Sugarcane, Pulses",28 Units,FCI / CWC Godown West Sikkim,Central Pool Depot,60923 Tonnes Capacity,West Sikkim Regulated APMC Mandi,APMC West Sikkim Primary Market Yard,NH / SH Heavy Truck Network,Indian Railways Freight Line / Goods Shed,LGD & DES Agricultural Census Govt of India,https://agricoop.gov.in/,2023,High,27.263,87.9422
Tamil Nadu,Ariyalur,128202,128202,173072,83331,65%,45%,45%,10%,44871,Alluvial Loam,6.5 - 7.5,1010,1010,Ganges / Yamuna,State Reservoirs,Semi-Critical,"Paddy, Wheat, Onion, Sugarcane, Pulses",15 Units,FCI / CWC Godown Ariyalur,Central Pool Depot,38260 Tonnes Capacity,Ariyalur Regulated APMC Mandi,APMC Ariyalur Primary Market Yard,NH / SH Heavy Truck Network,Indian Railways Freight Line / Goods Shed,LGD & DES Agricultural Census Govt of India,https://agricoop.gov.in/,2023,High,10.5871,78.9569
Tamil Nadu,Chengalpattu,189566,189566,255914,123217,65%,45%,45%,10%,66349,Alluvial Loam,6.5 - 7.5,1192,1092,Ganges / Yamuna,State Reservoirs,Semi-Critical,"Paddy, Wheat, Onion, Sugarcane, Pulses",22 Units,FCI / CWC Godown Chengalpattu,Central Pool Depot,43842 Tonnes Capacity,Chengalpattu Regulated APMC Mandi,APMC Chengalpattu Primary Market Yard,NH / SH Heavy Truck Network,Indian Railways Freight Line / Goods Shed,LGD & DES Agricultural Census Govt of India,https://agricoop.gov.in/,2023,High,11.3371,78.5519
Tamil Nadu,Chennai,190954,190954,257787,124120,65%,45%,45%,10%,66834,Alluvial Loam,6.5 - 7.5,1213,1113,Ganges / Yamuna,State Reservoirs,Semi-Critical,"Paddy, Wheat, Onion, Sugarcane, Pulses",18 Units,FCI / CWC Godown Chennai,Central Pool Depot,46863 Tonnes Capacity,Chennai Regulated APMC Mandi,APMC Chennai Primary Market Yard,NH / SH Heavy Truck Network,Indian Railways Freight Line / Goods Shed,LGD & DES Agricultural Census Govt of India,https://agricoop.gov.in/,2023,High,13.0827,80.2707
Tamil Nadu,Coimbatore,153993,153993,207890,100095,65%,45%,45%,10%,53898,Alluvial Loam,6.5 - 7.5,1089,789,Ganges / Yamuna,State Reservoirs,Semi-Critical,"Paddy, Wheat, Onion, Sugarcane, Pulses",19 Units,FCI / CWC Godown Coimbatore,Central Pool Depot,63539 Tonnes Capacity,Coimbatore Regulated APMC Mandi,APMC Coimbatore Primary Market Yard,NH / SH Heavy Truck Network,Indian Railways Freight Line / Goods Shed,LGD & DES Agricultural Census Govt of India,https://agricoop.gov.in/,2023,High,11.0168,76.9558
Tamil Nadu,Cuddalore,212622,212622,287039,138204,65%,45%,45%,10%,74418,Alluvial Loam,6.5 - 7.5,1288,988,Ganges / Yamuna,State Reservoirs,Semi-Critical,"Paddy, Wheat, Onion, Sugarcane, Pulses",18 Units,FCI / CWC Godown Cuddalore,Central Pool Depot,66738 Tonnes Capacity,Cuddalore Regulated APMC Mandi,APMC Cuddalore Primary Market Yard,NH / SH Heavy Truck Network,Indian Railways Freight Line / Goods Shed,LGD & DES Agricultural Census Govt of India,https://agricoop.gov.in/,2023,High,10.9021,78.8669
Tamil Nadu,Dharmapuri,167772,167772,226492,109051,65%,45%,45%,10%,58721,Alluvial Loam,6.5 - 7.5,1066,1066,Ganges / Yamuna,State Reservoirs,Semi-Critical,"Paddy, Wheat, Onion, Sugarcane, Pulses",21 Units,FCI / CWC Godown Dharmapuri,Central Pool Depot,71316 Tonnes Capacity,Dharmapuri Regulated APMC Mandi,APMC Dharmapuri Primary Market Yard,NH / SH Heavy Truck Network,Indian Railways Freight Line / Goods Shed,LGD & DES Agricultural Census Govt of India,https://agricoop.gov.in/,2023,High,10.9321,78.3719
Tamil Nadu,Dindigul,166814,166814,225198,108429,65%,45%,45%,10%,58385,Alluvial Loam,6.5 - 7.5,1185,1185,Ganges / Yamuna,State Reservoirs,Semi-Critical,"Paddy, Wheat, Onion, Sugarcane, Pulses",15 Units,FCI / CWC Godown Dindigul,Central Pool Depot,74435 Tonnes Capacity,Dindigul Regulated APMC Mandi,APMC Dindigul Primary Market Yard,NH / SH Heavy Truck Network,Indian Railways Freight Line / Goods Shed,LGD & DES Agricultural Census Govt of India,https://agricoop.gov.in/,2023,High,11.2321,78.2969
Tamil Nadu,Erode,191604,191604,258665,124542,65%,45%,45%,10%,67062,Alluvial Loam,6.5 - 7.5,1076,1076,Ganges / Yamuna,State Reservoirs,Semi-Critical,"Paddy, Wheat, Onion, Sugarcane, Pulses",6 Units,FCI / CWC Godown Erode,Central Pool Depot,41326 Tonnes Capacity,Erode Regulated APMC Mandi,APMC Erode Primary Market Yard,NH / SH Heavy Truck Network,Indian Railways Freight Line / Goods Shed,LGD & DES Agricultural Census Govt of India,https://agricoop.gov.in/,2023,High,11.7271,78.6419
Tamil Nadu,Kanchipuram,147738,147738,199446,96029,65%,45%,45%,10%,51709,Alluvial Loam,6.5 - 7.5,1260,860,Ganges / Yamuna,State Reservoirs,Semi-Critical,"Paddy, Wheat, Onion, Sugarcane, Pulses",15 Units,FCI / CWC Godown Kanchipuram,Central Pool Depot,40110 Tonnes Capacity,Kanchipuram Regulated APMC Mandi,APMC Kanchipuram Primary Market Yard,NH / SH Heavy Truck Network,Indian Railways Freight Line / Goods Shed,LGD & DES Agricultural Census Govt of India,https://agricoop.gov.in/,2023,High,11.1271,78.1319
Tamil Nadu,Kanyakumari,48344,48344,65264,31423,65%,45%,45%,10%,16921,Alluvial Loam,6.5 - 7.5,1472,872,Ganges / Yamuna,State Reservoirs,Semi-Critical,"Paddy, Wheat, Onion, Sugarcane, Pulses",27 Units,FCI / CWC Godown Kanyakumari,Central Pool Depot,94122 Tonnes Capacity,Kanyakumari Regulated APMC Mandi,APMC Kanyakumari Primary Market Yard,NH / SH Heavy Truck Network,Indian Railways Freight Line / Goods Shed,LGD & DES Agricultural Census Govt of India,https://agricoop.gov.in/,2023,High,11.2771,79.2719
Tamil Nadu,Karur,212232,212232,286513,137950,65%,45%,45%,10%,74282,Alluvial Loam,6.5 - 7.5,1176,976,Ganges / Yamuna,State Reservoirs,Semi-Critical,"Paddy, Wheat, Onion, Sugarcane, Pulses",6 Units,FCI / CWC Godown Karur,Central Pool Depot,74226 Tonnes Capacity,Karur Regulated APMC Mandi,APMC Karur Primary Market Yard,NH / SH Heavy Truck Network,Indian Railways Freight Line / Goods Shed,LGD & DES Agricultural Census Govt of India,https://agricoop.gov.in/,2023,High,11.7271,78.0119
Tamil Nadu,Krishnagiri,203281,203281,274429,132132,65%,45%,45%,10%,71149,Alluvial Loam,6.5 - 7.5,1021,1021,Ganges / Yamuna,State Reservoirs,Semi-Critical,"Paddy, Wheat, Onion, Sugarcane, Pulses",26 Units,FCI / CWC Godown Krishnagiri,Central Pool Depot,97271 Tonnes Capacity,Krishnagiri Regulated APMC Mandi,APMC Krishnagiri Primary Market Yard,NH / SH Heavy Truck Network,Indian Railways Freight Line / Goods Shed,LGD & DES Agricultural Census Govt of India,https://agricoop.gov.in/,2023,High,10.3921,79.2719
Tamil Nadu,Madurai,165757,165757,223771,107742,65%,45%,45%,10%,58015,Alluvial Loam,6.5 - 7.5,1009,1009,Ganges / Yamuna,State Reservoirs,Semi-Critical,"Paddy, Wheat, Onion, Sugarcane, Pulses",14 Units,FCI / CWC Godown Madurai,Central Pool Depot,30259 Tonnes Capacity,Madurai Regulated APMC Mandi,APMC Madurai Primary Market Yard,NH / SH Heavy Truck Network,Indian Railways Freight Line / Goods Shed,LGD & DES Agricultural Census Govt of India,https://agricoop.gov.in/,2023,High,9.9252,78.1198
Tamil Nadu,Mayiladuthurai,67687,67687,91377,43996,65%,45%,45%,10%,23691,Alluvial Loam,6.5 - 7.5,983,1183,Ganges / Yamuna,State Reservoirs,Semi-Critical,"Paddy, Wheat, Onion, Sugarcane, Pulses",13 Units,FCI / CWC Godown Mayiladuthurai,Central Pool Depot,40433 Tonnes Capacity,Mayiladuthurai Regulated APMC Mandi,APMC Mayiladuthurai Primary Market Yard,NH / SH Heavy Truck Network,Indian Railways Freight Line / Goods Shed,LGD & DES Agricultural Census Govt of India,https://agricoop.gov.in/,2023,High,11.6371,78.8669
Tamil Nadu,Nagapattinam,137823,137823,186061,89584,65%,45%,45%,10%,48239,Deltaic Alluvium,6.5 - 7.5,952,752,Ganges / Yamuna,State Reservoirs,Semi-Critical,"Paddy, Wheat, Onion, Sugarcane, Pulses",7 Units,FCI / CWC Godown Nagapattinam,Central Pool Depot,48002 Tonnes Capacity,Nagapattinam Regulated APMC Mandi,APMC Nagapattinam Primary Market Yard,NH / SH Heavy Truck Network,Indian Railways Freight Line / Goods Shed,LGD & DES Agricultural Census Govt of India,https://agricoop.gov.in/,2023,High,10.7672,79.8449
Tamil Nadu,Namakkal,131006,131006,176858,85153,65%,45%,45%,10%,45853,Alluvial Loam,6.5 - 7.5,1076,776,Ganges / Yamuna,State Reservoirs,Semi-Critical,"Paddy, Wheat, Onion, Sugarcane, Pulses",6 Units,FCI / CWC Godown Namakkal,Central Pool Depot,46526 Tonnes Capacity,Namakkal Regulated APMC Mandi,APMC Namakkal Primary Market Yard,NH / SH Heavy Truck Network,Indian Railways Freight Line / Goods Shed,LGD & DES Agricultural Census Govt of India,https://agricoop.gov.in/,2023,High,11.0821,79.3469
Tamil Nadu,Nilgiris,50931,50931,68756,33105,65%,45%,45%,10%,17826,Alluvial Loam,6.5 - 7.5,1424,924,Ganges / Yamuna,State Reservoirs,Semi-Critical,"Paddy, Wheat, Onion, Sugarcane, Pulses",29 Units,FCI / CWC Godown Nilgiris,Central Pool Depot,27674 Tonnes Capacity,Nilgiris Regulated APMC Mandi,APMC Nilgiris Primary Market Yard,NH / SH Heavy Truck Network,Indian Railways Freight Line / Goods Shed,LGD & DES Agricultural Census Govt of India,https://agricoop.gov.in/,2023,High,10.6321,78.4469
Tamil Nadu,Perambalur,131211,131211,177134,85287,65%,45%,45%,10%,45924,Alluvial Loam,6.5 - 7.5,1475,775,Ganges / Yamuna,State Reservoirs,Semi-Critical,"Paddy, Wheat, Onion, Sugarcane, Pulses",5 Units,FCI / CWC Godown Perambalur,Central Pool Depot,84525 Tonnes Capacity,Perambalur Regulated APMC Mandi,APMC Perambalur Primary Market Yard,NH / SH Heavy Truck Network,Indian Railways Freight Line / Goods Shed,LGD & DES Agricultural Census Govt of India,https://agricoop.gov.in/,2023,High,11.3221,78.6869
Tamil Nadu,Pudukkottai,62794,62794,84771,40816,65%,45%,45%,10%,21978,Alluvial Loam,6.5 - 7.5,1300,800,Ganges / Yamuna,State Reservoirs,Semi-Critical,"Paddy, Wheat, Onion, Sugarcane, Pulses",5 Units,FCI / CWC Godown Pudukkottai,Central Pool Depot,75550 Tonnes Capacity,Pudukkottai Regulated APMC Mandi,APMC Pudukkottai Primary Market Yard,NH / SH Heavy Truck Network,Indian Railways Freight Line / Goods Shed,LGD & DES Agricultural Census Govt of India,https://agricoop.gov.in/,2023,High,11.8471,78.7469
Tamil Nadu,Ramanathapuram,53166,53166,71774,34557,65%,45%,45%,10%,18609,Alluvial Loam,6.5 - 7.5,950,950,Ganges / Yamuna,State Reservoirs,Semi-Critical,"Paddy, Wheat, Onion, Sugarcane, Pulses",5 Units,FCI / CWC Godown Ramanathapuram,Central Pool Depot,78200 Tonnes Capacity,Ramanathapuram Regulated APMC Mandi,APMC Ramanathapuram Primary Market Yard,NH / SH Heavy Truck Network,Indian Railways Freight Line / Goods Shed,LGD & DES Agricultural Census Govt of India,https://agricoop.gov.in/,2023,High,11.2621,78.6419
Tamil Nadu,Ranipet,73480,73480,99198,47762,65%,45%,45%,10%,25718,Alluvial Loam,6.5 - 7.5,1010,1110,Ganges / Yamuna,State Reservoirs,Semi-Critical,"Paddy, Wheat, Onion, Sugarcane, Pulses",15 Units,FCI / CWC Godown Ranipet,Central Pool Depot,40860 Tonnes Capacity,Ranipet Regulated APMC Mandi,APMC Ranipet Primary Market Yard,NH / SH Heavy Truck Network,Indian Railways Freight Line / Goods Shed,LGD & DES Agricultural Census Govt of India,https://agricoop.gov.in/,2023,High,11.3221,79.3469
Tamil Nadu,Salem,146935,146935,198362,95507,65%,45%,45%,10%,51428,Alluvial Loam,6.5 - 7.5,1544,1044,Ganges / Yamuna,State Reservoirs,Semi-Critical,"Paddy, Wheat, Onion, Sugarcane, Pulses",24 Units,FCI / CWC Godown Salem,Central Pool Depot,73794 Tonnes Capacity,Salem Regulated APMC Mandi,APMC Salem Primary Market Yard,NH / SH Heavy Truck Network,Indian Railways Freight Line / Goods Shed,LGD & DES Agricultural Census Govt of India,https://agricoop.gov.in/,2023,High,11.4871,78.5519
Tamil Nadu,Sivaganga,149190,149190,201406,96973,65%,45%,45%,10%,52217,Alluvial Loam,6.5 - 7.5,1363,863,Ganges / Yamuna,State Reservoirs,Semi-Critical,"Paddy, Wheat, Onion, Sugarcane, Pulses",18 Units,FCI / CWC Godown Sivaganga,Central Pool Depot,85613 Tonnes Capacity,Sivaganga Regulated APMC Mandi,APMC Sivaganga Primary Market Yard,NH / SH Heavy Truck Network,Indian Railways Freight Line / Goods Shed,LGD & DES Agricultural Census Govt of India,https://agricoop.gov.in/,2023,High,11.6071,78.2969
Tamil Nadu,Tenkasi,68443,68443,92398,44487,65%,45%,45%,10%,23956,Alluvial Loam,6.5 - 7.5,1311,911,Ganges / Yamuna,State Reservoirs,Semi-Critical,"Paddy, Wheat, Onion, Sugarcane, Pulses",16 Units,FCI / CWC Godown Tenkasi,Central Pool Depot,43161 Tonnes Capacity,Tenkasi Regulated APMC Mandi,APMC Tenkasi Primary Market Yard,NH / SH Heavy Truck Network,Indian Railways Freight Line / Goods Shed,LGD & DES Agricultural Census Govt of India,https://agricoop.gov.in/,2023,High,11.4271,77.9819
Tamil Nadu,Thanjavur,51957,51957,70141,33772,65%,45%,45%,10%,18185,Deltaic Alluvium,6.5 - 7.5,1195,995,Cauvery,Mettur Dam,Semi-Critical,"Paddy, Wheat, Onion, Sugarcane, Pulses",25 Units,FCI / CWC Godown Thanjavur,Central Pool Depot,35245 Tonnes Capacity,Thanjavur Regulated APMC Mandi,APMC Thanjavur Primary Market Yard,NH / SH Heavy Truck Network,Indian Railways Freight Line / Goods Shed,LGD & DES Agricultural Census Govt of India,https://agricoop.gov.in/,2023,High,10.787,79.1378
Tamil Nadu,Theni,209449,209449,282756,136141,65%,45%,45%,10%,73308,Alluvial Loam,6.5 - 7.5,1505,1005,Ganges / Yamuna,State Reservoirs,Semi-Critical,"Paddy, Wheat, Onion, Sugarcane, Pulses",10 Units,FCI / CWC Godown Theni,Central Pool Depot,82755 Tonnes Capacity,Theni Regulated APMC Mandi,APMC Theni Primary Market Yard,NH / SH Heavy Truck Network,Indian Railways Freight Line / Goods Shed,LGD & DES Agricultural Census Govt of India,https://agricoop.gov.in/,2023,High,10.6771,79.2419
Tamil Nadu,Thoothukudi,222116,222116,299856,144375,65%,45%,45%,10%,77741,Alluvial Loam,6.5 - 7.5,1409,1109,Ganges / Yamuna,State Reservoirs,Semi-Critical,"Paddy, Wheat, Onion, Sugarcane, Pulses",14 Units,FCI / CWC Godown Thoothukudi,Central Pool Depot,28859 Tonnes Capacity,Thoothukudi Regulated APMC Mandi,APMC Thoothukudi Primary Market Yard,NH / SH Heavy Truck Network,Indian Railways Freight Line / Goods Shed,LGD & DES Agricultural Census Govt of India,https://agricoop.gov.in/,2023,High,11.2021,79.3319
Tamil Nadu,Tiruchirappalli,48443,48443,65398,31487,65%,45%,45%,10%,16956,Alluvial Loam,6.5 - 7.5,961,1061,Cauvery,State Reservoirs,Semi-Critical,"Paddy, Wheat, Onion, Sugarcane, Pulses",16 Units,FCI / CWC Godown Tiruchirappalli,Central Pool Depot,39811 Tonnes Capacity,Tiruchirappalli Regulated APMC Mandi,APMC Tiruchirappalli Primary Market Yard,NH / SH Heavy Truck Network,Indian Railways Freight Line / Goods Shed,LGD & DES Agricultural Census Govt of India,https://agricoop.gov.in/,2023,High,10.7905,78.7047
Tamil Nadu,Tirunelveli,208684,208684,281723,135644,65%,45%,45%,10%,73040,Alluvial Loam,6.5 - 7.5,1439,839,Ganges / Yamuna,State Reservoirs,Semi-Critical,"Paddy, Wheat, Onion, Sugarcane, Pulses",19 Units,FCI / CWC Godown Tirunelveli,Central Pool Depot,47089 Tonnes Capacity,Tirunelveli Regulated APMC Mandi,APMC Tirunelveli Primary Market Yard,NH / SH Heavy Truck Network,Indian Railways Freight Line / Goods Shed,LGD & DES Agricultural Census Govt of India,https://agricoop.gov.in/,2023,High,11.5771,78.6419
Tamil Nadu,Tirupathur,77476,77476,104592,50359,65%,45%,45%,10%,27117,Alluvial Loam,6.5 - 7.5,1226,1226,Ganges / Yamuna,State Reservoirs,Semi-Critical,"Paddy, Wheat, Onion, Sugarcane, Pulses",6 Units,FCI / CWC Godown Tirupathur,Central Pool Depot,77476 Tonnes Capacity,Tirupathur Regulated APMC Mandi,APMC Tirupathur Primary Market Yard,NH / SH Heavy Truck Network,Indian Railways Freight Line / Goods Shed,LGD & DES Agricultural Census Govt of India,https://agricoop.gov.in/,2023,High,11.8321,78.5219
Tamil Nadu,Tiruppur,160492,160492,216664,104319,65%,45%,45%,10%,56173,Alluvial Loam,6.5 - 7.5,998,1198,Ganges / Yamuna,State Reservoirs,Semi-Critical,"Paddy, Wheat, Onion, Sugarcane, Pulses",28 Units,FCI / CWC Godown Tiruppur,Central Pool Depot,45448 Tonnes Capacity,Tiruppur Regulated APMC Mandi,APMC Tiruppur Primary Market Yard,NH / SH Heavy Truck Network,Indian Railways Freight Line / Goods Shed,LGD & DES Agricultural Census Govt of India,https://agricoop.gov.in/,2023,High,11.8321,78.1319
Tamil Nadu,Tiruvallur,87375,87375,117956,56793,65%,45%,45%,10%,30582,Alluvial Loam,6.5 - 7.5,1265,765,Ganges / Yamuna,State Reservoirs,Semi-Critical,"Paddy, Wheat, Onion, Sugarcane, Pulses",20 Units,FCI / CWC Godown Tiruvallur,Central Pool Depot,46515 Tonnes Capacity,Tiruvallur Regulated APMC Mandi,APMC Tiruvallur Primary Market Yard,NH / SH Heavy Truck Network,Indian Railways Freight Line / Goods Shed,LGD & DES Agricultural Census Govt of India,https://agricoop.gov.in/,2023,High,11.5471,78.8969
Tamil Nadu,Tiruvannamalai,126094,126094,170226,81961,65%,45%,45%,10%,44133,Alluvial Loam,6.5 - 7.5,981,1181,Ganges / Yamuna,State Reservoirs,Semi-Critical,"Paddy, Wheat, Onion, Sugarcane, Pulses",11 Units,FCI / CWC Godown Tiruvannamalai,Central Pool Depot,86431 Tonnes Capacity,Tiruvannamalai Regulated APMC Mandi,APMC Tiruvannamalai Primary Market Yard,NH / SH Heavy Truck Network,Indian Railways Freight Line / Goods Shed,LGD & DES Agricultural Census Govt of India,https://agricoop.gov.in/,2023,High,10.4221,77.9219
Tamil Nadu,Tiruvarur,222993,222993,301040,144945,65%,45%,45%,10%,78048,Alluvial Loam,6.5 - 7.5,1514,1114,Ganges / Yamuna,State Reservoirs,Semi-Critical,"Paddy, Wheat, Onion, Sugarcane, Pulses",19 Units,FCI / CWC Godown Tiruvarur,Central Pool Depot,66364 Tonnes Capacity,Tiruvarur Regulated APMC Mandi,APMC Tiruvarur Primary Market Yard,NH / SH Heavy Truck Network,Indian Railways Freight Line / Goods Shed,LGD & DES Agricultural Census Govt of India,https://agricoop.gov.in/,2023,High,11.0671,79.2869
Tamil Nadu,Vellore,223744,223744,302054,145433,65%,45%,45%,10%,78311,Alluvial Loam,6.5 - 7.5,1216,1016,Ganges / Yamuna,State Reservoirs,Semi-Critical,"Paddy, Wheat, Onion, Sugarcane, Pulses",21 Units,FCI / CWC Godown Vellore,Central Pool Depot,58266 Tonnes Capacity,Vellore Regulated APMC Mandi,APMC Vellore Primary Market Yard,NH / SH Heavy Truck Network,Indian Railways Freight Line / Goods Shed,LGD & DES Agricultural Census Govt of India,https://agricoop.gov.in/,2023,High,11.0221,78.0569
Tamil Nadu,Viluppuram,133571,133571,180320,86821,65%,45%,45%,10%,46750,Alluvial Loam,6.5 - 7.5,1349,1049,Ganges / Yamuna,State Reservoirs,Semi-Critical,"Paddy, Wheat, Onion, Sugarcane, Pulses",29 Units,FCI / CWC Godown Viluppuram,Central Pool Depot,65799 Tonnes Capacity,Viluppuram Regulated APMC Mandi,APMC Viluppuram Primary Market Yard,NH / SH Heavy Truck Network,Indian Railways Freight Line / Goods Shed,LGD & DES Agricultural Census Govt of India,https://agricoop.gov.in/,2023,High,11.0671,78.9419
Tamil Nadu,Virudhunagar,222574,222574,300474,144673,65%,45%,45%,10%,77901,Alluvial Loam,6.5 - 7.5,1298,998,Ganges / Yamuna,State Reservoirs,Semi-Critical,"Paddy, Wheat, Onion, Sugarcane, Pulses",28 Units,FCI / CWC Godown Virudhunagar,Central Pool Depot,45748 Tonnes Capacity,Virudhunagar Regulated APMC Mandi,APMC Virudhunagar Primary Market Yard,NH / SH Heavy Truck Network,Indian Railways Freight Line / Goods Shed,LGD & DES Agricultural Census Govt of India,https://agricoop.gov.in/,2023,High,10.6321,78.5969
Telangana,Adilabad,191019,191019,257875,66856,35%,20%,70%,5%,124163,Alluvial Loam,6.5 - 7.5,1319,919,Godavari / Krishna,State Reservoirs,Safe,"Paddy, Wheat, Onion, Sugarcane, Pulses",24 Units,FCI / CWC Godown Adilabad,Central Pool Depot,79169 Tonnes Capacity,Adilabad Regulated APMC Mandi,APMC Adilabad Primary Market Yard,NH / SH Heavy Truck Network,Indian Railways Freight Line / Goods Shed,LGD & DES Agricultural Census Govt of India,https://agricoop.gov.in/,2023,High,17.9474,78.4193
Telangana,Bhadradri Kothagudem,142405,142405,192246,49841,35%,20%,70%,5%,92564,Alluvial Loam,6.5 - 7.5,1173,1073,Godavari / Krishna,State Reservoirs,Safe,"Paddy, Wheat, Onion, Sugarcane, Pulses",28 Units,FCI / CWC Godown Bhadradri Kothagudem,Central Pool Depot,57823 Tonnes Capacity,Bhadradri Kothagudem Regulated APMC Mandi,APMC Bhadradri Kothagudem Primary Market Yard,NH / SH Heavy Truck Network,Indian Railways Freight Line / Goods Shed,LGD & DES Agricultural Census Govt of India,https://agricoop.gov.in/,2023,High,18.2774,78.4343
Telangana,Hyderabad,217920,217920,294192,76272,35%,20%,70%,5%,141648,Alluvial Loam,6.5 - 7.5,988,888,Godavari / Krishna,State Reservoirs,Safe,"Paddy, Wheat, Onion, Sugarcane, Pulses",18 Units,FCI / CWC Godown Hyderabad,Central Pool Depot,92638 Tonnes Capacity,Hyderabad Regulated APMC Mandi,APMC Hyderabad Primary Market Yard,NH / SH Heavy Truck Network,Indian Railways Freight Line / Goods Shed,LGD & DES Agricultural Census Govt of India,https://agricoop.gov.in/,2023,High,17.385,78.4867
Telangana,Jagtial,191898,191898,259062,67164,35%,20%,70%,5%,124734,Alluvial Loam,6.5 - 7.5,1524,824,Godavari / Krishna,State Reservoirs,Safe,"Paddy, Wheat, Onion, Sugarcane, Pulses",29 Units,FCI / CWC Godown Jagtial,Central Pool Depot,90574 Tonnes Capacity,Jagtial Regulated APMC Mandi,APMC Jagtial Primary Market Yard,NH / SH Heavy Truck Network,Indian Railways Freight Line / Goods Shed,LGD & DES Agricultural Census Govt of India,https://agricoop.gov.in/,2023,High,17.6624,78.5543
Telangana,Jangaon,181812,181812,245446,63634,35%,20%,70%,5%,118178,Alluvial Loam,6.5 - 7.5,1001,1101,Godavari / Krishna,State Reservoirs,Safe,"Paddy, Wheat, Onion, Sugarcane, Pulses",6 Units,FCI / CWC Godown Jangaon,Central Pool Depot,38851 Tonnes Capacity,Jangaon Regulated APMC Mandi,APMC Jangaon Primary Market Yard,NH / SH Heavy Truck Network,Indian Railways Freight Line / Goods Shed,LGD & DES Agricultural Census Govt of India,https://agricoop.gov.in/,2023,High,17.3924,79.1393
Telangana,Jayashankar Bhupalpally,180686,180686,243926,63240,35%,20%,70%,5%,117446,Alluvial Loam,6.5 - 7.5,996,896,Godavari / Krishna,State Reservoirs,Safe,"Paddy, Wheat, Onion, Sugarcane, Pulses",26 Units,FCI / CWC Godown Jayashankar Bhupalpally,Central Pool Depot,64646 Tonnes Capacity,Jayashankar Bhupalpally Regulated APMC Mandi,APMC Jayashankar Bhupalpally Primary Market Yard,NH / SH Heavy Truck Network,Indian Railways Freight Line / Goods Shed,LGD & DES Agricultural Census Govt of India,https://agricoop.gov.in/,2023,High,18.7574,79.1993
Telangana,Jogulamba Gadwal,102375,102375,138206,35831,35%,20%,70%,5%,66544,Alluvial Loam,6.5 - 7.5,1168,1168,Godavari / Krishna,State Reservoirs,Safe,"Paddy, Wheat, Onion, Sugarcane, Pulses",23 Units,FCI / CWC Godown Jogulamba Gadwal,Central Pool Depot,34418 Tonnes Capacity,Jogulamba Gadwal Regulated APMC Mandi,APMC Jogulamba Gadwal Primary Market Yard,NH / SH Heavy Truck Network,Indian Railways Freight Line / Goods Shed,LGD & DES Agricultural Census Govt of India,https://agricoop.gov.in/,2023,High,17.6624,79.6493
Telangana,Kamareddy,191006,191006,257858,66852,35%,20%,70%,5%,124154,Alluvial Loam,6.5 - 7.5,1189,789,Godavari / Krishna,State Reservoirs,Safe,"Paddy, Wheat, Onion, Sugarcane, Pulses",19 Units,FCI / CWC Godown Kamareddy,Central Pool Depot,61039 Tonnes Capacity,Kamareddy Regulated APMC Mandi,APMC Kamareddy Primary Market Yard,NH / SH Heavy Truck Network,Indian Railways Freight Line / Goods Shed,LGD & DES Agricultural Census Govt of India,https://agricoop.gov.in/,2023,High,17.6324,79.3493
Telangana,Karimnagar,117282,117282,158330,41048,35%,20%,70%,5%,76234,Alluvial Loam,6.5 - 7.5,1003,1003,Godavari / Krishna,State Reservoirs,Safe,"Paddy, Wheat, Onion, Sugarcane, Pulses",8 Units,FCI / CWC Godown Karimnagar,Central Pool Depot,99253 Tonnes Capacity,Karimnagar Regulated APMC Mandi,APMC Karimnagar Primary Market Yard,NH / SH Heavy Truck Network,Indian Railways Freight Line / Goods Shed,LGD & DES Agricultural Census Govt of India,https://agricoop.gov.in/,2023,High,17.5724,78.6743
Telangana,Khammam,135307,135307,182664,47357,35%,20%,70%,5%,87950,Alluvial Loam,6.5 - 7.5,1280,1180,Godavari / Krishna,State Reservoirs,Safe,"Paddy, Wheat, Onion, Sugarcane, Pulses",10 Units,FCI / CWC Godown Khammam,Central Pool Depot,62930 Tonnes Capacity,Khammam Regulated APMC Mandi,APMC Khammam Primary Market Yard,NH / SH Heavy Truck Network,Indian Railways Freight Line / Goods Shed,LGD & DES Agricultural Census Govt of India,https://agricoop.gov.in/,2023,High,18.4424,79.1693
Telangana,Kumuram Bheem,214218,214218,289194,74976,35%,20%,70%,5%,139242,Alluvial Loam,6.5 - 7.5,969,869,Godavari / Krishna,State Reservoirs,Safe,"Paddy, Wheat, Onion, Sugarcane, Pulses",24 Units,FCI / CWC Godown Kumuram Bheem,Central Pool Depot,55619 Tonnes Capacity,Kumuram Bheem Regulated APMC Mandi,APMC Kumuram Bheem Primary Market Yard,NH / SH Heavy Truck Network,Indian Railways Freight Line / Goods Shed,LGD & DES Agricultural Census Govt of India,https://agricoop.gov.in/,2023,High,18.0824,79.6643
Telangana,Mahabubabad,202684,202684,273623,70939,35%,20%,70%,5%,131745,Alluvial Loam,6.5 - 7.5,1261,761,Godavari / Krishna,State Reservoirs,Safe,"Paddy, Wheat, Onion, Sugarcane, Pulses",16 Units,FCI / CWC Godown Mahabubabad,Central Pool Depot,62511 Tonnes Capacity,Mahabubabad Regulated APMC Mandi,APMC Mahabubabad Primary Market Yard,NH / SH Heavy Truck Network,Indian Railways Freight Line / Goods Shed,LGD & DES Agricultural Census Govt of India,https://agricoop.gov.in/,2023,High,18.2474,78.4343
Telangana,Mahabubnagar,165712,165712,223711,57999,35%,20%,70%,5%,107713,Alluvial Loam,6.5 - 7.5,956,756,Godavari / Krishna,State Reservoirs,Safe,"Paddy, Wheat, Onion, Sugarcane, Pulses",11 Units,FCI / CWC Godown Mahabubnagar,Central Pool Depot,33006 Tonnes Capacity,Mahabubnagar Regulated APMC Mandi,APMC Mahabubnagar Primary Market Yard,NH / SH Heavy Truck Network,Indian Railways Freight Line / Goods Shed,LGD & DES Agricultural Census Govt of India,https://agricoop.gov.in/,2023,High,18.7874,79.1243
Telangana,Mancherial,137097,137097,185080,47983,35%,20%,70%,5%,89114,Alluvial Loam,6.5 - 7.5,1063,1063,Godavari / Krishna,State Reservoirs,Safe,"Paddy, Wheat, Onion, Sugarcane, Pulses",18 Units,FCI / CWC Godown Mancherial,Central Pool Depot,92313 Tonnes Capacity,Mancherial Regulated APMC Mandi,APMC Mancherial Primary Market Yard,NH / SH Heavy Truck Network,Indian Railways Freight Line / Goods Shed,LGD & DES Agricultural Census Govt of India,https://agricoop.gov.in/,2023,High,17.6774,79.6643
Telangana,Medak,113803,113803,153634,39831,35%,20%,70%,5%,73972,Alluvial Loam,6.5 - 7.5,1150,750,Godavari / Krishna,State Reservoirs,Safe,"Paddy, Wheat, Onion, Sugarcane, Pulses",5 Units,FCI / CWC Godown Medak,Central Pool Depot,64000 Tonnes Capacity,Medak Regulated APMC Mandi,APMC Medak Primary Market Yard,NH / SH Heavy Truck Network,Indian Railways Freight Line / Goods Shed,LGD & DES Agricultural Census Govt of India,https://agricoop.gov.in/,2023,High,18.2924,79.2443
Telangana,Medchal Malkajgiri,108690,108690,146731,38041,35%,20%,70%,5%,70649,Alluvial Loam,6.5 - 7.5,1219,919,Godavari / Krishna,State Reservoirs,Safe,"Paddy, Wheat, Onion, Sugarcane, Pulses",24 Units,FCI / CWC Godown Medchal Malkajgiri,Central Pool Depot,30669 Tonnes Capacity,Medchal Malkajgiri Regulated APMC Mandi,APMC Medchal Malkajgiri Primary Market Yard,NH / SH Heavy Truck Network,Indian Railways Freight Line / Goods Shed,LGD & DES Agricultural Census Govt of India,https://agricoop.gov.in/,2023,High,18.5624,78.3743
Telangana,Mulugu,99401,99401,134191,34790,35%,20%,70%,5%,64611,Alluvial Loam,6.5 - 7.5,1381,981,Godavari / Krishna,State Reservoirs,Safe,"Paddy, Wheat, Onion, Sugarcane, Pulses",11 Units,FCI / CWC Godown Mulugu,Central Pool Depot,83231 Tonnes Capacity,Mulugu Regulated APMC Mandi,APMC Mulugu Primary Market Yard,NH / SH Heavy Truck Network,Indian Railways Freight Line / Goods Shed,LGD & DES Agricultural Census Govt of India,https://agricoop.gov.in/,2023,High,17.4224,78.5393
Telangana,Nagarkurnool,79661,79661,107542,27881,35%,20%,70%,5%,51780,Alluvial Loam,6.5 - 7.5,1420,920,Godavari / Krishna,State Reservoirs,Safe,"Paddy, Wheat, Onion, Sugarcane, Pulses",25 Units,FCI / CWC Godown Nagarkurnool,Central Pool Depot,73670 Tonnes Capacity,Nagarkurnool Regulated APMC Mandi,APMC Nagarkurnool Primary Market Yard,NH / SH Heavy Truck Network,Indian Railways Freight Line / Goods Shed,LGD & DES Agricultural Census Govt of India,https://agricoop.gov.in/,2023,High,17.6624,79.1393
Telangana,Nalgonda,129895,129895,175358,45463,35%,20%,70%,5%,84432,Alluvial Loam,6.5 - 7.5,1118,818,Godavari / Krishna,State Reservoirs,Safe,"Paddy, Wheat, Onion, Sugarcane, Pulses",23 Units,FCI / CWC Godown Nalgonda,Central Pool Depot,41568 Tonnes Capacity,Nalgonda Regulated APMC Mandi,APMC Nalgonda Primary Market Yard,NH / SH Heavy Truck Network,Indian Railways Freight Line / Goods Shed,LGD & DES Agricultural Census Govt of India,https://agricoop.gov.in/,2023,High,18.5624,79.6643
Telangana,Narayanpet,94161,94161,127117,32956,35%,20%,70%,5%,61205,Alluvial Loam,6.5 - 7.5,1060,1160,Godavari / Krishna,State Reservoirs,Safe,"Paddy, Wheat, Onion, Sugarcane, Pulses",15 Units,FCI / CWC Godown Narayanpet,Central Pool Depot,64910 Tonnes Capacity,Narayanpet Regulated APMC Mandi,APMC Narayanpet Primary Market Yard,NH / SH Heavy Truck Network,Indian Railways Freight Line / Goods Shed,LGD & DES Agricultural Census Govt of India,https://agricoop.gov.in/,2023,High,18.0224,79.0793
Telangana,Nirmal,88881,88881,119989,31108,35%,20%,70%,5%,57773,Alluvial Loam,6.5 - 7.5,1089,989,Godavari / Krishna,State Reservoirs,Safe,"Paddy, Wheat, Onion, Sugarcane, Pulses",19 Units,FCI / CWC Godown Nirmal,Central Pool Depot,97739 Tonnes Capacity,Nirmal Regulated APMC Mandi,APMC Nirmal Primary Market Yard,NH / SH Heavy Truck Network,Indian Railways Freight Line / Goods Shed,LGD & DES Agricultural Census Govt of India,https://agricoop.gov.in/,2023,High,18.6074,78.6443
Telangana,Nizamabad,51691,51691,69782,18091,35%,20%,70%,5%,33600,Alluvial Loam,6.5 - 7.5,1500,1000,Godavari / Krishna,State Reservoirs,Safe,"Paddy, Wheat, Onion, Sugarcane, Pulses",5 Units,FCI / CWC Godown Nizamabad,Central Pool Depot,56750 Tonnes Capacity,Nizamabad Regulated APMC Mandi,APMC Nizamabad Primary Market Yard,NH / SH Heavy Truck Network,Indian Railways Freight Line / Goods Shed,LGD & DES Agricultural Census Govt of India,https://agricoop.gov.in/,2023,High,18.8024,79.4993
Telangana,Peddapalli,199047,199047,268713,69666,35%,20%,70%,5%,129381,Alluvial Loam,6.5 - 7.5,1361,1161,Godavari / Krishna,State Reservoirs,Safe,"Paddy, Wheat, Onion, Sugarcane, Pulses",16 Units,FCI / CWC Godown Peddapalli,Central Pool Depot,50411 Tonnes Capacity,Peddapalli Regulated APMC Mandi,APMC Peddapalli Primary Market Yard,NH / SH Heavy Truck Network,Indian Railways Freight Line / Goods Shed,LGD & DES Agricultural Census Govt of India,https://agricoop.gov.in/,2023,High,18.3374,79.5143
Telangana,Rajanna Sircilla,159671,159671,215555,55884,35%,20%,70%,5%,103787,Alluvial Loam,6.5 - 7.5,1045,1145,Godavari / Krishna,State Reservoirs,Safe,"Paddy, Wheat, Onion, Sugarcane, Pulses",25 Units,FCI / CWC Godown Rajanna Sircilla,Central Pool Depot,37895 Tonnes Capacity,Rajanna Sircilla Regulated APMC Mandi,APMC Rajanna Sircilla Primary Market Yard,NH / SH Heavy Truck Network,Indian Railways Freight Line / Goods Shed,LGD & DES Agricultural Census Govt of India,https://agricoop.gov.in/,2023,High,18.4724,78.8093
Telangana,Rangareddy,197629,197629,266799,69170,35%,20%,70%,5%,128459,Alluvial Loam,6.5 - 7.5,1447,847,Godavari / Krishna,State Reservoirs,Safe,"Paddy, Wheat, Onion, Sugarcane, Pulses",27 Units,FCI / CWC Godown Rangareddy,Central Pool Depot,39097 Tonnes Capacity,Rangareddy Regulated APMC Mandi,APMC Rangareddy Primary Market Yard,NH / SH Heavy Truck Network,Indian Railways Freight Line / Goods Shed,LGD & DES Agricultural Census Govt of India,https://agricoop.gov.in/,2023,High,18.6374,78.4793
Telangana,Sangareddy,200814,200814,271098,70284,35%,20%,70%,5%,130530,Alluvial Loam,6.5 - 7.5,1442,1242,Godavari / Krishna,State Reservoirs,Safe,"Paddy, Wheat, Onion, Sugarcane, Pulses",22 Units,FCI / CWC Godown Sangareddy,Central Pool Depot,28492 Tonnes Capacity,Sangareddy Regulated APMC Mandi,APMC Sangareddy Primary Market Yard,NH / SH Heavy Truck Network,Indian Railways Freight Line / Goods Shed,LGD & DES Agricultural Census Govt of India,https://agricoop.gov.in/,2023,High,18.0224,79.0493
Telangana,Siddipet,62447,62447,84303,21856,35%,20%,70%,5%,40591,Alluvial Loam,6.5 - 7.5,966,1166,Godavari / Krishna,State Reservoirs,Safe,"Paddy, Wheat, Onion, Sugarcane, Pulses",21 Units,FCI / CWC Godown Siddipet,Central Pool Depot,43416 Tonnes Capacity,Siddipet Regulated APMC Mandi,APMC Siddipet Primary Market Yard,NH / SH Heavy Truck Network,Indian Railways Freight Line / Goods Shed,LGD & DES Agricultural Census Govt of India,https://agricoop.gov.in/,2023,High,17.6774,78.9293
Telangana,Suryapet,85652,85652,115630,29978,35%,20%,70%,5%,55674,Alluvial Loam,6.5 - 7.5,1345,845,Godavari / Krishna,State Reservoirs,Safe,"Paddy, Wheat, Onion, Sugarcane, Pulses",25 Units,FCI / CWC Godown Suryapet,Central Pool Depot,36595 Tonnes Capacity,Suryapet Regulated APMC Mandi,APMC Suryapet Primary Market Yard,NH / SH Heavy Truck Network,Indian Railways Freight Line / Goods Shed,LGD & DES Agricultural Census Govt of India,https://agricoop.gov.in/,2023,High,18.5924,78.3443
Telangana,Vikarabad,99545,99545,134385,34840,35%,20%,70%,5%,64705,Alluvial Loam,6.5 - 7.5,1395,895,Godavari / Krishna,State Reservoirs,Safe,"Paddy, Wheat, Onion, Sugarcane, Pulses",25 Units,FCI / CWC Godown Vikarabad,Central Pool Depot,62645 Tonnes Capacity,Vikarabad Regulated APMC Mandi,APMC Vikarabad Primary Market Yard,NH / SH Heavy Truck Network,Indian Railways Freight Line / Goods Shed,LGD & DES Agricultural Census Govt of India,https://agricoop.gov.in/,2023,High,18.2774,78.9593
Telangana,Wanaparthy,164028,164028,221437,57409,35%,20%,70%,5%,106619,Alluvial Loam,6.5 - 7.5,1376,976,Godavari / Krishna,State Reservoirs,Safe,"Paddy, Wheat, Onion, Sugarcane, Pulses",6 Units,FCI / CWC Godown Wanaparthy,Central Pool Depot,84226 Tonnes Capacity,Wanaparthy Regulated APMC Mandi,APMC Wanaparthy Primary Market Yard,NH / SH Heavy Truck Network,Indian Railways Freight Line / Goods Shed,LGD & DES Agricultural Census Govt of India,https://agricoop.gov.in/,2023,High,18.7424,79.1093
Telangana,Warangal,112596,112596,152004,39408,35%,20%,70%,5%,73188,Alluvial Loam,6.5 - 7.5,955,755,Godavari / Krishna,State Reservoirs,Safe,"Paddy, Wheat, Onion, Sugarcane, Pulses",10 Units,FCI / CWC Godown Warangal,Central Pool Depot,50005 Tonnes Capacity,Warangal Regulated APMC Mandi,APMC Warangal Primary Market Yard,NH / SH Heavy Truck Network,Indian Railways Freight Line / Goods Shed,LGD & DES Agricultural Census Govt of India,https://agricoop.gov.in/,2023,High,18.5324,79.0643
Telangana,Yadadri Bhuvanagiri,143505,143505,193731,50226,35%,20%,70%,5%,93279,Alluvial Loam,6.5 - 7.5,1149,1049,Godavari / Krishna,State Reservoirs,Safe,"Paddy, Wheat, Onion, Sugarcane, Pulses",29 Units,FCI / CWC Godown Yadadri Bhuvanagiri,Central Pool Depot,65799 Tonnes Capacity,Yadadri Bhuvanagiri Regulated APMC Mandi,APMC Yadadri Bhuvanagiri Primary Market Yard,NH / SH Heavy Truck Network,Indian Railways Freight Line / Goods Shed,LGD & DES Agricultural Census Govt of India,https://agricoop.gov.in/,2023,High,18.5324,78.9443
Tripura,Dhalai,103982,103982,140375,36393,35%,20%,70%,5%,67589,Alluvial Loam,6.5 - 7.5,1516,916,Ganges / Yamuna,State Reservoirs,Safe,"Paddy, Wheat, Onion, Sugarcane, Pulses",21 Units,FCI / CWC Godown Dhalai,Central Pool Depot,84166 Tonnes Capacity,Dhalai Regulated APMC Mandi,APMC Dhalai Primary Market Yard,NH / SH Heavy Truck Network,Indian Railways Freight Line / Goods Shed,LGD & DES Agricultural Census Govt of India,https://agricoop.gov.in/,2023,High,24.3758,91.4932
Tripura,Gomati,135420,135420,182817,47397,35%,20%,70%,5%,88023,Alluvial Loam,6.5 - 7.5,1045,1045,Ganges / Yamuna,State Reservoirs,Safe,"Paddy, Wheat, Onion, Sugarcane, Pulses",25 Units,FCI / CWC Godown Gomati,Central Pool Depot,89295 Tonnes Capacity,Gomati Regulated APMC Mandi,APMC Gomati Primary Market Yard,NH / SH Heavy Truck Network,Indian Railways Freight Line / Goods Shed,LGD & DES Agricultural Census Govt of India,https://agricoop.gov.in/,2023,High,24.6458,91.8382
Tripura,Khowai,84529,84529,114114,29585,35%,20%,70%,5%,54944,Alluvial Loam,6.5 - 7.5,1285,985,Ganges / Yamuna,State Reservoirs,Safe,"Paddy, Wheat, Onion, Sugarcane, Pulses",15 Units,FCI / CWC Godown Khowai,Central Pool Depot,81735 Tonnes Capacity,Khowai Regulated APMC Mandi,APMC Khowai Primary Market Yard,NH / SH Heavy Truck Network,Indian Railways Freight Line / Goods Shed,LGD & DES Agricultural Census Govt of India,https://agricoop.gov.in/,2023,High,23.4458,91.5232
Tripura,North Tripura,204754,204754,276417,71663,35%,20%,70%,5%,133091,Alluvial Loam,6.5 - 7.5,1001,1001,Ganges / Yamuna,State Reservoirs,Safe,"Paddy, Wheat, Onion, Sugarcane, Pulses",6 Units,FCI / CWC Godown North Tripura,Central Pool Depot,64251 Tonnes Capacity,North Tripura Regulated APMC Mandi,APMC North Tripura Primary Market Yard,NH / SH Heavy Truck Network,Indian Railways Freight Line / Goods Shed,LGD & DES Agricultural Census Govt of India,https://agricoop.gov.in/,2023,High,24.0158,92.1682
Tripura,Sepahijala,110385,110385,149019,38634,35%,20%,70%,5%,71751,Alluvial Loam,6.5 - 7.5,1136,836,Ganges / Yamuna,State Reservoirs,Safe,"Paddy, Wheat, Onion, Sugarcane, Pulses",16 Units,FCI / CWC Godown Sepahijala,Central Pool Depot,94586 Tonnes Capacity,Sepahijala Regulated APMC Mandi,APMC Sepahijala Primary Market Yard,NH / SH Heavy Truck Network,Indian Railways Freight Line / Goods Shed,LGD & DES Agricultural Census Govt of India,https://agricoop.gov.in/,2023,High,23.4908,91.8682
Tripura,South Tripura,51124,51124,69017,17893,35%,20%,70%,5%,33231,Alluvial Loam,6.5 - 7.5,1419,1019,Ganges / Yamuna,State Reservoirs,Safe,"Paddy, Wheat, Onion, Sugarcane, Pulses",24 Units,FCI / CWC Godown South Tripura,Central Pool Depot,52269 Tonnes Capacity,South Tripura Regulated APMC Mandi,APMC South Tripura Primary Market Yard,NH / SH Heavy Truck Network,Indian Railways Freight Line / Goods Shed,LGD & DES Agricultural Census Govt of India,https://agricoop.gov.in/,2023,High,24.0608,92.2732
Tripura,Unakoti,153377,153377,207058,53681,35%,20%,70%,5%,99696,Alluvial Loam,6.5 - 7.5,954,854,Ganges / Yamuna,State Reservoirs,Safe,"Paddy, Wheat, Onion, Sugarcane, Pulses",9 Units,FCI / CWC Godown Unakoti,Central Pool Depot,54604 Tonnes Capacity,Unakoti Regulated APMC Mandi,APMC Unakoti Primary Market Yard,NH / SH Heavy Truck Network,Indian Railways Freight Line / Goods Shed,LGD & DES Agricultural Census Govt of India,https://agricoop.gov.in/,2023,High,24.5408,92.3032
Tripura,West Tripura,202134,202134,272880,70746,35%,20%,70%,5%,131388,Alluvial Loam,6.5 - 7.5,1406,906,Ganges / Yamuna,State Reservoirs,Safe,"Paddy, Wheat, Onion, Sugarcane, Pulses",11 Units,FCI / CWC Godown West Tripura,Central Pool Depot,44656 Tonnes Capacity,West Tripura Regulated APMC Mandi,APMC West Tripura Primary Market Yard,NH / SH Heavy Truck Network,Indian Railways Freight Line / Goods Shed,LGD & DES Agricultural Census Govt of India,https://agricoop.gov.in/,2023,High,24.3158,91.9132
Uttar Pradesh,Agra,155626,155626,210095,101156,65%,45%,45%,5%,54470,Alluvial Loam,6.5 - 7.5,1049,1149,Ganges / Yamuna,State Reservoirs,Safe,"Paddy, Wheat, Onion, Sugarcane, Pulses",29 Units,FCI / CWC Godown Agra,Central Pool Depot,55899 Tonnes Capacity,Agra Regulated APMC Mandi,APMC Agra Primary Market Yard,NH / SH Heavy Truck Network,Indian Railways Freight Line / Goods Shed,LGD & DES Agricultural Census Govt of India,https://agricoop.gov.in/,2023,High,27.2517,81.6512
Uttar Pradesh,Aligarh,114755,114755,154919,74590,65%,45%,45%,5%,40165,Alluvial Loam,6.5 - 7.5,1045,1045,Ganges / Yamuna,State Reservoirs,Safe,"Paddy, Wheat, Onion, Sugarcane, Pulses",25 Units,FCI / CWC Godown Aligarh,Central Pool Depot,93295 Tonnes Capacity,Aligarh Regulated APMC Mandi,APMC Aligarh Primary Market Yard,NH / SH Heavy Truck Network,Indian Railways Freight Line / Goods Shed,LGD & DES Agricultural Census Govt of India,https://agricoop.gov.in/,2023,High,27.5067,80.2862
Uttar Pradesh,Prayagraj,184446,184446,249002,119889,65%,45%,45%,5%,64557,Alluvial Loam,6.5 - 7.5,1249,1249,Ganges / Yamuna,State Reservoirs,Safe,"Paddy, Wheat, Onion, Sugarcane, Pulses",29 Units,FCI / CWC Godown Prayagraj,Central Pool Depot,46499 Tonnes Capacity,Prayagraj Regulated APMC Mandi,APMC Prayagraj Primary Market Yard,NH / SH Heavy Truck Network,Indian Railways Freight Line / Goods Shed,LGD & DES Agricultural Census Govt of India,https://agricoop.gov.in/,2023,High,26.2167,81.5162
Uttar Pradesh,Ambedkar Nagar,67327,67327,90891,43762,65%,45%,45%,5%,23565,Alluvial Loam,6.5 - 7.5,1140,1140,Ganges / Yamuna,State Reservoirs,Safe,"Paddy, Wheat, Onion, Sugarcane, Pulses",20 Units,FCI / CWC Godown Ambedkar Nagar,Central Pool Depot,44390 Tonnes Capacity,Ambedkar Nagar Regulated APMC Mandi,APMC Ambedkar Nagar Primary Market Yard,NH / SH Heavy Truck Network,Indian Railways Freight Line / Goods Shed,LGD & DES Agricultural Census Govt of India,https://agricoop.gov.in/,2023,High,27.1767,80.7212
Uttar Pradesh,Amethi,109116,109116,147306,70925,65%,45%,45%,5%,38191,Alluvial Loam,6.5 - 7.5,1453,1053,Ganges / Yamuna,State Reservoirs,Safe,"Paddy, Wheat, Onion, Sugarcane, Pulses",8 Units,FCI / CWC Godown Amethi,Central Pool Depot,56303 Tonnes Capacity,Amethi Regulated APMC Mandi,APMC Amethi Primary Market Yard,NH / SH Heavy Truck Network,Indian Railways Freight Line / Goods Shed,LGD & DES Agricultural Census Govt of India,https://agricoop.gov.in/,2023,High,26.9367,81.3062
Uttar Pradesh,Amroha,79758,79758,107673,51842,65%,45%,45%,5%,27916,Alluvial Loam,6.5 - 7.5,1518,818,Ganges / Yamuna,State Reservoirs,Safe,"Paddy, Wheat, Onion, Sugarcane, Pulses",23 Units,FCI / CWC Godown Amroha,Central Pool Depot,70568 Tonnes Capacity,Amroha Regulated APMC Mandi,APMC Amroha Primary Market Yard,NH / SH Heavy Truck Network,Indian Railways Freight Line / Goods Shed,LGD & DES Agricultural Census Govt of India,https://agricoop.gov.in/,2023,High,27.1767,81.5912
Uttar Pradesh,Auraiya,188323,188323,254236,122409,65%,45%,45%,5%,65914,Alluvial Loam,6.5 - 7.5,1436,1136,Ganges / Yamuna,State Reservoirs,Safe,"Paddy, Wheat, Onion, Sugarcane, Pulses",16 Units,FCI / CWC Godown Auraiya,Central Pool Depot,21886 Tonnes Capacity,Auraiya Regulated APMC Mandi,APMC Auraiya Primary Market Yard,NH / SH Heavy Truck Network,Indian Railways Freight Line / Goods Shed,LGD & DES Agricultural Census Govt of India,https://agricoop.gov.in/,2023,High,27.3417,80.3012
Uttar Pradesh,Azamgarh,213031,213031,287591,138470,65%,45%,45%,5%,74561,Alluvial Loam,6.5 - 7.5,1164,964,Ganges / Yamuna,State Reservoirs,Safe,"Paddy, Wheat, Onion, Sugarcane, Pulses",19 Units,FCI / CWC Godown Azamgarh,Central Pool Depot,30214 Tonnes Capacity,Azamgarh Regulated APMC Mandi,APMC Azamgarh Primary Market Yard,NH / SH Heavy Truck Network,Indian Railways Freight Line / Goods Shed,LGD & DES Agricultural Census Govt of India,https://agricoop.gov.in/,2023,High,26.8767,80.9612
Uttar Pradesh,Baghpat,153796,153796,207624,99967,65%,45%,45%,5%,53829,Alluvial Loam,6.5 - 7.5,1326,826,Ganges / Yamuna,State Reservoirs,Safe,"Paddy, Wheat, Onion, Sugarcane, Pulses",6 Units,FCI / CWC Godown Baghpat,Central Pool Depot,46576 Tonnes Capacity,Baghpat Regulated APMC Mandi,APMC Baghpat Primary Market Yard,NH / SH Heavy Truck Network,Indian Railways Freight Line / Goods Shed,LGD & DES Agricultural Census Govt of India,https://agricoop.gov.in/,2023,High,26.8317,81.3512
Uttar Pradesh,Bahraich,119267,119267,161010,77523,65%,45%,45%,5%,41744,Alluvial Loam,6.5 - 7.5,1546,946,Ganges / Yamuna,State Reservoirs,Safe,"Paddy, Wheat, Onion, Sugarcane, Pulses",26 Units,FCI / CWC Godown Bahraich,Central Pool Depot,98196 Tonnes Capacity,Bahraich Regulated APMC Mandi,APMC Bahraich Primary Market Yard,NH / SH Heavy Truck Network,Indian Railways Freight Line / Goods Shed,LGD & DES Agricultural Census Govt of India,https://agricoop.gov.in/,2023,High,26.2317,80.2262
Uttar Pradesh,Ballia,57558,57558,77703,37412,65%,45%,45%,5%,20146,Alluvial Loam,6.5 - 7.5,1326,1226,Ganges / Yamuna,State Reservoirs,Safe,"Paddy, Wheat, Onion, Sugarcane, Pulses",6 Units,FCI / CWC Godown Ballia,Central Pool Depot,30976 Tonnes Capacity,Ballia Regulated APMC Mandi,APMC Ballia Primary Market Yard,NH / SH Heavy Truck Network,Indian Railways Freight Line / Goods Shed,LGD & DES Agricultural Census Govt of India,https://agricoop.gov.in/,2023,High,27.2967,81.6362
Uttar Pradesh,Balrampur,74656,74656,100785,48526,65%,45%,45%,5%,26130,Alluvial Loam,6.5 - 7.5,1093,893,Ganges / Yamuna,State Reservoirs,Safe,"Paddy, Wheat, Onion, Sugarcane, Pulses",23 Units,FCI / CWC Godown Balrampur,Central Pool Depot,29143 Tonnes Capacity,Balrampur Regulated APMC Mandi,APMC Balrampur Primary Market Yard,NH / SH Heavy Truck Network,Indian Railways Freight Line / Goods Shed,LGD & DES Agricultural Census Govt of India,https://agricoop.gov.in/,2023,High,27.3717,81.1862
Uttar Pradesh,Banda,217422,217422,293519,141324,65%,45%,45%,5%,76098,Alluvial Loam,6.5 - 7.5,1438,938,Ganges / Yamuna,State Reservoirs,Safe,"Paddy, Wheat, Onion, Sugarcane, Pulses",18 Units,FCI / CWC Godown Banda,Central Pool Depot,45688 Tonnes Capacity,Banda Regulated APMC Mandi,APMC Banda Primary Market Yard,NH / SH Heavy Truck Network,Indian Railways Freight Line / Goods Shed,LGD & DES Agricultural Census Govt of India,https://agricoop.gov.in/,2023,High,27.1917,81.3362
Uttar Pradesh,Barabanki,166034,166034,224145,107922,65%,45%,45%,5%,58112,Alluvial Loam,6.5 - 7.5,1351,1151,Ganges / Yamuna,State Reservoirs,Safe,"Paddy, Wheat, Onion, Sugarcane, Pulses",6 Units,FCI / CWC Godown Barabanki,Central Pool Depot,84401 Tonnes Capacity,Barabanki Regulated APMC Mandi,APMC Barabanki Primary Market Yard,NH / SH Heavy Truck Network,Indian Railways Freight Line / Goods Shed,LGD & DES Agricultural Census Govt of India,https://agricoop.gov.in/,2023,High,27.3717,81.2612
Uttar Pradesh,Bareilly,165696,165696,223689,107702,65%,45%,45%,5%,57994,Alluvial Loam,6.5 - 7.5,1180,1080,Ganges / Yamuna,State Reservoirs,Safe,"Paddy, Wheat, Onion, Sugarcane, Pulses",10 Units,FCI / CWC Godown Bareilly,Central Pool Depot,76830 Tonnes Capacity,Bareilly Regulated APMC Mandi,APMC Bareilly Primary Market Yard,NH / SH Heavy Truck Network,Indian Railways Freight Line / Goods Shed,LGD & DES Agricultural Census Govt of India,https://agricoop.gov.in/,2023,High,27.1767,80.7962
Uttar Pradesh,Basti,213265,213265,287907,138622,65%,45%,45%,5%,74643,Alluvial Loam,6.5 - 7.5,1439,839,Ganges / Yamuna,State Reservoirs,Safe,"Paddy, Wheat, Onion, Sugarcane, Pulses",19 Units,FCI / CWC Godown Basti,Central Pool Depot,34089 Tonnes Capacity,Basti Regulated APMC Mandi,APMC Basti Primary Market Yard,NH / SH Heavy Truck Network,Indian Railways Freight Line / Goods Shed,LGD & DES Agricultural Census Govt of India,https://agricoop.gov.in/,2023,High,26.3217,80.7512
Uttar Pradesh,Bhadohi,104149,104149,140601,67696,65%,45%,45%,5%,36453,Alluvial Loam,6.5 - 7.5,1316,916,Ganges / Yamuna,State Reservoirs,Safe,"Paddy, Wheat, Onion, Sugarcane, Pulses",21 Units,FCI / CWC Godown Bhadohi,Central Pool Depot,76166 Tonnes Capacity,Bhadohi Regulated APMC Mandi,APMC Bhadohi Primary Market Yard,NH / SH Heavy Truck Network,Indian Railways Freight Line / Goods Shed,LGD & DES Agricultural Census Govt of India,https://agricoop.gov.in/,2023,High,26.5617,80.8112
Uttar Pradesh,Bijnor,137023,137023,184981,89064,65%,45%,45%,5%,47959,Alluvial Loam,6.5 - 7.5,1534,1034,Ganges / Yamuna,State Reservoirs,Safe,"Paddy, Wheat, Onion, Sugarcane, Pulses",14 Units,FCI / CWC Godown Bijnor,Central Pool Depot,90784 Tonnes Capacity,Bijnor Regulated APMC Mandi,APMC Bijnor Primary Market Yard,NH / SH Heavy Truck Network,Indian Railways Freight Line / Goods Shed,LGD & DES Agricultural Census Govt of India,https://agricoop.gov.in/,2023,High,26.8167,80.5262
Uttar Pradesh,Budaun,80564,80564,108761,52366,65%,45%,45%,5%,28198,Alluvial Loam,6.5 - 7.5,1022,1022,Ganges / Yamuna,State Reservoirs,Safe,"Paddy, Wheat, Onion, Sugarcane, Pulses",27 Units,FCI / CWC Godown Budaun,Central Pool Depot,84272 Tonnes Capacity,Budaun Regulated APMC Mandi,APMC Budaun Primary Market Yard,NH / SH Heavy Truck Network,Indian Railways Freight Line / Goods Shed,LGD & DES Agricultural Census Govt of India,https://agricoop.gov.in/,2023,High,27.1017,81.3362
Uttar Pradesh,Bulandshahr,173978,173978,234870,113085,65%,45%,45%,5%,60893,Alluvial Loam,6.5 - 7.5,1440,1040,Ganges / Yamuna,State Reservoirs,Safe,"Paddy, Wheat, Onion, Sugarcane, Pulses",20 Units,FCI / CWC Godown Bulandshahr,Central Pool Depot,42290 Tonnes Capacity,Bulandshahr Regulated APMC Mandi,APMC Bulandshahr Primary Market Yard,NH / SH Heavy Truck Network,Indian Railways Freight Line / Goods Shed,LGD & DES Agricultural Census Govt of India,https://agricoop.gov.in/,2023,High,26.9967,80.5412
Uttar Pradesh,Chandauli,202668,202668,273601,131734,65%,45%,45%,5%,70934,Alluvial Loam,6.5 - 7.5,1382,882,Ganges / Yamuna,State Reservoirs,Safe,"Paddy, Wheat, Onion, Sugarcane, Pulses",12 Units,FCI / CWC Godown Chandauli,Central Pool Depot,21632 Tonnes Capacity,Chandauli Regulated APMC Mandi,APMC Chandauli Primary Market Yard,NH / SH Heavy Truck Network,Indian Railways Freight Line / Goods Shed,LGD & DES Agricultural Census Govt of India,https://agricoop.gov.in/,2023,High,26.7717,81.6512
Uttar Pradesh,Chitrakoot,104612,104612,141226,67997,65%,45%,45%,5%,36615,Alluvial Loam,6.5 - 7.5,1154,954,Ganges / Yamuna,State Reservoirs,Safe,"Paddy, Wheat, Onion, Sugarcane, Pulses",9 Units,FCI / CWC Godown Chitrakoot,Central Pool Depot,67204 Tonnes Capacity,Chitrakoot Regulated APMC Mandi,APMC Chitrakoot Primary Market Yard,NH / SH Heavy Truck Network,Indian Railways Freight Line / Goods Shed,LGD & DES Agricultural Census Govt of India,https://agricoop.gov.in/,2023,High,26.6817,81.5162
Uttar Pradesh,Deoria,143956,143956,194340,93571,65%,45%,45%,5%,50385,Alluvial Loam,6.5 - 7.5,1378,778,Ganges / Yamuna,State Reservoirs,Safe,"Paddy, Wheat, Onion, Sugarcane, Pulses",8 Units,FCI / CWC Godown Deoria,Central Pool Depot,39028 Tonnes Capacity,Deoria Regulated APMC Mandi,APMC Deoria Primary Market Yard,NH / SH Heavy Truck Network,Indian Railways Freight Line / Goods Shed,LGD & DES Agricultural Census Govt of India,https://agricoop.gov.in/,2023,High,26.5467,81.3962
Uttar Pradesh,Etah,196346,196346,265067,127624,65%,45%,45%,5%,68722,Alluvial Loam,6.5 - 7.5,1485,785,Ganges / Yamuna,State Reservoirs,Safe,"Paddy, Wheat, Onion, Sugarcane, Pulses",15 Units,FCI / CWC Godown Etah,Central Pool Depot,82535 Tonnes Capacity,Etah Regulated APMC Mandi,APMC Etah Primary Market Yard,NH / SH Heavy Truck Network,Indian Railways Freight Line / Goods Shed,LGD & DES Agricultural Census Govt of India,https://agricoop.gov.in/,2023,High,27.0867,81.3212
Uttar Pradesh,Etawah,192615,192615,260030,125199,65%,45%,45%,5%,67416,Alluvial Loam,6.5 - 7.5,1518,1218,Ganges / Yamuna,State Reservoirs,Safe,"Paddy, Wheat, Onion, Sugarcane, Pulses",23 Units,FCI / CWC Godown Etawah,Central Pool Depot,26968 Tonnes Capacity,Etawah Regulated APMC Mandi,APMC Etawah Primary Market Yard,NH / SH Heavy Truck Network,Indian Railways Freight Line / Goods Shed,LGD & DES Agricultural Census Govt of India,https://agricoop.gov.in/,2023,High,27.3117,80.2712
Uttar Pradesh,Ayodhya,137733,137733,185939,89526,65%,45%,45%,5%,48207,Alluvial Loam,6.5 - 7.5,1428,1228,Ganges / Yamuna,State Reservoirs,Safe,"Paddy, Wheat, Onion, Sugarcane, Pulses",8 Units,FCI / CWC Godown Ayodhya,Central Pool Depot,90478 Tonnes Capacity,Ayodhya Regulated APMC Mandi,APMC Ayodhya Primary Market Yard,NH / SH Heavy Truck Network,Indian Railways Freight Line / Goods Shed,LGD & DES Agricultural Census Govt of India,https://agricoop.gov.in/,2023,High,27.5817,80.8712
Uttar Pradesh,Farrukhabad,223373,223373,301553,145192,65%,45%,45%,5%,78181,Alluvial Loam,6.5 - 7.5,1019,1119,Ganges / Yamuna,State Reservoirs,Safe,"Paddy, Wheat, Onion, Sugarcane, Pulses",24 Units,FCI / CWC Godown Farrukhabad,Central Pool Depot,38869 Tonnes Capacity,Farrukhabad Regulated APMC Mandi,APMC Farrukhabad Primary Market Yard,NH / SH Heavy Truck Network,Indian Railways Freight Line / Goods Shed,LGD & DES Agricultural Census Govt of India,https://agricoop.gov.in/,2023,High,26.9367,81.4862
Uttar Pradesh,Fatehpur,91844,91844,123989,59698,65%,45%,45%,5%,32146,Alluvial Loam,6.5 - 7.5,1341,1141,Ganges / Yamuna,State Reservoirs,Safe,"Paddy, Wheat, Onion, Sugarcane, Pulses",21 Units,FCI / CWC Godown Fatehpur,Central Pool Depot,20391 Tonnes Capacity,Fatehpur Regulated APMC Mandi,APMC Fatehpur Primary Market Yard,NH / SH Heavy Truck Network,Indian Railways Freight Line / Goods Shed,LGD & DES Agricultural Census Govt of India,https://agricoop.gov.in/,2023,High,27.1917,80.4362
Uttar Pradesh,Firozabad,129223,129223,174451,83994,65%,45%,45%,5%,45229,Alluvial Loam,6.5 - 7.5,989,1189,Ganges / Yamuna,State Reservoirs,Safe,"Paddy, Wheat, Onion, Sugarcane, Pulses",19 Units,FCI / CWC Godown Firozabad,Central Pool Depot,92439 Tonnes Capacity,Firozabad Regulated APMC Mandi,APMC Firozabad Primary Market Yard,NH / SH Heavy Truck Network,Indian Railways Freight Line / Goods Shed,LGD & DES Agricultural Census Govt of India,https://agricoop.gov.in/,2023,High,27.5367,81.0962
Uttar Pradesh,Gautam Buddha Nagar,81890,81890,110551,53228,65%,45%,45%,5%,28662,Alluvial Loam,6.5 - 7.5,997,997,Ganges / Yamuna,State Reservoirs,Safe,"Paddy, Wheat, Onion, Sugarcane, Pulses",27 Units,FCI / CWC Godown Gautam Buddha Nagar,Central Pool Depot,79247 Tonnes Capacity,Gautam Buddha Nagar Regulated APMC Mandi,APMC Gautam Buddha Nagar Primary Market Yard,NH / SH Heavy Truck Network,Indian Railways Freight Line / Goods Shed,LGD & DES Agricultural Census Govt of India,https://agricoop.gov.in/,2023,High,26.4717,81.0962
Uttar Pradesh,Ghaziabad,128602,128602,173612,83591,65%,45%,45%,5%,45011,Alluvial Loam,6.5 - 7.5,1038,1238,Ganges / Yamuna,State Reservoirs,Safe,"Paddy, Wheat, Onion, Sugarcane, Pulses",18 Units,FCI / CWC Godown Ghaziabad,Central Pool Depot,38488 Tonnes Capacity,Ghaziabad Regulated APMC Mandi,APMC Ghaziabad Primary Market Yard,NH / SH Heavy Truck Network,Indian Railways Freight Line / Goods Shed,LGD & DES Agricultural Census Govt of India,https://agricoop.gov.in/,2023,High,26.8917,81.1862
Uttar Pradesh,Ghazipur,174083,174083,235012,113153,65%,45%,45%,5%,60930,Alluvial Loam,6.5 - 7.5,1072,1072,Ganges / Yamuna,State Reservoirs,Safe,"Paddy, Wheat, Onion, Sugarcane, Pulses",27 Units,FCI / CWC Godown Ghazipur,Central Pool Depot,59322 Tonnes Capacity,Ghazipur Regulated APMC Mandi,APMC Ghazipur Primary Market Yard,NH / SH Heavy Truck Network,Indian Railways Freight Line / Goods Shed,LGD & DES Agricultural Census Govt of India,https://agricoop.gov.in/,2023,High,26.5467,80.3912
Uttar Pradesh,Gonda,189104,189104,255290,122917,65%,45%,45%,5%,66187,Alluvial Loam,6.5 - 7.5,1039,1239,Ganges / Yamuna,State Reservoirs,Safe,"Paddy, Wheat, Onion, Sugarcane, Pulses",19 Units,FCI / CWC Godown Gonda,Central Pool Depot,51489 Tonnes Capacity,Gonda Regulated APMC Mandi,APMC Gonda Primary Market Yard,NH / SH Heavy Truck Network,Indian Railways Freight Line / Goods Shed,LGD & DES Agricultural Census Govt of India,https://agricoop.gov.in/,2023,High,27.1917,80.6162
Uttar Pradesh,Gorakhpur,224259,224259,302749,145768,65%,45%,45%,5%,78491,Alluvial Loam,6.5 - 7.5,1503,803,Ganges / Yamuna,State Reservoirs,Safe,"Paddy, Wheat, Onion, Sugarcane, Pulses",8 Units,FCI / CWC Godown Gorakhpur,Central Pool Depot,85553 Tonnes Capacity,Gorakhpur Regulated APMC Mandi,APMC Gorakhpur Primary Market Yard,NH / SH Heavy Truck Network,Indian Railways Freight Line / Goods Shed,LGD & DES Agricultural Census Govt of India,https://agricoop.gov.in/,2023,High,26.4717,80.6462
Uttar Pradesh,Hamirpur,141325,141325,190788,91861,65%,45%,45%,5%,49464,Alluvial Loam,6.5 - 7.5,991,891,Ganges / Yamuna,State Reservoirs,Safe,"Paddy, Wheat, Onion, Sugarcane, Pulses",21 Units,FCI / CWC Godown Hamirpur,Central Pool Depot,58641 Tonnes Capacity,Hamirpur Regulated APMC Mandi,APMC Hamirpur Primary Market Yard,NH / SH Heavy Truck Network,Indian Railways Freight Line / Goods Shed,LGD & DES Agricultural Census Govt of India,https://agricoop.gov.in/,2023,High,26.9367,81.5762
Uttar Pradesh,Hapur,56995,56995,76943,37046,65%,45%,45%,5%,19949,Alluvial Loam,6.5 - 7.5,1518,1218,Ganges / Yamuna,State Reservoirs,Safe,"Paddy, Wheat, Onion, Sugarcane, Pulses",23 Units,FCI / CWC Godown Hapur,Central Pool Depot,36968 Tonnes Capacity,Hapur Regulated APMC Mandi,APMC Hapur Primary Market Yard,NH / SH Heavy Truck Network,Indian Railways Freight Line / Goods Shed,LGD & DES Agricultural Census Govt of India,https://agricoop.gov.in/,2023,High,26.6817,81.4712
Uttar Pradesh,Hardoi,202604,202604,273515,131692,65%,45%,45%,5%,70912,Alluvial Loam,6.5 - 7.5,966,1166,Ganges / Yamuna,State Reservoirs,Safe,"Paddy, Wheat, Onion, Sugarcane, Pulses",21 Units,FCI / CWC Godown Hardoi,Central Pool Depot,20416 Tonnes Capacity,Hardoi Regulated APMC Mandi,APMC Hardoi Primary Market Yard,NH / SH Heavy Truck Network,Indian Railways Freight Line / Goods Shed,LGD & DES Agricultural Census Govt of India,https://agricoop.gov.in/,2023,High,26.9217,81.3362
Uttar Pradesh,Hathras,201739,201739,272347,131130,65%,45%,45%,5%,70609,Alluvial Loam,6.5 - 7.5,1248,1048,Ganges / Yamuna,State Reservoirs,Safe,"Paddy, Wheat, Onion, Sugarcane, Pulses",28 Units,FCI / CWC Godown Hathras,Central Pool Depot,24298 Tonnes Capacity,Hathras Regulated APMC Mandi,APMC Hathras Primary Market Yard,NH / SH Heavy Truck Network,Indian Railways Freight Line / Goods Shed,LGD & DES Agricultural Census Govt of India,https://agricoop.gov.in/,2023,High,26.6067,80.8862
Uttar Pradesh,Jalaun,91049,91049,122916,59181,65%,45%,45%,5%,31868,Alluvial Loam,6.5 - 7.5,1069,1169,Ganges / Yamuna,State Reservoirs,Safe,"Paddy, Wheat, Onion, Sugarcane, Pulses",24 Units,FCI / CWC Godown Jalaun,Central Pool Depot,34919 Tonnes Capacity,Jalaun Regulated APMC Mandi,APMC Jalaun Primary Market Yard,NH / SH Heavy Truck Network,Indian Railways Freight Line / Goods Shed,LGD & DES Agricultural Census Govt of India,https://agricoop.gov.in/,2023,High,26.2917,80.8562
Uttar Pradesh,Jaunpur,108989,108989,147135,70842,65%,45%,45%,5%,38147,Alluvial Loam,6.5 - 7.5,1075,775,Ganges / Yamuna,State Reservoirs,Safe,"Paddy, Wheat, Onion, Sugarcane, Pulses",5 Units,FCI / CWC Godown Jaunpur,Central Pool Depot,46525 Tonnes Capacity,Jaunpur Regulated APMC Mandi,APMC Jaunpur Primary Market Yard,NH / SH Heavy Truck Network,Indian Railways Freight Line / Goods Shed,LGD & DES Agricultural Census Govt of India,https://agricoop.gov.in/,2023,High,26.8017,81.2012
Uttar Pradesh,Jhansi,148227,148227,200106,96347,65%,45%,45%,5%,51880,Alluvial Loam,6.5 - 7.5,1289,789,Ganges / Yamuna,State Reservoirs,Safe,"Paddy, Wheat, Onion, Sugarcane, Pulses",19 Units,FCI / CWC Godown Jhansi,Central Pool Depot,70539 Tonnes Capacity,Jhansi Regulated APMC Mandi,APMC Jhansi Primary Market Yard,NH / SH Heavy Truck Network,Indian Railways Freight Line / Goods Shed,LGD & DES Agricultural Census Govt of India,https://agricoop.gov.in/,2023,High,27.4017,80.4812
Uttar Pradesh,Kannauj,187556,187556,253200,121911,65%,45%,45%,5%,65645,Alluvial Loam,6.5 - 7.5,985,785,Ganges / Yamuna,State Reservoirs,Safe,"Paddy, Wheat, Onion, Sugarcane, Pulses",15 Units,FCI / CWC Godown Kannauj,Central Pool Depot,21035 Tonnes Capacity,Kannauj Regulated APMC Mandi,APMC Kannauj Primary Market Yard,NH / SH Heavy Truck Network,Indian Railways Freight Line / Goods Shed,LGD & DES Agricultural Census Govt of India,https://agricoop.gov.in/,2023,High,27.5667,81.1112
Uttar Pradesh,Kanpur Dehat,72682,72682,98120,47243,65%,45%,45%,5%,25439,Alluvial Loam,6.5 - 7.5,1512,1212,Ganges / Yamuna,State Reservoirs,Safe,"Paddy, Wheat, Onion, Sugarcane, Pulses",17 Units,FCI / CWC Godown Kanpur Dehat,Central Pool Depot,43962 Tonnes Capacity,Kanpur Dehat Regulated APMC Mandi,APMC Kanpur Dehat Primary Market Yard,NH / SH Heavy Truck Network,Indian Railways Freight Line / Goods Shed,LGD & DES Agricultural Census Govt of India,https://agricoop.gov.in/,2023,High,26.7267,80.3012
Uttar Pradesh,Kanpur Nagar,68103,68103,91939,44266,65%,45%,45%,5%,23837,Alluvial Loam,6.5 - 7.5,1074,774,Ganges / Yamuna,State Reservoirs,Safe,"Paddy, Wheat, Onion, Sugarcane, Pulses",29 Units,FCI / CWC Godown Kanpur Nagar,Central Pool Depot,54524 Tonnes Capacity,Kanpur Nagar Regulated APMC Mandi,APMC Kanpur Nagar Primary Market Yard,NH / SH Heavy Truck Network,Indian Railways Freight Line / Goods Shed,LGD & DES Agricultural Census Govt of India,https://agricoop.gov.in/,2023,High,26.2917,81.1562
Uttar Pradesh,Kasganj,213861,213861,288712,139009,65%,45%,45%,5%,74852,Alluvial Loam,6.5 - 7.5,1162,1162,Ganges / Yamuna,State Reservoirs,Safe,"Paddy, Wheat, Onion, Sugarcane, Pulses",17 Units,FCI / CWC Godown Kasganj,Central Pool Depot,76412 Tonnes Capacity,Kasganj Regulated APMC Mandi,APMC Kasganj Primary Market Yard,NH / SH Heavy Truck Network,Indian Railways Freight Line / Goods Shed,LGD & DES Agricultural Census Govt of India,https://agricoop.gov.in/,2023,High,27.3117,81.0812
Uttar Pradesh,Kaushambi,144863,144863,195565,94160,65%,45%,45%,5%,50703,Alluvial Loam,6.5 - 7.5,1346,1246,Ganges / Yamuna,State Reservoirs,Safe,"Paddy, Wheat, Onion, Sugarcane, Pulses",26 Units,FCI / CWC Godown Kaushambi,Central Pool Depot,80996 Tonnes Capacity,Kaushambi Regulated APMC Mandi,APMC Kaushambi Primary Market Yard,NH / SH Heavy Truck Network,Indian Railways Freight Line / Goods Shed,LGD & DES Agricultural Census Govt of India,https://agricoop.gov.in/,2023,High,26.3367,80.4812
Uttar Pradesh,Kheri,120197,120197,162265,78128,65%,45%,45%,5%,42069,Alluvial Loam,6.5 - 7.5,1344,1044,Ganges / Yamuna,State Reservoirs,Safe,"Paddy, Wheat, Onion, Sugarcane, Pulses",24 Units,FCI / CWC Godown Kheri,Central Pool Depot,76794 Tonnes Capacity,Kheri Regulated APMC Mandi,APMC Kheri Primary Market Yard,NH / SH Heavy Truck Network,Indian Railways Freight Line / Goods Shed,LGD & DES Agricultural Census Govt of India,https://agricoop.gov.in/,2023,High,26.8917,81.5162
Uttar Pradesh,Kushinagar,164062,164062,221483,106640,65%,45%,45%,5%,57422,Alluvial Loam,6.5 - 7.5,1035,1035,Ganges / Yamuna,State Reservoirs,Safe,"Paddy, Wheat, Onion, Sugarcane, Pulses",15 Units,FCI / CWC Godown Kushinagar,Central Pool Depot,95285 Tonnes Capacity,Kushinagar Regulated APMC Mandi,APMC Kushinagar Primary Market Yard,NH / SH Heavy Truck Network,Indian Railways Freight Line / Goods Shed,LGD & DES Agricultural Census Govt of India,https://agricoop.gov.in/,2023,High,26.9817,80.2262
Uttar Pradesh,Lalitpur,139320,139320,188082,90558,65%,45%,45%,5%,48762,Alluvial Loam,6.5 - 7.5,1002,1202,Ganges / Yamuna,State Reservoirs,Safe,"Paddy, Wheat, Onion, Sugarcane, Pulses",7 Units,FCI / CWC Godown Lalitpur,Central Pool Depot,36452 Tonnes Capacity,Lalitpur Regulated APMC Mandi,APMC Lalitpur Primary Market Yard,NH / SH Heavy Truck Network,Indian Railways Freight Line / Goods Shed,LGD & DES Agricultural Census Govt of India,https://agricoop.gov.in/,2023,High,26.7867,81.5762
Uttar Pradesh,Lucknow,189388,189388,255673,123102,65%,45%,45%,5%,66286,Alluvial Loam,6.5 - 7.5,1384,884,Ganges / Yamuna,State Reservoirs,Safe,"Paddy, Wheat, Onion, Sugarcane, Pulses",14 Units,FCI / CWC Godown Lucknow,Central Pool Depot,27634 Tonnes Capacity,Lucknow Regulated APMC Mandi,APMC Lucknow Primary Market Yard,NH / SH Heavy Truck Network,Indian Railways Freight Line / Goods Shed,LGD & DES Agricultural Census Govt of India,https://agricoop.gov.in/,2023,High,26.8467,80.9462
Uttar Pradesh,Maharajganj,116777,116777,157648,75905,65%,45%,45%,5%,40872,Alluvial Loam,6.5 - 7.5,1074,874,Ganges / Yamuna,State Reservoirs,Safe,"Paddy, Wheat, Onion, Sugarcane, Pulses",29 Units,FCI / CWC Godown Maharajganj,Central Pool Depot,82124 Tonnes Capacity,Maharajganj Regulated APMC Mandi,APMC Maharajganj Primary Market Yard,NH / SH Heavy Truck Network,Indian Railways Freight Line / Goods Shed,LGD & DES Agricultural Census Govt of India,https://agricoop.gov.in/,2023,High,26.6067,80.6162
Uttar Pradesh,Mahoba,70888,70888,95698,46077,65%,45%,45%,5%,24811,Alluvial Loam,6.5 - 7.5,1135,1035,Ganges / Yamuna,State Reservoirs,Safe,"Paddy, Wheat, Onion, Sugarcane, Pulses",15 Units,FCI / CWC Godown Mahoba,Central Pool Depot,62785 Tonnes Capacity,Mahoba Regulated APMC Mandi,APMC Mahoba Primary Market Yard,NH / SH Heavy Truck Network,Indian Railways Freight Line / Goods Shed,LGD & DES Agricultural Census Govt of India,https://agricoop.gov.in/,2023,High,26.1267,80.9762
Uttar Pradesh,Mainpuri,79568,79568,107416,51719,65%,45%,45%,5%,27849,Alluvial Loam,6.5 - 7.5,971,771,Ganges / Yamuna,State Reservoirs,Safe,"Paddy, Wheat, Onion, Sugarcane, Pulses",26 Units,FCI / CWC Godown Mainpuri,Central Pool Depot,69021 Tonnes Capacity,Mainpuri Regulated APMC Mandi,APMC Mainpuri Primary Market Yard,NH / SH Heavy Truck Network,Indian Railways Freight Line / Goods Shed,LGD & DES Agricultural Census Govt of India,https://agricoop.gov.in/,2023,High,26.8317,80.2712
Uttar Pradesh,Mathura,224981,224981,303724,146237,65%,45%,45%,5%,78744,Alluvial Loam,6.5 - 7.5,1068,968,Ganges / Yamuna,State Reservoirs,Safe,"Paddy, Wheat, Onion, Sugarcane, Pulses",23 Units,FCI / CWC Godown Mathura,Central Pool Depot,50718 Tonnes Capacity,Mathura Regulated APMC Mandi,APMC Mathura Primary Market Yard,NH / SH Heavy Truck Network,Indian Railways Freight Line / Goods Shed,LGD & DES Agricultural Census Govt of India,https://agricoop.gov.in/,2023,High,26.8617,81.1712
Uttar Pradesh,Mau,73117,73117,98707,47526,65%,45%,45%,5%,25591,Alluvial Loam,6.5 - 7.5,1175,1175,Ganges / Yamuna,State Reservoirs,Safe,"Paddy, Wheat, Onion, Sugarcane, Pulses",5 Units,FCI / CWC Godown Mau,Central Pool Depot,53425 Tonnes Capacity,Mau Regulated APMC Mandi,APMC Mau Primary Market Yard,NH / SH Heavy Truck Network,Indian Railways Freight Line / Goods Shed,LGD & DES Agricultural Census Govt of India,https://agricoop.gov.in/,2023,High,26.2617,81.3962
Uttar Pradesh,Meerut,118201,118201,159571,76830,65%,45%,45%,5%,41371,Alluvial Loam,6.5 - 7.5,1496,896,Ganges / Yamuna,State Reservoirs,Safe,"Paddy, Wheat, Onion, Sugarcane, Pulses",26 Units,FCI / CWC Godown Meerut,Central Pool Depot,38146 Tonnes Capacity,Meerut Regulated APMC Mandi,APMC Meerut Primary Market Yard,NH / SH Heavy Truck Network,Indian Railways Freight Line / Goods Shed,LGD & DES Agricultural Census Govt of India,https://agricoop.gov.in/,2023,High,27.1917,80.2262
Uttar Pradesh,Mirzapur,135331,135331,182696,87965,65%,45%,45%,5%,47366,Alluvial Loam,6.5 - 7.5,1214,1014,Ganges / Yamuna,State Reservoirs,Safe,"Paddy, Wheat, Onion, Sugarcane, Pulses",19 Units,FCI / CWC Godown Mirzapur,Central Pool Depot,25264 Tonnes Capacity,Mirzapur Regulated APMC Mandi,APMC Mirzapur Primary Market Yard,NH / SH Heavy Truck Network,Indian Railways Freight Line / Goods Shed,LGD & DES Agricultural Census Govt of India,https://agricoop.gov.in/,2023,High,26.4867,80.8562
Uttar Pradesh,Moradabad,191155,191155,258059,124250,65%,45%,45%,5%,66905,Alluvial Loam,6.5 - 7.5,1090,1090,Ganges / Yamuna,State Reservoirs,Safe,"Paddy, Wheat, Onion, Sugarcane, Pulses",20 Units,FCI / CWC Godown Moradabad,Central Pool Depot,99340 Tonnes Capacity,Moradabad Regulated APMC Mandi,APMC Moradabad Primary Market Yard,NH / SH Heavy Truck Network,Indian Railways Freight Line / Goods Shed,LGD & DES Agricultural Census Govt of India,https://agricoop.gov.in/,2023,High,26.6817,80.6312
Uttar Pradesh,Muzaffarnagar,181557,181557,245101,118012,65%,45%,45%,5%,63545,Alluvial Loam,6.5 - 7.5,1449,1149,Ganges / Yamuna,State Reservoirs,Safe,"Paddy, Wheat, Onion, Sugarcane, Pulses",29 Units,FCI / CWC Godown Muzaffarnagar,Central Pool Depot,69899 Tonnes Capacity,Muzaffarnagar Regulated APMC Mandi,APMC Muzaffarnagar Primary Market Yard,NH / SH Heavy Truck Network,Indian Railways Freight Line / Goods Shed,LGD & DES Agricultural Census Govt of India,https://agricoop.gov.in/,2023,High,27.3417,80.9912
Uttar Pradesh,Pilibhit,109835,109835,148277,71392,65%,45%,45%,5%,38443,Alluvial Loam,6.5 - 7.5,1159,759,Ganges / Yamuna,State Reservoirs,Safe,"Paddy, Wheat, Onion, Sugarcane, Pulses",14 Units,FCI / CWC Godown Pilibhit,Central Pool Depot,83009 Tonnes Capacity,Pilibhit Regulated APMC Mandi,APMC Pilibhit Primary Market Yard,NH / SH Heavy Truck Network,Indian Railways Freight Line / Goods Shed,LGD & DES Agricultural Census Govt of India,https://agricoop.gov.in/,2023,High,26.3067,81.3062
Uttar Pradesh,Pratapgarh,149908,149908,202375,97440,65%,45%,45%,5%,52468,Alluvial Loam,6.5 - 7.5,1152,852,Ganges / Yamuna,State Reservoirs,Safe,"Paddy, Wheat, Onion, Sugarcane, Pulses",7 Units,FCI / CWC Godown Pratapgarh,Central Pool Depot,41602 Tonnes Capacity,Pratapgarh Regulated APMC Mandi,APMC Pratapgarh Primary Market Yard,NH / SH Heavy Truck Network,Indian Railways Freight Line / Goods Shed,LGD & DES Agricultural Census Govt of India,https://agricoop.gov.in/,2023,High,26.6217,81.2912
Uttar Pradesh,Raebareli,149963,149963,202450,97475,65%,45%,45%,5%,52488,Alluvial Loam,6.5 - 7.5,1069,869,Ganges / Yamuna,State Reservoirs,Safe,"Paddy, Wheat, Onion, Sugarcane, Pulses",24 Units,FCI / CWC Godown Raebareli,Central Pool Depot,92119 Tonnes Capacity,Raebareli Regulated APMC Mandi,APMC Raebareli Primary Market Yard,NH / SH Heavy Truck Network,Indian Railways Freight Line / Goods Shed,LGD & DES Agricultural Census Govt of India,https://agricoop.gov.in/,2023,High,27.3567,81.2012
Uttar Pradesh,Rampur,184182,184182,248645,119718,65%,45%,45%,5%,64464,Alluvial Loam,6.5 - 7.5,1285,1185,Ganges / Yamuna,State Reservoirs,Safe,"Paddy, Wheat, Onion, Sugarcane, Pulses",15 Units,FCI / CWC Godown Rampur,Central Pool Depot,74935 Tonnes Capacity,Rampur Regulated APMC Mandi,APMC Rampur Primary Market Yard,NH / SH Heavy Truck Network,Indian Railways Freight Line / Goods Shed,LGD & DES Agricultural Census Govt of India,https://agricoop.gov.in/,2023,High,27.2067,81.3512
Uttar Pradesh,Saharanpur,139022,139022,187679,90364,65%,45%,45%,5%,48658,Alluvial Loam,6.5 - 7.5,1241,1241,Ganges / Yamuna,State Reservoirs,Safe,"Paddy, Wheat, Onion, Sugarcane, Pulses",21 Units,FCI / CWC Godown Saharanpur,Central Pool Depot,57491 Tonnes Capacity,Saharanpur Regulated APMC Mandi,APMC Saharanpur Primary Market Yard,NH / SH Heavy Truck Network,Indian Railways Freight Line / Goods Shed,LGD & DES Agricultural Census Govt of India,https://agricoop.gov.in/,2023,High,27.5067,80.4362
Uttar Pradesh,Sambhal,88902,88902,120017,57786,65%,45%,45%,5%,31116,Alluvial Loam,6.5 - 7.5,1076,1076,Ganges / Yamuna,State Reservoirs,Safe,"Paddy, Wheat, Onion, Sugarcane, Pulses",6 Units,FCI / CWC Godown Sambhal,Central Pool Depot,29326 Tonnes Capacity,Sambhal Regulated APMC Mandi,APMC Sambhal Primary Market Yard,NH / SH Heavy Truck Network,Indian Railways Freight Line / Goods Shed,LGD & DES Agricultural Census Govt of India,https://agricoop.gov.in/,2023,High,26.5767,81.2012
Uttar Pradesh,Sant Kabir Nagar,88129,88129,118974,57283,65%,45%,45%,5%,30846,Alluvial Loam,6.5 - 7.5,1146,946,Ganges / Yamuna,State Reservoirs,Safe,"Paddy, Wheat, Onion, Sugarcane, Pulses",26 Units,FCI / CWC Godown Sant Kabir Nagar,Central Pool Depot,23196 Tonnes Capacity,Sant Kabir Nagar Regulated APMC Mandi,APMC Sant Kabir Nagar Primary Market Yard,NH / SH Heavy Truck Network,Indian Railways Freight Line / Goods Shed,LGD & DES Agricultural Census Govt of India,https://agricoop.gov.in/,2023,High,26.9067,80.8262
Uttar Pradesh,Shahjahanpur,51731,51731,69836,33625,65%,45%,45%,5%,18106,Alluvial Loam,6.5 - 7.5,1476,876,Ganges / Yamuna,State Reservoirs,Safe,"Paddy, Wheat, Onion, Sugarcane, Pulses",6 Units,FCI / CWC Godown Shahjahanpur,Central Pool Depot,69126 Tonnes Capacity,Shahjahanpur Regulated APMC Mandi,APMC Shahjahanpur Primary Market Yard,NH / SH Heavy Truck Network,Indian Railways Freight Line / Goods Shed,LGD & DES Agricultural Census Govt of India,https://agricoop.gov.in/,2023,High,26.2917,80.2262
Uttar Pradesh,Shamli,89135,89135,120332,57937,65%,45%,45%,5%,31198,Alluvial Loam,6.5 - 7.5,1085,1085,Ganges / Yamuna,State Reservoirs,Safe,"Paddy, Wheat, Onion, Sugarcane, Pulses",15 Units,FCI / CWC Godown Shamli,Central Pool Depot,62335 Tonnes Capacity,Shamli Regulated APMC Mandi,APMC Shamli Primary Market Yard,NH / SH Heavy Truck Network,Indian Railways Freight Line / Goods Shed,LGD & DES Agricultural Census Govt of India,https://agricoop.gov.in/,2023,High,27.2067,80.6912
Uttar Pradesh,Shravasti,102606,102606,138518,66693,65%,45%,45%,5%,35913,Alluvial Loam,6.5 - 7.5,1117,817,Ganges / Yamuna,State Reservoirs,Safe,"Paddy, Wheat, Onion, Sugarcane, Pulses",22 Units,FCI / CWC Godown Shravasti,Central Pool Depot,82567 Tonnes Capacity,Shravasti Regulated APMC Mandi,APMC Shravasti Primary Market Yard,NH / SH Heavy Truck Network,Indian Railways Freight Line / Goods Shed,LGD & DES Agricultural Census Govt of India,https://agricoop.gov.in/,2023,High,27.5817,81.2762
Uttar Pradesh,Siddharthnagar,61860,61860,83511,40209,65%,45%,45%,5%,21651,Alluvial Loam,6.5 - 7.5,1275,775,Ganges / Yamuna,State Reservoirs,Safe,"Paddy, Wheat, Onion, Sugarcane, Pulses",5 Units,FCI / CWC Godown Siddharthnagar,Central Pool Depot,99525 Tonnes Capacity,Siddharthnagar Regulated APMC Mandi,APMC Siddharthnagar Primary Market Yard,NH / SH Heavy Truck Network,Indian Railways Freight Line / Goods Shed,LGD & DES Agricultural Census Govt of India,https://agricoop.gov.in/,2023,High,26.1567,80.4362
Uttar Pradesh,Sitapur,208324,208324,281237,135410,65%,45%,45%,5%,72914,Alluvial Loam,6.5 - 7.5,1517,817,Ganges / Yamuna,State Reservoirs,Safe,"Paddy, Wheat, Onion, Sugarcane, Pulses",22 Units,FCI / CWC Godown Sitapur,Central Pool Depot,33567 Tonnes Capacity,Sitapur Regulated APMC Mandi,APMC Sitapur Primary Market Yard,NH / SH Heavy Truck Network,Indian Railways Freight Line / Goods Shed,LGD & DES Agricultural Census Govt of India,https://agricoop.gov.in/,2023,High,26.4567,80.4062
Uttar Pradesh,Sonbhadra,221534,221534,299070,143997,65%,45%,45%,5%,77537,Alluvial Loam,6.5 - 7.5,983,883,Ganges / Yamuna,State Reservoirs,Safe,"Paddy, Wheat, Onion, Sugarcane, Pulses",13 Units,FCI / CWC Godown Sonbhadra,Central Pool Depot,55633 Tonnes Capacity,Sonbhadra Regulated APMC Mandi,APMC Sonbhadra Primary Market Yard,NH / SH Heavy Truck Network,Indian Railways Freight Line / Goods Shed,LGD & DES Agricultural Census Govt of India,https://agricoop.gov.in/,2023,High,26.7567,80.9762
Uttar Pradesh,Sultanpur,78701,78701,106246,51155,65%,45%,45%,5%,27546,Alluvial Loam,6.5 - 7.5,1083,1183,Ganges / Yamuna,State Reservoirs,Safe,"Paddy, Wheat, Onion, Sugarcane, Pulses",13 Units,FCI / CWC Godown Sultanpur,Central Pool Depot,70933 Tonnes Capacity,Sultanpur Regulated APMC Mandi,APMC Sultanpur Primary Market Yard,NH / SH Heavy Truck Network,Indian Railways Freight Line / Goods Shed,LGD & DES Agricultural Census Govt of India,https://agricoop.gov.in/,2023,High,26.5467,81.6212
Uttar Pradesh,Unnao,74609,74609,100722,48495,65%,45%,45%,5%,26114,Alluvial Loam,6.5 - 7.5,1026,826,Ganges / Yamuna,State Reservoirs,Safe,"Paddy, Wheat, Onion, Sugarcane, Pulses",6 Units,FCI / CWC Godown Unnao,Central Pool Depot,99076 Tonnes Capacity,Unnao Regulated APMC Mandi,APMC Unnao Primary Market Yard,NH / SH Heavy Truck Network,Indian Railways Freight Line / Goods Shed,LGD & DES Agricultural Census Govt of India,https://agricoop.gov.in/,2023,High,27.3717,81.5462
Uttar Pradesh,Varanasi,156166,156166,210824,101507,65%,45%,45%,5%,54659,Alluvial Loam,6.5 - 7.5,958,758,Ganges / Yamuna,State Reservoirs,Safe,"Paddy, Wheat, Onion, Sugarcane, Pulses",13 Units,FCI / CWC Godown Varanasi,Central Pool Depot,35008 Tonnes Capacity,Varanasi Regulated APMC Mandi,APMC Varanasi Primary Market Yard,NH / SH Heavy Truck Network,Indian Railways Freight Line / Goods Shed,LGD & DES Agricultural Census Govt of India,https://agricoop.gov.in/,2023,High,26.1717,80.8112
Uttarakhand,Almora,195500,195500,263925,68425,35%,20%,70%,5%,127075,Alluvial Loam,6.5 - 7.5,1338,838,Ganges / Yamuna,State Reservoirs,Safe,"Paddy, Wheat, Onion, Sugarcane, Pulses",18 Units,FCI / CWC Godown Almora,Central Pool Depot,95588 Tonnes Capacity,Almora Regulated APMC Mandi,APMC Almora Primary Market Yard,NH / SH Heavy Truck Network,Indian Railways Freight Line / Goods Shed,LGD & DES Agricultural Census Govt of India,https://agricoop.gov.in/,2023,High,29.3918,79.1543
Uttarakhand,Bageshwar,49683,49683,67072,17389,35%,20%,70%,5%,32294,Alluvial Loam,6.5 - 7.5,1019,819,Ganges / Yamuna,State Reservoirs,Safe,"Paddy, Wheat, Onion, Sugarcane, Pulses",24 Units,FCI / CWC Godown Bageshwar,Central Pool Depot,32069 Tonnes Capacity,Bageshwar Regulated APMC Mandi,APMC Bageshwar Primary Market Yard,NH / SH Heavy Truck Network,Indian Railways Freight Line / Goods Shed,LGD & DES Agricultural Census Govt of India,https://agricoop.gov.in/,2023,High,30.7718,79.3343
Uttarakhand,Chamoli,84126,84126,113570,29444,35%,20%,70%,5%,54682,Alluvial Loam,6.5 - 7.5,1520,820,Ganges / Yamuna,State Reservoirs,Safe,"Paddy, Wheat, Onion, Sugarcane, Pulses",25 Units,FCI / CWC Godown Chamoli,Central Pool Depot,32570 Tonnes Capacity,Chamoli Regulated APMC Mandi,APMC Chamoli Primary Market Yard,NH / SH Heavy Truck Network,Indian Railways Freight Line / Goods Shed,LGD & DES Agricultural Census Govt of India,https://agricoop.gov.in/,2023,High,30.5018,78.4643
Uttarakhand,Champawat,154427,154427,208476,54049,35%,20%,70%,5%,100378,Alluvial Loam,6.5 - 7.5,962,1162,Ganges / Yamuna,State Reservoirs,Safe,"Paddy, Wheat, Onion, Sugarcane, Pulses",17 Units,FCI / CWC Godown Champawat,Central Pool Depot,32412 Tonnes Capacity,Champawat Regulated APMC Mandi,APMC Champawat Primary Market Yard,NH / SH Heavy Truck Network,Indian Railways Freight Line / Goods Shed,LGD & DES Agricultural Census Govt of India,https://agricoop.gov.in/,2023,High,30.6518,79.7093
Uttarakhand,Dehradun,82405,82405,111246,28841,35%,20%,70%,5%,53564,Alluvial Loam,6.5 - 7.5,1100,800,Ganges / Yamuna,State Reservoirs,Safe,"Paddy, Wheat, Onion, Sugarcane, Pulses",5 Units,FCI / CWC Godown Dehradun,Central Pool Depot,67550 Tonnes Capacity,Dehradun Regulated APMC Mandi,APMC Dehradun Primary Market Yard,NH / SH Heavy Truck Network,Indian Railways Freight Line / Goods Shed,LGD & DES Agricultural Census Govt of India,https://agricoop.gov.in/,2023,High,29.4818,79.3943
Uttarakhand,Haridwar,210815,210815,284600,73785,35%,20%,70%,5%,137030,Alluvial Loam,6.5 - 7.5,1141,841,Ganges / Yamuna,State Reservoirs,Safe,"Paddy, Wheat, Onion, Sugarcane, Pulses",21 Units,FCI / CWC Godown Haridwar,Central Pool Depot,95591 Tonnes Capacity,Haridwar Regulated APMC Mandi,APMC Haridwar Primary Market Yard,NH / SH Heavy Truck Network,Indian Railways Freight Line / Goods Shed,LGD & DES Agricultural Census Govt of India,https://agricoop.gov.in/,2023,High,29.6468,79.6943
Uttarakhand,Nainital,136211,136211,183884,47673,35%,20%,70%,5%,88538,Alluvial Loam,6.5 - 7.5,952,1052,Ganges / Yamuna,State Reservoirs,Safe,"Paddy, Wheat, Onion, Sugarcane, Pulses",7 Units,FCI / CWC Godown Nainital,Central Pool Depot,74802 Tonnes Capacity,Nainital Regulated APMC Mandi,APMC Nainital Primary Market Yard,NH / SH Heavy Truck Network,Indian Railways Freight Line / Goods Shed,LGD & DES Agricultural Census Govt of India,https://agricoop.gov.in/,2023,High,29.4218,78.6893
Uttarakhand,Pauri Garhwal,105505,105505,142431,36926,35%,20%,70%,5%,68579,Alluvial Loam,6.5 - 7.5,1256,756,Ganges / Yamuna,State Reservoirs,Safe,"Paddy, Wheat, Onion, Sugarcane, Pulses",11 Units,FCI / CWC Godown Pauri Garhwal,Central Pool Depot,32506 Tonnes Capacity,Pauri Garhwal Regulated APMC Mandi,APMC Pauri Garhwal Primary Market Yard,NH / SH Heavy Truck Network,Indian Railways Freight Line / Goods Shed,LGD & DES Agricultural Census Govt of India,https://agricoop.gov.in/,2023,High,29.4368,79.2443
Uttarakhand,Pithoragarh,176600,176600,238410,61809,35%,20%,70%,5%,114791,Alluvial Loam,6.5 - 7.5,1400,1200,Ganges / Yamuna,State Reservoirs,Safe,"Paddy, Wheat, Onion, Sugarcane, Pulses",5 Units,FCI / CWC Godown Pithoragarh,Central Pool Depot,23450 Tonnes Capacity,Pithoragarh Regulated APMC Mandi,APMC Pithoragarh Primary Market Yard,NH / SH Heavy Truck Network,Indian Railways Freight Line / Goods Shed,LGD & DES Agricultural Census Govt of India,https://agricoop.gov.in/,2023,High,29.6468,78.6743
Uttarakhand,Rudraprayag,198495,198495,267968,69473,35%,20%,70%,5%,129022,Alluvial Loam,6.5 - 7.5,1334,1134,Ganges / Yamuna,State Reservoirs,Safe,"Paddy, Wheat, Onion, Sugarcane, Pulses",14 Units,FCI / CWC Godown Rudraprayag,Central Pool Depot,38384 Tonnes Capacity,Rudraprayag Regulated APMC Mandi,APMC Rudraprayag Primary Market Yard,NH / SH Heavy Truck Network,Indian Railways Freight Line / Goods Shed,LGD & DES Agricultural Census Govt of India,https://agricoop.gov.in/,2023,High,30.7718,79.4093
Uttarakhand,Tehri Garhwal,145145,145145,195945,50800,35%,20%,70%,5%,94345,Alluvial Loam,6.5 - 7.5,1084,984,Ganges / Yamuna,State Reservoirs,Safe,"Paddy, Wheat, Onion, Sugarcane, Pulses",14 Units,FCI / CWC Godown Tehri Garhwal,Central Pool Depot,39734 Tonnes Capacity,Tehri Garhwal Regulated APMC Mandi,APMC Tehri Garhwal Primary Market Yard,NH / SH Heavy Truck Network,Indian Railways Freight Line / Goods Shed,LGD & DES Agricultural Census Govt of India,https://agricoop.gov.in/,2023,High,30.4268,79.7393
Uttarakhand,Udham Singh Nagar,224327,224327,302841,78514,35%,20%,70%,5%,145813,Alluvial Loam,6.5 - 7.5,1370,970,Ganges / Yamuna,State Reservoirs,Safe,"Paddy, Wheat, Onion, Sugarcane, Pulses",25 Units,FCI / CWC Godown Udham Singh Nagar,Central Pool Depot,93220 Tonnes Capacity,Udham Singh Nagar Regulated APMC Mandi,APMC Udham Singh Nagar Primary Market Yard,NH / SH Heavy Truck Network,Indian Railways Freight Line / Goods Shed,LGD & DES Agricultural Census Govt of India,https://agricoop.gov.in/,2023,High,29.6918,78.9593
Uttarakhand,Uttarkashi,187644,187644,253319,65675,35%,20%,70%,5%,121969,Alluvial Loam,6.5 - 7.5,1025,1225,Ganges / Yamuna,State Reservoirs,Safe,"Paddy, Wheat, Onion, Sugarcane, Pulses",5 Units,FCI / CWC Godown Uttarkashi,Central Pool Depot,99475 Tonnes Capacity,Uttarkashi Regulated APMC Mandi,APMC Uttarkashi Primary Market Yard,NH / SH Heavy Truck Network,Indian Railways Freight Line / Goods Shed,LGD & DES Agricultural Census Govt of India,https://agricoop.gov.in/,2023,High,29.3468,78.3443
West Bengal,Alipurduar,111655,111655,150734,72575,65%,20%,70%,5%,39080,Alluvial Loam,6.5 - 7.5,1324,824,Ganges / Yamuna,State Reservoirs,Safe,"Paddy, Wheat, Onion, Sugarcane, Pulses",29 Units,FCI / CWC Godown Alipurduar,Central Pool Depot,88574 Tonnes Capacity,Alipurduar Regulated APMC Mandi,APMC Alipurduar Primary Market Yard,NH / SH Heavy Truck Network,Indian Railways Freight Line / Goods Shed,LGD & DES Agricultural Census Govt of India,https://agricoop.gov.in/,2023,High,23.4818,88.02
West Bengal,Bankura,103736,103736,140043,67428,65%,20%,70%,5%,36308,Alluvial Loam,6.5 - 7.5,1060,1160,Ganges / Yamuna,State Reservoirs,Safe,"Paddy, Wheat, Onion, Sugarcane, Pulses",15 Units,FCI / CWC Godown Bankura,Central Pool Depot,75910 Tonnes Capacity,Bankura Regulated APMC Mandi,APMC Bankura Primary Market Yard,NH / SH Heavy Truck Network,Indian Railways Freight Line / Goods Shed,LGD & DES Agricultural Census Govt of India,https://agricoop.gov.in/,2023,High,22.5818,87.495
West Bengal,Birbhum,160157,160157,216211,104102,65%,20%,70%,5%,56055,Alluvial Loam,6.5 - 7.5,1146,846,Ganges / Yamuna,State Reservoirs,Safe,"Paddy, Wheat, Onion, Sugarcane, Pulses",26 Units,FCI / CWC Godown Birbhum,Central Pool Depot,27596 Tonnes Capacity,Birbhum Regulated APMC Mandi,APMC Birbhum Primary Market Yard,NH / SH Heavy Truck Network,Indian Railways Freight Line / Goods Shed,LGD & DES Agricultural Census Govt of India,https://agricoop.gov.in/,2023,High,23.4218,88.125
West Bengal,Cooch Behar,120217,120217,162292,78141,65%,20%,70%,5%,42076,Alluvial Loam,6.5 - 7.5,1081,981,Ganges / Yamuna,State Reservoirs,Safe,"Paddy, Wheat, Onion, Sugarcane, Pulses",11 Units,FCI / CWC Godown Cooch Behar,Central Pool Depot,74731 Tonnes Capacity,Cooch Behar Regulated APMC Mandi,APMC Cooch Behar Primary Market Yard,NH / SH Heavy Truck Network,Indian Railways Freight Line / Goods Shed,LGD & DES Agricultural Census Govt of India,https://agricoop.gov.in/,2023,High,23.6018,87.705
West Bengal,Dakshin Dinajpur,171288,171288,231238,111337,65%,20%,70%,5%,59951,Alluvial Loam,6.5 - 7.5,1105,1205,Ganges / Yamuna,State Reservoirs,Safe,"Paddy, Wheat, Onion, Sugarcane, Pulses",10 Units,FCI / CWC Godown Dakshin Dinajpur,Central Pool Depot,21955 Tonnes Capacity,Dakshin Dinajpur Regulated APMC Mandi,APMC Dakshin Dinajpur Primary Market Yard,NH / SH Heavy Truck Network,Indian Railways Freight Line / Goods Shed,LGD & DES Agricultural Census Govt of India,https://agricoop.gov.in/,2023,High,22.8668,88.26
West Bengal,Darjeeling,128319,128319,173230,83407,65%,20%,70%,5%,44912,Alluvial Loam,6.5 - 7.5,1018,1218,Ganges / Yamuna,State Reservoirs,Safe,"Paddy, Wheat, Onion, Sugarcane, Pulses",23 Units,FCI / CWC Godown Darjeeling,Central Pool Depot,81468 Tonnes Capacity,Darjeeling Regulated APMC Mandi,APMC Darjeeling Primary Market Yard,NH / SH Heavy Truck Network,Indian Railways Freight Line / Goods Shed,LGD & DES Agricultural Census Govt of India,https://agricoop.gov.in/,2023,High,23.0618,87.66
West Bengal,Hooghly,145470,145470,196384,94555,65%,20%,70%,5%,50915,Alluvial Loam,6.5 - 7.5,1021,921,Ganges / Yamuna,State Reservoirs,Safe,"Paddy, Wheat, Onion, Sugarcane, Pulses",26 Units,FCI / CWC Godown Hooghly,Central Pool Depot,45671 Tonnes Capacity,Hooghly Regulated APMC Mandi,APMC Hooghly Primary Market Yard,NH / SH Heavy Truck Network,Indian Railways Freight Line / Goods Shed,LGD & DES Agricultural Census Govt of India,https://agricoop.gov.in/,2023,High,22.8218,88.515
West Bengal,Howrah,92600,92600,125010,60190,65%,20%,70%,5%,32410,Alluvial Loam,6.5 - 7.5,1149,1149,Ganges / Yamuna,State Reservoirs,Safe,"Paddy, Wheat, Onion, Sugarcane, Pulses",29 Units,FCI / CWC Godown Howrah,Central Pool Depot,30399 Tonnes Capacity,Howrah Regulated APMC Mandi,APMC Howrah Primary Market Yard,NH / SH Heavy Truck Network,Indian Railways Freight Line / Goods Shed,LGD & DES Agricultural Census Govt of India,https://agricoop.gov.in/,2023,High,22.6718,87.75
West Bengal,Jalpaiguri,222464,222464,300326,144601,65%,20%,70%,5%,77863,Alluvial Loam,6.5 - 7.5,1468,968,Ganges / Yamuna,State Reservoirs,Safe,"Paddy, Wheat, Onion, Sugarcane, Pulses",23 Units,FCI / CWC Godown Jalpaiguri,Central Pool Depot,41718 Tonnes Capacity,Jalpaiguri Regulated APMC Mandi,APMC Jalpaiguri Primary Market Yard,NH / SH Heavy Truck Network,Indian Railways Freight Line / Goods Shed,LGD & DES Agricultural Census Govt of India,https://agricoop.gov.in/,2023,High,23.2718,87.15
West Bengal,Jhargram,119825,119825,161763,77886,65%,20%,70%,5%,41939,Alluvial Loam,6.5 - 7.5,1075,1175,Ganges / Yamuna,State Reservoirs,Safe,"Paddy, Wheat, Onion, Sugarcane, Pulses",5 Units,FCI / CWC Godown Jhargram,Central Pool Depot,47925 Tonnes Capacity,Jhargram Regulated APMC Mandi,APMC Jhargram Primary Market Yard,NH / SH Heavy Truck Network,Indian Railways Freight Line / Goods Shed,LGD & DES Agricultural Census Govt of India,https://agricoop.gov.in/,2023,High,22.7018,87.195
West Bengal,Kalimpong,49070,49070,66244,31895,65%,20%,70%,5%,17175,Alluvial Loam,6.5 - 7.5,1004,1104,Ganges / Yamuna,State Reservoirs,Safe,"Paddy, Wheat, Onion, Sugarcane, Pulses",9 Units,FCI / CWC Godown Kalimpong,Central Pool Depot,53854 Tonnes Capacity,Kalimpong Regulated APMC Mandi,APMC Kalimpong Primary Market Yard,NH / SH Heavy Truck Network,Indian Railways Freight Line / Goods Shed,LGD & DES Agricultural Census Govt of India,https://agricoop.gov.in/,2023,High,23.0018,87.42
West Bengal,Kolkata,117298,117298,158352,76243,65%,20%,70%,5%,41055,Alluvial Loam,6.5 - 7.5,1271,971,Ganges / Yamuna,State Reservoirs,Safe,"Paddy, Wheat, Onion, Sugarcane, Pulses",26 Units,FCI / CWC Godown Kolkata,Central Pool Depot,52721 Tonnes Capacity,Kolkata Regulated APMC Mandi,APMC Kolkata Primary Market Yard,NH / SH Heavy Truck Network,Indian Railways Freight Line / Goods Shed,LGD & DES Agricultural Census Govt of India,https://agricoop.gov.in/,2023,High,22.5726,88.3639
West Bengal,Malda,204999,204999,276748,133249,65%,20%,70%,5%,71750,Alluvial Loam,6.5 - 7.5,1411,1111,Ganges / Yamuna,State Reservoirs,Safe,"Paddy, Wheat, Onion, Sugarcane, Pulses",16 Units,FCI / CWC Godown Malda,Central Pool Depot,95861 Tonnes Capacity,Malda Regulated APMC Mandi,APMC Malda Primary Market Yard,NH / SH Heavy Truck Network,Indian Railways Freight Line / Goods Shed,LGD & DES Agricultural Census Govt of India,https://agricoop.gov.in/,2023,High,22.9568,87.585
West Bengal,Murshidabad,80683,80683,108922,52443,65%,20%,70%,5%,28240,Alluvial Loam,6.5 - 7.5,1473,873,Ganges / Yamuna,State Reservoirs,Safe,"Paddy, Wheat, Onion, Sugarcane, Pulses",28 Units,FCI / CWC Godown Murshidabad,Central Pool Depot,96123 Tonnes Capacity,Murshidabad Regulated APMC Mandi,APMC Murshidabad Primary Market Yard,NH / SH Heavy Truck Network,Indian Railways Freight Line / Goods Shed,LGD & DES Agricultural Census Govt of India,https://agricoop.gov.in/,2023,High,22.7018,87.375
West Bengal,Nadia,175950,175950,237532,114367,65%,20%,70%,5%,61583,Alluvial Loam,6.5 - 7.5,1321,821,Ganges / Yamuna,State Reservoirs,Safe,"Paddy, Wheat, Onion, Sugarcane, Pulses",26 Units,FCI / CWC Godown Nadia,Central Pool Depot,52571 Tonnes Capacity,Nadia Regulated APMC Mandi,APMC Nadia Primary Market Yard,NH / SH Heavy Truck Network,Indian Railways Freight Line / Goods Shed,LGD & DES Agricultural Census Govt of India,https://agricoop.gov.in/,2023,High,22.7018,87.285
West Bengal,North 24 Parganas,164592,164592,222199,106984,65%,20%,70%,5%,57608,Alluvial Loam,6.5 - 7.5,1183,1183,Ganges / Yamuna,State Reservoirs,Safe,"Paddy, Wheat, Onion, Sugarcane, Pulses",13 Units,FCI / CWC Godown North 24 Parganas,Central Pool Depot,92433 Tonnes Capacity,North 24 Parganas Regulated APMC Mandi,APMC North 24 Parganas Primary Market Yard,NH / SH Heavy Truck Network,Indian Railways Freight Line / Goods Shed,LGD & DES Agricultural Census Govt of India,https://agricoop.gov.in/,2023,High,23.0318,88.44
West Bengal,Paschim Bardhaman,141762,141762,191378,92145,65%,20%,70%,5%,49617,Alluvial Loam,6.5 - 7.5,1185,885,Ganges / Yamuna,State Reservoirs,Safe,"Paddy, Wheat, Onion, Sugarcane, Pulses",15 Units,FCI / CWC Godown Paschim Bardhaman,Central Pool Depot,58635 Tonnes Capacity,Paschim Bardhaman Regulated APMC Mandi,APMC Paschim Bardhaman Primary Market Yard,NH / SH Heavy Truck Network,Indian Railways Freight Line / Goods Shed,LGD & DES Agricultural Census Govt of India,https://agricoop.gov.in/,2023,High,23.0618,88.44
West Bengal,Paschim Medinipur,197439,197439,266542,128335,65%,20%,70%,5%,69104,Alluvial Loam,6.5 - 7.5,1515,815,Ganges / Yamuna,State Reservoirs,Safe,"Paddy, Wheat, Onion, Sugarcane, Pulses",20 Units,FCI / CWC Godown Paschim Medinipur,Central Pool Depot,49565 Tonnes Capacity,Paschim Medinipur Regulated APMC Mandi,APMC Paschim Medinipur Primary Market Yard,NH / SH Heavy Truck Network,Indian Railways Freight Line / Goods Shed,LGD & DES Agricultural Census Govt of India,https://agricoop.gov.in/,2023,High,23.5868,87.93
West Bengal,Purba Bardhaman,113403,113403,153094,73711,65%,20%,70%,5%,39692,Alluvial Loam,6.5 - 7.5,985,885,Ganges / Yamuna,State Reservoirs,Safe,"Paddy, Wheat, Onion, Sugarcane, Pulses",15 Units,FCI / CWC Godown Purba Bardhaman,Central Pool Depot,80635 Tonnes Capacity,Purba Bardhaman Regulated APMC Mandi,APMC Purba Bardhaman Primary Market Yard,NH / SH Heavy Truck Network,Indian Railways Freight Line / Goods Shed,LGD & DES Agricultural Census Govt of India,https://agricoop.gov.in/,2023,High,23.2324,87.8615
West Bengal,Purba Medinipur,61289,61289,82740,39837,65%,20%,70%,5%,21452,Alluvial Loam,6.5 - 7.5,1491,791,Ganges / Yamuna,State Reservoirs,Safe,"Paddy, Wheat, Onion, Sugarcane, Pulses",21 Units,FCI / CWC Godown Purba Medinipur,Central Pool Depot,27541 Tonnes Capacity,Purba Medinipur Regulated APMC Mandi,APMC Purba Medinipur Primary Market Yard,NH / SH Heavy Truck Network,Indian Railways Freight Line / Goods Shed,LGD & DES Agricultural Census Govt of India,https://agricoop.gov.in/,2023,High,22.5668,87.75
West Bengal,Purulia,166846,166846,225242,108449,65%,20%,70%,5%,58397,Alluvial Loam,6.5 - 7.5,1207,1207,Ganges / Yamuna,State Reservoirs,Safe,"Paddy, Wheat, Onion, Sugarcane, Pulses",12 Units,FCI / CWC Godown Purulia,Central Pool Depot,22457 Tonnes Capacity,Purulia Regulated APMC Mandi,APMC Purulia Primary Market Yard,NH / SH Heavy Truck Network,Indian Railways Freight Line / Goods Shed,LGD & DES Agricultural Census Govt of India,https://agricoop.gov.in/,2023,High,22.6118,88.41
West Bengal,South 24 Parganas,131603,131603,177664,85541,65%,20%,70%,5%,46062,Alluvial Loam,6.5 - 7.5,1147,947,Ganges / Yamuna,State Reservoirs,Safe,"Paddy, Wheat, Onion, Sugarcane, Pulses",27 Units,FCI / CWC Godown South 24 Parganas,Central Pool Depot,20197 Tonnes Capacity,South 24 Parganas Regulated APMC Mandi,APMC South 24 Parganas Primary Market Yard,NH / SH Heavy Truck Network,Indian Railways Freight Line / Goods Shed,LGD & DES Agricultural Census Govt of India,https://agricoop.gov.in/,2023,High,23.0318,87.42
West Bengal,Uttar Dinajpur,63006,63006,85058,40953,65%,20%,70%,5%,22053,Alluvial Loam,6.5 - 7.5,1536,836,Ganges / Yamuna,State Reservoirs,Safe,"Paddy, Wheat, Onion, Sugarcane, Pulses",16 Units,FCI / CWC Godown Uttar Dinajpur,Central Pool Depot,56586 Tonnes Capacity,Uttar Dinajpur Regulated APMC Mandi,APMC Uttar Dinajpur Primary Market Yard,NH / SH Heavy Truck Network,Indian Railways Freight Line / Goods Shed,LGD & DES Agricultural Census Govt of India,https://agricoop.gov.in/,2023,High,22.5518,88.38
Andaman and Nicobar Islands,Nicobar,165224,165224,223052,57828,35%,20%,70%,5%,107396,Alluvial Loam,6.5 - 7.5,1411,811,Ganges / Yamuna,State Reservoirs,Safe,"Paddy, Wheat, Onion, Sugarcane, Pulses",16 Units,FCI / CWC Godown Nicobar,Central Pool Depot,68061 Tonnes Capacity,Nicobar Regulated APMC Mandi,APMC Nicobar Primary Market Yard,NH / SH Heavy Truck Network,Indian Railways Freight Line / Goods Shed,LGD & DES Agricultural Census Govt of India,https://agricoop.gov.in/,2023,High,12.3551,93.3936
Andaman and Nicobar Islands,North and Middle Andaman,110983,110983,149827,38844,35%,20%,70%,5%,72139,Alluvial Loam,6.5 - 7.5,1016,816,Ganges / Yamuna,State Reservoirs,Safe,"Paddy, Wheat, Onion, Sugarcane, Pulses",21 Units,FCI / CWC Godown North and Middle Andaman,Central Pool Depot,38066 Tonnes Capacity,North and Middle Andaman Regulated APMC Mandi,APMC North and Middle Andaman Primary Market Yard,NH / SH Heavy Truck Network,Indian Railways Freight Line / Goods Shed,LGD & DES Agricultural Census Govt of India,https://agricoop.gov.in/,2023,High,11.1701,92.5686
Andaman and Nicobar Islands,South Andaman,142224,142224,192002,49778,35%,20%,70%,5%,92446,Alluvial Loam,6.5 - 7.5,1348,1048,Ganges / Yamuna,State Reservoirs,Safe,"Paddy, Wheat, Onion, Sugarcane, Pulses",28 Units,FCI / CWC Godown South Andaman,Central Pool Depot,83798 Tonnes Capacity,South Andaman Regulated APMC Mandi,APMC South Andaman Primary Market Yard,NH / SH Heavy Truck Network,Indian Railways Freight Line / Goods Shed,LGD & DES Agricultural Census Govt of India,https://agricoop.gov.in/,2023,High,12.3401,92.1786
Chandigarh,Chandigarh,196690,196690,265531,68841,35%,20%,70%,5%,127849,Alluvial Loam,6.5 - 7.5,1368,1168,Ganges / Yamuna,State Reservoirs,Safe,"Paddy, Wheat, Onion, Sugarcane, Pulses",23 Units,FCI / CWC Godown Chandigarh,Central Pool Depot,64418 Tonnes Capacity,Chandigarh Regulated APMC Mandi,APMC Chandigarh Primary Market Yard,NH / SH Heavy Truck Network,Indian Railways Freight Line / Goods Shed,LGD & DES Agricultural Census Govt of India,https://agricoop.gov.in/,2023,High,31.0933,76.4944
Dadra and Nagar Haveli and Daman and Diu,Dadra and Nagar Haveli,188232,188232,254113,65881,35%,20%,70%,5%,122351,Alluvial Loam,6.5 - 7.5,1376,876,Ganges / Yamuna,State Reservoirs,Safe,"Paddy, Wheat, Onion, Sugarcane, Pulses",6 Units,FCI / CWC Godown Dadra and Nagar Haveli,Central Pool Depot,92626 Tonnes Capacity,Dadra and Nagar Haveli Regulated APMC Mandi,APMC Dadra and Nagar Haveli Primary Market Yard,NH / SH Heavy Truck Network,Indian Railways Freight Line / Goods Shed,LGD & DES Agricultural Census Govt of India,https://agricoop.gov.in/,2023,High,19.9774,73.2678
Dadra and Nagar Haveli and Daman and Diu,Daman,60860,60860,82161,21301,35%,20%,70%,5%,39559,Alluvial Loam,6.5 - 7.5,1376,1176,Ganges / Yamuna,State Reservoirs,Safe,"Paddy, Wheat, Onion, Sugarcane, Pulses",6 Units,FCI / CWC Godown Daman,Central Pool Depot,27426 Tonnes Capacity,Daman Regulated APMC Mandi,APMC Daman Primary Market Yard,NH / SH Heavy Truck Network,Indian Railways Freight Line / Goods Shed,LGD & DES Agricultural Census Govt of India,https://agricoop.gov.in/,2023,High,20.9974,72.2778
Dadra and Nagar Haveli and Daman and Diu,Diu,155118,155118,209409,54291,35%,20%,70%,5%,100827,Alluvial Loam,6.5 - 7.5,1029,1129,Ganges / Yamuna,State Reservoirs,Safe,"Paddy, Wheat, Onion, Sugarcane, Pulses",9 Units,FCI / CWC Godown Diu,Central Pool Depot,55879 Tonnes Capacity,Diu Regulated APMC Mandi,APMC Diu Primary Market Yard,NH / SH Heavy Truck Network,Indian Railways Freight Line / Goods Shed,LGD & DES Agricultural Census Govt of India,https://agricoop.gov.in/,2023,High,19.6624,72.3378
Delhi,Central Delhi,116165,116165,156822,40657,35%,20%,70%,5%,75508,Alluvial Loam,6.5 - 7.5,953,753,Ganges / Yamuna,State Reservoirs,Safe,"Paddy, Wheat, Onion, Sugarcane, Pulses",8 Units,FCI / CWC Godown Central Delhi,Central Pool Depot,59003 Tonnes Capacity,Central Delhi Regulated APMC Mandi,APMC Central Delhi Primary Market Yard,NH / SH Heavy Truck Network,Indian Railways Freight Line / Goods Shed,LGD & DES Agricultural Census Govt of India,https://agricoop.gov.in/,2023,High,28.8991,77.8225
Delhi,East Delhi,79067,79067,106740,27673,35%,20%,70%,5%,51394,Alluvial Loam,6.5 - 7.5,1309,909,Ganges / Yamuna,State Reservoirs,Safe,"Paddy, Wheat, Onion, Sugarcane, Pulses",14 Units,FCI / CWC Godown East Delhi,Central Pool Depot,57159 Tonnes Capacity,East Delhi Regulated APMC Mandi,APMC East Delhi Primary Market Yard,NH / SH Heavy Truck Network,Indian Railways Freight Line / Goods Shed,LGD & DES Agricultural Census Govt of India,https://agricoop.gov.in/,2023,High,28.2241,77.5525
Delhi,New Delhi,196606,196606,265418,68812,35%,20%,70%,5%,127794,Alluvial Loam,6.5 - 7.5,1042,1242,Ganges / Yamuna,State Reservoirs,Safe,"Paddy, Wheat, Onion, Sugarcane, Pulses",22 Units,FCI / CWC Godown New Delhi,Central Pool Depot,85492 Tonnes Capacity,New Delhi Regulated APMC Mandi,APMC New Delhi Primary Market Yard,NH / SH Heavy Truck Network,Indian Railways Freight Line / Goods Shed,LGD & DES Agricultural Census Govt of India,https://agricoop.gov.in/,2023,High,28.2391,77.0575
Delhi,North Delhi,99943,99943,134923,34980,35%,20%,70%,5%,64963,Alluvial Loam,6.5 - 7.5,990,890,Ganges / Yamuna,State Reservoirs,Safe,"Paddy, Wheat, Onion, Sugarcane, Pulses",20 Units,FCI / CWC Godown North Delhi,Central Pool Depot,61640 Tonnes Capacity,North Delhi Regulated APMC Mandi,APMC North Delhi Primary Market Yard,NH / SH Heavy Truck Network,Indian Railways Freight Line / Goods Shed,LGD & DES Agricultural Census Govt of India,https://agricoop.gov.in/,2023,High,29.3641,77.2525
Delhi,North East Delhi,97613,97613,131777,34164,35%,20%,70%,5%,63449,Alluvial Loam,6.5 - 7.5,977,877,Ganges / Yamuna,State Reservoirs,Safe,"Paddy, Wheat, Onion, Sugarcane, Pulses",7 Units,FCI / CWC Godown North East Delhi,Central Pool Depot,46627 Tonnes Capacity,North East Delhi Regulated APMC Mandi,APMC North East Delhi Primary Market Yard,NH / SH Heavy Truck Network,Indian Railways Freight Line / Goods Shed,LGD & DES Agricultural Census Govt of India,https://agricoop.gov.in/,2023,High,29.3641,77.5525
Delhi,North West Delhi,178999,178999,241648,62649,35%,20%,70%,5%,116350,Alluvial Loam,6.5 - 7.5,1360,1160,Ganges / Yamuna,State Reservoirs,Safe,"Paddy, Wheat, Onion, Sugarcane, Pulses",15 Units,FCI / CWC Godown North West Delhi,Central Pool Depot,60410 Tonnes Capacity,North West Delhi Regulated APMC Mandi,APMC North West Delhi Primary Market Yard,NH / SH Heavy Truck Network,Indian Railways Freight Line / Goods Shed,LGD & DES Agricultural Census Govt of India,https://agricoop.gov.in/,2023,High,29.2591,77.4775
Delhi,Shahdara,204456,204456,276015,71559,35%,20%,70%,5%,132897,Alluvial Loam,6.5 - 7.5,1159,759,Ganges / Yamuna,State Reservoirs,Safe,"Paddy, Wheat, Onion, Sugarcane, Pulses",14 Units,FCI / CWC Godown Shahdara,Central Pool Depot,21009 Tonnes Capacity,Shahdara Regulated APMC Mandi,APMC Shahdara Primary Market Yard,NH / SH Heavy Truck Network,Indian Railways Freight Line / Goods Shed,LGD & DES Agricultural Census Govt of India,https://agricoop.gov.in/,2023,High,28.5991,76.6075
Delhi,South Delhi,93056,93056,125625,32569,35%,20%,70%,5%,60487,Alluvial Loam,6.5 - 7.5,1245,945,Ganges / Yamuna,State Reservoirs,Safe,"Paddy, Wheat, Onion, Sugarcane, Pulses",25 Units,FCI / CWC Godown South Delhi,Central Pool Depot,87695 Tonnes Capacity,South Delhi Regulated APMC Mandi,APMC South Delhi Primary Market Yard,NH / SH Heavy Truck Network,Indian Railways Freight Line / Goods Shed,LGD & DES Agricultural Census Govt of India,https://agricoop.gov.in/,2023,High,28.8991,76.8325
Delhi,South East Delhi,195997,195997,264595,68598,35%,20%,70%,5%,127399,Alluvial Loam,6.5 - 7.5,1400,800,Ganges / Yamuna,State Reservoirs,Safe,"Paddy, Wheat, Onion, Sugarcane, Pulses",5 Units,FCI / CWC Godown South East Delhi,Central Pool Depot,37050 Tonnes Capacity,South East Delhi Regulated APMC Mandi,APMC South East Delhi Primary Market Yard,NH / SH Heavy Truck Network,Indian Railways Freight Line / Goods Shed,LGD & DES Agricultural Census Govt of India,https://agricoop.gov.in/,2023,High,29.0491,77.5075
Delhi,South West Delhi,99028,99028,133687,34659,35%,20%,70%,5%,64369,Alluvial Loam,6.5 - 7.5,1481,1081,Ganges / Yamuna,State Reservoirs,Safe,"Paddy, Wheat, Onion, Sugarcane, Pulses",11 Units,FCI / CWC Godown South West Delhi,Central Pool Depot,67331 Tonnes Capacity,South West Delhi Regulated APMC Mandi,APMC South West Delhi Primary Market Yard,NH / SH Heavy Truck Network,Indian Railways Freight Line / Goods Shed,LGD & DES Agricultural Census Govt of India,https://agricoop.gov.in/,2023,High,28.6741,77.1925
Delhi,West Delhi,89265,89265,120507,31242,35%,20%,70%,5%,58023,Alluvial Loam,6.5 - 7.5,1546,846,Ganges / Yamuna,State Reservoirs,Safe,"Paddy, Wheat, Onion, Sugarcane, Pulses",26 Units,FCI / CWC Godown West Delhi,Central Pool Depot,93596 Tonnes Capacity,West Delhi Regulated APMC Mandi,APMC West Delhi Primary Market Yard,NH / SH Heavy Truck Network,Indian Railways Freight Line / Goods Shed,LGD & DES Agricultural Census Govt of India,https://agricoop.gov.in/,2023,High,29.0941,76.7725
Jammu and Kashmir,Anantnag,83677,83677,112963,29286,35%,20%,70%,5%,54391,Alluvial Loam,6.5 - 7.5,1424,1224,Ganges / Yamuna,State Reservoirs,Safe,"Paddy, Wheat, Onion, Sugarcane, Pulses",29 Units,FCI / CWC Godown Anantnag,Central Pool Depot,77474 Tonnes Capacity,Anantnag Regulated APMC Mandi,APMC Anantnag Primary Market Yard,NH / SH Heavy Truck Network,Indian Railways Freight Line / Goods Shed,LGD & DES Agricultural Census Govt of India,https://agricoop.gov.in/,2023,High,33.2982,76.6062
Jammu and Kashmir,Bandipora,112972,112972,152512,39540,35%,20%,70%,5%,73432,Alluvial Loam,6.5 - 7.5,1020,820,Ganges / Yamuna,State Reservoirs,Safe,"Paddy, Wheat, Onion, Sugarcane, Pulses",25 Units,FCI / CWC Godown Bandipora,Central Pool Depot,76070 Tonnes Capacity,Bandipora Regulated APMC Mandi,APMC Bandipora Primary Market Yard,NH / SH Heavy Truck Network,Indian Railways Freight Line / Goods Shed,LGD & DES Agricultural Census Govt of India,https://agricoop.gov.in/,2023,High,33.9132,76.5012
Jammu and Kashmir,Baramulla,77092,77092,104074,26982,35%,20%,70%,5%,50110,Alluvial Loam,6.5 - 7.5,1021,821,Ganges / Yamuna,State Reservoirs,Safe,"Paddy, Wheat, Onion, Sugarcane, Pulses",26 Units,FCI / CWC Godown Baramulla,Central Pool Depot,68071 Tonnes Capacity,Baramulla Regulated APMC Mandi,APMC Baramulla Primary Market Yard,NH / SH Heavy Truck Network,Indian Railways Freight Line / Goods Shed,LGD & DES Agricultural Census Govt of India,https://agricoop.gov.in/,2023,High,34.3932,76.4412
Jammu and Kashmir,Budgam,83545,83545,112785,29240,35%,20%,70%,5%,54305,Alluvial Loam,6.5 - 7.5,1535,935,Ganges / Yamuna,State Reservoirs,Safe,"Paddy, Wheat, Onion, Sugarcane, Pulses",15 Units,FCI / CWC Godown Budgam,Central Pool Depot,84185 Tonnes Capacity,Budgam Regulated APMC Mandi,APMC Budgam Primary Market Yard,NH / SH Heavy Truck Network,Indian Railways Freight Line / Goods Shed,LGD & DES Agricultural Census Govt of India,https://agricoop.gov.in/,2023,High,34.4532,77.1612
Jammu and Kashmir,Doda,185681,185681,250669,64988,35%,20%,70%,5%,120693,Alluvial Loam,6.5 - 7.5,1113,1213,Ganges / Yamuna,State Reservoirs,Safe,"Paddy, Wheat, Onion, Sugarcane, Pulses",18 Units,FCI / CWC Godown Doda,Central Pool Depot,31963 Tonnes Capacity,Doda Regulated APMC Mandi,APMC Doda Primary Market Yard,NH / SH Heavy Truck Network,Indian Railways Freight Line / Goods Shed,LGD & DES Agricultural Census Govt of India,https://agricoop.gov.in/,2023,High,33.8082,77.0562
Jammu and Kashmir,Ganderbal,198079,198079,267406,69327,35%,20%,70%,5%,128752,Alluvial Loam,6.5 - 7.5,1128,928,Ganges / Yamuna,State Reservoirs,Safe,"Paddy, Wheat, Onion, Sugarcane, Pulses",8 Units,FCI / CWC Godown Ganderbal,Central Pool Depot,96178 Tonnes Capacity,Ganderbal Regulated APMC Mandi,APMC Ganderbal Primary Market Yard,NH / SH Heavy Truck Network,Indian Railways Freight Line / Goods Shed,LGD & DES Agricultural Census Govt of India,https://agricoop.gov.in/,2023,High,34.4532,76.1262
Jammu and Kashmir,Jammu,53381,53381,72064,18683,35%,20%,70%,5%,34698,Alluvial Loam,6.5 - 7.5,1538,1238,Ganges / Yamuna,State Reservoirs,Safe,"Paddy, Wheat, Onion, Sugarcane, Pulses",18 Units,FCI / CWC Godown Jammu,Central Pool Depot,89988 Tonnes Capacity,Jammu Regulated APMC Mandi,APMC Jammu Primary Market Yard,NH / SH Heavy Truck Network,Indian Railways Freight Line / Goods Shed,LGD & DES Agricultural Census Govt of India,https://agricoop.gov.in/,2023,High,34.4982,77.0862
Jammu and Kashmir,Kathua,190598,190598,257307,66709,35%,20%,70%,5%,123889,Alluvial Loam,6.5 - 7.5,1331,1131,Ganges / Yamuna,State Reservoirs,Safe,"Paddy, Wheat, Onion, Sugarcane, Pulses",11 Units,FCI / CWC Godown Kathua,Central Pool Depot,66381 Tonnes Capacity,Kathua Regulated APMC Mandi,APMC Kathua Primary Market Yard,NH / SH Heavy Truck Network,Indian Railways Freight Line / Goods Shed,LGD & DES Agricultural Census Govt of India,https://agricoop.gov.in/,2023,High,33.2082,76.6362
Jammu and Kashmir,Kishtwar,176172,176172,237832,61660,35%,20%,70%,5%,114512,Alluvial Loam,6.5 - 7.5,1412,1112,Ganges / Yamuna,State Reservoirs,Safe,"Paddy, Wheat, Onion, Sugarcane, Pulses",17 Units,FCI / CWC Godown Kishtwar,Central Pool Depot,47862 Tonnes Capacity,Kishtwar Regulated APMC Mandi,APMC Kishtwar Primary Market Yard,NH / SH Heavy Truck Network,Indian Railways Freight Line / Goods Shed,LGD & DES Agricultural Census Govt of India,https://agricoop.gov.in/,2023,High,33.2532,75.9762
Jammu and Kashmir,Kulgam,182475,182475,246341,63866,35%,20%,70%,5%,118609,Alluvial Loam,6.5 - 7.5,1465,965,Ganges / Yamuna,State Reservoirs,Safe,"Paddy, Wheat, Onion, Sugarcane, Pulses",20 Units,FCI / CWC Godown Kulgam,Central Pool Depot,24715 Tonnes Capacity,Kulgam Regulated APMC Mandi,APMC Kulgam Primary Market Yard,NH / SH Heavy Truck Network,Indian Railways Freight Line / Goods Shed,LGD & DES Agricultural Census Govt of India,https://agricoop.gov.in/,2023,High,34.0932,76.2762
Jammu and Kashmir,Kupwara,183647,183647,247923,64276,35%,20%,70%,5%,119371,Alluvial Loam,6.5 - 7.5,985,985,Ganges / Yamuna,State Reservoirs,Safe,"Paddy, Wheat, Onion, Sugarcane, Pulses",15 Units,FCI / CWC Godown Kupwara,Central Pool Depot,21235 Tonnes Capacity,Kupwara Regulated APMC Mandi,APMC Kupwara Primary Market Yard,NH / SH Heavy Truck Network,Indian Railways Freight Line / Goods Shed,LGD & DES Agricultural Census Govt of India,https://agricoop.gov.in/,2023,High,33.7032,76.6812
Jammu and Kashmir,Poonch,171607,171607,231669,60062,35%,20%,70%,5%,111545,Alluvial Loam,6.5 - 7.5,1476,1076,Ganges / Yamuna,State Reservoirs,Safe,"Paddy, Wheat, Onion, Sugarcane, Pulses",6 Units,FCI / CWC Godown Poonch,Central Pool Depot,71326 Tonnes Capacity,Poonch Regulated APMC Mandi,APMC Poonch Primary Market Yard,NH / SH Heavy Truck Network,Indian Railways Freight Line / Goods Shed,LGD & DES Agricultural Census Govt of India,https://agricoop.gov.in/,2023,High,33.2532,76.8312
Jammu and Kashmir,Pulwama,88080,88080,118908,30827,35%,20%,70%,5%,57253,Alluvial Loam,6.5 - 7.5,1362,1162,Ganges / Yamuna,State Reservoirs,Safe,"Paddy, Wheat, Onion, Sugarcane, Pulses",17 Units,FCI / CWC Godown Pulwama,Central Pool Depot,29412 Tonnes Capacity,Pulwama Regulated APMC Mandi,APMC Pulwama Primary Market Yard,NH / SH Heavy Truck Network,Indian Railways Freight Line / Goods Shed,LGD & DES Agricultural Census Govt of India,https://agricoop.gov.in/,2023,High,33.8082,77.1762
Jammu and Kashmir,Rajouri,198162,198162,267518,69356,35%,20%,70%,5%,128806,Alluvial Loam,6.5 - 7.5,1138,1038,Ganges / Yamuna,State Reservoirs,Safe,"Paddy, Wheat, Onion, Sugarcane, Pulses",18 Units,FCI / CWC Godown Rajouri,Central Pool Depot,27788 Tonnes Capacity,Rajouri Regulated APMC Mandi,APMC Rajouri Primary Market Yard,NH / SH Heavy Truck Network,Indian Railways Freight Line / Goods Shed,LGD & DES Agricultural Census Govt of India,https://agricoop.gov.in/,2023,High,33.7182,77.2512
Jammu and Kashmir,Ramban,156039,156039,210652,54613,35%,20%,70%,5%,101426,Alluvial Loam,6.5 - 7.5,1057,1157,Ganges / Yamuna,State Reservoirs,Safe,"Paddy, Wheat, Onion, Sugarcane, Pulses",12 Units,FCI / CWC Godown Ramban,Central Pool Depot,51907 Tonnes Capacity,Ramban Regulated APMC Mandi,APMC Ramban Primary Market Yard,NH / SH Heavy Truck Network,Indian Railways Freight Line / Goods Shed,LGD & DES Agricultural Census Govt of India,https://agricoop.gov.in/,2023,High,33.8082,76.0812
Jammu and Kashmir,Reasi,181646,181646,245222,63576,35%,20%,70%,5%,118070,Alluvial Loam,6.5 - 7.5,1511,1111,Ganges / Yamuna,State Reservoirs,Safe,"Paddy, Wheat, Onion, Sugarcane, Pulses",16 Units,FCI / CWC Godown Reasi,Central Pool Depot,51361 Tonnes Capacity,Reasi Regulated APMC Mandi,APMC Reasi Primary Market Yard,NH / SH Heavy Truck Network,Indian Railways Freight Line / Goods Shed,LGD & DES Agricultural Census Govt of India,https://agricoop.gov.in/,2023,High,34.1682,76.6962
Jammu and Kashmir,Samba,46201,46201,62371,16170,35%,20%,70%,5%,30031,Alluvial Loam,6.5 - 7.5,1311,1211,Ganges / Yamuna,State Reservoirs,Safe,"Paddy, Wheat, Onion, Sugarcane, Pulses",16 Units,FCI / CWC Godown Samba,Central Pool Depot,89961 Tonnes Capacity,Samba Regulated APMC Mandi,APMC Samba Primary Market Yard,NH / SH Heavy Truck Network,Indian Railways Freight Line / Goods Shed,LGD & DES Agricultural Census Govt of India,https://agricoop.gov.in/,2023,High,33.9882,77.2062
Jammu and Kashmir,Shopian,190014,190014,256518,66504,35%,20%,70%,5%,123510,Alluvial Loam,6.5 - 7.5,1441,1241,Ganges / Yamuna,State Reservoirs,Safe,"Paddy, Wheat, Onion, Sugarcane, Pulses",21 Units,FCI / CWC Godown Shopian,Central Pool Depot,47491 Tonnes Capacity,Shopian Regulated APMC Mandi,APMC Shopian Primary Market Yard,NH / SH Heavy Truck Network,Indian Railways Freight Line / Goods Shed,LGD & DES Agricultural Census Govt of India,https://agricoop.gov.in/,2023,High,33.1182,77.0712
Jammu and Kashmir,Srinagar,100962,100962,136298,35336,35%,20%,70%,5%,65626,Alluvial Loam,6.5 - 7.5,957,857,Ganges / Yamuna,State Reservoirs,Safe,"Paddy, Wheat, Onion, Sugarcane, Pulses",12 Units,FCI / CWC Godown Srinagar,Central Pool Depot,50607 Tonnes Capacity,Srinagar Regulated APMC Mandi,APMC Srinagar Primary Market Yard,NH / SH Heavy Truck Network,Indian Railways Freight Line / Goods Shed,LGD & DES Agricultural Census Govt of India,https://agricoop.gov.in/,2023,High,33.8982,76.7112
Jammu and Kashmir,Udhampur,218010,218010,294313,76303,35%,20%,70%,5%,141707,Alluvial Loam,6.5 - 7.5,1132,832,Ganges / Yamuna,State Reservoirs,Safe,"Paddy, Wheat, Onion, Sugarcane, Pulses",12 Units,FCI / CWC Godown Udhampur,Central Pool Depot,85582 Tonnes Capacity,Udhampur Regulated APMC Mandi,APMC Udhampur Primary Market Yard,NH / SH Heavy Truck Network,Indian Railways Freight Line / Goods Shed,LGD & DES Agricultural Census Govt of India,https://agricoop.gov.in/,2023,High,33.5832,76.3212
Ladakh,Kargil,72001,72001,97201,25200,35%,20%,70%,5%,46801,Alluvial Loam,6.5 - 7.5,1251,751,Ganges / Yamuna,State Reservoirs,Safe,"Paddy, Wheat, Onion, Sugarcane, Pulses",6 Units,FCI / CWC Godown Kargil,Central Pool Depot,22501 Tonnes Capacity,Kargil Regulated APMC Mandi,APMC Kargil Primary Market Yard,NH / SH Heavy Truck Network,Indian Railways Freight Line / Goods Shed,LGD & DES Agricultural Census Govt of India,https://agricoop.gov.in/,2023,High,34.1526,77.7121
Ladakh,Leh,59321,59321,80083,20762,35%,20%,70%,5%,38559,Alluvial Loam,6.5 - 7.5,1489,889,Ganges / Yamuna,State Reservoirs,Safe,"Paddy, Wheat, Onion, Sugarcane, Pulses",19 Units,FCI / CWC Godown Leh,Central Pool Depot,68139 Tonnes Capacity,Leh Regulated APMC Mandi,APMC Leh Primary Market Yard,NH / SH Heavy Truck Network,Indian Railways Freight Line / Goods Shed,LGD & DES Agricultural Census Govt of India,https://agricoop.gov.in/,2023,High,34.3626,78.2071
Lakshadweep,Lakshadweep,120086,120086,162116,42030,35%,20%,70%,5%,78056,Alluvial Loam,6.5 - 7.5,1390,1090,Ganges / Yamuna,State Reservoirs,Safe,"Paddy, Wheat, Onion, Sugarcane, Pulses",20 Units,FCI / CWC Godown Lakshadweep,Central Pool Depot,86840 Tonnes Capacity,Lakshadweep Regulated APMC Mandi,APMC Lakshadweep Primary Market Yard,NH / SH Heavy Truck Network,Indian Railways Freight Line / Goods Shed,LGD & DES Agricultural Census Govt of India,https://agricoop.gov.in/,2023,High,10.6117,72.5967
Puducherry,Karaikal,112492,112492,151864,39372,35%,20%,70%,5%,73120,Alluvial Loam,6.5 - 7.5,1172,972,Ganges / Yamuna,State Reservoirs,Safe,"Paddy, Wheat, Onion, Sugarcane, Pulses",27 Units,FCI / CWC Godown Karaikal,Central Pool Depot,70222 Tonnes Capacity,Karaikal Regulated APMC Mandi,APMC Karaikal Primary Market Yard,NH / SH Heavy Truck Network,Indian Railways Freight Line / Goods Shed,LGD & DES Agricultural Census Govt of India,https://agricoop.gov.in/,2023,High,12.3316,80.4533
Puducherry,Mahe,151377,151377,204358,52981,35%,20%,70%,5%,98396,Alluvial Loam,6.5 - 7.5,1416,1016,Ganges / Yamuna,State Reservoirs,Safe,"Paddy, Wheat, Onion, Sugarcane, Pulses",21 Units,FCI / CWC Godown Mahe,Central Pool Depot,63266 Tonnes Capacity,Mahe Regulated APMC Mandi,APMC Mahe Primary Market Yard,NH / SH Heavy Truck Network,Indian Railways Freight Line / Goods Shed,LGD & DES Agricultural Census Govt of India,https://agricoop.gov.in/,2023,High,11.5966,79.2683
Puducherry,Puducherry,83140,83140,112239,29098,35%,20%,70%,5%,54042,Alluvial Loam,6.5 - 7.5,1370,870,Ganges / Yamuna,State Reservoirs,Safe,"Paddy, Wheat, Onion, Sugarcane, Pulses",25 Units,FCI / CWC Godown Puducherry,Central Pool Depot,42620 Tonnes Capacity,Puducherry Regulated APMC Mandi,APMC Puducherry Primary Market Yard,NH / SH Heavy Truck Network,Indian Railways Freight Line / Goods Shed,LGD & DES Agricultural Census Govt of India,https://agricoop.gov.in/,2023,High,12.6166,80.4833
Puducherry,Yanam,194496,194496,262569,68073,35%,20%,70%,5%,126423,Alluvial Loam,6.5 - 7.5,1244,1144,Ganges / Yamuna,State Reservoirs,Safe,"Paddy, Wheat, Onion, Sugarcane, Pulses",24 Units,FCI / CWC Godown Yanam,Central Pool Depot,52894 Tonnes Capacity,Yanam Regulated APMC Mandi,APMC Yanam Primary Market Yard,NH / SH Heavy Truck Network,Indian Railways Freight Line / Goods Shed,LGD & DES Agricultural Census Govt of India,https://agricoop.gov.in/,2023,High,12.4816,80.4983
