scenario_name,state_name,district_name,latitude,longitude,crop_type,rainfall_shock_pct,temperature_shock_c,reservoir_shock_pct,yield_shock_pct,transport_shock_pct,price_shock_pct,simulated_rainfall_deficit_pct,simulated_temp_anomaly_c,simulated_reservoir_level_pct,simulated_yield_t_ha,simulated_retail_price_rs_kg,data_type,source_notes
NORMAL,Andhra Pradesh,Anantapur,15.9579,79.35,Rice / Paddy,0.0,0.0,0.0,0.0,0.0,0.0,28.51,0.5,50.0,3.9,51.0,SCENARIO_ASSUMPTION,Simulated El Nino environmental shock parameters for stress testing
MILD_EL_NINO,Andhra Pradesh,Anantapur,15.9579,79.35,Rice / Paddy,15.0,1.0,-15.0,-8.0,5.0,8.0,43.510000000000005,1.5,35.0,3.59,55.08,SCENARIO_ASSUMPTION,Simulated El Nino environmental shock parameters for stress testing
MODERATE_EL_NINO,Andhra Pradesh,Anantapur,15.9579,79.35,Rice / Paddy,25.0,1.8,-30.0,-15.0,12.0,18.0,53.510000000000005,2.3,20.0,3.31,60.18,SCENARIO_ASSUMPTION,Simulated El Nino environmental shock parameters for stress testing
SEVERE_EL_NINO,Andhra Pradesh,Anantapur,15.9579,79.35,Rice / Paddy,40.0,2.8,-50.0,-26.0,25.0,35.0,68.51,3.3,0.0,2.89,68.85,SCENARIO_ASSUMPTION,Simulated El Nino environmental shock parameters for stress testing
NORMAL,Andhra Pradesh,Chittoor,15.5079,79.215,Rice / Paddy,0.0,0.0,0.0,0.0,0.0,0.0,28.48,2.5,50.0,3.9,49.0,SCENARIO_ASSUMPTION,Simulated El Nino environmental shock parameters for stress testing
MILD_EL_NINO,Andhra Pradesh,Chittoor,15.5079,79.215,Rice / Paddy,15.0,1.0,-15.0,-8.0,5.0,8.0,43.480000000000004,3.5,35.0,3.59,52.92,SCENARIO_ASSUMPTION,Simulated El Nino environmental shock parameters for stress testing
MODERATE_EL_NINO,Andhra Pradesh,Chittoor,15.5079,79.215,Rice / Paddy,25.0,1.8,-30.0,-15.0,12.0,18.0,53.480000000000004,4.3,20.0,3.31,57.82,SCENARIO_ASSUMPTION,Simulated El Nino environmental shock parameters for stress testing
SEVERE_EL_NINO,Andhra Pradesh,Chittoor,15.5079,79.215,Rice / Paddy,40.0,2.8,-50.0,-26.0,25.0,35.0,68.48,5.3,0.0,2.89,66.15,SCENARIO_ASSUMPTION,Simulated El Nino environmental shock parameters for stress testing
NORMAL,Andhra Pradesh,East Godavari,16.4379,79.215,Rice / Paddy,0.0,0.0,0.0,0.0,0.0,0.0,28.46,2.5,50.0,3.9,45.0,SCENARIO_ASSUMPTION,Simulated El Nino environmental shock parameters for stress testing
MILD_EL_NINO,Andhra Pradesh,East Godavari,16.4379,79.215,Rice / Paddy,15.0,1.0,-15.0,-8.0,5.0,8.0,43.46,3.5,35.0,3.59,48.6,SCENARIO_ASSUMPTION,Simulated El Nino environmental shock parameters for stress testing
MODERATE_EL_NINO,Andhra Pradesh,East Godavari,16.4379,79.215,Rice / Paddy,25.0,1.8,-30.0,-15.0,12.0,18.0,53.46,4.3,20.0,3.31,53.1,SCENARIO_ASSUMPTION,Simulated El Nino environmental shock parameters for stress testing
SEVERE_EL_NINO,Andhra Pradesh,East Godavari,16.4379,79.215,Rice / Paddy,40.0,2.8,-50.0,-26.0,25.0,35.0,68.46000000000001,5.3,0.0,2.89,60.75,SCENARIO_ASSUMPTION,Simulated El Nino environmental shock parameters for stress testing
NORMAL,Andhra Pradesh,Guntur,15.6429,79.41,Rice / Paddy,0.0,0.0,0.0,0.0,0.0,0.0,28.49,5.5,50.0,3.9,47.0,SCENARIO_ASSUMPTION,Simulated El Nino environmental shock parameters for stress testing
MILD_EL_NINO,Andhra Pradesh,Guntur,15.6429,79.41,Rice / Paddy,15.0,1.0,-15.0,-8.0,5.0,8.0,43.489999999999995,6.5,35.0,3.59,50.76,SCENARIO_ASSUMPTION,Simulated El Nino environmental shock parameters for stress testing
MODERATE_EL_NINO,Andhra Pradesh,Guntur,15.6429,79.41,Rice / Paddy,25.0,1.8,-30.0,-15.0,12.0,18.0,53.489999999999995,7.3,20.0,3.31,55.46,SCENARIO_ASSUMPTION,Simulated El Nino environmental shock parameters for stress testing
SEVERE_EL_NINO,Andhra Pradesh,Guntur,15.6429,79.41,Rice / Paddy,40.0,2.8,-50.0,-26.0,25.0,35.0,68.49,8.3,0.0,2.89,63.45,SCENARIO_ASSUMPTION,Simulated El Nino environmental shock parameters for stress testing
NORMAL,Andhra Pradesh,Krishna,15.1629,80.04,Rice / Paddy,0.0,0.0,0.0,0.0,0.0,0.0,28.5,1.5,50.0,3.9,53.0,SCENARIO_ASSUMPTION,Simulated El Nino environmental shock parameters for stress testing
MILD_EL_NINO,Andhra Pradesh,Krishna,15.1629,80.04,Rice / Paddy,15.0,1.0,-15.0,-8.0,5.0,8.0,43.5,2.5,35.0,3.59,57.24,SCENARIO_ASSUMPTION,Simulated El Nino environmental shock parameters for stress testing
MODERATE_EL_NINO,Andhra Pradesh,Krishna,15.1629,80.04,Rice / Paddy,25.0,1.8,-30.0,-15.0,12.0,18.0,53.5,3.3,20.0,3.31,62.54,SCENARIO_ASSUMPTION,Simulated El Nino environmental shock parameters for stress testing
SEVERE_EL_NINO,Andhra Pradesh,Krishna,15.1629,80.04,Rice / Paddy,40.0,2.8,-50.0,-26.0,25.0,35.0,68.5,4.3,0.0,2.89,71.55,SCENARIO_ASSUMPTION,Simulated El Nino environmental shock parameters for stress testing
NORMAL,Andhra Pradesh,Kurnool,16.6479,80.475,Rice / Paddy,0.0,0.0,0.0,0.0,0.0,0.0,28.48,5.5,50.0,3.9,48.0,SCENARIO_ASSUMPTION,Simulated El Nino environmental shock parameters for stress testing
MILD_EL_NINO,Andhra Pradesh,Kurnool,16.6479,80.475,Rice / Paddy,15.0,1.0,-15.0,-8.0,5.0,8.0,43.480000000000004,6.5,35.0,3.59,51.84,SCENARIO_ASSUMPTION,Simulated El Nino environmental shock parameters for stress testing
MODERATE_EL_NINO,Andhra Pradesh,Kurnool,16.6479,80.475,Rice / Paddy,25.0,1.8,-30.0,-15.0,12.0,18.0,53.480000000000004,7.3,20.0,3.31,56.64,SCENARIO_ASSUMPTION,Simulated El Nino environmental shock parameters for stress testing
SEVERE_EL_NINO,Andhra Pradesh,Kurnool,16.6479,80.475,Rice / Paddy,40.0,2.8,-50.0,-26.0,25.0,35.0,68.48,8.3,0.0,2.89,64.8,SCENARIO_ASSUMPTION,Simulated El Nino environmental shock parameters for stress testing
NORMAL,Andhra Pradesh,Prakasam,15.7329,79.575,Rice / Paddy,0.0,0.0,0.0,0.0,0.0,0.0,28.5,5.5,50.0,3.9,51.0,SCENARIO_ASSUMPTION,Simulated El Nino environmental shock parameters for stress testing
MILD_EL_NINO,Andhra Pradesh,Prakasam,15.7329,79.575,Rice / Paddy,15.0,1.0,-15.0,-8.0,5.0,8.0,43.5,6.5,35.0,3.59,55.08,SCENARIO_ASSUMPTION,Simulated El Nino environmental shock parameters for stress testing
MODERATE_EL_NINO,Andhra Pradesh,Prakasam,15.7329,79.575,Rice / Paddy,25.0,1.8,-30.0,-15.0,12.0,18.0,53.5,7.3,20.0,3.31,60.18,SCENARIO_ASSUMPTION,Simulated El Nino environmental shock parameters for stress testing
SEVERE_EL_NINO,Andhra Pradesh,Prakasam,15.7329,79.575,Rice / Paddy,40.0,2.8,-50.0,-26.0,25.0,35.0,68.5,8.3,0.0,2.89,68.85,SCENARIO_ASSUMPTION,Simulated El Nino environmental shock parameters for stress testing
NORMAL,Andhra Pradesh,Srikakulam,15.1779,79.62,Rice / Paddy,0.0,0.0,0.0,0.0,0.0,0.0,28.51,2.5,50.0,3.9,53.0,SCENARIO_ASSUMPTION,Simulated El Nino environmental shock parameters for stress testing
MILD_EL_NINO,Andhra Pradesh,Srikakulam,15.1779,79.62,Rice / Paddy,15.0,1.0,-15.0,-8.0,5.0,8.0,43.510000000000005,3.5,35.0,3.59,57.24,SCENARIO_ASSUMPTION,Simulated El Nino environmental shock parameters for stress testing
MODERATE_EL_NINO,Andhra Pradesh,Srikakulam,15.1779,79.62,Rice / Paddy,25.0,1.8,-30.0,-15.0,12.0,18.0,53.510000000000005,4.3,20.0,3.31,62.54,SCENARIO_ASSUMPTION,Simulated El Nino environmental shock parameters for stress testing
SEVERE_EL_NINO,Andhra Pradesh,Srikakulam,15.1779,79.62,Rice / Paddy,40.0,2.8,-50.0,-26.0,25.0,35.0,68.51,5.3,0.0,2.89,71.55,SCENARIO_ASSUMPTION,Simulated El Nino environmental shock parameters for stress testing
NORMAL,Andhra Pradesh,Visakhapatnam,16.4829,79.095,Rice / Paddy,0.0,0.0,0.0,0.0,0.0,0.0,28.49,0.5,50.0,3.9,52.0,SCENARIO_ASSUMPTION,Simulated El Nino environmental shock parameters for stress testing
MILD_EL_NINO,Andhra Pradesh,Visakhapatnam,16.4829,79.095,Rice / Paddy,15.0,1.0,-15.0,-8.0,5.0,8.0,43.489999999999995,1.5,35.0,3.59,56.16,SCENARIO_ASSUMPTION,Simulated El Nino environmental shock parameters for stress testing
MODERATE_EL_NINO,Andhra Pradesh,Visakhapatnam,16.4829,79.095,Rice / Paddy,25.0,1.8,-30.0,-15.0,12.0,18.0,53.489999999999995,2.3,20.0,3.31,61.36,SCENARIO_ASSUMPTION,Simulated El Nino environmental shock parameters for stress testing
SEVERE_EL_NINO,Andhra Pradesh,Visakhapatnam,16.4829,79.095,Rice / Paddy,40.0,2.8,-50.0,-26.0,25.0,35.0,68.49,3.3,0.0,2.89,70.2,SCENARIO_ASSUMPTION,Simulated El Nino environmental shock parameters for stress testing
NORMAL,Andhra Pradesh,Vizianagaram,16.3929,80.19,Rice / Paddy,0.0,0.0,0.0,0.0,0.0,0.0,28.47,4.5,50.0,3.9,51.0,SCENARIO_ASSUMPTION,Simulated El Nino environmental shock parameters for stress testing
MILD_EL_NINO,Andhra Pradesh,Vizianagaram,16.3929,80.19,Rice / Paddy,15.0,1.0,-15.0,-8.0,5.0,8.0,43.47,5.5,35.0,3.59,55.08,SCENARIO_ASSUMPTION,Simulated El Nino environmental shock parameters for stress testing
MODERATE_EL_NINO,Andhra Pradesh,Vizianagaram,16.3929,80.19,Rice / Paddy,25.0,1.8,-30.0,-15.0,12.0,18.0,53.47,6.3,20.0,3.31,60.18,SCENARIO_ASSUMPTION,Simulated El Nino environmental shock parameters for stress testing
SEVERE_EL_NINO,Andhra Pradesh,Vizianagaram,16.3929,80.19,Rice / Paddy,40.0,2.8,-50.0,-26.0,25.0,35.0,68.47,7.3,0.0,2.89,68.85,SCENARIO_ASSUMPTION,Simulated El Nino environmental shock parameters for stress testing
NORMAL,Andhra Pradesh,West Godavari,16.5429,80.1,Rice / Paddy,0.0,0.0,0.0,0.0,0.0,0.0,28.48,6.5,50.0,3.9,45.0,SCENARIO_ASSUMPTION,Simulated El Nino environmental shock parameters for stress testing
MILD_EL_NINO,Andhra Pradesh,West Godavari,16.5429,80.1,Rice / Paddy,15.0,1.0,-15.0,-8.0,5.0,8.0,43.480000000000004,7.5,35.0,3.59,48.6,SCENARIO_ASSUMPTION,Simulated El Nino environmental shock parameters for stress testing
MODERATE_EL_NINO,Andhra Pradesh,West Godavari,16.5429,80.1,Rice / Paddy,25.0,1.8,-30.0,-15.0,12.0,18.0,53.480000000000004,8.3,20.0,3.31,53.1,SCENARIO_ASSUMPTION,Simulated El Nino environmental shock parameters for stress testing
SEVERE_EL_NINO,Andhra Pradesh,West Godavari,16.5429,80.1,Rice / Paddy,40.0,2.8,-50.0,-26.0,25.0,35.0,68.48,9.3,0.0,2.89,60.75,SCENARIO_ASSUMPTION,Simulated El Nino environmental shock parameters for stress testing
NORMAL,Andhra Pradesh,YSR Kadapa,15.4179,80.16,Rice / Paddy,0.0,0.0,0.0,0.0,0.0,0.0,28.49,6.5,50.0,3.9,51.0,SCENARIO_ASSUMPTION,Simulated El Nino environmental shock parameters for stress testing
MILD_EL_NINO,Andhra Pradesh,YSR Kadapa,15.4179,80.16,Rice / Paddy,15.0,1.0,-15.0,-8.0,5.0,8.0,43.489999999999995,7.5,35.0,3.59,55.08,SCENARIO_ASSUMPTION,Simulated El Nino environmental shock parameters for stress testing
MODERATE_EL_NINO,Andhra Pradesh,YSR Kadapa,15.4179,80.16,Rice / Paddy,25.0,1.8,-30.0,-15.0,12.0,18.0,53.489999999999995,8.3,20.0,3.31,60.18,SCENARIO_ASSUMPTION,Simulated El Nino environmental shock parameters for stress testing
SEVERE_EL_NINO,Andhra Pradesh,YSR Kadapa,15.4179,80.16,Rice / Paddy,40.0,2.8,-50.0,-26.0,25.0,35.0,68.49,9.3,0.0,2.89,68.85,SCENARIO_ASSUMPTION,Simulated El Nino environmental shock parameters for stress testing
NORMAL,Andhra Pradesh,Nellore,16.2129,80.355,Rice / Paddy,0.0,0.0,0.0,0.0,0.0,0.0,28.51,0.5,50.0,3.9,49.0,SCENARIO_ASSUMPTION,Simulated El Nino environmental shock parameters for stress testing
MILD_EL_NINO,Andhra Pradesh,Nellore,16.2129,80.355,Rice / Paddy,15.0,1.0,-15.0,-8.0,5.0,8.0,43.510000000000005,1.5,35.0,3.59,52.92,SCENARIO_ASSUMPTION,Simulated El Nino environmental shock parameters for stress testing
MODERATE_EL_NINO,Andhra Pradesh,Nellore,16.2129,80.355,Rice / Paddy,25.0,1.8,-30.0,-15.0,12.0,18.0,53.510000000000005,2.3,20.0,3.31,57.82,SCENARIO_ASSUMPTION,Simulated El Nino environmental shock parameters for stress testing
SEVERE_EL_NINO,Andhra Pradesh,Nellore,16.2129,80.355,Rice / Paddy,40.0,2.8,-50.0,-26.0,25.0,35.0,68.51,3.3,0.0,2.89,66.15,SCENARIO_ASSUMPTION,Simulated El Nino environmental shock parameters for stress testing
NORMAL,Arunachal Pradesh,Changlang,27.783,94.0228,Rice / Paddy,0.0,0.0,0.0,0.0,0.0,0.0,28.52,7.5,50.0,2.5,52.0,SCENARIO_ASSUMPTION,Simulated El Nino environmental shock parameters for stress testing
MILD_EL_NINO,Arunachal Pradesh,Changlang,27.783,94.0228,Rice / Paddy,15.0,1.0,-15.0,-8.0,5.0,8.0,43.519999999999996,8.5,35.0,2.3,56.16,SCENARIO_ASSUMPTION,Simulated El Nino environmental shock parameters for stress testing
MODERATE_EL_NINO,Arunachal Pradesh,Changlang,27.783,94.0228,Rice / Paddy,25.0,1.8,-30.0,-15.0,12.0,18.0,53.519999999999996,9.3,20.0,2.12,61.36,SCENARIO_ASSUMPTION,Simulated El Nino environmental shock parameters for stress testing
SEVERE_EL_NINO,Arunachal Pradesh,Changlang,27.783,94.0228,Rice / Paddy,40.0,2.8,-50.0,-26.0,25.0,35.0,68.52,10.3,0.0,1.85,70.2,SCENARIO_ASSUMPTION,Simulated El Nino environmental shock parameters for stress testing
NORMAL,Arunachal Pradesh,East Kameng,27.603,94.5028,Rice / Paddy,0.0,0.0,0.0,0.0,0.0,0.0,28.49,6.5,50.0,2.5,48.0,SCENARIO_ASSUMPTION,Simulated El Nino environmental shock parameters for stress testing
MILD_EL_NINO,Arunachal Pradesh,East Kameng,27.603,94.5028,Rice / Paddy,15.0,1.0,-15.0,-8.0,5.0,8.0,43.489999999999995,7.5,35.0,2.3,51.84,SCENARIO_ASSUMPTION,Simulated El Nino environmental shock parameters for stress testing
MODERATE_EL_NINO,Arunachal Pradesh,East Kameng,27.603,94.5028,Rice / Paddy,25.0,1.8,-30.0,-15.0,12.0,18.0,53.489999999999995,8.3,20.0,2.12,56.64,SCENARIO_ASSUMPTION,Simulated El Nino environmental shock parameters for stress testing
SEVERE_EL_NINO,Arunachal Pradesh,East Kameng,27.603,94.5028,Rice / Paddy,40.0,2.8,-50.0,-26.0,25.0,35.0,68.49,9.3,0.0,1.85,64.8,SCENARIO_ASSUMPTION,Simulated El Nino environmental shock parameters for stress testing
NORMAL,Arunachal Pradesh,East Siang,28.788,94.8778,Rice / Paddy,0.0,0.0,0.0,0.0,0.0,0.0,28.51,3.5,50.0,2.5,49.0,SCENARIO_ASSUMPTION,Simulated El Nino environmental shock parameters for stress testing
MILD_EL_NINO,Arunachal Pradesh,East Siang,28.788,94.8778,Rice / Paddy,15.0,1.0,-15.0,-8.0,5.0,8.0,43.510000000000005,4.5,35.0,2.3,52.92,SCENARIO_ASSUMPTION,Simulated El Nino environmental shock parameters for stress testing
MODERATE_EL_NINO,Arunachal Pradesh,East Siang,28.788,94.8778,Rice / Paddy,25.0,1.8,-30.0,-15.0,12.0,18.0,53.510000000000005,5.3,20.0,2.12,57.82,SCENARIO_ASSUMPTION,Simulated El Nino environmental shock parameters for stress testing
SEVERE_EL_NINO,Arunachal Pradesh,East Siang,28.788,94.8778,Rice / Paddy,40.0,2.8,-50.0,-26.0,25.0,35.0,68.51,6.3,0.0,1.85,66.15,SCENARIO_ASSUMPTION,Simulated El Nino environmental shock parameters for stress testing
NORMAL,Arunachal Pradesh,Lohit,27.753,95.3878,Rice / Paddy,0.0,0.0,0.0,0.0,0.0,0.0,28.51,0.5,50.0,2.5,48.0,SCENARIO_ASSUMPTION,Simulated El Nino environmental shock parameters for stress testing
MILD_EL_NINO,Arunachal Pradesh,Lohit,27.753,95.3878,Rice / Paddy,15.0,1.0,-15.0,-8.0,5.0,8.0,43.510000000000005,1.5,35.0,2.3,51.84,SCENARIO_ASSUMPTION,Simulated El Nino environmental shock parameters for stress testing
MODERATE_EL_NINO,Arunachal Pradesh,Lohit,27.753,95.3878,Rice / Paddy,25.0,1.8,-30.0,-15.0,12.0,18.0,53.510000000000005,2.3,20.0,2.12,56.64,SCENARIO_ASSUMPTION,Simulated El Nino environmental shock parameters for stress testing
SEVERE_EL_NINO,Arunachal Pradesh,Lohit,27.753,95.3878,Rice / Paddy,40.0,2.8,-50.0,-26.0,25.0,35.0,68.51,3.3,0.0,1.85,64.8,SCENARIO_ASSUMPTION,Simulated El Nino environmental shock parameters for stress testing
NORMAL,Arunachal Pradesh,Papum Pare,27.588,95.3428,Rice / Paddy,0.0,0.0,0.0,0.0,0.0,0.0,28.5,1.5,50.0,2.5,43.0,SCENARIO_ASSUMPTION,Simulated El Nino environmental shock parameters for stress testing
MILD_EL_NINO,Arunachal Pradesh,Papum Pare,27.588,95.3428,Rice / Paddy,15.0,1.0,-15.0,-8.0,5.0,8.0,43.5,2.5,35.0,2.3,46.44,SCENARIO_ASSUMPTION,Simulated El Nino environmental shock parameters for stress testing
MODERATE_EL_NINO,Arunachal Pradesh,Papum Pare,27.588,95.3428,Rice / Paddy,25.0,1.8,-30.0,-15.0,12.0,18.0,53.5,3.3,20.0,2.12,50.74,SCENARIO_ASSUMPTION,Simulated El Nino environmental shock parameters for stress testing
SEVERE_EL_NINO,Arunachal Pradesh,Papum Pare,27.588,95.3428,Rice / Paddy,40.0,2.8,-50.0,-26.0,25.0,35.0,68.5,4.3,0.0,1.85,58.05,SCENARIO_ASSUMPTION,Simulated El Nino environmental shock parameters for stress testing
NORMAL,Arunachal Pradesh,Tawang,27.978,94.9078,Rice / Paddy,0.0,0.0,0.0,0.0,0.0,0.0,28.5,6.5,50.0,2.5,43.0,SCENARIO_ASSUMPTION,Simulated El Nino environmental shock parameters for stress testing
MILD_EL_NINO,Arunachal Pradesh,Tawang,27.978,94.9078,Rice / Paddy,15.0,1.0,-15.0,-8.0,5.0,8.0,43.5,7.5,35.0,2.3,46.44,SCENARIO_ASSUMPTION,Simulated El Nino environmental shock parameters for stress testing
MODERATE_EL_NINO,Arunachal Pradesh,Tawang,27.978,94.9078,Rice / Paddy,25.0,1.8,-30.0,-15.0,12.0,18.0,53.5,8.3,20.0,2.12,50.74,SCENARIO_ASSUMPTION,Simulated El Nino environmental shock parameters for stress testing
SEVERE_EL_NINO,Arunachal Pradesh,Tawang,27.978,94.9078,Rice / Paddy,40.0,2.8,-50.0,-26.0,25.0,35.0,68.5,9.3,0.0,1.85,58.05,SCENARIO_ASSUMPTION,Simulated El Nino environmental shock parameters for stress testing
NORMAL,Arunachal Pradesh,Tirap,28.608,95.1328,Rice / Paddy,0.0,0.0,0.0,0.0,0.0,0.0,28.5,4.5,50.0,2.5,47.0,SCENARIO_ASSUMPTION,Simulated El Nino environmental shock parameters for stress testing
MILD_EL_NINO,Arunachal Pradesh,Tirap,28.608,95.1328,Rice / Paddy,15.0,1.0,-15.0,-8.0,5.0,8.0,43.5,5.5,35.0,2.3,50.76,SCENARIO_ASSUMPTION,Simulated El Nino environmental shock parameters for stress testing
MODERATE_EL_NINO,Arunachal Pradesh,Tirap,28.608,95.1328,Rice / Paddy,25.0,1.8,-30.0,-15.0,12.0,18.0,53.5,6.3,20.0,2.12,55.46,SCENARIO_ASSUMPTION,Simulated El Nino environmental shock parameters for stress testing
SEVERE_EL_NINO,Arunachal Pradesh,Tirap,28.608,95.1328,Rice / Paddy,40.0,2.8,-50.0,-26.0,25.0,35.0,68.5,7.3,0.0,1.85,63.45,SCENARIO_ASSUMPTION,Simulated El Nino environmental shock parameters for stress testing
NORMAL,Arunachal Pradesh,West Kameng,28.218,94.7878,Rice / Paddy,0.0,0.0,0.0,0.0,0.0,0.0,28.48,1.5,50.0,2.5,50.0,SCENARIO_ASSUMPTION,Simulated El Nino environmental shock parameters for stress testing
MILD_EL_NINO,Arunachal Pradesh,West Kameng,28.218,94.7878,Rice / Paddy,15.0,1.0,-15.0,-8.0,5.0,8.0,43.480000000000004,2.5,35.0,2.3,54.0,SCENARIO_ASSUMPTION,Simulated El Nino environmental shock parameters for stress testing
MODERATE_EL_NINO,Arunachal Pradesh,West Kameng,28.218,94.7878,Rice / Paddy,25.0,1.8,-30.0,-15.0,12.0,18.0,53.480000000000004,3.3,20.0,2.12,59.0,SCENARIO_ASSUMPTION,Simulated El Nino environmental shock parameters for stress testing
SEVERE_EL_NINO,Arunachal Pradesh,West Kameng,28.218,94.7878,Rice / Paddy,40.0,2.8,-50.0,-26.0,25.0,35.0,68.48,4.3,0.0,1.85,67.5,SCENARIO_ASSUMPTION,Simulated El Nino environmental shock parameters for stress testing
NORMAL,Assam,Baksa,26.7706,93.5976,Rice / Paddy,0.0,0.0,0.0,0.0,0.0,0.0,28.5,6.5,50.0,2.2,45.0,SCENARIO_ASSUMPTION,Simulated El Nino environmental shock parameters for stress testing
MILD_EL_NINO,Assam,Baksa,26.7706,93.5976,Rice / Paddy,15.0,1.0,-15.0,-8.0,5.0,8.0,43.5,7.5,35.0,2.02,48.6,SCENARIO_ASSUMPTION,Simulated El Nino environmental shock parameters for stress testing
MODERATE_EL_NINO,Assam,Baksa,26.7706,93.5976,Rice / Paddy,25.0,1.8,-30.0,-15.0,12.0,18.0,53.5,8.3,20.0,1.87,53.1,SCENARIO_ASSUMPTION,Simulated El Nino environmental shock parameters for stress testing
SEVERE_EL_NINO,Assam,Baksa,26.7706,93.5976,Rice / Paddy,40.0,2.8,-50.0,-26.0,25.0,35.0,68.5,9.3,0.0,1.63,60.75,SCENARIO_ASSUMPTION,Simulated El Nino environmental shock parameters for stress testing
NORMAL,Assam,Barpeta,26.9056,93.0126,Rice / Paddy,0.0,0.0,0.0,0.0,0.0,0.0,28.51,0.5,50.0,2.2,43.0,SCENARIO_ASSUMPTION,Simulated El Nino environmental shock parameters for stress testing
MILD_EL_NINO,Assam,Barpeta,26.9056,93.0126,Rice / Paddy,15.0,1.0,-15.0,-8.0,5.0,8.0,43.510000000000005,1.5,35.0,2.02,46.44,SCENARIO_ASSUMPTION,Simulated El Nino environmental shock parameters for stress testing
MODERATE_EL_NINO,Assam,Barpeta,26.9056,93.0126,Rice / Paddy,25.0,1.8,-30.0,-15.0,12.0,18.0,53.510000000000005,2.3,20.0,1.87,50.74,SCENARIO_ASSUMPTION,Simulated El Nino environmental shock parameters for stress testing
SEVERE_EL_NINO,Assam,Barpeta,26.9056,93.0126,Rice / Paddy,40.0,2.8,-50.0,-26.0,25.0,35.0,68.51,3.3,0.0,1.63,58.05,SCENARIO_ASSUMPTION,Simulated El Nino environmental shock parameters for stress testing
NORMAL,Assam,Cachar,26.8156,92.2476,Rice / Paddy,0.0,0.0,0.0,0.0,0.0,0.0,28.48,2.5,50.0,2.2,48.0,SCENARIO_ASSUMPTION,Simulated El Nino environmental shock parameters for stress testing
MILD_EL_NINO,Assam,Cachar,26.8156,92.2476,Rice / Paddy,15.0,1.0,-15.0,-8.0,5.0,8.0,43.480000000000004,3.5,35.0,2.02,51.84,SCENARIO_ASSUMPTION,Simulated El Nino environmental shock parameters for stress testing
MODERATE_EL_NINO,Assam,Cachar,26.8156,92.2476,Rice / Paddy,25.0,1.8,-30.0,-15.0,12.0,18.0,53.480000000000004,4.3,20.0,1.87,56.64,SCENARIO_ASSUMPTION,Simulated El Nino environmental shock parameters for stress testing
SEVERE_EL_NINO,Assam,Cachar,26.8156,92.2476,Rice / Paddy,40.0,2.8,-50.0,-26.0,25.0,35.0,68.48,5.3,0.0,1.63,64.8,SCENARIO_ASSUMPTION,Simulated El Nino environmental shock parameters for stress testing
NORMAL,Assam,Darrang,26.1106,92.6826,Rice / Paddy,0.0,0.0,0.0,0.0,0.0,0.0,28.48,4.5,50.0,2.2,42.0,SCENARIO_ASSUMPTION,Simulated El Nino environmental shock parameters for stress testing
MILD_EL_NINO,Assam,Darrang,26.1106,92.6826,Rice / Paddy,15.0,1.0,-15.0,-8.0,5.0,8.0,43.480000000000004,5.5,35.0,2.02,45.36,SCENARIO_ASSUMPTION,Simulated El Nino environmental shock parameters for stress testing
MODERATE_EL_NINO,Assam,Darrang,26.1106,92.6826,Rice / Paddy,25.0,1.8,-30.0,-15.0,12.0,18.0,53.480000000000004,6.3,20.0,1.87,49.56,SCENARIO_ASSUMPTION,Simulated El Nino environmental shock parameters for stress testing
SEVERE_EL_NINO,Assam,Darrang,26.1106,92.6826,Rice / Paddy,40.0,2.8,-50.0,-26.0,25.0,35.0,68.48,7.3,0.0,1.63,56.7,SCENARIO_ASSUMPTION,Simulated El Nino environmental shock parameters for stress testing
NORMAL,Assam,Dhubri,25.6306,92.6826,Rice / Paddy,0.0,0.0,0.0,0.0,0.0,0.0,28.52,6.5,50.0,2.2,42.0,SCENARIO_ASSUMPTION,Simulated El Nino environmental shock parameters for stress testing
MILD_EL_NINO,Assam,Dhubri,25.6306,92.6826,Rice / Paddy,15.0,1.0,-15.0,-8.0,5.0,8.0,43.519999999999996,7.5,35.0,2.02,45.36,SCENARIO_ASSUMPTION,Simulated El Nino environmental shock parameters for stress testing
MODERATE_EL_NINO,Assam,Dhubri,25.6306,92.6826,Rice / Paddy,25.0,1.8,-30.0,-15.0,12.0,18.0,53.519999999999996,8.3,20.0,1.87,49.56,SCENARIO_ASSUMPTION,Simulated El Nino environmental shock parameters for stress testing
SEVERE_EL_NINO,Assam,Dhubri,25.6306,92.6826,Rice / Paddy,40.0,2.8,-50.0,-26.0,25.0,35.0,68.52,9.3,0.0,1.63,56.7,SCENARIO_ASSUMPTION,Simulated El Nino environmental shock parameters for stress testing
NORMAL,Assam,Dibrugarh,26.0806,93.5076,Rice / Paddy,0.0,0.0,0.0,0.0,0.0,0.0,28.5,7.5,50.0,2.2,46.0,SCENARIO_ASSUMPTION,Simulated El Nino environmental shock parameters for stress testing
MILD_EL_NINO,Assam,Dibrugarh,26.0806,93.5076,Rice / Paddy,15.0,1.0,-15.0,-8.0,5.0,8.0,43.5,8.5,35.0,2.02,49.68,SCENARIO_ASSUMPTION,Simulated El Nino environmental shock parameters for stress testing
MODERATE_EL_NINO,Assam,Dibrugarh,26.0806,93.5076,Rice / Paddy,25.0,1.8,-30.0,-15.0,12.0,18.0,53.5,9.3,20.0,1.87,54.28,SCENARIO_ASSUMPTION,Simulated El Nino environmental shock parameters for stress testing
SEVERE_EL_NINO,Assam,Dibrugarh,26.0806,93.5076,Rice / Paddy,40.0,2.8,-50.0,-26.0,25.0,35.0,68.5,10.3,0.0,1.63,62.1,SCENARIO_ASSUMPTION,Simulated El Nino environmental shock parameters for stress testing
NORMAL,Assam,Goalpara,26.7106,92.8176,Rice / Paddy,0.0,0.0,0.0,0.0,0.0,0.0,28.5,5.5,50.0,2.2,50.0,SCENARIO_ASSUMPTION,Simulated El Nino environmental shock parameters for stress testing
MILD_EL_NINO,Assam,Goalpara,26.7106,92.8176,Rice / Paddy,15.0,1.0,-15.0,-8.0,5.0,8.0,43.5,6.5,35.0,2.02,54.0,SCENARIO_ASSUMPTION,Simulated El Nino environmental shock parameters for stress testing
MODERATE_EL_NINO,Assam,Goalpara,26.7106,92.8176,Rice / Paddy,25.0,1.8,-30.0,-15.0,12.0,18.0,53.5,7.3,20.0,1.87,59.0,SCENARIO_ASSUMPTION,Simulated El Nino environmental shock parameters for stress testing
SEVERE_EL_NINO,Assam,Goalpara,26.7106,92.8176,Rice / Paddy,40.0,2.8,-50.0,-26.0,25.0,35.0,68.5,8.3,0.0,1.63,67.5,SCENARIO_ASSUMPTION,Simulated El Nino environmental shock parameters for stress testing
NORMAL,Assam,Golaghat,25.7506,92.2926,Rice / Paddy,0.0,0.0,0.0,0.0,0.0,0.0,28.52,4.5,50.0,2.2,53.0,SCENARIO_ASSUMPTION,Simulated El Nino environmental shock parameters for stress testing
MILD_EL_NINO,Assam,Golaghat,25.7506,92.2926,Rice / Paddy,15.0,1.0,-15.0,-8.0,5.0,8.0,43.519999999999996,5.5,35.0,2.02,57.24,SCENARIO_ASSUMPTION,Simulated El Nino environmental shock parameters for stress testing
MODERATE_EL_NINO,Assam,Golaghat,25.7506,92.2926,Rice / Paddy,25.0,1.8,-30.0,-15.0,12.0,18.0,53.519999999999996,6.3,20.0,1.87,62.54,SCENARIO_ASSUMPTION,Simulated El Nino environmental shock parameters for stress testing
SEVERE_EL_NINO,Assam,Golaghat,25.7506,92.2926,Rice / Paddy,40.0,2.8,-50.0,-26.0,25.0,35.0,68.52,7.3,0.0,1.63,71.55,SCENARIO_ASSUMPTION,Simulated El Nino environmental shock parameters for stress testing
NORMAL,Assam,Jorhat,26.3056,92.3226,Rice / Paddy,0.0,0.0,0.0,0.0,0.0,0.0,28.48,5.5,50.0,2.2,46.0,SCENARIO_ASSUMPTION,Simulated El Nino environmental shock parameters for stress testing
MILD_EL_NINO,Assam,Jorhat,26.3056,92.3226,Rice / Paddy,15.0,1.0,-15.0,-8.0,5.0,8.0,43.480000000000004,6.5,35.0,2.02,49.68,SCENARIO_ASSUMPTION,Simulated El Nino environmental shock parameters for stress testing
MODERATE_EL_NINO,Assam,Jorhat,26.3056,92.3226,Rice / Paddy,25.0,1.8,-30.0,-15.0,12.0,18.0,53.480000000000004,7.3,20.0,1.87,54.28,SCENARIO_ASSUMPTION,Simulated El Nino environmental shock parameters for stress testing
SEVERE_EL_NINO,Assam,Jorhat,26.3056,92.3226,Rice / Paddy,40.0,2.8,-50.0,-26.0,25.0,35.0,68.48,8.3,0.0,1.63,62.1,SCENARIO_ASSUMPTION,Simulated El Nino environmental shock parameters for stress testing
NORMAL,Assam,Kamrup,26.6956,93.1026,Rice / Paddy,0.0,0.0,0.0,0.0,0.0,0.0,28.51,6.5,50.0,2.2,48.0,SCENARIO_ASSUMPTION,Simulated El Nino environmental shock parameters for stress testing
MILD_EL_NINO,Assam,Kamrup,26.6956,93.1026,Rice / Paddy,15.0,1.0,-15.0,-8.0,5.0,8.0,43.510000000000005,7.5,35.0,2.02,51.84,SCENARIO_ASSUMPTION,Simulated El Nino environmental shock parameters for stress testing
MODERATE_EL_NINO,Assam,Kamrup,26.6956,93.1026,Rice / Paddy,25.0,1.8,-30.0,-15.0,12.0,18.0,53.510000000000005,8.3,20.0,1.87,56.64,SCENARIO_ASSUMPTION,Simulated El Nino environmental shock parameters for stress testing
SEVERE_EL_NINO,Assam,Kamrup,26.6956,93.1026,Rice / Paddy,40.0,2.8,-50.0,-26.0,25.0,35.0,68.51,9.3,0.0,1.63,64.8,SCENARIO_ASSUMPTION,Simulated El Nino environmental shock parameters for stress testing
NORMAL,Assam,Kamrup Metropolitan,25.9306,93.6126,Rice / Paddy,0.0,0.0,0.0,0.0,0.0,0.0,28.48,3.5,50.0,2.2,52.0,SCENARIO_ASSUMPTION,Simulated El Nino environmental shock parameters for stress testing
MILD_EL_NINO,Assam,Kamrup Metropolitan,25.9306,93.6126,Rice / Paddy,15.0,1.0,-15.0,-8.0,5.0,8.0,43.480000000000004,4.5,35.0,2.02,56.16,SCENARIO_ASSUMPTION,Simulated El Nino environmental shock parameters for stress testing
MODERATE_EL_NINO,Assam,Kamrup Metropolitan,25.9306,93.6126,Rice / Paddy,25.0,1.8,-30.0,-15.0,12.0,18.0,53.480000000000004,5.3,20.0,1.87,61.36,SCENARIO_ASSUMPTION,Simulated El Nino environmental shock parameters for stress testing
SEVERE_EL_NINO,Assam,Kamrup Metropolitan,25.9306,93.6126,Rice / Paddy,40.0,2.8,-50.0,-26.0,25.0,35.0,68.48,6.3,0.0,1.63,70.2,SCENARIO_ASSUMPTION,Simulated El Nino environmental shock parameters for stress testing
NORMAL,Assam,Karbi Anglong,26.4706,93.1776,Rice / Paddy,0.0,0.0,0.0,0.0,0.0,0.0,28.52,7.5,50.0,2.2,53.0,SCENARIO_ASSUMPTION,Simulated El Nino environmental shock parameters for stress testing
MILD_EL_NINO,Assam,Karbi Anglong,26.4706,93.1776,Rice / Paddy,15.0,1.0,-15.0,-8.0,5.0,8.0,43.519999999999996,8.5,35.0,2.02,57.24,SCENARIO_ASSUMPTION,Simulated El Nino environmental shock parameters for stress testing
MODERATE_EL_NINO,Assam,Karbi Anglong,26.4706,93.1776,Rice / Paddy,25.0,1.8,-30.0,-15.0,12.0,18.0,53.519999999999996,9.3,20.0,1.87,62.54,SCENARIO_ASSUMPTION,Simulated El Nino environmental shock parameters for stress testing
SEVERE_EL_NINO,Assam,Karbi Anglong,26.4706,93.1776,Rice / Paddy,40.0,2.8,-50.0,-26.0,25.0,35.0,68.52,10.3,0.0,1.63,71.55,SCENARIO_ASSUMPTION,Simulated El Nino environmental shock parameters for stress testing
NORMAL,Assam,Karimganj,25.8406,92.8626,Rice / Paddy,0.0,0.0,0.0,0.0,0.0,0.0,28.49,5.5,50.0,2.2,50.0,SCENARIO_ASSUMPTION,Simulated El Nino environmental shock parameters for stress testing
MILD_EL_NINO,Assam,Karimganj,25.8406,92.8626,Rice / Paddy,15.0,1.0,-15.0,-8.0,5.0,8.0,43.489999999999995,6.5,35.0,2.02,54.0,SCENARIO_ASSUMPTION,Simulated El Nino environmental shock parameters for stress testing
MODERATE_EL_NINO,Assam,Karimganj,25.8406,92.8626,Rice / Paddy,25.0,1.8,-30.0,-15.0,12.0,18.0,53.489999999999995,7.3,20.0,1.87,59.0,SCENARIO_ASSUMPTION,Simulated El Nino environmental shock parameters for stress testing
SEVERE_EL_NINO,Assam,Karimganj,25.8406,92.8626,Rice / Paddy,40.0,2.8,-50.0,-26.0,25.0,35.0,68.49,8.3,0.0,1.63,67.5,SCENARIO_ASSUMPTION,Simulated El Nino environmental shock parameters for stress testing
NORMAL,Assam,Kokrajhar,25.4806,92.7126,Rice / Paddy,0.0,0.0,0.0,0.0,0.0,0.0,28.49,6.5,50.0,2.2,48.0,SCENARIO_ASSUMPTION,Simulated El Nino environmental shock parameters for stress testing
MILD_EL_NINO,Assam,Kokrajhar,25.4806,92.7126,Rice / Paddy,15.0,1.0,-15.0,-8.0,5.0,8.0,43.489999999999995,7.5,35.0,2.02,51.84,SCENARIO_ASSUMPTION,Simulated El Nino environmental shock parameters for stress testing
MODERATE_EL_NINO,Assam,Kokrajhar,25.4806,92.7126,Rice / Paddy,25.0,1.8,-30.0,-15.0,12.0,18.0,53.489999999999995,8.3,20.0,1.87,56.64,SCENARIO_ASSUMPTION,Simulated El Nino environmental shock parameters for stress testing
SEVERE_EL_NINO,Assam,Kokrajhar,25.4806,92.7126,Rice / Paddy,40.0,2.8,-50.0,-26.0,25.0,35.0,68.49,9.3,0.0,1.63,64.8,SCENARIO_ASSUMPTION,Simulated El Nino environmental shock parameters for stress testing
NORMAL,Assam,Nagaon,25.5256,93.5976,Rice / Paddy,0.0,0.0,0.0,0.0,0.0,0.0,28.5,1.5,50.0,2.2,50.0,SCENARIO_ASSUMPTION,Simulated El Nino environmental shock parameters for stress testing
MILD_EL_NINO,Assam,Nagaon,25.5256,93.5976,Rice / Paddy,15.0,1.0,-15.0,-8.0,5.0,8.0,43.5,2.5,35.0,2.02,54.0,SCENARIO_ASSUMPTION,Simulated El Nino environmental shock parameters for stress testing
MODERATE_EL_NINO,Assam,Nagaon,25.5256,93.5976,Rice / Paddy,25.0,1.8,-30.0,-15.0,12.0,18.0,53.5,3.3,20.0,1.87,59.0,SCENARIO_ASSUMPTION,Simulated El Nino environmental shock parameters for stress testing
SEVERE_EL_NINO,Assam,Nagaon,25.5256,93.5976,Rice / Paddy,40.0,2.8,-50.0,-26.0,25.0,35.0,68.5,4.3,0.0,1.63,67.5,SCENARIO_ASSUMPTION,Simulated El Nino environmental shock parameters for stress testing
NORMAL,Assam,Sivasagar,26.7556,93.3426,Rice / Paddy,0.0,0.0,0.0,0.0,0.0,0.0,28.49,3.5,50.0,2.2,43.0,SCENARIO_ASSUMPTION,Simulated El Nino environmental shock parameters for stress testing
MILD_EL_NINO,Assam,Sivasagar,26.7556,93.3426,Rice / Paddy,15.0,1.0,-15.0,-8.0,5.0,8.0,43.489999999999995,4.5,35.0,2.02,46.44,SCENARIO_ASSUMPTION,Simulated El Nino environmental shock parameters for stress testing
MODERATE_EL_NINO,Assam,Sivasagar,26.7556,93.3426,Rice / Paddy,25.0,1.8,-30.0,-15.0,12.0,18.0,53.489999999999995,5.3,20.0,1.87,50.74,SCENARIO_ASSUMPTION,Simulated El Nino environmental shock parameters for stress testing
SEVERE_EL_NINO,Assam,Sivasagar,26.7556,93.3426,Rice / Paddy,40.0,2.8,-50.0,-26.0,25.0,35.0,68.49,6.3,0.0,1.63,58.05,SCENARIO_ASSUMPTION,Simulated El Nino environmental shock parameters for stress testing
NORMAL,Assam,Sonitpur,26.8306,92.3826,Rice / Paddy,0.0,0.0,0.0,0.0,0.0,0.0,28.5,1.5,50.0,2.2,50.0,SCENARIO_ASSUMPTION,Simulated El Nino environmental shock parameters for stress testing
MILD_EL_NINO,Assam,Sonitpur,26.8306,92.3826,Rice / Paddy,15.0,1.0,-15.0,-8.0,5.0,8.0,43.5,2.5,35.0,2.02,54.0,SCENARIO_ASSUMPTION,Simulated El Nino environmental shock parameters for stress testing
MODERATE_EL_NINO,Assam,Sonitpur,26.8306,92.3826,Rice / Paddy,25.0,1.8,-30.0,-15.0,12.0,18.0,53.5,3.3,20.0,1.87,59.0,SCENARIO_ASSUMPTION,Simulated El Nino environmental shock parameters for stress testing
SEVERE_EL_NINO,Assam,Sonitpur,26.8306,92.3826,Rice / Paddy,40.0,2.8,-50.0,-26.0,25.0,35.0,68.5,4.3,0.0,1.63,67.5,SCENARIO_ASSUMPTION,Simulated El Nino environmental shock parameters for stress testing
NORMAL,Assam,Tinsukia,26.5606,93.6576,Rice / Paddy,0.0,0.0,0.0,0.0,0.0,0.0,28.5,6.5,50.0,2.2,49.0,SCENARIO_ASSUMPTION,Simulated El Nino environmental shock parameters for stress testing
MILD_EL_NINO,Assam,Tinsukia,26.5606,93.6576,Rice / Paddy,15.0,1.0,-15.0,-8.0,5.0,8.0,43.5,7.5,35.0,2.02,52.92,SCENARIO_ASSUMPTION,Simulated El Nino environmental shock parameters for stress testing
MODERATE_EL_NINO,Assam,Tinsukia,26.5606,93.6576,Rice / Paddy,25.0,1.8,-30.0,-15.0,12.0,18.0,53.5,8.3,20.0,1.87,57.82,SCENARIO_ASSUMPTION,Simulated El Nino environmental shock parameters for stress testing
SEVERE_EL_NINO,Assam,Tinsukia,26.5606,93.6576,Rice / Paddy,40.0,2.8,-50.0,-26.0,25.0,35.0,68.5,9.3,0.0,1.63,66.15,SCENARIO_ASSUMPTION,Simulated El Nino environmental shock parameters for stress testing
NORMAL,Bihar,Araria,25.3661,85.7481,Rice / Paddy,0.0,0.0,0.0,0.0,0.0,0.0,28.52,2.5,50.0,2.4,45.0,SCENARIO_ASSUMPTION,Simulated El Nino environmental shock parameters for stress testing
MILD_EL_NINO,Bihar,Araria,25.3661,85.7481,Rice / Paddy,15.0,1.0,-15.0,-8.0,5.0,8.0,43.519999999999996,3.5,35.0,2.21,48.6,SCENARIO_ASSUMPTION,Simulated El Nino environmental shock parameters for stress testing
MODERATE_EL_NINO,Bihar,Araria,25.3661,85.7481,Rice / Paddy,25.0,1.8,-30.0,-15.0,12.0,18.0,53.519999999999996,4.3,20.0,2.04,53.1,SCENARIO_ASSUMPTION,Simulated El Nino environmental shock parameters for stress testing
SEVERE_EL_NINO,Bihar,Araria,25.3661,85.7481,Rice / Paddy,40.0,2.8,-50.0,-26.0,25.0,35.0,68.52,5.3,0.0,1.78,60.75,SCENARIO_ASSUMPTION,Simulated El Nino environmental shock parameters for stress testing
NORMAL,Bihar,Aurangabad,25.6361,85.9881,Rice / Paddy,0.0,0.0,0.0,0.0,0.0,0.0,28.51,5.5,50.0,2.4,53.0,SCENARIO_ASSUMPTION,Simulated El Nino environmental shock parameters for stress testing
MILD_EL_NINO,Bihar,Aurangabad,25.6361,85.9881,Rice / Paddy,15.0,1.0,-15.0,-8.0,5.0,8.0,43.510000000000005,6.5,35.0,2.21,57.24,SCENARIO_ASSUMPTION,Simulated El Nino environmental shock parameters for stress testing
MODERATE_EL_NINO,Bihar,Aurangabad,25.6361,85.9881,Rice / Paddy,25.0,1.8,-30.0,-15.0,12.0,18.0,53.510000000000005,7.3,20.0,2.04,62.54,SCENARIO_ASSUMPTION,Simulated El Nino environmental shock parameters for stress testing
SEVERE_EL_NINO,Bihar,Aurangabad,25.6361,85.9881,Rice / Paddy,40.0,2.8,-50.0,-26.0,25.0,35.0,68.51,8.3,0.0,1.78,71.55,SCENARIO_ASSUMPTION,Simulated El Nino environmental shock parameters for stress testing
NORMAL,Bihar,Banka,25.2011,85.7631,Rice / Paddy,0.0,0.0,0.0,0.0,0.0,0.0,28.49,7.5,50.0,2.4,53.0,SCENARIO_ASSUMPTION,Simulated El Nino environmental shock parameters for stress testing
MILD_EL_NINO,Bihar,Banka,25.2011,85.7631,Rice / Paddy,15.0,1.0,-15.0,-8.0,5.0,8.0,43.489999999999995,8.5,35.0,2.21,57.24,SCENARIO_ASSUMPTION,Simulated El Nino environmental shock parameters for stress testing
MODERATE_EL_NINO,Bihar,Banka,25.2011,85.7631,Rice / Paddy,25.0,1.8,-30.0,-15.0,12.0,18.0,53.489999999999995,9.3,20.0,2.04,62.54,SCENARIO_ASSUMPTION,Simulated El Nino environmental shock parameters for stress testing
SEVERE_EL_NINO,Bihar,Banka,25.2011,85.7631,Rice / Paddy,40.0,2.8,-50.0,-26.0,25.0,35.0,68.49,10.3,0.0,1.78,71.55,SCENARIO_ASSUMPTION,Simulated El Nino environmental shock parameters for stress testing
NORMAL,Bihar,Begusarai,24.9611,84.6381,Rice / Paddy,0.0,0.0,0.0,0.0,0.0,0.0,28.53,0.5,50.0,2.4,42.0,SCENARIO_ASSUMPTION,Simulated El Nino environmental shock parameters for stress testing
MILD_EL_NINO,Bihar,Begusarai,24.9611,84.6381,Rice / Paddy,15.0,1.0,-15.0,-8.0,5.0,8.0,43.53,1.5,35.0,2.21,45.36,SCENARIO_ASSUMPTION,Simulated El Nino environmental shock parameters for stress testing
MODERATE_EL_NINO,Bihar,Begusarai,24.9611,84.6381,Rice / Paddy,25.0,1.8,-30.0,-15.0,12.0,18.0,53.53,2.3,20.0,2.04,49.56,SCENARIO_ASSUMPTION,Simulated El Nino environmental shock parameters for stress testing
SEVERE_EL_NINO,Bihar,Begusarai,24.9611,84.6381,Rice / Paddy,40.0,2.8,-50.0,-26.0,25.0,35.0,68.53,3.3,0.0,1.78,56.7,SCENARIO_ASSUMPTION,Simulated El Nino environmental shock parameters for stress testing
NORMAL,Bihar,Bhagalpur,25.6511,84.6381,Rice / Paddy,0.0,0.0,0.0,0.0,0.0,0.0,28.49,5.5,50.0,2.4,44.0,SCENARIO_ASSUMPTION,Simulated El Nino environmental shock parameters for stress testing
MILD_EL_NINO,Bihar,Bhagalpur,25.6511,84.6381,Rice / Paddy,15.0,1.0,-15.0,-8.0,5.0,8.0,43.489999999999995,6.5,35.0,2.21,47.52,SCENARIO_ASSUMPTION,Simulated El Nino environmental shock parameters for stress testing
MODERATE_EL_NINO,Bihar,Bhagalpur,25.6511,84.6381,Rice / Paddy,25.0,1.8,-30.0,-15.0,12.0,18.0,53.489999999999995,7.3,20.0,2.04,51.92,SCENARIO_ASSUMPTION,Simulated El Nino environmental shock parameters for stress testing
SEVERE_EL_NINO,Bihar,Bhagalpur,25.6511,84.6381,Rice / Paddy,40.0,2.8,-50.0,-26.0,25.0,35.0,68.49,8.3,0.0,1.78,59.4,SCENARIO_ASSUMPTION,Simulated El Nino environmental shock parameters for stress testing
NORMAL,Bihar,Bhojpur,25.8011,84.8631,Rice / Paddy,0.0,0.0,0.0,0.0,0.0,0.0,28.51,0.5,50.0,2.4,47.0,SCENARIO_ASSUMPTION,Simulated El Nino environmental shock parameters for stress testing
MILD_EL_NINO,Bihar,Bhojpur,25.8011,84.8631,Rice / Paddy,15.0,1.0,-15.0,-8.0,5.0,8.0,43.510000000000005,1.5,35.0,2.21,50.76,SCENARIO_ASSUMPTION,Simulated El Nino environmental shock parameters for stress testing
MODERATE_EL_NINO,Bihar,Bhojpur,25.8011,84.8631,Rice / Paddy,25.0,1.8,-30.0,-15.0,12.0,18.0,53.510000000000005,2.3,20.0,2.04,55.46,SCENARIO_ASSUMPTION,Simulated El Nino environmental shock parameters for stress testing
SEVERE_EL_NINO,Bihar,Bhojpur,25.8011,84.8631,Rice / Paddy,40.0,2.8,-50.0,-26.0,25.0,35.0,68.51,3.3,0.0,1.78,63.45,SCENARIO_ASSUMPTION,Simulated El Nino environmental shock parameters for stress testing
NORMAL,Bihar,Buxar,24.6011,85.9581,Rice / Paddy,0.0,0.0,0.0,0.0,0.0,0.0,28.48,3.5,50.0,2.4,53.0,SCENARIO_ASSUMPTION,Simulated El Nino environmental shock parameters for stress testing
MILD_EL_NINO,Bihar,Buxar,24.6011,85.9581,Rice / Paddy,15.0,1.0,-15.0,-8.0,5.0,8.0,43.480000000000004,4.5,35.0,2.21,57.24,SCENARIO_ASSUMPTION,Simulated El Nino environmental shock parameters for stress testing
MODERATE_EL_NINO,Bihar,Buxar,24.6011,85.9581,Rice / Paddy,25.0,1.8,-30.0,-15.0,12.0,18.0,53.480000000000004,5.3,20.0,2.04,62.54,SCENARIO_ASSUMPTION,Simulated El Nino environmental shock parameters for stress testing
SEVERE_EL_NINO,Bihar,Buxar,24.6011,85.9581,Rice / Paddy,40.0,2.8,-50.0,-26.0,25.0,35.0,68.48,6.3,0.0,1.78,71.55,SCENARIO_ASSUMPTION,Simulated El Nino environmental shock parameters for stress testing
NORMAL,Bihar,Darbhanga,25.6061,85.8681,Rice / Paddy,0.0,0.0,0.0,0.0,0.0,0.0,28.51,2.5,50.0,2.4,42.0,SCENARIO_ASSUMPTION,Simulated El Nino environmental shock parameters for stress testing
MILD_EL_NINO,Bihar,Darbhanga,25.6061,85.8681,Rice / Paddy,15.0,1.0,-15.0,-8.0,5.0,8.0,43.510000000000005,3.5,35.0,2.21,45.36,SCENARIO_ASSUMPTION,Simulated El Nino environmental shock parameters for stress testing
MODERATE_EL_NINO,Bihar,Darbhanga,25.6061,85.8681,Rice / Paddy,25.0,1.8,-30.0,-15.0,12.0,18.0,53.510000000000005,4.3,20.0,2.04,49.56,SCENARIO_ASSUMPTION,Simulated El Nino environmental shock parameters for stress testing
SEVERE_EL_NINO,Bihar,Darbhanga,25.6061,85.8681,Rice / Paddy,40.0,2.8,-50.0,-26.0,25.0,35.0,68.51,5.3,0.0,1.78,56.7,SCENARIO_ASSUMPTION,Simulated El Nino environmental shock parameters for stress testing
NORMAL,Bihar,Gaya,24.3611,85.7931,Rice / Paddy,0.0,0.0,0.0,0.0,0.0,0.0,28.52,0.5,50.0,2.4,45.0,SCENARIO_ASSUMPTION,Simulated El Nino environmental shock parameters for stress testing
MILD_EL_NINO,Bihar,Gaya,24.3611,85.7931,Rice / Paddy,15.0,1.0,-15.0,-8.0,5.0,8.0,43.519999999999996,1.5,35.0,2.21,48.6,SCENARIO_ASSUMPTION,Simulated El Nino environmental shock parameters for stress testing
MODERATE_EL_NINO,Bihar,Gaya,24.3611,85.7931,Rice / Paddy,25.0,1.8,-30.0,-15.0,12.0,18.0,53.519999999999996,2.3,20.0,2.04,53.1,SCENARIO_ASSUMPTION,Simulated El Nino environmental shock parameters for stress testing
SEVERE_EL_NINO,Bihar,Gaya,24.3611,85.7931,Rice / Paddy,40.0,2.8,-50.0,-26.0,25.0,35.0,68.52,3.3,0.0,1.78,60.75,SCENARIO_ASSUMPTION,Simulated El Nino environmental shock parameters for stress testing
NORMAL,Bihar,Gopalganj,24.8711,85.5531,Rice / Paddy,0.0,0.0,0.0,0.0,0.0,0.0,28.5,6.5,50.0,2.4,52.0,SCENARIO_ASSUMPTION,Simulated El Nino environmental shock parameters for stress testing
MILD_EL_NINO,Bihar,Gopalganj,24.8711,85.5531,Rice / Paddy,15.0,1.0,-15.0,-8.0,5.0,8.0,43.5,7.5,35.0,2.21,56.16,SCENARIO_ASSUMPTION,Simulated El Nino environmental shock parameters for stress testing
MODERATE_EL_NINO,Bihar,Gopalganj,24.8711,85.5531,Rice / Paddy,25.0,1.8,-30.0,-15.0,12.0,18.0,53.5,8.3,20.0,2.04,61.36,SCENARIO_ASSUMPTION,Simulated El Nino environmental shock parameters for stress testing
SEVERE_EL_NINO,Bihar,Gopalganj,24.8711,85.5531,Rice / Paddy,40.0,2.8,-50.0,-26.0,25.0,35.0,68.5,9.3,0.0,1.78,70.2,SCENARIO_ASSUMPTION,Simulated El Nino environmental shock parameters for stress testing
NORMAL,Bihar,Jamui,24.6911,85.3431,Rice / Paddy,0.0,0.0,0.0,0.0,0.0,0.0,28.48,4.5,50.0,2.4,51.0,SCENARIO_ASSUMPTION,Simulated El Nino environmental shock parameters for stress testing
MILD_EL_NINO,Bihar,Jamui,24.6911,85.3431,Rice / Paddy,15.0,1.0,-15.0,-8.0,5.0,8.0,43.480000000000004,5.5,35.0,2.21,55.08,SCENARIO_ASSUMPTION,Simulated El Nino environmental shock parameters for stress testing
MODERATE_EL_NINO,Bihar,Jamui,24.6911,85.3431,Rice / Paddy,25.0,1.8,-30.0,-15.0,12.0,18.0,53.480000000000004,6.3,20.0,2.04,60.18,SCENARIO_ASSUMPTION,Simulated El Nino environmental shock parameters for stress testing
SEVERE_EL_NINO,Bihar,Jamui,24.6911,85.3431,Rice / Paddy,40.0,2.8,-50.0,-26.0,25.0,35.0,68.48,7.3,0.0,1.78,68.85,SCENARIO_ASSUMPTION,Simulated El Nino environmental shock parameters for stress testing
NORMAL,Bihar,Jehanabad,25.2461,85.5681,Rice / Paddy,0.0,0.0,0.0,0.0,0.0,0.0,28.5,4.5,50.0,2.4,53.0,SCENARIO_ASSUMPTION,Simulated El Nino environmental shock parameters for stress testing
MILD_EL_NINO,Bihar,Jehanabad,25.2461,85.5681,Rice / Paddy,15.0,1.0,-15.0,-8.0,5.0,8.0,43.5,5.5,35.0,2.21,57.24,SCENARIO_ASSUMPTION,Simulated El Nino environmental shock parameters for stress testing
MODERATE_EL_NINO,Bihar,Jehanabad,25.2461,85.5681,Rice / Paddy,25.0,1.8,-30.0,-15.0,12.0,18.0,53.5,6.3,20.0,2.04,62.54,SCENARIO_ASSUMPTION,Simulated El Nino environmental shock parameters for stress testing
SEVERE_EL_NINO,Bihar,Jehanabad,25.2461,85.5681,Rice / Paddy,40.0,2.8,-50.0,-26.0,25.0,35.0,68.5,7.3,0.0,1.78,71.55,SCENARIO_ASSUMPTION,Simulated El Nino environmental shock parameters for stress testing
NORMAL,Bihar,Katihar,24.6761,86.0181,Rice / Paddy,0.0,0.0,0.0,0.0,0.0,0.0,28.51,0.5,50.0,2.4,42.0,SCENARIO_ASSUMPTION,Simulated El Nino environmental shock parameters for stress testing
MILD_EL_NINO,Bihar,Katihar,24.6761,86.0181,Rice / Paddy,15.0,1.0,-15.0,-8.0,5.0,8.0,43.510000000000005,1.5,35.0,2.21,45.36,SCENARIO_ASSUMPTION,Simulated El Nino environmental shock parameters for stress testing
MODERATE_EL_NINO,Bihar,Katihar,24.6761,86.0181,Rice / Paddy,25.0,1.8,-30.0,-15.0,12.0,18.0,53.510000000000005,2.3,20.0,2.04,49.56,SCENARIO_ASSUMPTION,Simulated El Nino environmental shock parameters for stress testing
SEVERE_EL_NINO,Bihar,Katihar,24.6761,86.0181,Rice / Paddy,40.0,2.8,-50.0,-26.0,25.0,35.0,68.51,3.3,0.0,1.78,56.7,SCENARIO_ASSUMPTION,Simulated El Nino environmental shock parameters for stress testing
NORMAL,Bihar,Khagaria,25.3811,85.5531,Rice / Paddy,0.0,0.0,0.0,0.0,0.0,0.0,28.49,4.5,50.0,2.4,44.0,SCENARIO_ASSUMPTION,Simulated El Nino environmental shock parameters for stress testing
MILD_EL_NINO,Bihar,Khagaria,25.3811,85.5531,Rice / Paddy,15.0,1.0,-15.0,-8.0,5.0,8.0,43.489999999999995,5.5,35.0,2.21,47.52,SCENARIO_ASSUMPTION,Simulated El Nino environmental shock parameters for stress testing
MODERATE_EL_NINO,Bihar,Khagaria,25.3811,85.5531,Rice / Paddy,25.0,1.8,-30.0,-15.0,12.0,18.0,53.489999999999995,6.3,20.0,2.04,51.92,SCENARIO_ASSUMPTION,Simulated El Nino environmental shock parameters for stress testing
SEVERE_EL_NINO,Bihar,Khagaria,25.3811,85.5531,Rice / Paddy,40.0,2.8,-50.0,-26.0,25.0,35.0,68.49,7.3,0.0,1.78,59.4,SCENARIO_ASSUMPTION,Simulated El Nino environmental shock parameters for stress testing
NORMAL,Bihar,KishanGanj,25.3961,85.7931,Rice / Paddy,0.0,0.0,0.0,0.0,0.0,0.0,28.5,7.5,50.0,2.4,49.0,SCENARIO_ASSUMPTION,Simulated El Nino environmental shock parameters for stress testing
MILD_EL_NINO,Bihar,KishanGanj,25.3961,85.7931,Rice / Paddy,15.0,1.0,-15.0,-8.0,5.0,8.0,43.5,8.5,35.0,2.21,52.92,SCENARIO_ASSUMPTION,Simulated El Nino environmental shock parameters for stress testing
MODERATE_EL_NINO,Bihar,KishanGanj,25.3961,85.7931,Rice / Paddy,25.0,1.8,-30.0,-15.0,12.0,18.0,53.5,9.3,20.0,2.04,57.82,SCENARIO_ASSUMPTION,Simulated El Nino environmental shock parameters for stress testing
SEVERE_EL_NINO,Bihar,KishanGanj,25.3961,85.7931,Rice / Paddy,40.0,2.8,-50.0,-26.0,25.0,35.0,68.5,10.3,0.0,1.78,66.15,SCENARIO_ASSUMPTION,Simulated El Nino environmental shock parameters for stress testing
NORMAL,Bihar,Lakhisarai,24.7811,84.9681,Rice / Paddy,0.0,0.0,0.0,0.0,0.0,0.0,28.5,7.5,50.0,2.4,51.0,SCENARIO_ASSUMPTION,Simulated El Nino environmental shock parameters for stress testing
MILD_EL_NINO,Bihar,Lakhisarai,24.7811,84.9681,Rice / Paddy,15.0,1.0,-15.0,-8.0,5.0,8.0,43.5,8.5,35.0,2.21,55.08,SCENARIO_ASSUMPTION,Simulated El Nino environmental shock parameters for stress testing
MODERATE_EL_NINO,Bihar,Lakhisarai,24.7811,84.9681,Rice / Paddy,25.0,1.8,-30.0,-15.0,12.0,18.0,53.5,9.3,20.0,2.04,60.18,SCENARIO_ASSUMPTION,Simulated El Nino environmental shock parameters for stress testing
SEVERE_EL_NINO,Bihar,Lakhisarai,24.7811,84.9681,Rice / Paddy,40.0,2.8,-50.0,-26.0,25.0,35.0,68.5,10.3,0.0,1.78,68.85,SCENARIO_ASSUMPTION,Simulated El Nino environmental shock parameters for stress testing
NORMAL,Bihar,Madhepura,25.0361,84.8481,Rice / Paddy,0.0,0.0,0.0,0.0,0.0,0.0,28.51,0.5,50.0,2.4,49.0,SCENARIO_ASSUMPTION,Simulated El Nino environmental shock parameters for stress testing
MILD_EL_NINO,Bihar,Madhepura,25.0361,84.8481,Rice / Paddy,15.0,1.0,-15.0,-8.0,5.0,8.0,43.510000000000005,1.5,35.0,2.21,52.92,SCENARIO_ASSUMPTION,Simulated El Nino environmental shock parameters for stress testing
MODERATE_EL_NINO,Bihar,Madhepura,25.0361,84.8481,Rice / Paddy,25.0,1.8,-30.0,-15.0,12.0,18.0,53.510000000000005,2.3,20.0,2.04,57.82,SCENARIO_ASSUMPTION,Simulated El Nino environmental shock parameters for stress testing
SEVERE_EL_NINO,Bihar,Madhepura,25.0361,84.8481,Rice / Paddy,40.0,2.8,-50.0,-26.0,25.0,35.0,68.51,3.3,0.0,1.78,66.15,SCENARIO_ASSUMPTION,Simulated El Nino environmental shock parameters for stress testing
NORMAL,Bihar,Madhubani,24.7061,85.8681,Rice / Paddy,0.0,0.0,0.0,0.0,0.0,0.0,28.5,5.5,50.0,2.4,42.0,SCENARIO_ASSUMPTION,Simulated El Nino environmental shock parameters for stress testing
MILD_EL_NINO,Bihar,Madhubani,24.7061,85.8681,Rice / Paddy,15.0,1.0,-15.0,-8.0,5.0,8.0,43.5,6.5,35.0,2.21,45.36,SCENARIO_ASSUMPTION,Simulated El Nino environmental shock parameters for stress testing
MODERATE_EL_NINO,Bihar,Madhubani,24.7061,85.8681,Rice / Paddy,25.0,1.8,-30.0,-15.0,12.0,18.0,53.5,7.3,20.0,2.04,49.56,SCENARIO_ASSUMPTION,Simulated El Nino environmental shock parameters for stress testing
SEVERE_EL_NINO,Bihar,Madhubani,24.7061,85.8681,Rice / Paddy,40.0,2.8,-50.0,-26.0,25.0,35.0,68.5,8.3,0.0,1.78,56.7,SCENARIO_ASSUMPTION,Simulated El Nino environmental shock parameters for stress testing
NORMAL,Bihar,Munger,25.2461,84.6231,Rice / Paddy,0.0,0.0,0.0,0.0,0.0,0.0,28.51,5.5,50.0,2.4,45.0,SCENARIO_ASSUMPTION,Simulated El Nino environmental shock parameters for stress testing
MILD_EL_NINO,Bihar,Munger,25.2461,84.6231,Rice / Paddy,15.0,1.0,-15.0,-8.0,5.0,8.0,43.510000000000005,6.5,35.0,2.21,48.6,SCENARIO_ASSUMPTION,Simulated El Nino environmental shock parameters for stress testing
MODERATE_EL_NINO,Bihar,Munger,25.2461,84.6231,Rice / Paddy,25.0,1.8,-30.0,-15.0,12.0,18.0,53.510000000000005,7.3,20.0,2.04,53.1,SCENARIO_ASSUMPTION,Simulated El Nino environmental shock parameters for stress testing
SEVERE_EL_NINO,Bihar,Munger,25.2461,84.6231,Rice / Paddy,40.0,2.8,-50.0,-26.0,25.0,35.0,68.51,8.3,0.0,1.78,60.75,SCENARIO_ASSUMPTION,Simulated El Nino environmental shock parameters for stress testing
NORMAL,Bihar,Muzaffarpur,24.5111,84.6231,Rice / Paddy,0.0,0.0,0.0,0.0,0.0,0.0,28.5,0.5,50.0,2.4,48.0,SCENARIO_ASSUMPTION,Simulated El Nino environmental shock parameters for stress testing
MILD_EL_NINO,Bihar,Muzaffarpur,24.5111,84.6231,Rice / Paddy,15.0,1.0,-15.0,-8.0,5.0,8.0,43.5,1.5,35.0,2.21,51.84,SCENARIO_ASSUMPTION,Simulated El Nino environmental shock parameters for stress testing
MODERATE_EL_NINO,Bihar,Muzaffarpur,24.5111,84.6231,Rice / Paddy,25.0,1.8,-30.0,-15.0,12.0,18.0,53.5,2.3,20.0,2.04,56.64,SCENARIO_ASSUMPTION,Simulated El Nino environmental shock parameters for stress testing
SEVERE_EL_NINO,Bihar,Muzaffarpur,24.5111,84.6231,Rice / Paddy,40.0,2.8,-50.0,-26.0,25.0,35.0,68.5,3.3,0.0,1.78,64.8,SCENARIO_ASSUMPTION,Simulated El Nino environmental shock parameters for stress testing
NORMAL,Bihar,Nalanda,25.4261,85.1181,Rice / Paddy,0.0,0.0,0.0,0.0,0.0,0.0,28.49,5.5,50.0,2.4,46.0,SCENARIO_ASSUMPTION,Simulated El Nino environmental shock parameters for stress testing
MILD_EL_NINO,Bihar,Nalanda,25.4261,85.1181,Rice / Paddy,15.0,1.0,-15.0,-8.0,5.0,8.0,43.489999999999995,6.5,35.0,2.21,49.68,SCENARIO_ASSUMPTION,Simulated El Nino environmental shock parameters for stress testing
MODERATE_EL_NINO,Bihar,Nalanda,25.4261,85.1181,Rice / Paddy,25.0,1.8,-30.0,-15.0,12.0,18.0,53.489999999999995,7.3,20.0,2.04,54.28,SCENARIO_ASSUMPTION,Simulated El Nino environmental shock parameters for stress testing
SEVERE_EL_NINO,Bihar,Nalanda,25.4261,85.1181,Rice / Paddy,40.0,2.8,-50.0,-26.0,25.0,35.0,68.49,8.3,0.0,1.78,62.1,SCENARIO_ASSUMPTION,Simulated El Nino environmental shock parameters for stress testing
NORMAL,Bihar,Nawada,24.9161,85.0881,Rice / Paddy,0.0,0.0,0.0,0.0,0.0,0.0,28.51,6.5,50.0,2.4,53.0,SCENARIO_ASSUMPTION,Simulated El Nino environmental shock parameters for stress testing
MILD_EL_NINO,Bihar,Nawada,24.9161,85.0881,Rice / Paddy,15.0,1.0,-15.0,-8.0,5.0,8.0,43.510000000000005,7.5,35.0,2.21,57.24,SCENARIO_ASSUMPTION,Simulated El Nino environmental shock parameters for stress testing
MODERATE_EL_NINO,Bihar,Nawada,24.9161,85.0881,Rice / Paddy,25.0,1.8,-30.0,-15.0,12.0,18.0,53.510000000000005,8.3,20.0,2.04,62.54,SCENARIO_ASSUMPTION,Simulated El Nino environmental shock parameters for stress testing
SEVERE_EL_NINO,Bihar,Nawada,24.9161,85.0881,Rice / Paddy,40.0,2.8,-50.0,-26.0,25.0,35.0,68.51,9.3,0.0,1.78,71.55,SCENARIO_ASSUMPTION,Simulated El Nino environmental shock parameters for stress testing
NORMAL,Bihar,Pashchim Champaran,24.6011,85.4481,Rice / Paddy,0.0,0.0,0.0,0.0,0.0,0.0,28.5,2.5,50.0,2.4,47.0,SCENARIO_ASSUMPTION,Simulated El Nino environmental shock parameters for stress testing
MILD_EL_NINO,Bihar,Pashchim Champaran,24.6011,85.4481,Rice / Paddy,15.0,1.0,-15.0,-8.0,5.0,8.0,43.5,3.5,35.0,2.21,50.76,SCENARIO_ASSUMPTION,Simulated El Nino environmental shock parameters for stress testing
MODERATE_EL_NINO,Bihar,Pashchim Champaran,24.6011,85.4481,Rice / Paddy,25.0,1.8,-30.0,-15.0,12.0,18.0,53.5,4.3,20.0,2.04,55.46,SCENARIO_ASSUMPTION,Simulated El Nino environmental shock parameters for stress testing
SEVERE_EL_NINO,Bihar,Pashchim Champaran,24.6011,85.4481,Rice / Paddy,40.0,2.8,-50.0,-26.0,25.0,35.0,68.5,5.3,0.0,1.78,63.45,SCENARIO_ASSUMPTION,Simulated El Nino environmental shock parameters for stress testing
NORMAL,Bihar,Patna,25.5941,85.1376,Rice / Paddy,0.0,0.0,0.0,0.0,0.0,0.0,28.49,0.5,50.0,2.4,51.0,SCENARIO_ASSUMPTION,Simulated El Nino environmental shock parameters for stress testing
MILD_EL_NINO,Bihar,Patna,25.5941,85.1376,Rice / Paddy,15.0,1.0,-15.0,-8.0,5.0,8.0,43.489999999999995,1.5,35.0,2.21,55.08,SCENARIO_ASSUMPTION,Simulated El Nino environmental shock parameters for stress testing
MODERATE_EL_NINO,Bihar,Patna,25.5941,85.1376,Rice / Paddy,25.0,1.8,-30.0,-15.0,12.0,18.0,53.489999999999995,2.3,20.0,2.04,60.18,SCENARIO_ASSUMPTION,Simulated El Nino environmental shock parameters for stress testing
SEVERE_EL_NINO,Bihar,Patna,25.5941,85.1376,Rice / Paddy,40.0,2.8,-50.0,-26.0,25.0,35.0,68.49,3.3,0.0,1.78,68.85,SCENARIO_ASSUMPTION,Simulated El Nino environmental shock parameters for stress testing
NORMAL,Bihar,Purba Champaran,25.4411,85.0281,Rice / Paddy,0.0,0.0,0.0,0.0,0.0,0.0,28.52,4.5,50.0,2.4,44.0,SCENARIO_ASSUMPTION,Simulated El Nino environmental shock parameters for stress testing
MILD_EL_NINO,Bihar,Purba Champaran,25.4411,85.0281,Rice / Paddy,15.0,1.0,-15.0,-8.0,5.0,8.0,43.519999999999996,5.5,35.0,2.21,47.52,SCENARIO_ASSUMPTION,Simulated El Nino environmental shock parameters for stress testing
MODERATE_EL_NINO,Bihar,Purba Champaran,25.4411,85.0281,Rice / Paddy,25.0,1.8,-30.0,-15.0,12.0,18.0,53.519999999999996,6.3,20.0,2.04,51.92,SCENARIO_ASSUMPTION,Simulated El Nino environmental shock parameters for stress testing
SEVERE_EL_NINO,Bihar,Purba Champaran,25.4411,85.0281,Rice / Paddy,40.0,2.8,-50.0,-26.0,25.0,35.0,68.52,7.3,0.0,1.78,59.4,SCENARIO_ASSUMPTION,Simulated El Nino environmental shock parameters for stress testing
NORMAL,Bihar,Purnia,25.1861,85.6581,Rice / Paddy,0.0,0.0,0.0,0.0,0.0,0.0,28.51,2.5,50.0,2.4,42.0,SCENARIO_ASSUMPTION,Simulated El Nino environmental shock parameters for stress testing
MILD_EL_NINO,Bihar,Purnia,25.1861,85.6581,Rice / Paddy,15.0,1.0,-15.0,-8.0,5.0,8.0,43.510000000000005,3.5,35.0,2.21,45.36,SCENARIO_ASSUMPTION,Simulated El Nino environmental shock parameters for stress testing
MODERATE_EL_NINO,Bihar,Purnia,25.1861,85.6581,Rice / Paddy,25.0,1.8,-30.0,-15.0,12.0,18.0,53.510000000000005,4.3,20.0,2.04,49.56,SCENARIO_ASSUMPTION,Simulated El Nino environmental shock parameters for stress testing
SEVERE_EL_NINO,Bihar,Purnia,25.1861,85.6581,Rice / Paddy,40.0,2.8,-50.0,-26.0,25.0,35.0,68.51,5.3,0.0,1.78,56.7,SCENARIO_ASSUMPTION,Simulated El Nino environmental shock parameters for stress testing
NORMAL,Bihar,Rohtas,25.2011,84.8931,Rice / Paddy,0.0,0.0,0.0,0.0,0.0,0.0,28.51,4.5,50.0,2.4,44.0,SCENARIO_ASSUMPTION,Simulated El Nino environmental shock parameters for stress testing
MILD_EL_NINO,Bihar,Rohtas,25.2011,84.8931,Rice / Paddy,15.0,1.0,-15.0,-8.0,5.0,8.0,43.510000000000005,5.5,35.0,2.21,47.52,SCENARIO_ASSUMPTION,Simulated El Nino environmental shock parameters for stress testing
MODERATE_EL_NINO,Bihar,Rohtas,25.2011,84.8931,Rice / Paddy,25.0,1.8,-30.0,-15.0,12.0,18.0,53.510000000000005,6.3,20.0,2.04,51.92,SCENARIO_ASSUMPTION,Simulated El Nino environmental shock parameters for stress testing
SEVERE_EL_NINO,Bihar,Rohtas,25.2011,84.8931,Rice / Paddy,40.0,2.8,-50.0,-26.0,25.0,35.0,68.51,7.3,0.0,1.78,59.4,SCENARIO_ASSUMPTION,Simulated El Nino environmental shock parameters for stress testing
NORMAL,Bihar,Saharsa,25.5311,84.6081,Rice / Paddy,0.0,0.0,0.0,0.0,0.0,0.0,28.5,7.5,50.0,2.4,52.0,SCENARIO_ASSUMPTION,Simulated El Nino environmental shock parameters for stress testing
MILD_EL_NINO,Bihar,Saharsa,25.5311,84.6081,Rice / Paddy,15.0,1.0,-15.0,-8.0,5.0,8.0,43.5,8.5,35.0,2.21,56.16,SCENARIO_ASSUMPTION,Simulated El Nino environmental shock parameters for stress testing
MODERATE_EL_NINO,Bihar,Saharsa,25.5311,84.6081,Rice / Paddy,25.0,1.8,-30.0,-15.0,12.0,18.0,53.5,9.3,20.0,2.04,61.36,SCENARIO_ASSUMPTION,Simulated El Nino environmental shock parameters for stress testing
SEVERE_EL_NINO,Bihar,Saharsa,25.5311,84.6081,Rice / Paddy,40.0,2.8,-50.0,-26.0,25.0,35.0,68.5,10.3,0.0,1.78,70.2,SCENARIO_ASSUMPTION,Simulated El Nino environmental shock parameters for stress testing
NORMAL,Bihar,Samastipur,25.0661,85.2681,Rice / Paddy,0.0,0.0,0.0,0.0,0.0,0.0,28.5,5.5,50.0,2.4,47.0,SCENARIO_ASSUMPTION,Simulated El Nino environmental shock parameters for stress testing
MILD_EL_NINO,Bihar,Samastipur,25.0661,85.2681,Rice / Paddy,15.0,1.0,-15.0,-8.0,5.0,8.0,43.5,6.5,35.0,2.21,50.76,SCENARIO_ASSUMPTION,Simulated El Nino environmental shock parameters for stress testing
MODERATE_EL_NINO,Bihar,Samastipur,25.0661,85.2681,Rice / Paddy,25.0,1.8,-30.0,-15.0,12.0,18.0,53.5,7.3,20.0,2.04,55.46,SCENARIO_ASSUMPTION,Simulated El Nino environmental shock parameters for stress testing
SEVERE_EL_NINO,Bihar,Samastipur,25.0661,85.2681,Rice / Paddy,40.0,2.8,-50.0,-26.0,25.0,35.0,68.5,8.3,0.0,1.78,63.45,SCENARIO_ASSUMPTION,Simulated El Nino environmental shock parameters for stress testing
NORMAL,Bihar,Saran,25.0961,85.0431,Rice / Paddy,0.0,0.0,0.0,0.0,0.0,0.0,28.51,7.5,50.0,2.4,45.0,SCENARIO_ASSUMPTION,Simulated El Nino environmental shock parameters for stress testing
MILD_EL_NINO,Bihar,Saran,25.0961,85.0431,Rice / Paddy,15.0,1.0,-15.0,-8.0,5.0,8.0,43.510000000000005,8.5,35.0,2.21,48.6,SCENARIO_ASSUMPTION,Simulated El Nino environmental shock parameters for stress testing
MODERATE_EL_NINO,Bihar,Saran,25.0961,85.0431,Rice / Paddy,25.0,1.8,-30.0,-15.0,12.0,18.0,53.510000000000005,9.3,20.0,2.04,53.1,SCENARIO_ASSUMPTION,Simulated El Nino environmental shock parameters for stress testing
SEVERE_EL_NINO,Bihar,Saran,25.0961,85.0431,Rice / Paddy,40.0,2.8,-50.0,-26.0,25.0,35.0,68.51,10.3,0.0,1.78,60.75,SCENARIO_ASSUMPTION,Simulated El Nino environmental shock parameters for stress testing
NORMAL,Bihar,Sheikhpura,24.6761,84.9531,Rice / Paddy,0.0,0.0,0.0,0.0,0.0,0.0,28.52,7.5,50.0,2.4,52.0,SCENARIO_ASSUMPTION,Simulated El Nino environmental shock parameters for stress testing
MILD_EL_NINO,Bihar,Sheikhpura,24.6761,84.9531,Rice / Paddy,15.0,1.0,-15.0,-8.0,5.0,8.0,43.519999999999996,8.5,35.0,2.21,56.16,SCENARIO_ASSUMPTION,Simulated El Nino environmental shock parameters for stress testing
MODERATE_EL_NINO,Bihar,Sheikhpura,24.6761,84.9531,Rice / Paddy,25.0,1.8,-30.0,-15.0,12.0,18.0,53.519999999999996,9.3,20.0,2.04,61.36,SCENARIO_ASSUMPTION,Simulated El Nino environmental shock parameters for stress testing
SEVERE_EL_NINO,Bihar,Sheikhpura,24.6761,84.9531,Rice / Paddy,40.0,2.8,-50.0,-26.0,25.0,35.0,68.52,10.3,0.0,1.78,70.2,SCENARIO_ASSUMPTION,Simulated El Nino environmental shock parameters for stress testing
NORMAL,Bihar,Sheohar,25.4711,85.5831,Rice / Paddy,0.0,0.0,0.0,0.0,0.0,0.0,28.51,3.5,50.0,2.4,48.0,SCENARIO_ASSUMPTION,Simulated El Nino environmental shock parameters for stress testing
MILD_EL_NINO,Bihar,Sheohar,25.4711,85.5831,Rice / Paddy,15.0,1.0,-15.0,-8.0,5.0,8.0,43.510000000000005,4.5,35.0,2.21,51.84,SCENARIO_ASSUMPTION,Simulated El Nino environmental shock parameters for stress testing
MODERATE_EL_NINO,Bihar,Sheohar,25.4711,85.5831,Rice / Paddy,25.0,1.8,-30.0,-15.0,12.0,18.0,53.510000000000005,5.3,20.0,2.04,56.64,SCENARIO_ASSUMPTION,Simulated El Nino environmental shock parameters for stress testing
SEVERE_EL_NINO,Bihar,Sheohar,25.4711,85.5831,Rice / Paddy,40.0,2.8,-50.0,-26.0,25.0,35.0,68.51,6.3,0.0,1.78,64.8,SCENARIO_ASSUMPTION,Simulated El Nino environmental shock parameters for stress testing
NORMAL,Bihar,Sitamarhi,24.9161,85.0131,Rice / Paddy,0.0,0.0,0.0,0.0,0.0,0.0,28.51,6.5,50.0,2.4,42.0,SCENARIO_ASSUMPTION,Simulated El Nino environmental shock parameters for stress testing
MILD_EL_NINO,Bihar,Sitamarhi,24.9161,85.0131,Rice / Paddy,15.0,1.0,-15.0,-8.0,5.0,8.0,43.510000000000005,7.5,35.0,2.21,45.36,SCENARIO_ASSUMPTION,Simulated El Nino environmental shock parameters for stress testing
MODERATE_EL_NINO,Bihar,Sitamarhi,24.9161,85.0131,Rice / Paddy,25.0,1.8,-30.0,-15.0,12.0,18.0,53.510000000000005,8.3,20.0,2.04,49.56,SCENARIO_ASSUMPTION,Simulated El Nino environmental shock parameters for stress testing
SEVERE_EL_NINO,Bihar,Sitamarhi,24.9161,85.0131,Rice / Paddy,40.0,2.8,-50.0,-26.0,25.0,35.0,68.51,9.3,0.0,1.78,56.7,SCENARIO_ASSUMPTION,Simulated El Nino environmental shock parameters for stress testing
NORMAL,Bihar,Siwan,25.2761,84.5781,Rice / Paddy,0.0,0.0,0.0,0.0,0.0,0.0,28.53,1.5,50.0,2.4,46.0,SCENARIO_ASSUMPTION,Simulated El Nino environmental shock parameters for stress testing
MILD_EL_NINO,Bihar,Siwan,25.2761,84.5781,Rice / Paddy,15.0,1.0,-15.0,-8.0,5.0,8.0,43.53,2.5,35.0,2.21,49.68,SCENARIO_ASSUMPTION,Simulated El Nino environmental shock parameters for stress testing
MODERATE_EL_NINO,Bihar,Siwan,25.2761,84.5781,Rice / Paddy,25.0,1.8,-30.0,-15.0,12.0,18.0,53.53,3.3,20.0,2.04,54.28,SCENARIO_ASSUMPTION,Simulated El Nino environmental shock parameters for stress testing
SEVERE_EL_NINO,Bihar,Siwan,25.2761,84.5781,Rice / Paddy,40.0,2.8,-50.0,-26.0,25.0,35.0,68.53,4.3,0.0,1.78,62.1,SCENARIO_ASSUMPTION,Simulated El Nino environmental shock parameters for stress testing
NORMAL,Bihar,Supaul,24.3911,85.3281,Rice / Paddy,0.0,0.0,0.0,0.0,0.0,0.0,28.5,5.5,50.0,2.4,45.0,SCENARIO_ASSUMPTION,Simulated El Nino environmental shock parameters for stress testing
MILD_EL_NINO,Bihar,Supaul,24.3911,85.3281,Rice / Paddy,15.0,1.0,-15.0,-8.0,5.0,8.0,43.5,6.5,35.0,2.21,48.6,SCENARIO_ASSUMPTION,Simulated El Nino environmental shock parameters for stress testing
MODERATE_EL_NINO,Bihar,Supaul,24.3911,85.3281,Rice / Paddy,25.0,1.8,-30.0,-15.0,12.0,18.0,53.5,7.3,20.0,2.04,53.1,SCENARIO_ASSUMPTION,Simulated El Nino environmental shock parameters for stress testing
SEVERE_EL_NINO,Bihar,Supaul,24.3911,85.3281,Rice / Paddy,40.0,2.8,-50.0,-26.0,25.0,35.0,68.5,8.3,0.0,1.78,60.75,SCENARIO_ASSUMPTION,Simulated El Nino environmental shock parameters for stress testing
NORMAL,Bihar,Vaishali,25.2611,85.6281,Rice / Paddy,0.0,0.0,0.0,0.0,0.0,0.0,28.47,3.5,50.0,2.4,43.0,SCENARIO_ASSUMPTION,Simulated El Nino environmental shock parameters for stress testing
MILD_EL_NINO,Bihar,Vaishali,25.2611,85.6281,Rice / Paddy,15.0,1.0,-15.0,-8.0,5.0,8.0,43.47,4.5,35.0,2.21,46.44,SCENARIO_ASSUMPTION,Simulated El Nino environmental shock parameters for stress testing
MODERATE_EL_NINO,Bihar,Vaishali,25.2611,85.6281,Rice / Paddy,25.0,1.8,-30.0,-15.0,12.0,18.0,53.47,5.3,20.0,2.04,50.74,SCENARIO_ASSUMPTION,Simulated El Nino environmental shock parameters for stress testing
SEVERE_EL_NINO,Bihar,Vaishali,25.2611,85.6281,Rice / Paddy,40.0,2.8,-50.0,-26.0,25.0,35.0,68.47,6.3,0.0,1.78,58.05,SCENARIO_ASSUMPTION,Simulated El Nino environmental shock parameters for stress testing
NORMAL,Chhattisgarh,Bastar,20.9937,82.4361,Rice / Paddy,0.0,0.0,0.0,0.0,0.0,0.0,28.49,0.5,50.0,2.5,42.0,SCENARIO_ASSUMPTION,Simulated El Nino environmental shock parameters for stress testing
MILD_EL_NINO,Chhattisgarh,Bastar,20.9937,82.4361,Rice / Paddy,15.0,1.0,-15.0,-8.0,5.0,8.0,43.489999999999995,1.5,35.0,2.3,45.36,SCENARIO_ASSUMPTION,Simulated El Nino environmental shock parameters for stress testing
MODERATE_EL_NINO,Chhattisgarh,Bastar,20.9937,82.4361,Rice / Paddy,25.0,1.8,-30.0,-15.0,12.0,18.0,53.489999999999995,2.3,20.0,2.12,49.56,SCENARIO_ASSUMPTION,Simulated El Nino environmental shock parameters for stress testing
SEVERE_EL_NINO,Chhattisgarh,Bastar,20.9937,82.4361,Rice / Paddy,40.0,2.8,-50.0,-26.0,25.0,35.0,68.49,3.3,0.0,1.85,56.7,SCENARIO_ASSUMPTION,Simulated El Nino environmental shock parameters for stress testing
NORMAL,Chhattisgarh,Bilaspur,21.5637,82.0311,Rice / Paddy,0.0,0.0,0.0,0.0,0.0,0.0,28.51,1.5,50.0,2.5,43.0,SCENARIO_ASSUMPTION,Simulated El Nino environmental shock parameters for stress testing
MILD_EL_NINO,Chhattisgarh,Bilaspur,21.5637,82.0311,Rice / Paddy,15.0,1.0,-15.0,-8.0,5.0,8.0,43.510000000000005,2.5,35.0,2.3,46.44,SCENARIO_ASSUMPTION,Simulated El Nino environmental shock parameters for stress testing
MODERATE_EL_NINO,Chhattisgarh,Bilaspur,21.5637,82.0311,Rice / Paddy,25.0,1.8,-30.0,-15.0,12.0,18.0,53.510000000000005,3.3,20.0,2.12,50.74,SCENARIO_ASSUMPTION,Simulated El Nino environmental shock parameters for stress testing
SEVERE_EL_NINO,Chhattisgarh,Bilaspur,21.5637,82.0311,Rice / Paddy,40.0,2.8,-50.0,-26.0,25.0,35.0,68.51,4.3,0.0,1.85,58.05,SCENARIO_ASSUMPTION,Simulated El Nino environmental shock parameters for stress testing
NORMAL,Chhattisgarh,Dantewada,20.5737,82.4211,Rice / Paddy,0.0,0.0,0.0,0.0,0.0,0.0,28.51,7.5,50.0,2.5,42.0,SCENARIO_ASSUMPTION,Simulated El Nino environmental shock parameters for stress testing
MILD_EL_NINO,Chhattisgarh,Dantewada,20.5737,82.4211,Rice / Paddy,15.0,1.0,-15.0,-8.0,5.0,8.0,43.510000000000005,8.5,35.0,2.3,45.36,SCENARIO_ASSUMPTION,Simulated El Nino environmental shock parameters for stress testing
MODERATE_EL_NINO,Chhattisgarh,Dantewada,20.5737,82.4211,Rice / Paddy,25.0,1.8,-30.0,-15.0,12.0,18.0,53.510000000000005,9.3,20.0,2.12,49.56,SCENARIO_ASSUMPTION,Simulated El Nino environmental shock parameters for stress testing
SEVERE_EL_NINO,Chhattisgarh,Dantewada,20.5737,82.4211,Rice / Paddy,40.0,2.8,-50.0,-26.0,25.0,35.0,68.51,10.3,0.0,1.85,56.7,SCENARIO_ASSUMPTION,Simulated El Nino environmental shock parameters for stress testing
NORMAL,Chhattisgarh,Dhamtari,21.6387,81.3411,Rice / Paddy,0.0,0.0,0.0,0.0,0.0,0.0,28.48,5.5,50.0,2.5,44.0,SCENARIO_ASSUMPTION,Simulated El Nino environmental shock parameters for stress testing
MILD_EL_NINO,Chhattisgarh,Dhamtari,21.6387,81.3411,Rice / Paddy,15.0,1.0,-15.0,-8.0,5.0,8.0,43.480000000000004,6.5,35.0,2.3,47.52,SCENARIO_ASSUMPTION,Simulated El Nino environmental shock parameters for stress testing
MODERATE_EL_NINO,Chhattisgarh,Dhamtari,21.6387,81.3411,Rice / Paddy,25.0,1.8,-30.0,-15.0,12.0,18.0,53.480000000000004,7.3,20.0,2.12,51.92,SCENARIO_ASSUMPTION,Simulated El Nino environmental shock parameters for stress testing
SEVERE_EL_NINO,Chhattisgarh,Dhamtari,21.6387,81.3411,Rice / Paddy,40.0,2.8,-50.0,-26.0,25.0,35.0,68.48,8.3,0.0,1.85,59.4,SCENARIO_ASSUMPTION,Simulated El Nino environmental shock parameters for stress testing
NORMAL,Chhattisgarh,Durg,21.8487,81.7311,Rice / Paddy,0.0,0.0,0.0,0.0,0.0,0.0,28.51,2.5,50.0,2.5,53.0,SCENARIO_ASSUMPTION,Simulated El Nino environmental shock parameters for stress testing
MILD_EL_NINO,Chhattisgarh,Durg,21.8487,81.7311,Rice / Paddy,15.0,1.0,-15.0,-8.0,5.0,8.0,43.510000000000005,3.5,35.0,2.3,57.24,SCENARIO_ASSUMPTION,Simulated El Nino environmental shock parameters for stress testing
MODERATE_EL_NINO,Chhattisgarh,Durg,21.8487,81.7311,Rice / Paddy,25.0,1.8,-30.0,-15.0,12.0,18.0,53.510000000000005,4.3,20.0,2.12,62.54,SCENARIO_ASSUMPTION,Simulated El Nino environmental shock parameters for stress testing
SEVERE_EL_NINO,Chhattisgarh,Durg,21.8487,81.7311,Rice / Paddy,40.0,2.8,-50.0,-26.0,25.0,35.0,68.51,5.3,0.0,1.85,71.55,SCENARIO_ASSUMPTION,Simulated El Nino environmental shock parameters for stress testing
NORMAL,Chhattisgarh,Janjgir-Champa,21.6087,82.4361,Rice / Paddy,0.0,0.0,0.0,0.0,0.0,0.0,28.52,1.5,50.0,2.5,44.0,SCENARIO_ASSUMPTION,Simulated El Nino environmental shock parameters for stress testing
MILD_EL_NINO,Chhattisgarh,Janjgir-Champa,21.6087,82.4361,Rice / Paddy,15.0,1.0,-15.0,-8.0,5.0,8.0,43.519999999999996,2.5,35.0,2.3,47.52,SCENARIO_ASSUMPTION,Simulated El Nino environmental shock parameters for stress testing
MODERATE_EL_NINO,Chhattisgarh,Janjgir-Champa,21.6087,82.4361,Rice / Paddy,25.0,1.8,-30.0,-15.0,12.0,18.0,53.519999999999996,3.3,20.0,2.12,51.92,SCENARIO_ASSUMPTION,Simulated El Nino environmental shock parameters for stress testing
SEVERE_EL_NINO,Chhattisgarh,Janjgir-Champa,21.6087,82.4361,Rice / Paddy,40.0,2.8,-50.0,-26.0,25.0,35.0,68.52,4.3,0.0,1.85,59.4,SCENARIO_ASSUMPTION,Simulated El Nino environmental shock parameters for stress testing
NORMAL,Chhattisgarh,Jashpur,21.1887,81.8361,Rice / Paddy,0.0,0.0,0.0,0.0,0.0,0.0,28.52,7.5,50.0,2.5,51.0,SCENARIO_ASSUMPTION,Simulated El Nino environmental shock parameters for stress testing
MILD_EL_NINO,Chhattisgarh,Jashpur,21.1887,81.8361,Rice / Paddy,15.0,1.0,-15.0,-8.0,5.0,8.0,43.519999999999996,8.5,35.0,2.3,55.08,SCENARIO_ASSUMPTION,Simulated El Nino environmental shock parameters for stress testing
MODERATE_EL_NINO,Chhattisgarh,Jashpur,21.1887,81.8361,Rice / Paddy,25.0,1.8,-30.0,-15.0,12.0,18.0,53.519999999999996,9.3,20.0,2.12,60.18,SCENARIO_ASSUMPTION,Simulated El Nino environmental shock parameters for stress testing
SEVERE_EL_NINO,Chhattisgarh,Jashpur,21.1887,81.8361,Rice / Paddy,40.0,2.8,-50.0,-26.0,25.0,35.0,68.52,10.3,0.0,1.85,68.85,SCENARIO_ASSUMPTION,Simulated El Nino environmental shock parameters for stress testing
NORMAL,Chhattisgarh,Kanker,21.5787,81.7611,Rice / Paddy,0.0,0.0,0.0,0.0,0.0,0.0,28.5,6.5,50.0,2.5,49.0,SCENARIO_ASSUMPTION,Simulated El Nino environmental shock parameters for stress testing
MILD_EL_NINO,Chhattisgarh,Kanker,21.5787,81.7611,Rice / Paddy,15.0,1.0,-15.0,-8.0,5.0,8.0,43.5,7.5,35.0,2.3,52.92,SCENARIO_ASSUMPTION,Simulated El Nino environmental shock parameters for stress testing
MODERATE_EL_NINO,Chhattisgarh,Kanker,21.5787,81.7611,Rice / Paddy,25.0,1.8,-30.0,-15.0,12.0,18.0,53.5,8.3,20.0,2.12,57.82,SCENARIO_ASSUMPTION,Simulated El Nino environmental shock parameters for stress testing
SEVERE_EL_NINO,Chhattisgarh,Kanker,21.5787,81.7611,Rice / Paddy,40.0,2.8,-50.0,-26.0,25.0,35.0,68.5,9.3,0.0,1.85,66.15,SCENARIO_ASSUMPTION,Simulated El Nino environmental shock parameters for stress testing
NORMAL,Chhattisgarh,Korba,20.6787,81.2661,Rice / Paddy,0.0,0.0,0.0,0.0,0.0,0.0,28.5,3.5,50.0,2.5,44.0,SCENARIO_ASSUMPTION,Simulated El Nino environmental shock parameters for stress testing
MILD_EL_NINO,Chhattisgarh,Korba,20.6787,81.2661,Rice / Paddy,15.0,1.0,-15.0,-8.0,5.0,8.0,43.5,4.5,35.0,2.3,47.52,SCENARIO_ASSUMPTION,Simulated El Nino environmental shock parameters for stress testing
MODERATE_EL_NINO,Chhattisgarh,Korba,20.6787,81.2661,Rice / Paddy,25.0,1.8,-30.0,-15.0,12.0,18.0,53.5,5.3,20.0,2.12,51.92,SCENARIO_ASSUMPTION,Simulated El Nino environmental shock parameters for stress testing
SEVERE_EL_NINO,Chhattisgarh,Korba,20.6787,81.2661,Rice / Paddy,40.0,2.8,-50.0,-26.0,25.0,35.0,68.5,6.3,0.0,1.85,59.4,SCENARIO_ASSUMPTION,Simulated El Nino environmental shock parameters for stress testing
NORMAL,Chhattisgarh,Koriya,21.2787,81.9861,Rice / Paddy,0.0,0.0,0.0,0.0,0.0,0.0,28.51,2.5,50.0,2.5,52.0,SCENARIO_ASSUMPTION,Simulated El Nino environmental shock parameters for stress testing
MILD_EL_NINO,Chhattisgarh,Koriya,21.2787,81.9861,Rice / Paddy,15.0,1.0,-15.0,-8.0,5.0,8.0,43.510000000000005,3.5,35.0,2.3,56.16,SCENARIO_ASSUMPTION,Simulated El Nino environmental shock parameters for stress testing
MODERATE_EL_NINO,Chhattisgarh,Koriya,21.2787,81.9861,Rice / Paddy,25.0,1.8,-30.0,-15.0,12.0,18.0,53.510000000000005,4.3,20.0,2.12,61.36,SCENARIO_ASSUMPTION,Simulated El Nino environmental shock parameters for stress testing
SEVERE_EL_NINO,Chhattisgarh,Koriya,21.2787,81.9861,Rice / Paddy,40.0,2.8,-50.0,-26.0,25.0,35.0,68.51,5.3,0.0,1.85,70.2,SCENARIO_ASSUMPTION,Simulated El Nino environmental shock parameters for stress testing
NORMAL,Chhattisgarh,Mahasamund,20.9937,81.9711,Rice / Paddy,0.0,0.0,0.0,0.0,0.0,0.0,28.49,7.5,50.0,2.5,50.0,SCENARIO_ASSUMPTION,Simulated El Nino environmental shock parameters for stress testing
MILD_EL_NINO,Chhattisgarh,Mahasamund,20.9937,81.9711,Rice / Paddy,15.0,1.0,-15.0,-8.0,5.0,8.0,43.489999999999995,8.5,35.0,2.3,54.0,SCENARIO_ASSUMPTION,Simulated El Nino environmental shock parameters for stress testing
MODERATE_EL_NINO,Chhattisgarh,Mahasamund,20.9937,81.9711,Rice / Paddy,25.0,1.8,-30.0,-15.0,12.0,18.0,53.489999999999995,9.3,20.0,2.12,59.0,SCENARIO_ASSUMPTION,Simulated El Nino environmental shock parameters for stress testing
SEVERE_EL_NINO,Chhattisgarh,Mahasamund,20.9937,81.9711,Rice / Paddy,40.0,2.8,-50.0,-26.0,25.0,35.0,68.49,10.3,0.0,1.85,67.5,SCENARIO_ASSUMPTION,Simulated El Nino environmental shock parameters for stress testing
NORMAL,Chhattisgarh,Raigarh,20.6337,81.8661,Rice / Paddy,0.0,0.0,0.0,0.0,0.0,0.0,28.5,0.5,50.0,2.5,52.0,SCENARIO_ASSUMPTION,Simulated El Nino environmental shock parameters for stress testing
MILD_EL_NINO,Chhattisgarh,Raigarh,20.6337,81.8661,Rice / Paddy,15.0,1.0,-15.0,-8.0,5.0,8.0,43.5,1.5,35.0,2.3,56.16,SCENARIO_ASSUMPTION,Simulated El Nino environmental shock parameters for stress testing
MODERATE_EL_NINO,Chhattisgarh,Raigarh,20.6337,81.8661,Rice / Paddy,25.0,1.8,-30.0,-15.0,12.0,18.0,53.5,2.3,20.0,2.12,61.36,SCENARIO_ASSUMPTION,Simulated El Nino environmental shock parameters for stress testing
SEVERE_EL_NINO,Chhattisgarh,Raigarh,20.6337,81.8661,Rice / Paddy,40.0,2.8,-50.0,-26.0,25.0,35.0,68.5,3.3,0.0,1.85,70.2,SCENARIO_ASSUMPTION,Simulated El Nino environmental shock parameters for stress testing
NORMAL,Chhattisgarh,Raipur,21.0087,81.4461,Rice / Paddy,0.0,0.0,0.0,0.0,0.0,0.0,28.5,6.5,50.0,2.5,44.0,SCENARIO_ASSUMPTION,Simulated El Nino environmental shock parameters for stress testing
MILD_EL_NINO,Chhattisgarh,Raipur,21.0087,81.4461,Rice / Paddy,15.0,1.0,-15.0,-8.0,5.0,8.0,43.5,7.5,35.0,2.3,47.52,SCENARIO_ASSUMPTION,Simulated El Nino environmental shock parameters for stress testing
MODERATE_EL_NINO,Chhattisgarh,Raipur,21.0087,81.4461,Rice / Paddy,25.0,1.8,-30.0,-15.0,12.0,18.0,53.5,8.3,20.0,2.12,51.92,SCENARIO_ASSUMPTION,Simulated El Nino environmental shock parameters for stress testing
SEVERE_EL_NINO,Chhattisgarh,Raipur,21.0087,81.4461,Rice / Paddy,40.0,2.8,-50.0,-26.0,25.0,35.0,68.5,9.3,0.0,1.85,59.4,SCENARIO_ASSUMPTION,Simulated El Nino environmental shock parameters for stress testing
NORMAL,Chhattisgarh,Rajnandgaon,21.0087,81.4311,Rice / Paddy,0.0,0.0,0.0,0.0,0.0,0.0,28.53,5.5,50.0,2.5,45.0,SCENARIO_ASSUMPTION,Simulated El Nino environmental shock parameters for stress testing
MILD_EL_NINO,Chhattisgarh,Rajnandgaon,21.0087,81.4311,Rice / Paddy,15.0,1.0,-15.0,-8.0,5.0,8.0,43.53,6.5,35.0,2.3,48.6,SCENARIO_ASSUMPTION,Simulated El Nino environmental shock parameters for stress testing
MODERATE_EL_NINO,Chhattisgarh,Rajnandgaon,21.0087,81.4311,Rice / Paddy,25.0,1.8,-30.0,-15.0,12.0,18.0,53.53,7.3,20.0,2.12,53.1,SCENARIO_ASSUMPTION,Simulated El Nino environmental shock parameters for stress testing
SEVERE_EL_NINO,Chhattisgarh,Rajnandgaon,21.0087,81.4311,Rice / Paddy,40.0,2.8,-50.0,-26.0,25.0,35.0,68.53,8.3,0.0,1.85,60.75,SCENARIO_ASSUMPTION,Simulated El Nino environmental shock parameters for stress testing
NORMAL,Chhattisgarh,Surguja,20.7387,82.1811,Rice / Paddy,0.0,0.0,0.0,0.0,0.0,0.0,28.49,7.5,50.0,2.5,49.0,SCENARIO_ASSUMPTION,Simulated El Nino environmental shock parameters for stress testing
MILD_EL_NINO,Chhattisgarh,Surguja,20.7387,82.1811,Rice / Paddy,15.0,1.0,-15.0,-8.0,5.0,8.0,43.489999999999995,8.5,35.0,2.3,52.92,SCENARIO_ASSUMPTION,Simulated El Nino environmental shock parameters for stress testing
MODERATE_EL_NINO,Chhattisgarh,Surguja,20.7387,82.1811,Rice / Paddy,25.0,1.8,-30.0,-15.0,12.0,18.0,53.489999999999995,9.3,20.0,2.12,57.82,SCENARIO_ASSUMPTION,Simulated El Nino environmental shock parameters for stress testing
SEVERE_EL_NINO,Chhattisgarh,Surguja,20.7387,82.1811,Rice / Paddy,40.0,2.8,-50.0,-26.0,25.0,35.0,68.49,10.3,0.0,1.85,66.15,SCENARIO_ASSUMPTION,Simulated El Nino environmental shock parameters for stress testing
NORMAL,Goa,North Goa,15.2393,74.829,Rice / Paddy,0.0,0.0,0.0,0.0,0.0,0.0,28.49,3.5,50.0,2.5,51.0,SCENARIO_ASSUMPTION,Simulated El Nino environmental shock parameters for stress testing
MILD_EL_NINO,Goa,North Goa,15.2393,74.829,Rice / Paddy,15.0,1.0,-15.0,-8.0,5.0,8.0,43.489999999999995,4.5,35.0,2.3,55.08,SCENARIO_ASSUMPTION,Simulated El Nino environmental shock parameters for stress testing
MODERATE_EL_NINO,Goa,North Goa,15.2393,74.829,Rice / Paddy,25.0,1.8,-30.0,-15.0,12.0,18.0,53.489999999999995,5.3,20.0,2.12,60.18,SCENARIO_ASSUMPTION,Simulated El Nino environmental shock parameters for stress testing
SEVERE_EL_NINO,Goa,North Goa,15.2393,74.829,Rice / Paddy,40.0,2.8,-50.0,-26.0,25.0,35.0,68.49,6.3,0.0,1.85,68.85,SCENARIO_ASSUMPTION,Simulated El Nino environmental shock parameters for stress testing
NORMAL,Goa,South Goa,15.5693,74.784,Rice / Paddy,0.0,0.0,0.0,0.0,0.0,0.0,28.52,0.5,50.0,2.5,48.0,SCENARIO_ASSUMPTION,Simulated El Nino environmental shock parameters for stress testing
MILD_EL_NINO,Goa,South Goa,15.5693,74.784,Rice / Paddy,15.0,1.0,-15.0,-8.0,5.0,8.0,43.519999999999996,1.5,35.0,2.3,51.84,SCENARIO_ASSUMPTION,Simulated El Nino environmental shock parameters for stress testing
MODERATE_EL_NINO,Goa,South Goa,15.5693,74.784,Rice / Paddy,25.0,1.8,-30.0,-15.0,12.0,18.0,53.519999999999996,2.3,20.0,2.12,56.64,SCENARIO_ASSUMPTION,Simulated El Nino environmental shock parameters for stress testing
SEVERE_EL_NINO,Goa,South Goa,15.5693,74.784,Rice / Paddy,40.0,2.8,-50.0,-26.0,25.0,35.0,68.52,3.3,0.0,1.85,64.8,SCENARIO_ASSUMPTION,Simulated El Nino environmental shock parameters for stress testing
NORMAL,Gujarat,Ahmedabad,23.0225,72.5714,Wheat,0.0,0.0,0.0,0.0,0.0,0.0,28.5,3.5,50.0,3.2,45.0,SCENARIO_ASSUMPTION,Simulated El Nino environmental shock parameters for stress testing
MILD_EL_NINO,Gujarat,Ahmedabad,23.0225,72.5714,Wheat,15.0,1.0,-15.0,-8.0,5.0,8.0,43.5,4.5,35.0,2.94,48.6,SCENARIO_ASSUMPTION,Simulated El Nino environmental shock parameters for stress testing
MODERATE_EL_NINO,Gujarat,Ahmedabad,23.0225,72.5714,Wheat,25.0,1.8,-30.0,-15.0,12.0,18.0,53.5,5.3,20.0,2.72,53.1,SCENARIO_ASSUMPTION,Simulated El Nino environmental shock parameters for stress testing
SEVERE_EL_NINO,Gujarat,Ahmedabad,23.0225,72.5714,Wheat,40.0,2.8,-50.0,-26.0,25.0,35.0,68.5,6.3,0.0,2.37,60.75,SCENARIO_ASSUMPTION,Simulated El Nino environmental shock parameters for stress testing
NORMAL,Gujarat,Amreli,22.0937,71.2224,Wheat,0.0,0.0,0.0,0.0,0.0,0.0,28.52,6.5,50.0,3.2,47.0,SCENARIO_ASSUMPTION,Simulated El Nino environmental shock parameters for stress testing
MILD_EL_NINO,Gujarat,Amreli,22.0937,71.2224,Wheat,15.0,1.0,-15.0,-8.0,5.0,8.0,43.519999999999996,7.5,35.0,2.94,50.76,SCENARIO_ASSUMPTION,Simulated El Nino environmental shock parameters for stress testing
MODERATE_EL_NINO,Gujarat,Amreli,22.0937,71.2224,Wheat,25.0,1.8,-30.0,-15.0,12.0,18.0,53.519999999999996,8.3,20.0,2.72,55.46,SCENARIO_ASSUMPTION,Simulated El Nino environmental shock parameters for stress testing
SEVERE_EL_NINO,Gujarat,Amreli,22.0937,71.2224,Wheat,40.0,2.8,-50.0,-26.0,25.0,35.0,68.52,9.3,0.0,2.37,63.45,SCENARIO_ASSUMPTION,Simulated El Nino environmental shock parameters for stress testing
NORMAL,Gujarat,Anand,22.4837,71.7924,Wheat,0.0,0.0,0.0,0.0,0.0,0.0,28.5,2.5,50.0,3.2,47.0,SCENARIO_ASSUMPTION,Simulated El Nino environmental shock parameters for stress testing
MILD_EL_NINO,Gujarat,Anand,22.4837,71.7924,Wheat,15.0,1.0,-15.0,-8.0,5.0,8.0,43.5,3.5,35.0,2.94,50.76,SCENARIO_ASSUMPTION,Simulated El Nino environmental shock parameters for stress testing
MODERATE_EL_NINO,Gujarat,Anand,22.4837,71.7924,Wheat,25.0,1.8,-30.0,-15.0,12.0,18.0,53.5,4.3,20.0,2.72,55.46,SCENARIO_ASSUMPTION,Simulated El Nino environmental shock parameters for stress testing
SEVERE_EL_NINO,Gujarat,Anand,22.4837,71.7924,Wheat,40.0,2.8,-50.0,-26.0,25.0,35.0,68.5,5.3,0.0,2.37,63.45,SCENARIO_ASSUMPTION,Simulated El Nino environmental shock parameters for stress testing
NORMAL,Gujarat,Banaskantha,22.7837,71.3574,Wheat,0.0,0.0,0.0,0.0,0.0,0.0,28.48,0.5,50.0,3.2,53.0,SCENARIO_ASSUMPTION,Simulated El Nino environmental shock parameters for stress testing
MILD_EL_NINO,Gujarat,Banaskantha,22.7837,71.3574,Wheat,15.0,1.0,-15.0,-8.0,5.0,8.0,43.480000000000004,1.5,35.0,2.94,57.24,SCENARIO_ASSUMPTION,Simulated El Nino environmental shock parameters for stress testing
MODERATE_EL_NINO,Gujarat,Banaskantha,22.7837,71.3574,Wheat,25.0,1.8,-30.0,-15.0,12.0,18.0,53.480000000000004,2.3,20.0,2.72,62.54,SCENARIO_ASSUMPTION,Simulated El Nino environmental shock parameters for stress testing
SEVERE_EL_NINO,Gujarat,Banaskantha,22.7837,71.3574,Wheat,40.0,2.8,-50.0,-26.0,25.0,35.0,68.48,3.3,0.0,2.37,71.55,SCENARIO_ASSUMPTION,Simulated El Nino environmental shock parameters for stress testing
NORMAL,Gujarat,Bharuch,21.7787,70.7124,Wheat,0.0,0.0,0.0,0.0,0.0,0.0,28.51,6.5,50.0,3.2,47.0,SCENARIO_ASSUMPTION,Simulated El Nino environmental shock parameters for stress testing
MILD_EL_NINO,Gujarat,Bharuch,21.7787,70.7124,Wheat,15.0,1.0,-15.0,-8.0,5.0,8.0,43.510000000000005,7.5,35.0,2.94,50.76,SCENARIO_ASSUMPTION,Simulated El Nino environmental shock parameters for stress testing
MODERATE_EL_NINO,Gujarat,Bharuch,21.7787,70.7124,Wheat,25.0,1.8,-30.0,-15.0,12.0,18.0,53.510000000000005,8.3,20.0,2.72,55.46,SCENARIO_ASSUMPTION,Simulated El Nino environmental shock parameters for stress testing
SEVERE_EL_NINO,Gujarat,Bharuch,21.7787,70.7124,Wheat,40.0,2.8,-50.0,-26.0,25.0,35.0,68.51,9.3,0.0,2.37,63.45,SCENARIO_ASSUMPTION,Simulated El Nino environmental shock parameters for stress testing
NORMAL,Gujarat,Bhavnagar,22.2737,71.8974,Wheat,0.0,0.0,0.0,0.0,0.0,0.0,28.49,2.5,50.0,3.2,46.0,SCENARIO_ASSUMPTION,Simulated El Nino environmental shock parameters for stress testing
MILD_EL_NINO,Gujarat,Bhavnagar,22.2737,71.8974,Wheat,15.0,1.0,-15.0,-8.0,5.0,8.0,43.489999999999995,3.5,35.0,2.94,49.68,SCENARIO_ASSUMPTION,Simulated El Nino environmental shock parameters for stress testing
MODERATE_EL_NINO,Gujarat,Bhavnagar,22.2737,71.8974,Wheat,25.0,1.8,-30.0,-15.0,12.0,18.0,53.489999999999995,4.3,20.0,2.72,54.28,SCENARIO_ASSUMPTION,Simulated El Nino environmental shock parameters for stress testing
SEVERE_EL_NINO,Gujarat,Bhavnagar,22.2737,71.8974,Wheat,40.0,2.8,-50.0,-26.0,25.0,35.0,68.49,5.3,0.0,2.37,62.1,SCENARIO_ASSUMPTION,Simulated El Nino environmental shock parameters for stress testing
NORMAL,Gujarat,Dahod,22.3787,71.2824,Wheat,0.0,0.0,0.0,0.0,0.0,0.0,28.46,3.5,50.0,3.2,50.0,SCENARIO_ASSUMPTION,Simulated El Nino environmental shock parameters for stress testing
MILD_EL_NINO,Gujarat,Dahod,22.3787,71.2824,Wheat,15.0,1.0,-15.0,-8.0,5.0,8.0,43.46,4.5,35.0,2.94,54.0,SCENARIO_ASSUMPTION,Simulated El Nino environmental shock parameters for stress testing
MODERATE_EL_NINO,Gujarat,Dahod,22.3787,71.2824,Wheat,25.0,1.8,-30.0,-15.0,12.0,18.0,53.46,5.3,20.0,2.72,59.0,SCENARIO_ASSUMPTION,Simulated El Nino environmental shock parameters for stress testing
SEVERE_EL_NINO,Gujarat,Dahod,22.3787,71.2824,Wheat,40.0,2.8,-50.0,-26.0,25.0,35.0,68.46000000000001,6.3,0.0,2.37,67.5,SCENARIO_ASSUMPTION,Simulated El Nino environmental shock parameters for stress testing
NORMAL,Gujarat,Gandhinagar,22.4987,70.4574,Wheat,0.0,0.0,0.0,0.0,0.0,0.0,28.48,6.5,50.0,3.2,50.0,SCENARIO_ASSUMPTION,Simulated El Nino environmental shock parameters for stress testing
MILD_EL_NINO,Gujarat,Gandhinagar,22.4987,70.4574,Wheat,15.0,1.0,-15.0,-8.0,5.0,8.0,43.480000000000004,7.5,35.0,2.94,54.0,SCENARIO_ASSUMPTION,Simulated El Nino environmental shock parameters for stress testing
MODERATE_EL_NINO,Gujarat,Gandhinagar,22.4987,70.4574,Wheat,25.0,1.8,-30.0,-15.0,12.0,18.0,53.480000000000004,8.3,20.0,2.72,59.0,SCENARIO_ASSUMPTION,Simulated El Nino environmental shock parameters for stress testing
SEVERE_EL_NINO,Gujarat,Gandhinagar,22.4987,70.4574,Wheat,40.0,2.8,-50.0,-26.0,25.0,35.0,68.48,9.3,0.0,2.37,67.5,SCENARIO_ASSUMPTION,Simulated El Nino environmental shock parameters for stress testing
NORMAL,Gujarat,Jamnagar,22.3487,70.5174,Wheat,0.0,0.0,0.0,0.0,0.0,0.0,28.49,6.5,50.0,3.2,53.0,SCENARIO_ASSUMPTION,Simulated El Nino environmental shock parameters for stress testing
MILD_EL_NINO,Gujarat,Jamnagar,22.3487,70.5174,Wheat,15.0,1.0,-15.0,-8.0,5.0,8.0,43.489999999999995,7.5,35.0,2.94,57.24,SCENARIO_ASSUMPTION,Simulated El Nino environmental shock parameters for stress testing
MODERATE_EL_NINO,Gujarat,Jamnagar,22.3487,70.5174,Wheat,25.0,1.8,-30.0,-15.0,12.0,18.0,53.489999999999995,8.3,20.0,2.72,62.54,SCENARIO_ASSUMPTION,Simulated El Nino environmental shock parameters for stress testing
SEVERE_EL_NINO,Gujarat,Jamnagar,22.3487,70.5174,Wheat,40.0,2.8,-50.0,-26.0,25.0,35.0,68.49,9.3,0.0,2.37,71.55,SCENARIO_ASSUMPTION,Simulated El Nino environmental shock parameters for stress testing
NORMAL,Gujarat,Junagadh,21.7337,70.7274,Wheat,0.0,0.0,0.0,0.0,0.0,0.0,28.48,5.5,50.0,3.2,46.0,SCENARIO_ASSUMPTION,Simulated El Nino environmental shock parameters for stress testing
MILD_EL_NINO,Gujarat,Junagadh,21.7337,70.7274,Wheat,15.0,1.0,-15.0,-8.0,5.0,8.0,43.480000000000004,6.5,35.0,2.94,49.68,SCENARIO_ASSUMPTION,Simulated El Nino environmental shock parameters for stress testing
MODERATE_EL_NINO,Gujarat,Junagadh,21.7337,70.7274,Wheat,25.0,1.8,-30.0,-15.0,12.0,18.0,53.480000000000004,7.3,20.0,2.72,54.28,SCENARIO_ASSUMPTION,Simulated El Nino environmental shock parameters for stress testing
SEVERE_EL_NINO,Gujarat,Junagadh,21.7337,70.7274,Wheat,40.0,2.8,-50.0,-26.0,25.0,35.0,68.48,8.3,0.0,2.37,62.1,SCENARIO_ASSUMPTION,Simulated El Nino environmental shock parameters for stress testing
NORMAL,Gujarat,Kheda,21.5387,71.2674,Wheat,0.0,0.0,0.0,0.0,0.0,0.0,28.51,5.5,50.0,3.2,51.0,SCENARIO_ASSUMPTION,Simulated El Nino environmental shock parameters for stress testing
MILD_EL_NINO,Gujarat,Kheda,21.5387,71.2674,Wheat,15.0,1.0,-15.0,-8.0,5.0,8.0,43.510000000000005,6.5,35.0,2.94,55.08,SCENARIO_ASSUMPTION,Simulated El Nino environmental shock parameters for stress testing
MODERATE_EL_NINO,Gujarat,Kheda,21.5387,71.2674,Wheat,25.0,1.8,-30.0,-15.0,12.0,18.0,53.510000000000005,7.3,20.0,2.72,60.18,SCENARIO_ASSUMPTION,Simulated El Nino environmental shock parameters for stress testing
SEVERE_EL_NINO,Gujarat,Kheda,21.5387,71.2674,Wheat,40.0,2.8,-50.0,-26.0,25.0,35.0,68.51,8.3,0.0,2.37,68.85,SCENARIO_ASSUMPTION,Simulated El Nino environmental shock parameters for stress testing
NORMAL,Gujarat,Kutch,22.2737,71.6124,Wheat,0.0,0.0,0.0,0.0,0.0,0.0,28.49,5.5,50.0,3.2,42.0,SCENARIO_ASSUMPTION,Simulated El Nino environmental shock parameters for stress testing
MILD_EL_NINO,Gujarat,Kutch,22.2737,71.6124,Wheat,15.0,1.0,-15.0,-8.0,5.0,8.0,43.489999999999995,6.5,35.0,2.94,45.36,SCENARIO_ASSUMPTION,Simulated El Nino environmental shock parameters for stress testing
MODERATE_EL_NINO,Gujarat,Kutch,22.2737,71.6124,Wheat,25.0,1.8,-30.0,-15.0,12.0,18.0,53.489999999999995,7.3,20.0,2.72,49.56,SCENARIO_ASSUMPTION,Simulated El Nino environmental shock parameters for stress testing
SEVERE_EL_NINO,Gujarat,Kutch,22.2737,71.6124,Wheat,40.0,2.8,-50.0,-26.0,25.0,35.0,68.49,8.3,0.0,2.37,56.7,SCENARIO_ASSUMPTION,Simulated El Nino environmental shock parameters for stress testing
NORMAL,Gujarat,Mehsana,22.9787,71.0424,Wheat,0.0,0.0,0.0,0.0,0.0,0.0,28.5,7.5,50.0,3.2,44.0,SCENARIO_ASSUMPTION,Simulated El Nino environmental shock parameters for stress testing
MILD_EL_NINO,Gujarat,Mehsana,22.9787,71.0424,Wheat,15.0,1.0,-15.0,-8.0,5.0,8.0,43.5,8.5,35.0,2.94,47.52,SCENARIO_ASSUMPTION,Simulated El Nino environmental shock parameters for stress testing
MODERATE_EL_NINO,Gujarat,Mehsana,22.9787,71.0424,Wheat,25.0,1.8,-30.0,-15.0,12.0,18.0,53.5,9.3,20.0,2.72,51.92,SCENARIO_ASSUMPTION,Simulated El Nino environmental shock parameters for stress testing
SEVERE_EL_NINO,Gujarat,Mehsana,22.9787,71.0424,Wheat,40.0,2.8,-50.0,-26.0,25.0,35.0,68.5,10.3,0.0,2.37,59.4,SCENARIO_ASSUMPTION,Simulated El Nino environmental shock parameters for stress testing
NORMAL,Gujarat,Narmada,22.4837,71.6874,Wheat,0.0,0.0,0.0,0.0,0.0,0.0,28.51,1.5,50.0,3.2,51.0,SCENARIO_ASSUMPTION,Simulated El Nino environmental shock parameters for stress testing
MILD_EL_NINO,Gujarat,Narmada,22.4837,71.6874,Wheat,15.0,1.0,-15.0,-8.0,5.0,8.0,43.510000000000005,2.5,35.0,2.94,55.08,SCENARIO_ASSUMPTION,Simulated El Nino environmental shock parameters for stress testing
MODERATE_EL_NINO,Gujarat,Narmada,22.4837,71.6874,Wheat,25.0,1.8,-30.0,-15.0,12.0,18.0,53.510000000000005,3.3,20.0,2.72,60.18,SCENARIO_ASSUMPTION,Simulated El Nino environmental shock parameters for stress testing
SEVERE_EL_NINO,Gujarat,Narmada,22.4837,71.6874,Wheat,40.0,2.8,-50.0,-26.0,25.0,35.0,68.51,4.3,0.0,2.37,68.85,SCENARIO_ASSUMPTION,Simulated El Nino environmental shock parameters for stress testing
NORMAL,Gujarat,Navsari,21.8237,71.8674,Wheat,0.0,0.0,0.0,0.0,0.0,0.0,28.51,1.5,50.0,3.2,48.0,SCENARIO_ASSUMPTION,Simulated El Nino environmental shock parameters for stress testing
MILD_EL_NINO,Gujarat,Navsari,21.8237,71.8674,Wheat,15.0,1.0,-15.0,-8.0,5.0,8.0,43.510000000000005,2.5,35.0,2.94,51.84,SCENARIO_ASSUMPTION,Simulated El Nino environmental shock parameters for stress testing
MODERATE_EL_NINO,Gujarat,Navsari,21.8237,71.8674,Wheat,25.0,1.8,-30.0,-15.0,12.0,18.0,53.510000000000005,3.3,20.0,2.72,56.64,SCENARIO_ASSUMPTION,Simulated El Nino environmental shock parameters for stress testing
SEVERE_EL_NINO,Gujarat,Navsari,21.8237,71.8674,Wheat,40.0,2.8,-50.0,-26.0,25.0,35.0,68.51,4.3,0.0,2.37,64.8,SCENARIO_ASSUMPTION,Simulated El Nino environmental shock parameters for stress testing
NORMAL,Gujarat,Panchmahal,22.0787,70.7274,Wheat,0.0,0.0,0.0,0.0,0.0,0.0,28.48,2.5,50.0,3.2,42.0,SCENARIO_ASSUMPTION,Simulated El Nino environmental shock parameters for stress testing
MILD_EL_NINO,Gujarat,Panchmahal,22.0787,70.7274,Wheat,15.0,1.0,-15.0,-8.0,5.0,8.0,43.480000000000004,3.5,35.0,2.94,45.36,SCENARIO_ASSUMPTION,Simulated El Nino environmental shock parameters for stress testing
MODERATE_EL_NINO,Gujarat,Panchmahal,22.0787,70.7274,Wheat,25.0,1.8,-30.0,-15.0,12.0,18.0,53.480000000000004,4.3,20.0,2.72,49.56,SCENARIO_ASSUMPTION,Simulated El Nino environmental shock parameters for stress testing
SEVERE_EL_NINO,Gujarat,Panchmahal,22.0787,70.7274,Wheat,40.0,2.8,-50.0,-26.0,25.0,35.0,68.48,5.3,0.0,2.37,56.7,SCENARIO_ASSUMPTION,Simulated El Nino environmental shock parameters for stress testing
NORMAL,Gujarat,Patan,21.9887,71.4174,Wheat,0.0,0.0,0.0,0.0,0.0,0.0,28.48,5.5,50.0,3.2,42.0,SCENARIO_ASSUMPTION,Simulated El Nino environmental shock parameters for stress testing
MILD_EL_NINO,Gujarat,Patan,21.9887,71.4174,Wheat,15.0,1.0,-15.0,-8.0,5.0,8.0,43.480000000000004,6.5,35.0,2.94,45.36,SCENARIO_ASSUMPTION,Simulated El Nino environmental shock parameters for stress testing
MODERATE_EL_NINO,Gujarat,Patan,21.9887,71.4174,Wheat,25.0,1.8,-30.0,-15.0,12.0,18.0,53.480000000000004,7.3,20.0,2.72,49.56,SCENARIO_ASSUMPTION,Simulated El Nino environmental shock parameters for stress testing
SEVERE_EL_NINO,Gujarat,Patan,21.9887,71.4174,Wheat,40.0,2.8,-50.0,-26.0,25.0,35.0,68.48,8.3,0.0,2.37,56.7,SCENARIO_ASSUMPTION,Simulated El Nino environmental shock parameters for stress testing
NORMAL,Gujarat,Porbandar,22.3037,71.7474,Wheat,0.0,0.0,0.0,0.0,0.0,0.0,28.53,4.5,50.0,3.2,45.0,SCENARIO_ASSUMPTION,Simulated El Nino environmental shock parameters for stress testing
MILD_EL_NINO,Gujarat,Porbandar,22.3037,71.7474,Wheat,15.0,1.0,-15.0,-8.0,5.0,8.0,43.53,5.5,35.0,2.94,48.6,SCENARIO_ASSUMPTION,Simulated El Nino environmental shock parameters for stress testing
MODERATE_EL_NINO,Gujarat,Porbandar,22.3037,71.7474,Wheat,25.0,1.8,-30.0,-15.0,12.0,18.0,53.53,6.3,20.0,2.72,53.1,SCENARIO_ASSUMPTION,Simulated El Nino environmental shock parameters for stress testing
SEVERE_EL_NINO,Gujarat,Porbandar,22.3037,71.7474,Wheat,40.0,2.8,-50.0,-26.0,25.0,35.0,68.53,7.3,0.0,2.37,60.75,SCENARIO_ASSUMPTION,Simulated El Nino environmental shock parameters for stress testing
NORMAL,Gujarat,Rajkot,22.0337,71.8974,Wheat,0.0,0.0,0.0,0.0,0.0,0.0,28.49,4.5,50.0,3.2,43.0,SCENARIO_ASSUMPTION,Simulated El Nino environmental shock parameters for stress testing
MILD_EL_NINO,Gujarat,Rajkot,22.0337,71.8974,Wheat,15.0,1.0,-15.0,-8.0,5.0,8.0,43.489999999999995,5.5,35.0,2.94,46.44,SCENARIO_ASSUMPTION,Simulated El Nino environmental shock parameters for stress testing
MODERATE_EL_NINO,Gujarat,Rajkot,22.0337,71.8974,Wheat,25.0,1.8,-30.0,-15.0,12.0,18.0,53.489999999999995,6.3,20.0,2.72,50.74,SCENARIO_ASSUMPTION,Simulated El Nino environmental shock parameters for stress testing
SEVERE_EL_NINO,Gujarat,Rajkot,22.0337,71.8974,Wheat,40.0,2.8,-50.0,-26.0,25.0,35.0,68.49,7.3,0.0,2.37,58.05,SCENARIO_ASSUMPTION,Simulated El Nino environmental shock parameters for stress testing
NORMAL,Gujarat,Sabarkantha,22.0187,71.7924,Wheat,0.0,0.0,0.0,0.0,0.0,0.0,28.49,7.5,50.0,3.2,50.0,SCENARIO_ASSUMPTION,Simulated El Nino environmental shock parameters for stress testing
MILD_EL_NINO,Gujarat,Sabarkantha,22.0187,71.7924,Wheat,15.0,1.0,-15.0,-8.0,5.0,8.0,43.489999999999995,8.5,35.0,2.94,54.0,SCENARIO_ASSUMPTION,Simulated El Nino environmental shock parameters for stress testing
MODERATE_EL_NINO,Gujarat,Sabarkantha,22.0187,71.7924,Wheat,25.0,1.8,-30.0,-15.0,12.0,18.0,53.489999999999995,9.3,20.0,2.72,59.0,SCENARIO_ASSUMPTION,Simulated El Nino environmental shock parameters for stress testing
SEVERE_EL_NINO,Gujarat,Sabarkantha,22.0187,71.7924,Wheat,40.0,2.8,-50.0,-26.0,25.0,35.0,68.49,10.3,0.0,2.37,67.5,SCENARIO_ASSUMPTION,Simulated El Nino environmental shock parameters for stress testing
NORMAL,Gujarat,Surat,22.9937,70.9074,Wheat,0.0,0.0,0.0,0.0,0.0,0.0,28.48,1.5,50.0,3.2,52.0,SCENARIO_ASSUMPTION,Simulated El Nino environmental shock parameters for stress testing
MILD_EL_NINO,Gujarat,Surat,22.9937,70.9074,Wheat,15.0,1.0,-15.0,-8.0,5.0,8.0,43.480000000000004,2.5,35.0,2.94,56.16,SCENARIO_ASSUMPTION,Simulated El Nino environmental shock parameters for stress testing
MODERATE_EL_NINO,Gujarat,Surat,22.9937,70.9074,Wheat,25.0,1.8,-30.0,-15.0,12.0,18.0,53.480000000000004,3.3,20.0,2.72,61.36,SCENARIO_ASSUMPTION,Simulated El Nino environmental shock parameters for stress testing
SEVERE_EL_NINO,Gujarat,Surat,22.9937,70.9074,Wheat,40.0,2.8,-50.0,-26.0,25.0,35.0,68.48,4.3,0.0,2.37,70.2,SCENARIO_ASSUMPTION,Simulated El Nino environmental shock parameters for stress testing
NORMAL,Gujarat,Surendranagar,21.6287,71.1624,Wheat,0.0,0.0,0.0,0.0,0.0,0.0,28.5,1.5,50.0,3.2,53.0,SCENARIO_ASSUMPTION,Simulated El Nino environmental shock parameters for stress testing
MILD_EL_NINO,Gujarat,Surendranagar,21.6287,71.1624,Wheat,15.0,1.0,-15.0,-8.0,5.0,8.0,43.5,2.5,35.0,2.94,57.24,SCENARIO_ASSUMPTION,Simulated El Nino environmental shock parameters for stress testing
MODERATE_EL_NINO,Gujarat,Surendranagar,21.6287,71.1624,Wheat,25.0,1.8,-30.0,-15.0,12.0,18.0,53.5,3.3,20.0,2.72,62.54,SCENARIO_ASSUMPTION,Simulated El Nino environmental shock parameters for stress testing
SEVERE_EL_NINO,Gujarat,Surendranagar,21.6287,71.1624,Wheat,40.0,2.8,-50.0,-26.0,25.0,35.0,68.5,4.3,0.0,2.37,71.55,SCENARIO_ASSUMPTION,Simulated El Nino environmental shock parameters for stress testing
NORMAL,Gujarat,Tapi,22.2287,71.4024,Wheat,0.0,0.0,0.0,0.0,0.0,0.0,28.5,2.5,50.0,3.2,44.0,SCENARIO_ASSUMPTION,Simulated El Nino environmental shock parameters for stress testing
MILD_EL_NINO,Gujarat,Tapi,22.2287,71.4024,Wheat,15.0,1.0,-15.0,-8.0,5.0,8.0,43.5,3.5,35.0,2.94,47.52,SCENARIO_ASSUMPTION,Simulated El Nino environmental shock parameters for stress testing
MODERATE_EL_NINO,Gujarat,Tapi,22.2287,71.4024,Wheat,25.0,1.8,-30.0,-15.0,12.0,18.0,53.5,4.3,20.0,2.72,51.92,SCENARIO_ASSUMPTION,Simulated El Nino environmental shock parameters for stress testing
SEVERE_EL_NINO,Gujarat,Tapi,22.2287,71.4024,Wheat,40.0,2.8,-50.0,-26.0,25.0,35.0,68.5,5.3,0.0,2.37,59.4,SCENARIO_ASSUMPTION,Simulated El Nino environmental shock parameters for stress testing
NORMAL,Gujarat,Vadodara,22.5287,71.4324,Wheat,0.0,0.0,0.0,0.0,0.0,0.0,28.5,6.5,50.0,3.2,44.0,SCENARIO_ASSUMPTION,Simulated El Nino environmental shock parameters for stress testing
MILD_EL_NINO,Gujarat,Vadodara,22.5287,71.4324,Wheat,15.0,1.0,-15.0,-8.0,5.0,8.0,43.5,7.5,35.0,2.94,47.52,SCENARIO_ASSUMPTION,Simulated El Nino environmental shock parameters for stress testing
MODERATE_EL_NINO,Gujarat,Vadodara,22.5287,71.4324,Wheat,25.0,1.8,-30.0,-15.0,12.0,18.0,53.5,8.3,20.0,2.72,51.92,SCENARIO_ASSUMPTION,Simulated El Nino environmental shock parameters for stress testing
SEVERE_EL_NINO,Gujarat,Vadodara,22.5287,71.4324,Wheat,40.0,2.8,-50.0,-26.0,25.0,35.0,68.5,9.3,0.0,2.37,59.4,SCENARIO_ASSUMPTION,Simulated El Nino environmental shock parameters for stress testing
NORMAL,Gujarat,Valsad,22.8137,71.5224,Wheat,0.0,0.0,0.0,0.0,0.0,0.0,28.51,3.5,50.0,3.2,52.0,SCENARIO_ASSUMPTION,Simulated El Nino environmental shock parameters for stress testing
MILD_EL_NINO,Gujarat,Valsad,22.8137,71.5224,Wheat,15.0,1.0,-15.0,-8.0,5.0,8.0,43.510000000000005,4.5,35.0,2.94,56.16,SCENARIO_ASSUMPTION,Simulated El Nino environmental shock parameters for stress testing
MODERATE_EL_NINO,Gujarat,Valsad,22.8137,71.5224,Wheat,25.0,1.8,-30.0,-15.0,12.0,18.0,53.510000000000005,5.3,20.0,2.72,61.36,SCENARIO_ASSUMPTION,Simulated El Nino environmental shock parameters for stress testing
SEVERE_EL_NINO,Gujarat,Valsad,22.8137,71.5224,Wheat,40.0,2.8,-50.0,-26.0,25.0,35.0,68.51,6.3,0.0,2.37,70.2,SCENARIO_ASSUMPTION,Simulated El Nino environmental shock parameters for stress testing
NORMAL,Haryana,Ambala,29.2088,75.5756,Rice / Paddy,0.0,0.0,0.0,0.0,0.0,0.0,28.5,7.5,50.0,3.8,53.0,SCENARIO_ASSUMPTION,Simulated El Nino environmental shock parameters for stress testing
MILD_EL_NINO,Haryana,Ambala,29.2088,75.5756,Rice / Paddy,15.0,1.0,-15.0,-8.0,5.0,8.0,43.5,8.5,35.0,3.5,57.24,SCENARIO_ASSUMPTION,Simulated El Nino environmental shock parameters for stress testing
MODERATE_EL_NINO,Haryana,Ambala,29.2088,75.5756,Rice / Paddy,25.0,1.8,-30.0,-15.0,12.0,18.0,53.5,9.3,20.0,3.23,62.54,SCENARIO_ASSUMPTION,Simulated El Nino environmental shock parameters for stress testing
SEVERE_EL_NINO,Haryana,Ambala,29.2088,75.5756,Rice / Paddy,40.0,2.8,-50.0,-26.0,25.0,35.0,68.5,10.3,0.0,2.81,71.55,SCENARIO_ASSUMPTION,Simulated El Nino environmental shock parameters for stress testing
NORMAL,Haryana,Bhiwani,29.1488,76.6256,Rice / Paddy,0.0,0.0,0.0,0.0,0.0,0.0,28.5,2.5,50.0,3.8,53.0,SCENARIO_ASSUMPTION,Simulated El Nino environmental shock parameters for stress testing
MILD_EL_NINO,Haryana,Bhiwani,29.1488,76.6256,Rice / Paddy,15.0,1.0,-15.0,-8.0,5.0,8.0,43.5,3.5,35.0,3.5,57.24,SCENARIO_ASSUMPTION,Simulated El Nino environmental shock parameters for stress testing
MODERATE_EL_NINO,Haryana,Bhiwani,29.1488,76.6256,Rice / Paddy,25.0,1.8,-30.0,-15.0,12.0,18.0,53.5,4.3,20.0,3.23,62.54,SCENARIO_ASSUMPTION,Simulated El Nino environmental shock parameters for stress testing
SEVERE_EL_NINO,Haryana,Bhiwani,29.1488,76.6256,Rice / Paddy,40.0,2.8,-50.0,-26.0,25.0,35.0,68.5,5.3,0.0,2.81,71.55,SCENARIO_ASSUMPTION,Simulated El Nino environmental shock parameters for stress testing
NORMAL,Haryana,Faridabad,29.7638,75.4856,Rice / Paddy,0.0,0.0,0.0,0.0,0.0,0.0,28.48,5.5,50.0,3.8,48.0,SCENARIO_ASSUMPTION,Simulated El Nino environmental shock parameters for stress testing
MILD_EL_NINO,Haryana,Faridabad,29.7638,75.4856,Rice / Paddy,15.0,1.0,-15.0,-8.0,5.0,8.0,43.480000000000004,6.5,35.0,3.5,51.84,SCENARIO_ASSUMPTION,Simulated El Nino environmental shock parameters for stress testing
MODERATE_EL_NINO,Haryana,Faridabad,29.7638,75.4856,Rice / Paddy,25.0,1.8,-30.0,-15.0,12.0,18.0,53.480000000000004,7.3,20.0,3.23,56.64,SCENARIO_ASSUMPTION,Simulated El Nino environmental shock parameters for stress testing
SEVERE_EL_NINO,Haryana,Faridabad,29.7638,75.4856,Rice / Paddy,40.0,2.8,-50.0,-26.0,25.0,35.0,68.48,8.3,0.0,2.81,64.8,SCENARIO_ASSUMPTION,Simulated El Nino environmental shock parameters for stress testing
NORMAL,Haryana,Fatehabad,28.9988,76.4906,Rice / Paddy,0.0,0.0,0.0,0.0,0.0,0.0,28.51,4.5,50.0,3.8,52.0,SCENARIO_ASSUMPTION,Simulated El Nino environmental shock parameters for stress testing
MILD_EL_NINO,Haryana,Fatehabad,28.9988,76.4906,Rice / Paddy,15.0,1.0,-15.0,-8.0,5.0,8.0,43.510000000000005,5.5,35.0,3.5,56.16,SCENARIO_ASSUMPTION,Simulated El Nino environmental shock parameters for stress testing
MODERATE_EL_NINO,Haryana,Fatehabad,28.9988,76.4906,Rice / Paddy,25.0,1.8,-30.0,-15.0,12.0,18.0,53.510000000000005,6.3,20.0,3.23,61.36,SCENARIO_ASSUMPTION,Simulated El Nino environmental shock parameters for stress testing
SEVERE_EL_NINO,Haryana,Fatehabad,28.9988,76.4906,Rice / Paddy,40.0,2.8,-50.0,-26.0,25.0,35.0,68.51,7.3,0.0,2.81,70.2,SCENARIO_ASSUMPTION,Simulated El Nino environmental shock parameters for stress testing
NORMAL,Haryana,Gurugram,29.3738,76.6856,Rice / Paddy,0.0,0.0,0.0,0.0,0.0,0.0,28.48,6.5,50.0,3.8,42.0,SCENARIO_ASSUMPTION,Simulated El Nino environmental shock parameters for stress testing
MILD_EL_NINO,Haryana,Gurugram,29.3738,76.6856,Rice / Paddy,15.0,1.0,-15.0,-8.0,5.0,8.0,43.480000000000004,7.5,35.0,3.5,45.36,SCENARIO_ASSUMPTION,Simulated El Nino environmental shock parameters for stress testing
MODERATE_EL_NINO,Haryana,Gurugram,29.3738,76.6856,Rice / Paddy,25.0,1.8,-30.0,-15.0,12.0,18.0,53.480000000000004,8.3,20.0,3.23,49.56,SCENARIO_ASSUMPTION,Simulated El Nino environmental shock parameters for stress testing
SEVERE_EL_NINO,Haryana,Gurugram,29.3738,76.6856,Rice / Paddy,40.0,2.8,-50.0,-26.0,25.0,35.0,68.48,9.3,0.0,2.81,56.7,SCENARIO_ASSUMPTION,Simulated El Nino environmental shock parameters for stress testing
NORMAL,Haryana,Hisar,28.7138,76.0856,Rice / Paddy,0.0,0.0,0.0,0.0,0.0,0.0,28.48,1.5,50.0,3.8,46.0,SCENARIO_ASSUMPTION,Simulated El Nino environmental shock parameters for stress testing
MILD_EL_NINO,Haryana,Hisar,28.7138,76.0856,Rice / Paddy,15.0,1.0,-15.0,-8.0,5.0,8.0,43.480000000000004,2.5,35.0,3.5,49.68,SCENARIO_ASSUMPTION,Simulated El Nino environmental shock parameters for stress testing
MODERATE_EL_NINO,Haryana,Hisar,28.7138,76.0856,Rice / Paddy,25.0,1.8,-30.0,-15.0,12.0,18.0,53.480000000000004,3.3,20.0,3.23,54.28,SCENARIO_ASSUMPTION,Simulated El Nino environmental shock parameters for stress testing
SEVERE_EL_NINO,Haryana,Hisar,28.7138,76.0856,Rice / Paddy,40.0,2.8,-50.0,-26.0,25.0,35.0,68.48,4.3,0.0,2.81,62.1,SCENARIO_ASSUMPTION,Simulated El Nino environmental shock parameters for stress testing
NORMAL,Haryana,Jhajjar,28.8638,75.7256,Rice / Paddy,0.0,0.0,0.0,0.0,0.0,0.0,28.51,2.5,50.0,3.8,47.0,SCENARIO_ASSUMPTION,Simulated El Nino environmental shock parameters for stress testing
MILD_EL_NINO,Haryana,Jhajjar,28.8638,75.7256,Rice / Paddy,15.0,1.0,-15.0,-8.0,5.0,8.0,43.510000000000005,3.5,35.0,3.5,50.76,SCENARIO_ASSUMPTION,Simulated El Nino environmental shock parameters for stress testing
MODERATE_EL_NINO,Haryana,Jhajjar,28.8638,75.7256,Rice / Paddy,25.0,1.8,-30.0,-15.0,12.0,18.0,53.510000000000005,4.3,20.0,3.23,55.46,SCENARIO_ASSUMPTION,Simulated El Nino environmental shock parameters for stress testing
SEVERE_EL_NINO,Haryana,Jhajjar,28.8638,75.7256,Rice / Paddy,40.0,2.8,-50.0,-26.0,25.0,35.0,68.51,5.3,0.0,2.81,63.45,SCENARIO_ASSUMPTION,Simulated El Nino environmental shock parameters for stress testing
NORMAL,Haryana,Jind,29.7938,76.0706,Rice / Paddy,0.0,0.0,0.0,0.0,0.0,0.0,28.49,5.5,50.0,3.8,52.0,SCENARIO_ASSUMPTION,Simulated El Nino environmental shock parameters for stress testing
MILD_EL_NINO,Haryana,Jind,29.7938,76.0706,Rice / Paddy,15.0,1.0,-15.0,-8.0,5.0,8.0,43.489999999999995,6.5,35.0,3.5,56.16,SCENARIO_ASSUMPTION,Simulated El Nino environmental shock parameters for stress testing
MODERATE_EL_NINO,Haryana,Jind,29.7938,76.0706,Rice / Paddy,25.0,1.8,-30.0,-15.0,12.0,18.0,53.489999999999995,7.3,20.0,3.23,61.36,SCENARIO_ASSUMPTION,Simulated El Nino environmental shock parameters for stress testing
SEVERE_EL_NINO,Haryana,Jind,29.7938,76.0706,Rice / Paddy,40.0,2.8,-50.0,-26.0,25.0,35.0,68.49,8.3,0.0,2.81,70.2,SCENARIO_ASSUMPTION,Simulated El Nino environmental shock parameters for stress testing
NORMAL,Haryana,Kaithal,29.4188,75.8306,Rice / Paddy,0.0,0.0,0.0,0.0,0.0,0.0,28.52,2.5,50.0,3.8,48.0,SCENARIO_ASSUMPTION,Simulated El Nino environmental shock parameters for stress testing
MILD_EL_NINO,Haryana,Kaithal,29.4188,75.8306,Rice / Paddy,15.0,1.0,-15.0,-8.0,5.0,8.0,43.519999999999996,3.5,35.0,3.5,51.84,SCENARIO_ASSUMPTION,Simulated El Nino environmental shock parameters for stress testing
MODERATE_EL_NINO,Haryana,Kaithal,29.4188,75.8306,Rice / Paddy,25.0,1.8,-30.0,-15.0,12.0,18.0,53.519999999999996,4.3,20.0,3.23,56.64,SCENARIO_ASSUMPTION,Simulated El Nino environmental shock parameters for stress testing
SEVERE_EL_NINO,Haryana,Kaithal,29.4188,75.8306,Rice / Paddy,40.0,2.8,-50.0,-26.0,25.0,35.0,68.52,5.3,0.0,2.81,64.8,SCENARIO_ASSUMPTION,Simulated El Nino environmental shock parameters for stress testing
NORMAL,Haryana,Karnal,28.6088,76.7006,Rice / Paddy,0.0,0.0,0.0,0.0,0.0,0.0,28.49,0.5,50.0,3.8,51.0,SCENARIO_ASSUMPTION,Simulated El Nino environmental shock parameters for stress testing
MILD_EL_NINO,Haryana,Karnal,28.6088,76.7006,Rice / Paddy,15.0,1.0,-15.0,-8.0,5.0,8.0,43.489999999999995,1.5,35.0,3.5,55.08,SCENARIO_ASSUMPTION,Simulated El Nino environmental shock parameters for stress testing
MODERATE_EL_NINO,Haryana,Karnal,28.6088,76.7006,Rice / Paddy,25.0,1.8,-30.0,-15.0,12.0,18.0,53.489999999999995,2.3,20.0,3.23,60.18,SCENARIO_ASSUMPTION,Simulated El Nino environmental shock parameters for stress testing
SEVERE_EL_NINO,Haryana,Karnal,28.6088,76.7006,Rice / Paddy,40.0,2.8,-50.0,-26.0,25.0,35.0,68.49,3.3,0.0,2.81,68.85,SCENARIO_ASSUMPTION,Simulated El Nino environmental shock parameters for stress testing
NORMAL,Haryana,Kurukshetra,28.6238,76.4456,Rice / Paddy,0.0,0.0,0.0,0.0,0.0,0.0,28.53,2.5,50.0,3.8,47.0,SCENARIO_ASSUMPTION,Simulated El Nino environmental shock parameters for stress testing
MILD_EL_NINO,Haryana,Kurukshetra,28.6238,76.4456,Rice / Paddy,15.0,1.0,-15.0,-8.0,5.0,8.0,43.53,3.5,35.0,3.5,50.76,SCENARIO_ASSUMPTION,Simulated El Nino environmental shock parameters for stress testing
MODERATE_EL_NINO,Haryana,Kurukshetra,28.6238,76.4456,Rice / Paddy,25.0,1.8,-30.0,-15.0,12.0,18.0,53.53,4.3,20.0,3.23,55.46,SCENARIO_ASSUMPTION,Simulated El Nino environmental shock parameters for stress testing
SEVERE_EL_NINO,Haryana,Kurukshetra,28.6238,76.4456,Rice / Paddy,40.0,2.8,-50.0,-26.0,25.0,35.0,68.53,5.3,0.0,2.81,63.45,SCENARIO_ASSUMPTION,Simulated El Nino environmental shock parameters for stress testing
NORMAL,Haryana,Mahendragarh,29.1188,75.7556,Rice / Paddy,0.0,0.0,0.0,0.0,0.0,0.0,28.51,0.5,50.0,3.8,45.0,SCENARIO_ASSUMPTION,Simulated El Nino environmental shock parameters for stress testing
MILD_EL_NINO,Haryana,Mahendragarh,29.1188,75.7556,Rice / Paddy,15.0,1.0,-15.0,-8.0,5.0,8.0,43.510000000000005,1.5,35.0,3.5,48.6,SCENARIO_ASSUMPTION,Simulated El Nino environmental shock parameters for stress testing
MODERATE_EL_NINO,Haryana,Mahendragarh,29.1188,75.7556,Rice / Paddy,25.0,1.8,-30.0,-15.0,12.0,18.0,53.510000000000005,2.3,20.0,3.23,53.1,SCENARIO_ASSUMPTION,Simulated El Nino environmental shock parameters for stress testing
SEVERE_EL_NINO,Haryana,Mahendragarh,29.1188,75.7556,Rice / Paddy,40.0,2.8,-50.0,-26.0,25.0,35.0,68.51,3.3,0.0,2.81,60.75,SCENARIO_ASSUMPTION,Simulated El Nino environmental shock parameters for stress testing
NORMAL,Haryana,Nuh,29.1938,75.9806,Rice / Paddy,0.0,0.0,0.0,0.0,0.0,0.0,28.48,2.5,50.0,3.8,51.0,SCENARIO_ASSUMPTION,Simulated El Nino environmental shock parameters for stress testing
MILD_EL_NINO,Haryana,Nuh,29.1938,75.9806,Rice / Paddy,15.0,1.0,-15.0,-8.0,5.0,8.0,43.480000000000004,3.5,35.0,3.5,55.08,SCENARIO_ASSUMPTION,Simulated El Nino environmental shock parameters for stress testing
MODERATE_EL_NINO,Haryana,Nuh,29.1938,75.9806,Rice / Paddy,25.0,1.8,-30.0,-15.0,12.0,18.0,53.480000000000004,4.3,20.0,3.23,60.18,SCENARIO_ASSUMPTION,Simulated El Nino environmental shock parameters for stress testing
SEVERE_EL_NINO,Haryana,Nuh,29.1938,75.9806,Rice / Paddy,40.0,2.8,-50.0,-26.0,25.0,35.0,68.48,5.3,0.0,2.81,68.85,SCENARIO_ASSUMPTION,Simulated El Nino environmental shock parameters for stress testing
NORMAL,Haryana,Palwal,28.6838,75.5456,Rice / Paddy,0.0,0.0,0.0,0.0,0.0,0.0,28.48,5.5,50.0,3.8,45.0,SCENARIO_ASSUMPTION,Simulated El Nino environmental shock parameters for stress testing
MILD_EL_NINO,Haryana,Palwal,28.6838,75.5456,Rice / Paddy,15.0,1.0,-15.0,-8.0,5.0,8.0,43.480000000000004,6.5,35.0,3.5,48.6,SCENARIO_ASSUMPTION,Simulated El Nino environmental shock parameters for stress testing
MODERATE_EL_NINO,Haryana,Palwal,28.6838,75.5456,Rice / Paddy,25.0,1.8,-30.0,-15.0,12.0,18.0,53.480000000000004,7.3,20.0,3.23,53.1,SCENARIO_ASSUMPTION,Simulated El Nino environmental shock parameters for stress testing
SEVERE_EL_NINO,Haryana,Palwal,28.6838,75.5456,Rice / Paddy,40.0,2.8,-50.0,-26.0,25.0,35.0,68.48,8.3,0.0,2.81,60.75,SCENARIO_ASSUMPTION,Simulated El Nino environmental shock parameters for stress testing
NORMAL,Haryana,Panchkula,29.0888,75.8906,Rice / Paddy,0.0,0.0,0.0,0.0,0.0,0.0,28.51,5.5,50.0,3.8,52.0,SCENARIO_ASSUMPTION,Simulated El Nino environmental shock parameters for stress testing
MILD_EL_NINO,Haryana,Panchkula,29.0888,75.8906,Rice / Paddy,15.0,1.0,-15.0,-8.0,5.0,8.0,43.510000000000005,6.5,35.0,3.5,56.16,SCENARIO_ASSUMPTION,Simulated El Nino environmental shock parameters for stress testing
MODERATE_EL_NINO,Haryana,Panchkula,29.0888,75.8906,Rice / Paddy,25.0,1.8,-30.0,-15.0,12.0,18.0,53.510000000000005,7.3,20.0,3.23,61.36,SCENARIO_ASSUMPTION,Simulated El Nino environmental shock parameters for stress testing
SEVERE_EL_NINO,Haryana,Panchkula,29.0888,75.8906,Rice / Paddy,40.0,2.8,-50.0,-26.0,25.0,35.0,68.51,8.3,0.0,2.81,70.2,SCENARIO_ASSUMPTION,Simulated El Nino environmental shock parameters for stress testing
NORMAL,Haryana,Panipat,29.3588,76.2356,Rice / Paddy,0.0,0.0,0.0,0.0,0.0,0.0,28.48,7.5,50.0,3.8,42.0,SCENARIO_ASSUMPTION,Simulated El Nino environmental shock parameters for stress testing
MILD_EL_NINO,Haryana,Panipat,29.3588,76.2356,Rice / Paddy,15.0,1.0,-15.0,-8.0,5.0,8.0,43.480000000000004,8.5,35.0,3.5,45.36,SCENARIO_ASSUMPTION,Simulated El Nino environmental shock parameters for stress testing
MODERATE_EL_NINO,Haryana,Panipat,29.3588,76.2356,Rice / Paddy,25.0,1.8,-30.0,-15.0,12.0,18.0,53.480000000000004,9.3,20.0,3.23,49.56,SCENARIO_ASSUMPTION,Simulated El Nino environmental shock parameters for stress testing
SEVERE_EL_NINO,Haryana,Panipat,29.3588,76.2356,Rice / Paddy,40.0,2.8,-50.0,-26.0,25.0,35.0,68.48,10.3,0.0,2.81,56.7,SCENARIO_ASSUMPTION,Simulated El Nino environmental shock parameters for stress testing
NORMAL,Haryana,Rewari,28.3688,76.2206,Rice / Paddy,0.0,0.0,0.0,0.0,0.0,0.0,28.51,6.5,50.0,3.8,42.0,SCENARIO_ASSUMPTION,Simulated El Nino environmental shock parameters for stress testing
MILD_EL_NINO,Haryana,Rewari,28.3688,76.2206,Rice / Paddy,15.0,1.0,-15.0,-8.0,5.0,8.0,43.510000000000005,7.5,35.0,3.5,45.36,SCENARIO_ASSUMPTION,Simulated El Nino environmental shock parameters for stress testing
MODERATE_EL_NINO,Haryana,Rewari,28.3688,76.2206,Rice / Paddy,25.0,1.8,-30.0,-15.0,12.0,18.0,53.510000000000005,8.3,20.0,3.23,49.56,SCENARIO_ASSUMPTION,Simulated El Nino environmental shock parameters for stress testing
SEVERE_EL_NINO,Haryana,Rewari,28.3688,76.2206,Rice / Paddy,40.0,2.8,-50.0,-26.0,25.0,35.0,68.51,9.3,0.0,2.81,56.7,SCENARIO_ASSUMPTION,Simulated El Nino environmental shock parameters for stress testing
NORMAL,Haryana,Rohtak,28.4288,75.3656,Rice / Paddy,0.0,0.0,0.0,0.0,0.0,0.0,28.48,0.5,50.0,3.8,46.0,SCENARIO_ASSUMPTION,Simulated El Nino environmental shock parameters for stress testing
MILD_EL_NINO,Haryana,Rohtak,28.4288,75.3656,Rice / Paddy,15.0,1.0,-15.0,-8.0,5.0,8.0,43.480000000000004,1.5,35.0,3.5,49.68,SCENARIO_ASSUMPTION,Simulated El Nino environmental shock parameters for stress testing
MODERATE_EL_NINO,Haryana,Rohtak,28.4288,75.3656,Rice / Paddy,25.0,1.8,-30.0,-15.0,12.0,18.0,53.480000000000004,2.3,20.0,3.23,54.28,SCENARIO_ASSUMPTION,Simulated El Nino environmental shock parameters for stress testing
SEVERE_EL_NINO,Haryana,Rohtak,28.4288,75.3656,Rice / Paddy,40.0,2.8,-50.0,-26.0,25.0,35.0,68.48,3.3,0.0,2.81,62.1,SCENARIO_ASSUMPTION,Simulated El Nino environmental shock parameters for stress testing
NORMAL,Haryana,Sirsa,28.6988,76.1756,Rice / Paddy,0.0,0.0,0.0,0.0,0.0,0.0,28.51,3.5,50.0,3.8,49.0,SCENARIO_ASSUMPTION,Simulated El Nino environmental shock parameters for stress testing
MILD_EL_NINO,Haryana,Sirsa,28.6988,76.1756,Rice / Paddy,15.0,1.0,-15.0,-8.0,5.0,8.0,43.510000000000005,4.5,35.0,3.5,52.92,SCENARIO_ASSUMPTION,Simulated El Nino environmental shock parameters for stress testing
MODERATE_EL_NINO,Haryana,Sirsa,28.6988,76.1756,Rice / Paddy,25.0,1.8,-30.0,-15.0,12.0,18.0,53.510000000000005,5.3,20.0,3.23,57.82,SCENARIO_ASSUMPTION,Simulated El Nino environmental shock parameters for stress testing
SEVERE_EL_NINO,Haryana,Sirsa,28.6988,76.1756,Rice / Paddy,40.0,2.8,-50.0,-26.0,25.0,35.0,68.51,6.3,0.0,2.81,66.15,SCENARIO_ASSUMPTION,Simulated El Nino environmental shock parameters for stress testing
NORMAL,Haryana,Sonipat,28.9538,76.6406,Rice / Paddy,0.0,0.0,0.0,0.0,0.0,0.0,28.47,3.5,50.0,3.8,46.0,SCENARIO_ASSUMPTION,Simulated El Nino environmental shock parameters for stress testing
MILD_EL_NINO,Haryana,Sonipat,28.9538,76.6406,Rice / Paddy,15.0,1.0,-15.0,-8.0,5.0,8.0,43.47,4.5,35.0,3.5,49.68,SCENARIO_ASSUMPTION,Simulated El Nino environmental shock parameters for stress testing
MODERATE_EL_NINO,Haryana,Sonipat,28.9538,76.6406,Rice / Paddy,25.0,1.8,-30.0,-15.0,12.0,18.0,53.47,5.3,20.0,3.23,54.28,SCENARIO_ASSUMPTION,Simulated El Nino environmental shock parameters for stress testing
SEVERE_EL_NINO,Haryana,Sonipat,28.9538,76.6406,Rice / Paddy,40.0,2.8,-50.0,-26.0,25.0,35.0,68.47,6.3,0.0,2.81,62.1,SCENARIO_ASSUMPTION,Simulated El Nino environmental shock parameters for stress testing
NORMAL,Haryana,Yamunanagar,29.4488,75.8456,Rice / Paddy,0.0,0.0,0.0,0.0,0.0,0.0,28.5,3.5,50.0,3.8,47.0,SCENARIO_ASSUMPTION,Simulated El Nino environmental shock parameters for stress testing
MILD_EL_NINO,Haryana,Yamunanagar,29.4488,75.8456,Rice / Paddy,15.0,1.0,-15.0,-8.0,5.0,8.0,43.5,4.5,35.0,3.5,50.76,SCENARIO_ASSUMPTION,Simulated El Nino environmental shock parameters for stress testing
MODERATE_EL_NINO,Haryana,Yamunanagar,29.4488,75.8456,Rice / Paddy,25.0,1.8,-30.0,-15.0,12.0,18.0,53.5,5.3,20.0,3.23,55.46,SCENARIO_ASSUMPTION,Simulated El Nino environmental shock parameters for stress testing
SEVERE_EL_NINO,Haryana,Yamunanagar,29.4488,75.8456,Rice / Paddy,40.0,2.8,-50.0,-26.0,25.0,35.0,68.5,6.3,0.0,2.81,63.45,SCENARIO_ASSUMPTION,Simulated El Nino environmental shock parameters for stress testing
NORMAL,Himachal Pradesh,Bilaspur,31.3898,77.5484,Rice / Paddy,0.0,0.0,0.0,0.0,0.0,0.0,28.51,1.5,50.0,2.5,43.0,SCENARIO_ASSUMPTION,Simulated El Nino environmental shock parameters for stress testing
MILD_EL_NINO,Himachal Pradesh,Bilaspur,31.3898,77.5484,Rice / Paddy,15.0,1.0,-15.0,-8.0,5.0,8.0,43.510000000000005,2.5,35.0,2.3,46.44,SCENARIO_ASSUMPTION,Simulated El Nino environmental shock parameters for stress testing
MODERATE_EL_NINO,Himachal Pradesh,Bilaspur,31.3898,77.5484,Rice / Paddy,25.0,1.8,-30.0,-15.0,12.0,18.0,53.510000000000005,3.3,20.0,2.12,50.74,SCENARIO_ASSUMPTION,Simulated El Nino environmental shock parameters for stress testing
SEVERE_EL_NINO,Himachal Pradesh,Bilaspur,31.3898,77.5484,Rice / Paddy,40.0,2.8,-50.0,-26.0,25.0,35.0,68.51,4.3,0.0,1.85,58.05,SCENARIO_ASSUMPTION,Simulated El Nino environmental shock parameters for stress testing
NORMAL,Himachal Pradesh,Chamba,31.6748,76.5134,Rice / Paddy,0.0,0.0,0.0,0.0,0.0,0.0,28.5,3.5,50.0,2.5,44.0,SCENARIO_ASSUMPTION,Simulated El Nino environmental shock parameters for stress testing
MILD_EL_NINO,Himachal Pradesh,Chamba,31.6748,76.5134,Rice / Paddy,15.0,1.0,-15.0,-8.0,5.0,8.0,43.5,4.5,35.0,2.3,47.52,SCENARIO_ASSUMPTION,Simulated El Nino environmental shock parameters for stress testing
MODERATE_EL_NINO,Himachal Pradesh,Chamba,31.6748,76.5134,Rice / Paddy,25.0,1.8,-30.0,-15.0,12.0,18.0,53.5,5.3,20.0,2.12,51.92,SCENARIO_ASSUMPTION,Simulated El Nino environmental shock parameters for stress testing
SEVERE_EL_NINO,Himachal Pradesh,Chamba,31.6748,76.5134,Rice / Paddy,40.0,2.8,-50.0,-26.0,25.0,35.0,68.5,6.3,0.0,1.85,59.4,SCENARIO_ASSUMPTION,Simulated El Nino environmental shock parameters for stress testing
NORMAL,Himachal Pradesh,Hamirpur,31.1948,77.5784,Rice / Paddy,0.0,0.0,0.0,0.0,0.0,0.0,28.53,3.5,50.0,2.5,52.0,SCENARIO_ASSUMPTION,Simulated El Nino environmental shock parameters for stress testing
MILD_EL_NINO,Himachal Pradesh,Hamirpur,31.1948,77.5784,Rice / Paddy,15.0,1.0,-15.0,-8.0,5.0,8.0,43.53,4.5,35.0,2.3,56.16,SCENARIO_ASSUMPTION,Simulated El Nino environmental shock parameters for stress testing
MODERATE_EL_NINO,Himachal Pradesh,Hamirpur,31.1948,77.5784,Rice / Paddy,25.0,1.8,-30.0,-15.0,12.0,18.0,53.53,5.3,20.0,2.12,61.36,SCENARIO_ASSUMPTION,Simulated El Nino environmental shock parameters for stress testing
SEVERE_EL_NINO,Himachal Pradesh,Hamirpur,31.1948,77.5784,Rice / Paddy,40.0,2.8,-50.0,-26.0,25.0,35.0,68.53,6.3,0.0,1.85,70.2,SCENARIO_ASSUMPTION,Simulated El Nino environmental shock parameters for stress testing
NORMAL,Himachal Pradesh,Kangra,30.7598,76.4834,Rice / Paddy,0.0,0.0,0.0,0.0,0.0,0.0,28.53,3.5,50.0,2.5,43.0,SCENARIO_ASSUMPTION,Simulated El Nino environmental shock parameters for stress testing
MILD_EL_NINO,Himachal Pradesh,Kangra,30.7598,76.4834,Rice / Paddy,15.0,1.0,-15.0,-8.0,5.0,8.0,43.53,4.5,35.0,2.3,46.44,SCENARIO_ASSUMPTION,Simulated El Nino environmental shock parameters for stress testing
MODERATE_EL_NINO,Himachal Pradesh,Kangra,30.7598,76.4834,Rice / Paddy,25.0,1.8,-30.0,-15.0,12.0,18.0,53.53,5.3,20.0,2.12,50.74,SCENARIO_ASSUMPTION,Simulated El Nino environmental shock parameters for stress testing
SEVERE_EL_NINO,Himachal Pradesh,Kangra,30.7598,76.4834,Rice / Paddy,40.0,2.8,-50.0,-26.0,25.0,35.0,68.53,6.3,0.0,1.85,58.05,SCENARIO_ASSUMPTION,Simulated El Nino environmental shock parameters for stress testing
NORMAL,Himachal Pradesh,Kinnaur,31.6148,77.2034,Rice / Paddy,0.0,0.0,0.0,0.0,0.0,0.0,28.54,6.5,50.0,2.5,49.0,SCENARIO_ASSUMPTION,Simulated El Nino environmental shock parameters for stress testing
MILD_EL_NINO,Himachal Pradesh,Kinnaur,31.6148,77.2034,Rice / Paddy,15.0,1.0,-15.0,-8.0,5.0,8.0,43.54,7.5,35.0,2.3,52.92,SCENARIO_ASSUMPTION,Simulated El Nino environmental shock parameters for stress testing
MODERATE_EL_NINO,Himachal Pradesh,Kinnaur,31.6148,77.2034,Rice / Paddy,25.0,1.8,-30.0,-15.0,12.0,18.0,53.54,8.3,20.0,2.12,57.82,SCENARIO_ASSUMPTION,Simulated El Nino environmental shock parameters for stress testing
SEVERE_EL_NINO,Himachal Pradesh,Kinnaur,31.6148,77.2034,Rice / Paddy,40.0,2.8,-50.0,-26.0,25.0,35.0,68.53999999999999,9.3,0.0,1.85,66.15,SCENARIO_ASSUMPTION,Simulated El Nino environmental shock parameters for stress testing
NORMAL,Himachal Pradesh,Kullu,31.1498,77.5034,Rice / Paddy,0.0,0.0,0.0,0.0,0.0,0.0,28.5,2.5,50.0,2.5,45.0,SCENARIO_ASSUMPTION,Simulated El Nino environmental shock parameters for stress testing
MILD_EL_NINO,Himachal Pradesh,Kullu,31.1498,77.5034,Rice / Paddy,15.0,1.0,-15.0,-8.0,5.0,8.0,43.5,3.5,35.0,2.3,48.6,SCENARIO_ASSUMPTION,Simulated El Nino environmental shock parameters for stress testing
MODERATE_EL_NINO,Himachal Pradesh,Kullu,31.1498,77.5034,Rice / Paddy,25.0,1.8,-30.0,-15.0,12.0,18.0,53.5,4.3,20.0,2.12,53.1,SCENARIO_ASSUMPTION,Simulated El Nino environmental shock parameters for stress testing
SEVERE_EL_NINO,Himachal Pradesh,Kullu,31.1498,77.5034,Rice / Paddy,40.0,2.8,-50.0,-26.0,25.0,35.0,68.5,5.3,0.0,1.85,60.75,SCENARIO_ASSUMPTION,Simulated El Nino environmental shock parameters for stress testing
NORMAL,Himachal Pradesh,Lahaul and Spiti,31.7048,77.5934,Rice / Paddy,0.0,0.0,0.0,0.0,0.0,0.0,28.51,2.5,50.0,2.5,48.0,SCENARIO_ASSUMPTION,Simulated El Nino environmental shock parameters for stress testing
MILD_EL_NINO,Himachal Pradesh,Lahaul and Spiti,31.7048,77.5934,Rice / Paddy,15.0,1.0,-15.0,-8.0,5.0,8.0,43.510000000000005,3.5,35.0,2.3,51.84,SCENARIO_ASSUMPTION,Simulated El Nino environmental shock parameters for stress testing
MODERATE_EL_NINO,Himachal Pradesh,Lahaul and Spiti,31.7048,77.5934,Rice / Paddy,25.0,1.8,-30.0,-15.0,12.0,18.0,53.510000000000005,4.3,20.0,2.12,56.64,SCENARIO_ASSUMPTION,Simulated El Nino environmental shock parameters for stress testing
SEVERE_EL_NINO,Himachal Pradesh,Lahaul and Spiti,31.7048,77.5934,Rice / Paddy,40.0,2.8,-50.0,-26.0,25.0,35.0,68.51,5.3,0.0,1.85,64.8,SCENARIO_ASSUMPTION,Simulated El Nino environmental shock parameters for stress testing
NORMAL,Himachal Pradesh,Mandi,30.9548,76.8284,Rice / Paddy,0.0,0.0,0.0,0.0,0.0,0.0,28.51,2.5,50.0,2.5,48.0,SCENARIO_ASSUMPTION,Simulated El Nino environmental shock parameters for stress testing
MILD_EL_NINO,Himachal Pradesh,Mandi,30.9548,76.8284,Rice / Paddy,15.0,1.0,-15.0,-8.0,5.0,8.0,43.510000000000005,3.5,35.0,2.3,51.84,SCENARIO_ASSUMPTION,Simulated El Nino environmental shock parameters for stress testing
MODERATE_EL_NINO,Himachal Pradesh,Mandi,30.9548,76.8284,Rice / Paddy,25.0,1.8,-30.0,-15.0,12.0,18.0,53.510000000000005,4.3,20.0,2.12,56.64,SCENARIO_ASSUMPTION,Simulated El Nino environmental shock parameters for stress testing
SEVERE_EL_NINO,Himachal Pradesh,Mandi,30.9548,76.8284,Rice / Paddy,40.0,2.8,-50.0,-26.0,25.0,35.0,68.51,5.3,0.0,1.85,64.8,SCENARIO_ASSUMPTION,Simulated El Nino environmental shock parameters for stress testing
NORMAL,Himachal Pradesh,Shimla,30.8348,77.4434,Rice / Paddy,0.0,0.0,0.0,0.0,0.0,0.0,28.47,5.5,50.0,2.5,44.0,SCENARIO_ASSUMPTION,Simulated El Nino environmental shock parameters for stress testing
MILD_EL_NINO,Himachal Pradesh,Shimla,30.8348,77.4434,Rice / Paddy,15.0,1.0,-15.0,-8.0,5.0,8.0,43.47,6.5,35.0,2.3,47.52,SCENARIO_ASSUMPTION,Simulated El Nino environmental shock parameters for stress testing
MODERATE_EL_NINO,Himachal Pradesh,Shimla,30.8348,77.4434,Rice / Paddy,25.0,1.8,-30.0,-15.0,12.0,18.0,53.47,7.3,20.0,2.12,51.92,SCENARIO_ASSUMPTION,Simulated El Nino environmental shock parameters for stress testing
SEVERE_EL_NINO,Himachal Pradesh,Shimla,30.8348,77.4434,Rice / Paddy,40.0,2.8,-50.0,-26.0,25.0,35.0,68.47,8.3,0.0,1.85,59.4,SCENARIO_ASSUMPTION,Simulated El Nino environmental shock parameters for stress testing
NORMAL,Himachal Pradesh,Sirmaur,31.0148,77.0234,Rice / Paddy,0.0,0.0,0.0,0.0,0.0,0.0,28.5,2.5,50.0,2.5,44.0,SCENARIO_ASSUMPTION,Simulated El Nino environmental shock parameters for stress testing
MILD_EL_NINO,Himachal Pradesh,Sirmaur,31.0148,77.0234,Rice / Paddy,15.0,1.0,-15.0,-8.0,5.0,8.0,43.5,3.5,35.0,2.3,47.52,SCENARIO_ASSUMPTION,Simulated El Nino environmental shock parameters for stress testing
MODERATE_EL_NINO,Himachal Pradesh,Sirmaur,31.0148,77.0234,Rice / Paddy,25.0,1.8,-30.0,-15.0,12.0,18.0,53.5,4.3,20.0,2.12,51.92,SCENARIO_ASSUMPTION,Simulated El Nino environmental shock parameters for stress testing
SEVERE_EL_NINO,Himachal Pradesh,Sirmaur,31.0148,77.0234,Rice / Paddy,40.0,2.8,-50.0,-26.0,25.0,35.0,68.5,5.3,0.0,1.85,59.4,SCENARIO_ASSUMPTION,Simulated El Nino environmental shock parameters for stress testing
NORMAL,Himachal Pradesh,Solan,31.2548,76.6484,Rice / Paddy,0.0,0.0,0.0,0.0,0.0,0.0,28.5,4.5,50.0,2.5,44.0,SCENARIO_ASSUMPTION,Simulated El Nino environmental shock parameters for stress testing
MILD_EL_NINO,Himachal Pradesh,Solan,31.2548,76.6484,Rice / Paddy,15.0,1.0,-15.0,-8.0,5.0,8.0,43.5,5.5,35.0,2.3,47.52,SCENARIO_ASSUMPTION,Simulated El Nino environmental shock parameters for stress testing
MODERATE_EL_NINO,Himachal Pradesh,Solan,31.2548,76.6484,Rice / Paddy,25.0,1.8,-30.0,-15.0,12.0,18.0,53.5,6.3,20.0,2.12,51.92,SCENARIO_ASSUMPTION,Simulated El Nino environmental shock parameters for stress testing
SEVERE_EL_NINO,Himachal Pradesh,Solan,31.2548,76.6484,Rice / Paddy,40.0,2.8,-50.0,-26.0,25.0,35.0,68.5,7.3,0.0,1.85,59.4,SCENARIO_ASSUMPTION,Simulated El Nino environmental shock parameters for stress testing
NORMAL,Himachal Pradesh,Una,31.1198,76.5884,Rice / Paddy,0.0,0.0,0.0,0.0,0.0,0.0,28.51,4.5,50.0,2.5,52.0,SCENARIO_ASSUMPTION,Simulated El Nino environmental shock parameters for stress testing
MILD_EL_NINO,Himachal Pradesh,Una,31.1198,76.5884,Rice / Paddy,15.0,1.0,-15.0,-8.0,5.0,8.0,43.510000000000005,5.5,35.0,2.3,56.16,SCENARIO_ASSUMPTION,Simulated El Nino environmental shock parameters for stress testing
MODERATE_EL_NINO,Himachal Pradesh,Una,31.1198,76.5884,Rice / Paddy,25.0,1.8,-30.0,-15.0,12.0,18.0,53.510000000000005,6.3,20.0,2.12,61.36,SCENARIO_ASSUMPTION,Simulated El Nino environmental shock parameters for stress testing
SEVERE_EL_NINO,Himachal Pradesh,Una,31.1198,76.5884,Rice / Paddy,40.0,2.8,-50.0,-26.0,25.0,35.0,68.51,7.3,0.0,1.85,70.2,SCENARIO_ASSUMPTION,Simulated El Nino environmental shock parameters for stress testing
NORMAL,Jharkhand,Bokaro,24.0152,85.3999,Rice / Paddy,0.0,0.0,0.0,0.0,0.0,0.0,28.48,1.5,50.0,2.5,51.0,SCENARIO_ASSUMPTION,Simulated El Nino environmental shock parameters for stress testing
MILD_EL_NINO,Jharkhand,Bokaro,24.0152,85.3999,Rice / Paddy,15.0,1.0,-15.0,-8.0,5.0,8.0,43.480000000000004,2.5,35.0,2.3,55.08,SCENARIO_ASSUMPTION,Simulated El Nino environmental shock parameters for stress testing
MODERATE_EL_NINO,Jharkhand,Bokaro,24.0152,85.3999,Rice / Paddy,25.0,1.8,-30.0,-15.0,12.0,18.0,53.480000000000004,3.3,20.0,2.12,60.18,SCENARIO_ASSUMPTION,Simulated El Nino environmental shock parameters for stress testing
SEVERE_EL_NINO,Jharkhand,Bokaro,24.0152,85.3999,Rice / Paddy,40.0,2.8,-50.0,-26.0,25.0,35.0,68.48,4.3,0.0,1.85,68.85,SCENARIO_ASSUMPTION,Simulated El Nino environmental shock parameters for stress testing
NORMAL,Jharkhand,Chatra,23.9102,85.9249,Rice / Paddy,0.0,0.0,0.0,0.0,0.0,0.0,28.5,5.5,50.0,2.5,43.0,SCENARIO_ASSUMPTION,Simulated El Nino environmental shock parameters for stress testing
MILD_EL_NINO,Jharkhand,Chatra,23.9102,85.9249,Rice / Paddy,15.0,1.0,-15.0,-8.0,5.0,8.0,43.5,6.5,35.0,2.3,46.44,SCENARIO_ASSUMPTION,Simulated El Nino environmental shock parameters for stress testing
MODERATE_EL_NINO,Jharkhand,Chatra,23.9102,85.9249,Rice / Paddy,25.0,1.8,-30.0,-15.0,12.0,18.0,53.5,7.3,20.0,2.12,50.74,SCENARIO_ASSUMPTION,Simulated El Nino environmental shock parameters for stress testing
SEVERE_EL_NINO,Jharkhand,Chatra,23.9102,85.9249,Rice / Paddy,40.0,2.8,-50.0,-26.0,25.0,35.0,68.5,8.3,0.0,1.85,58.05,SCENARIO_ASSUMPTION,Simulated El Nino environmental shock parameters for stress testing
NORMAL,Jharkhand,Deoghar,23.7452,85.3099,Rice / Paddy,0.0,0.0,0.0,0.0,0.0,0.0,28.48,5.5,50.0,2.5,44.0,SCENARIO_ASSUMPTION,Simulated El Nino environmental shock parameters for stress testing
MILD_EL_NINO,Jharkhand,Deoghar,23.7452,85.3099,Rice / Paddy,15.0,1.0,-15.0,-8.0,5.0,8.0,43.480000000000004,6.5,35.0,2.3,47.52,SCENARIO_ASSUMPTION,Simulated El Nino environmental shock parameters for stress testing
MODERATE_EL_NINO,Jharkhand,Deoghar,23.7452,85.3099,Rice / Paddy,25.0,1.8,-30.0,-15.0,12.0,18.0,53.480000000000004,7.3,20.0,2.12,51.92,SCENARIO_ASSUMPTION,Simulated El Nino environmental shock parameters for stress testing
SEVERE_EL_NINO,Jharkhand,Deoghar,23.7452,85.3099,Rice / Paddy,40.0,2.8,-50.0,-26.0,25.0,35.0,68.48,8.3,0.0,1.85,59.4,SCENARIO_ASSUMPTION,Simulated El Nino environmental shock parameters for stress testing
NORMAL,Jharkhand,Dhanbad,23.9402,85.5499,Rice / Paddy,0.0,0.0,0.0,0.0,0.0,0.0,28.49,7.5,50.0,2.5,51.0,SCENARIO_ASSUMPTION,Simulated El Nino environmental shock parameters for stress testing
MILD_EL_NINO,Jharkhand,Dhanbad,23.9402,85.5499,Rice / Paddy,15.0,1.0,-15.0,-8.0,5.0,8.0,43.489999999999995,8.5,35.0,2.3,55.08,SCENARIO_ASSUMPTION,Simulated El Nino environmental shock parameters for stress testing
MODERATE_EL_NINO,Jharkhand,Dhanbad,23.9402,85.5499,Rice / Paddy,25.0,1.8,-30.0,-15.0,12.0,18.0,53.489999999999995,9.3,20.0,2.12,60.18,SCENARIO_ASSUMPTION,Simulated El Nino environmental shock parameters for stress testing
SEVERE_EL_NINO,Jharkhand,Dhanbad,23.9402,85.5499,Rice / Paddy,40.0,2.8,-50.0,-26.0,25.0,35.0,68.49,10.3,0.0,1.85,68.85,SCENARIO_ASSUMPTION,Simulated El Nino environmental shock parameters for stress testing
NORMAL,Jharkhand,Dumka,23.8802,85.0399,Rice / Paddy,0.0,0.0,0.0,0.0,0.0,0.0,28.48,0.5,50.0,2.5,46.0,SCENARIO_ASSUMPTION,Simulated El Nino environmental shock parameters for stress testing
MILD_EL_NINO,Jharkhand,Dumka,23.8802,85.0399,Rice / Paddy,15.0,1.0,-15.0,-8.0,5.0,8.0,43.480000000000004,1.5,35.0,2.3,49.68,SCENARIO_ASSUMPTION,Simulated El Nino environmental shock parameters for stress testing
MODERATE_EL_NINO,Jharkhand,Dumka,23.8802,85.0399,Rice / Paddy,25.0,1.8,-30.0,-15.0,12.0,18.0,53.480000000000004,2.3,20.0,2.12,54.28,SCENARIO_ASSUMPTION,Simulated El Nino environmental shock parameters for stress testing
SEVERE_EL_NINO,Jharkhand,Dumka,23.8802,85.0399,Rice / Paddy,40.0,2.8,-50.0,-26.0,25.0,35.0,68.48,3.3,0.0,1.85,62.1,SCENARIO_ASSUMPTION,Simulated El Nino environmental shock parameters for stress testing
NORMAL,Jharkhand,East Singhbhum,22.9952,85.6549,Rice / Paddy,0.0,0.0,0.0,0.0,0.0,0.0,28.5,1.5,50.0,2.5,44.0,SCENARIO_ASSUMPTION,Simulated El Nino environmental shock parameters for stress testing
MILD_EL_NINO,Jharkhand,East Singhbhum,22.9952,85.6549,Rice / Paddy,15.0,1.0,-15.0,-8.0,5.0,8.0,43.5,2.5,35.0,2.3,47.52,SCENARIO_ASSUMPTION,Simulated El Nino environmental shock parameters for stress testing
MODERATE_EL_NINO,Jharkhand,East Singhbhum,22.9952,85.6549,Rice / Paddy,25.0,1.8,-30.0,-15.0,12.0,18.0,53.5,3.3,20.0,2.12,51.92,SCENARIO_ASSUMPTION,Simulated El Nino environmental shock parameters for stress testing
SEVERE_EL_NINO,Jharkhand,East Singhbhum,22.9952,85.6549,Rice / Paddy,40.0,2.8,-50.0,-26.0,25.0,35.0,68.5,4.3,0.0,1.85,59.4,SCENARIO_ASSUMPTION,Simulated El Nino environmental shock parameters for stress testing
NORMAL,Jharkhand,Garhwa,24.0302,84.8299,Rice / Paddy,0.0,0.0,0.0,0.0,0.0,0.0,28.49,6.5,50.0,2.5,49.0,SCENARIO_ASSUMPTION,Simulated El Nino environmental shock parameters for stress testing
MILD_EL_NINO,Jharkhand,Garhwa,24.0302,84.8299,Rice / Paddy,15.0,1.0,-15.0,-8.0,5.0,8.0,43.489999999999995,7.5,35.0,2.3,52.92,SCENARIO_ASSUMPTION,Simulated El Nino environmental shock parameters for stress testing
MODERATE_EL_NINO,Jharkhand,Garhwa,24.0302,84.8299,Rice / Paddy,25.0,1.8,-30.0,-15.0,12.0,18.0,53.489999999999995,8.3,20.0,2.12,57.82,SCENARIO_ASSUMPTION,Simulated El Nino environmental shock parameters for stress testing
SEVERE_EL_NINO,Jharkhand,Garhwa,24.0302,84.8299,Rice / Paddy,40.0,2.8,-50.0,-26.0,25.0,35.0,68.49,9.3,0.0,1.85,66.15,SCENARIO_ASSUMPTION,Simulated El Nino environmental shock parameters for stress testing
NORMAL,Jharkhand,Giridih,24.0002,84.7099,Rice / Paddy,0.0,0.0,0.0,0.0,0.0,0.0,28.5,1.5,50.0,2.5,52.0,SCENARIO_ASSUMPTION,Simulated El Nino environmental shock parameters for stress testing
MILD_EL_NINO,Jharkhand,Giridih,24.0002,84.7099,Rice / Paddy,15.0,1.0,-15.0,-8.0,5.0,8.0,43.5,2.5,35.0,2.3,56.16,SCENARIO_ASSUMPTION,Simulated El Nino environmental shock parameters for stress testing
MODERATE_EL_NINO,Jharkhand,Giridih,24.0002,84.7099,Rice / Paddy,25.0,1.8,-30.0,-15.0,12.0,18.0,53.5,3.3,20.0,2.12,61.36,SCENARIO_ASSUMPTION,Simulated El Nino environmental shock parameters for stress testing
SEVERE_EL_NINO,Jharkhand,Giridih,24.0002,84.7099,Rice / Paddy,40.0,2.8,-50.0,-26.0,25.0,35.0,68.5,4.3,0.0,1.85,70.2,SCENARIO_ASSUMPTION,Simulated El Nino environmental shock parameters for stress testing
NORMAL,Jharkhand,Godda,24.0902,85.3999,Rice / Paddy,0.0,0.0,0.0,0.0,0.0,0.0,28.5,0.5,50.0,2.5,49.0,SCENARIO_ASSUMPTION,Simulated El Nino environmental shock parameters for stress testing
MILD_EL_NINO,Jharkhand,Godda,24.0902,85.3999,Rice / Paddy,15.0,1.0,-15.0,-8.0,5.0,8.0,43.5,1.5,35.0,2.3,52.92,SCENARIO_ASSUMPTION,Simulated El Nino environmental shock parameters for stress testing
MODERATE_EL_NINO,Jharkhand,Godda,24.0902,85.3999,Rice / Paddy,25.0,1.8,-30.0,-15.0,12.0,18.0,53.5,2.3,20.0,2.12,57.82,SCENARIO_ASSUMPTION,Simulated El Nino environmental shock parameters for stress testing
SEVERE_EL_NINO,Jharkhand,Godda,24.0902,85.3999,Rice / Paddy,40.0,2.8,-50.0,-26.0,25.0,35.0,68.5,3.3,0.0,1.85,66.15,SCENARIO_ASSUMPTION,Simulated El Nino environmental shock parameters for stress testing
NORMAL,Jharkhand,Gumla,23.1902,84.8449,Rice / Paddy,0.0,0.0,0.0,0.0,0.0,0.0,28.5,6.5,50.0,2.5,43.0,SCENARIO_ASSUMPTION,Simulated El Nino environmental shock parameters for stress testing
MILD_EL_NINO,Jharkhand,Gumla,23.1902,84.8449,Rice / Paddy,15.0,1.0,-15.0,-8.0,5.0,8.0,43.5,7.5,35.0,2.3,46.44,SCENARIO_ASSUMPTION,Simulated El Nino environmental shock parameters for stress testing
MODERATE_EL_NINO,Jharkhand,Gumla,23.1902,84.8449,Rice / Paddy,25.0,1.8,-30.0,-15.0,12.0,18.0,53.5,8.3,20.0,2.12,50.74,SCENARIO_ASSUMPTION,Simulated El Nino environmental shock parameters for stress testing
SEVERE_EL_NINO,Jharkhand,Gumla,23.1902,84.8449,Rice / Paddy,40.0,2.8,-50.0,-26.0,25.0,35.0,68.5,9.3,0.0,1.85,58.05,SCENARIO_ASSUMPTION,Simulated El Nino environmental shock parameters for stress testing
NORMAL,Jharkhand,Hazaribag,23.7452,84.8149,Rice / Paddy,0.0,0.0,0.0,0.0,0.0,0.0,28.5,4.5,50.0,2.5,45.0,SCENARIO_ASSUMPTION,Simulated El Nino environmental shock parameters for stress testing
MILD_EL_NINO,Jharkhand,Hazaribag,23.7452,84.8149,Rice / Paddy,15.0,1.0,-15.0,-8.0,5.0,8.0,43.5,5.5,35.0,2.3,48.6,SCENARIO_ASSUMPTION,Simulated El Nino environmental shock parameters for stress testing
MODERATE_EL_NINO,Jharkhand,Hazaribag,23.7452,84.8149,Rice / Paddy,25.0,1.8,-30.0,-15.0,12.0,18.0,53.5,6.3,20.0,2.12,53.1,SCENARIO_ASSUMPTION,Simulated El Nino environmental shock parameters for stress testing
SEVERE_EL_NINO,Jharkhand,Hazaribag,23.7452,84.8149,Rice / Paddy,40.0,2.8,-50.0,-26.0,25.0,35.0,68.5,7.3,0.0,1.85,60.75,SCENARIO_ASSUMPTION,Simulated El Nino environmental shock parameters for stress testing
NORMAL,Jharkhand,Jamtara,23.9252,85.7749,Rice / Paddy,0.0,0.0,0.0,0.0,0.0,0.0,28.51,3.5,50.0,2.5,53.0,SCENARIO_ASSUMPTION,Simulated El Nino environmental shock parameters for stress testing
MILD_EL_NINO,Jharkhand,Jamtara,23.9252,85.7749,Rice / Paddy,15.0,1.0,-15.0,-8.0,5.0,8.0,43.510000000000005,4.5,35.0,2.3,57.24,SCENARIO_ASSUMPTION,Simulated El Nino environmental shock parameters for stress testing
MODERATE_EL_NINO,Jharkhand,Jamtara,23.9252,85.7749,Rice / Paddy,25.0,1.8,-30.0,-15.0,12.0,18.0,53.510000000000005,5.3,20.0,2.12,62.54,SCENARIO_ASSUMPTION,Simulated El Nino environmental shock parameters for stress testing
SEVERE_EL_NINO,Jharkhand,Jamtara,23.9252,85.7749,Rice / Paddy,40.0,2.8,-50.0,-26.0,25.0,35.0,68.51,6.3,0.0,1.85,71.55,SCENARIO_ASSUMPTION,Simulated El Nino environmental shock parameters for stress testing
NORMAL,Jharkhand,Khunti,23.4452,85.6849,Rice / Paddy,0.0,0.0,0.0,0.0,0.0,0.0,28.49,6.5,50.0,2.5,42.0,SCENARIO_ASSUMPTION,Simulated El Nino environmental shock parameters for stress testing
MILD_EL_NINO,Jharkhand,Khunti,23.4452,85.6849,Rice / Paddy,15.0,1.0,-15.0,-8.0,5.0,8.0,43.489999999999995,7.5,35.0,2.3,45.36,SCENARIO_ASSUMPTION,Simulated El Nino environmental shock parameters for stress testing
MODERATE_EL_NINO,Jharkhand,Khunti,23.4452,85.6849,Rice / Paddy,25.0,1.8,-30.0,-15.0,12.0,18.0,53.489999999999995,8.3,20.0,2.12,49.56,SCENARIO_ASSUMPTION,Simulated El Nino environmental shock parameters for stress testing
SEVERE_EL_NINO,Jharkhand,Khunti,23.4452,85.6849,Rice / Paddy,40.0,2.8,-50.0,-26.0,25.0,35.0,68.49,9.3,0.0,1.85,56.7,SCENARIO_ASSUMPTION,Simulated El Nino environmental shock parameters for stress testing
NORMAL,Jharkhand,Koderma,24.0752,85.8199,Rice / Paddy,0.0,0.0,0.0,0.0,0.0,0.0,28.48,4.5,50.0,2.5,49.0,SCENARIO_ASSUMPTION,Simulated El Nino environmental shock parameters for stress testing
MILD_EL_NINO,Jharkhand,Koderma,24.0752,85.8199,Rice / Paddy,15.0,1.0,-15.0,-8.0,5.0,8.0,43.480000000000004,5.5,35.0,2.3,52.92,SCENARIO_ASSUMPTION,Simulated El Nino environmental shock parameters for stress testing
MODERATE_EL_NINO,Jharkhand,Koderma,24.0752,85.8199,Rice / Paddy,25.0,1.8,-30.0,-15.0,12.0,18.0,53.480000000000004,6.3,20.0,2.12,57.82,SCENARIO_ASSUMPTION,Simulated El Nino environmental shock parameters for stress testing
SEVERE_EL_NINO,Jharkhand,Koderma,24.0752,85.8199,Rice / Paddy,40.0,2.8,-50.0,-26.0,25.0,35.0,68.48,7.3,0.0,1.85,66.15,SCENARIO_ASSUMPTION,Simulated El Nino environmental shock parameters for stress testing
NORMAL,Jharkhand,Latehar,23.4752,85.0099,Rice / Paddy,0.0,0.0,0.0,0.0,0.0,0.0,28.47,0.5,50.0,2.5,49.0,SCENARIO_ASSUMPTION,Simulated El Nino environmental shock parameters for stress testing
MILD_EL_NINO,Jharkhand,Latehar,23.4752,85.0099,Rice / Paddy,15.0,1.0,-15.0,-8.0,5.0,8.0,43.47,1.5,35.0,2.3,52.92,SCENARIO_ASSUMPTION,Simulated El Nino environmental shock parameters for stress testing
MODERATE_EL_NINO,Jharkhand,Latehar,23.4752,85.0099,Rice / Paddy,25.0,1.8,-30.0,-15.0,12.0,18.0,53.47,2.3,20.0,2.12,57.82,SCENARIO_ASSUMPTION,Simulated El Nino environmental shock parameters for stress testing
SEVERE_EL_NINO,Jharkhand,Latehar,23.4752,85.0099,Rice / Paddy,40.0,2.8,-50.0,-26.0,25.0,35.0,68.47,3.3,0.0,1.85,66.15,SCENARIO_ASSUMPTION,Simulated El Nino environmental shock parameters for stress testing
NORMAL,Jharkhand,Lohardaga,24.2402,85.5349,Rice / Paddy,0.0,0.0,0.0,0.0,0.0,0.0,28.51,2.5,50.0,2.5,51.0,SCENARIO_ASSUMPTION,Simulated El Nino environmental shock parameters for stress testing
MILD_EL_NINO,Jharkhand,Lohardaga,24.2402,85.5349,Rice / Paddy,15.0,1.0,-15.0,-8.0,5.0,8.0,43.510000000000005,3.5,35.0,2.3,55.08,SCENARIO_ASSUMPTION,Simulated El Nino environmental shock parameters for stress testing
MODERATE_EL_NINO,Jharkhand,Lohardaga,24.2402,85.5349,Rice / Paddy,25.0,1.8,-30.0,-15.0,12.0,18.0,53.510000000000005,4.3,20.0,2.12,60.18,SCENARIO_ASSUMPTION,Simulated El Nino environmental shock parameters for stress testing
SEVERE_EL_NINO,Jharkhand,Lohardaga,24.2402,85.5349,Rice / Paddy,40.0,2.8,-50.0,-26.0,25.0,35.0,68.51,5.3,0.0,1.85,68.85,SCENARIO_ASSUMPTION,Simulated El Nino environmental shock parameters for stress testing
NORMAL,Jharkhand,Pakur,23.7452,85.9999,Rice / Paddy,0.0,0.0,0.0,0.0,0.0,0.0,28.49,0.5,50.0,2.5,46.0,SCENARIO_ASSUMPTION,Simulated El Nino environmental shock parameters for stress testing
MILD_EL_NINO,Jharkhand,Pakur,23.7452,85.9999,Rice / Paddy,15.0,1.0,-15.0,-8.0,5.0,8.0,43.489999999999995,1.5,35.0,2.3,49.68,SCENARIO_ASSUMPTION,Simulated El Nino environmental shock parameters for stress testing
MODERATE_EL_NINO,Jharkhand,Pakur,23.7452,85.9999,Rice / Paddy,25.0,1.8,-30.0,-15.0,12.0,18.0,53.489999999999995,2.3,20.0,2.12,54.28,SCENARIO_ASSUMPTION,Simulated El Nino environmental shock parameters for stress testing
SEVERE_EL_NINO,Jharkhand,Pakur,23.7452,85.9999,Rice / Paddy,40.0,2.8,-50.0,-26.0,25.0,35.0,68.49,3.3,0.0,1.85,62.1,SCENARIO_ASSUMPTION,Simulated El Nino environmental shock parameters for stress testing
NORMAL,Jharkhand,Palamu,23.3552,85.0249,Rice / Paddy,0.0,0.0,0.0,0.0,0.0,0.0,28.49,6.5,50.0,2.5,50.0,SCENARIO_ASSUMPTION,Simulated El Nino environmental shock parameters for stress testing
MILD_EL_NINO,Jharkhand,Palamu,23.3552,85.0249,Rice / Paddy,15.0,1.0,-15.0,-8.0,5.0,8.0,43.489999999999995,7.5,35.0,2.3,54.0,SCENARIO_ASSUMPTION,Simulated El Nino environmental shock parameters for stress testing
MODERATE_EL_NINO,Jharkhand,Palamu,23.3552,85.0249,Rice / Paddy,25.0,1.8,-30.0,-15.0,12.0,18.0,53.489999999999995,8.3,20.0,2.12,59.0,SCENARIO_ASSUMPTION,Simulated El Nino environmental shock parameters for stress testing
SEVERE_EL_NINO,Jharkhand,Palamu,23.3552,85.0249,Rice / Paddy,40.0,2.8,-50.0,-26.0,25.0,35.0,68.49,9.3,0.0,1.85,67.5,SCENARIO_ASSUMPTION,Simulated El Nino environmental shock parameters for stress testing
NORMAL,Jharkhand,Ramgarh,23.1602,85.9849,Rice / Paddy,0.0,0.0,0.0,0.0,0.0,0.0,28.5,7.5,50.0,2.5,43.0,SCENARIO_ASSUMPTION,Simulated El Nino environmental shock parameters for stress testing
MILD_EL_NINO,Jharkhand,Ramgarh,23.1602,85.9849,Rice / Paddy,15.0,1.0,-15.0,-8.0,5.0,8.0,43.5,8.5,35.0,2.3,46.44,SCENARIO_ASSUMPTION,Simulated El Nino environmental shock parameters for stress testing
MODERATE_EL_NINO,Jharkhand,Ramgarh,23.1602,85.9849,Rice / Paddy,25.0,1.8,-30.0,-15.0,12.0,18.0,53.5,9.3,20.0,2.12,50.74,SCENARIO_ASSUMPTION,Simulated El Nino environmental shock parameters for stress testing
SEVERE_EL_NINO,Jharkhand,Ramgarh,23.1602,85.9849,Rice / Paddy,40.0,2.8,-50.0,-26.0,25.0,35.0,68.5,10.3,0.0,1.85,58.05,SCENARIO_ASSUMPTION,Simulated El Nino environmental shock parameters for stress testing
NORMAL,Jharkhand,Ranchi,23.7452,84.7849,Rice / Paddy,0.0,0.0,0.0,0.0,0.0,0.0,28.48,5.5,50.0,2.5,49.0,SCENARIO_ASSUMPTION,Simulated El Nino environmental shock parameters for stress testing
MILD_EL_NINO,Jharkhand,Ranchi,23.7452,84.7849,Rice / Paddy,15.0,1.0,-15.0,-8.0,5.0,8.0,43.480000000000004,6.5,35.0,2.3,52.92,SCENARIO_ASSUMPTION,Simulated El Nino environmental shock parameters for stress testing
MODERATE_EL_NINO,Jharkhand,Ranchi,23.7452,84.7849,Rice / Paddy,25.0,1.8,-30.0,-15.0,12.0,18.0,53.480000000000004,7.3,20.0,2.12,57.82,SCENARIO_ASSUMPTION,Simulated El Nino environmental shock parameters for stress testing
SEVERE_EL_NINO,Jharkhand,Ranchi,23.7452,84.7849,Rice / Paddy,40.0,2.8,-50.0,-26.0,25.0,35.0,68.48,8.3,0.0,1.85,66.15,SCENARIO_ASSUMPTION,Simulated El Nino environmental shock parameters for stress testing
NORMAL,Jharkhand,Sahibganj,24.2852,85.9699,Rice / Paddy,0.0,0.0,0.0,0.0,0.0,0.0,28.5,0.5,50.0,2.5,43.0,SCENARIO_ASSUMPTION,Simulated El Nino environmental shock parameters for stress testing
MILD_EL_NINO,Jharkhand,Sahibganj,24.2852,85.9699,Rice / Paddy,15.0,1.0,-15.0,-8.0,5.0,8.0,43.5,1.5,35.0,2.3,46.44,SCENARIO_ASSUMPTION,Simulated El Nino environmental shock parameters for stress testing
MODERATE_EL_NINO,Jharkhand,Sahibganj,24.2852,85.9699,Rice / Paddy,25.0,1.8,-30.0,-15.0,12.0,18.0,53.5,2.3,20.0,2.12,50.74,SCENARIO_ASSUMPTION,Simulated El Nino environmental shock parameters for stress testing
SEVERE_EL_NINO,Jharkhand,Sahibganj,24.2852,85.9699,Rice / Paddy,40.0,2.8,-50.0,-26.0,25.0,35.0,68.5,3.3,0.0,1.85,58.05,SCENARIO_ASSUMPTION,Simulated El Nino environmental shock parameters for stress testing
NORMAL,Jharkhand,Saraikela Kharsawan,23.4452,85.4899,Rice / Paddy,0.0,0.0,0.0,0.0,0.0,0.0,28.5,7.5,50.0,2.5,48.0,SCENARIO_ASSUMPTION,Simulated El Nino environmental shock parameters for stress testing
MILD_EL_NINO,Jharkhand,Saraikela Kharsawan,23.4452,85.4899,Rice / Paddy,15.0,1.0,-15.0,-8.0,5.0,8.0,43.5,8.5,35.0,2.3,51.84,SCENARIO_ASSUMPTION,Simulated El Nino environmental shock parameters for stress testing
MODERATE_EL_NINO,Jharkhand,Saraikela Kharsawan,23.4452,85.4899,Rice / Paddy,25.0,1.8,-30.0,-15.0,12.0,18.0,53.5,9.3,20.0,2.12,56.64,SCENARIO_ASSUMPTION,Simulated El Nino environmental shock parameters for stress testing
SEVERE_EL_NINO,Jharkhand,Saraikela Kharsawan,23.4452,85.4899,Rice / Paddy,40.0,2.8,-50.0,-26.0,25.0,35.0,68.5,10.3,0.0,1.85,64.8,SCENARIO_ASSUMPTION,Simulated El Nino environmental shock parameters for stress testing
NORMAL,Jharkhand,Simdega,24.1802,85.8049,Rice / Paddy,0.0,0.0,0.0,0.0,0.0,0.0,28.5,5.5,50.0,2.5,43.0,SCENARIO_ASSUMPTION,Simulated El Nino environmental shock parameters for stress testing
MILD_EL_NINO,Jharkhand,Simdega,24.1802,85.8049,Rice / Paddy,15.0,1.0,-15.0,-8.0,5.0,8.0,43.5,6.5,35.0,2.3,46.44,SCENARIO_ASSUMPTION,Simulated El Nino environmental shock parameters for stress testing
MODERATE_EL_NINO,Jharkhand,Simdega,24.1802,85.8049,Rice / Paddy,25.0,1.8,-30.0,-15.0,12.0,18.0,53.5,7.3,20.0,2.12,50.74,SCENARIO_ASSUMPTION,Simulated El Nino environmental shock parameters for stress testing
SEVERE_EL_NINO,Jharkhand,Simdega,24.1802,85.8049,Rice / Paddy,40.0,2.8,-50.0,-26.0,25.0,35.0,68.5,8.3,0.0,1.85,58.05,SCENARIO_ASSUMPTION,Simulated El Nino environmental shock parameters for stress testing
NORMAL,Jharkhand,West Singhbhum,23.4602,84.7699,Rice / Paddy,0.0,0.0,0.0,0.0,0.0,0.0,28.52,4.5,50.0,2.5,53.0,SCENARIO_ASSUMPTION,Simulated El Nino environmental shock parameters for stress testing
MILD_EL_NINO,Jharkhand,West Singhbhum,23.4602,84.7699,Rice / Paddy,15.0,1.0,-15.0,-8.0,5.0,8.0,43.519999999999996,5.5,35.0,2.3,57.24,SCENARIO_ASSUMPTION,Simulated El Nino environmental shock parameters for stress testing
MODERATE_EL_NINO,Jharkhand,West Singhbhum,23.4602,84.7699,Rice / Paddy,25.0,1.8,-30.0,-15.0,12.0,18.0,53.519999999999996,6.3,20.0,2.12,62.54,SCENARIO_ASSUMPTION,Simulated El Nino environmental shock parameters for stress testing
SEVERE_EL_NINO,Jharkhand,West Singhbhum,23.4602,84.7699,Rice / Paddy,40.0,2.8,-50.0,-26.0,25.0,35.0,68.52,7.3,0.0,1.85,71.55,SCENARIO_ASSUMPTION,Simulated El Nino environmental shock parameters for stress testing
NORMAL,Karnataka,Bagalkote,14.9423,75.7889,Maize,0.0,0.0,0.0,0.0,0.0,0.0,28.51,5.5,50.0,3.6,51.0,SCENARIO_ASSUMPTION,Simulated El Nino environmental shock parameters for stress testing
MILD_EL_NINO,Karnataka,Bagalkote,14.9423,75.7889,Maize,15.0,1.0,-15.0,-8.0,5.0,8.0,43.510000000000005,6.5,35.0,3.31,55.08,SCENARIO_ASSUMPTION,Simulated El Nino environmental shock parameters for stress testing
MODERATE_EL_NINO,Karnataka,Bagalkote,14.9423,75.7889,Maize,25.0,1.8,-30.0,-15.0,12.0,18.0,53.510000000000005,7.3,20.0,3.06,60.18,SCENARIO_ASSUMPTION,Simulated El Nino environmental shock parameters for stress testing
SEVERE_EL_NINO,Karnataka,Bagalkote,14.9423,75.7889,Maize,40.0,2.8,-50.0,-26.0,25.0,35.0,68.51,8.3,0.0,2.66,68.85,SCENARIO_ASSUMPTION,Simulated El Nino environmental shock parameters for stress testing
NORMAL,Karnataka,Ballari,15.4073,75.0539,Maize,0.0,0.0,0.0,0.0,0.0,0.0,28.5,7.5,50.0,3.6,45.0,SCENARIO_ASSUMPTION,Simulated El Nino environmental shock parameters for stress testing
MILD_EL_NINO,Karnataka,Ballari,15.4073,75.0539,Maize,15.0,1.0,-15.0,-8.0,5.0,8.0,43.5,8.5,35.0,3.31,48.6,SCENARIO_ASSUMPTION,Simulated El Nino environmental shock parameters for stress testing
MODERATE_EL_NINO,Karnataka,Ballari,15.4073,75.0539,Maize,25.0,1.8,-30.0,-15.0,12.0,18.0,53.5,9.3,20.0,3.06,53.1,SCENARIO_ASSUMPTION,Simulated El Nino environmental shock parameters for stress testing
SEVERE_EL_NINO,Karnataka,Ballari,15.4073,75.0539,Maize,40.0,2.8,-50.0,-26.0,25.0,35.0,68.5,10.3,0.0,2.66,60.75,SCENARIO_ASSUMPTION,Simulated El Nino environmental shock parameters for stress testing
NORMAL,Karnataka,Belagavi,14.6123,75.5339,Maize,0.0,0.0,0.0,0.0,0.0,0.0,28.52,7.5,50.0,3.6,53.0,SCENARIO_ASSUMPTION,Simulated El Nino environmental shock parameters for stress testing
MILD_EL_NINO,Karnataka,Belagavi,14.6123,75.5339,Maize,15.0,1.0,-15.0,-8.0,5.0,8.0,43.519999999999996,8.5,35.0,3.31,57.24,SCENARIO_ASSUMPTION,Simulated El Nino environmental shock parameters for stress testing
MODERATE_EL_NINO,Karnataka,Belagavi,14.6123,75.5339,Maize,25.0,1.8,-30.0,-15.0,12.0,18.0,53.519999999999996,9.3,20.0,3.06,62.54,SCENARIO_ASSUMPTION,Simulated El Nino environmental shock parameters for stress testing
SEVERE_EL_NINO,Karnataka,Belagavi,14.6123,75.5339,Maize,40.0,2.8,-50.0,-26.0,25.0,35.0,68.52,10.3,0.0,2.66,71.55,SCENARIO_ASSUMPTION,Simulated El Nino environmental shock parameters for stress testing
NORMAL,Karnataka,Bengaluru Rural,15.3923,76.2689,Maize,0.0,0.0,0.0,0.0,0.0,0.0,28.5,7.5,50.0,3.6,43.0,SCENARIO_ASSUMPTION,Simulated El Nino environmental shock parameters for stress testing
MILD_EL_NINO,Karnataka,Bengaluru Rural,15.3923,76.2689,Maize,15.0,1.0,-15.0,-8.0,5.0,8.0,43.5,8.5,35.0,3.31,46.44,SCENARIO_ASSUMPTION,Simulated El Nino environmental shock parameters for stress testing
MODERATE_EL_NINO,Karnataka,Bengaluru Rural,15.3923,76.2689,Maize,25.0,1.8,-30.0,-15.0,12.0,18.0,53.5,9.3,20.0,3.06,50.74,SCENARIO_ASSUMPTION,Simulated El Nino environmental shock parameters for stress testing
SEVERE_EL_NINO,Karnataka,Bengaluru Rural,15.3923,76.2689,Maize,40.0,2.8,-50.0,-26.0,25.0,35.0,68.5,10.3,0.0,2.66,58.05,SCENARIO_ASSUMPTION,Simulated El Nino environmental shock parameters for stress testing
NORMAL,Karnataka,Bengaluru Urban,12.9716,77.5946,Maize,0.0,0.0,0.0,0.0,0.0,0.0,28.51,5.5,50.0,3.6,45.0,SCENARIO_ASSUMPTION,Simulated El Nino environmental shock parameters for stress testing
MILD_EL_NINO,Karnataka,Bengaluru Urban,12.9716,77.5946,Maize,15.0,1.0,-15.0,-8.0,5.0,8.0,43.510000000000005,6.5,35.0,3.31,48.6,SCENARIO_ASSUMPTION,Simulated El Nino environmental shock parameters for stress testing
MODERATE_EL_NINO,Karnataka,Bengaluru Urban,12.9716,77.5946,Maize,25.0,1.8,-30.0,-15.0,12.0,18.0,53.510000000000005,7.3,20.0,3.06,53.1,SCENARIO_ASSUMPTION,Simulated El Nino environmental shock parameters for stress testing
SEVERE_EL_NINO,Karnataka,Bengaluru Urban,12.9716,77.5946,Maize,40.0,2.8,-50.0,-26.0,25.0,35.0,68.51,8.3,0.0,2.66,60.75,SCENARIO_ASSUMPTION,Simulated El Nino environmental shock parameters for stress testing
NORMAL,Karnataka,Bidar,15.1523,76.0589,Maize,0.0,0.0,0.0,0.0,0.0,0.0,28.5,6.5,50.0,3.6,52.0,SCENARIO_ASSUMPTION,Simulated El Nino environmental shock parameters for stress testing
MILD_EL_NINO,Karnataka,Bidar,15.1523,76.0589,Maize,15.0,1.0,-15.0,-8.0,5.0,8.0,43.5,7.5,35.0,3.31,56.16,SCENARIO_ASSUMPTION,Simulated El Nino environmental shock parameters for stress testing
MODERATE_EL_NINO,Karnataka,Bidar,15.1523,76.0589,Maize,25.0,1.8,-30.0,-15.0,12.0,18.0,53.5,8.3,20.0,3.06,61.36,SCENARIO_ASSUMPTION,Simulated El Nino environmental shock parameters for stress testing
SEVERE_EL_NINO,Karnataka,Bidar,15.1523,76.0589,Maize,40.0,2.8,-50.0,-26.0,25.0,35.0,68.5,9.3,0.0,2.66,70.2,SCENARIO_ASSUMPTION,Simulated El Nino environmental shock parameters for stress testing
NORMAL,Karnataka,Chamarajanagara,14.7323,75.0239,Maize,0.0,0.0,0.0,0.0,0.0,0.0,28.51,0.5,50.0,3.6,42.0,SCENARIO_ASSUMPTION,Simulated El Nino environmental shock parameters for stress testing
MILD_EL_NINO,Karnataka,Chamarajanagara,14.7323,75.0239,Maize,15.0,1.0,-15.0,-8.0,5.0,8.0,43.510000000000005,1.5,35.0,3.31,45.36,SCENARIO_ASSUMPTION,Simulated El Nino environmental shock parameters for stress testing
MODERATE_EL_NINO,Karnataka,Chamarajanagara,14.7323,75.0239,Maize,25.0,1.8,-30.0,-15.0,12.0,18.0,53.510000000000005,2.3,20.0,3.06,49.56,SCENARIO_ASSUMPTION,Simulated El Nino environmental shock parameters for stress testing
SEVERE_EL_NINO,Karnataka,Chamarajanagara,14.7323,75.0239,Maize,40.0,2.8,-50.0,-26.0,25.0,35.0,68.51,3.3,0.0,2.66,56.7,SCENARIO_ASSUMPTION,Simulated El Nino environmental shock parameters for stress testing
NORMAL,Karnataka,Chikkaballapura,15.2873,75.2339,Maize,0.0,0.0,0.0,0.0,0.0,0.0,28.5,5.5,50.0,3.6,49.0,SCENARIO_ASSUMPTION,Simulated El Nino environmental shock parameters for stress testing
MILD_EL_NINO,Karnataka,Chikkaballapura,15.2873,75.2339,Maize,15.0,1.0,-15.0,-8.0,5.0,8.0,43.5,6.5,35.0,3.31,52.92,SCENARIO_ASSUMPTION,Simulated El Nino environmental shock parameters for stress testing
MODERATE_EL_NINO,Karnataka,Chikkaballapura,15.2873,75.2339,Maize,25.0,1.8,-30.0,-15.0,12.0,18.0,53.5,7.3,20.0,3.06,57.82,SCENARIO_ASSUMPTION,Simulated El Nino environmental shock parameters for stress testing
SEVERE_EL_NINO,Karnataka,Chikkaballapura,15.2873,75.2339,Maize,40.0,2.8,-50.0,-26.0,25.0,35.0,68.5,8.3,0.0,2.66,66.15,SCENARIO_ASSUMPTION,Simulated El Nino environmental shock parameters for stress testing
NORMAL,Karnataka,Chikkamagaluru,15.9473,76.2689,Maize,0.0,0.0,0.0,0.0,0.0,0.0,28.5,3.5,50.0,3.6,42.0,SCENARIO_ASSUMPTION,Simulated El Nino environmental shock parameters for stress testing
MILD_EL_NINO,Karnataka,Chikkamagaluru,15.9473,76.2689,Maize,15.0,1.0,-15.0,-8.0,5.0,8.0,43.5,4.5,35.0,3.31,45.36,SCENARIO_ASSUMPTION,Simulated El Nino environmental shock parameters for stress testing
MODERATE_EL_NINO,Karnataka,Chikkamagaluru,15.9473,76.2689,Maize,25.0,1.8,-30.0,-15.0,12.0,18.0,53.5,5.3,20.0,3.06,49.56,SCENARIO_ASSUMPTION,Simulated El Nino environmental shock parameters for stress testing
SEVERE_EL_NINO,Karnataka,Chikkamagaluru,15.9473,76.2689,Maize,40.0,2.8,-50.0,-26.0,25.0,35.0,68.5,6.3,0.0,2.66,56.7,SCENARIO_ASSUMPTION,Simulated El Nino environmental shock parameters for stress testing
NORMAL,Karnataka,Chitradurga,15.0173,75.5039,Maize,0.0,0.0,0.0,0.0,0.0,0.0,28.51,7.5,50.0,3.6,45.0,SCENARIO_ASSUMPTION,Simulated El Nino environmental shock parameters for stress testing
MILD_EL_NINO,Karnataka,Chitradurga,15.0173,75.5039,Maize,15.0,1.0,-15.0,-8.0,5.0,8.0,43.510000000000005,8.5,35.0,3.31,48.6,SCENARIO_ASSUMPTION,Simulated El Nino environmental shock parameters for stress testing
MODERATE_EL_NINO,Karnataka,Chitradurga,15.0173,75.5039,Maize,25.0,1.8,-30.0,-15.0,12.0,18.0,53.510000000000005,9.3,20.0,3.06,53.1,SCENARIO_ASSUMPTION,Simulated El Nino environmental shock parameters for stress testing
SEVERE_EL_NINO,Karnataka,Chitradurga,15.0173,75.5039,Maize,40.0,2.8,-50.0,-26.0,25.0,35.0,68.51,10.3,0.0,2.66,60.75,SCENARIO_ASSUMPTION,Simulated El Nino environmental shock parameters for stress testing
NORMAL,Karnataka,Dakshina Kannada,14.9873,75.5039,Maize,0.0,0.0,0.0,0.0,0.0,0.0,28.48,5.5,50.0,3.6,43.0,SCENARIO_ASSUMPTION,Simulated El Nino environmental shock parameters for stress testing
MILD_EL_NINO,Karnataka,Dakshina Kannada,14.9873,75.5039,Maize,15.0,1.0,-15.0,-8.0,5.0,8.0,43.480000000000004,6.5,35.0,3.31,46.44,SCENARIO_ASSUMPTION,Simulated El Nino environmental shock parameters for stress testing
MODERATE_EL_NINO,Karnataka,Dakshina Kannada,14.9873,75.5039,Maize,25.0,1.8,-30.0,-15.0,12.0,18.0,53.480000000000004,7.3,20.0,3.06,50.74,SCENARIO_ASSUMPTION,Simulated El Nino environmental shock parameters for stress testing
SEVERE_EL_NINO,Karnataka,Dakshina Kannada,14.9873,75.5039,Maize,40.0,2.8,-50.0,-26.0,25.0,35.0,68.48,8.3,0.0,2.66,58.05,SCENARIO_ASSUMPTION,Simulated El Nino environmental shock parameters for stress testing
NORMAL,Karnataka,Davanagere,14.7323,75.7889,Maize,0.0,0.0,0.0,0.0,0.0,0.0,28.5,3.5,50.0,3.6,50.0,SCENARIO_ASSUMPTION,Simulated El Nino environmental shock parameters for stress testing
MILD_EL_NINO,Karnataka,Davanagere,14.7323,75.7889,Maize,15.0,1.0,-15.0,-8.0,5.0,8.0,43.5,4.5,35.0,3.31,54.0,SCENARIO_ASSUMPTION,Simulated El Nino environmental shock parameters for stress testing
MODERATE_EL_NINO,Karnataka,Davanagere,14.7323,75.7889,Maize,25.0,1.8,-30.0,-15.0,12.0,18.0,53.5,5.3,20.0,3.06,59.0,SCENARIO_ASSUMPTION,Simulated El Nino environmental shock parameters for stress testing
SEVERE_EL_NINO,Karnataka,Davanagere,14.7323,75.7889,Maize,40.0,2.8,-50.0,-26.0,25.0,35.0,68.5,6.3,0.0,2.66,67.5,SCENARIO_ASSUMPTION,Simulated El Nino environmental shock parameters for stress testing
NORMAL,Karnataka,Dharwad,15.3473,75.1889,Maize,0.0,0.0,0.0,0.0,0.0,0.0,28.52,7.5,50.0,3.6,53.0,SCENARIO_ASSUMPTION,Simulated El Nino environmental shock parameters for stress testing
MILD_EL_NINO,Karnataka,Dharwad,15.3473,75.1889,Maize,15.0,1.0,-15.0,-8.0,5.0,8.0,43.519999999999996,8.5,35.0,3.31,57.24,SCENARIO_ASSUMPTION,Simulated El Nino environmental shock parameters for stress testing
MODERATE_EL_NINO,Karnataka,Dharwad,15.3473,75.1889,Maize,25.0,1.8,-30.0,-15.0,12.0,18.0,53.519999999999996,9.3,20.0,3.06,62.54,SCENARIO_ASSUMPTION,Simulated El Nino environmental shock parameters for stress testing
SEVERE_EL_NINO,Karnataka,Dharwad,15.3473,75.1889,Maize,40.0,2.8,-50.0,-26.0,25.0,35.0,68.52,10.3,0.0,2.66,71.55,SCENARIO_ASSUMPTION,Simulated El Nino environmental shock parameters for stress testing
NORMAL,Karnataka,Gadag,15.7673,76.2539,Maize,0.0,0.0,0.0,0.0,0.0,0.0,28.52,2.5,50.0,3.6,44.0,SCENARIO_ASSUMPTION,Simulated El Nino environmental shock parameters for stress testing
MILD_EL_NINO,Karnataka,Gadag,15.7673,76.2539,Maize,15.0,1.0,-15.0,-8.0,5.0,8.0,43.519999999999996,3.5,35.0,3.31,47.52,SCENARIO_ASSUMPTION,Simulated El Nino environmental shock parameters for stress testing
MODERATE_EL_NINO,Karnataka,Gadag,15.7673,76.2539,Maize,25.0,1.8,-30.0,-15.0,12.0,18.0,53.519999999999996,4.3,20.0,3.06,51.92,SCENARIO_ASSUMPTION,Simulated El Nino environmental shock parameters for stress testing
SEVERE_EL_NINO,Karnataka,Gadag,15.7673,76.2539,Maize,40.0,2.8,-50.0,-26.0,25.0,35.0,68.52,5.3,0.0,2.66,59.4,SCENARIO_ASSUMPTION,Simulated El Nino environmental shock parameters for stress testing
NORMAL,Karnataka,Hassan,15.9923,75.7289,Maize,0.0,0.0,0.0,0.0,0.0,0.0,28.49,7.5,50.0,3.6,49.0,SCENARIO_ASSUMPTION,Simulated El Nino environmental shock parameters for stress testing
MILD_EL_NINO,Karnataka,Hassan,15.9923,75.7289,Maize,15.0,1.0,-15.0,-8.0,5.0,8.0,43.489999999999995,8.5,35.0,3.31,52.92,SCENARIO_ASSUMPTION,Simulated El Nino environmental shock parameters for stress testing
MODERATE_EL_NINO,Karnataka,Hassan,15.9923,75.7289,Maize,25.0,1.8,-30.0,-15.0,12.0,18.0,53.489999999999995,9.3,20.0,3.06,57.82,SCENARIO_ASSUMPTION,Simulated El Nino environmental shock parameters for stress testing
SEVERE_EL_NINO,Karnataka,Hassan,15.9923,75.7289,Maize,40.0,2.8,-50.0,-26.0,25.0,35.0,68.49,10.3,0.0,2.66,66.15,SCENARIO_ASSUMPTION,Simulated El Nino environmental shock parameters for stress testing
NORMAL,Karnataka,Haveri,14.7623,76.3289,Maize,0.0,0.0,0.0,0.0,0.0,0.0,28.51,2.5,50.0,3.6,43.0,SCENARIO_ASSUMPTION,Simulated El Nino environmental shock parameters for stress testing
MILD_EL_NINO,Karnataka,Haveri,14.7623,76.3289,Maize,15.0,1.0,-15.0,-8.0,5.0,8.0,43.510000000000005,3.5,35.0,3.31,46.44,SCENARIO_ASSUMPTION,Simulated El Nino environmental shock parameters for stress testing
MODERATE_EL_NINO,Karnataka,Haveri,14.7623,76.3289,Maize,25.0,1.8,-30.0,-15.0,12.0,18.0,53.510000000000005,4.3,20.0,3.06,50.74,SCENARIO_ASSUMPTION,Simulated El Nino environmental shock parameters for stress testing
SEVERE_EL_NINO,Karnataka,Haveri,14.7623,76.3289,Maize,40.0,2.8,-50.0,-26.0,25.0,35.0,68.51,5.3,0.0,2.66,58.05,SCENARIO_ASSUMPTION,Simulated El Nino environmental shock parameters for stress testing
NORMAL,Karnataka,Kalaburagi,14.6873,75.6239,Maize,0.0,0.0,0.0,0.0,0.0,0.0,28.49,6.5,50.0,3.6,52.0,SCENARIO_ASSUMPTION,Simulated El Nino environmental shock parameters for stress testing
MILD_EL_NINO,Karnataka,Kalaburagi,14.6873,75.6239,Maize,15.0,1.0,-15.0,-8.0,5.0,8.0,43.489999999999995,7.5,35.0,3.31,56.16,SCENARIO_ASSUMPTION,Simulated El Nino environmental shock parameters for stress testing
MODERATE_EL_NINO,Karnataka,Kalaburagi,14.6873,75.6239,Maize,25.0,1.8,-30.0,-15.0,12.0,18.0,53.489999999999995,8.3,20.0,3.06,61.36,SCENARIO_ASSUMPTION,Simulated El Nino environmental shock parameters for stress testing
SEVERE_EL_NINO,Karnataka,Kalaburagi,14.6873,75.6239,Maize,40.0,2.8,-50.0,-26.0,25.0,35.0,68.49,9.3,0.0,2.66,70.2,SCENARIO_ASSUMPTION,Simulated El Nino environmental shock parameters for stress testing
NORMAL,Karnataka,Kodagu,14.8673,75.8039,Maize,0.0,0.0,0.0,0.0,0.0,0.0,28.5,2.5,50.0,3.6,44.0,SCENARIO_ASSUMPTION,Simulated El Nino environmental shock parameters for stress testing
MILD_EL_NINO,Karnataka,Kodagu,14.8673,75.8039,Maize,15.0,1.0,-15.0,-8.0,5.0,8.0,43.5,3.5,35.0,3.31,47.52,SCENARIO_ASSUMPTION,Simulated El Nino environmental shock parameters for stress testing
MODERATE_EL_NINO,Karnataka,Kodagu,14.8673,75.8039,Maize,25.0,1.8,-30.0,-15.0,12.0,18.0,53.5,4.3,20.0,3.06,51.92,SCENARIO_ASSUMPTION,Simulated El Nino environmental shock parameters for stress testing
SEVERE_EL_NINO,Karnataka,Kodagu,14.8673,75.8039,Maize,40.0,2.8,-50.0,-26.0,25.0,35.0,68.5,5.3,0.0,2.66,59.4,SCENARIO_ASSUMPTION,Simulated El Nino environmental shock parameters for stress testing
NORMAL,Karnataka,Kolar,15.8273,75.4139,Maize,0.0,0.0,0.0,0.0,0.0,0.0,28.49,6.5,50.0,3.6,51.0,SCENARIO_ASSUMPTION,Simulated El Nino environmental shock parameters for stress testing
MILD_EL_NINO,Karnataka,Kolar,15.8273,75.4139,Maize,15.0,1.0,-15.0,-8.0,5.0,8.0,43.489999999999995,7.5,35.0,3.31,55.08,SCENARIO_ASSUMPTION,Simulated El Nino environmental shock parameters for stress testing
MODERATE_EL_NINO,Karnataka,Kolar,15.8273,75.4139,Maize,25.0,1.8,-30.0,-15.0,12.0,18.0,53.489999999999995,8.3,20.0,3.06,60.18,SCENARIO_ASSUMPTION,Simulated El Nino environmental shock parameters for stress testing
SEVERE_EL_NINO,Karnataka,Kolar,15.8273,75.4139,Maize,40.0,2.8,-50.0,-26.0,25.0,35.0,68.49,9.3,0.0,2.66,68.85,SCENARIO_ASSUMPTION,Simulated El Nino environmental shock parameters for stress testing
NORMAL,Karnataka,Koppal,15.5423,75.3539,Maize,0.0,0.0,0.0,0.0,0.0,0.0,28.49,0.5,50.0,3.6,48.0,SCENARIO_ASSUMPTION,Simulated El Nino environmental shock parameters for stress testing
MILD_EL_NINO,Karnataka,Koppal,15.5423,75.3539,Maize,15.0,1.0,-15.0,-8.0,5.0,8.0,43.489999999999995,1.5,35.0,3.31,51.84,SCENARIO_ASSUMPTION,Simulated El Nino environmental shock parameters for stress testing
MODERATE_EL_NINO,Karnataka,Koppal,15.5423,75.3539,Maize,25.0,1.8,-30.0,-15.0,12.0,18.0,53.489999999999995,2.3,20.0,3.06,56.64,SCENARIO_ASSUMPTION,Simulated El Nino environmental shock parameters for stress testing
SEVERE_EL_NINO,Karnataka,Koppal,15.5423,75.3539,Maize,40.0,2.8,-50.0,-26.0,25.0,35.0,68.49,3.3,0.0,2.66,64.8,SCENARIO_ASSUMPTION,Simulated El Nino environmental shock parameters for stress testing
NORMAL,Karnataka,Mandya,14.7473,75.3389,Maize,0.0,0.0,0.0,0.0,0.0,0.0,28.5,2.5,50.0,3.6,45.0,SCENARIO_ASSUMPTION,Simulated El Nino environmental shock parameters for stress testing
MILD_EL_NINO,Karnataka,Mandya,14.7473,75.3389,Maize,15.0,1.0,-15.0,-8.0,5.0,8.0,43.5,3.5,35.0,3.31,48.6,SCENARIO_ASSUMPTION,Simulated El Nino environmental shock parameters for stress testing
MODERATE_EL_NINO,Karnataka,Mandya,14.7473,75.3389,Maize,25.0,1.8,-30.0,-15.0,12.0,18.0,53.5,4.3,20.0,3.06,53.1,SCENARIO_ASSUMPTION,Simulated El Nino environmental shock parameters for stress testing
SEVERE_EL_NINO,Karnataka,Mandya,14.7473,75.3389,Maize,40.0,2.8,-50.0,-26.0,25.0,35.0,68.5,5.3,0.0,2.66,60.75,SCENARIO_ASSUMPTION,Simulated El Nino environmental shock parameters for stress testing
NORMAL,Karnataka,Mysuru,14.6273,75.1739,Maize,0.0,0.0,0.0,0.0,0.0,0.0,28.54,3.5,50.0,3.6,42.0,SCENARIO_ASSUMPTION,Simulated El Nino environmental shock parameters for stress testing
MILD_EL_NINO,Karnataka,Mysuru,14.6273,75.1739,Maize,15.0,1.0,-15.0,-8.0,5.0,8.0,43.54,4.5,35.0,3.31,45.36,SCENARIO_ASSUMPTION,Simulated El Nino environmental shock parameters for stress testing
MODERATE_EL_NINO,Karnataka,Mysuru,14.6273,75.1739,Maize,25.0,1.8,-30.0,-15.0,12.0,18.0,53.54,5.3,20.0,3.06,49.56,SCENARIO_ASSUMPTION,Simulated El Nino environmental shock parameters for stress testing
SEVERE_EL_NINO,Karnataka,Mysuru,14.6273,75.1739,Maize,40.0,2.8,-50.0,-26.0,25.0,35.0,68.53999999999999,6.3,0.0,2.66,56.7,SCENARIO_ASSUMPTION,Simulated El Nino environmental shock parameters for stress testing
NORMAL,Karnataka,Raichur,15.7373,75.9089,Maize,0.0,0.0,0.0,0.0,0.0,0.0,28.5,6.5,50.0,3.6,45.0,SCENARIO_ASSUMPTION,Simulated El Nino environmental shock parameters for stress testing
MILD_EL_NINO,Karnataka,Raichur,15.7373,75.9089,Maize,15.0,1.0,-15.0,-8.0,5.0,8.0,43.5,7.5,35.0,3.31,48.6,SCENARIO_ASSUMPTION,Simulated El Nino environmental shock parameters for stress testing
MODERATE_EL_NINO,Karnataka,Raichur,15.7373,75.9089,Maize,25.0,1.8,-30.0,-15.0,12.0,18.0,53.5,8.3,20.0,3.06,53.1,SCENARIO_ASSUMPTION,Simulated El Nino environmental shock parameters for stress testing
SEVERE_EL_NINO,Karnataka,Raichur,15.7373,75.9089,Maize,40.0,2.8,-50.0,-26.0,25.0,35.0,68.5,9.3,0.0,2.66,60.75,SCENARIO_ASSUMPTION,Simulated El Nino environmental shock parameters for stress testing
NORMAL,Karnataka,Ramanagara,15.4073,76.3889,Maize,0.0,0.0,0.0,0.0,0.0,0.0,28.5,1.5,50.0,3.6,49.0,SCENARIO_ASSUMPTION,Simulated El Nino environmental shock parameters for stress testing
MILD_EL_NINO,Karnataka,Ramanagara,15.4073,76.3889,Maize,15.0,1.0,-15.0,-8.0,5.0,8.0,43.5,2.5,35.0,3.31,52.92,SCENARIO_ASSUMPTION,Simulated El Nino environmental shock parameters for stress testing
MODERATE_EL_NINO,Karnataka,Ramanagara,15.4073,76.3889,Maize,25.0,1.8,-30.0,-15.0,12.0,18.0,53.5,3.3,20.0,3.06,57.82,SCENARIO_ASSUMPTION,Simulated El Nino environmental shock parameters for stress testing
SEVERE_EL_NINO,Karnataka,Ramanagara,15.4073,76.3889,Maize,40.0,2.8,-50.0,-26.0,25.0,35.0,68.5,4.3,0.0,2.66,66.15,SCENARIO_ASSUMPTION,Simulated El Nino environmental shock parameters for stress testing
NORMAL,Karnataka,Shivamogga,14.6873,76.2839,Maize,0.0,0.0,0.0,0.0,0.0,0.0,28.5,1.5,50.0,3.6,49.0,SCENARIO_ASSUMPTION,Simulated El Nino environmental shock parameters for stress testing
MILD_EL_NINO,Karnataka,Shivamogga,14.6873,76.2839,Maize,15.0,1.0,-15.0,-8.0,5.0,8.0,43.5,2.5,35.0,3.31,52.92,SCENARIO_ASSUMPTION,Simulated El Nino environmental shock parameters for stress testing
MODERATE_EL_NINO,Karnataka,Shivamogga,14.6873,76.2839,Maize,25.0,1.8,-30.0,-15.0,12.0,18.0,53.5,3.3,20.0,3.06,57.82,SCENARIO_ASSUMPTION,Simulated El Nino environmental shock parameters for stress testing
SEVERE_EL_NINO,Karnataka,Shivamogga,14.6873,76.2839,Maize,40.0,2.8,-50.0,-26.0,25.0,35.0,68.5,4.3,0.0,2.66,66.15,SCENARIO_ASSUMPTION,Simulated El Nino environmental shock parameters for stress testing
NORMAL,Karnataka,Tumakuru,15.0473,76.1039,Maize,0.0,0.0,0.0,0.0,0.0,0.0,28.5,7.5,50.0,3.6,44.0,SCENARIO_ASSUMPTION,Simulated El Nino environmental shock parameters for stress testing
MILD_EL_NINO,Karnataka,Tumakuru,15.0473,76.1039,Maize,15.0,1.0,-15.0,-8.0,5.0,8.0,43.5,8.5,35.0,3.31,47.52,SCENARIO_ASSUMPTION,Simulated El Nino environmental shock parameters for stress testing
MODERATE_EL_NINO,Karnataka,Tumakuru,15.0473,76.1039,Maize,25.0,1.8,-30.0,-15.0,12.0,18.0,53.5,9.3,20.0,3.06,51.92,SCENARIO_ASSUMPTION,Simulated El Nino environmental shock parameters for stress testing
SEVERE_EL_NINO,Karnataka,Tumakuru,15.0473,76.1039,Maize,40.0,2.8,-50.0,-26.0,25.0,35.0,68.5,10.3,0.0,2.66,59.4,SCENARIO_ASSUMPTION,Simulated El Nino environmental shock parameters for stress testing
NORMAL,Karnataka,Udupi,15.9473,75.9989,Maize,0.0,0.0,0.0,0.0,0.0,0.0,28.49,4.5,50.0,3.6,45.0,SCENARIO_ASSUMPTION,Simulated El Nino environmental shock parameters for stress testing
MILD_EL_NINO,Karnataka,Udupi,15.9473,75.9989,Maize,15.0,1.0,-15.0,-8.0,5.0,8.0,43.489999999999995,5.5,35.0,3.31,48.6,SCENARIO_ASSUMPTION,Simulated El Nino environmental shock parameters for stress testing
MODERATE_EL_NINO,Karnataka,Udupi,15.9473,75.9989,Maize,25.0,1.8,-30.0,-15.0,12.0,18.0,53.489999999999995,6.3,20.0,3.06,53.1,SCENARIO_ASSUMPTION,Simulated El Nino environmental shock parameters for stress testing
SEVERE_EL_NINO,Karnataka,Udupi,15.9473,75.9989,Maize,40.0,2.8,-50.0,-26.0,25.0,35.0,68.49,7.3,0.0,2.66,60.75,SCENARIO_ASSUMPTION,Simulated El Nino environmental shock parameters for stress testing
NORMAL,Karnataka,Uttara Kannada,15.8423,76.2239,Maize,0.0,0.0,0.0,0.0,0.0,0.0,28.49,1.5,50.0,3.6,51.0,SCENARIO_ASSUMPTION,Simulated El Nino environmental shock parameters for stress testing
MILD_EL_NINO,Karnataka,Uttara Kannada,15.8423,76.2239,Maize,15.0,1.0,-15.0,-8.0,5.0,8.0,43.489999999999995,2.5,35.0,3.31,55.08,SCENARIO_ASSUMPTION,Simulated El Nino environmental shock parameters for stress testing
MODERATE_EL_NINO,Karnataka,Uttara Kannada,15.8423,76.2239,Maize,25.0,1.8,-30.0,-15.0,12.0,18.0,53.489999999999995,3.3,20.0,3.06,60.18,SCENARIO_ASSUMPTION,Simulated El Nino environmental shock parameters for stress testing
SEVERE_EL_NINO,Karnataka,Uttara Kannada,15.8423,76.2239,Maize,40.0,2.8,-50.0,-26.0,25.0,35.0,68.49,4.3,0.0,2.66,68.85,SCENARIO_ASSUMPTION,Simulated El Nino environmental shock parameters for stress testing
NORMAL,Karnataka,Vijayapura,14.7323,76.1939,Maize,0.0,0.0,0.0,0.0,0.0,0.0,28.5,3.5,50.0,3.6,42.0,SCENARIO_ASSUMPTION,Simulated El Nino environmental shock parameters for stress testing
MILD_EL_NINO,Karnataka,Vijayapura,14.7323,76.1939,Maize,15.0,1.0,-15.0,-8.0,5.0,8.0,43.5,4.5,35.0,3.31,45.36,SCENARIO_ASSUMPTION,Simulated El Nino environmental shock parameters for stress testing
MODERATE_EL_NINO,Karnataka,Vijayapura,14.7323,76.1939,Maize,25.0,1.8,-30.0,-15.0,12.0,18.0,53.5,5.3,20.0,3.06,49.56,SCENARIO_ASSUMPTION,Simulated El Nino environmental shock parameters for stress testing
SEVERE_EL_NINO,Karnataka,Vijayapura,14.7323,76.1939,Maize,40.0,2.8,-50.0,-26.0,25.0,35.0,68.5,6.3,0.0,2.66,56.7,SCENARIO_ASSUMPTION,Simulated El Nino environmental shock parameters for stress testing
NORMAL,Karnataka,Yadgir,15.7223,75.2489,Maize,0.0,0.0,0.0,0.0,0.0,0.0,28.51,2.5,50.0,3.6,52.0,SCENARIO_ASSUMPTION,Simulated El Nino environmental shock parameters for stress testing
MILD_EL_NINO,Karnataka,Yadgir,15.7223,75.2489,Maize,15.0,1.0,-15.0,-8.0,5.0,8.0,43.510000000000005,3.5,35.0,3.31,56.16,SCENARIO_ASSUMPTION,Simulated El Nino environmental shock parameters for stress testing
MODERATE_EL_NINO,Karnataka,Yadgir,15.7223,75.2489,Maize,25.0,1.8,-30.0,-15.0,12.0,18.0,53.510000000000005,4.3,20.0,3.06,61.36,SCENARIO_ASSUMPTION,Simulated El Nino environmental shock parameters for stress testing
SEVERE_EL_NINO,Karnataka,Yadgir,15.7223,75.2489,Maize,40.0,2.8,-50.0,-26.0,25.0,35.0,68.51,5.3,0.0,2.66,70.2,SCENARIO_ASSUMPTION,Simulated El Nino environmental shock parameters for stress testing
NORMAL,Kerala,Alappuzha,10.6405,75.7011,Rice / Paddy,0.0,0.0,0.0,0.0,0.0,0.0,28.52,3.5,50.0,3.1,50.0,SCENARIO_ASSUMPTION,Simulated El Nino environmental shock parameters for stress testing
MILD_EL_NINO,Kerala,Alappuzha,10.6405,75.7011,Rice / Paddy,15.0,1.0,-15.0,-8.0,5.0,8.0,43.519999999999996,4.5,35.0,2.85,54.0,SCENARIO_ASSUMPTION,Simulated El Nino environmental shock parameters for stress testing
MODERATE_EL_NINO,Kerala,Alappuzha,10.6405,75.7011,Rice / Paddy,25.0,1.8,-30.0,-15.0,12.0,18.0,53.519999999999996,5.3,20.0,2.63,59.0,SCENARIO_ASSUMPTION,Simulated El Nino environmental shock parameters for stress testing
SEVERE_EL_NINO,Kerala,Alappuzha,10.6405,75.7011,Rice / Paddy,40.0,2.8,-50.0,-26.0,25.0,35.0,68.52,6.3,0.0,2.29,67.5,SCENARIO_ASSUMPTION,Simulated El Nino environmental shock parameters for stress testing
NORMAL,Kerala,Ernakulam,11.3305,76.0161,Rice / Paddy,0.0,0.0,0.0,0.0,0.0,0.0,28.5,6.5,50.0,3.1,42.0,SCENARIO_ASSUMPTION,Simulated El Nino environmental shock parameters for stress testing
MILD_EL_NINO,Kerala,Ernakulam,11.3305,76.0161,Rice / Paddy,15.0,1.0,-15.0,-8.0,5.0,8.0,43.5,7.5,35.0,2.85,45.36,SCENARIO_ASSUMPTION,Simulated El Nino environmental shock parameters for stress testing
MODERATE_EL_NINO,Kerala,Ernakulam,11.3305,76.0161,Rice / Paddy,25.0,1.8,-30.0,-15.0,12.0,18.0,53.5,8.3,20.0,2.63,49.56,SCENARIO_ASSUMPTION,Simulated El Nino environmental shock parameters for stress testing
SEVERE_EL_NINO,Kerala,Ernakulam,11.3305,76.0161,Rice / Paddy,40.0,2.8,-50.0,-26.0,25.0,35.0,68.5,9.3,0.0,2.29,56.7,SCENARIO_ASSUMPTION,Simulated El Nino environmental shock parameters for stress testing
NORMAL,Kerala,Idukki,10.8355,76.5261,Rice / Paddy,0.0,0.0,0.0,0.0,0.0,0.0,28.47,7.5,50.0,3.1,46.0,SCENARIO_ASSUMPTION,Simulated El Nino environmental shock parameters for stress testing
MILD_EL_NINO,Kerala,Idukki,10.8355,76.5261,Rice / Paddy,15.0,1.0,-15.0,-8.0,5.0,8.0,43.47,8.5,35.0,2.85,49.68,SCENARIO_ASSUMPTION,Simulated El Nino environmental shock parameters for stress testing
MODERATE_EL_NINO,Kerala,Idukki,10.8355,76.5261,Rice / Paddy,25.0,1.8,-30.0,-15.0,12.0,18.0,53.47,9.3,20.0,2.63,54.28,SCENARIO_ASSUMPTION,Simulated El Nino environmental shock parameters for stress testing
SEVERE_EL_NINO,Kerala,Idukki,10.8355,76.5261,Rice / Paddy,40.0,2.8,-50.0,-26.0,25.0,35.0,68.47,10.3,0.0,2.29,62.1,SCENARIO_ASSUMPTION,Simulated El Nino environmental shock parameters for stress testing
NORMAL,Kerala,Kannur,10.3255,76.2711,Rice / Paddy,0.0,0.0,0.0,0.0,0.0,0.0,28.5,4.5,50.0,3.1,48.0,SCENARIO_ASSUMPTION,Simulated El Nino environmental shock parameters for stress testing
MILD_EL_NINO,Kerala,Kannur,10.3255,76.2711,Rice / Paddy,15.0,1.0,-15.0,-8.0,5.0,8.0,43.5,5.5,35.0,2.85,51.84,SCENARIO_ASSUMPTION,Simulated El Nino environmental shock parameters for stress testing
MODERATE_EL_NINO,Kerala,Kannur,10.3255,76.2711,Rice / Paddy,25.0,1.8,-30.0,-15.0,12.0,18.0,53.5,6.3,20.0,2.63,56.64,SCENARIO_ASSUMPTION,Simulated El Nino environmental shock parameters for stress testing
SEVERE_EL_NINO,Kerala,Kannur,10.3255,76.2711,Rice / Paddy,40.0,2.8,-50.0,-26.0,25.0,35.0,68.5,7.3,0.0,2.29,64.8,SCENARIO_ASSUMPTION,Simulated El Nino environmental shock parameters for stress testing
NORMAL,Kerala,Kasaragod,10.4905,76.0611,Rice / Paddy,0.0,0.0,0.0,0.0,0.0,0.0,28.5,7.5,50.0,3.1,44.0,SCENARIO_ASSUMPTION,Simulated El Nino environmental shock parameters for stress testing
MILD_EL_NINO,Kerala,Kasaragod,10.4905,76.0611,Rice / Paddy,15.0,1.0,-15.0,-8.0,5.0,8.0,43.5,8.5,35.0,2.85,47.52,SCENARIO_ASSUMPTION,Simulated El Nino environmental shock parameters for stress testing
MODERATE_EL_NINO,Kerala,Kasaragod,10.4905,76.0611,Rice / Paddy,25.0,1.8,-30.0,-15.0,12.0,18.0,53.5,9.3,20.0,2.63,51.92,SCENARIO_ASSUMPTION,Simulated El Nino environmental shock parameters for stress testing
SEVERE_EL_NINO,Kerala,Kasaragod,10.4905,76.0611,Rice / Paddy,40.0,2.8,-50.0,-26.0,25.0,35.0,68.5,10.3,0.0,2.29,59.4,SCENARIO_ASSUMPTION,Simulated El Nino environmental shock parameters for stress testing
NORMAL,Kerala,Kollam,10.5505,76.7961,Rice / Paddy,0.0,0.0,0.0,0.0,0.0,0.0,28.5,2.5,50.0,3.1,51.0,SCENARIO_ASSUMPTION,Simulated El Nino environmental shock parameters for stress testing
MILD_EL_NINO,Kerala,Kollam,10.5505,76.7961,Rice / Paddy,15.0,1.0,-15.0,-8.0,5.0,8.0,43.5,3.5,35.0,2.85,55.08,SCENARIO_ASSUMPTION,Simulated El Nino environmental shock parameters for stress testing
MODERATE_EL_NINO,Kerala,Kollam,10.5505,76.7961,Rice / Paddy,25.0,1.8,-30.0,-15.0,12.0,18.0,53.5,4.3,20.0,2.63,60.18,SCENARIO_ASSUMPTION,Simulated El Nino environmental shock parameters for stress testing
SEVERE_EL_NINO,Kerala,Kollam,10.5505,76.7961,Rice / Paddy,40.0,2.8,-50.0,-26.0,25.0,35.0,68.5,5.3,0.0,2.29,68.85,SCENARIO_ASSUMPTION,Simulated El Nino environmental shock parameters for stress testing
NORMAL,Kerala,Kottayam,10.4605,76.8111,Rice / Paddy,0.0,0.0,0.0,0.0,0.0,0.0,28.51,5.5,50.0,3.1,52.0,SCENARIO_ASSUMPTION,Simulated El Nino environmental shock parameters for stress testing
MILD_EL_NINO,Kerala,Kottayam,10.4605,76.8111,Rice / Paddy,15.0,1.0,-15.0,-8.0,5.0,8.0,43.510000000000005,6.5,35.0,2.85,56.16,SCENARIO_ASSUMPTION,Simulated El Nino environmental shock parameters for stress testing
MODERATE_EL_NINO,Kerala,Kottayam,10.4605,76.8111,Rice / Paddy,25.0,1.8,-30.0,-15.0,12.0,18.0,53.510000000000005,7.3,20.0,2.63,61.36,SCENARIO_ASSUMPTION,Simulated El Nino environmental shock parameters for stress testing
SEVERE_EL_NINO,Kerala,Kottayam,10.4605,76.8111,Rice / Paddy,40.0,2.8,-50.0,-26.0,25.0,35.0,68.51,8.3,0.0,2.29,70.2,SCENARIO_ASSUMPTION,Simulated El Nino environmental shock parameters for stress testing
NORMAL,Kerala,Kozhikode,11.1655,75.9561,Rice / Paddy,0.0,0.0,0.0,0.0,0.0,0.0,28.51,3.5,50.0,3.1,43.0,SCENARIO_ASSUMPTION,Simulated El Nino environmental shock parameters for stress testing
MILD_EL_NINO,Kerala,Kozhikode,11.1655,75.9561,Rice / Paddy,15.0,1.0,-15.0,-8.0,5.0,8.0,43.510000000000005,4.5,35.0,2.85,46.44,SCENARIO_ASSUMPTION,Simulated El Nino environmental shock parameters for stress testing
MODERATE_EL_NINO,Kerala,Kozhikode,11.1655,75.9561,Rice / Paddy,25.0,1.8,-30.0,-15.0,12.0,18.0,53.510000000000005,5.3,20.0,2.63,50.74,SCENARIO_ASSUMPTION,Simulated El Nino environmental shock parameters for stress testing
SEVERE_EL_NINO,Kerala,Kozhikode,11.1655,75.9561,Rice / Paddy,40.0,2.8,-50.0,-26.0,25.0,35.0,68.51,6.3,0.0,2.29,58.05,SCENARIO_ASSUMPTION,Simulated El Nino environmental shock parameters for stress testing
NORMAL,Kerala,Malappuram,10.9855,77.0061,Rice / Paddy,0.0,0.0,0.0,0.0,0.0,0.0,28.52,7.5,50.0,3.1,46.0,SCENARIO_ASSUMPTION,Simulated El Nino environmental shock parameters for stress testing
MILD_EL_NINO,Kerala,Malappuram,10.9855,77.0061,Rice / Paddy,15.0,1.0,-15.0,-8.0,5.0,8.0,43.519999999999996,8.5,35.0,2.85,49.68,SCENARIO_ASSUMPTION,Simulated El Nino environmental shock parameters for stress testing
MODERATE_EL_NINO,Kerala,Malappuram,10.9855,77.0061,Rice / Paddy,25.0,1.8,-30.0,-15.0,12.0,18.0,53.519999999999996,9.3,20.0,2.63,54.28,SCENARIO_ASSUMPTION,Simulated El Nino environmental shock parameters for stress testing
SEVERE_EL_NINO,Kerala,Malappuram,10.9855,77.0061,Rice / Paddy,40.0,2.8,-50.0,-26.0,25.0,35.0,68.52,10.3,0.0,2.29,62.1,SCENARIO_ASSUMPTION,Simulated El Nino environmental shock parameters for stress testing
NORMAL,Kerala,Palakkad,10.6855,75.7911,Rice / Paddy,0.0,0.0,0.0,0.0,0.0,0.0,28.5,6.5,50.0,3.1,42.0,SCENARIO_ASSUMPTION,Simulated El Nino environmental shock parameters for stress testing
MILD_EL_NINO,Kerala,Palakkad,10.6855,75.7911,Rice / Paddy,15.0,1.0,-15.0,-8.0,5.0,8.0,43.5,7.5,35.0,2.85,45.36,SCENARIO_ASSUMPTION,Simulated El Nino environmental shock parameters for stress testing
MODERATE_EL_NINO,Kerala,Palakkad,10.6855,75.7911,Rice / Paddy,25.0,1.8,-30.0,-15.0,12.0,18.0,53.5,8.3,20.0,2.63,49.56,SCENARIO_ASSUMPTION,Simulated El Nino environmental shock parameters for stress testing
SEVERE_EL_NINO,Kerala,Palakkad,10.6855,75.7911,Rice / Paddy,40.0,2.8,-50.0,-26.0,25.0,35.0,68.5,9.3,0.0,2.29,56.7,SCENARIO_ASSUMPTION,Simulated El Nino environmental shock parameters for stress testing
NORMAL,Kerala,Pathanamthitta,10.2505,75.9711,Rice / Paddy,0.0,0.0,0.0,0.0,0.0,0.0,28.5,3.5,50.0,3.1,50.0,SCENARIO_ASSUMPTION,Simulated El Nino environmental shock parameters for stress testing
MILD_EL_NINO,Kerala,Pathanamthitta,10.2505,75.9711,Rice / Paddy,15.0,1.0,-15.0,-8.0,5.0,8.0,43.5,4.5,35.0,2.85,54.0,SCENARIO_ASSUMPTION,Simulated El Nino environmental shock parameters for stress testing
MODERATE_EL_NINO,Kerala,Pathanamthitta,10.2505,75.9711,Rice / Paddy,25.0,1.8,-30.0,-15.0,12.0,18.0,53.5,5.3,20.0,2.63,59.0,SCENARIO_ASSUMPTION,Simulated El Nino environmental shock parameters for stress testing
SEVERE_EL_NINO,Kerala,Pathanamthitta,10.2505,75.9711,Rice / Paddy,40.0,2.8,-50.0,-26.0,25.0,35.0,68.5,6.3,0.0,2.29,67.5,SCENARIO_ASSUMPTION,Simulated El Nino environmental shock parameters for stress testing
NORMAL,Kerala,Thiruvananthapuram,8.5241,76.9366,Rice / Paddy,0.0,0.0,0.0,0.0,0.0,0.0,28.51,2.5,50.0,3.1,46.0,SCENARIO_ASSUMPTION,Simulated El Nino environmental shock parameters for stress testing
MILD_EL_NINO,Kerala,Thiruvananthapuram,8.5241,76.9366,Rice / Paddy,15.0,1.0,-15.0,-8.0,5.0,8.0,43.510000000000005,3.5,35.0,2.85,49.68,SCENARIO_ASSUMPTION,Simulated El Nino environmental shock parameters for stress testing
MODERATE_EL_NINO,Kerala,Thiruvananthapuram,8.5241,76.9366,Rice / Paddy,25.0,1.8,-30.0,-15.0,12.0,18.0,53.510000000000005,4.3,20.0,2.63,54.28,SCENARIO_ASSUMPTION,Simulated El Nino environmental shock parameters for stress testing
SEVERE_EL_NINO,Kerala,Thiruvananthapuram,8.5241,76.9366,Rice / Paddy,40.0,2.8,-50.0,-26.0,25.0,35.0,68.51,5.3,0.0,2.29,62.1,SCENARIO_ASSUMPTION,Simulated El Nino environmental shock parameters for stress testing
NORMAL,Kerala,Thrissur,11.3155,76.2261,Rice / Paddy,0.0,0.0,0.0,0.0,0.0,0.0,28.5,4.5,50.0,3.1,44.0,SCENARIO_ASSUMPTION,Simulated El Nino environmental shock parameters for stress testing
MILD_EL_NINO,Kerala,Thrissur,11.3155,76.2261,Rice / Paddy,15.0,1.0,-15.0,-8.0,5.0,8.0,43.5,5.5,35.0,2.85,47.52,SCENARIO_ASSUMPTION,Simulated El Nino environmental shock parameters for stress testing
MODERATE_EL_NINO,Kerala,Thrissur,11.3155,76.2261,Rice / Paddy,25.0,1.8,-30.0,-15.0,12.0,18.0,53.5,6.3,20.0,2.63,51.92,SCENARIO_ASSUMPTION,Simulated El Nino environmental shock parameters for stress testing
SEVERE_EL_NINO,Kerala,Thrissur,11.3155,76.2261,Rice / Paddy,40.0,2.8,-50.0,-26.0,25.0,35.0,68.5,7.3,0.0,2.29,59.4,SCENARIO_ASSUMPTION,Simulated El Nino environmental shock parameters for stress testing
NORMAL,Kerala,Wayanad,10.2655,76.8561,Rice / Paddy,0.0,0.0,0.0,0.0,0.0,0.0,28.5,5.5,50.0,3.1,53.0,SCENARIO_ASSUMPTION,Simulated El Nino environmental shock parameters for stress testing
MILD_EL_NINO,Kerala,Wayanad,10.2655,76.8561,Rice / Paddy,15.0,1.0,-15.0,-8.0,5.0,8.0,43.5,6.5,35.0,2.85,57.24,SCENARIO_ASSUMPTION,Simulated El Nino environmental shock parameters for stress testing
MODERATE_EL_NINO,Kerala,Wayanad,10.2655,76.8561,Rice / Paddy,25.0,1.8,-30.0,-15.0,12.0,18.0,53.5,7.3,20.0,2.63,62.54,SCENARIO_ASSUMPTION,Simulated El Nino environmental shock parameters for stress testing
SEVERE_EL_NINO,Kerala,Wayanad,10.2655,76.8561,Rice / Paddy,40.0,2.8,-50.0,-26.0,25.0,35.0,68.5,8.3,0.0,2.29,71.55,SCENARIO_ASSUMPTION,Simulated El Nino environmental shock parameters for stress testing
NORMAL,Madhya Pradesh,Anuppur,23.4534,77.9069,Wheat,0.0,0.0,0.0,0.0,0.0,0.0,28.47,7.5,50.0,3.4,50.0,SCENARIO_ASSUMPTION,Simulated El Nino environmental shock parameters for stress testing
MILD_EL_NINO,Madhya Pradesh,Anuppur,23.4534,77.9069,Wheat,15.0,1.0,-15.0,-8.0,5.0,8.0,43.47,8.5,35.0,3.13,54.0,SCENARIO_ASSUMPTION,Simulated El Nino environmental shock parameters for stress testing
MODERATE_EL_NINO,Madhya Pradesh,Anuppur,23.4534,77.9069,Wheat,25.0,1.8,-30.0,-15.0,12.0,18.0,53.47,9.3,20.0,2.89,59.0,SCENARIO_ASSUMPTION,Simulated El Nino environmental shock parameters for stress testing
SEVERE_EL_NINO,Madhya Pradesh,Anuppur,23.4534,77.9069,Wheat,40.0,2.8,-50.0,-26.0,25.0,35.0,68.47,10.3,0.0,2.52,67.5,SCENARIO_ASSUMPTION,Simulated El Nino environmental shock parameters for stress testing
NORMAL,Madhya Pradesh,Ashoknagar,22.7634,78.7919,Wheat,0.0,0.0,0.0,0.0,0.0,0.0,28.52,0.5,50.0,3.4,47.0,SCENARIO_ASSUMPTION,Simulated El Nino environmental shock parameters for stress testing
MILD_EL_NINO,Madhya Pradesh,Ashoknagar,22.7634,78.7919,Wheat,15.0,1.0,-15.0,-8.0,5.0,8.0,43.519999999999996,1.5,35.0,3.13,50.76,SCENARIO_ASSUMPTION,Simulated El Nino environmental shock parameters for stress testing
MODERATE_EL_NINO,Madhya Pradesh,Ashoknagar,22.7634,78.7919,Wheat,25.0,1.8,-30.0,-15.0,12.0,18.0,53.519999999999996,2.3,20.0,2.89,55.46,SCENARIO_ASSUMPTION,Simulated El Nino environmental shock parameters for stress testing
SEVERE_EL_NINO,Madhya Pradesh,Ashoknagar,22.7634,78.7919,Wheat,40.0,2.8,-50.0,-26.0,25.0,35.0,68.52,3.3,0.0,2.52,63.45,SCENARIO_ASSUMPTION,Simulated El Nino environmental shock parameters for stress testing
NORMAL,Madhya Pradesh,Balaghat,23.3034,79.3019,Wheat,0.0,0.0,0.0,0.0,0.0,0.0,28.5,2.5,50.0,3.4,49.0,SCENARIO_ASSUMPTION,Simulated El Nino environmental shock parameters for stress testing
MILD_EL_NINO,Madhya Pradesh,Balaghat,23.3034,79.3019,Wheat,15.0,1.0,-15.0,-8.0,5.0,8.0,43.5,3.5,35.0,3.13,52.92,SCENARIO_ASSUMPTION,Simulated El Nino environmental shock parameters for stress testing
MODERATE_EL_NINO,Madhya Pradesh,Balaghat,23.3034,79.3019,Wheat,25.0,1.8,-30.0,-15.0,12.0,18.0,53.5,4.3,20.0,2.89,57.82,SCENARIO_ASSUMPTION,Simulated El Nino environmental shock parameters for stress testing
SEVERE_EL_NINO,Madhya Pradesh,Balaghat,23.3034,79.3019,Wheat,40.0,2.8,-50.0,-26.0,25.0,35.0,68.5,5.3,0.0,2.52,66.15,SCENARIO_ASSUMPTION,Simulated El Nino environmental shock parameters for stress testing
NORMAL,Madhya Pradesh,Barwani,22.9134,79.0319,Wheat,0.0,0.0,0.0,0.0,0.0,0.0,28.49,6.5,50.0,3.4,53.0,SCENARIO_ASSUMPTION,Simulated El Nino environmental shock parameters for stress testing
MILD_EL_NINO,Madhya Pradesh,Barwani,22.9134,79.0319,Wheat,15.0,1.0,-15.0,-8.0,5.0,8.0,43.489999999999995,7.5,35.0,3.13,57.24,SCENARIO_ASSUMPTION,Simulated El Nino environmental shock parameters for stress testing
MODERATE_EL_NINO,Madhya Pradesh,Barwani,22.9134,79.0319,Wheat,25.0,1.8,-30.0,-15.0,12.0,18.0,53.489999999999995,8.3,20.0,2.89,62.54,SCENARIO_ASSUMPTION,Simulated El Nino environmental shock parameters for stress testing
SEVERE_EL_NINO,Madhya Pradesh,Barwani,22.9134,79.0319,Wheat,40.0,2.8,-50.0,-26.0,25.0,35.0,68.49,9.3,0.0,2.52,71.55,SCENARIO_ASSUMPTION,Simulated El Nino environmental shock parameters for stress testing
NORMAL,Madhya Pradesh,Betul,22.3134,78.9269,Wheat,0.0,0.0,0.0,0.0,0.0,0.0,28.52,1.5,50.0,3.4,49.0,SCENARIO_ASSUMPTION,Simulated El Nino environmental shock parameters for stress testing
MILD_EL_NINO,Madhya Pradesh,Betul,22.3134,78.9269,Wheat,15.0,1.0,-15.0,-8.0,5.0,8.0,43.519999999999996,2.5,35.0,3.13,52.92,SCENARIO_ASSUMPTION,Simulated El Nino environmental shock parameters for stress testing
MODERATE_EL_NINO,Madhya Pradesh,Betul,22.3134,78.9269,Wheat,25.0,1.8,-30.0,-15.0,12.0,18.0,53.519999999999996,3.3,20.0,2.89,57.82,SCENARIO_ASSUMPTION,Simulated El Nino environmental shock parameters for stress testing
SEVERE_EL_NINO,Madhya Pradesh,Betul,22.3134,78.9269,Wheat,40.0,2.8,-50.0,-26.0,25.0,35.0,68.52,4.3,0.0,2.52,66.15,SCENARIO_ASSUMPTION,Simulated El Nino environmental shock parameters for stress testing
NORMAL,Madhya Pradesh,Bhind,23.3784,78.4169,Wheat,0.0,0.0,0.0,0.0,0.0,0.0,28.51,1.5,50.0,3.4,48.0,SCENARIO_ASSUMPTION,Simulated El Nino environmental shock parameters for stress testing
MILD_EL_NINO,Madhya Pradesh,Bhind,23.3784,78.4169,Wheat,15.0,1.0,-15.0,-8.0,5.0,8.0,43.510000000000005,2.5,35.0,3.13,51.84,SCENARIO_ASSUMPTION,Simulated El Nino environmental shock parameters for stress testing
MODERATE_EL_NINO,Madhya Pradesh,Bhind,23.3784,78.4169,Wheat,25.0,1.8,-30.0,-15.0,12.0,18.0,53.510000000000005,3.3,20.0,2.89,56.64,SCENARIO_ASSUMPTION,Simulated El Nino environmental shock parameters for stress testing
SEVERE_EL_NINO,Madhya Pradesh,Bhind,23.3784,78.4169,Wheat,40.0,2.8,-50.0,-26.0,25.0,35.0,68.51,4.3,0.0,2.52,64.8,SCENARIO_ASSUMPTION,Simulated El Nino environmental shock parameters for stress testing
NORMAL,Madhya Pradesh,Bhopal,23.2599,77.4126,Wheat,0.0,0.0,0.0,0.0,0.0,0.0,28.5,0.5,50.0,3.4,47.0,SCENARIO_ASSUMPTION,Simulated El Nino environmental shock parameters for stress testing
MILD_EL_NINO,Madhya Pradesh,Bhopal,23.2599,77.4126,Wheat,15.0,1.0,-15.0,-8.0,5.0,8.0,43.5,1.5,35.0,3.13,50.76,SCENARIO_ASSUMPTION,Simulated El Nino environmental shock parameters for stress testing
MODERATE_EL_NINO,Madhya Pradesh,Bhopal,23.2599,77.4126,Wheat,25.0,1.8,-30.0,-15.0,12.0,18.0,53.5,2.3,20.0,2.89,55.46,SCENARIO_ASSUMPTION,Simulated El Nino environmental shock parameters for stress testing
SEVERE_EL_NINO,Madhya Pradesh,Bhopal,23.2599,77.4126,Wheat,40.0,2.8,-50.0,-26.0,25.0,35.0,68.5,3.3,0.0,2.52,63.45,SCENARIO_ASSUMPTION,Simulated El Nino environmental shock parameters for stress testing
NORMAL,Madhya Pradesh,Burhanpur,23.3484,79.0169,Wheat,0.0,0.0,0.0,0.0,0.0,0.0,28.5,4.5,50.0,3.4,51.0,SCENARIO_ASSUMPTION,Simulated El Nino environmental shock parameters for stress testing
MILD_EL_NINO,Madhya Pradesh,Burhanpur,23.3484,79.0169,Wheat,15.0,1.0,-15.0,-8.0,5.0,8.0,43.5,5.5,35.0,3.13,55.08,SCENARIO_ASSUMPTION,Simulated El Nino environmental shock parameters for stress testing
MODERATE_EL_NINO,Madhya Pradesh,Burhanpur,23.3484,79.0169,Wheat,25.0,1.8,-30.0,-15.0,12.0,18.0,53.5,6.3,20.0,2.89,60.18,SCENARIO_ASSUMPTION,Simulated El Nino environmental shock parameters for stress testing
SEVERE_EL_NINO,Madhya Pradesh,Burhanpur,23.3484,79.0169,Wheat,40.0,2.8,-50.0,-26.0,25.0,35.0,68.5,7.3,0.0,2.52,68.85,SCENARIO_ASSUMPTION,Simulated El Nino environmental shock parameters for stress testing
NORMAL,Madhya Pradesh,Chhatarpur,22.3884,78.5819,Wheat,0.0,0.0,0.0,0.0,0.0,0.0,28.49,6.5,50.0,3.4,43.0,SCENARIO_ASSUMPTION,Simulated El Nino environmental shock parameters for stress testing
MILD_EL_NINO,Madhya Pradesh,Chhatarpur,22.3884,78.5819,Wheat,15.0,1.0,-15.0,-8.0,5.0,8.0,43.489999999999995,7.5,35.0,3.13,46.44,SCENARIO_ASSUMPTION,Simulated El Nino environmental shock parameters for stress testing
MODERATE_EL_NINO,Madhya Pradesh,Chhatarpur,22.3884,78.5819,Wheat,25.0,1.8,-30.0,-15.0,12.0,18.0,53.489999999999995,8.3,20.0,2.89,50.74,SCENARIO_ASSUMPTION,Simulated El Nino environmental shock parameters for stress testing
SEVERE_EL_NINO,Madhya Pradesh,Chhatarpur,22.3884,78.5819,Wheat,40.0,2.8,-50.0,-26.0,25.0,35.0,68.49,9.3,0.0,2.52,58.05,SCENARIO_ASSUMPTION,Simulated El Nino environmental shock parameters for stress testing
NORMAL,Madhya Pradesh,Chhindwara,22.5234,77.9069,Wheat,0.0,0.0,0.0,0.0,0.0,0.0,28.49,2.5,50.0,3.4,43.0,SCENARIO_ASSUMPTION,Simulated El Nino environmental shock parameters for stress testing
MILD_EL_NINO,Madhya Pradesh,Chhindwara,22.5234,77.9069,Wheat,15.0,1.0,-15.0,-8.0,5.0,8.0,43.489999999999995,3.5,35.0,3.13,46.44,SCENARIO_ASSUMPTION,Simulated El Nino environmental shock parameters for stress testing
MODERATE_EL_NINO,Madhya Pradesh,Chhindwara,22.5234,77.9069,Wheat,25.0,1.8,-30.0,-15.0,12.0,18.0,53.489999999999995,4.3,20.0,2.89,50.74,SCENARIO_ASSUMPTION,Simulated El Nino environmental shock parameters for stress testing
SEVERE_EL_NINO,Madhya Pradesh,Chhindwara,22.5234,77.9069,Wheat,40.0,2.8,-50.0,-26.0,25.0,35.0,68.49,5.3,0.0,2.52,58.05,SCENARIO_ASSUMPTION,Simulated El Nino environmental shock parameters for stress testing
NORMAL,Madhya Pradesh,Damoh,23.4534,78.3419,Wheat,0.0,0.0,0.0,0.0,0.0,0.0,28.48,1.5,50.0,3.4,46.0,SCENARIO_ASSUMPTION,Simulated El Nino environmental shock parameters for stress testing
MILD_EL_NINO,Madhya Pradesh,Damoh,23.4534,78.3419,Wheat,15.0,1.0,-15.0,-8.0,5.0,8.0,43.480000000000004,2.5,35.0,3.13,49.68,SCENARIO_ASSUMPTION,Simulated El Nino environmental shock parameters for stress testing
MODERATE_EL_NINO,Madhya Pradesh,Damoh,23.4534,78.3419,Wheat,25.0,1.8,-30.0,-15.0,12.0,18.0,53.480000000000004,3.3,20.0,2.89,54.28,SCENARIO_ASSUMPTION,Simulated El Nino environmental shock parameters for stress testing
SEVERE_EL_NINO,Madhya Pradesh,Damoh,23.4534,78.3419,Wheat,40.0,2.8,-50.0,-26.0,25.0,35.0,68.48,4.3,0.0,2.52,62.1,SCENARIO_ASSUMPTION,Simulated El Nino environmental shock parameters for stress testing
NORMAL,Madhya Pradesh,Datia,22.7934,78.7619,Wheat,0.0,0.0,0.0,0.0,0.0,0.0,28.49,2.5,50.0,3.4,45.0,SCENARIO_ASSUMPTION,Simulated El Nino environmental shock parameters for stress testing
MILD_EL_NINO,Madhya Pradesh,Datia,22.7934,78.7619,Wheat,15.0,1.0,-15.0,-8.0,5.0,8.0,43.489999999999995,3.5,35.0,3.13,48.6,SCENARIO_ASSUMPTION,Simulated El Nino environmental shock parameters for stress testing
MODERATE_EL_NINO,Madhya Pradesh,Datia,22.7934,78.7619,Wheat,25.0,1.8,-30.0,-15.0,12.0,18.0,53.489999999999995,4.3,20.0,2.89,53.1,SCENARIO_ASSUMPTION,Simulated El Nino environmental shock parameters for stress testing
SEVERE_EL_NINO,Madhya Pradesh,Datia,22.7934,78.7619,Wheat,40.0,2.8,-50.0,-26.0,25.0,35.0,68.49,5.3,0.0,2.52,60.75,SCENARIO_ASSUMPTION,Simulated El Nino environmental shock parameters for stress testing
NORMAL,Madhya Pradesh,Dewas,22.5534,79.2719,Wheat,0.0,0.0,0.0,0.0,0.0,0.0,28.52,2.5,50.0,3.4,44.0,SCENARIO_ASSUMPTION,Simulated El Nino environmental shock parameters for stress testing
MILD_EL_NINO,Madhya Pradesh,Dewas,22.5534,79.2719,Wheat,15.0,1.0,-15.0,-8.0,5.0,8.0,43.519999999999996,3.5,35.0,3.13,47.52,SCENARIO_ASSUMPTION,Simulated El Nino environmental shock parameters for stress testing
MODERATE_EL_NINO,Madhya Pradesh,Dewas,22.5534,79.2719,Wheat,25.0,1.8,-30.0,-15.0,12.0,18.0,53.519999999999996,4.3,20.0,2.89,51.92,SCENARIO_ASSUMPTION,Simulated El Nino environmental shock parameters for stress testing
SEVERE_EL_NINO,Madhya Pradesh,Dewas,22.5534,79.2719,Wheat,40.0,2.8,-50.0,-26.0,25.0,35.0,68.52,5.3,0.0,2.52,59.4,SCENARIO_ASSUMPTION,Simulated El Nino environmental shock parameters for stress testing
NORMAL,Madhya Pradesh,Dhar,22.7184,77.9069,Wheat,0.0,0.0,0.0,0.0,0.0,0.0,28.49,6.5,50.0,3.4,50.0,SCENARIO_ASSUMPTION,Simulated El Nino environmental shock parameters for stress testing
MILD_EL_NINO,Madhya Pradesh,Dhar,22.7184,77.9069,Wheat,15.0,1.0,-15.0,-8.0,5.0,8.0,43.489999999999995,7.5,35.0,3.13,54.0,SCENARIO_ASSUMPTION,Simulated El Nino environmental shock parameters for stress testing
MODERATE_EL_NINO,Madhya Pradesh,Dhar,22.7184,77.9069,Wheat,25.0,1.8,-30.0,-15.0,12.0,18.0,53.489999999999995,8.3,20.0,2.89,59.0,SCENARIO_ASSUMPTION,Simulated El Nino environmental shock parameters for stress testing
SEVERE_EL_NINO,Madhya Pradesh,Dhar,22.7184,77.9069,Wheat,40.0,2.8,-50.0,-26.0,25.0,35.0,68.49,9.3,0.0,2.52,67.5,SCENARIO_ASSUMPTION,Simulated El Nino environmental shock parameters for stress testing
NORMAL,Madhya Pradesh,Dindori,22.4334,78.9119,Wheat,0.0,0.0,0.0,0.0,0.0,0.0,28.52,7.5,50.0,3.4,51.0,SCENARIO_ASSUMPTION,Simulated El Nino environmental shock parameters for stress testing
MILD_EL_NINO,Madhya Pradesh,Dindori,22.4334,78.9119,Wheat,15.0,1.0,-15.0,-8.0,5.0,8.0,43.519999999999996,8.5,35.0,3.13,55.08,SCENARIO_ASSUMPTION,Simulated El Nino environmental shock parameters for stress testing
MODERATE_EL_NINO,Madhya Pradesh,Dindori,22.4334,78.9119,Wheat,25.0,1.8,-30.0,-15.0,12.0,18.0,53.519999999999996,9.3,20.0,2.89,60.18,SCENARIO_ASSUMPTION,Simulated El Nino environmental shock parameters for stress testing
SEVERE_EL_NINO,Madhya Pradesh,Dindori,22.4334,78.9119,Wheat,40.0,2.8,-50.0,-26.0,25.0,35.0,68.52,10.3,0.0,2.52,68.85,SCENARIO_ASSUMPTION,Simulated El Nino environmental shock parameters for stress testing
NORMAL,Madhya Pradesh,Guna,23.6934,78.1919,Wheat,0.0,0.0,0.0,0.0,0.0,0.0,28.5,2.5,50.0,3.4,45.0,SCENARIO_ASSUMPTION,Simulated El Nino environmental shock parameters for stress testing
MILD_EL_NINO,Madhya Pradesh,Guna,23.6934,78.1919,Wheat,15.0,1.0,-15.0,-8.0,5.0,8.0,43.5,3.5,35.0,3.13,48.6,SCENARIO_ASSUMPTION,Simulated El Nino environmental shock parameters for stress testing
MODERATE_EL_NINO,Madhya Pradesh,Guna,23.6934,78.1919,Wheat,25.0,1.8,-30.0,-15.0,12.0,18.0,53.5,4.3,20.0,2.89,53.1,SCENARIO_ASSUMPTION,Simulated El Nino environmental shock parameters for stress testing
SEVERE_EL_NINO,Madhya Pradesh,Guna,23.6934,78.1919,Wheat,40.0,2.8,-50.0,-26.0,25.0,35.0,68.5,5.3,0.0,2.52,60.75,SCENARIO_ASSUMPTION,Simulated El Nino environmental shock parameters for stress testing
NORMAL,Madhya Pradesh,Gwalior,23.1684,79.1819,Wheat,0.0,0.0,0.0,0.0,0.0,0.0,28.5,6.5,50.0,3.4,47.0,SCENARIO_ASSUMPTION,Simulated El Nino environmental shock parameters for stress testing
MILD_EL_NINO,Madhya Pradesh,Gwalior,23.1684,79.1819,Wheat,15.0,1.0,-15.0,-8.0,5.0,8.0,43.5,7.5,35.0,3.13,50.76,SCENARIO_ASSUMPTION,Simulated El Nino environmental shock parameters for stress testing
MODERATE_EL_NINO,Madhya Pradesh,Gwalior,23.1684,79.1819,Wheat,25.0,1.8,-30.0,-15.0,12.0,18.0,53.5,8.3,20.0,2.89,55.46,SCENARIO_ASSUMPTION,Simulated El Nino environmental shock parameters for stress testing
SEVERE_EL_NINO,Madhya Pradesh,Gwalior,23.1684,79.1819,Wheat,40.0,2.8,-50.0,-26.0,25.0,35.0,68.5,9.3,0.0,2.52,63.45,SCENARIO_ASSUMPTION,Simulated El Nino environmental shock parameters for stress testing
NORMAL,Madhya Pradesh,Harda,23.4084,78.1169,Wheat,0.0,0.0,0.0,0.0,0.0,0.0,28.5,1.5,50.0,3.4,45.0,SCENARIO_ASSUMPTION,Simulated El Nino environmental shock parameters for stress testing
MILD_EL_NINO,Madhya Pradesh,Harda,23.4084,78.1169,Wheat,15.0,1.0,-15.0,-8.0,5.0,8.0,43.5,2.5,35.0,3.13,48.6,SCENARIO_ASSUMPTION,Simulated El Nino environmental shock parameters for stress testing
MODERATE_EL_NINO,Madhya Pradesh,Harda,23.4084,78.1169,Wheat,25.0,1.8,-30.0,-15.0,12.0,18.0,53.5,3.3,20.0,2.89,53.1,SCENARIO_ASSUMPTION,Simulated El Nino environmental shock parameters for stress testing
SEVERE_EL_NINO,Madhya Pradesh,Harda,23.4084,78.1169,Wheat,40.0,2.8,-50.0,-26.0,25.0,35.0,68.5,4.3,0.0,2.52,60.75,SCENARIO_ASSUMPTION,Simulated El Nino environmental shock parameters for stress testing
NORMAL,Madhya Pradesh,Hoshangabad,23.0934,78.3569,Wheat,0.0,0.0,0.0,0.0,0.0,0.0,28.52,1.5,50.0,3.4,51.0,SCENARIO_ASSUMPTION,Simulated El Nino environmental shock parameters for stress testing
MILD_EL_NINO,Madhya Pradesh,Hoshangabad,23.0934,78.3569,Wheat,15.0,1.0,-15.0,-8.0,5.0,8.0,43.519999999999996,2.5,35.0,3.13,55.08,SCENARIO_ASSUMPTION,Simulated El Nino environmental shock parameters for stress testing
MODERATE_EL_NINO,Madhya Pradesh,Hoshangabad,23.0934,78.3569,Wheat,25.0,1.8,-30.0,-15.0,12.0,18.0,53.519999999999996,3.3,20.0,2.89,60.18,SCENARIO_ASSUMPTION,Simulated El Nino environmental shock parameters for stress testing
SEVERE_EL_NINO,Madhya Pradesh,Hoshangabad,23.0934,78.3569,Wheat,40.0,2.8,-50.0,-26.0,25.0,35.0,68.52,4.3,0.0,2.52,68.85,SCENARIO_ASSUMPTION,Simulated El Nino environmental shock parameters for stress testing
NORMAL,Madhya Pradesh,Indore,22.8234,77.9669,Wheat,0.0,0.0,0.0,0.0,0.0,0.0,28.51,2.5,50.0,3.4,46.0,SCENARIO_ASSUMPTION,Simulated El Nino environmental shock parameters for stress testing
MILD_EL_NINO,Madhya Pradesh,Indore,22.8234,77.9669,Wheat,15.0,1.0,-15.0,-8.0,5.0,8.0,43.510000000000005,3.5,35.0,3.13,49.68,SCENARIO_ASSUMPTION,Simulated El Nino environmental shock parameters for stress testing
MODERATE_EL_NINO,Madhya Pradesh,Indore,22.8234,77.9669,Wheat,25.0,1.8,-30.0,-15.0,12.0,18.0,53.510000000000005,4.3,20.0,2.89,54.28,SCENARIO_ASSUMPTION,Simulated El Nino environmental shock parameters for stress testing
SEVERE_EL_NINO,Madhya Pradesh,Indore,22.8234,77.9669,Wheat,40.0,2.8,-50.0,-26.0,25.0,35.0,68.51,5.3,0.0,2.52,62.1,SCENARIO_ASSUMPTION,Simulated El Nino environmental shock parameters for stress testing
NORMAL,Madhya Pradesh,Jabalpur,22.2834,78.7169,Wheat,0.0,0.0,0.0,0.0,0.0,0.0,28.5,7.5,50.0,3.4,51.0,SCENARIO_ASSUMPTION,Simulated El Nino environmental shock parameters for stress testing
MILD_EL_NINO,Madhya Pradesh,Jabalpur,22.2834,78.7169,Wheat,15.0,1.0,-15.0,-8.0,5.0,8.0,43.5,8.5,35.0,3.13,55.08,SCENARIO_ASSUMPTION,Simulated El Nino environmental shock parameters for stress testing
MODERATE_EL_NINO,Madhya Pradesh,Jabalpur,22.2834,78.7169,Wheat,25.0,1.8,-30.0,-15.0,12.0,18.0,53.5,9.3,20.0,2.89,60.18,SCENARIO_ASSUMPTION,Simulated El Nino environmental shock parameters for stress testing
SEVERE_EL_NINO,Madhya Pradesh,Jabalpur,22.2834,78.7169,Wheat,40.0,2.8,-50.0,-26.0,25.0,35.0,68.5,10.3,0.0,2.52,68.85,SCENARIO_ASSUMPTION,Simulated El Nino environmental shock parameters for stress testing
NORMAL,Madhya Pradesh,Jhabua,22.7484,78.4019,Wheat,0.0,0.0,0.0,0.0,0.0,0.0,28.5,6.5,50.0,3.4,53.0,SCENARIO_ASSUMPTION,Simulated El Nino environmental shock parameters for stress testing
MILD_EL_NINO,Madhya Pradesh,Jhabua,22.7484,78.4019,Wheat,15.0,1.0,-15.0,-8.0,5.0,8.0,43.5,7.5,35.0,3.13,57.24,SCENARIO_ASSUMPTION,Simulated El Nino environmental shock parameters for stress testing
MODERATE_EL_NINO,Madhya Pradesh,Jhabua,22.7484,78.4019,Wheat,25.0,1.8,-30.0,-15.0,12.0,18.0,53.5,8.3,20.0,2.89,62.54,SCENARIO_ASSUMPTION,Simulated El Nino environmental shock parameters for stress testing
SEVERE_EL_NINO,Madhya Pradesh,Jhabua,22.7484,78.4019,Wheat,40.0,2.8,-50.0,-26.0,25.0,35.0,68.5,9.3,0.0,2.52,71.55,SCENARIO_ASSUMPTION,Simulated El Nino environmental shock parameters for stress testing
NORMAL,Madhya Pradesh,Katni,23.1384,79.3619,Wheat,0.0,0.0,0.0,0.0,0.0,0.0,28.51,5.5,50.0,3.4,44.0,SCENARIO_ASSUMPTION,Simulated El Nino environmental shock parameters for stress testing
MILD_EL_NINO,Madhya Pradesh,Katni,23.1384,79.3619,Wheat,15.0,1.0,-15.0,-8.0,5.0,8.0,43.510000000000005,6.5,35.0,3.13,47.52,SCENARIO_ASSUMPTION,Simulated El Nino environmental shock parameters for stress testing
MODERATE_EL_NINO,Madhya Pradesh,Katni,23.1384,79.3619,Wheat,25.0,1.8,-30.0,-15.0,12.0,18.0,53.510000000000005,7.3,20.0,2.89,51.92,SCENARIO_ASSUMPTION,Simulated El Nino environmental shock parameters for stress testing
SEVERE_EL_NINO,Madhya Pradesh,Katni,23.1384,79.3619,Wheat,40.0,2.8,-50.0,-26.0,25.0,35.0,68.51,8.3,0.0,2.52,59.4,SCENARIO_ASSUMPTION,Simulated El Nino environmental shock parameters for stress testing
NORMAL,Madhya Pradesh,Khandwa,23.2434,78.6569,Wheat,0.0,0.0,0.0,0.0,0.0,0.0,28.5,6.5,50.0,3.4,51.0,SCENARIO_ASSUMPTION,Simulated El Nino environmental shock parameters for stress testing
MILD_EL_NINO,Madhya Pradesh,Khandwa,23.2434,78.6569,Wheat,15.0,1.0,-15.0,-8.0,5.0,8.0,43.5,7.5,35.0,3.13,55.08,SCENARIO_ASSUMPTION,Simulated El Nino environmental shock parameters for stress testing
MODERATE_EL_NINO,Madhya Pradesh,Khandwa,23.2434,78.6569,Wheat,25.0,1.8,-30.0,-15.0,12.0,18.0,53.5,8.3,20.0,2.89,60.18,SCENARIO_ASSUMPTION,Simulated El Nino environmental shock parameters for stress testing
SEVERE_EL_NINO,Madhya Pradesh,Khandwa,23.2434,78.6569,Wheat,40.0,2.8,-50.0,-26.0,25.0,35.0,68.5,9.3,0.0,2.52,68.85,SCENARIO_ASSUMPTION,Simulated El Nino environmental shock parameters for stress testing
NORMAL,Madhya Pradesh,Khargone,22.5234,78.3419,Wheat,0.0,0.0,0.0,0.0,0.0,0.0,28.52,0.5,50.0,3.4,42.0,SCENARIO_ASSUMPTION,Simulated El Nino environmental shock parameters for stress testing
MILD_EL_NINO,Madhya Pradesh,Khargone,22.5234,78.3419,Wheat,15.0,1.0,-15.0,-8.0,5.0,8.0,43.519999999999996,1.5,35.0,3.13,45.36,SCENARIO_ASSUMPTION,Simulated El Nino environmental shock parameters for stress testing
MODERATE_EL_NINO,Madhya Pradesh,Khargone,22.5234,78.3419,Wheat,25.0,1.8,-30.0,-15.0,12.0,18.0,53.519999999999996,2.3,20.0,2.89,49.56,SCENARIO_ASSUMPTION,Simulated El Nino environmental shock parameters for stress testing
SEVERE_EL_NINO,Madhya Pradesh,Khargone,22.5234,78.3419,Wheat,40.0,2.8,-50.0,-26.0,25.0,35.0,68.52,3.3,0.0,2.52,56.7,SCENARIO_ASSUMPTION,Simulated El Nino environmental shock parameters for stress testing
NORMAL,Madhya Pradesh,Mandla,23.4084,78.9119,Wheat,0.0,0.0,0.0,0.0,0.0,0.0,28.5,6.5,50.0,3.4,46.0,SCENARIO_ASSUMPTION,Simulated El Nino environmental shock parameters for stress testing
MILD_EL_NINO,Madhya Pradesh,Mandla,23.4084,78.9119,Wheat,15.0,1.0,-15.0,-8.0,5.0,8.0,43.5,7.5,35.0,3.13,49.68,SCENARIO_ASSUMPTION,Simulated El Nino environmental shock parameters for stress testing
MODERATE_EL_NINO,Madhya Pradesh,Mandla,23.4084,78.9119,Wheat,25.0,1.8,-30.0,-15.0,12.0,18.0,53.5,8.3,20.0,2.89,54.28,SCENARIO_ASSUMPTION,Simulated El Nino environmental shock parameters for stress testing
SEVERE_EL_NINO,Madhya Pradesh,Mandla,23.4084,78.9119,Wheat,40.0,2.8,-50.0,-26.0,25.0,35.0,68.5,9.3,0.0,2.52,62.1,SCENARIO_ASSUMPTION,Simulated El Nino environmental shock parameters for stress testing
NORMAL,Madhya Pradesh,Mandsaur,23.1834,78.8969,Wheat,0.0,0.0,0.0,0.0,0.0,0.0,28.49,5.5,50.0,3.4,47.0,SCENARIO_ASSUMPTION,Simulated El Nino environmental shock parameters for stress testing
MILD_EL_NINO,Madhya Pradesh,Mandsaur,23.1834,78.8969,Wheat,15.0,1.0,-15.0,-8.0,5.0,8.0,43.489999999999995,6.5,35.0,3.13,50.76,SCENARIO_ASSUMPTION,Simulated El Nino environmental shock parameters for stress testing
MODERATE_EL_NINO,Madhya Pradesh,Mandsaur,23.1834,78.8969,Wheat,25.0,1.8,-30.0,-15.0,12.0,18.0,53.489999999999995,7.3,20.0,2.89,55.46,SCENARIO_ASSUMPTION,Simulated El Nino environmental shock parameters for stress testing
SEVERE_EL_NINO,Madhya Pradesh,Mandsaur,23.1834,78.8969,Wheat,40.0,2.8,-50.0,-26.0,25.0,35.0,68.49,8.3,0.0,2.52,63.45,SCENARIO_ASSUMPTION,Simulated El Nino environmental shock parameters for stress testing
NORMAL,Madhya Pradesh,Morena,22.9284,79.0019,Wheat,0.0,0.0,0.0,0.0,0.0,0.0,28.5,0.5,50.0,3.4,42.0,SCENARIO_ASSUMPTION,Simulated El Nino environmental shock parameters for stress testing
MILD_EL_NINO,Madhya Pradesh,Morena,22.9284,79.0019,Wheat,15.0,1.0,-15.0,-8.0,5.0,8.0,43.5,1.5,35.0,3.13,45.36,SCENARIO_ASSUMPTION,Simulated El Nino environmental shock parameters for stress testing
MODERATE_EL_NINO,Madhya Pradesh,Morena,22.9284,79.0019,Wheat,25.0,1.8,-30.0,-15.0,12.0,18.0,53.5,2.3,20.0,2.89,49.56,SCENARIO_ASSUMPTION,Simulated El Nino environmental shock parameters for stress testing
SEVERE_EL_NINO,Madhya Pradesh,Morena,22.9284,79.0019,Wheat,40.0,2.8,-50.0,-26.0,25.0,35.0,68.5,3.3,0.0,2.52,56.7,SCENARIO_ASSUMPTION,Simulated El Nino environmental shock parameters for stress testing
NORMAL,Madhya Pradesh,Narsinghpur,22.9284,78.9119,Wheat,0.0,0.0,0.0,0.0,0.0,0.0,28.5,1.5,50.0,3.4,42.0,SCENARIO_ASSUMPTION,Simulated El Nino environmental shock parameters for stress testing
MILD_EL_NINO,Madhya Pradesh,Narsinghpur,22.9284,78.9119,Wheat,15.0,1.0,-15.0,-8.0,5.0,8.0,43.5,2.5,35.0,3.13,45.36,SCENARIO_ASSUMPTION,Simulated El Nino environmental shock parameters for stress testing
MODERATE_EL_NINO,Madhya Pradesh,Narsinghpur,22.9284,78.9119,Wheat,25.0,1.8,-30.0,-15.0,12.0,18.0,53.5,3.3,20.0,2.89,49.56,SCENARIO_ASSUMPTION,Simulated El Nino environmental shock parameters for stress testing
SEVERE_EL_NINO,Madhya Pradesh,Narsinghpur,22.9284,78.9119,Wheat,40.0,2.8,-50.0,-26.0,25.0,35.0,68.5,4.3,0.0,2.52,56.7,SCENARIO_ASSUMPTION,Simulated El Nino environmental shock parameters for stress testing
NORMAL,Madhya Pradesh,Neemuch,23.3034,78.7919,Wheat,0.0,0.0,0.0,0.0,0.0,0.0,28.51,7.5,50.0,3.4,48.0,SCENARIO_ASSUMPTION,Simulated El Nino environmental shock parameters for stress testing
MILD_EL_NINO,Madhya Pradesh,Neemuch,23.3034,78.7919,Wheat,15.0,1.0,-15.0,-8.0,5.0,8.0,43.510000000000005,8.5,35.0,3.13,51.84,SCENARIO_ASSUMPTION,Simulated El Nino environmental shock parameters for stress testing
MODERATE_EL_NINO,Madhya Pradesh,Neemuch,23.3034,78.7919,Wheat,25.0,1.8,-30.0,-15.0,12.0,18.0,53.510000000000005,9.3,20.0,2.89,56.64,SCENARIO_ASSUMPTION,Simulated El Nino environmental shock parameters for stress testing
SEVERE_EL_NINO,Madhya Pradesh,Neemuch,23.3034,78.7919,Wheat,40.0,2.8,-50.0,-26.0,25.0,35.0,68.51,10.3,0.0,2.52,64.8,SCENARIO_ASSUMPTION,Simulated El Nino environmental shock parameters for stress testing
NORMAL,Madhya Pradesh,Panna,22.6284,78.1769,Wheat,0.0,0.0,0.0,0.0,0.0,0.0,28.49,4.5,50.0,3.4,48.0,SCENARIO_ASSUMPTION,Simulated El Nino environmental shock parameters for stress testing
MILD_EL_NINO,Madhya Pradesh,Panna,22.6284,78.1769,Wheat,15.0,1.0,-15.0,-8.0,5.0,8.0,43.489999999999995,5.5,35.0,3.13,51.84,SCENARIO_ASSUMPTION,Simulated El Nino environmental shock parameters for stress testing
MODERATE_EL_NINO,Madhya Pradesh,Panna,22.6284,78.1769,Wheat,25.0,1.8,-30.0,-15.0,12.0,18.0,53.489999999999995,6.3,20.0,2.89,56.64,SCENARIO_ASSUMPTION,Simulated El Nino environmental shock parameters for stress testing
SEVERE_EL_NINO,Madhya Pradesh,Panna,22.6284,78.1769,Wheat,40.0,2.8,-50.0,-26.0,25.0,35.0,68.49,7.3,0.0,2.52,64.8,SCENARIO_ASSUMPTION,Simulated El Nino environmental shock parameters for stress testing
NORMAL,Madhya Pradesh,Raisen,22.4634,78.6419,Wheat,0.0,0.0,0.0,0.0,0.0,0.0,28.53,1.5,50.0,3.4,43.0,SCENARIO_ASSUMPTION,Simulated El Nino environmental shock parameters for stress testing
MILD_EL_NINO,Madhya Pradesh,Raisen,22.4634,78.6419,Wheat,15.0,1.0,-15.0,-8.0,5.0,8.0,43.53,2.5,35.0,3.13,46.44,SCENARIO_ASSUMPTION,Simulated El Nino environmental shock parameters for stress testing
MODERATE_EL_NINO,Madhya Pradesh,Raisen,22.4634,78.6419,Wheat,25.0,1.8,-30.0,-15.0,12.0,18.0,53.53,3.3,20.0,2.89,50.74,SCENARIO_ASSUMPTION,Simulated El Nino environmental shock parameters for stress testing
SEVERE_EL_NINO,Madhya Pradesh,Raisen,22.4634,78.6419,Wheat,40.0,2.8,-50.0,-26.0,25.0,35.0,68.53,4.3,0.0,2.52,58.05,SCENARIO_ASSUMPTION,Simulated El Nino environmental shock parameters for stress testing
NORMAL,Madhya Pradesh,Rajgarh,22.6884,78.9719,Wheat,0.0,0.0,0.0,0.0,0.0,0.0,28.51,4.5,50.0,3.4,53.0,SCENARIO_ASSUMPTION,Simulated El Nino environmental shock parameters for stress testing
MILD_EL_NINO,Madhya Pradesh,Rajgarh,22.6884,78.9719,Wheat,15.0,1.0,-15.0,-8.0,5.0,8.0,43.510000000000005,5.5,35.0,3.13,57.24,SCENARIO_ASSUMPTION,Simulated El Nino environmental shock parameters for stress testing
MODERATE_EL_NINO,Madhya Pradesh,Rajgarh,22.6884,78.9719,Wheat,25.0,1.8,-30.0,-15.0,12.0,18.0,53.510000000000005,6.3,20.0,2.89,62.54,SCENARIO_ASSUMPTION,Simulated El Nino environmental shock parameters for stress testing
SEVERE_EL_NINO,Madhya Pradesh,Rajgarh,22.6884,78.9719,Wheat,40.0,2.8,-50.0,-26.0,25.0,35.0,68.51,7.3,0.0,2.52,71.55,SCENARIO_ASSUMPTION,Simulated El Nino environmental shock parameters for stress testing
NORMAL,Madhya Pradesh,Ratlam,23.5434,78.6719,Wheat,0.0,0.0,0.0,0.0,0.0,0.0,28.52,4.5,50.0,3.4,46.0,SCENARIO_ASSUMPTION,Simulated El Nino environmental shock parameters for stress testing
MILD_EL_NINO,Madhya Pradesh,Ratlam,23.5434,78.6719,Wheat,15.0,1.0,-15.0,-8.0,5.0,8.0,43.519999999999996,5.5,35.0,3.13,49.68,SCENARIO_ASSUMPTION,Simulated El Nino environmental shock parameters for stress testing
MODERATE_EL_NINO,Madhya Pradesh,Ratlam,23.5434,78.6719,Wheat,25.0,1.8,-30.0,-15.0,12.0,18.0,53.519999999999996,6.3,20.0,2.89,54.28,SCENARIO_ASSUMPTION,Simulated El Nino environmental shock parameters for stress testing
SEVERE_EL_NINO,Madhya Pradesh,Ratlam,23.5434,78.6719,Wheat,40.0,2.8,-50.0,-26.0,25.0,35.0,68.52,7.3,0.0,2.52,62.1,SCENARIO_ASSUMPTION,Simulated El Nino environmental shock parameters for stress testing
NORMAL,Madhya Pradesh,Rewa,22.3884,78.3269,Wheat,0.0,0.0,0.0,0.0,0.0,0.0,28.54,5.5,50.0,3.4,49.0,SCENARIO_ASSUMPTION,Simulated El Nino environmental shock parameters for stress testing
MILD_EL_NINO,Madhya Pradesh,Rewa,22.3884,78.3269,Wheat,15.0,1.0,-15.0,-8.0,5.0,8.0,43.54,6.5,35.0,3.13,52.92,SCENARIO_ASSUMPTION,Simulated El Nino environmental shock parameters for stress testing
MODERATE_EL_NINO,Madhya Pradesh,Rewa,22.3884,78.3269,Wheat,25.0,1.8,-30.0,-15.0,12.0,18.0,53.54,7.3,20.0,2.89,57.82,SCENARIO_ASSUMPTION,Simulated El Nino environmental shock parameters for stress testing
SEVERE_EL_NINO,Madhya Pradesh,Rewa,22.3884,78.3269,Wheat,40.0,2.8,-50.0,-26.0,25.0,35.0,68.53999999999999,8.3,0.0,2.52,66.15,SCENARIO_ASSUMPTION,Simulated El Nino environmental shock parameters for stress testing
NORMAL,Madhya Pradesh,Sagar,22.9734,78.7919,Wheat,0.0,0.0,0.0,0.0,0.0,0.0,28.5,3.5,50.0,3.4,42.0,SCENARIO_ASSUMPTION,Simulated El Nino environmental shock parameters for stress testing
MILD_EL_NINO,Madhya Pradesh,Sagar,22.9734,78.7919,Wheat,15.0,1.0,-15.0,-8.0,5.0,8.0,43.5,4.5,35.0,3.13,45.36,SCENARIO_ASSUMPTION,Simulated El Nino environmental shock parameters for stress testing
MODERATE_EL_NINO,Madhya Pradesh,Sagar,22.9734,78.7919,Wheat,25.0,1.8,-30.0,-15.0,12.0,18.0,53.5,5.3,20.0,2.89,49.56,SCENARIO_ASSUMPTION,Simulated El Nino environmental shock parameters for stress testing
SEVERE_EL_NINO,Madhya Pradesh,Sagar,22.9734,78.7919,Wheat,40.0,2.8,-50.0,-26.0,25.0,35.0,68.5,6.3,0.0,2.52,56.7,SCENARIO_ASSUMPTION,Simulated El Nino environmental shock parameters for stress testing
NORMAL,Madhya Pradesh,Satna,22.4334,78.8369,Wheat,0.0,0.0,0.0,0.0,0.0,0.0,28.5,2.5,50.0,3.4,53.0,SCENARIO_ASSUMPTION,Simulated El Nino environmental shock parameters for stress testing
MILD_EL_NINO,Madhya Pradesh,Satna,22.4334,78.8369,Wheat,15.0,1.0,-15.0,-8.0,5.0,8.0,43.5,3.5,35.0,3.13,57.24,SCENARIO_ASSUMPTION,Simulated El Nino environmental shock parameters for stress testing
MODERATE_EL_NINO,Madhya Pradesh,Satna,22.4334,78.8369,Wheat,25.0,1.8,-30.0,-15.0,12.0,18.0,53.5,4.3,20.0,2.89,62.54,SCENARIO_ASSUMPTION,Simulated El Nino environmental shock parameters for stress testing
SEVERE_EL_NINO,Madhya Pradesh,Satna,22.4334,78.8369,Wheat,40.0,2.8,-50.0,-26.0,25.0,35.0,68.5,5.3,0.0,2.52,71.55,SCENARIO_ASSUMPTION,Simulated El Nino environmental shock parameters for stress testing
NORMAL,Madhya Pradesh,Sehore,23.1834,78.0419,Wheat,0.0,0.0,0.0,0.0,0.0,0.0,28.49,1.5,50.0,3.4,52.0,SCENARIO_ASSUMPTION,Simulated El Nino environmental shock parameters for stress testing
MILD_EL_NINO,Madhya Pradesh,Sehore,23.1834,78.0419,Wheat,15.0,1.0,-15.0,-8.0,5.0,8.0,43.489999999999995,2.5,35.0,3.13,56.16,SCENARIO_ASSUMPTION,Simulated El Nino environmental shock parameters for stress testing
MODERATE_EL_NINO,Madhya Pradesh,Sehore,23.1834,78.0419,Wheat,25.0,1.8,-30.0,-15.0,12.0,18.0,53.489999999999995,3.3,20.0,2.89,61.36,SCENARIO_ASSUMPTION,Simulated El Nino environmental shock parameters for stress testing
SEVERE_EL_NINO,Madhya Pradesh,Sehore,23.1834,78.0419,Wheat,40.0,2.8,-50.0,-26.0,25.0,35.0,68.49,4.3,0.0,2.52,70.2,SCENARIO_ASSUMPTION,Simulated El Nino environmental shock parameters for stress testing
NORMAL,Madhya Pradesh,Seoni,22.8234,78.3119,Wheat,0.0,0.0,0.0,0.0,0.0,0.0,28.48,4.5,50.0,3.4,49.0,SCENARIO_ASSUMPTION,Simulated El Nino environmental shock parameters for stress testing
MILD_EL_NINO,Madhya Pradesh,Seoni,22.8234,78.3119,Wheat,15.0,1.0,-15.0,-8.0,5.0,8.0,43.480000000000004,5.5,35.0,3.13,52.92,SCENARIO_ASSUMPTION,Simulated El Nino environmental shock parameters for stress testing
MODERATE_EL_NINO,Madhya Pradesh,Seoni,22.8234,78.3119,Wheat,25.0,1.8,-30.0,-15.0,12.0,18.0,53.480000000000004,6.3,20.0,2.89,57.82,SCENARIO_ASSUMPTION,Simulated El Nino environmental shock parameters for stress testing
SEVERE_EL_NINO,Madhya Pradesh,Seoni,22.8234,78.3119,Wheat,40.0,2.8,-50.0,-26.0,25.0,35.0,68.48,7.3,0.0,2.52,66.15,SCENARIO_ASSUMPTION,Simulated El Nino environmental shock parameters for stress testing
NORMAL,Madhya Pradesh,Shahdol,23.1234,78.2219,Wheat,0.0,0.0,0.0,0.0,0.0,0.0,28.48,3.5,50.0,3.4,53.0,SCENARIO_ASSUMPTION,Simulated El Nino environmental shock parameters for stress testing
MILD_EL_NINO,Madhya Pradesh,Shahdol,23.1234,78.2219,Wheat,15.0,1.0,-15.0,-8.0,5.0,8.0,43.480000000000004,4.5,35.0,3.13,57.24,SCENARIO_ASSUMPTION,Simulated El Nino environmental shock parameters for stress testing
MODERATE_EL_NINO,Madhya Pradesh,Shahdol,23.1234,78.2219,Wheat,25.0,1.8,-30.0,-15.0,12.0,18.0,53.480000000000004,5.3,20.0,2.89,62.54,SCENARIO_ASSUMPTION,Simulated El Nino environmental shock parameters for stress testing
SEVERE_EL_NINO,Madhya Pradesh,Shahdol,23.1234,78.2219,Wheat,40.0,2.8,-50.0,-26.0,25.0,35.0,68.48,6.3,0.0,2.52,71.55,SCENARIO_ASSUMPTION,Simulated El Nino environmental shock parameters for stress testing
NORMAL,Madhya Pradesh,Shajapur,22.7184,78.4469,Wheat,0.0,0.0,0.0,0.0,0.0,0.0,28.47,6.5,50.0,3.4,43.0,SCENARIO_ASSUMPTION,Simulated El Nino environmental shock parameters for stress testing
MILD_EL_NINO,Madhya Pradesh,Shajapur,22.7184,78.4469,Wheat,15.0,1.0,-15.0,-8.0,5.0,8.0,43.47,7.5,35.0,3.13,46.44,SCENARIO_ASSUMPTION,Simulated El Nino environmental shock parameters for stress testing
MODERATE_EL_NINO,Madhya Pradesh,Shajapur,22.7184,78.4469,Wheat,25.0,1.8,-30.0,-15.0,12.0,18.0,53.47,8.3,20.0,2.89,50.74,SCENARIO_ASSUMPTION,Simulated El Nino environmental shock parameters for stress testing
SEVERE_EL_NINO,Madhya Pradesh,Shajapur,22.7184,78.4469,Wheat,40.0,2.8,-50.0,-26.0,25.0,35.0,68.47,9.3,0.0,2.52,58.05,SCENARIO_ASSUMPTION,Simulated El Nino environmental shock parameters for stress testing
NORMAL,Madhya Pradesh,Sheopur,22.2984,79.3919,Wheat,0.0,0.0,0.0,0.0,0.0,0.0,28.48,4.5,50.0,3.4,47.0,SCENARIO_ASSUMPTION,Simulated El Nino environmental shock parameters for stress testing
MILD_EL_NINO,Madhya Pradesh,Sheopur,22.2984,79.3919,Wheat,15.0,1.0,-15.0,-8.0,5.0,8.0,43.480000000000004,5.5,35.0,3.13,50.76,SCENARIO_ASSUMPTION,Simulated El Nino environmental shock parameters for stress testing
MODERATE_EL_NINO,Madhya Pradesh,Sheopur,22.2984,79.3919,Wheat,25.0,1.8,-30.0,-15.0,12.0,18.0,53.480000000000004,6.3,20.0,2.89,55.46,SCENARIO_ASSUMPTION,Simulated El Nino environmental shock parameters for stress testing
SEVERE_EL_NINO,Madhya Pradesh,Sheopur,22.2984,79.3919,Wheat,40.0,2.8,-50.0,-26.0,25.0,35.0,68.48,7.3,0.0,2.52,63.45,SCENARIO_ASSUMPTION,Simulated El Nino environmental shock parameters for stress testing
NORMAL,Madhya Pradesh,Shivpuri,23.4834,78.0869,Wheat,0.0,0.0,0.0,0.0,0.0,0.0,28.52,3.5,50.0,3.4,52.0,SCENARIO_ASSUMPTION,Simulated El Nino environmental shock parameters for stress testing
MILD_EL_NINO,Madhya Pradesh,Shivpuri,23.4834,78.0869,Wheat,15.0,1.0,-15.0,-8.0,5.0,8.0,43.519999999999996,4.5,35.0,3.13,56.16,SCENARIO_ASSUMPTION,Simulated El Nino environmental shock parameters for stress testing
MODERATE_EL_NINO,Madhya Pradesh,Shivpuri,23.4834,78.0869,Wheat,25.0,1.8,-30.0,-15.0,12.0,18.0,53.519999999999996,5.3,20.0,2.89,61.36,SCENARIO_ASSUMPTION,Simulated El Nino environmental shock parameters for stress testing
SEVERE_EL_NINO,Madhya Pradesh,Shivpuri,23.4834,78.0869,Wheat,40.0,2.8,-50.0,-26.0,25.0,35.0,68.52,6.3,0.0,2.52,70.2,SCENARIO_ASSUMPTION,Simulated El Nino environmental shock parameters for stress testing
NORMAL,Madhya Pradesh,Sidhi,22.7184,79.1369,Wheat,0.0,0.0,0.0,0.0,0.0,0.0,28.53,2.5,50.0,3.4,50.0,SCENARIO_ASSUMPTION,Simulated El Nino environmental shock parameters for stress testing
MILD_EL_NINO,Madhya Pradesh,Sidhi,22.7184,79.1369,Wheat,15.0,1.0,-15.0,-8.0,5.0,8.0,43.53,3.5,35.0,3.13,54.0,SCENARIO_ASSUMPTION,Simulated El Nino environmental shock parameters for stress testing
MODERATE_EL_NINO,Madhya Pradesh,Sidhi,22.7184,79.1369,Wheat,25.0,1.8,-30.0,-15.0,12.0,18.0,53.53,4.3,20.0,2.89,59.0,SCENARIO_ASSUMPTION,Simulated El Nino environmental shock parameters for stress testing
SEVERE_EL_NINO,Madhya Pradesh,Sidhi,22.7184,79.1369,Wheat,40.0,2.8,-50.0,-26.0,25.0,35.0,68.53,5.3,0.0,2.52,67.5,SCENARIO_ASSUMPTION,Simulated El Nino environmental shock parameters for stress testing
NORMAL,Madhya Pradesh,Singrauli,22.4484,78.1619,Wheat,0.0,0.0,0.0,0.0,0.0,0.0,28.47,1.5,50.0,3.4,46.0,SCENARIO_ASSUMPTION,Simulated El Nino environmental shock parameters for stress testing
MILD_EL_NINO,Madhya Pradesh,Singrauli,22.4484,78.1619,Wheat,15.0,1.0,-15.0,-8.0,5.0,8.0,43.47,2.5,35.0,3.13,49.68,SCENARIO_ASSUMPTION,Simulated El Nino environmental shock parameters for stress testing
MODERATE_EL_NINO,Madhya Pradesh,Singrauli,22.4484,78.1619,Wheat,25.0,1.8,-30.0,-15.0,12.0,18.0,53.47,3.3,20.0,2.89,54.28,SCENARIO_ASSUMPTION,Simulated El Nino environmental shock parameters for stress testing
SEVERE_EL_NINO,Madhya Pradesh,Singrauli,22.4484,78.1619,Wheat,40.0,2.8,-50.0,-26.0,25.0,35.0,68.47,4.3,0.0,2.52,62.1,SCENARIO_ASSUMPTION,Simulated El Nino environmental shock parameters for stress testing
NORMAL,Madhya Pradesh,Tikamgarh,22.7634,79.2269,Wheat,0.0,0.0,0.0,0.0,0.0,0.0,28.52,3.5,50.0,3.4,46.0,SCENARIO_ASSUMPTION,Simulated El Nino environmental shock parameters for stress testing
MILD_EL_NINO,Madhya Pradesh,Tikamgarh,22.7634,79.2269,Wheat,15.0,1.0,-15.0,-8.0,5.0,8.0,43.519999999999996,4.5,35.0,3.13,49.68,SCENARIO_ASSUMPTION,Simulated El Nino environmental shock parameters for stress testing
MODERATE_EL_NINO,Madhya Pradesh,Tikamgarh,22.7634,79.2269,Wheat,25.0,1.8,-30.0,-15.0,12.0,18.0,53.519999999999996,5.3,20.0,2.89,54.28,SCENARIO_ASSUMPTION,Simulated El Nino environmental shock parameters for stress testing
SEVERE_EL_NINO,Madhya Pradesh,Tikamgarh,22.7634,79.2269,Wheat,40.0,2.8,-50.0,-26.0,25.0,35.0,68.52,6.3,0.0,2.52,62.1,SCENARIO_ASSUMPTION,Simulated El Nino environmental shock parameters for stress testing
NORMAL,Madhya Pradesh,Ujjain,22.7334,78.8969,Wheat,0.0,0.0,0.0,0.0,0.0,0.0,28.5,7.5,50.0,3.4,49.0,SCENARIO_ASSUMPTION,Simulated El Nino environmental shock parameters for stress testing
MILD_EL_NINO,Madhya Pradesh,Ujjain,22.7334,78.8969,Wheat,15.0,1.0,-15.0,-8.0,5.0,8.0,43.5,8.5,35.0,3.13,52.92,SCENARIO_ASSUMPTION,Simulated El Nino environmental shock parameters for stress testing
MODERATE_EL_NINO,Madhya Pradesh,Ujjain,22.7334,78.8969,Wheat,25.0,1.8,-30.0,-15.0,12.0,18.0,53.5,9.3,20.0,2.89,57.82,SCENARIO_ASSUMPTION,Simulated El Nino environmental shock parameters for stress testing
SEVERE_EL_NINO,Madhya Pradesh,Ujjain,22.7334,78.8969,Wheat,40.0,2.8,-50.0,-26.0,25.0,35.0,68.5,10.3,0.0,2.52,66.15,SCENARIO_ASSUMPTION,Simulated El Nino environmental shock parameters for stress testing
NORMAL,Madhya Pradesh,Umaria,22.3884,78.9419,Wheat,0.0,0.0,0.0,0.0,0.0,0.0,28.51,4.5,50.0,3.4,53.0,SCENARIO_ASSUMPTION,Simulated El Nino environmental shock parameters for stress testing
MILD_EL_NINO,Madhya Pradesh,Umaria,22.3884,78.9419,Wheat,15.0,1.0,-15.0,-8.0,5.0,8.0,43.510000000000005,5.5,35.0,3.13,57.24,SCENARIO_ASSUMPTION,Simulated El Nino environmental shock parameters for stress testing
MODERATE_EL_NINO,Madhya Pradesh,Umaria,22.3884,78.9419,Wheat,25.0,1.8,-30.0,-15.0,12.0,18.0,53.510000000000005,6.3,20.0,2.89,62.54,SCENARIO_ASSUMPTION,Simulated El Nino environmental shock parameters for stress testing
SEVERE_EL_NINO,Madhya Pradesh,Umaria,22.3884,78.9419,Wheat,40.0,2.8,-50.0,-26.0,25.0,35.0,68.51,7.3,0.0,2.52,71.55,SCENARIO_ASSUMPTION,Simulated El Nino environmental shock parameters for stress testing
NORMAL,Madhya Pradesh,Vidisha,22.3584,78.9869,Wheat,0.0,0.0,0.0,0.0,0.0,0.0,28.5,4.5,50.0,3.4,50.0,SCENARIO_ASSUMPTION,Simulated El Nino environmental shock parameters for stress testing
MILD_EL_NINO,Madhya Pradesh,Vidisha,22.3584,78.9869,Wheat,15.0,1.0,-15.0,-8.0,5.0,8.0,43.5,5.5,35.0,3.13,54.0,SCENARIO_ASSUMPTION,Simulated El Nino environmental shock parameters for stress testing
MODERATE_EL_NINO,Madhya Pradesh,Vidisha,22.3584,78.9869,Wheat,25.0,1.8,-30.0,-15.0,12.0,18.0,53.5,6.3,20.0,2.89,59.0,SCENARIO_ASSUMPTION,Simulated El Nino environmental shock parameters for stress testing
SEVERE_EL_NINO,Madhya Pradesh,Vidisha,22.3584,78.9869,Wheat,40.0,2.8,-50.0,-26.0,25.0,35.0,68.5,7.3,0.0,2.52,67.5,SCENARIO_ASSUMPTION,Simulated El Nino environmental shock parameters for stress testing
NORMAL,Maharashtra,Ahmednagar,19.5565,76.3289,Jowar,0.0,0.0,0.0,0.0,0.0,0.0,28.49,3.5,50.0,0.75,50.0,SCENARIO_ASSUMPTION,Simulated El Nino environmental shock parameters for stress testing
MILD_EL_NINO,Maharashtra,Ahmednagar,19.5565,76.3289,Jowar,15.0,1.0,-15.0,-8.0,5.0,8.0,43.489999999999995,4.5,35.0,0.69,54.0,SCENARIO_ASSUMPTION,Simulated El Nino environmental shock parameters for stress testing
MODERATE_EL_NINO,Maharashtra,Ahmednagar,19.5565,76.3289,Jowar,25.0,1.8,-30.0,-15.0,12.0,18.0,53.489999999999995,5.3,20.0,0.64,59.0,SCENARIO_ASSUMPTION,Simulated El Nino environmental shock parameters for stress testing
SEVERE_EL_NINO,Maharashtra,Ahmednagar,19.5565,76.3289,Jowar,40.0,2.8,-50.0,-26.0,25.0,35.0,68.49,6.3,0.0,0.55,67.5,SCENARIO_ASSUMPTION,Simulated El Nino environmental shock parameters for stress testing
NORMAL,Maharashtra,Akola,19.9015,75.8939,Jowar,0.0,0.0,0.0,0.0,0.0,0.0,28.49,6.5,50.0,0.75,50.0,SCENARIO_ASSUMPTION,Simulated El Nino environmental shock parameters for stress testing
MILD_EL_NINO,Maharashtra,Akola,19.9015,75.8939,Jowar,15.0,1.0,-15.0,-8.0,5.0,8.0,43.489999999999995,7.5,35.0,0.69,54.0,SCENARIO_ASSUMPTION,Simulated El Nino environmental shock parameters for stress testing
MODERATE_EL_NINO,Maharashtra,Akola,19.9015,75.8939,Jowar,25.0,1.8,-30.0,-15.0,12.0,18.0,53.489999999999995,8.3,20.0,0.64,59.0,SCENARIO_ASSUMPTION,Simulated El Nino environmental shock parameters for stress testing
SEVERE_EL_NINO,Maharashtra,Akola,19.9015,75.8939,Jowar,40.0,2.8,-50.0,-26.0,25.0,35.0,68.49,9.3,0.0,0.55,67.5,SCENARIO_ASSUMPTION,Simulated El Nino environmental shock parameters for stress testing
NORMAL,Maharashtra,Amravati,19.3315,75.7739,Jowar,0.0,0.0,0.0,0.0,0.0,0.0,28.48,1.5,50.0,0.75,50.0,SCENARIO_ASSUMPTION,Simulated El Nino environmental shock parameters for stress testing
MILD_EL_NINO,Maharashtra,Amravati,19.3315,75.7739,Jowar,15.0,1.0,-15.0,-8.0,5.0,8.0,43.480000000000004,2.5,35.0,0.69,54.0,SCENARIO_ASSUMPTION,Simulated El Nino environmental shock parameters for stress testing
MODERATE_EL_NINO,Maharashtra,Amravati,19.3315,75.7739,Jowar,25.0,1.8,-30.0,-15.0,12.0,18.0,53.480000000000004,3.3,20.0,0.64,59.0,SCENARIO_ASSUMPTION,Simulated El Nino environmental shock parameters for stress testing
SEVERE_EL_NINO,Maharashtra,Amravati,19.3315,75.7739,Jowar,40.0,2.8,-50.0,-26.0,25.0,35.0,68.48,4.3,0.0,0.55,67.5,SCENARIO_ASSUMPTION,Simulated El Nino environmental shock parameters for stress testing
NORMAL,Maharashtra,Aurangabad,20.2915,74.9639,Rice / Paddy,0.0,0.0,0.0,0.0,0.0,0.0,28.51,5.5,50.0,2.4,53.0,SCENARIO_ASSUMPTION,Simulated El Nino environmental shock parameters for stress testing
MILD_EL_NINO,Maharashtra,Aurangabad,20.2915,74.9639,Rice / Paddy,15.0,1.0,-15.0,-8.0,5.0,8.0,43.510000000000005,6.5,35.0,2.21,57.24,SCENARIO_ASSUMPTION,Simulated El Nino environmental shock parameters for stress testing
MODERATE_EL_NINO,Maharashtra,Aurangabad,20.2915,74.9639,Rice / Paddy,25.0,1.8,-30.0,-15.0,12.0,18.0,53.510000000000005,7.3,20.0,2.04,62.54,SCENARIO_ASSUMPTION,Simulated El Nino environmental shock parameters for stress testing
SEVERE_EL_NINO,Maharashtra,Aurangabad,20.2915,74.9639,Rice / Paddy,40.0,2.8,-50.0,-26.0,25.0,35.0,68.51,8.3,0.0,1.78,71.55,SCENARIO_ASSUMPTION,Simulated El Nino environmental shock parameters for stress testing
NORMAL,Maharashtra,Beed,19.4965,76.3889,Jowar,0.0,0.0,0.0,0.0,0.0,0.0,28.49,4.5,50.0,0.75,53.0,SCENARIO_ASSUMPTION,Simulated El Nino environmental shock parameters for stress testing
MILD_EL_NINO,Maharashtra,Beed,19.4965,76.3889,Jowar,15.0,1.0,-15.0,-8.0,5.0,8.0,43.489999999999995,5.5,35.0,0.69,57.24,SCENARIO_ASSUMPTION,Simulated El Nino environmental shock parameters for stress testing
MODERATE_EL_NINO,Maharashtra,Beed,19.4965,76.3889,Jowar,25.0,1.8,-30.0,-15.0,12.0,18.0,53.489999999999995,6.3,20.0,0.64,62.54,SCENARIO_ASSUMPTION,Simulated El Nino environmental shock parameters for stress testing
SEVERE_EL_NINO,Maharashtra,Beed,19.4965,76.3889,Jowar,40.0,2.8,-50.0,-26.0,25.0,35.0,68.49,7.3,0.0,0.55,71.55,SCENARIO_ASSUMPTION,Simulated El Nino environmental shock parameters for stress testing
NORMAL,Maharashtra,Bhandara,19.7815,76.3589,Jowar,0.0,0.0,0.0,0.0,0.0,0.0,28.49,1.5,50.0,0.75,47.0,SCENARIO_ASSUMPTION,Simulated El Nino environmental shock parameters for stress testing
MILD_EL_NINO,Maharashtra,Bhandara,19.7815,76.3589,Jowar,15.0,1.0,-15.0,-8.0,5.0,8.0,43.489999999999995,2.5,35.0,0.69,50.76,SCENARIO_ASSUMPTION,Simulated El Nino environmental shock parameters for stress testing
MODERATE_EL_NINO,Maharashtra,Bhandara,19.7815,76.3589,Jowar,25.0,1.8,-30.0,-15.0,12.0,18.0,53.489999999999995,3.3,20.0,0.64,55.46,SCENARIO_ASSUMPTION,Simulated El Nino environmental shock parameters for stress testing
SEVERE_EL_NINO,Maharashtra,Bhandara,19.7815,76.3589,Jowar,40.0,2.8,-50.0,-26.0,25.0,35.0,68.49,4.3,0.0,0.55,63.45,SCENARIO_ASSUMPTION,Simulated El Nino environmental shock parameters for stress testing
NORMAL,Maharashtra,Buldhana,20.3365,75.5639,Jowar,0.0,0.0,0.0,0.0,0.0,0.0,28.5,7.5,50.0,0.75,49.0,SCENARIO_ASSUMPTION,Simulated El Nino environmental shock parameters for stress testing
MILD_EL_NINO,Maharashtra,Buldhana,20.3365,75.5639,Jowar,15.0,1.0,-15.0,-8.0,5.0,8.0,43.5,8.5,35.0,0.69,52.92,SCENARIO_ASSUMPTION,Simulated El Nino environmental shock parameters for stress testing
MODERATE_EL_NINO,Maharashtra,Buldhana,20.3365,75.5639,Jowar,25.0,1.8,-30.0,-15.0,12.0,18.0,53.5,9.3,20.0,0.64,57.82,SCENARIO_ASSUMPTION,Simulated El Nino environmental shock parameters for stress testing
SEVERE_EL_NINO,Maharashtra,Buldhana,20.3365,75.5639,Jowar,40.0,2.8,-50.0,-26.0,25.0,35.0,68.5,10.3,0.0,0.55,66.15,SCENARIO_ASSUMPTION,Simulated El Nino environmental shock parameters for stress testing
NORMAL,Maharashtra,Chandrapur,19.9465,75.6089,Jowar,0.0,0.0,0.0,0.0,0.0,0.0,28.51,3.5,50.0,0.75,53.0,SCENARIO_ASSUMPTION,Simulated El Nino environmental shock parameters for stress testing
MILD_EL_NINO,Maharashtra,Chandrapur,19.9465,75.6089,Jowar,15.0,1.0,-15.0,-8.0,5.0,8.0,43.510000000000005,4.5,35.0,0.69,57.24,SCENARIO_ASSUMPTION,Simulated El Nino environmental shock parameters for stress testing
MODERATE_EL_NINO,Maharashtra,Chandrapur,19.9465,75.6089,Jowar,25.0,1.8,-30.0,-15.0,12.0,18.0,53.510000000000005,5.3,20.0,0.64,62.54,SCENARIO_ASSUMPTION,Simulated El Nino environmental shock parameters for stress testing
SEVERE_EL_NINO,Maharashtra,Chandrapur,19.9465,75.6089,Jowar,40.0,2.8,-50.0,-26.0,25.0,35.0,68.51,6.3,0.0,0.55,71.55,SCENARIO_ASSUMPTION,Simulated El Nino environmental shock parameters for stress testing
NORMAL,Maharashtra,Dhule,19.8565,75.7589,Jowar,0.0,0.0,0.0,0.0,0.0,0.0,28.51,1.5,50.0,0.75,46.0,SCENARIO_ASSUMPTION,Simulated El Nino environmental shock parameters for stress testing
MILD_EL_NINO,Maharashtra,Dhule,19.8565,75.7589,Jowar,15.0,1.0,-15.0,-8.0,5.0,8.0,43.510000000000005,2.5,35.0,0.69,49.68,SCENARIO_ASSUMPTION,Simulated El Nino environmental shock parameters for stress testing
MODERATE_EL_NINO,Maharashtra,Dhule,19.8565,75.7589,Jowar,25.0,1.8,-30.0,-15.0,12.0,18.0,53.510000000000005,3.3,20.0,0.64,54.28,SCENARIO_ASSUMPTION,Simulated El Nino environmental shock parameters for stress testing
SEVERE_EL_NINO,Maharashtra,Dhule,19.8565,75.7589,Jowar,40.0,2.8,-50.0,-26.0,25.0,35.0,68.51,4.3,0.0,0.55,62.1,SCENARIO_ASSUMPTION,Simulated El Nino environmental shock parameters for stress testing
NORMAL,Maharashtra,Gadchiroli,20.4565,76.1939,Jowar,0.0,0.0,0.0,0.0,0.0,0.0,28.49,3.5,50.0,0.75,51.0,SCENARIO_ASSUMPTION,Simulated El Nino environmental shock parameters for stress testing
MILD_EL_NINO,Maharashtra,Gadchiroli,20.4565,76.1939,Jowar,15.0,1.0,-15.0,-8.0,5.0,8.0,43.489999999999995,4.5,35.0,0.69,55.08,SCENARIO_ASSUMPTION,Simulated El Nino environmental shock parameters for stress testing
MODERATE_EL_NINO,Maharashtra,Gadchiroli,20.4565,76.1939,Jowar,25.0,1.8,-30.0,-15.0,12.0,18.0,53.489999999999995,5.3,20.0,0.64,60.18,SCENARIO_ASSUMPTION,Simulated El Nino environmental shock parameters for stress testing
SEVERE_EL_NINO,Maharashtra,Gadchiroli,20.4565,76.1939,Jowar,40.0,2.8,-50.0,-26.0,25.0,35.0,68.49,6.3,0.0,0.55,68.85,SCENARIO_ASSUMPTION,Simulated El Nino environmental shock parameters for stress testing
NORMAL,Maharashtra,Gondia,19.6015,75.8189,Jowar,0.0,0.0,0.0,0.0,0.0,0.0,28.48,4.5,50.0,0.75,48.0,SCENARIO_ASSUMPTION,Simulated El Nino environmental shock parameters for stress testing
MILD_EL_NINO,Maharashtra,Gondia,19.6015,75.8189,Jowar,15.0,1.0,-15.0,-8.0,5.0,8.0,43.480000000000004,5.5,35.0,0.69,51.84,SCENARIO_ASSUMPTION,Simulated El Nino environmental shock parameters for stress testing
MODERATE_EL_NINO,Maharashtra,Gondia,19.6015,75.8189,Jowar,25.0,1.8,-30.0,-15.0,12.0,18.0,53.480000000000004,6.3,20.0,0.64,56.64,SCENARIO_ASSUMPTION,Simulated El Nino environmental shock parameters for stress testing
SEVERE_EL_NINO,Maharashtra,Gondia,19.6015,75.8189,Jowar,40.0,2.8,-50.0,-26.0,25.0,35.0,68.48,7.3,0.0,0.55,64.8,SCENARIO_ASSUMPTION,Simulated El Nino environmental shock parameters for stress testing
NORMAL,Maharashtra,Hingoli,19.1665,75.9389,Jowar,0.0,0.0,0.0,0.0,0.0,0.0,28.5,1.5,50.0,0.75,50.0,SCENARIO_ASSUMPTION,Simulated El Nino environmental shock parameters for stress testing
MILD_EL_NINO,Maharashtra,Hingoli,19.1665,75.9389,Jowar,15.0,1.0,-15.0,-8.0,5.0,8.0,43.5,2.5,35.0,0.69,54.0,SCENARIO_ASSUMPTION,Simulated El Nino environmental shock parameters for stress testing
MODERATE_EL_NINO,Maharashtra,Hingoli,19.1665,75.9389,Jowar,25.0,1.8,-30.0,-15.0,12.0,18.0,53.5,3.3,20.0,0.64,59.0,SCENARIO_ASSUMPTION,Simulated El Nino environmental shock parameters for stress testing
SEVERE_EL_NINO,Maharashtra,Hingoli,19.1665,75.9389,Jowar,40.0,2.8,-50.0,-26.0,25.0,35.0,68.5,4.3,0.0,0.55,67.5,SCENARIO_ASSUMPTION,Simulated El Nino environmental shock parameters for stress testing
NORMAL,Maharashtra,Jalgaon,19.3615,75.3539,Jowar,0.0,0.0,0.0,0.0,0.0,0.0,28.5,2.5,50.0,0.75,44.0,SCENARIO_ASSUMPTION,Simulated El Nino environmental shock parameters for stress testing
MILD_EL_NINO,Maharashtra,Jalgaon,19.3615,75.3539,Jowar,15.0,1.0,-15.0,-8.0,5.0,8.0,43.5,3.5,35.0,0.69,47.52,SCENARIO_ASSUMPTION,Simulated El Nino environmental shock parameters for stress testing
MODERATE_EL_NINO,Maharashtra,Jalgaon,19.3615,75.3539,Jowar,25.0,1.8,-30.0,-15.0,12.0,18.0,53.5,4.3,20.0,0.64,51.92,SCENARIO_ASSUMPTION,Simulated El Nino environmental shock parameters for stress testing
SEVERE_EL_NINO,Maharashtra,Jalgaon,19.3615,75.3539,Jowar,40.0,2.8,-50.0,-26.0,25.0,35.0,68.5,5.3,0.0,0.55,59.4,SCENARIO_ASSUMPTION,Simulated El Nino environmental shock parameters for stress testing
NORMAL,Maharashtra,Jalna,19.6465,75.2939,Jowar,0.0,0.0,0.0,0.0,0.0,0.0,28.5,5.5,50.0,0.75,51.0,SCENARIO_ASSUMPTION,Simulated El Nino environmental shock parameters for stress testing
MILD_EL_NINO,Maharashtra,Jalna,19.6465,75.2939,Jowar,15.0,1.0,-15.0,-8.0,5.0,8.0,43.5,6.5,35.0,0.69,55.08,SCENARIO_ASSUMPTION,Simulated El Nino environmental shock parameters for stress testing
MODERATE_EL_NINO,Maharashtra,Jalna,19.6465,75.2939,Jowar,25.0,1.8,-30.0,-15.0,12.0,18.0,53.5,7.3,20.0,0.64,60.18,SCENARIO_ASSUMPTION,Simulated El Nino environmental shock parameters for stress testing
SEVERE_EL_NINO,Maharashtra,Jalna,19.6465,75.2939,Jowar,40.0,2.8,-50.0,-26.0,25.0,35.0,68.5,8.3,0.0,0.55,68.85,SCENARIO_ASSUMPTION,Simulated El Nino environmental shock parameters for stress testing
NORMAL,Maharashtra,Kolhapur,19.1065,76.4039,Jowar,0.0,0.0,0.0,0.0,0.0,0.0,28.5,3.5,50.0,0.75,53.0,SCENARIO_ASSUMPTION,Simulated El Nino environmental shock parameters for stress testing
MILD_EL_NINO,Maharashtra,Kolhapur,19.1065,76.4039,Jowar,15.0,1.0,-15.0,-8.0,5.0,8.0,43.5,4.5,35.0,0.69,57.24,SCENARIO_ASSUMPTION,Simulated El Nino environmental shock parameters for stress testing
MODERATE_EL_NINO,Maharashtra,Kolhapur,19.1065,76.4039,Jowar,25.0,1.8,-30.0,-15.0,12.0,18.0,53.5,5.3,20.0,0.64,62.54,SCENARIO_ASSUMPTION,Simulated El Nino environmental shock parameters for stress testing
SEVERE_EL_NINO,Maharashtra,Kolhapur,19.1065,76.4039,Jowar,40.0,2.8,-50.0,-26.0,25.0,35.0,68.5,6.3,0.0,0.55,71.55,SCENARIO_ASSUMPTION,Simulated El Nino environmental shock parameters for stress testing
NORMAL,Maharashtra,Latur,19.5265,75.2339,Jowar,0.0,0.0,0.0,0.0,0.0,0.0,28.51,1.5,50.0,0.75,46.0,SCENARIO_ASSUMPTION,Simulated El Nino environmental shock parameters for stress testing
MILD_EL_NINO,Maharashtra,Latur,19.5265,75.2339,Jowar,15.0,1.0,-15.0,-8.0,5.0,8.0,43.510000000000005,2.5,35.0,0.69,49.68,SCENARIO_ASSUMPTION,Simulated El Nino environmental shock parameters for stress testing
MODERATE_EL_NINO,Maharashtra,Latur,19.5265,75.2339,Jowar,25.0,1.8,-30.0,-15.0,12.0,18.0,53.510000000000005,3.3,20.0,0.64,54.28,SCENARIO_ASSUMPTION,Simulated El Nino environmental shock parameters for stress testing
SEVERE_EL_NINO,Maharashtra,Latur,19.5265,75.2339,Jowar,40.0,2.8,-50.0,-26.0,25.0,35.0,68.51,4.3,0.0,0.55,62.1,SCENARIO_ASSUMPTION,Simulated El Nino environmental shock parameters for stress testing
NORMAL,Maharashtra,Mumbai City,19.076,72.8777,Jowar,0.0,0.0,0.0,0.0,0.0,0.0,28.49,7.5,50.0,0.75,53.0,SCENARIO_ASSUMPTION,Simulated El Nino environmental shock parameters for stress testing
MILD_EL_NINO,Maharashtra,Mumbai City,19.076,72.8777,Jowar,15.0,1.0,-15.0,-8.0,5.0,8.0,43.489999999999995,8.5,35.0,0.69,57.24,SCENARIO_ASSUMPTION,Simulated El Nino environmental shock parameters for stress testing
MODERATE_EL_NINO,Maharashtra,Mumbai City,19.076,72.8777,Jowar,25.0,1.8,-30.0,-15.0,12.0,18.0,53.489999999999995,9.3,20.0,0.64,62.54,SCENARIO_ASSUMPTION,Simulated El Nino environmental shock parameters for stress testing
SEVERE_EL_NINO,Maharashtra,Mumbai City,19.076,72.8777,Jowar,40.0,2.8,-50.0,-26.0,25.0,35.0,68.49,10.3,0.0,0.55,71.55,SCENARIO_ASSUMPTION,Simulated El Nino environmental shock parameters for stress testing
NORMAL,Maharashtra,Mumbai Suburban,19.8115,76.2689,Jowar,0.0,0.0,0.0,0.0,0.0,0.0,28.52,1.5,50.0,0.75,47.0,SCENARIO_ASSUMPTION,Simulated El Nino environmental shock parameters for stress testing
MILD_EL_NINO,Maharashtra,Mumbai Suburban,19.8115,76.2689,Jowar,15.0,1.0,-15.0,-8.0,5.0,8.0,43.519999999999996,2.5,35.0,0.69,50.76,SCENARIO_ASSUMPTION,Simulated El Nino environmental shock parameters for stress testing
MODERATE_EL_NINO,Maharashtra,Mumbai Suburban,19.8115,76.2689,Jowar,25.0,1.8,-30.0,-15.0,12.0,18.0,53.519999999999996,3.3,20.0,0.64,55.46,SCENARIO_ASSUMPTION,Simulated El Nino environmental shock parameters for stress testing
SEVERE_EL_NINO,Maharashtra,Mumbai Suburban,19.8115,76.2689,Jowar,40.0,2.8,-50.0,-26.0,25.0,35.0,68.52,4.3,0.0,0.55,63.45,SCENARIO_ASSUMPTION,Simulated El Nino environmental shock parameters for stress testing
NORMAL,Maharashtra,Nagpur,19.9765,75.5189,Jowar,0.0,0.0,0.0,0.0,0.0,0.0,28.51,2.5,50.0,0.75,46.0,SCENARIO_ASSUMPTION,Simulated El Nino environmental shock parameters for stress testing
MILD_EL_NINO,Maharashtra,Nagpur,19.9765,75.5189,Jowar,15.0,1.0,-15.0,-8.0,5.0,8.0,43.510000000000005,3.5,35.0,0.69,49.68,SCENARIO_ASSUMPTION,Simulated El Nino environmental shock parameters for stress testing
MODERATE_EL_NINO,Maharashtra,Nagpur,19.9765,75.5189,Jowar,25.0,1.8,-30.0,-15.0,12.0,18.0,53.510000000000005,4.3,20.0,0.64,54.28,SCENARIO_ASSUMPTION,Simulated El Nino environmental shock parameters for stress testing
SEVERE_EL_NINO,Maharashtra,Nagpur,19.9765,75.5189,Jowar,40.0,2.8,-50.0,-26.0,25.0,35.0,68.51,5.3,0.0,0.55,62.1,SCENARIO_ASSUMPTION,Simulated El Nino environmental shock parameters for stress testing
NORMAL,Maharashtra,Nanded,20.1715,75.9539,Jowar,0.0,0.0,0.0,0.0,0.0,0.0,28.5,5.5,50.0,0.75,46.0,SCENARIO_ASSUMPTION,Simulated El Nino environmental shock parameters for stress testing
MILD_EL_NINO,Maharashtra,Nanded,20.1715,75.9539,Jowar,15.0,1.0,-15.0,-8.0,5.0,8.0,43.5,6.5,35.0,0.69,49.68,SCENARIO_ASSUMPTION,Simulated El Nino environmental shock parameters for stress testing
MODERATE_EL_NINO,Maharashtra,Nanded,20.1715,75.9539,Jowar,25.0,1.8,-30.0,-15.0,12.0,18.0,53.5,7.3,20.0,0.64,54.28,SCENARIO_ASSUMPTION,Simulated El Nino environmental shock parameters for stress testing
SEVERE_EL_NINO,Maharashtra,Nanded,20.1715,75.9539,Jowar,40.0,2.8,-50.0,-26.0,25.0,35.0,68.5,8.3,0.0,0.55,62.1,SCENARIO_ASSUMPTION,Simulated El Nino environmental shock parameters for stress testing
NORMAL,Maharashtra,Nandurbar,20.2465,76.4039,Jowar,0.0,0.0,0.0,0.0,0.0,0.0,28.5,2.5,50.0,0.75,45.0,SCENARIO_ASSUMPTION,Simulated El Nino environmental shock parameters for stress testing
MILD_EL_NINO,Maharashtra,Nandurbar,20.2465,76.4039,Jowar,15.0,1.0,-15.0,-8.0,5.0,8.0,43.5,3.5,35.0,0.69,48.6,SCENARIO_ASSUMPTION,Simulated El Nino environmental shock parameters for stress testing
MODERATE_EL_NINO,Maharashtra,Nandurbar,20.2465,76.4039,Jowar,25.0,1.8,-30.0,-15.0,12.0,18.0,53.5,4.3,20.0,0.64,53.1,SCENARIO_ASSUMPTION,Simulated El Nino environmental shock parameters for stress testing
SEVERE_EL_NINO,Maharashtra,Nandurbar,20.2465,76.4039,Jowar,40.0,2.8,-50.0,-26.0,25.0,35.0,68.5,5.3,0.0,0.55,60.75,SCENARIO_ASSUMPTION,Simulated El Nino environmental shock parameters for stress testing
NORMAL,Maharashtra,Nashik,19.9975,73.7898,Jowar,0.0,0.0,0.0,0.0,0.0,0.0,28.51,7.5,35.0,0.75,46.0,SCENARIO_ASSUMPTION,Simulated El Nino environmental shock parameters for stress testing
MILD_EL_NINO,Maharashtra,Nashik,19.9975,73.7898,Jowar,15.0,1.0,-15.0,-8.0,5.0,8.0,43.510000000000005,8.5,20.0,0.69,49.68,SCENARIO_ASSUMPTION,Simulated El Nino environmental shock parameters for stress testing
MODERATE_EL_NINO,Maharashtra,Nashik,19.9975,73.7898,Jowar,25.0,1.8,-30.0,-15.0,12.0,18.0,53.510000000000005,9.3,5.0,0.64,54.28,SCENARIO_ASSUMPTION,Simulated El Nino environmental shock parameters for stress testing
SEVERE_EL_NINO,Maharashtra,Nashik,19.9975,73.7898,Jowar,40.0,2.8,-50.0,-26.0,25.0,35.0,68.51,10.3,0.0,0.55,62.1,SCENARIO_ASSUMPTION,Simulated El Nino environmental shock parameters for stress testing
NORMAL,Maharashtra,Osmanabad,19.1515,75.7889,Jowar,0.0,0.0,0.0,0.0,0.0,0.0,28.48,3.5,50.0,0.75,49.0,SCENARIO_ASSUMPTION,Simulated El Nino environmental shock parameters for stress testing
MILD_EL_NINO,Maharashtra,Osmanabad,19.1515,75.7889,Jowar,15.0,1.0,-15.0,-8.0,5.0,8.0,43.480000000000004,4.5,35.0,0.69,52.92,SCENARIO_ASSUMPTION,Simulated El Nino environmental shock parameters for stress testing
MODERATE_EL_NINO,Maharashtra,Osmanabad,19.1515,75.7889,Jowar,25.0,1.8,-30.0,-15.0,12.0,18.0,53.480000000000004,5.3,20.0,0.64,57.82,SCENARIO_ASSUMPTION,Simulated El Nino environmental shock parameters for stress testing
SEVERE_EL_NINO,Maharashtra,Osmanabad,19.1515,75.7889,Jowar,40.0,2.8,-50.0,-26.0,25.0,35.0,68.48,6.3,0.0,0.55,66.15,SCENARIO_ASSUMPTION,Simulated El Nino environmental shock parameters for stress testing
NORMAL,Maharashtra,Palghar,19.2415,75.2789,Jowar,0.0,0.0,0.0,0.0,0.0,0.0,28.48,5.5,50.0,0.75,46.0,SCENARIO_ASSUMPTION,Simulated El Nino environmental shock parameters for stress testing
MILD_EL_NINO,Maharashtra,Palghar,19.2415,75.2789,Jowar,15.0,1.0,-15.0,-8.0,5.0,8.0,43.480000000000004,6.5,35.0,0.69,49.68,SCENARIO_ASSUMPTION,Simulated El Nino environmental shock parameters for stress testing
MODERATE_EL_NINO,Maharashtra,Palghar,19.2415,75.2789,Jowar,25.0,1.8,-30.0,-15.0,12.0,18.0,53.480000000000004,7.3,20.0,0.64,54.28,SCENARIO_ASSUMPTION,Simulated El Nino environmental shock parameters for stress testing
SEVERE_EL_NINO,Maharashtra,Palghar,19.2415,75.2789,Jowar,40.0,2.8,-50.0,-26.0,25.0,35.0,68.48,8.3,0.0,0.55,62.1,SCENARIO_ASSUMPTION,Simulated El Nino environmental shock parameters for stress testing
NORMAL,Maharashtra,Parbhani,20.3815,75.4289,Jowar,0.0,0.0,0.0,0.0,0.0,0.0,28.49,6.5,50.0,0.75,53.0,SCENARIO_ASSUMPTION,Simulated El Nino environmental shock parameters for stress testing
MILD_EL_NINO,Maharashtra,Parbhani,20.3815,75.4289,Jowar,15.0,1.0,-15.0,-8.0,5.0,8.0,43.489999999999995,7.5,35.0,0.69,57.24,SCENARIO_ASSUMPTION,Simulated El Nino environmental shock parameters for stress testing
MODERATE_EL_NINO,Maharashtra,Parbhani,20.3815,75.4289,Jowar,25.0,1.8,-30.0,-15.0,12.0,18.0,53.489999999999995,8.3,20.0,0.64,62.54,SCENARIO_ASSUMPTION,Simulated El Nino environmental shock parameters for stress testing
SEVERE_EL_NINO,Maharashtra,Parbhani,20.3815,75.4289,Jowar,40.0,2.8,-50.0,-26.0,25.0,35.0,68.49,9.3,0.0,0.55,71.55,SCENARIO_ASSUMPTION,Simulated El Nino environmental shock parameters for stress testing
NORMAL,Maharashtra,Pune,18.5204,73.8567,Jowar,0.0,0.0,0.0,0.0,0.0,0.0,28.5,7.5,50.0,0.75,47.0,SCENARIO_ASSUMPTION,Simulated El Nino environmental shock parameters for stress testing
MILD_EL_NINO,Maharashtra,Pune,18.5204,73.8567,Jowar,15.0,1.0,-15.0,-8.0,5.0,8.0,43.5,8.5,35.0,0.69,50.76,SCENARIO_ASSUMPTION,Simulated El Nino environmental shock parameters for stress testing
MODERATE_EL_NINO,Maharashtra,Pune,18.5204,73.8567,Jowar,25.0,1.8,-30.0,-15.0,12.0,18.0,53.5,9.3,20.0,0.64,55.46,SCENARIO_ASSUMPTION,Simulated El Nino environmental shock parameters for stress testing
SEVERE_EL_NINO,Maharashtra,Pune,18.5204,73.8567,Jowar,40.0,2.8,-50.0,-26.0,25.0,35.0,68.5,10.3,0.0,0.55,63.45,SCENARIO_ASSUMPTION,Simulated El Nino environmental shock parameters for stress testing
NORMAL,Maharashtra,Raigad,19.9015,76.1489,Jowar,0.0,0.0,0.0,0.0,0.0,0.0,28.48,0.5,50.0,0.75,49.0,SCENARIO_ASSUMPTION,Simulated El Nino environmental shock parameters for stress testing
MILD_EL_NINO,Maharashtra,Raigad,19.9015,76.1489,Jowar,15.0,1.0,-15.0,-8.0,5.0,8.0,43.480000000000004,1.5,35.0,0.69,52.92,SCENARIO_ASSUMPTION,Simulated El Nino environmental shock parameters for stress testing
MODERATE_EL_NINO,Maharashtra,Raigad,19.9015,76.1489,Jowar,25.0,1.8,-30.0,-15.0,12.0,18.0,53.480000000000004,2.3,20.0,0.64,57.82,SCENARIO_ASSUMPTION,Simulated El Nino environmental shock parameters for stress testing
SEVERE_EL_NINO,Maharashtra,Raigad,19.9015,76.1489,Jowar,40.0,2.8,-50.0,-26.0,25.0,35.0,68.48,3.3,0.0,0.55,66.15,SCENARIO_ASSUMPTION,Simulated El Nino environmental shock parameters for stress testing
NORMAL,Maharashtra,Ratnagiri,20.1415,75.1289,Jowar,0.0,0.0,0.0,0.0,0.0,0.0,28.51,3.5,50.0,0.75,47.0,SCENARIO_ASSUMPTION,Simulated El Nino environmental shock parameters for stress testing
MILD_EL_NINO,Maharashtra,Ratnagiri,20.1415,75.1289,Jowar,15.0,1.0,-15.0,-8.0,5.0,8.0,43.510000000000005,4.5,35.0,0.69,50.76,SCENARIO_ASSUMPTION,Simulated El Nino environmental shock parameters for stress testing
MODERATE_EL_NINO,Maharashtra,Ratnagiri,20.1415,75.1289,Jowar,25.0,1.8,-30.0,-15.0,12.0,18.0,53.510000000000005,5.3,20.0,0.64,55.46,SCENARIO_ASSUMPTION,Simulated El Nino environmental shock parameters for stress testing
SEVERE_EL_NINO,Maharashtra,Ratnagiri,20.1415,75.1289,Jowar,40.0,2.8,-50.0,-26.0,25.0,35.0,68.51,6.3,0.0,0.55,63.45,SCENARIO_ASSUMPTION,Simulated El Nino environmental shock parameters for stress testing
NORMAL,Maharashtra,Sangli,20.0815,76.4339,Jowar,0.0,0.0,0.0,0.0,0.0,0.0,28.5,1.5,50.0,0.75,49.0,SCENARIO_ASSUMPTION,Simulated El Nino environmental shock parameters for stress testing
MILD_EL_NINO,Maharashtra,Sangli,20.0815,76.4339,Jowar,15.0,1.0,-15.0,-8.0,5.0,8.0,43.5,2.5,35.0,0.69,52.92,SCENARIO_ASSUMPTION,Simulated El Nino environmental shock parameters for stress testing
MODERATE_EL_NINO,Maharashtra,Sangli,20.0815,76.4339,Jowar,25.0,1.8,-30.0,-15.0,12.0,18.0,53.5,3.3,20.0,0.64,57.82,SCENARIO_ASSUMPTION,Simulated El Nino environmental shock parameters for stress testing
SEVERE_EL_NINO,Maharashtra,Sangli,20.0815,76.4339,Jowar,40.0,2.8,-50.0,-26.0,25.0,35.0,68.5,4.3,0.0,0.55,66.15,SCENARIO_ASSUMPTION,Simulated El Nino environmental shock parameters for stress testing
NORMAL,Maharashtra,Satara,20.2315,75.6239,Jowar,0.0,0.0,0.0,0.0,0.0,0.0,28.5,2.5,50.0,0.75,50.0,SCENARIO_ASSUMPTION,Simulated El Nino environmental shock parameters for stress testing
MILD_EL_NINO,Maharashtra,Satara,20.2315,75.6239,Jowar,15.0,1.0,-15.0,-8.0,5.0,8.0,43.5,3.5,35.0,0.69,54.0,SCENARIO_ASSUMPTION,Simulated El Nino environmental shock parameters for stress testing
MODERATE_EL_NINO,Maharashtra,Satara,20.2315,75.6239,Jowar,25.0,1.8,-30.0,-15.0,12.0,18.0,53.5,4.3,20.0,0.64,59.0,SCENARIO_ASSUMPTION,Simulated El Nino environmental shock parameters for stress testing
SEVERE_EL_NINO,Maharashtra,Satara,20.2315,75.6239,Jowar,40.0,2.8,-50.0,-26.0,25.0,35.0,68.5,5.3,0.0,0.55,67.5,SCENARIO_ASSUMPTION,Simulated El Nino environmental shock parameters for stress testing
NORMAL,Maharashtra,Sindhudurg,19.7815,75.0689,Jowar,0.0,0.0,0.0,0.0,0.0,0.0,28.49,1.5,50.0,0.75,46.0,SCENARIO_ASSUMPTION,Simulated El Nino environmental shock parameters for stress testing
MILD_EL_NINO,Maharashtra,Sindhudurg,19.7815,75.0689,Jowar,15.0,1.0,-15.0,-8.0,5.0,8.0,43.489999999999995,2.5,35.0,0.69,49.68,SCENARIO_ASSUMPTION,Simulated El Nino environmental shock parameters for stress testing
MODERATE_EL_NINO,Maharashtra,Sindhudurg,19.7815,75.0689,Jowar,25.0,1.8,-30.0,-15.0,12.0,18.0,53.489999999999995,3.3,20.0,0.64,54.28,SCENARIO_ASSUMPTION,Simulated El Nino environmental shock parameters for stress testing
SEVERE_EL_NINO,Maharashtra,Sindhudurg,19.7815,75.0689,Jowar,40.0,2.8,-50.0,-26.0,25.0,35.0,68.49,4.3,0.0,0.55,62.1,SCENARIO_ASSUMPTION,Simulated El Nino environmental shock parameters for stress testing
NORMAL,Maharashtra,Solapur,17.6599,75.9064,Jowar,0.0,0.0,0.0,0.0,0.0,0.0,28.5,1.5,50.0,0.75,44.0,SCENARIO_ASSUMPTION,Simulated El Nino environmental shock parameters for stress testing
MILD_EL_NINO,Maharashtra,Solapur,17.6599,75.9064,Jowar,15.0,1.0,-15.0,-8.0,5.0,8.0,43.5,2.5,35.0,0.69,47.52,SCENARIO_ASSUMPTION,Simulated El Nino environmental shock parameters for stress testing
MODERATE_EL_NINO,Maharashtra,Solapur,17.6599,75.9064,Jowar,25.0,1.8,-30.0,-15.0,12.0,18.0,53.5,3.3,20.0,0.64,51.92,SCENARIO_ASSUMPTION,Simulated El Nino environmental shock parameters for stress testing
SEVERE_EL_NINO,Maharashtra,Solapur,17.6599,75.9064,Jowar,40.0,2.8,-50.0,-26.0,25.0,35.0,68.5,4.3,0.0,0.55,59.4,SCENARIO_ASSUMPTION,Simulated El Nino environmental shock parameters for stress testing
NORMAL,Maharashtra,Thane,19.1065,76.0589,Jowar,0.0,0.0,0.0,0.0,0.0,0.0,28.5,4.5,50.0,0.75,48.0,SCENARIO_ASSUMPTION,Simulated El Nino environmental shock parameters for stress testing
MILD_EL_NINO,Maharashtra,Thane,19.1065,76.0589,Jowar,15.0,1.0,-15.0,-8.0,5.0,8.0,43.5,5.5,35.0,0.69,51.84,SCENARIO_ASSUMPTION,Simulated El Nino environmental shock parameters for stress testing
MODERATE_EL_NINO,Maharashtra,Thane,19.1065,76.0589,Jowar,25.0,1.8,-30.0,-15.0,12.0,18.0,53.5,6.3,20.0,0.64,56.64,SCENARIO_ASSUMPTION,Simulated El Nino environmental shock parameters for stress testing
SEVERE_EL_NINO,Maharashtra,Thane,19.1065,76.0589,Jowar,40.0,2.8,-50.0,-26.0,25.0,35.0,68.5,7.3,0.0,0.55,64.8,SCENARIO_ASSUMPTION,Simulated El Nino environmental shock parameters for stress testing
NORMAL,Maharashtra,Wardha,19.3015,76.4489,Jowar,0.0,0.0,0.0,0.0,0.0,0.0,28.49,7.5,50.0,0.75,49.0,SCENARIO_ASSUMPTION,Simulated El Nino environmental shock parameters for stress testing
MILD_EL_NINO,Maharashtra,Wardha,19.3015,76.4489,Jowar,15.0,1.0,-15.0,-8.0,5.0,8.0,43.489999999999995,8.5,35.0,0.69,52.92,SCENARIO_ASSUMPTION,Simulated El Nino environmental shock parameters for stress testing
MODERATE_EL_NINO,Maharashtra,Wardha,19.3015,76.4489,Jowar,25.0,1.8,-30.0,-15.0,12.0,18.0,53.489999999999995,9.3,20.0,0.64,57.82,SCENARIO_ASSUMPTION,Simulated El Nino environmental shock parameters for stress testing
SEVERE_EL_NINO,Maharashtra,Wardha,19.3015,76.4489,Jowar,40.0,2.8,-50.0,-26.0,25.0,35.0,68.49,10.3,0.0,0.55,66.15,SCENARIO_ASSUMPTION,Simulated El Nino environmental shock parameters for stress testing
NORMAL,Maharashtra,Yavatmal,19.2715,76.1189,Jowar,0.0,0.0,0.0,0.0,0.0,0.0,28.49,4.5,50.0,0.75,45.0,SCENARIO_ASSUMPTION,Simulated El Nino environmental shock parameters for stress testing
MILD_EL_NINO,Maharashtra,Yavatmal,19.2715,76.1189,Jowar,15.0,1.0,-15.0,-8.0,5.0,8.0,43.489999999999995,5.5,35.0,0.69,48.6,SCENARIO_ASSUMPTION,Simulated El Nino environmental shock parameters for stress testing
MODERATE_EL_NINO,Maharashtra,Yavatmal,19.2715,76.1189,Jowar,25.0,1.8,-30.0,-15.0,12.0,18.0,53.489999999999995,6.3,20.0,0.64,53.1,SCENARIO_ASSUMPTION,Simulated El Nino environmental shock parameters for stress testing
SEVERE_EL_NINO,Maharashtra,Yavatmal,19.2715,76.1189,Jowar,40.0,2.8,-50.0,-26.0,25.0,35.0,68.49,7.3,0.0,0.55,60.75,SCENARIO_ASSUMPTION,Simulated El Nino environmental shock parameters for stress testing
NORMAL,Manipur,Bishnupur,24.5137,93.4413,Rice / Paddy,0.0,0.0,0.0,0.0,0.0,0.0,28.49,7.5,50.0,2.5,46.0,SCENARIO_ASSUMPTION,Simulated El Nino environmental shock parameters for stress testing
MILD_EL_NINO,Manipur,Bishnupur,24.5137,93.4413,Rice / Paddy,15.0,1.0,-15.0,-8.0,5.0,8.0,43.489999999999995,8.5,35.0,2.3,49.68,SCENARIO_ASSUMPTION,Simulated El Nino environmental shock parameters for stress testing
MODERATE_EL_NINO,Manipur,Bishnupur,24.5137,93.4413,Rice / Paddy,25.0,1.8,-30.0,-15.0,12.0,18.0,53.489999999999995,9.3,20.0,2.12,54.28,SCENARIO_ASSUMPTION,Simulated El Nino environmental shock parameters for stress testing
SEVERE_EL_NINO,Manipur,Bishnupur,24.5137,93.4413,Rice / Paddy,40.0,2.8,-50.0,-26.0,25.0,35.0,68.49,10.3,0.0,1.85,62.1,SCENARIO_ASSUMPTION,Simulated El Nino environmental shock parameters for stress testing
NORMAL,Manipur,Chandel,24.8137,93.3663,Rice / Paddy,0.0,0.0,0.0,0.0,0.0,0.0,28.5,5.5,50.0,2.5,49.0,SCENARIO_ASSUMPTION,Simulated El Nino environmental shock parameters for stress testing
MILD_EL_NINO,Manipur,Chandel,24.8137,93.3663,Rice / Paddy,15.0,1.0,-15.0,-8.0,5.0,8.0,43.5,6.5,35.0,2.3,52.92,SCENARIO_ASSUMPTION,Simulated El Nino environmental shock parameters for stress testing
MODERATE_EL_NINO,Manipur,Chandel,24.8137,93.3663,Rice / Paddy,25.0,1.8,-30.0,-15.0,12.0,18.0,53.5,7.3,20.0,2.12,57.82,SCENARIO_ASSUMPTION,Simulated El Nino environmental shock parameters for stress testing
SEVERE_EL_NINO,Manipur,Chandel,24.8137,93.3663,Rice / Paddy,40.0,2.8,-50.0,-26.0,25.0,35.0,68.5,8.3,0.0,1.85,66.15,SCENARIO_ASSUMPTION,Simulated El Nino environmental shock parameters for stress testing
NORMAL,Manipur,Churachandpur,25.3687,93.8613,Rice / Paddy,0.0,0.0,0.0,0.0,0.0,0.0,28.5,7.5,50.0,2.5,47.0,SCENARIO_ASSUMPTION,Simulated El Nino environmental shock parameters for stress testing
MILD_EL_NINO,Manipur,Churachandpur,25.3687,93.8613,Rice / Paddy,15.0,1.0,-15.0,-8.0,5.0,8.0,43.5,8.5,35.0,2.3,50.76,SCENARIO_ASSUMPTION,Simulated El Nino environmental shock parameters for stress testing
MODERATE_EL_NINO,Manipur,Churachandpur,25.3687,93.8613,Rice / Paddy,25.0,1.8,-30.0,-15.0,12.0,18.0,53.5,9.3,20.0,2.12,55.46,SCENARIO_ASSUMPTION,Simulated El Nino environmental shock parameters for stress testing
SEVERE_EL_NINO,Manipur,Churachandpur,25.3687,93.8613,Rice / Paddy,40.0,2.8,-50.0,-26.0,25.0,35.0,68.5,10.3,0.0,1.85,63.45,SCENARIO_ASSUMPTION,Simulated El Nino environmental shock parameters for stress testing
NORMAL,Manipur,Imphal,24.4687,94.4613,Rice / Paddy,0.0,0.0,0.0,0.0,0.0,0.0,28.5,7.5,50.0,2.5,50.0,SCENARIO_ASSUMPTION,Simulated El Nino environmental shock parameters for stress testing
MILD_EL_NINO,Manipur,Imphal,24.4687,94.4613,Rice / Paddy,15.0,1.0,-15.0,-8.0,5.0,8.0,43.5,8.5,35.0,2.3,54.0,SCENARIO_ASSUMPTION,Simulated El Nino environmental shock parameters for stress testing
MODERATE_EL_NINO,Manipur,Imphal,24.4687,94.4613,Rice / Paddy,25.0,1.8,-30.0,-15.0,12.0,18.0,53.5,9.3,20.0,2.12,59.0,SCENARIO_ASSUMPTION,Simulated El Nino environmental shock parameters for stress testing
SEVERE_EL_NINO,Manipur,Imphal,24.4687,94.4613,Rice / Paddy,40.0,2.8,-50.0,-26.0,25.0,35.0,68.5,10.3,0.0,1.85,67.5,SCENARIO_ASSUMPTION,Simulated El Nino environmental shock parameters for stress testing
NORMAL,Manipur,East,25.0387,93.1713,Rice / Paddy,0.0,0.0,0.0,0.0,0.0,0.0,28.49,0.5,50.0,2.5,51.0,SCENARIO_ASSUMPTION,Simulated El Nino environmental shock parameters for stress testing
MILD_EL_NINO,Manipur,East,25.0387,93.1713,Rice / Paddy,15.0,1.0,-15.0,-8.0,5.0,8.0,43.489999999999995,1.5,35.0,2.3,55.08,SCENARIO_ASSUMPTION,Simulated El Nino environmental shock parameters for stress testing
MODERATE_EL_NINO,Manipur,East,25.0387,93.1713,Rice / Paddy,25.0,1.8,-30.0,-15.0,12.0,18.0,53.489999999999995,2.3,20.0,2.12,60.18,SCENARIO_ASSUMPTION,Simulated El Nino environmental shock parameters for stress testing
SEVERE_EL_NINO,Manipur,East,25.0387,93.1713,Rice / Paddy,40.0,2.8,-50.0,-26.0,25.0,35.0,68.49,3.3,0.0,1.85,68.85,SCENARIO_ASSUMPTION,Simulated El Nino environmental shock parameters for stress testing
NORMAL,Manipur,Imphal,24.4687,94.4613,Rice / Paddy,0.0,0.0,0.0,0.0,0.0,0.0,28.5,7.5,50.0,2.5,50.0,SCENARIO_ASSUMPTION,Simulated El Nino environmental shock parameters for stress testing
MILD_EL_NINO,Manipur,Imphal,24.4687,94.4613,Rice / Paddy,15.0,1.0,-15.0,-8.0,5.0,8.0,43.5,8.5,35.0,2.3,54.0,SCENARIO_ASSUMPTION,Simulated El Nino environmental shock parameters for stress testing
MODERATE_EL_NINO,Manipur,Imphal,24.4687,94.4613,Rice / Paddy,25.0,1.8,-30.0,-15.0,12.0,18.0,53.5,9.3,20.0,2.12,59.0,SCENARIO_ASSUMPTION,Simulated El Nino environmental shock parameters for stress testing
SEVERE_EL_NINO,Manipur,Imphal,24.4687,94.4613,Rice / Paddy,40.0,2.8,-50.0,-26.0,25.0,35.0,68.5,10.3,0.0,1.85,67.5,SCENARIO_ASSUMPTION,Simulated El Nino environmental shock parameters for stress testing
NORMAL,Manipur,West,25.2787,93.6513,Rice / Paddy,0.0,0.0,0.0,0.0,0.0,0.0,28.49,4.5,50.0,2.5,43.0,SCENARIO_ASSUMPTION,Simulated El Nino environmental shock parameters for stress testing
MILD_EL_NINO,Manipur,West,25.2787,93.6513,Rice / Paddy,15.0,1.0,-15.0,-8.0,5.0,8.0,43.489999999999995,5.5,35.0,2.3,46.44,SCENARIO_ASSUMPTION,Simulated El Nino environmental shock parameters for stress testing
MODERATE_EL_NINO,Manipur,West,25.2787,93.6513,Rice / Paddy,25.0,1.8,-30.0,-15.0,12.0,18.0,53.489999999999995,6.3,20.0,2.12,50.74,SCENARIO_ASSUMPTION,Simulated El Nino environmental shock parameters for stress testing
SEVERE_EL_NINO,Manipur,West,25.2787,93.6513,Rice / Paddy,40.0,2.8,-50.0,-26.0,25.0,35.0,68.49,7.3,0.0,1.85,58.05,SCENARIO_ASSUMPTION,Simulated El Nino environmental shock parameters for stress testing
NORMAL,Manipur,Senapati,24.2437,93.9063,Rice / Paddy,0.0,0.0,0.0,0.0,0.0,0.0,28.51,2.5,50.0,2.5,49.0,SCENARIO_ASSUMPTION,Simulated El Nino environmental shock parameters for stress testing
MILD_EL_NINO,Manipur,Senapati,24.2437,93.9063,Rice / Paddy,15.0,1.0,-15.0,-8.0,5.0,8.0,43.510000000000005,3.5,35.0,2.3,52.92,SCENARIO_ASSUMPTION,Simulated El Nino environmental shock parameters for stress testing
MODERATE_EL_NINO,Manipur,Senapati,24.2437,93.9063,Rice / Paddy,25.0,1.8,-30.0,-15.0,12.0,18.0,53.510000000000005,4.3,20.0,2.12,57.82,SCENARIO_ASSUMPTION,Simulated El Nino environmental shock parameters for stress testing
SEVERE_EL_NINO,Manipur,Senapati,24.2437,93.9063,Rice / Paddy,40.0,2.8,-50.0,-26.0,25.0,35.0,68.51,5.3,0.0,1.85,66.15,SCENARIO_ASSUMPTION,Simulated El Nino environmental shock parameters for stress testing
NORMAL,Manipur,Tamenglong,24.8887,93.7713,Rice / Paddy,0.0,0.0,0.0,0.0,0.0,0.0,28.51,3.5,50.0,2.5,51.0,SCENARIO_ASSUMPTION,Simulated El Nino environmental shock parameters for stress testing
MILD_EL_NINO,Manipur,Tamenglong,24.8887,93.7713,Rice / Paddy,15.0,1.0,-15.0,-8.0,5.0,8.0,43.510000000000005,4.5,35.0,2.3,55.08,SCENARIO_ASSUMPTION,Simulated El Nino environmental shock parameters for stress testing
MODERATE_EL_NINO,Manipur,Tamenglong,24.8887,93.7713,Rice / Paddy,25.0,1.8,-30.0,-15.0,12.0,18.0,53.510000000000005,5.3,20.0,2.12,60.18,SCENARIO_ASSUMPTION,Simulated El Nino environmental shock parameters for stress testing
SEVERE_EL_NINO,Manipur,Tamenglong,24.8887,93.7713,Rice / Paddy,40.0,2.8,-50.0,-26.0,25.0,35.0,68.51,6.3,0.0,1.85,68.85,SCENARIO_ASSUMPTION,Simulated El Nino environmental shock parameters for stress testing
NORMAL,Manipur,Thoubal,24.4537,93.3663,Rice / Paddy,0.0,0.0,0.0,0.0,0.0,0.0,28.49,2.5,50.0,2.5,48.0,SCENARIO_ASSUMPTION,Simulated El Nino environmental shock parameters for stress testing
MILD_EL_NINO,Manipur,Thoubal,24.4537,93.3663,Rice / Paddy,15.0,1.0,-15.0,-8.0,5.0,8.0,43.489999999999995,3.5,35.0,2.3,51.84,SCENARIO_ASSUMPTION,Simulated El Nino environmental shock parameters for stress testing
MODERATE_EL_NINO,Manipur,Thoubal,24.4537,93.3663,Rice / Paddy,25.0,1.8,-30.0,-15.0,12.0,18.0,53.489999999999995,4.3,20.0,2.12,56.64,SCENARIO_ASSUMPTION,Simulated El Nino environmental shock parameters for stress testing
SEVERE_EL_NINO,Manipur,Thoubal,24.4537,93.3663,Rice / Paddy,40.0,2.8,-50.0,-26.0,25.0,35.0,68.49,5.3,0.0,1.85,64.8,SCENARIO_ASSUMPTION,Simulated El Nino environmental shock parameters for stress testing
NORMAL,Manipur,Ukhrul,24.4537,94.2063,Rice / Paddy,0.0,0.0,0.0,0.0,0.0,0.0,28.5,5.5,50.0,2.5,52.0,SCENARIO_ASSUMPTION,Simulated El Nino environmental shock parameters for stress testing
MILD_EL_NINO,Manipur,Ukhrul,24.4537,94.2063,Rice / Paddy,15.0,1.0,-15.0,-8.0,5.0,8.0,43.5,6.5,35.0,2.3,56.16,SCENARIO_ASSUMPTION,Simulated El Nino environmental shock parameters for stress testing
MODERATE_EL_NINO,Manipur,Ukhrul,24.4537,94.2063,Rice / Paddy,25.0,1.8,-30.0,-15.0,12.0,18.0,53.5,7.3,20.0,2.12,61.36,SCENARIO_ASSUMPTION,Simulated El Nino environmental shock parameters for stress testing
SEVERE_EL_NINO,Manipur,Ukhrul,24.4537,94.2063,Rice / Paddy,40.0,2.8,-50.0,-26.0,25.0,35.0,68.5,8.3,0.0,1.85,70.2,SCENARIO_ASSUMPTION,Simulated El Nino environmental shock parameters for stress testing
NORMAL,Meghalaya,East Garo Hills,25.527,90.6912,Rice / Paddy,0.0,0.0,0.0,0.0,0.0,0.0,28.49,3.5,50.0,2.5,52.0,SCENARIO_ASSUMPTION,Simulated El Nino environmental shock parameters for stress testing
MILD_EL_NINO,Meghalaya,East Garo Hills,25.527,90.6912,Rice / Paddy,15.0,1.0,-15.0,-8.0,5.0,8.0,43.489999999999995,4.5,35.0,2.3,56.16,SCENARIO_ASSUMPTION,Simulated El Nino environmental shock parameters for stress testing
MODERATE_EL_NINO,Meghalaya,East Garo Hills,25.527,90.6912,Rice / Paddy,25.0,1.8,-30.0,-15.0,12.0,18.0,53.489999999999995,5.3,20.0,2.12,61.36,SCENARIO_ASSUMPTION,Simulated El Nino environmental shock parameters for stress testing
SEVERE_EL_NINO,Meghalaya,East Garo Hills,25.527,90.6912,Rice / Paddy,40.0,2.8,-50.0,-26.0,25.0,35.0,68.49,6.3,0.0,1.85,70.2,SCENARIO_ASSUMPTION,Simulated El Nino environmental shock parameters for stress testing
NORMAL,Meghalaya,East Jaintia Hills,25.617,91.0962,Rice / Paddy,0.0,0.0,0.0,0.0,0.0,0.0,28.48,4.5,50.0,2.5,43.0,SCENARIO_ASSUMPTION,Simulated El Nino environmental shock parameters for stress testing
MILD_EL_NINO,Meghalaya,East Jaintia Hills,25.617,91.0962,Rice / Paddy,15.0,1.0,-15.0,-8.0,5.0,8.0,43.480000000000004,5.5,35.0,2.3,46.44,SCENARIO_ASSUMPTION,Simulated El Nino environmental shock parameters for stress testing
MODERATE_EL_NINO,Meghalaya,East Jaintia Hills,25.617,91.0962,Rice / Paddy,25.0,1.8,-30.0,-15.0,12.0,18.0,53.480000000000004,6.3,20.0,2.12,50.74,SCENARIO_ASSUMPTION,Simulated El Nino environmental shock parameters for stress testing
SEVERE_EL_NINO,Meghalaya,East Jaintia Hills,25.617,91.0962,Rice / Paddy,40.0,2.8,-50.0,-26.0,25.0,35.0,68.48,7.3,0.0,1.85,58.05,SCENARIO_ASSUMPTION,Simulated El Nino environmental shock parameters for stress testing
NORMAL,Meghalaya,East Khasi Hills,25.152,91.3962,Rice / Paddy,0.0,0.0,0.0,0.0,0.0,0.0,28.53,4.5,50.0,2.5,49.0,SCENARIO_ASSUMPTION,Simulated El Nino environmental shock parameters for stress testing
MILD_EL_NINO,Meghalaya,East Khasi Hills,25.152,91.3962,Rice / Paddy,15.0,1.0,-15.0,-8.0,5.0,8.0,43.53,5.5,35.0,2.3,52.92,SCENARIO_ASSUMPTION,Simulated El Nino environmental shock parameters for stress testing
MODERATE_EL_NINO,Meghalaya,East Khasi Hills,25.152,91.3962,Rice / Paddy,25.0,1.8,-30.0,-15.0,12.0,18.0,53.53,6.3,20.0,2.12,57.82,SCENARIO_ASSUMPTION,Simulated El Nino environmental shock parameters for stress testing
SEVERE_EL_NINO,Meghalaya,East Khasi Hills,25.152,91.3962,Rice / Paddy,40.0,2.8,-50.0,-26.0,25.0,35.0,68.53,7.3,0.0,1.85,66.15,SCENARIO_ASSUMPTION,Simulated El Nino environmental shock parameters for stress testing
NORMAL,Meghalaya,North Garo Hills,26.022,91.3362,Rice / Paddy,0.0,0.0,0.0,0.0,0.0,0.0,28.47,5.5,50.0,2.5,47.0,SCENARIO_ASSUMPTION,Simulated El Nino environmental shock parameters for stress testing
MILD_EL_NINO,Meghalaya,North Garo Hills,26.022,91.3362,Rice / Paddy,15.0,1.0,-15.0,-8.0,5.0,8.0,43.47,6.5,35.0,2.3,50.76,SCENARIO_ASSUMPTION,Simulated El Nino environmental shock parameters for stress testing
MODERATE_EL_NINO,Meghalaya,North Garo Hills,26.022,91.3362,Rice / Paddy,25.0,1.8,-30.0,-15.0,12.0,18.0,53.47,7.3,20.0,2.12,55.46,SCENARIO_ASSUMPTION,Simulated El Nino environmental shock parameters for stress testing
SEVERE_EL_NINO,Meghalaya,North Garo Hills,26.022,91.3362,Rice / Paddy,40.0,2.8,-50.0,-26.0,25.0,35.0,68.47,8.3,0.0,1.85,63.45,SCENARIO_ASSUMPTION,Simulated El Nino environmental shock parameters for stress testing
NORMAL,Meghalaya,Ri Bhoi,24.792,91.2912,Rice / Paddy,0.0,0.0,0.0,0.0,0.0,0.0,28.51,2.5,50.0,2.5,43.0,SCENARIO_ASSUMPTION,Simulated El Nino environmental shock parameters for stress testing
MILD_EL_NINO,Meghalaya,Ri Bhoi,24.792,91.2912,Rice / Paddy,15.0,1.0,-15.0,-8.0,5.0,8.0,43.510000000000005,3.5,35.0,2.3,46.44,SCENARIO_ASSUMPTION,Simulated El Nino environmental shock parameters for stress testing
MODERATE_EL_NINO,Meghalaya,Ri Bhoi,24.792,91.2912,Rice / Paddy,25.0,1.8,-30.0,-15.0,12.0,18.0,53.510000000000005,4.3,20.0,2.12,50.74,SCENARIO_ASSUMPTION,Simulated El Nino environmental shock parameters for stress testing
SEVERE_EL_NINO,Meghalaya,Ri Bhoi,24.792,91.2912,Rice / Paddy,40.0,2.8,-50.0,-26.0,25.0,35.0,68.51,5.3,0.0,1.85,58.05,SCENARIO_ASSUMPTION,Simulated El Nino environmental shock parameters for stress testing
NORMAL,Meghalaya,South Garo Hills,25.197,91.1562,Rice / Paddy,0.0,0.0,0.0,0.0,0.0,0.0,28.5,4.5,50.0,2.5,43.0,SCENARIO_ASSUMPTION,Simulated El Nino environmental shock parameters for stress testing
MILD_EL_NINO,Meghalaya,South Garo Hills,25.197,91.1562,Rice / Paddy,15.0,1.0,-15.0,-8.0,5.0,8.0,43.5,5.5,35.0,2.3,46.44,SCENARIO_ASSUMPTION,Simulated El Nino environmental shock parameters for stress testing
MODERATE_EL_NINO,Meghalaya,South Garo Hills,25.197,91.1562,Rice / Paddy,25.0,1.8,-30.0,-15.0,12.0,18.0,53.5,6.3,20.0,2.12,50.74,SCENARIO_ASSUMPTION,Simulated El Nino environmental shock parameters for stress testing
SEVERE_EL_NINO,Meghalaya,South Garo Hills,25.197,91.1562,Rice / Paddy,40.0,2.8,-50.0,-26.0,25.0,35.0,68.5,7.3,0.0,1.85,58.05,SCENARIO_ASSUMPTION,Simulated El Nino environmental shock parameters for stress testing
NORMAL,Meghalaya,South West Garo Hills,25.197,91.3962,Rice / Paddy,0.0,0.0,0.0,0.0,0.0,0.0,28.51,6.5,50.0,2.5,42.0,SCENARIO_ASSUMPTION,Simulated El Nino environmental shock parameters for stress testing
MILD_EL_NINO,Meghalaya,South West Garo Hills,25.197,91.3962,Rice / Paddy,15.0,1.0,-15.0,-8.0,5.0,8.0,43.510000000000005,7.5,35.0,2.3,45.36,SCENARIO_ASSUMPTION,Simulated El Nino environmental shock parameters for stress testing
MODERATE_EL_NINO,Meghalaya,South West Garo Hills,25.197,91.3962,Rice / Paddy,25.0,1.8,-30.0,-15.0,12.0,18.0,53.510000000000005,8.3,20.0,2.12,49.56,SCENARIO_ASSUMPTION,Simulated El Nino environmental shock parameters for stress testing
SEVERE_EL_NINO,Meghalaya,South West Garo Hills,25.197,91.3962,Rice / Paddy,40.0,2.8,-50.0,-26.0,25.0,35.0,68.51,9.3,0.0,1.85,56.7,SCENARIO_ASSUMPTION,Simulated El Nino environmental shock parameters for stress testing
NORMAL,Meghalaya,South West Khasi Hills,25.602,91.1262,Rice / Paddy,0.0,0.0,0.0,0.0,0.0,0.0,28.5,3.5,50.0,2.5,44.0,SCENARIO_ASSUMPTION,Simulated El Nino environmental shock parameters for stress testing
MILD_EL_NINO,Meghalaya,South West Khasi Hills,25.602,91.1262,Rice / Paddy,15.0,1.0,-15.0,-8.0,5.0,8.0,43.5,4.5,35.0,2.3,47.52,SCENARIO_ASSUMPTION,Simulated El Nino environmental shock parameters for stress testing
MODERATE_EL_NINO,Meghalaya,South West Khasi Hills,25.602,91.1262,Rice / Paddy,25.0,1.8,-30.0,-15.0,12.0,18.0,53.5,5.3,20.0,2.12,51.92,SCENARIO_ASSUMPTION,Simulated El Nino environmental shock parameters for stress testing
SEVERE_EL_NINO,Meghalaya,South West Khasi Hills,25.602,91.1262,Rice / Paddy,40.0,2.8,-50.0,-26.0,25.0,35.0,68.5,6.3,0.0,1.85,59.4,SCENARIO_ASSUMPTION,Simulated El Nino environmental shock parameters for stress testing
NORMAL,Meghalaya,West Garo Hills,25.332,91.4262,Rice / Paddy,0.0,0.0,0.0,0.0,0.0,0.0,28.47,1.5,50.0,2.5,47.0,SCENARIO_ASSUMPTION,Simulated El Nino environmental shock parameters for stress testing
MILD_EL_NINO,Meghalaya,West Garo Hills,25.332,91.4262,Rice / Paddy,15.0,1.0,-15.0,-8.0,5.0,8.0,43.47,2.5,35.0,2.3,50.76,SCENARIO_ASSUMPTION,Simulated El Nino environmental shock parameters for stress testing
MODERATE_EL_NINO,Meghalaya,West Garo Hills,25.332,91.4262,Rice / Paddy,25.0,1.8,-30.0,-15.0,12.0,18.0,53.47,3.3,20.0,2.12,55.46,SCENARIO_ASSUMPTION,Simulated El Nino environmental shock parameters for stress testing
SEVERE_EL_NINO,Meghalaya,West Garo Hills,25.332,91.4262,Rice / Paddy,40.0,2.8,-50.0,-26.0,25.0,35.0,68.47,4.3,0.0,1.85,63.45,SCENARIO_ASSUMPTION,Simulated El Nino environmental shock parameters for stress testing
NORMAL,Meghalaya,West Jaintia Hills,25.827,91.3662,Rice / Paddy,0.0,0.0,0.0,0.0,0.0,0.0,28.52,6.5,50.0,2.5,49.0,SCENARIO_ASSUMPTION,Simulated El Nino environmental shock parameters for stress testing
MILD_EL_NINO,Meghalaya,West Jaintia Hills,25.827,91.3662,Rice / Paddy,15.0,1.0,-15.0,-8.0,5.0,8.0,43.519999999999996,7.5,35.0,2.3,52.92,SCENARIO_ASSUMPTION,Simulated El Nino environmental shock parameters for stress testing
MODERATE_EL_NINO,Meghalaya,West Jaintia Hills,25.827,91.3662,Rice / Paddy,25.0,1.8,-30.0,-15.0,12.0,18.0,53.519999999999996,8.3,20.0,2.12,57.82,SCENARIO_ASSUMPTION,Simulated El Nino environmental shock parameters for stress testing
SEVERE_EL_NINO,Meghalaya,West Jaintia Hills,25.827,91.3662,Rice / Paddy,40.0,2.8,-50.0,-26.0,25.0,35.0,68.52,9.3,0.0,1.85,66.15,SCENARIO_ASSUMPTION,Simulated El Nino environmental shock parameters for stress testing
NORMAL,Meghalaya,West Khasi Hills,24.972,92.0712,Rice / Paddy,0.0,0.0,0.0,0.0,0.0,0.0,28.51,5.5,50.0,2.5,52.0,SCENARIO_ASSUMPTION,Simulated El Nino environmental shock parameters for stress testing
MILD_EL_NINO,Meghalaya,West Khasi Hills,24.972,92.0712,Rice / Paddy,15.0,1.0,-15.0,-8.0,5.0,8.0,43.510000000000005,6.5,35.0,2.3,56.16,SCENARIO_ASSUMPTION,Simulated El Nino environmental shock parameters for stress testing
MODERATE_EL_NINO,Meghalaya,West Khasi Hills,24.972,92.0712,Rice / Paddy,25.0,1.8,-30.0,-15.0,12.0,18.0,53.510000000000005,7.3,20.0,2.12,61.36,SCENARIO_ASSUMPTION,Simulated El Nino environmental shock parameters for stress testing
SEVERE_EL_NINO,Meghalaya,West Khasi Hills,24.972,92.0712,Rice / Paddy,40.0,2.8,-50.0,-26.0,25.0,35.0,68.51,8.3,0.0,1.85,70.2,SCENARIO_ASSUMPTION,Simulated El Nino environmental shock parameters for stress testing
NORMAL,Mizoram,Aizawl,23.7645,92.2026,Rice / Paddy,0.0,0.0,0.0,0.0,0.0,0.0,28.51,7.5,50.0,2.5,46.0,SCENARIO_ASSUMPTION,Simulated El Nino environmental shock parameters for stress testing
MILD_EL_NINO,Mizoram,Aizawl,23.7645,92.2026,Rice / Paddy,15.0,1.0,-15.0,-8.0,5.0,8.0,43.510000000000005,8.5,35.0,2.3,49.68,SCENARIO_ASSUMPTION,Simulated El Nino environmental shock parameters for stress testing
MODERATE_EL_NINO,Mizoram,Aizawl,23.7645,92.2026,Rice / Paddy,25.0,1.8,-30.0,-15.0,12.0,18.0,53.510000000000005,9.3,20.0,2.12,54.28,SCENARIO_ASSUMPTION,Simulated El Nino environmental shock parameters for stress testing
SEVERE_EL_NINO,Mizoram,Aizawl,23.7645,92.2026,Rice / Paddy,40.0,2.8,-50.0,-26.0,25.0,35.0,68.51,10.3,0.0,1.85,62.1,SCENARIO_ASSUMPTION,Simulated El Nino environmental shock parameters for stress testing
NORMAL,Mizoram,Champhai,22.6545,92.9226,Rice / Paddy,0.0,0.0,0.0,0.0,0.0,0.0,28.49,1.5,50.0,2.5,42.0,SCENARIO_ASSUMPTION,Simulated El Nino environmental shock parameters for stress testing
MILD_EL_NINO,Mizoram,Champhai,22.6545,92.9226,Rice / Paddy,15.0,1.0,-15.0,-8.0,5.0,8.0,43.489999999999995,2.5,35.0,2.3,45.36,SCENARIO_ASSUMPTION,Simulated El Nino environmental shock parameters for stress testing
MODERATE_EL_NINO,Mizoram,Champhai,22.6545,92.9226,Rice / Paddy,25.0,1.8,-30.0,-15.0,12.0,18.0,53.489999999999995,3.3,20.0,2.12,49.56,SCENARIO_ASSUMPTION,Simulated El Nino environmental shock parameters for stress testing
SEVERE_EL_NINO,Mizoram,Champhai,22.6545,92.9226,Rice / Paddy,40.0,2.8,-50.0,-26.0,25.0,35.0,68.49,4.3,0.0,1.85,56.7,SCENARIO_ASSUMPTION,Simulated El Nino environmental shock parameters for stress testing
NORMAL,Mizoram,Kolasib,23.6595,93.5226,Rice / Paddy,0.0,0.0,0.0,0.0,0.0,0.0,28.5,1.5,50.0,2.5,49.0,SCENARIO_ASSUMPTION,Simulated El Nino environmental shock parameters for stress testing
MILD_EL_NINO,Mizoram,Kolasib,23.6595,93.5226,Rice / Paddy,15.0,1.0,-15.0,-8.0,5.0,8.0,43.5,2.5,35.0,2.3,52.92,SCENARIO_ASSUMPTION,Simulated El Nino environmental shock parameters for stress testing
MODERATE_EL_NINO,Mizoram,Kolasib,23.6595,93.5226,Rice / Paddy,25.0,1.8,-30.0,-15.0,12.0,18.0,53.5,3.3,20.0,2.12,57.82,SCENARIO_ASSUMPTION,Simulated El Nino environmental shock parameters for stress testing
SEVERE_EL_NINO,Mizoram,Kolasib,23.6595,93.5226,Rice / Paddy,40.0,2.8,-50.0,-26.0,25.0,35.0,68.5,4.3,0.0,1.85,66.15,SCENARIO_ASSUMPTION,Simulated El Nino environmental shock parameters for stress testing
NORMAL,Mizoram,Lawngtlai,23.4795,92.3376,Rice / Paddy,0.0,0.0,0.0,0.0,0.0,0.0,28.48,4.5,50.0,2.5,45.0,SCENARIO_ASSUMPTION,Simulated El Nino environmental shock parameters for stress testing
MILD_EL_NINO,Mizoram,Lawngtlai,23.4795,92.3376,Rice / Paddy,15.0,1.0,-15.0,-8.0,5.0,8.0,43.480000000000004,5.5,35.0,2.3,48.6,SCENARIO_ASSUMPTION,Simulated El Nino environmental shock parameters for stress testing
MODERATE_EL_NINO,Mizoram,Lawngtlai,23.4795,92.3376,Rice / Paddy,25.0,1.8,-30.0,-15.0,12.0,18.0,53.480000000000004,6.3,20.0,2.12,53.1,SCENARIO_ASSUMPTION,Simulated El Nino environmental shock parameters for stress testing
SEVERE_EL_NINO,Mizoram,Lawngtlai,23.4795,92.3376,Rice / Paddy,40.0,2.8,-50.0,-26.0,25.0,35.0,68.48,7.3,0.0,1.85,60.75,SCENARIO_ASSUMPTION,Simulated El Nino environmental shock parameters for stress testing
NORMAL,Mizoram,Lunglei,22.8945,93.0276,Rice / Paddy,0.0,0.0,0.0,0.0,0.0,0.0,28.52,5.5,50.0,2.5,42.0,SCENARIO_ASSUMPTION,Simulated El Nino environmental shock parameters for stress testing
MILD_EL_NINO,Mizoram,Lunglei,22.8945,93.0276,Rice / Paddy,15.0,1.0,-15.0,-8.0,5.0,8.0,43.519999999999996,6.5,35.0,2.3,45.36,SCENARIO_ASSUMPTION,Simulated El Nino environmental shock parameters for stress testing
MODERATE_EL_NINO,Mizoram,Lunglei,22.8945,93.0276,Rice / Paddy,25.0,1.8,-30.0,-15.0,12.0,18.0,53.519999999999996,7.3,20.0,2.12,49.56,SCENARIO_ASSUMPTION,Simulated El Nino environmental shock parameters for stress testing
SEVERE_EL_NINO,Mizoram,Lunglei,22.8945,93.0276,Rice / Paddy,40.0,2.8,-50.0,-26.0,25.0,35.0,68.52,8.3,0.0,1.85,56.7,SCENARIO_ASSUMPTION,Simulated El Nino environmental shock parameters for stress testing
NORMAL,Mizoram,Mamit,23.6445,92.9526,Rice / Paddy,0.0,0.0,0.0,0.0,0.0,0.0,28.48,0.5,50.0,2.5,45.0,SCENARIO_ASSUMPTION,Simulated El Nino environmental shock parameters for stress testing
MILD_EL_NINO,Mizoram,Mamit,23.6445,92.9526,Rice / Paddy,15.0,1.0,-15.0,-8.0,5.0,8.0,43.480000000000004,1.5,35.0,2.3,48.6,SCENARIO_ASSUMPTION,Simulated El Nino environmental shock parameters for stress testing
MODERATE_EL_NINO,Mizoram,Mamit,23.6445,92.9526,Rice / Paddy,25.0,1.8,-30.0,-15.0,12.0,18.0,53.480000000000004,2.3,20.0,2.12,53.1,SCENARIO_ASSUMPTION,Simulated El Nino environmental shock parameters for stress testing
SEVERE_EL_NINO,Mizoram,Mamit,23.6445,92.9526,Rice / Paddy,40.0,2.8,-50.0,-26.0,25.0,35.0,68.48,3.3,0.0,1.85,60.75,SCENARIO_ASSUMPTION,Simulated El Nino environmental shock parameters for stress testing
NORMAL,Mizoram,Saiha,23.8695,93.1626,Rice / Paddy,0.0,0.0,0.0,0.0,0.0,0.0,28.53,3.5,50.0,2.5,52.0,SCENARIO_ASSUMPTION,Simulated El Nino environmental shock parameters for stress testing
MILD_EL_NINO,Mizoram,Saiha,23.8695,93.1626,Rice / Paddy,15.0,1.0,-15.0,-8.0,5.0,8.0,43.53,4.5,35.0,2.3,56.16,SCENARIO_ASSUMPTION,Simulated El Nino environmental shock parameters for stress testing
MODERATE_EL_NINO,Mizoram,Saiha,23.8695,93.1626,Rice / Paddy,25.0,1.8,-30.0,-15.0,12.0,18.0,53.53,5.3,20.0,2.12,61.36,SCENARIO_ASSUMPTION,Simulated El Nino environmental shock parameters for stress testing
SEVERE_EL_NINO,Mizoram,Saiha,23.8695,93.1626,Rice / Paddy,40.0,2.8,-50.0,-26.0,25.0,35.0,68.53,6.3,0.0,1.85,70.2,SCENARIO_ASSUMPTION,Simulated El Nino environmental shock parameters for stress testing
NORMAL,Mizoram,Serchhip,23.1795,92.5326,Rice / Paddy,0.0,0.0,0.0,0.0,0.0,0.0,28.52,5.5,50.0,2.5,48.0,SCENARIO_ASSUMPTION,Simulated El Nino environmental shock parameters for stress testing
MILD_EL_NINO,Mizoram,Serchhip,23.1795,92.5326,Rice / Paddy,15.0,1.0,-15.0,-8.0,5.0,8.0,43.519999999999996,6.5,35.0,2.3,51.84,SCENARIO_ASSUMPTION,Simulated El Nino environmental shock parameters for stress testing
MODERATE_EL_NINO,Mizoram,Serchhip,23.1795,92.5326,Rice / Paddy,25.0,1.8,-30.0,-15.0,12.0,18.0,53.519999999999996,7.3,20.0,2.12,56.64,SCENARIO_ASSUMPTION,Simulated El Nino environmental shock parameters for stress testing
SEVERE_EL_NINO,Mizoram,Serchhip,23.1795,92.5326,Rice / Paddy,40.0,2.8,-50.0,-26.0,25.0,35.0,68.52,8.3,0.0,1.85,64.8,SCENARIO_ASSUMPTION,Simulated El Nino environmental shock parameters for stress testing
NORMAL,Nagaland,Dimapur,26.3534,94.3374,Rice / Paddy,0.0,0.0,0.0,0.0,0.0,0.0,28.49,7.5,50.0,2.5,51.0,SCENARIO_ASSUMPTION,Simulated El Nino environmental shock parameters for stress testing
MILD_EL_NINO,Nagaland,Dimapur,26.3534,94.3374,Rice / Paddy,15.0,1.0,-15.0,-8.0,5.0,8.0,43.489999999999995,8.5,35.0,2.3,55.08,SCENARIO_ASSUMPTION,Simulated El Nino environmental shock parameters for stress testing
MODERATE_EL_NINO,Nagaland,Dimapur,26.3534,94.3374,Rice / Paddy,25.0,1.8,-30.0,-15.0,12.0,18.0,53.489999999999995,9.3,20.0,2.12,60.18,SCENARIO_ASSUMPTION,Simulated El Nino environmental shock parameters for stress testing
SEVERE_EL_NINO,Nagaland,Dimapur,26.3534,94.3374,Rice / Paddy,40.0,2.8,-50.0,-26.0,25.0,35.0,68.49,10.3,0.0,1.85,68.85,SCENARIO_ASSUMPTION,Simulated El Nino environmental shock parameters for stress testing
NORMAL,Nagaland,Kiphire,26.4434,94.4424,Rice / Paddy,0.0,0.0,0.0,0.0,0.0,0.0,28.51,1.5,50.0,2.5,49.0,SCENARIO_ASSUMPTION,Simulated El Nino environmental shock parameters for stress testing
MILD_EL_NINO,Nagaland,Kiphire,26.4434,94.4424,Rice / Paddy,15.0,1.0,-15.0,-8.0,5.0,8.0,43.510000000000005,2.5,35.0,2.3,52.92,SCENARIO_ASSUMPTION,Simulated El Nino environmental shock parameters for stress testing
MODERATE_EL_NINO,Nagaland,Kiphire,26.4434,94.4424,Rice / Paddy,25.0,1.8,-30.0,-15.0,12.0,18.0,53.510000000000005,3.3,20.0,2.12,57.82,SCENARIO_ASSUMPTION,Simulated El Nino environmental shock parameters for stress testing
SEVERE_EL_NINO,Nagaland,Kiphire,26.4434,94.4424,Rice / Paddy,40.0,2.8,-50.0,-26.0,25.0,35.0,68.51,4.3,0.0,1.85,66.15,SCENARIO_ASSUMPTION,Simulated El Nino environmental shock parameters for stress testing
NORMAL,Nagaland,Kohima,26.2784,94.8924,Rice / Paddy,0.0,0.0,0.0,0.0,0.0,0.0,28.51,5.5,50.0,2.5,44.0,SCENARIO_ASSUMPTION,Simulated El Nino environmental shock parameters for stress testing
MILD_EL_NINO,Nagaland,Kohima,26.2784,94.8924,Rice / Paddy,15.0,1.0,-15.0,-8.0,5.0,8.0,43.510000000000005,6.5,35.0,2.3,47.52,SCENARIO_ASSUMPTION,Simulated El Nino environmental shock parameters for stress testing
MODERATE_EL_NINO,Nagaland,Kohima,26.2784,94.8924,Rice / Paddy,25.0,1.8,-30.0,-15.0,12.0,18.0,53.510000000000005,7.3,20.0,2.12,51.92,SCENARIO_ASSUMPTION,Simulated El Nino environmental shock parameters for stress testing
SEVERE_EL_NINO,Nagaland,Kohima,26.2784,94.8924,Rice / Paddy,40.0,2.8,-50.0,-26.0,25.0,35.0,68.51,8.3,0.0,1.85,59.4,SCENARIO_ASSUMPTION,Simulated El Nino environmental shock parameters for stress testing
NORMAL,Nagaland,Longleng,26.1884,94.9524,Rice / Paddy,0.0,0.0,0.0,0.0,0.0,0.0,28.49,4.5,50.0,2.5,47.0,SCENARIO_ASSUMPTION,Simulated El Nino environmental shock parameters for stress testing
MILD_EL_NINO,Nagaland,Longleng,26.1884,94.9524,Rice / Paddy,15.0,1.0,-15.0,-8.0,5.0,8.0,43.489999999999995,5.5,35.0,2.3,50.76,SCENARIO_ASSUMPTION,Simulated El Nino environmental shock parameters for stress testing
MODERATE_EL_NINO,Nagaland,Longleng,26.1884,94.9524,Rice / Paddy,25.0,1.8,-30.0,-15.0,12.0,18.0,53.489999999999995,6.3,20.0,2.12,55.46,SCENARIO_ASSUMPTION,Simulated El Nino environmental shock parameters for stress testing
SEVERE_EL_NINO,Nagaland,Longleng,26.1884,94.9524,Rice / Paddy,40.0,2.8,-50.0,-26.0,25.0,35.0,68.49,7.3,0.0,1.85,63.45,SCENARIO_ASSUMPTION,Simulated El Nino environmental shock parameters for stress testing
NORMAL,Nagaland,Mokokchung,26.1734,94.8024,Rice / Paddy,0.0,0.0,0.0,0.0,0.0,0.0,28.48,3.5,50.0,2.5,43.0,SCENARIO_ASSUMPTION,Simulated El Nino environmental shock parameters for stress testing
MILD_EL_NINO,Nagaland,Mokokchung,26.1734,94.8024,Rice / Paddy,15.0,1.0,-15.0,-8.0,5.0,8.0,43.480000000000004,4.5,35.0,2.3,46.44,SCENARIO_ASSUMPTION,Simulated El Nino environmental shock parameters for stress testing
MODERATE_EL_NINO,Nagaland,Mokokchung,26.1734,94.8024,Rice / Paddy,25.0,1.8,-30.0,-15.0,12.0,18.0,53.480000000000004,5.3,20.0,2.12,50.74,SCENARIO_ASSUMPTION,Simulated El Nino environmental shock parameters for stress testing
SEVERE_EL_NINO,Nagaland,Mokokchung,26.1734,94.8024,Rice / Paddy,40.0,2.8,-50.0,-26.0,25.0,35.0,68.48,6.3,0.0,1.85,58.05,SCENARIO_ASSUMPTION,Simulated El Nino environmental shock parameters for stress testing
NORMAL,Nagaland,Mon,26.7284,95.0874,Rice / Paddy,0.0,0.0,0.0,0.0,0.0,0.0,28.5,5.5,50.0,2.5,43.0,SCENARIO_ASSUMPTION,Simulated El Nino environmental shock parameters for stress testing
MILD_EL_NINO,Nagaland,Mon,26.7284,95.0874,Rice / Paddy,15.0,1.0,-15.0,-8.0,5.0,8.0,43.5,6.5,35.0,2.3,46.44,SCENARIO_ASSUMPTION,Simulated El Nino environmental shock parameters for stress testing
MODERATE_EL_NINO,Nagaland,Mon,26.7284,95.0874,Rice / Paddy,25.0,1.8,-30.0,-15.0,12.0,18.0,53.5,7.3,20.0,2.12,50.74,SCENARIO_ASSUMPTION,Simulated El Nino environmental shock parameters for stress testing
SEVERE_EL_NINO,Nagaland,Mon,26.7284,95.0874,Rice / Paddy,40.0,2.8,-50.0,-26.0,25.0,35.0,68.5,8.3,0.0,1.85,58.05,SCENARIO_ASSUMPTION,Simulated El Nino environmental shock parameters for stress testing
NORMAL,Nagaland,Peren,26.0984,95.0274,Rice / Paddy,0.0,0.0,0.0,0.0,0.0,0.0,28.49,3.5,50.0,2.5,47.0,SCENARIO_ASSUMPTION,Simulated El Nino environmental shock parameters for stress testing
MILD_EL_NINO,Nagaland,Peren,26.0984,95.0274,Rice / Paddy,15.0,1.0,-15.0,-8.0,5.0,8.0,43.489999999999995,4.5,35.0,2.3,50.76,SCENARIO_ASSUMPTION,Simulated El Nino environmental shock parameters for stress testing
MODERATE_EL_NINO,Nagaland,Peren,26.0984,95.0274,Rice / Paddy,25.0,1.8,-30.0,-15.0,12.0,18.0,53.489999999999995,5.3,20.0,2.12,55.46,SCENARIO_ASSUMPTION,Simulated El Nino environmental shock parameters for stress testing
SEVERE_EL_NINO,Nagaland,Peren,26.0984,95.0274,Rice / Paddy,40.0,2.8,-50.0,-26.0,25.0,35.0,68.49,6.3,0.0,1.85,63.45,SCENARIO_ASSUMPTION,Simulated El Nino environmental shock parameters for stress testing
NORMAL,Nagaland,Phek,26.1884,94.8924,Rice / Paddy,0.0,0.0,0.0,0.0,0.0,0.0,28.5,4.5,50.0,2.5,48.0,SCENARIO_ASSUMPTION,Simulated El Nino environmental shock parameters for stress testing
MILD_EL_NINO,Nagaland,Phek,26.1884,94.8924,Rice / Paddy,15.0,1.0,-15.0,-8.0,5.0,8.0,43.5,5.5,35.0,2.3,51.84,SCENARIO_ASSUMPTION,Simulated El Nino environmental shock parameters for stress testing
MODERATE_EL_NINO,Nagaland,Phek,26.1884,94.8924,Rice / Paddy,25.0,1.8,-30.0,-15.0,12.0,18.0,53.5,6.3,20.0,2.12,56.64,SCENARIO_ASSUMPTION,Simulated El Nino environmental shock parameters for stress testing
SEVERE_EL_NINO,Nagaland,Phek,26.1884,94.8924,Rice / Paddy,40.0,2.8,-50.0,-26.0,25.0,35.0,68.5,7.3,0.0,1.85,64.8,SCENARIO_ASSUMPTION,Simulated El Nino environmental shock parameters for stress testing
NORMAL,Nagaland,Tuensang,25.6334,94.0524,Rice / Paddy,0.0,0.0,0.0,0.0,0.0,0.0,28.49,4.5,50.0,2.5,52.0,SCENARIO_ASSUMPTION,Simulated El Nino environmental shock parameters for stress testing
MILD_EL_NINO,Nagaland,Tuensang,25.6334,94.0524,Rice / Paddy,15.0,1.0,-15.0,-8.0,5.0,8.0,43.489999999999995,5.5,35.0,2.3,56.16,SCENARIO_ASSUMPTION,Simulated El Nino environmental shock parameters for stress testing
MODERATE_EL_NINO,Nagaland,Tuensang,25.6334,94.0524,Rice / Paddy,25.0,1.8,-30.0,-15.0,12.0,18.0,53.489999999999995,6.3,20.0,2.12,61.36,SCENARIO_ASSUMPTION,Simulated El Nino environmental shock parameters for stress testing
SEVERE_EL_NINO,Nagaland,Tuensang,25.6334,94.0524,Rice / Paddy,40.0,2.8,-50.0,-26.0,25.0,35.0,68.49,7.3,0.0,1.85,70.2,SCENARIO_ASSUMPTION,Simulated El Nino environmental shock parameters for stress testing
NORMAL,Nagaland,Wokha,25.4834,94.8174,Rice / Paddy,0.0,0.0,0.0,0.0,0.0,0.0,28.48,3.5,50.0,2.5,52.0,SCENARIO_ASSUMPTION,Simulated El Nino environmental shock parameters for stress testing
MILD_EL_NINO,Nagaland,Wokha,25.4834,94.8174,Rice / Paddy,15.0,1.0,-15.0,-8.0,5.0,8.0,43.480000000000004,4.5,35.0,2.3,56.16,SCENARIO_ASSUMPTION,Simulated El Nino environmental shock parameters for stress testing
MODERATE_EL_NINO,Nagaland,Wokha,25.4834,94.8174,Rice / Paddy,25.0,1.8,-30.0,-15.0,12.0,18.0,53.480000000000004,5.3,20.0,2.12,61.36,SCENARIO_ASSUMPTION,Simulated El Nino environmental shock parameters for stress testing
SEVERE_EL_NINO,Nagaland,Wokha,25.4834,94.8174,Rice / Paddy,40.0,2.8,-50.0,-26.0,25.0,35.0,68.48,6.3,0.0,1.85,70.2,SCENARIO_ASSUMPTION,Simulated El Nino environmental shock parameters for stress testing
NORMAL,Nagaland,Zunheboto,25.5884,94.2924,Rice / Paddy,0.0,0.0,0.0,0.0,0.0,0.0,28.49,7.5,50.0,2.5,52.0,SCENARIO_ASSUMPTION,Simulated El Nino environmental shock parameters for stress testing
MILD_EL_NINO,Nagaland,Zunheboto,25.5884,94.2924,Rice / Paddy,15.0,1.0,-15.0,-8.0,5.0,8.0,43.489999999999995,8.5,35.0,2.3,56.16,SCENARIO_ASSUMPTION,Simulated El Nino environmental shock parameters for stress testing
MODERATE_EL_NINO,Nagaland,Zunheboto,25.5884,94.2924,Rice / Paddy,25.0,1.8,-30.0,-15.0,12.0,18.0,53.489999999999995,9.3,20.0,2.12,61.36,SCENARIO_ASSUMPTION,Simulated El Nino environmental shock parameters for stress testing
SEVERE_EL_NINO,Nagaland,Zunheboto,25.5884,94.2924,Rice / Paddy,40.0,2.8,-50.0,-26.0,25.0,35.0,68.49,10.3,0.0,1.85,70.2,SCENARIO_ASSUMPTION,Simulated El Nino environmental shock parameters for stress testing
NORMAL,Odisha,Angul,20.3667,85.2935,Rice / Paddy,0.0,0.0,0.0,0.0,0.0,0.0,28.49,5.5,50.0,2.6,48.0,SCENARIO_ASSUMPTION,Simulated El Nino environmental shock parameters for stress testing
MILD_EL_NINO,Odisha,Angul,20.3667,85.2935,Rice / Paddy,15.0,1.0,-15.0,-8.0,5.0,8.0,43.489999999999995,6.5,35.0,2.39,51.84,SCENARIO_ASSUMPTION,Simulated El Nino environmental shock parameters for stress testing
MODERATE_EL_NINO,Odisha,Angul,20.3667,85.2935,Rice / Paddy,25.0,1.8,-30.0,-15.0,12.0,18.0,53.489999999999995,7.3,20.0,2.21,56.64,SCENARIO_ASSUMPTION,Simulated El Nino environmental shock parameters for stress testing
SEVERE_EL_NINO,Odisha,Angul,20.3667,85.2935,Rice / Paddy,40.0,2.8,-50.0,-26.0,25.0,35.0,68.49,8.3,0.0,1.92,64.8,SCENARIO_ASSUMPTION,Simulated El Nino environmental shock parameters for stress testing
NORMAL,Odisha,Balangir,21.0117,84.5735,Rice / Paddy,0.0,0.0,0.0,0.0,0.0,0.0,28.47,2.5,50.0,2.6,46.0,SCENARIO_ASSUMPTION,Simulated El Nino environmental shock parameters for stress testing
MILD_EL_NINO,Odisha,Balangir,21.0117,84.5735,Rice / Paddy,15.0,1.0,-15.0,-8.0,5.0,8.0,43.47,3.5,35.0,2.39,49.68,SCENARIO_ASSUMPTION,Simulated El Nino environmental shock parameters for stress testing
MODERATE_EL_NINO,Odisha,Balangir,21.0117,84.5735,Rice / Paddy,25.0,1.8,-30.0,-15.0,12.0,18.0,53.47,4.3,20.0,2.21,54.28,SCENARIO_ASSUMPTION,Simulated El Nino environmental shock parameters for stress testing
SEVERE_EL_NINO,Odisha,Balangir,21.0117,84.5735,Rice / Paddy,40.0,2.8,-50.0,-26.0,25.0,35.0,68.47,5.3,0.0,1.92,62.1,SCENARIO_ASSUMPTION,Simulated El Nino environmental shock parameters for stress testing
NORMAL,Odisha,Balasore,20.2467,84.3935,Rice / Paddy,0.0,0.0,0.0,0.0,0.0,0.0,28.47,1.5,50.0,2.6,52.0,SCENARIO_ASSUMPTION,Simulated El Nino environmental shock parameters for stress testing
MILD_EL_NINO,Odisha,Balasore,20.2467,84.3935,Rice / Paddy,15.0,1.0,-15.0,-8.0,5.0,8.0,43.47,2.5,35.0,2.39,56.16,SCENARIO_ASSUMPTION,Simulated El Nino environmental shock parameters for stress testing
MODERATE_EL_NINO,Odisha,Balasore,20.2467,84.3935,Rice / Paddy,25.0,1.8,-30.0,-15.0,12.0,18.0,53.47,3.3,20.0,2.21,61.36,SCENARIO_ASSUMPTION,Simulated El Nino environmental shock parameters for stress testing
SEVERE_EL_NINO,Odisha,Balasore,20.2467,84.3935,Rice / Paddy,40.0,2.8,-50.0,-26.0,25.0,35.0,68.47,4.3,0.0,1.92,70.2,SCENARIO_ASSUMPTION,Simulated El Nino environmental shock parameters for stress testing
NORMAL,Odisha,Bargarh,20.3067,85.3985,Rice / Paddy,0.0,0.0,0.0,0.0,0.0,0.0,28.51,6.5,50.0,2.6,52.0,SCENARIO_ASSUMPTION,Simulated El Nino environmental shock parameters for stress testing
MILD_EL_NINO,Odisha,Bargarh,20.3067,85.3985,Rice / Paddy,15.0,1.0,-15.0,-8.0,5.0,8.0,43.510000000000005,7.5,35.0,2.39,56.16,SCENARIO_ASSUMPTION,Simulated El Nino environmental shock parameters for stress testing
MODERATE_EL_NINO,Odisha,Bargarh,20.3067,85.3985,Rice / Paddy,25.0,1.8,-30.0,-15.0,12.0,18.0,53.510000000000005,8.3,20.0,2.21,61.36,SCENARIO_ASSUMPTION,Simulated El Nino environmental shock parameters for stress testing
SEVERE_EL_NINO,Odisha,Bargarh,20.3067,85.3985,Rice / Paddy,40.0,2.8,-50.0,-26.0,25.0,35.0,68.51,9.3,0.0,1.92,70.2,SCENARIO_ASSUMPTION,Simulated El Nino environmental shock parameters for stress testing
NORMAL,Odisha,Bhadrak,20.8317,84.7685,Rice / Paddy,0.0,0.0,0.0,0.0,0.0,0.0,28.48,6.5,50.0,2.6,50.0,SCENARIO_ASSUMPTION,Simulated El Nino environmental shock parameters for stress testing
MILD_EL_NINO,Odisha,Bhadrak,20.8317,84.7685,Rice / Paddy,15.0,1.0,-15.0,-8.0,5.0,8.0,43.480000000000004,7.5,35.0,2.39,54.0,SCENARIO_ASSUMPTION,Simulated El Nino environmental shock parameters for stress testing
MODERATE_EL_NINO,Odisha,Bhadrak,20.8317,84.7685,Rice / Paddy,25.0,1.8,-30.0,-15.0,12.0,18.0,53.480000000000004,8.3,20.0,2.21,59.0,SCENARIO_ASSUMPTION,Simulated El Nino environmental shock parameters for stress testing
SEVERE_EL_NINO,Odisha,Bhadrak,20.8317,84.7685,Rice / Paddy,40.0,2.8,-50.0,-26.0,25.0,35.0,68.48,9.3,0.0,1.92,67.5,SCENARIO_ASSUMPTION,Simulated El Nino environmental shock parameters for stress testing
NORMAL,Odisha,Boudh,20.8917,85.5485,Rice / Paddy,0.0,0.0,0.0,0.0,0.0,0.0,28.53,5.5,50.0,2.6,46.0,SCENARIO_ASSUMPTION,Simulated El Nino environmental shock parameters for stress testing
MILD_EL_NINO,Odisha,Boudh,20.8917,85.5485,Rice / Paddy,15.0,1.0,-15.0,-8.0,5.0,8.0,43.53,6.5,35.0,2.39,49.68,SCENARIO_ASSUMPTION,Simulated El Nino environmental shock parameters for stress testing
MODERATE_EL_NINO,Odisha,Boudh,20.8917,85.5485,Rice / Paddy,25.0,1.8,-30.0,-15.0,12.0,18.0,53.53,7.3,20.0,2.21,54.28,SCENARIO_ASSUMPTION,Simulated El Nino environmental shock parameters for stress testing
SEVERE_EL_NINO,Odisha,Boudh,20.8917,85.5485,Rice / Paddy,40.0,2.8,-50.0,-26.0,25.0,35.0,68.53,8.3,0.0,1.92,62.1,SCENARIO_ASSUMPTION,Simulated El Nino environmental shock parameters for stress testing
NORMAL,Odisha,Cuttack,20.4867,85.7735,Rice / Paddy,0.0,0.0,0.0,0.0,0.0,0.0,28.5,5.5,50.0,2.6,44.0,SCENARIO_ASSUMPTION,Simulated El Nino environmental shock parameters for stress testing
MILD_EL_NINO,Odisha,Cuttack,20.4867,85.7735,Rice / Paddy,15.0,1.0,-15.0,-8.0,5.0,8.0,43.5,6.5,35.0,2.39,47.52,SCENARIO_ASSUMPTION,Simulated El Nino environmental shock parameters for stress testing
MODERATE_EL_NINO,Odisha,Cuttack,20.4867,85.7735,Rice / Paddy,25.0,1.8,-30.0,-15.0,12.0,18.0,53.5,7.3,20.0,2.21,51.92,SCENARIO_ASSUMPTION,Simulated El Nino environmental shock parameters for stress testing
SEVERE_EL_NINO,Odisha,Cuttack,20.4867,85.7735,Rice / Paddy,40.0,2.8,-50.0,-26.0,25.0,35.0,68.5,8.3,0.0,1.92,59.4,SCENARIO_ASSUMPTION,Simulated El Nino environmental shock parameters for stress testing
NORMAL,Odisha,Deogarh,20.5317,85.4135,Rice / Paddy,0.0,0.0,0.0,0.0,0.0,0.0,28.5,3.5,50.0,2.6,49.0,SCENARIO_ASSUMPTION,Simulated El Nino environmental shock parameters for stress testing
MILD_EL_NINO,Odisha,Deogarh,20.5317,85.4135,Rice / Paddy,15.0,1.0,-15.0,-8.0,5.0,8.0,43.5,4.5,35.0,2.39,52.92,SCENARIO_ASSUMPTION,Simulated El Nino environmental shock parameters for stress testing
MODERATE_EL_NINO,Odisha,Deogarh,20.5317,85.4135,Rice / Paddy,25.0,1.8,-30.0,-15.0,12.0,18.0,53.5,5.3,20.0,2.21,57.82,SCENARIO_ASSUMPTION,Simulated El Nino environmental shock parameters for stress testing
SEVERE_EL_NINO,Odisha,Deogarh,20.5317,85.4135,Rice / Paddy,40.0,2.8,-50.0,-26.0,25.0,35.0,68.5,6.3,0.0,1.92,66.15,SCENARIO_ASSUMPTION,Simulated El Nino environmental shock parameters for stress testing
NORMAL,Odisha,Dhenkanal,21.4167,84.9785,Rice / Paddy,0.0,0.0,0.0,0.0,0.0,0.0,28.5,5.5,50.0,2.6,47.0,SCENARIO_ASSUMPTION,Simulated El Nino environmental shock parameters for stress testing
MILD_EL_NINO,Odisha,Dhenkanal,21.4167,84.9785,Rice / Paddy,15.0,1.0,-15.0,-8.0,5.0,8.0,43.5,6.5,35.0,2.39,50.76,SCENARIO_ASSUMPTION,Simulated El Nino environmental shock parameters for stress testing
MODERATE_EL_NINO,Odisha,Dhenkanal,21.4167,84.9785,Rice / Paddy,25.0,1.8,-30.0,-15.0,12.0,18.0,53.5,7.3,20.0,2.21,55.46,SCENARIO_ASSUMPTION,Simulated El Nino environmental shock parameters for stress testing
SEVERE_EL_NINO,Odisha,Dhenkanal,21.4167,84.9785,Rice / Paddy,40.0,2.8,-50.0,-26.0,25.0,35.0,68.5,8.3,0.0,1.92,63.45,SCENARIO_ASSUMPTION,Simulated El Nino environmental shock parameters for stress testing
NORMAL,Odisha,Gajapati,21.1767,84.9035,Rice / Paddy,0.0,0.0,0.0,0.0,0.0,0.0,28.49,7.5,50.0,2.6,52.0,SCENARIO_ASSUMPTION,Simulated El Nino environmental shock parameters for stress testing
MILD_EL_NINO,Odisha,Gajapati,21.1767,84.9035,Rice / Paddy,15.0,1.0,-15.0,-8.0,5.0,8.0,43.489999999999995,8.5,35.0,2.39,56.16,SCENARIO_ASSUMPTION,Simulated El Nino environmental shock parameters for stress testing
MODERATE_EL_NINO,Odisha,Gajapati,21.1767,84.9035,Rice / Paddy,25.0,1.8,-30.0,-15.0,12.0,18.0,53.489999999999995,9.3,20.0,2.21,61.36,SCENARIO_ASSUMPTION,Simulated El Nino environmental shock parameters for stress testing
SEVERE_EL_NINO,Odisha,Gajapati,21.1767,84.9035,Rice / Paddy,40.0,2.8,-50.0,-26.0,25.0,35.0,68.49,10.3,0.0,1.92,70.2,SCENARIO_ASSUMPTION,Simulated El Nino environmental shock parameters for stress testing
NORMAL,Odisha,Ganjam,21.0117,85.4885,Rice / Paddy,0.0,0.0,0.0,0.0,0.0,0.0,28.48,3.5,50.0,2.6,47.0,SCENARIO_ASSUMPTION,Simulated El Nino environmental shock parameters for stress testing
MILD_EL_NINO,Odisha,Ganjam,21.0117,85.4885,Rice / Paddy,15.0,1.0,-15.0,-8.0,5.0,8.0,43.480000000000004,4.5,35.0,2.39,50.76,SCENARIO_ASSUMPTION,Simulated El Nino environmental shock parameters for stress testing
MODERATE_EL_NINO,Odisha,Ganjam,21.0117,85.4885,Rice / Paddy,25.0,1.8,-30.0,-15.0,12.0,18.0,53.480000000000004,5.3,20.0,2.21,55.46,SCENARIO_ASSUMPTION,Simulated El Nino environmental shock parameters for stress testing
SEVERE_EL_NINO,Odisha,Ganjam,21.0117,85.4885,Rice / Paddy,40.0,2.8,-50.0,-26.0,25.0,35.0,68.48,6.3,0.0,1.92,63.45,SCENARIO_ASSUMPTION,Simulated El Nino environmental shock parameters for stress testing
NORMAL,Odisha,Jagatsinghapur,20.6967,85.0385,Rice / Paddy,0.0,0.0,0.0,0.0,0.0,0.0,28.51,5.5,50.0,2.6,45.0,SCENARIO_ASSUMPTION,Simulated El Nino environmental shock parameters for stress testing
MILD_EL_NINO,Odisha,Jagatsinghapur,20.6967,85.0385,Rice / Paddy,15.0,1.0,-15.0,-8.0,5.0,8.0,43.510000000000005,6.5,35.0,2.39,48.6,SCENARIO_ASSUMPTION,Simulated El Nino environmental shock parameters for stress testing
MODERATE_EL_NINO,Odisha,Jagatsinghapur,20.6967,85.0385,Rice / Paddy,25.0,1.8,-30.0,-15.0,12.0,18.0,53.510000000000005,7.3,20.0,2.21,53.1,SCENARIO_ASSUMPTION,Simulated El Nino environmental shock parameters for stress testing
SEVERE_EL_NINO,Odisha,Jagatsinghapur,20.6967,85.0385,Rice / Paddy,40.0,2.8,-50.0,-26.0,25.0,35.0,68.51,8.3,0.0,1.92,60.75,SCENARIO_ASSUMPTION,Simulated El Nino environmental shock parameters for stress testing
NORMAL,Odisha,Jajpur,20.8467,85.4735,Rice / Paddy,0.0,0.0,0.0,0.0,0.0,0.0,28.52,0.5,50.0,2.6,46.0,SCENARIO_ASSUMPTION,Simulated El Nino environmental shock parameters for stress testing
MILD_EL_NINO,Odisha,Jajpur,20.8467,85.4735,Rice / Paddy,15.0,1.0,-15.0,-8.0,5.0,8.0,43.519999999999996,1.5,35.0,2.39,49.68,SCENARIO_ASSUMPTION,Simulated El Nino environmental shock parameters for stress testing
MODERATE_EL_NINO,Odisha,Jajpur,20.8467,85.4735,Rice / Paddy,25.0,1.8,-30.0,-15.0,12.0,18.0,53.519999999999996,2.3,20.0,2.21,54.28,SCENARIO_ASSUMPTION,Simulated El Nino environmental shock parameters for stress testing
SEVERE_EL_NINO,Odisha,Jajpur,20.8467,85.4735,Rice / Paddy,40.0,2.8,-50.0,-26.0,25.0,35.0,68.52,3.3,0.0,1.92,62.1,SCENARIO_ASSUMPTION,Simulated El Nino environmental shock parameters for stress testing
NORMAL,Odisha,Jharsuguda,20.9367,85.4735,Rice / Paddy,0.0,0.0,0.0,0.0,0.0,0.0,28.46,5.5,50.0,2.6,46.0,SCENARIO_ASSUMPTION,Simulated El Nino environmental shock parameters for stress testing
MILD_EL_NINO,Odisha,Jharsuguda,20.9367,85.4735,Rice / Paddy,15.0,1.0,-15.0,-8.0,5.0,8.0,43.46,6.5,35.0,2.39,49.68,SCENARIO_ASSUMPTION,Simulated El Nino environmental shock parameters for stress testing
MODERATE_EL_NINO,Odisha,Jharsuguda,20.9367,85.4735,Rice / Paddy,25.0,1.8,-30.0,-15.0,12.0,18.0,53.46,7.3,20.0,2.21,54.28,SCENARIO_ASSUMPTION,Simulated El Nino environmental shock parameters for stress testing
SEVERE_EL_NINO,Odisha,Jharsuguda,20.9367,85.4735,Rice / Paddy,40.0,2.8,-50.0,-26.0,25.0,35.0,68.46000000000001,8.3,0.0,1.92,62.1,SCENARIO_ASSUMPTION,Simulated El Nino environmental shock parameters for stress testing
NORMAL,Odisha,Kalahandi,21.3567,85.2335,Rice / Paddy,0.0,0.0,0.0,0.0,0.0,0.0,28.49,3.5,50.0,2.6,51.0,SCENARIO_ASSUMPTION,Simulated El Nino environmental shock parameters for stress testing
MILD_EL_NINO,Odisha,Kalahandi,21.3567,85.2335,Rice / Paddy,15.0,1.0,-15.0,-8.0,5.0,8.0,43.489999999999995,4.5,35.0,2.39,55.08,SCENARIO_ASSUMPTION,Simulated El Nino environmental shock parameters for stress testing
MODERATE_EL_NINO,Odisha,Kalahandi,21.3567,85.2335,Rice / Paddy,25.0,1.8,-30.0,-15.0,12.0,18.0,53.489999999999995,5.3,20.0,2.21,60.18,SCENARIO_ASSUMPTION,Simulated El Nino environmental shock parameters for stress testing
SEVERE_EL_NINO,Odisha,Kalahandi,21.3567,85.2335,Rice / Paddy,40.0,2.8,-50.0,-26.0,25.0,35.0,68.49,6.3,0.0,1.92,68.85,SCENARIO_ASSUMPTION,Simulated El Nino environmental shock parameters for stress testing
NORMAL,Odisha,Kandhamal,21.5517,84.3935,Rice / Paddy,0.0,0.0,0.0,0.0,0.0,0.0,28.48,1.5,50.0,2.6,44.0,SCENARIO_ASSUMPTION,Simulated El Nino environmental shock parameters for stress testing
MILD_EL_NINO,Odisha,Kandhamal,21.5517,84.3935,Rice / Paddy,15.0,1.0,-15.0,-8.0,5.0,8.0,43.480000000000004,2.5,35.0,2.39,47.52,SCENARIO_ASSUMPTION,Simulated El Nino environmental shock parameters for stress testing
MODERATE_EL_NINO,Odisha,Kandhamal,21.5517,84.3935,Rice / Paddy,25.0,1.8,-30.0,-15.0,12.0,18.0,53.480000000000004,3.3,20.0,2.21,51.92,SCENARIO_ASSUMPTION,Simulated El Nino environmental shock parameters for stress testing
SEVERE_EL_NINO,Odisha,Kandhamal,21.5517,84.3935,Rice / Paddy,40.0,2.8,-50.0,-26.0,25.0,35.0,68.48,4.3,0.0,1.92,59.4,SCENARIO_ASSUMPTION,Simulated El Nino environmental shock parameters for stress testing
NORMAL,Odisha,Kendrapara,20.3967,84.6335,Rice / Paddy,0.0,0.0,0.0,0.0,0.0,0.0,28.5,4.5,50.0,2.6,42.0,SCENARIO_ASSUMPTION,Simulated El Nino environmental shock parameters for stress testing
MILD_EL_NINO,Odisha,Kendrapara,20.3967,84.6335,Rice / Paddy,15.0,1.0,-15.0,-8.0,5.0,8.0,43.5,5.5,35.0,2.39,45.36,SCENARIO_ASSUMPTION,Simulated El Nino environmental shock parameters for stress testing
MODERATE_EL_NINO,Odisha,Kendrapara,20.3967,84.6335,Rice / Paddy,25.0,1.8,-30.0,-15.0,12.0,18.0,53.5,6.3,20.0,2.21,49.56,SCENARIO_ASSUMPTION,Simulated El Nino environmental shock parameters for stress testing
SEVERE_EL_NINO,Odisha,Kendrapara,20.3967,84.6335,Rice / Paddy,40.0,2.8,-50.0,-26.0,25.0,35.0,68.5,7.3,0.0,1.92,56.7,SCENARIO_ASSUMPTION,Simulated El Nino environmental shock parameters for stress testing
NORMAL,Odisha,Kendujhar,20.2917,85.2185,Rice / Paddy,0.0,0.0,0.0,0.0,0.0,0.0,28.51,6.5,50.0,2.6,48.0,SCENARIO_ASSUMPTION,Simulated El Nino environmental shock parameters for stress testing
MILD_EL_NINO,Odisha,Kendujhar,20.2917,85.2185,Rice / Paddy,15.0,1.0,-15.0,-8.0,5.0,8.0,43.510000000000005,7.5,35.0,2.39,51.84,SCENARIO_ASSUMPTION,Simulated El Nino environmental shock parameters for stress testing
MODERATE_EL_NINO,Odisha,Kendujhar,20.2917,85.2185,Rice / Paddy,25.0,1.8,-30.0,-15.0,12.0,18.0,53.510000000000005,8.3,20.0,2.21,56.64,SCENARIO_ASSUMPTION,Simulated El Nino environmental shock parameters for stress testing
SEVERE_EL_NINO,Odisha,Kendujhar,20.2917,85.2185,Rice / Paddy,40.0,2.8,-50.0,-26.0,25.0,35.0,68.51,9.3,0.0,1.92,64.8,SCENARIO_ASSUMPTION,Simulated El Nino environmental shock parameters for stress testing
NORMAL,Odisha,Khordha,21.5367,84.7535,Rice / Paddy,0.0,0.0,0.0,0.0,0.0,0.0,28.49,7.5,50.0,2.6,50.0,SCENARIO_ASSUMPTION,Simulated El Nino environmental shock parameters for stress testing
MILD_EL_NINO,Odisha,Khordha,21.5367,84.7535,Rice / Paddy,15.0,1.0,-15.0,-8.0,5.0,8.0,43.489999999999995,8.5,35.0,2.39,54.0,SCENARIO_ASSUMPTION,Simulated El Nino environmental shock parameters for stress testing
MODERATE_EL_NINO,Odisha,Khordha,21.5367,84.7535,Rice / Paddy,25.0,1.8,-30.0,-15.0,12.0,18.0,53.489999999999995,9.3,20.0,2.21,59.0,SCENARIO_ASSUMPTION,Simulated El Nino environmental shock parameters for stress testing
SEVERE_EL_NINO,Odisha,Khordha,21.5367,84.7535,Rice / Paddy,40.0,2.8,-50.0,-26.0,25.0,35.0,68.49,10.3,0.0,1.92,67.5,SCENARIO_ASSUMPTION,Simulated El Nino environmental shock parameters for stress testing
NORMAL,Odisha,Koraput,20.8467,85.3085,Rice / Paddy,0.0,0.0,0.0,0.0,0.0,0.0,28.52,4.5,50.0,2.6,45.0,SCENARIO_ASSUMPTION,Simulated El Nino environmental shock parameters for stress testing
MILD_EL_NINO,Odisha,Koraput,20.8467,85.3085,Rice / Paddy,15.0,1.0,-15.0,-8.0,5.0,8.0,43.519999999999996,5.5,35.0,2.39,48.6,SCENARIO_ASSUMPTION,Simulated El Nino environmental shock parameters for stress testing
MODERATE_EL_NINO,Odisha,Koraput,20.8467,85.3085,Rice / Paddy,25.0,1.8,-30.0,-15.0,12.0,18.0,53.519999999999996,6.3,20.0,2.21,53.1,SCENARIO_ASSUMPTION,Simulated El Nino environmental shock parameters for stress testing
SEVERE_EL_NINO,Odisha,Koraput,20.8467,85.3085,Rice / Paddy,40.0,2.8,-50.0,-26.0,25.0,35.0,68.52,7.3,0.0,1.92,60.75,SCENARIO_ASSUMPTION,Simulated El Nino environmental shock parameters for stress testing
NORMAL,Odisha,Malkangiri,20.6067,85.2335,Rice / Paddy,0.0,0.0,0.0,0.0,0.0,0.0,28.5,5.5,50.0,2.6,48.0,SCENARIO_ASSUMPTION,Simulated El Nino environmental shock parameters for stress testing
MILD_EL_NINO,Odisha,Malkangiri,20.6067,85.2335,Rice / Paddy,15.0,1.0,-15.0,-8.0,5.0,8.0,43.5,6.5,35.0,2.39,51.84,SCENARIO_ASSUMPTION,Simulated El Nino environmental shock parameters for stress testing
MODERATE_EL_NINO,Odisha,Malkangiri,20.6067,85.2335,Rice / Paddy,25.0,1.8,-30.0,-15.0,12.0,18.0,53.5,7.3,20.0,2.21,56.64,SCENARIO_ASSUMPTION,Simulated El Nino environmental shock parameters for stress testing
SEVERE_EL_NINO,Odisha,Malkangiri,20.6067,85.2335,Rice / Paddy,40.0,2.8,-50.0,-26.0,25.0,35.0,68.5,8.3,0.0,1.92,64.8,SCENARIO_ASSUMPTION,Simulated El Nino environmental shock parameters for stress testing
NORMAL,Odisha,Mayurbhanj,20.8467,84.7835,Rice / Paddy,0.0,0.0,0.0,0.0,0.0,0.0,28.52,0.5,50.0,2.6,49.0,SCENARIO_ASSUMPTION,Simulated El Nino environmental shock parameters for stress testing
MILD_EL_NINO,Odisha,Mayurbhanj,20.8467,84.7835,Rice / Paddy,15.0,1.0,-15.0,-8.0,5.0,8.0,43.519999999999996,1.5,35.0,2.39,52.92,SCENARIO_ASSUMPTION,Simulated El Nino environmental shock parameters for stress testing
MODERATE_EL_NINO,Odisha,Mayurbhanj,20.8467,84.7835,Rice / Paddy,25.0,1.8,-30.0,-15.0,12.0,18.0,53.519999999999996,2.3,20.0,2.21,57.82,SCENARIO_ASSUMPTION,Simulated El Nino environmental shock parameters for stress testing
SEVERE_EL_NINO,Odisha,Mayurbhanj,20.8467,84.7835,Rice / Paddy,40.0,2.8,-50.0,-26.0,25.0,35.0,68.52,3.3,0.0,1.92,66.15,SCENARIO_ASSUMPTION,Simulated El Nino environmental shock parameters for stress testing
NORMAL,Odisha,Nabarangpur,21.2367,85.0685,Rice / Paddy,0.0,0.0,0.0,0.0,0.0,0.0,28.49,3.5,50.0,2.6,46.0,SCENARIO_ASSUMPTION,Simulated El Nino environmental shock parameters for stress testing
MILD_EL_NINO,Odisha,Nabarangpur,21.2367,85.0685,Rice / Paddy,15.0,1.0,-15.0,-8.0,5.0,8.0,43.489999999999995,4.5,35.0,2.39,49.68,SCENARIO_ASSUMPTION,Simulated El Nino environmental shock parameters for stress testing
MODERATE_EL_NINO,Odisha,Nabarangpur,21.2367,85.0685,Rice / Paddy,25.0,1.8,-30.0,-15.0,12.0,18.0,53.489999999999995,5.3,20.0,2.21,54.28,SCENARIO_ASSUMPTION,Simulated El Nino environmental shock parameters for stress testing
SEVERE_EL_NINO,Odisha,Nabarangpur,21.2367,85.0685,Rice / Paddy,40.0,2.8,-50.0,-26.0,25.0,35.0,68.49,6.3,0.0,1.92,62.1,SCENARIO_ASSUMPTION,Simulated El Nino environmental shock parameters for stress testing
NORMAL,Odisha,Nayagarh,20.8017,84.5585,Rice / Paddy,0.0,0.0,0.0,0.0,0.0,0.0,28.5,2.5,50.0,2.6,48.0,SCENARIO_ASSUMPTION,Simulated El Nino environmental shock parameters for stress testing
MILD_EL_NINO,Odisha,Nayagarh,20.8017,84.5585,Rice / Paddy,15.0,1.0,-15.0,-8.0,5.0,8.0,43.5,3.5,35.0,2.39,51.84,SCENARIO_ASSUMPTION,Simulated El Nino environmental shock parameters for stress testing
MODERATE_EL_NINO,Odisha,Nayagarh,20.8017,84.5585,Rice / Paddy,25.0,1.8,-30.0,-15.0,12.0,18.0,53.5,4.3,20.0,2.21,56.64,SCENARIO_ASSUMPTION,Simulated El Nino environmental shock parameters for stress testing
SEVERE_EL_NINO,Odisha,Nayagarh,20.8017,84.5585,Rice / Paddy,40.0,2.8,-50.0,-26.0,25.0,35.0,68.5,5.3,0.0,1.92,64.8,SCENARIO_ASSUMPTION,Simulated El Nino environmental shock parameters for stress testing
NORMAL,Odisha,Nuapada,21.2517,85.0235,Rice / Paddy,0.0,0.0,0.0,0.0,0.0,0.0,28.53,1.5,50.0,2.6,53.0,SCENARIO_ASSUMPTION,Simulated El Nino environmental shock parameters for stress testing
MILD_EL_NINO,Odisha,Nuapada,21.2517,85.0235,Rice / Paddy,15.0,1.0,-15.0,-8.0,5.0,8.0,43.53,2.5,35.0,2.39,57.24,SCENARIO_ASSUMPTION,Simulated El Nino environmental shock parameters for stress testing
MODERATE_EL_NINO,Odisha,Nuapada,21.2517,85.0235,Rice / Paddy,25.0,1.8,-30.0,-15.0,12.0,18.0,53.53,3.3,20.0,2.21,62.54,SCENARIO_ASSUMPTION,Simulated El Nino environmental shock parameters for stress testing
SEVERE_EL_NINO,Odisha,Nuapada,21.2517,85.0235,Rice / Paddy,40.0,2.8,-50.0,-26.0,25.0,35.0,68.53,4.3,0.0,1.92,71.55,SCENARIO_ASSUMPTION,Simulated El Nino environmental shock parameters for stress testing
NORMAL,Odisha,Puri,20.6217,84.7685,Rice / Paddy,0.0,0.0,0.0,0.0,0.0,0.0,28.52,0.5,50.0,2.6,46.0,SCENARIO_ASSUMPTION,Simulated El Nino environmental shock parameters for stress testing
MILD_EL_NINO,Odisha,Puri,20.6217,84.7685,Rice / Paddy,15.0,1.0,-15.0,-8.0,5.0,8.0,43.519999999999996,1.5,35.0,2.39,49.68,SCENARIO_ASSUMPTION,Simulated El Nino environmental shock parameters for stress testing
MODERATE_EL_NINO,Odisha,Puri,20.6217,84.7685,Rice / Paddy,25.0,1.8,-30.0,-15.0,12.0,18.0,53.519999999999996,2.3,20.0,2.21,54.28,SCENARIO_ASSUMPTION,Simulated El Nino environmental shock parameters for stress testing
SEVERE_EL_NINO,Odisha,Puri,20.6217,84.7685,Rice / Paddy,40.0,2.8,-50.0,-26.0,25.0,35.0,68.52,3.3,0.0,1.92,62.1,SCENARIO_ASSUMPTION,Simulated El Nino environmental shock parameters for stress testing
NORMAL,Odisha,Rayagada,21.4767,84.3785,Rice / Paddy,0.0,0.0,0.0,0.0,0.0,0.0,28.49,7.5,50.0,2.6,50.0,SCENARIO_ASSUMPTION,Simulated El Nino environmental shock parameters for stress testing
MILD_EL_NINO,Odisha,Rayagada,21.4767,84.3785,Rice / Paddy,15.0,1.0,-15.0,-8.0,5.0,8.0,43.489999999999995,8.5,35.0,2.39,54.0,SCENARIO_ASSUMPTION,Simulated El Nino environmental shock parameters for stress testing
MODERATE_EL_NINO,Odisha,Rayagada,21.4767,84.3785,Rice / Paddy,25.0,1.8,-30.0,-15.0,12.0,18.0,53.489999999999995,9.3,20.0,2.21,59.0,SCENARIO_ASSUMPTION,Simulated El Nino environmental shock parameters for stress testing
SEVERE_EL_NINO,Odisha,Rayagada,21.4767,84.3785,Rice / Paddy,40.0,2.8,-50.0,-26.0,25.0,35.0,68.49,10.3,0.0,1.92,67.5,SCENARIO_ASSUMPTION,Simulated El Nino environmental shock parameters for stress testing
NORMAL,Odisha,Sambalpur,20.6667,84.7385,Rice / Paddy,0.0,0.0,0.0,0.0,0.0,0.0,28.5,5.5,50.0,2.6,48.0,SCENARIO_ASSUMPTION,Simulated El Nino environmental shock parameters for stress testing
MILD_EL_NINO,Odisha,Sambalpur,20.6667,84.7385,Rice / Paddy,15.0,1.0,-15.0,-8.0,5.0,8.0,43.5,6.5,35.0,2.39,51.84,SCENARIO_ASSUMPTION,Simulated El Nino environmental shock parameters for stress testing
MODERATE_EL_NINO,Odisha,Sambalpur,20.6667,84.7385,Rice / Paddy,25.0,1.8,-30.0,-15.0,12.0,18.0,53.5,7.3,20.0,2.21,56.64,SCENARIO_ASSUMPTION,Simulated El Nino environmental shock parameters for stress testing
SEVERE_EL_NINO,Odisha,Sambalpur,20.6667,84.7385,Rice / Paddy,40.0,2.8,-50.0,-26.0,25.0,35.0,68.5,8.3,0.0,1.92,64.8,SCENARIO_ASSUMPTION,Simulated El Nino environmental shock parameters for stress testing
NORMAL,Odisha,Subarnapur,20.5017,84.4385,Rice / Paddy,0.0,0.0,0.0,0.0,0.0,0.0,28.51,0.5,50.0,2.6,50.0,SCENARIO_ASSUMPTION,Simulated El Nino environmental shock parameters for stress testing
MILD_EL_NINO,Odisha,Subarnapur,20.5017,84.4385,Rice / Paddy,15.0,1.0,-15.0,-8.0,5.0,8.0,43.510000000000005,1.5,35.0,2.39,54.0,SCENARIO_ASSUMPTION,Simulated El Nino environmental shock parameters for stress testing
MODERATE_EL_NINO,Odisha,Subarnapur,20.5017,84.4385,Rice / Paddy,25.0,1.8,-30.0,-15.0,12.0,18.0,53.510000000000005,2.3,20.0,2.21,59.0,SCENARIO_ASSUMPTION,Simulated El Nino environmental shock parameters for stress testing
SEVERE_EL_NINO,Odisha,Subarnapur,20.5017,84.4385,Rice / Paddy,40.0,2.8,-50.0,-26.0,25.0,35.0,68.51,3.3,0.0,1.92,67.5,SCENARIO_ASSUMPTION,Simulated El Nino environmental shock parameters for stress testing
NORMAL,Odisha,Sundargarh,20.2167,85.4885,Rice / Paddy,0.0,0.0,0.0,0.0,0.0,0.0,28.5,3.5,50.0,2.6,47.0,SCENARIO_ASSUMPTION,Simulated El Nino environmental shock parameters for stress testing
MILD_EL_NINO,Odisha,Sundargarh,20.2167,85.4885,Rice / Paddy,15.0,1.0,-15.0,-8.0,5.0,8.0,43.5,4.5,35.0,2.39,50.76,SCENARIO_ASSUMPTION,Simulated El Nino environmental shock parameters for stress testing
MODERATE_EL_NINO,Odisha,Sundargarh,20.2167,85.4885,Rice / Paddy,25.0,1.8,-30.0,-15.0,12.0,18.0,53.5,5.3,20.0,2.21,55.46,SCENARIO_ASSUMPTION,Simulated El Nino environmental shock parameters for stress testing
SEVERE_EL_NINO,Odisha,Sundargarh,20.2167,85.4885,Rice / Paddy,40.0,2.8,-50.0,-26.0,25.0,35.0,68.5,6.3,0.0,1.92,63.45,SCENARIO_ASSUMPTION,Simulated El Nino environmental shock parameters for stress testing
NORMAL,Punjab,Amritsar,31.634,74.8723,Rice / Paddy,0.0,0.0,0.0,0.0,0.0,0.0,28.51,1.5,50.0,4.2,52.0,SCENARIO_ASSUMPTION,Simulated El Nino environmental shock parameters for stress testing
MILD_EL_NINO,Punjab,Amritsar,31.634,74.8723,Rice / Paddy,15.0,1.0,-15.0,-8.0,5.0,8.0,43.510000000000005,2.5,35.0,3.86,56.16,SCENARIO_ASSUMPTION,Simulated El Nino environmental shock parameters for stress testing
MODERATE_EL_NINO,Punjab,Amritsar,31.634,74.8723,Rice / Paddy,25.0,1.8,-30.0,-15.0,12.0,18.0,53.510000000000005,3.3,20.0,3.57,61.36,SCENARIO_ASSUMPTION,Simulated El Nino environmental shock parameters for stress testing
SEVERE_EL_NINO,Punjab,Amritsar,31.634,74.8723,Rice / Paddy,40.0,2.8,-50.0,-26.0,25.0,35.0,68.51,4.3,0.0,3.11,70.2,SCENARIO_ASSUMPTION,Simulated El Nino environmental shock parameters for stress testing
NORMAL,Punjab,Barnala,31.2521,75.0712,Rice / Paddy,0.0,0.0,0.0,0.0,0.0,0.0,28.51,6.5,50.0,4.2,44.0,SCENARIO_ASSUMPTION,Simulated El Nino environmental shock parameters for stress testing
MILD_EL_NINO,Punjab,Barnala,31.2521,75.0712,Rice / Paddy,15.0,1.0,-15.0,-8.0,5.0,8.0,43.510000000000005,7.5,35.0,3.86,47.52,SCENARIO_ASSUMPTION,Simulated El Nino environmental shock parameters for stress testing
MODERATE_EL_NINO,Punjab,Barnala,31.2521,75.0712,Rice / Paddy,25.0,1.8,-30.0,-15.0,12.0,18.0,53.510000000000005,8.3,20.0,3.57,51.92,SCENARIO_ASSUMPTION,Simulated El Nino environmental shock parameters for stress testing
SEVERE_EL_NINO,Punjab,Barnala,31.2521,75.0712,Rice / Paddy,40.0,2.8,-50.0,-26.0,25.0,35.0,68.51,9.3,0.0,3.11,59.4,SCENARIO_ASSUMPTION,Simulated El Nino environmental shock parameters for stress testing
NORMAL,Punjab,Bathinda,31.1771,75.9262,Rice / Paddy,0.0,0.0,0.0,0.0,0.0,0.0,28.49,0.5,50.0,4.2,43.0,SCENARIO_ASSUMPTION,Simulated El Nino environmental shock parameters for stress testing
MILD_EL_NINO,Punjab,Bathinda,31.1771,75.9262,Rice / Paddy,15.0,1.0,-15.0,-8.0,5.0,8.0,43.489999999999995,1.5,35.0,3.86,46.44,SCENARIO_ASSUMPTION,Simulated El Nino environmental shock parameters for stress testing
MODERATE_EL_NINO,Punjab,Bathinda,31.1771,75.9262,Rice / Paddy,25.0,1.8,-30.0,-15.0,12.0,18.0,53.489999999999995,2.3,20.0,3.57,50.74,SCENARIO_ASSUMPTION,Simulated El Nino environmental shock parameters for stress testing
SEVERE_EL_NINO,Punjab,Bathinda,31.1771,75.9262,Rice / Paddy,40.0,2.8,-50.0,-26.0,25.0,35.0,68.49,3.3,0.0,3.11,58.05,SCENARIO_ASSUMPTION,Simulated El Nino environmental shock parameters for stress testing
NORMAL,Punjab,Faridkot,31.6871,75.2662,Rice / Paddy,0.0,0.0,0.0,0.0,0.0,0.0,28.5,7.5,50.0,4.2,43.0,SCENARIO_ASSUMPTION,Simulated El Nino environmental shock parameters for stress testing
MILD_EL_NINO,Punjab,Faridkot,31.6871,75.2662,Rice / Paddy,15.0,1.0,-15.0,-8.0,5.0,8.0,43.5,8.5,35.0,3.86,46.44,SCENARIO_ASSUMPTION,Simulated El Nino environmental shock parameters for stress testing
MODERATE_EL_NINO,Punjab,Faridkot,31.6871,75.2662,Rice / Paddy,25.0,1.8,-30.0,-15.0,12.0,18.0,53.5,9.3,20.0,3.57,50.74,SCENARIO_ASSUMPTION,Simulated El Nino environmental shock parameters for stress testing
SEVERE_EL_NINO,Punjab,Faridkot,31.6871,75.2662,Rice / Paddy,40.0,2.8,-50.0,-26.0,25.0,35.0,68.5,10.3,0.0,3.11,58.05,SCENARIO_ASSUMPTION,Simulated El Nino environmental shock parameters for stress testing
NORMAL,Punjab,Fatehgarh Sahib,31.0421,74.6062,Rice / Paddy,0.0,0.0,0.0,0.0,0.0,0.0,28.5,1.5,50.0,4.2,44.0,SCENARIO_ASSUMPTION,Simulated El Nino environmental shock parameters for stress testing
MILD_EL_NINO,Punjab,Fatehgarh Sahib,31.0421,74.6062,Rice / Paddy,15.0,1.0,-15.0,-8.0,5.0,8.0,43.5,2.5,35.0,3.86,47.52,SCENARIO_ASSUMPTION,Simulated El Nino environmental shock parameters for stress testing
MODERATE_EL_NINO,Punjab,Fatehgarh Sahib,31.0421,74.6062,Rice / Paddy,25.0,1.8,-30.0,-15.0,12.0,18.0,53.5,3.3,20.0,3.57,51.92,SCENARIO_ASSUMPTION,Simulated El Nino environmental shock parameters for stress testing
SEVERE_EL_NINO,Punjab,Fatehgarh Sahib,31.0421,74.6062,Rice / Paddy,40.0,2.8,-50.0,-26.0,25.0,35.0,68.5,4.3,0.0,3.11,59.4,SCENARIO_ASSUMPTION,Simulated El Nino environmental shock parameters for stress testing
NORMAL,Punjab,Fazilka,31.2071,75.4612,Rice / Paddy,0.0,0.0,0.0,0.0,0.0,0.0,28.5,6.5,50.0,4.2,43.0,SCENARIO_ASSUMPTION,Simulated El Nino environmental shock parameters for stress testing
MILD_EL_NINO,Punjab,Fazilka,31.2071,75.4612,Rice / Paddy,15.0,1.0,-15.0,-8.0,5.0,8.0,43.5,7.5,35.0,3.86,46.44,SCENARIO_ASSUMPTION,Simulated El Nino environmental shock parameters for stress testing
MODERATE_EL_NINO,Punjab,Fazilka,31.2071,75.4612,Rice / Paddy,25.0,1.8,-30.0,-15.0,12.0,18.0,53.5,8.3,20.0,3.57,50.74,SCENARIO_ASSUMPTION,Simulated El Nino environmental shock parameters for stress testing
SEVERE_EL_NINO,Punjab,Fazilka,31.2071,75.4612,Rice / Paddy,40.0,2.8,-50.0,-26.0,25.0,35.0,68.5,9.3,0.0,3.11,58.05,SCENARIO_ASSUMPTION,Simulated El Nino environmental shock parameters for stress testing
NORMAL,Punjab,Firozpur,30.8471,75.0262,Rice / Paddy,0.0,0.0,0.0,0.0,0.0,0.0,28.48,1.5,50.0,4.2,44.0,SCENARIO_ASSUMPTION,Simulated El Nino environmental shock parameters for stress testing
MILD_EL_NINO,Punjab,Firozpur,30.8471,75.0262,Rice / Paddy,15.0,1.0,-15.0,-8.0,5.0,8.0,43.480000000000004,2.5,35.0,3.86,47.52,SCENARIO_ASSUMPTION,Simulated El Nino environmental shock parameters for stress testing
MODERATE_EL_NINO,Punjab,Firozpur,30.8471,75.0262,Rice / Paddy,25.0,1.8,-30.0,-15.0,12.0,18.0,53.480000000000004,3.3,20.0,3.57,51.92,SCENARIO_ASSUMPTION,Simulated El Nino environmental shock parameters for stress testing
SEVERE_EL_NINO,Punjab,Firozpur,30.8471,75.0262,Rice / Paddy,40.0,2.8,-50.0,-26.0,25.0,35.0,68.48,4.3,0.0,3.11,59.4,SCENARIO_ASSUMPTION,Simulated El Nino environmental shock parameters for stress testing
NORMAL,Punjab,Gurdaspur,31.0121,75.9262,Rice / Paddy,0.0,0.0,0.0,0.0,0.0,0.0,28.48,4.5,50.0,4.2,49.0,SCENARIO_ASSUMPTION,Simulated El Nino environmental shock parameters for stress testing
MILD_EL_NINO,Punjab,Gurdaspur,31.0121,75.9262,Rice / Paddy,15.0,1.0,-15.0,-8.0,5.0,8.0,43.480000000000004,5.5,35.0,3.86,52.92,SCENARIO_ASSUMPTION,Simulated El Nino environmental shock parameters for stress testing
MODERATE_EL_NINO,Punjab,Gurdaspur,31.0121,75.9262,Rice / Paddy,25.0,1.8,-30.0,-15.0,12.0,18.0,53.480000000000004,6.3,20.0,3.57,57.82,SCENARIO_ASSUMPTION,Simulated El Nino environmental shock parameters for stress testing
SEVERE_EL_NINO,Punjab,Gurdaspur,31.0121,75.9262,Rice / Paddy,40.0,2.8,-50.0,-26.0,25.0,35.0,68.48,7.3,0.0,3.11,66.15,SCENARIO_ASSUMPTION,Simulated El Nino environmental shock parameters for stress testing
NORMAL,Punjab,Hoshiarpur,30.6221,76.0762,Rice / Paddy,0.0,0.0,0.0,0.0,0.0,0.0,28.5,0.5,50.0,4.2,48.0,SCENARIO_ASSUMPTION,Simulated El Nino environmental shock parameters for stress testing
MILD_EL_NINO,Punjab,Hoshiarpur,30.6221,76.0762,Rice / Paddy,15.0,1.0,-15.0,-8.0,5.0,8.0,43.5,1.5,35.0,3.86,51.84,SCENARIO_ASSUMPTION,Simulated El Nino environmental shock parameters for stress testing
MODERATE_EL_NINO,Punjab,Hoshiarpur,30.6221,76.0762,Rice / Paddy,25.0,1.8,-30.0,-15.0,12.0,18.0,53.5,2.3,20.0,3.57,56.64,SCENARIO_ASSUMPTION,Simulated El Nino environmental shock parameters for stress testing
SEVERE_EL_NINO,Punjab,Hoshiarpur,30.6221,76.0762,Rice / Paddy,40.0,2.8,-50.0,-26.0,25.0,35.0,68.5,3.3,0.0,3.11,64.8,SCENARIO_ASSUMPTION,Simulated El Nino environmental shock parameters for stress testing
NORMAL,Punjab,Jalandhar,31.8071,74.6062,Rice / Paddy,0.0,0.0,0.0,0.0,0.0,0.0,28.52,4.5,50.0,4.2,51.0,SCENARIO_ASSUMPTION,Simulated El Nino environmental shock parameters for stress testing
MILD_EL_NINO,Punjab,Jalandhar,31.8071,74.6062,Rice / Paddy,15.0,1.0,-15.0,-8.0,5.0,8.0,43.519999999999996,5.5,35.0,3.86,55.08,SCENARIO_ASSUMPTION,Simulated El Nino environmental shock parameters for stress testing
MODERATE_EL_NINO,Punjab,Jalandhar,31.8071,74.6062,Rice / Paddy,25.0,1.8,-30.0,-15.0,12.0,18.0,53.519999999999996,6.3,20.0,3.57,60.18,SCENARIO_ASSUMPTION,Simulated El Nino environmental shock parameters for stress testing
SEVERE_EL_NINO,Punjab,Jalandhar,31.8071,74.6062,Rice / Paddy,40.0,2.8,-50.0,-26.0,25.0,35.0,68.52,7.3,0.0,3.11,68.85,SCENARIO_ASSUMPTION,Simulated El Nino environmental shock parameters for stress testing
NORMAL,Punjab,Kapurthala,30.5471,75.6712,Rice / Paddy,0.0,0.0,0.0,0.0,0.0,0.0,28.5,2.5,50.0,4.2,43.0,SCENARIO_ASSUMPTION,Simulated El Nino environmental shock parameters for stress testing
MILD_EL_NINO,Punjab,Kapurthala,30.5471,75.6712,Rice / Paddy,15.0,1.0,-15.0,-8.0,5.0,8.0,43.5,3.5,35.0,3.86,46.44,SCENARIO_ASSUMPTION,Simulated El Nino environmental shock parameters for stress testing
MODERATE_EL_NINO,Punjab,Kapurthala,30.5471,75.6712,Rice / Paddy,25.0,1.8,-30.0,-15.0,12.0,18.0,53.5,4.3,20.0,3.57,50.74,SCENARIO_ASSUMPTION,Simulated El Nino environmental shock parameters for stress testing
SEVERE_EL_NINO,Punjab,Kapurthala,30.5471,75.6712,Rice / Paddy,40.0,2.8,-50.0,-26.0,25.0,35.0,68.5,5.3,0.0,3.11,58.05,SCENARIO_ASSUMPTION,Simulated El Nino environmental shock parameters for stress testing
NORMAL,Punjab,Ludhiana,30.901,75.8573,Rice / Paddy,0.0,0.0,0.0,0.0,0.0,0.0,28.5,0.5,88.0,4.2,49.0,SCENARIO_ASSUMPTION,Simulated El Nino environmental shock parameters for stress testing
MILD_EL_NINO,Punjab,Ludhiana,30.901,75.8573,Rice / Paddy,15.0,1.0,-15.0,-8.0,5.0,8.0,43.5,1.5,73.0,3.86,52.92,SCENARIO_ASSUMPTION,Simulated El Nino environmental shock parameters for stress testing
MODERATE_EL_NINO,Punjab,Ludhiana,30.901,75.8573,Rice / Paddy,25.0,1.8,-30.0,-15.0,12.0,18.0,53.5,2.3,58.0,3.57,57.82,SCENARIO_ASSUMPTION,Simulated El Nino environmental shock parameters for stress testing
SEVERE_EL_NINO,Punjab,Ludhiana,30.901,75.8573,Rice / Paddy,40.0,2.8,-50.0,-26.0,25.0,35.0,68.5,3.3,38.0,3.11,66.15,SCENARIO_ASSUMPTION,Simulated El Nino environmental shock parameters for stress testing
NORMAL,Punjab,Mansa,30.8771,75.6712,Rice / Paddy,0.0,0.0,0.0,0.0,0.0,0.0,28.49,7.5,50.0,4.2,49.0,SCENARIO_ASSUMPTION,Simulated El Nino environmental shock parameters for stress testing
MILD_EL_NINO,Punjab,Mansa,30.8771,75.6712,Rice / Paddy,15.0,1.0,-15.0,-8.0,5.0,8.0,43.489999999999995,8.5,35.0,3.86,52.92,SCENARIO_ASSUMPTION,Simulated El Nino environmental shock parameters for stress testing
MODERATE_EL_NINO,Punjab,Mansa,30.8771,75.6712,Rice / Paddy,25.0,1.8,-30.0,-15.0,12.0,18.0,53.489999999999995,9.3,20.0,3.57,57.82,SCENARIO_ASSUMPTION,Simulated El Nino environmental shock parameters for stress testing
SEVERE_EL_NINO,Punjab,Mansa,30.8771,75.6712,Rice / Paddy,40.0,2.8,-50.0,-26.0,25.0,35.0,68.49,10.3,0.0,3.11,66.15,SCENARIO_ASSUMPTION,Simulated El Nino environmental shock parameters for stress testing
NORMAL,Punjab,Moga,30.9221,74.7562,Rice / Paddy,0.0,0.0,0.0,0.0,0.0,0.0,28.48,3.5,50.0,4.2,50.0,SCENARIO_ASSUMPTION,Simulated El Nino environmental shock parameters for stress testing
MILD_EL_NINO,Punjab,Moga,30.9221,74.7562,Rice / Paddy,15.0,1.0,-15.0,-8.0,5.0,8.0,43.480000000000004,4.5,35.0,3.86,54.0,SCENARIO_ASSUMPTION,Simulated El Nino environmental shock parameters for stress testing
MODERATE_EL_NINO,Punjab,Moga,30.9221,74.7562,Rice / Paddy,25.0,1.8,-30.0,-15.0,12.0,18.0,53.480000000000004,5.3,20.0,3.57,59.0,SCENARIO_ASSUMPTION,Simulated El Nino environmental shock parameters for stress testing
SEVERE_EL_NINO,Punjab,Moga,30.9221,74.7562,Rice / Paddy,40.0,2.8,-50.0,-26.0,25.0,35.0,68.48,6.3,0.0,3.11,67.5,SCENARIO_ASSUMPTION,Simulated El Nino environmental shock parameters for stress testing
NORMAL,Punjab,Muktsar,31.4321,75.8962,Rice / Paddy,0.0,0.0,0.0,0.0,0.0,0.0,28.51,7.5,50.0,4.2,46.0,SCENARIO_ASSUMPTION,Simulated El Nino environmental shock parameters for stress testing
MILD_EL_NINO,Punjab,Muktsar,31.4321,75.8962,Rice / Paddy,15.0,1.0,-15.0,-8.0,5.0,8.0,43.510000000000005,8.5,35.0,3.86,49.68,SCENARIO_ASSUMPTION,Simulated El Nino environmental shock parameters for stress testing
MODERATE_EL_NINO,Punjab,Muktsar,31.4321,75.8962,Rice / Paddy,25.0,1.8,-30.0,-15.0,12.0,18.0,53.510000000000005,9.3,20.0,3.57,54.28,SCENARIO_ASSUMPTION,Simulated El Nino environmental shock parameters for stress testing
SEVERE_EL_NINO,Punjab,Muktsar,31.4321,75.8962,Rice / Paddy,40.0,2.8,-50.0,-26.0,25.0,35.0,68.51,10.3,0.0,3.11,62.1,SCENARIO_ASSUMPTION,Simulated El Nino environmental shock parameters for stress testing
NORMAL,Punjab,Pathankot,31.2821,74.6962,Rice / Paddy,0.0,0.0,0.0,0.0,0.0,0.0,28.52,5.5,50.0,4.2,44.0,SCENARIO_ASSUMPTION,Simulated El Nino environmental shock parameters for stress testing
MILD_EL_NINO,Punjab,Pathankot,31.2821,74.6962,Rice / Paddy,15.0,1.0,-15.0,-8.0,5.0,8.0,43.519999999999996,6.5,35.0,3.86,47.52,SCENARIO_ASSUMPTION,Simulated El Nino environmental shock parameters for stress testing
MODERATE_EL_NINO,Punjab,Pathankot,31.2821,74.6962,Rice / Paddy,25.0,1.8,-30.0,-15.0,12.0,18.0,53.519999999999996,7.3,20.0,3.57,51.92,SCENARIO_ASSUMPTION,Simulated El Nino environmental shock parameters for stress testing
SEVERE_EL_NINO,Punjab,Pathankot,31.2821,74.6962,Rice / Paddy,40.0,2.8,-50.0,-26.0,25.0,35.0,68.52,8.3,0.0,3.11,59.4,SCENARIO_ASSUMPTION,Simulated El Nino environmental shock parameters for stress testing
NORMAL,Punjab,Patiala,31.8071,75.8062,Rice / Paddy,0.0,0.0,0.0,0.0,0.0,0.0,28.47,4.5,50.0,4.2,51.0,SCENARIO_ASSUMPTION,Simulated El Nino environmental shock parameters for stress testing
MILD_EL_NINO,Punjab,Patiala,31.8071,75.8062,Rice / Paddy,15.0,1.0,-15.0,-8.0,5.0,8.0,43.47,5.5,35.0,3.86,55.08,SCENARIO_ASSUMPTION,Simulated El Nino environmental shock parameters for stress testing
MODERATE_EL_NINO,Punjab,Patiala,31.8071,75.8062,Rice / Paddy,25.0,1.8,-30.0,-15.0,12.0,18.0,53.47,6.3,20.0,3.57,60.18,SCENARIO_ASSUMPTION,Simulated El Nino environmental shock parameters for stress testing
SEVERE_EL_NINO,Punjab,Patiala,31.8071,75.8062,Rice / Paddy,40.0,2.8,-50.0,-26.0,25.0,35.0,68.47,7.3,0.0,3.11,68.85,SCENARIO_ASSUMPTION,Simulated El Nino environmental shock parameters for stress testing
NORMAL,Punjab,Rupnagar,30.4421,75.1012,Rice / Paddy,0.0,0.0,0.0,0.0,0.0,0.0,28.52,2.5,50.0,4.2,49.0,SCENARIO_ASSUMPTION,Simulated El Nino environmental shock parameters for stress testing
MILD_EL_NINO,Punjab,Rupnagar,30.4421,75.1012,Rice / Paddy,15.0,1.0,-15.0,-8.0,5.0,8.0,43.519999999999996,3.5,35.0,3.86,52.92,SCENARIO_ASSUMPTION,Simulated El Nino environmental shock parameters for stress testing
MODERATE_EL_NINO,Punjab,Rupnagar,30.4421,75.1012,Rice / Paddy,25.0,1.8,-30.0,-15.0,12.0,18.0,53.519999999999996,4.3,20.0,3.57,57.82,SCENARIO_ASSUMPTION,Simulated El Nino environmental shock parameters for stress testing
SEVERE_EL_NINO,Punjab,Rupnagar,30.4421,75.1012,Rice / Paddy,40.0,2.8,-50.0,-26.0,25.0,35.0,68.52,5.3,0.0,3.11,66.15,SCENARIO_ASSUMPTION,Simulated El Nino environmental shock parameters for stress testing
NORMAL,Punjab,Sahibzada Ajit Singh Nagar,31.0571,75.7612,Rice / Paddy,0.0,0.0,0.0,0.0,0.0,0.0,28.48,6.5,50.0,4.2,46.0,SCENARIO_ASSUMPTION,Simulated El Nino environmental shock parameters for stress testing
MILD_EL_NINO,Punjab,Sahibzada Ajit Singh Nagar,31.0571,75.7612,Rice / Paddy,15.0,1.0,-15.0,-8.0,5.0,8.0,43.480000000000004,7.5,35.0,3.86,49.68,SCENARIO_ASSUMPTION,Simulated El Nino environmental shock parameters for stress testing
MODERATE_EL_NINO,Punjab,Sahibzada Ajit Singh Nagar,31.0571,75.7612,Rice / Paddy,25.0,1.8,-30.0,-15.0,12.0,18.0,53.480000000000004,8.3,20.0,3.57,54.28,SCENARIO_ASSUMPTION,Simulated El Nino environmental shock parameters for stress testing
SEVERE_EL_NINO,Punjab,Sahibzada Ajit Singh Nagar,31.0571,75.7612,Rice / Paddy,40.0,2.8,-50.0,-26.0,25.0,35.0,68.48,9.3,0.0,3.11,62.1,SCENARIO_ASSUMPTION,Simulated El Nino environmental shock parameters for stress testing
NORMAL,Punjab,Sangrur,31.2821,74.7862,Rice / Paddy,0.0,0.0,0.0,0.0,0.0,0.0,28.5,7.5,50.0,4.2,53.0,SCENARIO_ASSUMPTION,Simulated El Nino environmental shock parameters for stress testing
MILD_EL_NINO,Punjab,Sangrur,31.2821,74.7862,Rice / Paddy,15.0,1.0,-15.0,-8.0,5.0,8.0,43.5,8.5,35.0,3.86,57.24,SCENARIO_ASSUMPTION,Simulated El Nino environmental shock parameters for stress testing
MODERATE_EL_NINO,Punjab,Sangrur,31.2821,74.7862,Rice / Paddy,25.0,1.8,-30.0,-15.0,12.0,18.0,53.5,9.3,20.0,3.57,62.54,SCENARIO_ASSUMPTION,Simulated El Nino environmental shock parameters for stress testing
SEVERE_EL_NINO,Punjab,Sangrur,31.2821,74.7862,Rice / Paddy,40.0,2.8,-50.0,-26.0,25.0,35.0,68.5,10.3,0.0,3.11,71.55,SCENARIO_ASSUMPTION,Simulated El Nino environmental shock parameters for stress testing
NORMAL,Punjab,Shahid Bhagat Singh Nagar,31.7471,74.7112,Rice / Paddy,0.0,0.0,0.0,0.0,0.0,0.0,28.5,3.5,50.0,4.2,45.0,SCENARIO_ASSUMPTION,Simulated El Nino environmental shock parameters for stress testing
MILD_EL_NINO,Punjab,Shahid Bhagat Singh Nagar,31.7471,74.7112,Rice / Paddy,15.0,1.0,-15.0,-8.0,5.0,8.0,43.5,4.5,35.0,3.86,48.6,SCENARIO_ASSUMPTION,Simulated El Nino environmental shock parameters for stress testing
MODERATE_EL_NINO,Punjab,Shahid Bhagat Singh Nagar,31.7471,74.7112,Rice / Paddy,25.0,1.8,-30.0,-15.0,12.0,18.0,53.5,5.3,20.0,3.57,53.1,SCENARIO_ASSUMPTION,Simulated El Nino environmental shock parameters for stress testing
SEVERE_EL_NINO,Punjab,Shahid Bhagat Singh Nagar,31.7471,74.7112,Rice / Paddy,40.0,2.8,-50.0,-26.0,25.0,35.0,68.5,6.3,0.0,3.11,60.75,SCENARIO_ASSUMPTION,Simulated El Nino environmental shock parameters for stress testing
NORMAL,Punjab,Tarn Taran,31.1471,74.8012,Rice / Paddy,0.0,0.0,0.0,0.0,0.0,0.0,28.5,4.5,50.0,4.2,46.0,SCENARIO_ASSUMPTION,Simulated El Nino environmental shock parameters for stress testing
MILD_EL_NINO,Punjab,Tarn Taran,31.1471,74.8012,Rice / Paddy,15.0,1.0,-15.0,-8.0,5.0,8.0,43.5,5.5,35.0,3.86,49.68,SCENARIO_ASSUMPTION,Simulated El Nino environmental shock parameters for stress testing
MODERATE_EL_NINO,Punjab,Tarn Taran,31.1471,74.8012,Rice / Paddy,25.0,1.8,-30.0,-15.0,12.0,18.0,53.5,6.3,20.0,3.57,54.28,SCENARIO_ASSUMPTION,Simulated El Nino environmental shock parameters for stress testing
SEVERE_EL_NINO,Punjab,Tarn Taran,31.1471,74.8012,Rice / Paddy,40.0,2.8,-50.0,-26.0,25.0,35.0,68.5,7.3,0.0,3.11,62.1,SCENARIO_ASSUMPTION,Simulated El Nino environmental shock parameters for stress testing
NORMAL,Rajasthan,Ajmer,27.2638,74.1579,Rice / Paddy,0.0,0.0,0.0,0.0,0.0,0.0,28.51,2.5,50.0,3.0,43.0,SCENARIO_ASSUMPTION,Simulated El Nino environmental shock parameters for stress testing
MILD_EL_NINO,Rajasthan,Ajmer,27.2638,74.1579,Rice / Paddy,15.0,1.0,-15.0,-8.0,5.0,8.0,43.510000000000005,3.5,35.0,2.76,46.44,SCENARIO_ASSUMPTION,Simulated El Nino environmental shock parameters for stress testing
MODERATE_EL_NINO,Rajasthan,Ajmer,27.2638,74.1579,Rice / Paddy,25.0,1.8,-30.0,-15.0,12.0,18.0,53.510000000000005,4.3,20.0,2.55,50.74,SCENARIO_ASSUMPTION,Simulated El Nino environmental shock parameters for stress testing
SEVERE_EL_NINO,Rajasthan,Ajmer,27.2638,74.1579,Rice / Paddy,40.0,2.8,-50.0,-26.0,25.0,35.0,68.51,5.3,0.0,2.22,58.05,SCENARIO_ASSUMPTION,Simulated El Nino environmental shock parameters for stress testing
NORMAL,Rajasthan,Alwar,27.0838,74.2779,Rice / Paddy,0.0,0.0,0.0,0.0,0.0,0.0,28.49,5.5,50.0,3.0,53.0,SCENARIO_ASSUMPTION,Simulated El Nino environmental shock parameters for stress testing
MILD_EL_NINO,Rajasthan,Alwar,27.0838,74.2779,Rice / Paddy,15.0,1.0,-15.0,-8.0,5.0,8.0,43.489999999999995,6.5,35.0,2.76,57.24,SCENARIO_ASSUMPTION,Simulated El Nino environmental shock parameters for stress testing
MODERATE_EL_NINO,Rajasthan,Alwar,27.0838,74.2779,Rice / Paddy,25.0,1.8,-30.0,-15.0,12.0,18.0,53.489999999999995,7.3,20.0,2.55,62.54,SCENARIO_ASSUMPTION,Simulated El Nino environmental shock parameters for stress testing
SEVERE_EL_NINO,Rajasthan,Alwar,27.0838,74.2779,Rice / Paddy,40.0,2.8,-50.0,-26.0,25.0,35.0,68.49,8.3,0.0,2.22,71.55,SCENARIO_ASSUMPTION,Simulated El Nino environmental shock parameters for stress testing
NORMAL,Rajasthan,Banswara,27.1588,74.2179,Rice / Paddy,0.0,0.0,0.0,0.0,0.0,0.0,28.51,2.5,50.0,3.0,52.0,SCENARIO_ASSUMPTION,Simulated El Nino environmental shock parameters for stress testing
MILD_EL_NINO,Rajasthan,Banswara,27.1588,74.2179,Rice / Paddy,15.0,1.0,-15.0,-8.0,5.0,8.0,43.510000000000005,3.5,35.0,2.76,56.16,SCENARIO_ASSUMPTION,Simulated El Nino environmental shock parameters for stress testing
MODERATE_EL_NINO,Rajasthan,Banswara,27.1588,74.2179,Rice / Paddy,25.0,1.8,-30.0,-15.0,12.0,18.0,53.510000000000005,4.3,20.0,2.55,61.36,SCENARIO_ASSUMPTION,Simulated El Nino environmental shock parameters for stress testing
SEVERE_EL_NINO,Rajasthan,Banswara,27.1588,74.2179,Rice / Paddy,40.0,2.8,-50.0,-26.0,25.0,35.0,68.51,5.3,0.0,2.22,70.2,SCENARIO_ASSUMPTION,Simulated El Nino environmental shock parameters for stress testing
NORMAL,Rajasthan,Baran,26.7538,74.7279,Rice / Paddy,0.0,0.0,0.0,0.0,0.0,0.0,28.52,3.5,50.0,3.0,53.0,SCENARIO_ASSUMPTION,Simulated El Nino environmental shock parameters for stress testing
MILD_EL_NINO,Rajasthan,Baran,26.7538,74.7279,Rice / Paddy,15.0,1.0,-15.0,-8.0,5.0,8.0,43.519999999999996,4.5,35.0,2.76,57.24,SCENARIO_ASSUMPTION,Simulated El Nino environmental shock parameters for stress testing
MODERATE_EL_NINO,Rajasthan,Baran,26.7538,74.7279,Rice / Paddy,25.0,1.8,-30.0,-15.0,12.0,18.0,53.519999999999996,5.3,20.0,2.55,62.54,SCENARIO_ASSUMPTION,Simulated El Nino environmental shock parameters for stress testing
SEVERE_EL_NINO,Rajasthan,Baran,26.7538,74.7279,Rice / Paddy,40.0,2.8,-50.0,-26.0,25.0,35.0,68.52,6.3,0.0,2.22,71.55,SCENARIO_ASSUMPTION,Simulated El Nino environmental shock parameters for stress testing
NORMAL,Rajasthan,Barmer,26.9638,74.6079,Rice / Paddy,0.0,0.0,0.0,0.0,0.0,0.0,28.51,6.5,50.0,3.0,44.0,SCENARIO_ASSUMPTION,Simulated El Nino environmental shock parameters for stress testing
MILD_EL_NINO,Rajasthan,Barmer,26.9638,74.6079,Rice / Paddy,15.0,1.0,-15.0,-8.0,5.0,8.0,43.510000000000005,7.5,35.0,2.76,47.52,SCENARIO_ASSUMPTION,Simulated El Nino environmental shock parameters for stress testing
MODERATE_EL_NINO,Rajasthan,Barmer,26.9638,74.6079,Rice / Paddy,25.0,1.8,-30.0,-15.0,12.0,18.0,53.510000000000005,8.3,20.0,2.55,51.92,SCENARIO_ASSUMPTION,Simulated El Nino environmental shock parameters for stress testing
SEVERE_EL_NINO,Rajasthan,Barmer,26.9638,74.6079,Rice / Paddy,40.0,2.8,-50.0,-26.0,25.0,35.0,68.51,9.3,0.0,2.22,59.4,SCENARIO_ASSUMPTION,Simulated El Nino environmental shock parameters for stress testing
NORMAL,Rajasthan,Bharatpur,26.6788,74.1879,Rice / Paddy,0.0,0.0,0.0,0.0,0.0,0.0,28.52,3.5,50.0,3.0,48.0,SCENARIO_ASSUMPTION,Simulated El Nino environmental shock parameters for stress testing
MILD_EL_NINO,Rajasthan,Bharatpur,26.6788,74.1879,Rice / Paddy,15.0,1.0,-15.0,-8.0,5.0,8.0,43.519999999999996,4.5,35.0,2.76,51.84,SCENARIO_ASSUMPTION,Simulated El Nino environmental shock parameters for stress testing
MODERATE_EL_NINO,Rajasthan,Bharatpur,26.6788,74.1879,Rice / Paddy,25.0,1.8,-30.0,-15.0,12.0,18.0,53.519999999999996,5.3,20.0,2.55,56.64,SCENARIO_ASSUMPTION,Simulated El Nino environmental shock parameters for stress testing
SEVERE_EL_NINO,Rajasthan,Bharatpur,26.6788,74.1879,Rice / Paddy,40.0,2.8,-50.0,-26.0,25.0,35.0,68.52,6.3,0.0,2.22,64.8,SCENARIO_ASSUMPTION,Simulated El Nino environmental shock parameters for stress testing
NORMAL,Rajasthan,Bhilwara,27.6538,73.4829,Rice / Paddy,0.0,0.0,0.0,0.0,0.0,0.0,28.5,2.5,50.0,3.0,44.0,SCENARIO_ASSUMPTION,Simulated El Nino environmental shock parameters for stress testing
MILD_EL_NINO,Rajasthan,Bhilwara,27.6538,73.4829,Rice / Paddy,15.0,1.0,-15.0,-8.0,5.0,8.0,43.5,3.5,35.0,2.76,47.52,SCENARIO_ASSUMPTION,Simulated El Nino environmental shock parameters for stress testing
MODERATE_EL_NINO,Rajasthan,Bhilwara,27.6538,73.4829,Rice / Paddy,25.0,1.8,-30.0,-15.0,12.0,18.0,53.5,4.3,20.0,2.55,51.92,SCENARIO_ASSUMPTION,Simulated El Nino environmental shock parameters for stress testing
SEVERE_EL_NINO,Rajasthan,Bhilwara,27.6538,73.4829,Rice / Paddy,40.0,2.8,-50.0,-26.0,25.0,35.0,68.5,5.3,0.0,2.22,59.4,SCENARIO_ASSUMPTION,Simulated El Nino environmental shock parameters for stress testing
NORMAL,Rajasthan,Bikaner,27.3688,74.2329,Rice / Paddy,0.0,0.0,0.0,0.0,0.0,0.0,28.49,6.5,50.0,3.0,46.0,SCENARIO_ASSUMPTION,Simulated El Nino environmental shock parameters for stress testing
MILD_EL_NINO,Rajasthan,Bikaner,27.3688,74.2329,Rice / Paddy,15.0,1.0,-15.0,-8.0,5.0,8.0,43.489999999999995,7.5,35.0,2.76,49.68,SCENARIO_ASSUMPTION,Simulated El Nino environmental shock parameters for stress testing
MODERATE_EL_NINO,Rajasthan,Bikaner,27.3688,74.2329,Rice / Paddy,25.0,1.8,-30.0,-15.0,12.0,18.0,53.489999999999995,8.3,20.0,2.55,54.28,SCENARIO_ASSUMPTION,Simulated El Nino environmental shock parameters for stress testing
SEVERE_EL_NINO,Rajasthan,Bikaner,27.3688,74.2329,Rice / Paddy,40.0,2.8,-50.0,-26.0,25.0,35.0,68.49,9.3,0.0,2.22,62.1,SCENARIO_ASSUMPTION,Simulated El Nino environmental shock parameters for stress testing
NORMAL,Rajasthan,Bundi,26.4988,73.9779,Rice / Paddy,0.0,0.0,0.0,0.0,0.0,0.0,28.51,6.5,50.0,3.0,42.0,SCENARIO_ASSUMPTION,Simulated El Nino environmental shock parameters for stress testing
MILD_EL_NINO,Rajasthan,Bundi,26.4988,73.9779,Rice / Paddy,15.0,1.0,-15.0,-8.0,5.0,8.0,43.510000000000005,7.5,35.0,2.76,45.36,SCENARIO_ASSUMPTION,Simulated El Nino environmental shock parameters for stress testing
MODERATE_EL_NINO,Rajasthan,Bundi,26.4988,73.9779,Rice / Paddy,25.0,1.8,-30.0,-15.0,12.0,18.0,53.510000000000005,8.3,20.0,2.55,49.56,SCENARIO_ASSUMPTION,Simulated El Nino environmental shock parameters for stress testing
SEVERE_EL_NINO,Rajasthan,Bundi,26.4988,73.9779,Rice / Paddy,40.0,2.8,-50.0,-26.0,25.0,35.0,68.51,9.3,0.0,2.22,56.7,SCENARIO_ASSUMPTION,Simulated El Nino environmental shock parameters for stress testing
NORMAL,Rajasthan,Chittorgarh,26.9488,74.0979,Rice / Paddy,0.0,0.0,0.0,0.0,0.0,0.0,28.52,5.5,50.0,3.0,47.0,SCENARIO_ASSUMPTION,Simulated El Nino environmental shock parameters for stress testing
MILD_EL_NINO,Rajasthan,Chittorgarh,26.9488,74.0979,Rice / Paddy,15.0,1.0,-15.0,-8.0,5.0,8.0,43.519999999999996,6.5,35.0,2.76,50.76,SCENARIO_ASSUMPTION,Simulated El Nino environmental shock parameters for stress testing
MODERATE_EL_NINO,Rajasthan,Chittorgarh,26.9488,74.0979,Rice / Paddy,25.0,1.8,-30.0,-15.0,12.0,18.0,53.519999999999996,7.3,20.0,2.55,55.46,SCENARIO_ASSUMPTION,Simulated El Nino environmental shock parameters for stress testing
SEVERE_EL_NINO,Rajasthan,Chittorgarh,26.9488,74.0979,Rice / Paddy,40.0,2.8,-50.0,-26.0,25.0,35.0,68.52,8.3,0.0,2.22,63.45,SCENARIO_ASSUMPTION,Simulated El Nino environmental shock parameters for stress testing
NORMAL,Rajasthan,Churu,26.4988,73.6029,Rice / Paddy,0.0,0.0,0.0,0.0,0.0,0.0,28.5,0.5,50.0,3.0,51.0,SCENARIO_ASSUMPTION,Simulated El Nino environmental shock parameters for stress testing
MILD_EL_NINO,Rajasthan,Churu,26.4988,73.6029,Rice / Paddy,15.0,1.0,-15.0,-8.0,5.0,8.0,43.5,1.5,35.0,2.76,55.08,SCENARIO_ASSUMPTION,Simulated El Nino environmental shock parameters for stress testing
MODERATE_EL_NINO,Rajasthan,Churu,26.4988,73.6029,Rice / Paddy,25.0,1.8,-30.0,-15.0,12.0,18.0,53.5,2.3,20.0,2.55,60.18,SCENARIO_ASSUMPTION,Simulated El Nino environmental shock parameters for stress testing
SEVERE_EL_NINO,Rajasthan,Churu,26.4988,73.6029,Rice / Paddy,40.0,2.8,-50.0,-26.0,25.0,35.0,68.5,3.3,0.0,2.22,68.85,SCENARIO_ASSUMPTION,Simulated El Nino environmental shock parameters for stress testing
NORMAL,Rajasthan,Dausa,26.4238,74.3379,Rice / Paddy,0.0,0.0,0.0,0.0,0.0,0.0,28.48,1.5,50.0,3.0,51.0,SCENARIO_ASSUMPTION,Simulated El Nino environmental shock parameters for stress testing
MILD_EL_NINO,Rajasthan,Dausa,26.4238,74.3379,Rice / Paddy,15.0,1.0,-15.0,-8.0,5.0,8.0,43.480000000000004,2.5,35.0,2.76,55.08,SCENARIO_ASSUMPTION,Simulated El Nino environmental shock parameters for stress testing
MODERATE_EL_NINO,Rajasthan,Dausa,26.4238,74.3379,Rice / Paddy,25.0,1.8,-30.0,-15.0,12.0,18.0,53.480000000000004,3.3,20.0,2.55,60.18,SCENARIO_ASSUMPTION,Simulated El Nino environmental shock parameters for stress testing
SEVERE_EL_NINO,Rajasthan,Dausa,26.4238,74.3379,Rice / Paddy,40.0,2.8,-50.0,-26.0,25.0,35.0,68.48,4.3,0.0,2.22,68.85,SCENARIO_ASSUMPTION,Simulated El Nino environmental shock parameters for stress testing
NORMAL,Rajasthan,Dholpur,26.8888,73.9179,Rice / Paddy,0.0,0.0,0.0,0.0,0.0,0.0,28.53,3.5,50.0,3.0,44.0,SCENARIO_ASSUMPTION,Simulated El Nino environmental shock parameters for stress testing
MILD_EL_NINO,Rajasthan,Dholpur,26.8888,73.9179,Rice / Paddy,15.0,1.0,-15.0,-8.0,5.0,8.0,43.53,4.5,35.0,2.76,47.52,SCENARIO_ASSUMPTION,Simulated El Nino environmental shock parameters for stress testing
MODERATE_EL_NINO,Rajasthan,Dholpur,26.8888,73.9179,Rice / Paddy,25.0,1.8,-30.0,-15.0,12.0,18.0,53.53,5.3,20.0,2.55,51.92,SCENARIO_ASSUMPTION,Simulated El Nino environmental shock parameters for stress testing
SEVERE_EL_NINO,Rajasthan,Dholpur,26.8888,73.9179,Rice / Paddy,40.0,2.8,-50.0,-26.0,25.0,35.0,68.53,6.3,0.0,2.22,59.4,SCENARIO_ASSUMPTION,Simulated El Nino environmental shock parameters for stress testing
NORMAL,Rajasthan,Dungarpur,26.3488,74.6979,Rice / Paddy,0.0,0.0,0.0,0.0,0.0,0.0,28.5,3.5,50.0,3.0,44.0,SCENARIO_ASSUMPTION,Simulated El Nino environmental shock parameters for stress testing
MILD_EL_NINO,Rajasthan,Dungarpur,26.3488,74.6979,Rice / Paddy,15.0,1.0,-15.0,-8.0,5.0,8.0,43.5,4.5,35.0,2.76,47.52,SCENARIO_ASSUMPTION,Simulated El Nino environmental shock parameters for stress testing
MODERATE_EL_NINO,Rajasthan,Dungarpur,26.3488,74.6979,Rice / Paddy,25.0,1.8,-30.0,-15.0,12.0,18.0,53.5,5.3,20.0,2.55,51.92,SCENARIO_ASSUMPTION,Simulated El Nino environmental shock parameters for stress testing
SEVERE_EL_NINO,Rajasthan,Dungarpur,26.3488,74.6979,Rice / Paddy,40.0,2.8,-50.0,-26.0,25.0,35.0,68.5,6.3,0.0,2.22,59.4,SCENARIO_ASSUMPTION,Simulated El Nino environmental shock parameters for stress testing
NORMAL,Rajasthan,Ganganagar,27.3988,73.7229,Rice / Paddy,0.0,0.0,0.0,0.0,0.0,0.0,28.51,6.5,50.0,3.0,51.0,SCENARIO_ASSUMPTION,Simulated El Nino environmental shock parameters for stress testing
MILD_EL_NINO,Rajasthan,Ganganagar,27.3988,73.7229,Rice / Paddy,15.0,1.0,-15.0,-8.0,5.0,8.0,43.510000000000005,7.5,35.0,2.76,55.08,SCENARIO_ASSUMPTION,Simulated El Nino environmental shock parameters for stress testing
MODERATE_EL_NINO,Rajasthan,Ganganagar,27.3988,73.7229,Rice / Paddy,25.0,1.8,-30.0,-15.0,12.0,18.0,53.510000000000005,8.3,20.0,2.55,60.18,SCENARIO_ASSUMPTION,Simulated El Nino environmental shock parameters for stress testing
SEVERE_EL_NINO,Rajasthan,Ganganagar,27.3988,73.7229,Rice / Paddy,40.0,2.8,-50.0,-26.0,25.0,35.0,68.51,9.3,0.0,2.22,68.85,SCENARIO_ASSUMPTION,Simulated El Nino environmental shock parameters for stress testing
NORMAL,Rajasthan,Hanumangarh,26.7388,73.6629,Rice / Paddy,0.0,0.0,0.0,0.0,0.0,0.0,28.48,3.5,50.0,3.0,46.0,SCENARIO_ASSUMPTION,Simulated El Nino environmental shock parameters for stress testing
MILD_EL_NINO,Rajasthan,Hanumangarh,26.7388,73.6629,Rice / Paddy,15.0,1.0,-15.0,-8.0,5.0,8.0,43.480000000000004,4.5,35.0,2.76,49.68,SCENARIO_ASSUMPTION,Simulated El Nino environmental shock parameters for stress testing
MODERATE_EL_NINO,Rajasthan,Hanumangarh,26.7388,73.6629,Rice / Paddy,25.0,1.8,-30.0,-15.0,12.0,18.0,53.480000000000004,5.3,20.0,2.55,54.28,SCENARIO_ASSUMPTION,Simulated El Nino environmental shock parameters for stress testing
SEVERE_EL_NINO,Rajasthan,Hanumangarh,26.7388,73.6629,Rice / Paddy,40.0,2.8,-50.0,-26.0,25.0,35.0,68.48,6.3,0.0,2.22,62.1,SCENARIO_ASSUMPTION,Simulated El Nino environmental shock parameters for stress testing
NORMAL,Rajasthan,Jaipur,26.9124,75.7873,Rice / Paddy,0.0,0.0,0.0,0.0,0.0,0.0,28.48,7.5,50.0,3.0,47.0,SCENARIO_ASSUMPTION,Simulated El Nino environmental shock parameters for stress testing
MILD_EL_NINO,Rajasthan,Jaipur,26.9124,75.7873,Rice / Paddy,15.0,1.0,-15.0,-8.0,5.0,8.0,43.480000000000004,8.5,35.0,2.76,50.76,SCENARIO_ASSUMPTION,Simulated El Nino environmental shock parameters for stress testing
MODERATE_EL_NINO,Rajasthan,Jaipur,26.9124,75.7873,Rice / Paddy,25.0,1.8,-30.0,-15.0,12.0,18.0,53.480000000000004,9.3,20.0,2.55,55.46,SCENARIO_ASSUMPTION,Simulated El Nino environmental shock parameters for stress testing
SEVERE_EL_NINO,Rajasthan,Jaipur,26.9124,75.7873,Rice / Paddy,40.0,2.8,-50.0,-26.0,25.0,35.0,68.48,10.3,0.0,2.22,63.45,SCENARIO_ASSUMPTION,Simulated El Nino environmental shock parameters for stress testing
NORMAL,Rajasthan,Jaisalmer,27.0388,73.6479,Rice / Paddy,0.0,0.0,0.0,0.0,0.0,0.0,28.49,5.5,50.0,3.0,53.0,SCENARIO_ASSUMPTION,Simulated El Nino environmental shock parameters for stress testing
MILD_EL_NINO,Rajasthan,Jaisalmer,27.0388,73.6479,Rice / Paddy,15.0,1.0,-15.0,-8.0,5.0,8.0,43.489999999999995,6.5,35.0,2.76,57.24,SCENARIO_ASSUMPTION,Simulated El Nino environmental shock parameters for stress testing
MODERATE_EL_NINO,Rajasthan,Jaisalmer,27.0388,73.6479,Rice / Paddy,25.0,1.8,-30.0,-15.0,12.0,18.0,53.489999999999995,7.3,20.0,2.55,62.54,SCENARIO_ASSUMPTION,Simulated El Nino environmental shock parameters for stress testing
SEVERE_EL_NINO,Rajasthan,Jaisalmer,27.0388,73.6479,Rice / Paddy,40.0,2.8,-50.0,-26.0,25.0,35.0,68.49,8.3,0.0,2.22,71.55,SCENARIO_ASSUMPTION,Simulated El Nino environmental shock parameters for stress testing
NORMAL,Rajasthan,Jalore,27.3688,74.4579,Rice / Paddy,0.0,0.0,0.0,0.0,0.0,0.0,28.5,0.5,50.0,3.0,47.0,SCENARIO_ASSUMPTION,Simulated El Nino environmental shock parameters for stress testing
MILD_EL_NINO,Rajasthan,Jalore,27.3688,74.4579,Rice / Paddy,15.0,1.0,-15.0,-8.0,5.0,8.0,43.5,1.5,35.0,2.76,50.76,SCENARIO_ASSUMPTION,Simulated El Nino environmental shock parameters for stress testing
MODERATE_EL_NINO,Rajasthan,Jalore,27.3688,74.4579,Rice / Paddy,25.0,1.8,-30.0,-15.0,12.0,18.0,53.5,2.3,20.0,2.55,55.46,SCENARIO_ASSUMPTION,Simulated El Nino environmental shock parameters for stress testing
SEVERE_EL_NINO,Rajasthan,Jalore,27.3688,74.4579,Rice / Paddy,40.0,2.8,-50.0,-26.0,25.0,35.0,68.5,3.3,0.0,2.22,63.45,SCENARIO_ASSUMPTION,Simulated El Nino environmental shock parameters for stress testing
NORMAL,Rajasthan,Jhalawar,26.9338,74.2629,Rice / Paddy,0.0,0.0,0.0,0.0,0.0,0.0,28.51,3.5,50.0,3.0,52.0,SCENARIO_ASSUMPTION,Simulated El Nino environmental shock parameters for stress testing
MILD_EL_NINO,Rajasthan,Jhalawar,26.9338,74.2629,Rice / Paddy,15.0,1.0,-15.0,-8.0,5.0,8.0,43.510000000000005,4.5,35.0,2.76,56.16,SCENARIO_ASSUMPTION,Simulated El Nino environmental shock parameters for stress testing
MODERATE_EL_NINO,Rajasthan,Jhalawar,26.9338,74.2629,Rice / Paddy,25.0,1.8,-30.0,-15.0,12.0,18.0,53.510000000000005,5.3,20.0,2.55,61.36,SCENARIO_ASSUMPTION,Simulated El Nino environmental shock parameters for stress testing
SEVERE_EL_NINO,Rajasthan,Jhalawar,26.9338,74.2629,Rice / Paddy,40.0,2.8,-50.0,-26.0,25.0,35.0,68.51,6.3,0.0,2.22,70.2,SCENARIO_ASSUMPTION,Simulated El Nino environmental shock parameters for stress testing
NORMAL,Rajasthan,Jhunjhunu,26.7988,73.9479,Rice / Paddy,0.0,0.0,0.0,0.0,0.0,0.0,28.48,6.5,50.0,3.0,43.0,SCENARIO_ASSUMPTION,Simulated El Nino environmental shock parameters for stress testing
MILD_EL_NINO,Rajasthan,Jhunjhunu,26.7988,73.9479,Rice / Paddy,15.0,1.0,-15.0,-8.0,5.0,8.0,43.480000000000004,7.5,35.0,2.76,46.44,SCENARIO_ASSUMPTION,Simulated El Nino environmental shock parameters for stress testing
MODERATE_EL_NINO,Rajasthan,Jhunjhunu,26.7988,73.9479,Rice / Paddy,25.0,1.8,-30.0,-15.0,12.0,18.0,53.480000000000004,8.3,20.0,2.55,50.74,SCENARIO_ASSUMPTION,Simulated El Nino environmental shock parameters for stress testing
SEVERE_EL_NINO,Rajasthan,Jhunjhunu,26.7988,73.9479,Rice / Paddy,40.0,2.8,-50.0,-26.0,25.0,35.0,68.48,9.3,0.0,2.22,58.05,SCENARIO_ASSUMPTION,Simulated El Nino environmental shock parameters for stress testing
NORMAL,Rajasthan,Jodhpur,26.3638,74.7429,Rice / Paddy,0.0,0.0,0.0,0.0,0.0,0.0,28.52,0.5,50.0,3.0,53.0,SCENARIO_ASSUMPTION,Simulated El Nino environmental shock parameters for stress testing
MILD_EL_NINO,Rajasthan,Jodhpur,26.3638,74.7429,Rice / Paddy,15.0,1.0,-15.0,-8.0,5.0,8.0,43.519999999999996,1.5,35.0,2.76,57.24,SCENARIO_ASSUMPTION,Simulated El Nino environmental shock parameters for stress testing
MODERATE_EL_NINO,Rajasthan,Jodhpur,26.3638,74.7429,Rice / Paddy,25.0,1.8,-30.0,-15.0,12.0,18.0,53.519999999999996,2.3,20.0,2.55,62.54,SCENARIO_ASSUMPTION,Simulated El Nino environmental shock parameters for stress testing
SEVERE_EL_NINO,Rajasthan,Jodhpur,26.3638,74.7429,Rice / Paddy,40.0,2.8,-50.0,-26.0,25.0,35.0,68.52,3.3,0.0,2.22,71.55,SCENARIO_ASSUMPTION,Simulated El Nino environmental shock parameters for stress testing
NORMAL,Rajasthan,Karauli,26.6938,74.1129,Rice / Paddy,0.0,0.0,0.0,0.0,0.0,0.0,28.49,6.5,50.0,3.0,43.0,SCENARIO_ASSUMPTION,Simulated El Nino environmental shock parameters for stress testing
MILD_EL_NINO,Rajasthan,Karauli,26.6938,74.1129,Rice / Paddy,15.0,1.0,-15.0,-8.0,5.0,8.0,43.489999999999995,7.5,35.0,2.76,46.44,SCENARIO_ASSUMPTION,Simulated El Nino environmental shock parameters for stress testing
MODERATE_EL_NINO,Rajasthan,Karauli,26.6938,74.1129,Rice / Paddy,25.0,1.8,-30.0,-15.0,12.0,18.0,53.489999999999995,8.3,20.0,2.55,50.74,SCENARIO_ASSUMPTION,Simulated El Nino environmental shock parameters for stress testing
SEVERE_EL_NINO,Rajasthan,Karauli,26.6938,74.1129,Rice / Paddy,40.0,2.8,-50.0,-26.0,25.0,35.0,68.49,9.3,0.0,2.22,58.05,SCENARIO_ASSUMPTION,Simulated El Nino environmental shock parameters for stress testing
NORMAL,Rajasthan,Kota,27.2188,73.9629,Rice / Paddy,0.0,0.0,0.0,0.0,0.0,0.0,28.49,3.5,50.0,3.0,47.0,SCENARIO_ASSUMPTION,Simulated El Nino environmental shock parameters for stress testing
MILD_EL_NINO,Rajasthan,Kota,27.2188,73.9629,Rice / Paddy,15.0,1.0,-15.0,-8.0,5.0,8.0,43.489999999999995,4.5,35.0,2.76,50.76,SCENARIO_ASSUMPTION,Simulated El Nino environmental shock parameters for stress testing
MODERATE_EL_NINO,Rajasthan,Kota,27.2188,73.9629,Rice / Paddy,25.0,1.8,-30.0,-15.0,12.0,18.0,53.489999999999995,5.3,20.0,2.55,55.46,SCENARIO_ASSUMPTION,Simulated El Nino environmental shock parameters for stress testing
SEVERE_EL_NINO,Rajasthan,Kota,27.2188,73.9629,Rice / Paddy,40.0,2.8,-50.0,-26.0,25.0,35.0,68.49,6.3,0.0,2.22,63.45,SCENARIO_ASSUMPTION,Simulated El Nino environmental shock parameters for stress testing
NORMAL,Rajasthan,Nagaur,27.0838,73.8579,Rice / Paddy,0.0,0.0,0.0,0.0,0.0,0.0,28.48,5.5,50.0,3.0,45.0,SCENARIO_ASSUMPTION,Simulated El Nino environmental shock parameters for stress testing
MILD_EL_NINO,Rajasthan,Nagaur,27.0838,73.8579,Rice / Paddy,15.0,1.0,-15.0,-8.0,5.0,8.0,43.480000000000004,6.5,35.0,2.76,48.6,SCENARIO_ASSUMPTION,Simulated El Nino environmental shock parameters for stress testing
MODERATE_EL_NINO,Rajasthan,Nagaur,27.0838,73.8579,Rice / Paddy,25.0,1.8,-30.0,-15.0,12.0,18.0,53.480000000000004,7.3,20.0,2.55,53.1,SCENARIO_ASSUMPTION,Simulated El Nino environmental shock parameters for stress testing
SEVERE_EL_NINO,Rajasthan,Nagaur,27.0838,73.8579,Rice / Paddy,40.0,2.8,-50.0,-26.0,25.0,35.0,68.48,8.3,0.0,2.22,60.75,SCENARIO_ASSUMPTION,Simulated El Nino environmental shock parameters for stress testing
NORMAL,Rajasthan,Pali,27.7588,74.0529,Rice / Paddy,0.0,0.0,0.0,0.0,0.0,0.0,28.51,4.5,50.0,3.0,46.0,SCENARIO_ASSUMPTION,Simulated El Nino environmental shock parameters for stress testing
MILD_EL_NINO,Rajasthan,Pali,27.7588,74.0529,Rice / Paddy,15.0,1.0,-15.0,-8.0,5.0,8.0,43.510000000000005,5.5,35.0,2.76,49.68,SCENARIO_ASSUMPTION,Simulated El Nino environmental shock parameters for stress testing
MODERATE_EL_NINO,Rajasthan,Pali,27.7588,74.0529,Rice / Paddy,25.0,1.8,-30.0,-15.0,12.0,18.0,53.510000000000005,6.3,20.0,2.55,54.28,SCENARIO_ASSUMPTION,Simulated El Nino environmental shock parameters for stress testing
SEVERE_EL_NINO,Rajasthan,Pali,27.7588,74.0529,Rice / Paddy,40.0,2.8,-50.0,-26.0,25.0,35.0,68.51,7.3,0.0,2.22,62.1,SCENARIO_ASSUMPTION,Simulated El Nino environmental shock parameters for stress testing
NORMAL,Rajasthan,Pratapgarh,26.7988,73.7529,Rice / Paddy,0.0,0.0,0.0,0.0,0.0,0.0,28.5,4.5,50.0,2.7,52.0,SCENARIO_ASSUMPTION,Simulated El Nino environmental shock parameters for stress testing
MILD_EL_NINO,Rajasthan,Pratapgarh,26.7988,73.7529,Rice / Paddy,15.0,1.0,-15.0,-8.0,5.0,8.0,43.5,5.5,35.0,2.48,56.16,SCENARIO_ASSUMPTION,Simulated El Nino environmental shock parameters for stress testing
MODERATE_EL_NINO,Rajasthan,Pratapgarh,26.7988,73.7529,Rice / Paddy,25.0,1.8,-30.0,-15.0,12.0,18.0,53.5,6.3,20.0,2.29,61.36,SCENARIO_ASSUMPTION,Simulated El Nino environmental shock parameters for stress testing
SEVERE_EL_NINO,Rajasthan,Pratapgarh,26.7988,73.7529,Rice / Paddy,40.0,2.8,-50.0,-26.0,25.0,35.0,68.5,7.3,0.0,2.0,70.2,SCENARIO_ASSUMPTION,Simulated El Nino environmental shock parameters for stress testing
NORMAL,Rajasthan,Rajsamand,26.7538,73.8129,Rice / Paddy,0.0,0.0,0.0,0.0,0.0,0.0,28.48,2.5,50.0,3.0,53.0,SCENARIO_ASSUMPTION,Simulated El Nino environmental shock parameters for stress testing
MILD_EL_NINO,Rajasthan,Rajsamand,26.7538,73.8129,Rice / Paddy,15.0,1.0,-15.0,-8.0,5.0,8.0,43.480000000000004,3.5,35.0,2.76,57.24,SCENARIO_ASSUMPTION,Simulated El Nino environmental shock parameters for stress testing
MODERATE_EL_NINO,Rajasthan,Rajsamand,26.7538,73.8129,Rice / Paddy,25.0,1.8,-30.0,-15.0,12.0,18.0,53.480000000000004,4.3,20.0,2.55,62.54,SCENARIO_ASSUMPTION,Simulated El Nino environmental shock parameters for stress testing
SEVERE_EL_NINO,Rajasthan,Rajsamand,26.7538,73.8129,Rice / Paddy,40.0,2.8,-50.0,-26.0,25.0,35.0,68.48,5.3,0.0,2.22,71.55,SCENARIO_ASSUMPTION,Simulated El Nino environmental shock parameters for stress testing
NORMAL,Rajasthan,Sawai Madhopur,26.9638,73.8279,Rice / Paddy,0.0,0.0,0.0,0.0,0.0,0.0,28.51,1.5,50.0,3.0,49.0,SCENARIO_ASSUMPTION,Simulated El Nino environmental shock parameters for stress testing
MILD_EL_NINO,Rajasthan,Sawai Madhopur,26.9638,73.8279,Rice / Paddy,15.0,1.0,-15.0,-8.0,5.0,8.0,43.510000000000005,2.5,35.0,2.76,52.92,SCENARIO_ASSUMPTION,Simulated El Nino environmental shock parameters for stress testing
MODERATE_EL_NINO,Rajasthan,Sawai Madhopur,26.9638,73.8279,Rice / Paddy,25.0,1.8,-30.0,-15.0,12.0,18.0,53.510000000000005,3.3,20.0,2.55,57.82,SCENARIO_ASSUMPTION,Simulated El Nino environmental shock parameters for stress testing
SEVERE_EL_NINO,Rajasthan,Sawai Madhopur,26.9638,73.8279,Rice / Paddy,40.0,2.8,-50.0,-26.0,25.0,35.0,68.51,4.3,0.0,2.22,66.15,SCENARIO_ASSUMPTION,Simulated El Nino environmental shock parameters for stress testing
NORMAL,Rajasthan,Sikar,27.3538,74.7429,Rice / Paddy,0.0,0.0,0.0,0.0,0.0,0.0,28.5,5.5,50.0,3.0,44.0,SCENARIO_ASSUMPTION,Simulated El Nino environmental shock parameters for stress testing
MILD_EL_NINO,Rajasthan,Sikar,27.3538,74.7429,Rice / Paddy,15.0,1.0,-15.0,-8.0,5.0,8.0,43.5,6.5,35.0,2.76,47.52,SCENARIO_ASSUMPTION,Simulated El Nino environmental shock parameters for stress testing
MODERATE_EL_NINO,Rajasthan,Sikar,27.3538,74.7429,Rice / Paddy,25.0,1.8,-30.0,-15.0,12.0,18.0,53.5,7.3,20.0,2.55,51.92,SCENARIO_ASSUMPTION,Simulated El Nino environmental shock parameters for stress testing
SEVERE_EL_NINO,Rajasthan,Sikar,27.3538,74.7429,Rice / Paddy,40.0,2.8,-50.0,-26.0,25.0,35.0,68.5,8.3,0.0,2.22,59.4,SCENARIO_ASSUMPTION,Simulated El Nino environmental shock parameters for stress testing
NORMAL,Rajasthan,Sirohi,27.0688,73.9029,Rice / Paddy,0.0,0.0,0.0,0.0,0.0,0.0,28.49,3.5,50.0,3.0,48.0,SCENARIO_ASSUMPTION,Simulated El Nino environmental shock parameters for stress testing
MILD_EL_NINO,Rajasthan,Sirohi,27.0688,73.9029,Rice / Paddy,15.0,1.0,-15.0,-8.0,5.0,8.0,43.489999999999995,4.5,35.0,2.76,51.84,SCENARIO_ASSUMPTION,Simulated El Nino environmental shock parameters for stress testing
MODERATE_EL_NINO,Rajasthan,Sirohi,27.0688,73.9029,Rice / Paddy,25.0,1.8,-30.0,-15.0,12.0,18.0,53.489999999999995,5.3,20.0,2.55,56.64,SCENARIO_ASSUMPTION,Simulated El Nino environmental shock parameters for stress testing
SEVERE_EL_NINO,Rajasthan,Sirohi,27.0688,73.9029,Rice / Paddy,40.0,2.8,-50.0,-26.0,25.0,35.0,68.49,6.3,0.0,2.22,64.8,SCENARIO_ASSUMPTION,Simulated El Nino environmental shock parameters for stress testing
NORMAL,Rajasthan,Tonk,26.9638,74.5479,Rice / Paddy,0.0,0.0,0.0,0.0,0.0,0.0,28.5,6.5,50.0,3.0,49.0,SCENARIO_ASSUMPTION,Simulated El Nino environmental shock parameters for stress testing
MILD_EL_NINO,Rajasthan,Tonk,26.9638,74.5479,Rice / Paddy,15.0,1.0,-15.0,-8.0,5.0,8.0,43.5,7.5,35.0,2.76,52.92,SCENARIO_ASSUMPTION,Simulated El Nino environmental shock parameters for stress testing
MODERATE_EL_NINO,Rajasthan,Tonk,26.9638,74.5479,Rice / Paddy,25.0,1.8,-30.0,-15.0,12.0,18.0,53.5,8.3,20.0,2.55,57.82,SCENARIO_ASSUMPTION,Simulated El Nino environmental shock parameters for stress testing
SEVERE_EL_NINO,Rajasthan,Tonk,26.9638,74.5479,Rice / Paddy,40.0,2.8,-50.0,-26.0,25.0,35.0,68.5,9.3,0.0,2.22,66.15,SCENARIO_ASSUMPTION,Simulated El Nino environmental shock parameters for stress testing
NORMAL,Rajasthan,Udaipur,26.4538,74.8779,Rice / Paddy,0.0,0.0,0.0,0.0,0.0,0.0,28.49,1.5,50.0,3.0,45.0,SCENARIO_ASSUMPTION,Simulated El Nino environmental shock parameters for stress testing
MILD_EL_NINO,Rajasthan,Udaipur,26.4538,74.8779,Rice / Paddy,15.0,1.0,-15.0,-8.0,5.0,8.0,43.489999999999995,2.5,35.0,2.76,48.6,SCENARIO_ASSUMPTION,Simulated El Nino environmental shock parameters for stress testing
MODERATE_EL_NINO,Rajasthan,Udaipur,26.4538,74.8779,Rice / Paddy,25.0,1.8,-30.0,-15.0,12.0,18.0,53.489999999999995,3.3,20.0,2.55,53.1,SCENARIO_ASSUMPTION,Simulated El Nino environmental shock parameters for stress testing
SEVERE_EL_NINO,Rajasthan,Udaipur,26.4538,74.8779,Rice / Paddy,40.0,2.8,-50.0,-26.0,25.0,35.0,68.49,4.3,0.0,2.22,60.75,SCENARIO_ASSUMPTION,Simulated El Nino environmental shock parameters for stress testing
NORMAL,Sikkim,East Sikkim,28.223,88.4522,Rice / Paddy,0.0,0.0,0.0,0.0,0.0,0.0,28.52,1.5,50.0,2.5,44.0,SCENARIO_ASSUMPTION,Simulated El Nino environmental shock parameters for stress testing
MILD_EL_NINO,Sikkim,East Sikkim,28.223,88.4522,Rice / Paddy,15.0,1.0,-15.0,-8.0,5.0,8.0,43.519999999999996,2.5,35.0,2.3,47.52,SCENARIO_ASSUMPTION,Simulated El Nino environmental shock parameters for stress testing
MODERATE_EL_NINO,Sikkim,East Sikkim,28.223,88.4522,Rice / Paddy,25.0,1.8,-30.0,-15.0,12.0,18.0,53.519999999999996,3.3,20.0,2.12,51.92,SCENARIO_ASSUMPTION,Simulated El Nino environmental shock parameters for stress testing
SEVERE_EL_NINO,Sikkim,East Sikkim,28.223,88.4522,Rice / Paddy,40.0,2.8,-50.0,-26.0,25.0,35.0,68.52,4.3,0.0,1.85,59.4,SCENARIO_ASSUMPTION,Simulated El Nino environmental shock parameters for stress testing
NORMAL,Sikkim,North Sikkim,28.013,89.1572,Rice / Paddy,0.0,0.0,0.0,0.0,0.0,0.0,28.5,5.5,50.0,2.5,45.0,SCENARIO_ASSUMPTION,Simulated El Nino environmental shock parameters for stress testing
MILD_EL_NINO,Sikkim,North Sikkim,28.013,89.1572,Rice / Paddy,15.0,1.0,-15.0,-8.0,5.0,8.0,43.5,6.5,35.0,2.3,48.6,SCENARIO_ASSUMPTION,Simulated El Nino environmental shock parameters for stress testing
MODERATE_EL_NINO,Sikkim,North Sikkim,28.013,89.1572,Rice / Paddy,25.0,1.8,-30.0,-15.0,12.0,18.0,53.5,7.3,20.0,2.12,53.1,SCENARIO_ASSUMPTION,Simulated El Nino environmental shock parameters for stress testing
SEVERE_EL_NINO,Sikkim,North Sikkim,28.013,89.1572,Rice / Paddy,40.0,2.8,-50.0,-26.0,25.0,35.0,68.5,8.3,0.0,1.85,60.75,SCENARIO_ASSUMPTION,Simulated El Nino environmental shock parameters for stress testing
NORMAL,Sikkim,South Sikkim,27.023,88.1372,Rice / Paddy,0.0,0.0,0.0,0.0,0.0,0.0,28.51,5.5,50.0,2.5,44.0,SCENARIO_ASSUMPTION,Simulated El Nino environmental shock parameters for stress testing
MILD_EL_NINO,Sikkim,South Sikkim,27.023,88.1372,Rice / Paddy,15.0,1.0,-15.0,-8.0,5.0,8.0,43.510000000000005,6.5,35.0,2.3,47.52,SCENARIO_ASSUMPTION,Simulated El Nino environmental shock parameters for stress testing
MODERATE_EL_NINO,Sikkim,South Sikkim,27.023,88.1372,Rice / Paddy,25.0,1.8,-30.0,-15.0,12.0,18.0,53.510000000000005,7.3,20.0,2.12,51.92,SCENARIO_ASSUMPTION,Simulated El Nino environmental shock parameters for stress testing
SEVERE_EL_NINO,Sikkim,South Sikkim,27.023,88.1372,Rice / Paddy,40.0,2.8,-50.0,-26.0,25.0,35.0,68.51,8.3,0.0,1.85,59.4,SCENARIO_ASSUMPTION,Simulated El Nino environmental shock parameters for stress testing
NORMAL,Sikkim,West Sikkim,27.263,87.9422,Rice / Paddy,0.0,0.0,0.0,0.0,0.0,0.0,28.51,1.5,50.0,2.5,42.0,SCENARIO_ASSUMPTION,Simulated El Nino environmental shock parameters for stress testing
MILD_EL_NINO,Sikkim,West Sikkim,27.263,87.9422,Rice / Paddy,15.0,1.0,-15.0,-8.0,5.0,8.0,43.510000000000005,2.5,35.0,2.3,45.36,SCENARIO_ASSUMPTION,Simulated El Nino environmental shock parameters for stress testing
MODERATE_EL_NINO,Sikkim,West Sikkim,27.263,87.9422,Rice / Paddy,25.0,1.8,-30.0,-15.0,12.0,18.0,53.510000000000005,3.3,20.0,2.12,49.56,SCENARIO_ASSUMPTION,Simulated El Nino environmental shock parameters for stress testing
SEVERE_EL_NINO,Sikkim,West Sikkim,27.263,87.9422,Rice / Paddy,40.0,2.8,-50.0,-26.0,25.0,35.0,68.51,4.3,0.0,1.85,56.7,SCENARIO_ASSUMPTION,Simulated El Nino environmental shock parameters for stress testing
NORMAL,Tamil Nadu,Ariyalur,10.5871,78.9569,Rice / Paddy,0.0,0.0,0.0,0.0,0.0,0.0,28.49,0.5,50.0,3.8,53.0,SCENARIO_ASSUMPTION,Simulated El Nino environmental shock parameters for stress testing
MILD_EL_NINO,Tamil Nadu,Ariyalur,10.5871,78.9569,Rice / Paddy,15.0,1.0,-15.0,-8.0,5.0,8.0,43.489999999999995,1.5,35.0,3.5,57.24,SCENARIO_ASSUMPTION,Simulated El Nino environmental shock parameters for stress testing
MODERATE_EL_NINO,Tamil Nadu,Ariyalur,10.5871,78.9569,Rice / Paddy,25.0,1.8,-30.0,-15.0,12.0,18.0,53.489999999999995,2.3,20.0,3.23,62.54,SCENARIO_ASSUMPTION,Simulated El Nino environmental shock parameters for stress testing
SEVERE_EL_NINO,Tamil Nadu,Ariyalur,10.5871,78.9569,Rice / Paddy,40.0,2.8,-50.0,-26.0,25.0,35.0,68.49,3.3,0.0,2.81,71.55,SCENARIO_ASSUMPTION,Simulated El Nino environmental shock parameters for stress testing
NORMAL,Tamil Nadu,Chengalpattu,11.3371,78.5519,Rice / Paddy,0.0,0.0,0.0,0.0,0.0,0.0,28.49,4.5,50.0,3.8,45.0,SCENARIO_ASSUMPTION,Simulated El Nino environmental shock parameters for stress testing
MILD_EL_NINO,Tamil Nadu,Chengalpattu,11.3371,78.5519,Rice / Paddy,15.0,1.0,-15.0,-8.0,5.0,8.0,43.489999999999995,5.5,35.0,3.5,48.6,SCENARIO_ASSUMPTION,Simulated El Nino environmental shock parameters for stress testing
MODERATE_EL_NINO,Tamil Nadu,Chengalpattu,11.3371,78.5519,Rice / Paddy,25.0,1.8,-30.0,-15.0,12.0,18.0,53.489999999999995,6.3,20.0,3.23,53.1,SCENARIO_ASSUMPTION,Simulated El Nino environmental shock parameters for stress testing
SEVERE_EL_NINO,Tamil Nadu,Chengalpattu,11.3371,78.5519,Rice / Paddy,40.0,2.8,-50.0,-26.0,25.0,35.0,68.49,7.3,0.0,2.81,60.75,SCENARIO_ASSUMPTION,Simulated El Nino environmental shock parameters for stress testing
NORMAL,Tamil Nadu,Chennai,13.0827,80.2707,Rice / Paddy,0.0,0.0,0.0,0.0,0.0,0.0,28.5,7.5,50.0,3.8,45.0,SCENARIO_ASSUMPTION,Simulated El Nino environmental shock parameters for stress testing
MILD_EL_NINO,Tamil Nadu,Chennai,13.0827,80.2707,Rice / Paddy,15.0,1.0,-15.0,-8.0,5.0,8.0,43.5,8.5,35.0,3.5,48.6,SCENARIO_ASSUMPTION,Simulated El Nino environmental shock parameters for stress testing
MODERATE_EL_NINO,Tamil Nadu,Chennai,13.0827,80.2707,Rice / Paddy,25.0,1.8,-30.0,-15.0,12.0,18.0,53.5,9.3,20.0,3.23,53.1,SCENARIO_ASSUMPTION,Simulated El Nino environmental shock parameters for stress testing
SEVERE_EL_NINO,Tamil Nadu,Chennai,13.0827,80.2707,Rice / Paddy,40.0,2.8,-50.0,-26.0,25.0,35.0,68.5,10.3,0.0,2.81,60.75,SCENARIO_ASSUMPTION,Simulated El Nino environmental shock parameters for stress testing
NORMAL,Tamil Nadu,Coimbatore,11.0168,76.9558,Rice / Paddy,0.0,0.0,0.0,0.0,0.0,0.0,28.49,2.5,50.0,3.8,42.0,SCENARIO_ASSUMPTION,Simulated El Nino environmental shock parameters for stress testing
MILD_EL_NINO,Tamil Nadu,Coimbatore,11.0168,76.9558,Rice / Paddy,15.0,1.0,-15.0,-8.0,5.0,8.0,43.489999999999995,3.5,35.0,3.5,45.36,SCENARIO_ASSUMPTION,Simulated El Nino environmental shock parameters for stress testing
MODERATE_EL_NINO,Tamil Nadu,Coimbatore,11.0168,76.9558,Rice / Paddy,25.0,1.8,-30.0,-15.0,12.0,18.0,53.489999999999995,4.3,20.0,3.23,49.56,SCENARIO_ASSUMPTION,Simulated El Nino environmental shock parameters for stress testing
SEVERE_EL_NINO,Tamil Nadu,Coimbatore,11.0168,76.9558,Rice / Paddy,40.0,2.8,-50.0,-26.0,25.0,35.0,68.49,5.3,0.0,2.81,56.7,SCENARIO_ASSUMPTION,Simulated El Nino environmental shock parameters for stress testing
NORMAL,Tamil Nadu,Cuddalore,10.9021,78.8669,Rice / Paddy,0.0,0.0,0.0,0.0,0.0,0.0,28.5,1.5,50.0,3.8,52.0,SCENARIO_ASSUMPTION,Simulated El Nino environmental shock parameters for stress testing
MILD_EL_NINO,Tamil Nadu,Cuddalore,10.9021,78.8669,Rice / Paddy,15.0,1.0,-15.0,-8.0,5.0,8.0,43.5,2.5,35.0,3.5,56.16,SCENARIO_ASSUMPTION,Simulated El Nino environmental shock parameters for stress testing
MODERATE_EL_NINO,Tamil Nadu,Cuddalore,10.9021,78.8669,Rice / Paddy,25.0,1.8,-30.0,-15.0,12.0,18.0,53.5,3.3,20.0,3.23,61.36,SCENARIO_ASSUMPTION,Simulated El Nino environmental shock parameters for stress testing
SEVERE_EL_NINO,Tamil Nadu,Cuddalore,10.9021,78.8669,Rice / Paddy,40.0,2.8,-50.0,-26.0,25.0,35.0,68.5,4.3,0.0,2.81,70.2,SCENARIO_ASSUMPTION,Simulated El Nino environmental shock parameters for stress testing
NORMAL,Tamil Nadu,Dharmapuri,10.9321,78.3719,Rice / Paddy,0.0,0.0,0.0,0.0,0.0,0.0,28.51,4.5,50.0,3.8,51.0,SCENARIO_ASSUMPTION,Simulated El Nino environmental shock parameters for stress testing
MILD_EL_NINO,Tamil Nadu,Dharmapuri,10.9321,78.3719,Rice / Paddy,15.0,1.0,-15.0,-8.0,5.0,8.0,43.510000000000005,5.5,35.0,3.5,55.08,SCENARIO_ASSUMPTION,Simulated El Nino environmental shock parameters for stress testing
MODERATE_EL_NINO,Tamil Nadu,Dharmapuri,10.9321,78.3719,Rice / Paddy,25.0,1.8,-30.0,-15.0,12.0,18.0,53.510000000000005,6.3,20.0,3.23,60.18,SCENARIO_ASSUMPTION,Simulated El Nino environmental shock parameters for stress testing
SEVERE_EL_NINO,Tamil Nadu,Dharmapuri,10.9321,78.3719,Rice / Paddy,40.0,2.8,-50.0,-26.0,25.0,35.0,68.51,7.3,0.0,2.81,68.85,SCENARIO_ASSUMPTION,Simulated El Nino environmental shock parameters for stress testing
NORMAL,Tamil Nadu,Dindigul,11.2321,78.2969,Rice / Paddy,0.0,0.0,0.0,0.0,0.0,0.0,28.49,7.5,50.0,3.8,48.0,SCENARIO_ASSUMPTION,Simulated El Nino environmental shock parameters for stress testing
MILD_EL_NINO,Tamil Nadu,Dindigul,11.2321,78.2969,Rice / Paddy,15.0,1.0,-15.0,-8.0,5.0,8.0,43.489999999999995,8.5,35.0,3.5,51.84,SCENARIO_ASSUMPTION,Simulated El Nino environmental shock parameters for stress testing
MODERATE_EL_NINO,Tamil Nadu,Dindigul,11.2321,78.2969,Rice / Paddy,25.0,1.8,-30.0,-15.0,12.0,18.0,53.489999999999995,9.3,20.0,3.23,56.64,SCENARIO_ASSUMPTION,Simulated El Nino environmental shock parameters for stress testing
SEVERE_EL_NINO,Tamil Nadu,Dindigul,11.2321,78.2969,Rice / Paddy,40.0,2.8,-50.0,-26.0,25.0,35.0,68.49,10.3,0.0,2.81,64.8,SCENARIO_ASSUMPTION,Simulated El Nino environmental shock parameters for stress testing
NORMAL,Tamil Nadu,Erode,11.7271,78.6419,Rice / Paddy,0.0,0.0,0.0,0.0,0.0,0.0,28.51,4.5,62.0,3.8,44.0,SCENARIO_ASSUMPTION,Simulated El Nino environmental shock parameters for stress testing
MILD_EL_NINO,Tamil Nadu,Erode,11.7271,78.6419,Rice / Paddy,15.0,1.0,-15.0,-8.0,5.0,8.0,43.510000000000005,5.5,47.0,3.5,47.52,SCENARIO_ASSUMPTION,Simulated El Nino environmental shock parameters for stress testing
MODERATE_EL_NINO,Tamil Nadu,Erode,11.7271,78.6419,Rice / Paddy,25.0,1.8,-30.0,-15.0,12.0,18.0,53.510000000000005,6.3,32.0,3.23,51.92,SCENARIO_ASSUMPTION,Simulated El Nino environmental shock parameters for stress testing
SEVERE_EL_NINO,Tamil Nadu,Erode,11.7271,78.6419,Rice / Paddy,40.0,2.8,-50.0,-26.0,25.0,35.0,68.51,7.3,12.0,2.81,59.4,SCENARIO_ASSUMPTION,Simulated El Nino environmental shock parameters for stress testing
NORMAL,Tamil Nadu,Kanchipuram,11.1271,78.1319,Rice / Paddy,0.0,0.0,0.0,0.0,0.0,0.0,28.51,6.5,50.0,3.8,44.0,SCENARIO_ASSUMPTION,Simulated El Nino environmental shock parameters for stress testing
MILD_EL_NINO,Tamil Nadu,Kanchipuram,11.1271,78.1319,Rice / Paddy,15.0,1.0,-15.0,-8.0,5.0,8.0,43.510000000000005,7.5,35.0,3.5,47.52,SCENARIO_ASSUMPTION,Simulated El Nino environmental shock parameters for stress testing
MODERATE_EL_NINO,Tamil Nadu,Kanchipuram,11.1271,78.1319,Rice / Paddy,25.0,1.8,-30.0,-15.0,12.0,18.0,53.510000000000005,8.3,20.0,3.23,51.92,SCENARIO_ASSUMPTION,Simulated El Nino environmental shock parameters for stress testing
SEVERE_EL_NINO,Tamil Nadu,Kanchipuram,11.1271,78.1319,Rice / Paddy,40.0,2.8,-50.0,-26.0,25.0,35.0,68.51,9.3,0.0,2.81,59.4,SCENARIO_ASSUMPTION,Simulated El Nino environmental shock parameters for stress testing
NORMAL,Tamil Nadu,Kanyakumari,11.2771,79.2719,Rice / Paddy,0.0,0.0,0.0,0.0,0.0,0.0,28.51,3.5,50.0,3.8,49.0,SCENARIO_ASSUMPTION,Simulated El Nino environmental shock parameters for stress testing
MILD_EL_NINO,Tamil Nadu,Kanyakumari,11.2771,79.2719,Rice / Paddy,15.0,1.0,-15.0,-8.0,5.0,8.0,43.510000000000005,4.5,35.0,3.5,52.92,SCENARIO_ASSUMPTION,Simulated El Nino environmental shock parameters for stress testing
MODERATE_EL_NINO,Tamil Nadu,Kanyakumari,11.2771,79.2719,Rice / Paddy,25.0,1.8,-30.0,-15.0,12.0,18.0,53.510000000000005,5.3,20.0,3.23,57.82,SCENARIO_ASSUMPTION,Simulated El Nino environmental shock parameters for stress testing
SEVERE_EL_NINO,Tamil Nadu,Kanyakumari,11.2771,79.2719,Rice / Paddy,40.0,2.8,-50.0,-26.0,25.0,35.0,68.51,6.3,0.0,2.81,66.15,SCENARIO_ASSUMPTION,Simulated El Nino environmental shock parameters for stress testing
NORMAL,Tamil Nadu,Karur,11.7271,78.0119,Rice / Paddy,0.0,0.0,0.0,0.0,0.0,0.0,28.49,3.5,50.0,3.8,46.0,SCENARIO_ASSUMPTION,Simulated El Nino environmental shock parameters for stress testing
MILD_EL_NINO,Tamil Nadu,Karur,11.7271,78.0119,Rice / Paddy,15.0,1.0,-15.0,-8.0,5.0,8.0,43.489999999999995,4.5,35.0,3.5,49.68,SCENARIO_ASSUMPTION,Simulated El Nino environmental shock parameters for stress testing
MODERATE_EL_NINO,Tamil Nadu,Karur,11.7271,78.0119,Rice / Paddy,25.0,1.8,-30.0,-15.0,12.0,18.0,53.489999999999995,5.3,20.0,3.23,54.28,SCENARIO_ASSUMPTION,Simulated El Nino environmental shock parameters for stress testing
SEVERE_EL_NINO,Tamil Nadu,Karur,11.7271,78.0119,Rice / Paddy,40.0,2.8,-50.0,-26.0,25.0,35.0,68.49,6.3,0.0,2.81,62.1,SCENARIO_ASSUMPTION,Simulated El Nino environmental shock parameters for stress testing
NORMAL,Tamil Nadu,Krishnagiri,10.3921,79.2719,Rice / Paddy,0.0,0.0,0.0,0.0,0.0,0.0,28.47,1.5,50.0,3.8,51.0,SCENARIO_ASSUMPTION,Simulated El Nino environmental shock parameters for stress testing
MILD_EL_NINO,Tamil Nadu,Krishnagiri,10.3921,79.2719,Rice / Paddy,15.0,1.0,-15.0,-8.0,5.0,8.0,43.47,2.5,35.0,3.5,55.08,SCENARIO_ASSUMPTION,Simulated El Nino environmental shock parameters for stress testing
MODERATE_EL_NINO,Tamil Nadu,Krishnagiri,10.3921,79.2719,Rice / Paddy,25.0,1.8,-30.0,-15.0,12.0,18.0,53.47,3.3,20.0,3.23,60.18,SCENARIO_ASSUMPTION,Simulated El Nino environmental shock parameters for stress testing
SEVERE_EL_NINO,Tamil Nadu,Krishnagiri,10.3921,79.2719,Rice / Paddy,40.0,2.8,-50.0,-26.0,25.0,35.0,68.47,4.3,0.0,2.81,68.85,SCENARIO_ASSUMPTION,Simulated El Nino environmental shock parameters for stress testing
NORMAL,Tamil Nadu,Madurai,9.9252,78.1198,Rice / Paddy,0.0,0.0,0.0,0.0,0.0,0.0,28.47,4.5,67.99,3.8,47.0,SCENARIO_ASSUMPTION,Simulated El Nino environmental shock parameters for stress testing
MILD_EL_NINO,Tamil Nadu,Madurai,9.9252,78.1198,Rice / Paddy,15.0,1.0,-15.0,-8.0,5.0,8.0,43.47,5.5,52.989999999999995,3.5,50.76,SCENARIO_ASSUMPTION,Simulated El Nino environmental shock parameters for stress testing
MODERATE_EL_NINO,Tamil Nadu,Madurai,9.9252,78.1198,Rice / Paddy,25.0,1.8,-30.0,-15.0,12.0,18.0,53.47,6.3,37.989999999999995,3.23,55.46,SCENARIO_ASSUMPTION,Simulated El Nino environmental shock parameters for stress testing
SEVERE_EL_NINO,Tamil Nadu,Madurai,9.9252,78.1198,Rice / Paddy,40.0,2.8,-50.0,-26.0,25.0,35.0,68.47,7.3,17.989999999999995,2.81,63.45,SCENARIO_ASSUMPTION,Simulated El Nino environmental shock parameters for stress testing
NORMAL,Tamil Nadu,Mayiladuthurai,11.6371,78.8669,Rice / Paddy,0.0,0.0,0.0,0.0,0.0,0.0,28.52,7.5,50.0,3.8,53.0,SCENARIO_ASSUMPTION,Simulated El Nino environmental shock parameters for stress testing
MILD_EL_NINO,Tamil Nadu,Mayiladuthurai,11.6371,78.8669,Rice / Paddy,15.0,1.0,-15.0,-8.0,5.0,8.0,43.519999999999996,8.5,35.0,3.5,57.24,SCENARIO_ASSUMPTION,Simulated El Nino environmental shock parameters for stress testing
MODERATE_EL_NINO,Tamil Nadu,Mayiladuthurai,11.6371,78.8669,Rice / Paddy,25.0,1.8,-30.0,-15.0,12.0,18.0,53.519999999999996,9.3,20.0,3.23,62.54,SCENARIO_ASSUMPTION,Simulated El Nino environmental shock parameters for stress testing
SEVERE_EL_NINO,Tamil Nadu,Mayiladuthurai,11.6371,78.8669,Rice / Paddy,40.0,2.8,-50.0,-26.0,25.0,35.0,68.52,10.3,0.0,2.81,71.55,SCENARIO_ASSUMPTION,Simulated El Nino environmental shock parameters for stress testing
NORMAL,Tamil Nadu,Nagapattinam,10.7672,79.8449,Rice / Paddy,0.0,0.0,0.0,0.0,0.0,0.0,28.5,5.5,50.0,3.8,48.0,SCENARIO_ASSUMPTION,Simulated El Nino environmental shock parameters for stress testing
MILD_EL_NINO,Tamil Nadu,Nagapattinam,10.7672,79.8449,Rice / Paddy,15.0,1.0,-15.0,-8.0,5.0,8.0,43.5,6.5,35.0,3.5,51.84,SCENARIO_ASSUMPTION,Simulated El Nino environmental shock parameters for stress testing
MODERATE_EL_NINO,Tamil Nadu,Nagapattinam,10.7672,79.8449,Rice / Paddy,25.0,1.8,-30.0,-15.0,12.0,18.0,53.5,7.3,20.0,3.23,56.64,SCENARIO_ASSUMPTION,Simulated El Nino environmental shock parameters for stress testing
SEVERE_EL_NINO,Tamil Nadu,Nagapattinam,10.7672,79.8449,Rice / Paddy,40.0,2.8,-50.0,-26.0,25.0,35.0,68.5,8.3,0.0,2.81,64.8,SCENARIO_ASSUMPTION,Simulated El Nino environmental shock parameters for stress testing
NORMAL,Tamil Nadu,Namakkal,11.0821,79.3469,Rice / Paddy,0.0,0.0,0.0,0.0,0.0,0.0,28.49,3.5,50.0,3.8,48.0,SCENARIO_ASSUMPTION,Simulated El Nino environmental shock parameters for stress testing
MILD_EL_NINO,Tamil Nadu,Namakkal,11.0821,79.3469,Rice / Paddy,15.0,1.0,-15.0,-8.0,5.0,8.0,43.489999999999995,4.5,35.0,3.5,51.84,SCENARIO_ASSUMPTION,Simulated El Nino environmental shock parameters for stress testing
MODERATE_EL_NINO,Tamil Nadu,Namakkal,11.0821,79.3469,Rice / Paddy,25.0,1.8,-30.0,-15.0,12.0,18.0,53.489999999999995,5.3,20.0,3.23,56.64,SCENARIO_ASSUMPTION,Simulated El Nino environmental shock parameters for stress testing
SEVERE_EL_NINO,Tamil Nadu,Namakkal,11.0821,79.3469,Rice / Paddy,40.0,2.8,-50.0,-26.0,25.0,35.0,68.49,6.3,0.0,2.81,64.8,SCENARIO_ASSUMPTION,Simulated El Nino environmental shock parameters for stress testing
NORMAL,Tamil Nadu,Nilgiris,10.6321,78.4469,Rice / Paddy,0.0,0.0,0.0,0.0,0.0,0.0,28.51,4.5,50.0,3.8,44.0,SCENARIO_ASSUMPTION,Simulated El Nino environmental shock parameters for stress testing
MILD_EL_NINO,Tamil Nadu,Nilgiris,10.6321,78.4469,Rice / Paddy,15.0,1.0,-15.0,-8.0,5.0,8.0,43.510000000000005,5.5,35.0,3.5,47.52,SCENARIO_ASSUMPTION,Simulated El Nino environmental shock parameters for stress testing
MODERATE_EL_NINO,Tamil Nadu,Nilgiris,10.6321,78.4469,Rice / Paddy,25.0,1.8,-30.0,-15.0,12.0,18.0,53.510000000000005,6.3,20.0,3.23,51.92,SCENARIO_ASSUMPTION,Simulated El Nino environmental shock parameters for stress testing
SEVERE_EL_NINO,Tamil Nadu,Nilgiris,10.6321,78.4469,Rice / Paddy,40.0,2.8,-50.0,-26.0,25.0,35.0,68.51,7.3,0.0,2.81,59.4,SCENARIO_ASSUMPTION,Simulated El Nino environmental shock parameters for stress testing
NORMAL,Tamil Nadu,Perambalur,11.3221,78.6869,Rice / Paddy,0.0,0.0,0.0,0.0,0.0,0.0,28.52,6.5,50.0,3.8,44.0,SCENARIO_ASSUMPTION,Simulated El Nino environmental shock parameters for stress testing
MILD_EL_NINO,Tamil Nadu,Perambalur,11.3221,78.6869,Rice / Paddy,15.0,1.0,-15.0,-8.0,5.0,8.0,43.519999999999996,7.5,35.0,3.5,47.52,SCENARIO_ASSUMPTION,Simulated El Nino environmental shock parameters for stress testing
MODERATE_EL_NINO,Tamil Nadu,Perambalur,11.3221,78.6869,Rice / Paddy,25.0,1.8,-30.0,-15.0,12.0,18.0,53.519999999999996,8.3,20.0,3.23,51.92,SCENARIO_ASSUMPTION,Simulated El Nino environmental shock parameters for stress testing
SEVERE_EL_NINO,Tamil Nadu,Perambalur,11.3221,78.6869,Rice / Paddy,40.0,2.8,-50.0,-26.0,25.0,35.0,68.52,9.3,0.0,2.81,59.4,SCENARIO_ASSUMPTION,Simulated El Nino environmental shock parameters for stress testing
NORMAL,Tamil Nadu,Pudukkottai,11.8471,78.7469,Rice / Paddy,0.0,0.0,0.0,0.0,0.0,0.0,28.51,7.5,50.0,3.8,53.0,SCENARIO_ASSUMPTION,Simulated El Nino environmental shock parameters for stress testing
MILD_EL_NINO,Tamil Nadu,Pudukkottai,11.8471,78.7469,Rice / Paddy,15.0,1.0,-15.0,-8.0,5.0,8.0,43.510000000000005,8.5,35.0,3.5,57.24,SCENARIO_ASSUMPTION,Simulated El Nino environmental shock parameters for stress testing
MODERATE_EL_NINO,Tamil Nadu,Pudukkottai,11.8471,78.7469,Rice / Paddy,25.0,1.8,-30.0,-15.0,12.0,18.0,53.510000000000005,9.3,20.0,3.23,62.54,SCENARIO_ASSUMPTION,Simulated El Nino environmental shock parameters for stress testing
SEVERE_EL_NINO,Tamil Nadu,Pudukkottai,11.8471,78.7469,Rice / Paddy,40.0,2.8,-50.0,-26.0,25.0,35.0,68.51,10.3,0.0,2.81,71.55,SCENARIO_ASSUMPTION,Simulated El Nino environmental shock parameters for stress testing
NORMAL,Tamil Nadu,Ramanathapuram,11.2621,78.6419,Rice / Paddy,0.0,0.0,0.0,0.0,0.0,0.0,28.49,0.5,50.0,3.8,50.0,SCENARIO_ASSUMPTION,Simulated El Nino environmental shock parameters for stress testing
MILD_EL_NINO,Tamil Nadu,Ramanathapuram,11.2621,78.6419,Rice / Paddy,15.0,1.0,-15.0,-8.0,5.0,8.0,43.489999999999995,1.5,35.0,3.5,54.0,SCENARIO_ASSUMPTION,Simulated El Nino environmental shock parameters for stress testing
MODERATE_EL_NINO,Tamil Nadu,Ramanathapuram,11.2621,78.6419,Rice / Paddy,25.0,1.8,-30.0,-15.0,12.0,18.0,53.489999999999995,2.3,20.0,3.23,59.0,SCENARIO_ASSUMPTION,Simulated El Nino environmental shock parameters for stress testing
SEVERE_EL_NINO,Tamil Nadu,Ramanathapuram,11.2621,78.6419,Rice / Paddy,40.0,2.8,-50.0,-26.0,25.0,35.0,68.49,3.3,0.0,2.81,67.5,SCENARIO_ASSUMPTION,Simulated El Nino environmental shock parameters for stress testing
NORMAL,Tamil Nadu,Ranipet,11.3221,79.3469,Rice / Paddy,0.0,0.0,0.0,0.0,0.0,0.0,28.51,5.5,50.0,3.8,45.0,SCENARIO_ASSUMPTION,Simulated El Nino environmental shock parameters for stress testing
MILD_EL_NINO,Tamil Nadu,Ranipet,11.3221,79.3469,Rice / Paddy,15.0,1.0,-15.0,-8.0,5.0,8.0,43.510000000000005,6.5,35.0,3.5,48.6,SCENARIO_ASSUMPTION,Simulated El Nino environmental shock parameters for stress testing
MODERATE_EL_NINO,Tamil Nadu,Ranipet,11.3221,79.3469,Rice / Paddy,25.0,1.8,-30.0,-15.0,12.0,18.0,53.510000000000005,7.3,20.0,3.23,53.1,SCENARIO_ASSUMPTION,Simulated El Nino environmental shock parameters for stress testing
SEVERE_EL_NINO,Tamil Nadu,Ranipet,11.3221,79.3469,Rice / Paddy,40.0,2.8,-50.0,-26.0,25.0,35.0,68.51,8.3,0.0,2.81,60.75,SCENARIO_ASSUMPTION,Simulated El Nino environmental shock parameters for stress testing
NORMAL,Tamil Nadu,Salem,11.4871,78.5519,Rice / Paddy,0.0,0.0,0.0,0.0,0.0,0.0,28.49,6.5,50.0,3.8,45.0,SCENARIO_ASSUMPTION,Simulated El Nino environmental shock parameters for stress testing
MILD_EL_NINO,Tamil Nadu,Salem,11.4871,78.5519,Rice / Paddy,15.0,1.0,-15.0,-8.0,5.0,8.0,43.489999999999995,7.5,35.0,3.5,48.6,SCENARIO_ASSUMPTION,Simulated El Nino environmental shock parameters for stress testing
MODERATE_EL_NINO,Tamil Nadu,Salem,11.4871,78.5519,Rice / Paddy,25.0,1.8,-30.0,-15.0,12.0,18.0,53.489999999999995,8.3,20.0,3.23,53.1,SCENARIO_ASSUMPTION,Simulated El Nino environmental shock parameters for stress testing
SEVERE_EL_NINO,Tamil Nadu,Salem,11.4871,78.5519,Rice / Paddy,40.0,2.8,-50.0,-26.0,25.0,35.0,68.49,9.3,0.0,2.81,60.75,SCENARIO_ASSUMPTION,Simulated El Nino environmental shock parameters for stress testing
NORMAL,Tamil Nadu,Sivaganga,11.6071,78.2969,Rice / Paddy,0.0,0.0,0.0,0.0,0.0,0.0,28.52,1.5,50.0,3.8,43.0,SCENARIO_ASSUMPTION,Simulated El Nino environmental shock parameters for stress testing
MILD_EL_NINO,Tamil Nadu,Sivaganga,11.6071,78.2969,Rice / Paddy,15.0,1.0,-15.0,-8.0,5.0,8.0,43.519999999999996,2.5,35.0,3.5,46.44,SCENARIO_ASSUMPTION,Simulated El Nino environmental shock parameters for stress testing
MODERATE_EL_NINO,Tamil Nadu,Sivaganga,11.6071,78.2969,Rice / Paddy,25.0,1.8,-30.0,-15.0,12.0,18.0,53.519999999999996,3.3,20.0,3.23,50.74,SCENARIO_ASSUMPTION,Simulated El Nino environmental shock parameters for stress testing
SEVERE_EL_NINO,Tamil Nadu,Sivaganga,11.6071,78.2969,Rice / Paddy,40.0,2.8,-50.0,-26.0,25.0,35.0,68.52,4.3,0.0,2.81,58.05,SCENARIO_ASSUMPTION,Simulated El Nino environmental shock parameters for stress testing
NORMAL,Tamil Nadu,Tenkasi,11.4271,77.9819,Rice / Paddy,0.0,0.0,0.0,0.0,0.0,0.0,28.52,6.5,50.0,3.8,46.0,SCENARIO_ASSUMPTION,Simulated El Nino environmental shock parameters for stress testing
MILD_EL_NINO,Tamil Nadu,Tenkasi,11.4271,77.9819,Rice / Paddy,15.0,1.0,-15.0,-8.0,5.0,8.0,43.519999999999996,7.5,35.0,3.5,49.68,SCENARIO_ASSUMPTION,Simulated El Nino environmental shock parameters for stress testing
MODERATE_EL_NINO,Tamil Nadu,Tenkasi,11.4271,77.9819,Rice / Paddy,25.0,1.8,-30.0,-15.0,12.0,18.0,53.519999999999996,8.3,20.0,3.23,54.28,SCENARIO_ASSUMPTION,Simulated El Nino environmental shock parameters for stress testing
SEVERE_EL_NINO,Tamil Nadu,Tenkasi,11.4271,77.9819,Rice / Paddy,40.0,2.8,-50.0,-26.0,25.0,35.0,68.52,9.3,0.0,2.81,62.1,SCENARIO_ASSUMPTION,Simulated El Nino environmental shock parameters for stress testing
NORMAL,Tamil Nadu,Thanjavur,10.787,79.1378,Rice / Paddy,0.0,0.0,0.0,0.0,0.0,0.0,28.52,4.5,45.0,3.8,44.0,SCENARIO_ASSUMPTION,Simulated El Nino environmental shock parameters for stress testing
MILD_EL_NINO,Tamil Nadu,Thanjavur,10.787,79.1378,Rice / Paddy,15.0,1.0,-15.0,-8.0,5.0,8.0,43.519999999999996,5.5,30.0,3.5,47.52,SCENARIO_ASSUMPTION,Simulated El Nino environmental shock parameters for stress testing
MODERATE_EL_NINO,Tamil Nadu,Thanjavur,10.787,79.1378,Rice / Paddy,25.0,1.8,-30.0,-15.0,12.0,18.0,53.519999999999996,6.3,15.0,3.23,51.92,SCENARIO_ASSUMPTION,Simulated El Nino environmental shock parameters for stress testing
SEVERE_EL_NINO,Tamil Nadu,Thanjavur,10.787,79.1378,Rice / Paddy,40.0,2.8,-50.0,-26.0,25.0,35.0,68.52,7.3,0.0,2.81,59.4,SCENARIO_ASSUMPTION,Simulated El Nino environmental shock parameters for stress testing
NORMAL,Tamil Nadu,Theni,10.6771,79.2419,Rice / Paddy,0.0,0.0,0.0,0.0,0.0,0.0,28.5,5.5,50.0,3.8,48.0,SCENARIO_ASSUMPTION,Simulated El Nino environmental shock parameters for stress testing
MILD_EL_NINO,Tamil Nadu,Theni,10.6771,79.2419,Rice / Paddy,15.0,1.0,-15.0,-8.0,5.0,8.0,43.5,6.5,35.0,3.5,51.84,SCENARIO_ASSUMPTION,Simulated El Nino environmental shock parameters for stress testing
MODERATE_EL_NINO,Tamil Nadu,Theni,10.6771,79.2419,Rice / Paddy,25.0,1.8,-30.0,-15.0,12.0,18.0,53.5,7.3,20.0,3.23,56.64,SCENARIO_ASSUMPTION,Simulated El Nino environmental shock parameters for stress testing
SEVERE_EL_NINO,Tamil Nadu,Theni,10.6771,79.2419,Rice / Paddy,40.0,2.8,-50.0,-26.0,25.0,35.0,68.5,8.3,0.0,2.81,64.8,SCENARIO_ASSUMPTION,Simulated El Nino environmental shock parameters for stress testing
NORMAL,Tamil Nadu,Thoothukudi,11.2021,79.3319,Rice / Paddy,0.0,0.0,0.0,0.0,0.0,0.0,28.5,0.5,50.0,3.8,49.0,SCENARIO_ASSUMPTION,Simulated El Nino environmental shock parameters for stress testing
MILD_EL_NINO,Tamil Nadu,Thoothukudi,11.2021,79.3319,Rice / Paddy,15.0,1.0,-15.0,-8.0,5.0,8.0,43.5,1.5,35.0,3.5,52.92,SCENARIO_ASSUMPTION,Simulated El Nino environmental shock parameters for stress testing
MODERATE_EL_NINO,Tamil Nadu,Thoothukudi,11.2021,79.3319,Rice / Paddy,25.0,1.8,-30.0,-15.0,12.0,18.0,53.5,2.3,20.0,3.23,57.82,SCENARIO_ASSUMPTION,Simulated El Nino environmental shock parameters for stress testing
SEVERE_EL_NINO,Tamil Nadu,Thoothukudi,11.2021,79.3319,Rice / Paddy,40.0,2.8,-50.0,-26.0,25.0,35.0,68.5,3.3,0.0,2.81,66.15,SCENARIO_ASSUMPTION,Simulated El Nino environmental shock parameters for stress testing
NORMAL,Tamil Nadu,Tiruchirappalli,10.7905,78.7047,Rice / Paddy,0.0,0.0,0.0,0.0,0.0,0.0,28.49,2.5,50.0,3.8,50.0,SCENARIO_ASSUMPTION,Simulated El Nino environmental shock parameters for stress testing
MILD_EL_NINO,Tamil Nadu,Tiruchirappalli,10.7905,78.7047,Rice / Paddy,15.0,1.0,-15.0,-8.0,5.0,8.0,43.489999999999995,3.5,35.0,3.5,54.0,SCENARIO_ASSUMPTION,Simulated El Nino environmental shock parameters for stress testing
MODERATE_EL_NINO,Tamil Nadu,Tiruchirappalli,10.7905,78.7047,Rice / Paddy,25.0,1.8,-30.0,-15.0,12.0,18.0,53.489999999999995,4.3,20.0,3.23,59.0,SCENARIO_ASSUMPTION,Simulated El Nino environmental shock parameters for stress testing
SEVERE_EL_NINO,Tamil Nadu,Tiruchirappalli,10.7905,78.7047,Rice / Paddy,40.0,2.8,-50.0,-26.0,25.0,35.0,68.49,5.3,0.0,2.81,67.5,SCENARIO_ASSUMPTION,Simulated El Nino environmental shock parameters for stress testing
NORMAL,Tamil Nadu,Tirunelveli,11.5771,78.6419,Rice / Paddy,0.0,0.0,0.0,0.0,0.0,0.0,28.51,6.5,50.0,3.8,51.0,SCENARIO_ASSUMPTION,Simulated El Nino environmental shock parameters for stress testing
MILD_EL_NINO,Tamil Nadu,Tirunelveli,11.5771,78.6419,Rice / Paddy,15.0,1.0,-15.0,-8.0,5.0,8.0,43.510000000000005,7.5,35.0,3.5,55.08,SCENARIO_ASSUMPTION,Simulated El Nino environmental shock parameters for stress testing
MODERATE_EL_NINO,Tamil Nadu,Tirunelveli,11.5771,78.6419,Rice / Paddy,25.0,1.8,-30.0,-15.0,12.0,18.0,53.510000000000005,8.3,20.0,3.23,60.18,SCENARIO_ASSUMPTION,Simulated El Nino environmental shock parameters for stress testing
SEVERE_EL_NINO,Tamil Nadu,Tirunelveli,11.5771,78.6419,Rice / Paddy,40.0,2.8,-50.0,-26.0,25.0,35.0,68.51,9.3,0.0,2.81,68.85,SCENARIO_ASSUMPTION,Simulated El Nino environmental shock parameters for stress testing
NORMAL,Tamil Nadu,Tirupathur,11.8321,78.5219,Rice / Paddy,0.0,0.0,0.0,0.0,0.0,0.0,28.52,4.5,50.0,3.8,53.0,SCENARIO_ASSUMPTION,Simulated El Nino environmental shock parameters for stress testing
MILD_EL_NINO,Tamil Nadu,Tirupathur,11.8321,78.5219,Rice / Paddy,15.0,1.0,-15.0,-8.0,5.0,8.0,43.519999999999996,5.5,35.0,3.5,57.24,SCENARIO_ASSUMPTION,Simulated El Nino environmental shock parameters for stress testing
MODERATE_EL_NINO,Tamil Nadu,Tirupathur,11.8321,78.5219,Rice / Paddy,25.0,1.8,-30.0,-15.0,12.0,18.0,53.519999999999996,6.3,20.0,3.23,62.54,SCENARIO_ASSUMPTION,Simulated El Nino environmental shock parameters for stress testing
SEVERE_EL_NINO,Tamil Nadu,Tirupathur,11.8321,78.5219,Rice / Paddy,40.0,2.8,-50.0,-26.0,25.0,35.0,68.52,7.3,0.0,2.81,71.55,SCENARIO_ASSUMPTION,Simulated El Nino environmental shock parameters for stress testing
NORMAL,Tamil Nadu,Tiruppur,11.8321,78.1319,Rice / Paddy,0.0,0.0,0.0,0.0,0.0,0.0,28.48,6.5,50.0,3.8,42.0,SCENARIO_ASSUMPTION,Simulated El Nino environmental shock parameters for stress testing
MILD_EL_NINO,Tamil Nadu,Tiruppur,11.8321,78.1319,Rice / Paddy,15.0,1.0,-15.0,-8.0,5.0,8.0,43.480000000000004,7.5,35.0,3.5,45.36,SCENARIO_ASSUMPTION,Simulated El Nino environmental shock parameters for stress testing
MODERATE_EL_NINO,Tamil Nadu,Tiruppur,11.8321,78.1319,Rice / Paddy,25.0,1.8,-30.0,-15.0,12.0,18.0,53.480000000000004,8.3,20.0,3.23,49.56,SCENARIO_ASSUMPTION,Simulated El Nino environmental shock parameters for stress testing
SEVERE_EL_NINO,Tamil Nadu,Tiruppur,11.8321,78.1319,Rice / Paddy,40.0,2.8,-50.0,-26.0,25.0,35.0,68.48,9.3,0.0,2.81,56.7,SCENARIO_ASSUMPTION,Simulated El Nino environmental shock parameters for stress testing
NORMAL,Tamil Nadu,Tiruvallur,11.5471,78.8969,Rice / Paddy,0.0,0.0,0.0,0.0,0.0,0.0,28.46,5.5,50.0,3.8,43.0,SCENARIO_ASSUMPTION,Simulated El Nino environmental shock parameters for stress testing
MILD_EL_NINO,Tamil Nadu,Tiruvallur,11.5471,78.8969,Rice / Paddy,15.0,1.0,-15.0,-8.0,5.0,8.0,43.46,6.5,35.0,3.5,46.44,SCENARIO_ASSUMPTION,Simulated El Nino environmental shock parameters for stress testing
MODERATE_EL_NINO,Tamil Nadu,Tiruvallur,11.5471,78.8969,Rice / Paddy,25.0,1.8,-30.0,-15.0,12.0,18.0,53.46,7.3,20.0,3.23,50.74,SCENARIO_ASSUMPTION,Simulated El Nino environmental shock parameters for stress testing
SEVERE_EL_NINO,Tamil Nadu,Tiruvallur,11.5471,78.8969,Rice / Paddy,40.0,2.8,-50.0,-26.0,25.0,35.0,68.46000000000001,8.3,0.0,2.81,58.05,SCENARIO_ASSUMPTION,Simulated El Nino environmental shock parameters for stress testing
NORMAL,Tamil Nadu,Tiruvannamalai,10.4221,77.9219,Rice / Paddy,0.0,0.0,0.0,0.0,0.0,0.0,28.48,1.5,50.0,3.8,50.0,SCENARIO_ASSUMPTION,Simulated El Nino environmental shock parameters for stress testing
MILD_EL_NINO,Tamil Nadu,Tiruvannamalai,10.4221,77.9219,Rice / Paddy,15.0,1.0,-15.0,-8.0,5.0,8.0,43.480000000000004,2.5,35.0,3.5,54.0,SCENARIO_ASSUMPTION,Simulated El Nino environmental shock parameters for stress testing
MODERATE_EL_NINO,Tamil Nadu,Tiruvannamalai,10.4221,77.9219,Rice / Paddy,25.0,1.8,-30.0,-15.0,12.0,18.0,53.480000000000004,3.3,20.0,3.23,59.0,SCENARIO_ASSUMPTION,Simulated El Nino environmental shock parameters for stress testing
SEVERE_EL_NINO,Tamil Nadu,Tiruvannamalai,10.4221,77.9219,Rice / Paddy,40.0,2.8,-50.0,-26.0,25.0,35.0,68.48,4.3,0.0,2.81,67.5,SCENARIO_ASSUMPTION,Simulated El Nino environmental shock parameters for stress testing
NORMAL,Tamil Nadu,Tiruvarur,11.0671,79.2869,Rice / Paddy,0.0,0.0,0.0,0.0,0.0,0.0,28.51,6.5,42.0,3.8,45.0,SCENARIO_ASSUMPTION,Simulated El Nino environmental shock parameters for stress testing
MILD_EL_NINO,Tamil Nadu,Tiruvarur,11.0671,79.2869,Rice / Paddy,15.0,1.0,-15.0,-8.0,5.0,8.0,43.510000000000005,7.5,27.0,3.5,48.6,SCENARIO_ASSUMPTION,Simulated El Nino environmental shock parameters for stress testing
MODERATE_EL_NINO,Tamil Nadu,Tiruvarur,11.0671,79.2869,Rice / Paddy,25.0,1.8,-30.0,-15.0,12.0,18.0,53.510000000000005,8.3,12.0,3.23,53.1,SCENARIO_ASSUMPTION,Simulated El Nino environmental shock parameters for stress testing
SEVERE_EL_NINO,Tamil Nadu,Tiruvarur,11.0671,79.2869,Rice / Paddy,40.0,2.8,-50.0,-26.0,25.0,35.0,68.51,9.3,0.0,2.81,60.75,SCENARIO_ASSUMPTION,Simulated El Nino environmental shock parameters for stress testing
NORMAL,Tamil Nadu,Vellore,11.0221,78.0569,Rice / Paddy,0.0,0.0,0.0,0.0,0.0,0.0,28.49,4.5,50.0,3.8,43.0,SCENARIO_ASSUMPTION,Simulated El Nino environmental shock parameters for stress testing
MILD_EL_NINO,Tamil Nadu,Vellore,11.0221,78.0569,Rice / Paddy,15.0,1.0,-15.0,-8.0,5.0,8.0,43.489999999999995,5.5,35.0,3.5,46.44,SCENARIO_ASSUMPTION,Simulated El Nino environmental shock parameters for stress testing
MODERATE_EL_NINO,Tamil Nadu,Vellore,11.0221,78.0569,Rice / Paddy,25.0,1.8,-30.0,-15.0,12.0,18.0,53.489999999999995,6.3,20.0,3.23,50.74,SCENARIO_ASSUMPTION,Simulated El Nino environmental shock parameters for stress testing
SEVERE_EL_NINO,Tamil Nadu,Vellore,11.0221,78.0569,Rice / Paddy,40.0,2.8,-50.0,-26.0,25.0,35.0,68.49,7.3,0.0,2.81,58.05,SCENARIO_ASSUMPTION,Simulated El Nino environmental shock parameters for stress testing
NORMAL,Tamil Nadu,Viluppuram,11.0671,78.9419,Rice / Paddy,0.0,0.0,0.0,0.0,0.0,0.0,28.5,5.5,50.0,3.8,49.0,SCENARIO_ASSUMPTION,Simulated El Nino environmental shock parameters for stress testing
MILD_EL_NINO,Tamil Nadu,Viluppuram,11.0671,78.9419,Rice / Paddy,15.0,1.0,-15.0,-8.0,5.0,8.0,43.5,6.5,35.0,3.5,52.92,SCENARIO_ASSUMPTION,Simulated El Nino environmental shock parameters for stress testing
MODERATE_EL_NINO,Tamil Nadu,Viluppuram,11.0671,78.9419,Rice / Paddy,25.0,1.8,-30.0,-15.0,12.0,18.0,53.5,7.3,20.0,3.23,57.82,SCENARIO_ASSUMPTION,Simulated El Nino environmental shock parameters for stress testing
SEVERE_EL_NINO,Tamil Nadu,Viluppuram,11.0671,78.9419,Rice / Paddy,40.0,2.8,-50.0,-26.0,25.0,35.0,68.5,8.3,0.0,2.81,66.15,SCENARIO_ASSUMPTION,Simulated El Nino environmental shock parameters for stress testing
NORMAL,Tamil Nadu,Virudhunagar,10.6321,78.5969,Rice / Paddy,0.0,0.0,0.0,0.0,0.0,0.0,28.5,7.5,50.0,3.8,53.0,SCENARIO_ASSUMPTION,Simulated El Nino environmental shock parameters for stress testing
MILD_EL_NINO,Tamil Nadu,Virudhunagar,10.6321,78.5969,Rice / Paddy,15.0,1.0,-15.0,-8.0,5.0,8.0,43.5,8.5,35.0,3.5,57.24,SCENARIO_ASSUMPTION,Simulated El Nino environmental shock parameters for stress testing
MODERATE_EL_NINO,Tamil Nadu,Virudhunagar,10.6321,78.5969,Rice / Paddy,25.0,1.8,-30.0,-15.0,12.0,18.0,53.5,9.3,20.0,3.23,62.54,SCENARIO_ASSUMPTION,Simulated El Nino environmental shock parameters for stress testing
SEVERE_EL_NINO,Tamil Nadu,Virudhunagar,10.6321,78.5969,Rice / Paddy,40.0,2.8,-50.0,-26.0,25.0,35.0,68.5,10.3,0.0,2.81,71.55,SCENARIO_ASSUMPTION,Simulated El Nino environmental shock parameters for stress testing
NORMAL,Telangana,Adilabad,17.9474,78.4193,Rice / Paddy,0.0,0.0,0.0,0.0,0.0,0.0,28.53,7.5,50.0,4.1,47.0,SCENARIO_ASSUMPTION,Simulated El Nino environmental shock parameters for stress testing
MILD_EL_NINO,Telangana,Adilabad,17.9474,78.4193,Rice / Paddy,15.0,1.0,-15.0,-8.0,5.0,8.0,43.53,8.5,35.0,3.77,50.76,SCENARIO_ASSUMPTION,Simulated El Nino environmental shock parameters for stress testing
MODERATE_EL_NINO,Telangana,Adilabad,17.9474,78.4193,Rice / Paddy,25.0,1.8,-30.0,-15.0,12.0,18.0,53.53,9.3,20.0,3.48,55.46,SCENARIO_ASSUMPTION,Simulated El Nino environmental shock parameters for stress testing
SEVERE_EL_NINO,Telangana,Adilabad,17.9474,78.4193,Rice / Paddy,40.0,2.8,-50.0,-26.0,25.0,35.0,68.53,10.3,0.0,3.03,63.45,SCENARIO_ASSUMPTION,Simulated El Nino environmental shock parameters for stress testing
NORMAL,Telangana,Bhadradri Kothagudem,18.2774,78.4343,Rice / Paddy,0.0,0.0,0.0,0.0,0.0,0.0,28.51,0.5,50.0,4.1,42.0,SCENARIO_ASSUMPTION,Simulated El Nino environmental shock parameters for stress testing
MILD_EL_NINO,Telangana,Bhadradri Kothagudem,18.2774,78.4343,Rice / Paddy,15.0,1.0,-15.0,-8.0,5.0,8.0,43.510000000000005,1.5,35.0,3.77,45.36,SCENARIO_ASSUMPTION,Simulated El Nino environmental shock parameters for stress testing
MODERATE_EL_NINO,Telangana,Bhadradri Kothagudem,18.2774,78.4343,Rice / Paddy,25.0,1.8,-30.0,-15.0,12.0,18.0,53.510000000000005,2.3,20.0,3.48,49.56,SCENARIO_ASSUMPTION,Simulated El Nino environmental shock parameters for stress testing
SEVERE_EL_NINO,Telangana,Bhadradri Kothagudem,18.2774,78.4343,Rice / Paddy,40.0,2.8,-50.0,-26.0,25.0,35.0,68.51,3.3,0.0,3.03,56.7,SCENARIO_ASSUMPTION,Simulated El Nino environmental shock parameters for stress testing
NORMAL,Telangana,Hyderabad,17.385,78.4867,Rice / Paddy,0.0,0.0,0.0,0.0,0.0,0.0,28.5,6.5,50.0,4.1,53.0,SCENARIO_ASSUMPTION,Simulated El Nino environmental shock parameters for stress testing
MILD_EL_NINO,Telangana,Hyderabad,17.385,78.4867,Rice / Paddy,15.0,1.0,-15.0,-8.0,5.0,8.0,43.5,7.5,35.0,3.77,57.24,SCENARIO_ASSUMPTION,Simulated El Nino environmental shock parameters for stress testing
MODERATE_EL_NINO,Telangana,Hyderabad,17.385,78.4867,Rice / Paddy,25.0,1.8,-30.0,-15.0,12.0,18.0,53.5,8.3,20.0,3.48,62.54,SCENARIO_ASSUMPTION,Simulated El Nino environmental shock parameters for stress testing
SEVERE_EL_NINO,Telangana,Hyderabad,17.385,78.4867,Rice / Paddy,40.0,2.8,-50.0,-26.0,25.0,35.0,68.5,9.3,0.0,3.03,71.55,SCENARIO_ASSUMPTION,Simulated El Nino environmental shock parameters for stress testing
NORMAL,Telangana,Jagtial,17.6624,78.5543,Rice / Paddy,0.0,0.0,0.0,0.0,0.0,0.0,28.48,0.5,50.0,4.1,51.0,SCENARIO_ASSUMPTION,Simulated El Nino environmental shock parameters for stress testing
MILD_EL_NINO,Telangana,Jagtial,17.6624,78.5543,Rice / Paddy,15.0,1.0,-15.0,-8.0,5.0,8.0,43.480000000000004,1.5,35.0,3.77,55.08,SCENARIO_ASSUMPTION,Simulated El Nino environmental shock parameters for stress testing
MODERATE_EL_NINO,Telangana,Jagtial,17.6624,78.5543,Rice / Paddy,25.0,1.8,-30.0,-15.0,12.0,18.0,53.480000000000004,2.3,20.0,3.48,60.18,SCENARIO_ASSUMPTION,Simulated El Nino environmental shock parameters for stress testing
SEVERE_EL_NINO,Telangana,Jagtial,17.6624,78.5543,Rice / Paddy,40.0,2.8,-50.0,-26.0,25.0,35.0,68.48,3.3,0.0,3.03,68.85,SCENARIO_ASSUMPTION,Simulated El Nino environmental shock parameters for stress testing
NORMAL,Telangana,Jangaon,17.3924,79.1393,Rice / Paddy,0.0,0.0,0.0,0.0,0.0,0.0,28.5,1.5,50.0,4.1,49.0,SCENARIO_ASSUMPTION,Simulated El Nino environmental shock parameters for stress testing
MILD_EL_NINO,Telangana,Jangaon,17.3924,79.1393,Rice / Paddy,15.0,1.0,-15.0,-8.0,5.0,8.0,43.5,2.5,35.0,3.77,52.92,SCENARIO_ASSUMPTION,Simulated El Nino environmental shock parameters for stress testing
MODERATE_EL_NINO,Telangana,Jangaon,17.3924,79.1393,Rice / Paddy,25.0,1.8,-30.0,-15.0,12.0,18.0,53.5,3.3,20.0,3.48,57.82,SCENARIO_ASSUMPTION,Simulated El Nino environmental shock parameters for stress testing
SEVERE_EL_NINO,Telangana,Jangaon,17.3924,79.1393,Rice / Paddy,40.0,2.8,-50.0,-26.0,25.0,35.0,68.5,4.3,0.0,3.03,66.15,SCENARIO_ASSUMPTION,Simulated El Nino environmental shock parameters for stress testing
NORMAL,Telangana,Jayashankar Bhupalpally,18.7574,79.1993,Rice / Paddy,0.0,0.0,0.0,0.0,0.0,0.0,28.51,0.5,50.0,4.1,45.0,SCENARIO_ASSUMPTION,Simulated El Nino environmental shock parameters for stress testing
MILD_EL_NINO,Telangana,Jayashankar Bhupalpally,18.7574,79.1993,Rice / Paddy,15.0,1.0,-15.0,-8.0,5.0,8.0,43.510000000000005,1.5,35.0,3.77,48.6,SCENARIO_ASSUMPTION,Simulated El Nino environmental shock parameters for stress testing
MODERATE_EL_NINO,Telangana,Jayashankar Bhupalpally,18.7574,79.1993,Rice / Paddy,25.0,1.8,-30.0,-15.0,12.0,18.0,53.510000000000005,2.3,20.0,3.48,53.1,SCENARIO_ASSUMPTION,Simulated El Nino environmental shock parameters for stress testing
SEVERE_EL_NINO,Telangana,Jayashankar Bhupalpally,18.7574,79.1993,Rice / Paddy,40.0,2.8,-50.0,-26.0,25.0,35.0,68.51,3.3,0.0,3.03,60.75,SCENARIO_ASSUMPTION,Simulated El Nino environmental shock parameters for stress testing
NORMAL,Telangana,Jogulamba Gadwal,17.6624,79.6493,Rice / Paddy,0.0,0.0,0.0,0.0,0.0,0.0,28.49,7.5,50.0,4.1,42.0,SCENARIO_ASSUMPTION,Simulated El Nino environmental shock parameters for stress testing
MILD_EL_NINO,Telangana,Jogulamba Gadwal,17.6624,79.6493,Rice / Paddy,15.0,1.0,-15.0,-8.0,5.0,8.0,43.489999999999995,8.5,35.0,3.77,45.36,SCENARIO_ASSUMPTION,Simulated El Nino environmental shock parameters for stress testing
MODERATE_EL_NINO,Telangana,Jogulamba Gadwal,17.6624,79.6493,Rice / Paddy,25.0,1.8,-30.0,-15.0,12.0,18.0,53.489999999999995,9.3,20.0,3.48,49.56,SCENARIO_ASSUMPTION,Simulated El Nino environmental shock parameters for stress testing
SEVERE_EL_NINO,Telangana,Jogulamba Gadwal,17.6624,79.6493,Rice / Paddy,40.0,2.8,-50.0,-26.0,25.0,35.0,68.49,10.3,0.0,3.03,56.7,SCENARIO_ASSUMPTION,Simulated El Nino environmental shock parameters for stress testing
NORMAL,Telangana,Kamareddy,17.6324,79.3493,Rice / Paddy,0.0,0.0,0.0,0.0,0.0,0.0,28.48,2.5,50.0,4.1,49.0,SCENARIO_ASSUMPTION,Simulated El Nino environmental shock parameters for stress testing
MILD_EL_NINO,Telangana,Kamareddy,17.6324,79.3493,Rice / Paddy,15.0,1.0,-15.0,-8.0,5.0,8.0,43.480000000000004,3.5,35.0,3.77,52.92,SCENARIO_ASSUMPTION,Simulated El Nino environmental shock parameters for stress testing
MODERATE_EL_NINO,Telangana,Kamareddy,17.6324,79.3493,Rice / Paddy,25.0,1.8,-30.0,-15.0,12.0,18.0,53.480000000000004,4.3,20.0,3.48,57.82,SCENARIO_ASSUMPTION,Simulated El Nino environmental shock parameters for stress testing
SEVERE_EL_NINO,Telangana,Kamareddy,17.6324,79.3493,Rice / Paddy,40.0,2.8,-50.0,-26.0,25.0,35.0,68.48,5.3,0.0,3.03,66.15,SCENARIO_ASSUMPTION,Simulated El Nino environmental shock parameters for stress testing
NORMAL,Telangana,Karimnagar,17.5724,78.6743,Rice / Paddy,0.0,0.0,0.0,0.0,0.0,0.0,28.51,4.5,50.0,4.1,50.0,SCENARIO_ASSUMPTION,Simulated El Nino environmental shock parameters for stress testing
MILD_EL_NINO,Telangana,Karimnagar,17.5724,78.6743,Rice / Paddy,15.0,1.0,-15.0,-8.0,5.0,8.0,43.510000000000005,5.5,35.0,3.77,54.0,SCENARIO_ASSUMPTION,Simulated El Nino environmental shock parameters for stress testing
MODERATE_EL_NINO,Telangana,Karimnagar,17.5724,78.6743,Rice / Paddy,25.0,1.8,-30.0,-15.0,12.0,18.0,53.510000000000005,6.3,20.0,3.48,59.0,SCENARIO_ASSUMPTION,Simulated El Nino environmental shock parameters for stress testing
SEVERE_EL_NINO,Telangana,Karimnagar,17.5724,78.6743,Rice / Paddy,40.0,2.8,-50.0,-26.0,25.0,35.0,68.51,7.3,0.0,3.03,67.5,SCENARIO_ASSUMPTION,Simulated El Nino environmental shock parameters for stress testing
NORMAL,Telangana,Khammam,18.4424,79.1693,Rice / Paddy,0.0,0.0,0.0,0.0,0.0,0.0,28.49,3.5,50.0,4.1,52.0,SCENARIO_ASSUMPTION,Simulated El Nino environmental shock parameters for stress testing
MILD_EL_NINO,Telangana,Khammam,18.4424,79.1693,Rice / Paddy,15.0,1.0,-15.0,-8.0,5.0,8.0,43.489999999999995,4.5,35.0,3.77,56.16,SCENARIO_ASSUMPTION,Simulated El Nino environmental shock parameters for stress testing
MODERATE_EL_NINO,Telangana,Khammam,18.4424,79.1693,Rice / Paddy,25.0,1.8,-30.0,-15.0,12.0,18.0,53.489999999999995,5.3,20.0,3.48,61.36,SCENARIO_ASSUMPTION,Simulated El Nino environmental shock parameters for stress testing
SEVERE_EL_NINO,Telangana,Khammam,18.4424,79.1693,Rice / Paddy,40.0,2.8,-50.0,-26.0,25.0,35.0,68.49,6.3,0.0,3.03,70.2,SCENARIO_ASSUMPTION,Simulated El Nino environmental shock parameters for stress testing
NORMAL,Telangana,Kumuram Bheem,18.0824,79.6643,Rice / Paddy,0.0,0.0,0.0,0.0,0.0,0.0,28.47,2.5,50.0,4.1,49.0,SCENARIO_ASSUMPTION,Simulated El Nino environmental shock parameters for stress testing
MILD_EL_NINO,Telangana,Kumuram Bheem,18.0824,79.6643,Rice / Paddy,15.0,1.0,-15.0,-8.0,5.0,8.0,43.47,3.5,35.0,3.77,52.92,SCENARIO_ASSUMPTION,Simulated El Nino environmental shock parameters for stress testing
MODERATE_EL_NINO,Telangana,Kumuram Bheem,18.0824,79.6643,Rice / Paddy,25.0,1.8,-30.0,-15.0,12.0,18.0,53.47,4.3,20.0,3.48,57.82,SCENARIO_ASSUMPTION,Simulated El Nino environmental shock parameters for stress testing
SEVERE_EL_NINO,Telangana,Kumuram Bheem,18.0824,79.6643,Rice / Paddy,40.0,2.8,-50.0,-26.0,25.0,35.0,68.47,5.3,0.0,3.03,66.15,SCENARIO_ASSUMPTION,Simulated El Nino environmental shock parameters for stress testing
NORMAL,Telangana,Mahabubabad,18.2474,78.4343,Rice / Paddy,0.0,0.0,0.0,0.0,0.0,0.0,28.45,7.5,50.0,4.1,51.0,SCENARIO_ASSUMPTION,Simulated El Nino environmental shock parameters for stress testing
MILD_EL_NINO,Telangana,Mahabubabad,18.2474,78.4343,Rice / Paddy,15.0,1.0,-15.0,-8.0,5.0,8.0,43.45,8.5,35.0,3.77,55.08,SCENARIO_ASSUMPTION,Simulated El Nino environmental shock parameters for stress testing
MODERATE_EL_NINO,Telangana,Mahabubabad,18.2474,78.4343,Rice / Paddy,25.0,1.8,-30.0,-15.0,12.0,18.0,53.45,9.3,20.0,3.48,60.18,SCENARIO_ASSUMPTION,Simulated El Nino environmental shock parameters for stress testing
SEVERE_EL_NINO,Telangana,Mahabubabad,18.2474,78.4343,Rice / Paddy,40.0,2.8,-50.0,-26.0,25.0,35.0,68.45,10.3,0.0,3.03,68.85,SCENARIO_ASSUMPTION,Simulated El Nino environmental shock parameters for stress testing
NORMAL,Telangana,Mahabubnagar,18.7874,79.1243,Rice / Paddy,0.0,0.0,0.0,0.0,0.0,0.0,28.48,3.5,50.0,4.1,51.0,SCENARIO_ASSUMPTION,Simulated El Nino environmental shock parameters for stress testing
MILD_EL_NINO,Telangana,Mahabubnagar,18.7874,79.1243,Rice / Paddy,15.0,1.0,-15.0,-8.0,5.0,8.0,43.480000000000004,4.5,35.0,3.77,55.08,SCENARIO_ASSUMPTION,Simulated El Nino environmental shock parameters for stress testing
MODERATE_EL_NINO,Telangana,Mahabubnagar,18.7874,79.1243,Rice / Paddy,25.0,1.8,-30.0,-15.0,12.0,18.0,53.480000000000004,5.3,20.0,3.48,60.18,SCENARIO_ASSUMPTION,Simulated El Nino environmental shock parameters for stress testing
SEVERE_EL_NINO,Telangana,Mahabubnagar,18.7874,79.1243,Rice / Paddy,40.0,2.8,-50.0,-26.0,25.0,35.0,68.48,6.3,0.0,3.03,68.85,SCENARIO_ASSUMPTION,Simulated El Nino environmental shock parameters for stress testing
NORMAL,Telangana,Mancherial,17.6774,79.6643,Rice / Paddy,0.0,0.0,0.0,0.0,0.0,0.0,28.52,7.5,50.0,4.1,48.0,SCENARIO_ASSUMPTION,Simulated El Nino environmental shock parameters for stress testing
MILD_EL_NINO,Telangana,Mancherial,17.6774,79.6643,Rice / Paddy,15.0,1.0,-15.0,-8.0,5.0,8.0,43.519999999999996,8.5,35.0,3.77,51.84,SCENARIO_ASSUMPTION,Simulated El Nino environmental shock parameters for stress testing
MODERATE_EL_NINO,Telangana,Mancherial,17.6774,79.6643,Rice / Paddy,25.0,1.8,-30.0,-15.0,12.0,18.0,53.519999999999996,9.3,20.0,3.48,56.64,SCENARIO_ASSUMPTION,Simulated El Nino environmental shock parameters for stress testing
SEVERE_EL_NINO,Telangana,Mancherial,17.6774,79.6643,Rice / Paddy,40.0,2.8,-50.0,-26.0,25.0,35.0,68.52,10.3,0.0,3.03,64.8,SCENARIO_ASSUMPTION,Simulated El Nino environmental shock parameters for stress testing
NORMAL,Telangana,Medak,18.2924,79.2443,Rice / Paddy,0.0,0.0,0.0,0.0,0.0,0.0,28.5,7.5,50.0,4.1,50.0,SCENARIO_ASSUMPTION,Simulated El Nino environmental shock parameters for stress testing
MILD_EL_NINO,Telangana,Medak,18.2924,79.2443,Rice / Paddy,15.0,1.0,-15.0,-8.0,5.0,8.0,43.5,8.5,35.0,3.77,54.0,SCENARIO_ASSUMPTION,Simulated El Nino environmental shock parameters for stress testing
MODERATE_EL_NINO,Telangana,Medak,18.2924,79.2443,Rice / Paddy,25.0,1.8,-30.0,-15.0,12.0,18.0,53.5,9.3,20.0,3.48,59.0,SCENARIO_ASSUMPTION,Simulated El Nino environmental shock parameters for stress testing
SEVERE_EL_NINO,Telangana,Medak,18.2924,79.2443,Rice / Paddy,40.0,2.8,-50.0,-26.0,25.0,35.0,68.5,10.3,0.0,3.03,67.5,SCENARIO_ASSUMPTION,Simulated El Nino environmental shock parameters for stress testing
NORMAL,Telangana,Medchal Malkajgiri,18.5624,78.3743,Rice / Paddy,0.0,0.0,0.0,0.0,0.0,0.0,28.5,1.5,50.0,4.1,44.0,SCENARIO_ASSUMPTION,Simulated El Nino environmental shock parameters for stress testing
MILD_EL_NINO,Telangana,Medchal Malkajgiri,18.5624,78.3743,Rice / Paddy,15.0,1.0,-15.0,-8.0,5.0,8.0,43.5,2.5,35.0,3.77,47.52,SCENARIO_ASSUMPTION,Simulated El Nino environmental shock parameters for stress testing
MODERATE_EL_NINO,Telangana,Medchal Malkajgiri,18.5624,78.3743,Rice / Paddy,25.0,1.8,-30.0,-15.0,12.0,18.0,53.5,3.3,20.0,3.48,51.92,SCENARIO_ASSUMPTION,Simulated El Nino environmental shock parameters for stress testing
SEVERE_EL_NINO,Telangana,Medchal Malkajgiri,18.5624,78.3743,Rice / Paddy,40.0,2.8,-50.0,-26.0,25.0,35.0,68.5,4.3,0.0,3.03,59.4,SCENARIO_ASSUMPTION,Simulated El Nino environmental shock parameters for stress testing
NORMAL,Telangana,Mulugu,17.4224,78.5393,Rice / Paddy,0.0,0.0,0.0,0.0,0.0,0.0,28.48,3.5,50.0,4.1,53.0,SCENARIO_ASSUMPTION,Simulated El Nino environmental shock parameters for stress testing
MILD_EL_NINO,Telangana,Mulugu,17.4224,78.5393,Rice / Paddy,15.0,1.0,-15.0,-8.0,5.0,8.0,43.480000000000004,4.5,35.0,3.77,57.24,SCENARIO_ASSUMPTION,Simulated El Nino environmental shock parameters for stress testing
MODERATE_EL_NINO,Telangana,Mulugu,17.4224,78.5393,Rice / Paddy,25.0,1.8,-30.0,-15.0,12.0,18.0,53.480000000000004,5.3,20.0,3.48,62.54,SCENARIO_ASSUMPTION,Simulated El Nino environmental shock parameters for stress testing
SEVERE_EL_NINO,Telangana,Mulugu,17.4224,78.5393,Rice / Paddy,40.0,2.8,-50.0,-26.0,25.0,35.0,68.48,6.3,0.0,3.03,71.55,SCENARIO_ASSUMPTION,Simulated El Nino environmental shock parameters for stress testing
NORMAL,Telangana,Nagarkurnool,17.6624,79.1393,Rice / Paddy,0.0,0.0,0.0,0.0,0.0,0.0,28.5,2.5,50.0,4.1,48.0,SCENARIO_ASSUMPTION,Simulated El Nino environmental shock parameters for stress testing
MILD_EL_NINO,Telangana,Nagarkurnool,17.6624,79.1393,Rice / Paddy,15.0,1.0,-15.0,-8.0,5.0,8.0,43.5,3.5,35.0,3.77,51.84,SCENARIO_ASSUMPTION,Simulated El Nino environmental shock parameters for stress testing
MODERATE_EL_NINO,Telangana,Nagarkurnool,17.6624,79.1393,Rice / Paddy,25.0,1.8,-30.0,-15.0,12.0,18.0,53.5,4.3,20.0,3.48,56.64,SCENARIO_ASSUMPTION,Simulated El Nino environmental shock parameters for stress testing
SEVERE_EL_NINO,Telangana,Nagarkurnool,17.6624,79.1393,Rice / Paddy,40.0,2.8,-50.0,-26.0,25.0,35.0,68.5,5.3,0.0,3.03,64.8,SCENARIO_ASSUMPTION,Simulated El Nino environmental shock parameters for stress testing
NORMAL,Telangana,Nalgonda,18.5624,79.6643,Rice / Paddy,0.0,0.0,0.0,0.0,0.0,0.0,28.51,3.5,50.0,4.1,44.0,SCENARIO_ASSUMPTION,Simulated El Nino environmental shock parameters for stress testing
MILD_EL_NINO,Telangana,Nalgonda,18.5624,79.6643,Rice / Paddy,15.0,1.0,-15.0,-8.0,5.0,8.0,43.510000000000005,4.5,35.0,3.77,47.52,SCENARIO_ASSUMPTION,Simulated El Nino environmental shock parameters for stress testing
MODERATE_EL_NINO,Telangana,Nalgonda,18.5624,79.6643,Rice / Paddy,25.0,1.8,-30.0,-15.0,12.0,18.0,53.510000000000005,5.3,20.0,3.48,51.92,SCENARIO_ASSUMPTION,Simulated El Nino environmental shock parameters for stress testing
SEVERE_EL_NINO,Telangana,Nalgonda,18.5624,79.6643,Rice / Paddy,40.0,2.8,-50.0,-26.0,25.0,35.0,68.51,6.3,0.0,3.03,59.4,SCENARIO_ASSUMPTION,Simulated El Nino environmental shock parameters for stress testing
NORMAL,Telangana,Narayanpet,18.0224,79.0793,Rice / Paddy,0.0,0.0,0.0,0.0,0.0,0.0,28.5,7.5,50.0,4.1,44.0,SCENARIO_ASSUMPTION,Simulated El Nino environmental shock parameters for stress testing
MILD_EL_NINO,Telangana,Narayanpet,18.0224,79.0793,Rice / Paddy,15.0,1.0,-15.0,-8.0,5.0,8.0,43.5,8.5,35.0,3.77,47.52,SCENARIO_ASSUMPTION,Simulated El Nino environmental shock parameters for stress testing
MODERATE_EL_NINO,Telangana,Narayanpet,18.0224,79.0793,Rice / Paddy,25.0,1.8,-30.0,-15.0,12.0,18.0,53.5,9.3,20.0,3.48,51.92,SCENARIO_ASSUMPTION,Simulated El Nino environmental shock parameters for stress testing
SEVERE_EL_NINO,Telangana,Narayanpet,18.0224,79.0793,Rice / Paddy,40.0,2.8,-50.0,-26.0,25.0,35.0,68.5,10.3,0.0,3.03,59.4,SCENARIO_ASSUMPTION,Simulated El Nino environmental shock parameters for stress testing
NORMAL,Telangana,Nirmal,18.6074,78.6443,Rice / Paddy,0.0,0.0,0.0,0.0,0.0,0.0,28.47,4.5,50.0,4.1,53.0,SCENARIO_ASSUMPTION,Simulated El Nino environmental shock parameters for stress testing
MILD_EL_NINO,Telangana,Nirmal,18.6074,78.6443,Rice / Paddy,15.0,1.0,-15.0,-8.0,5.0,8.0,43.47,5.5,35.0,3.77,57.24,SCENARIO_ASSUMPTION,Simulated El Nino environmental shock parameters for stress testing
MODERATE_EL_NINO,Telangana,Nirmal,18.6074,78.6443,Rice / Paddy,25.0,1.8,-30.0,-15.0,12.0,18.0,53.47,6.3,20.0,3.48,62.54,SCENARIO_ASSUMPTION,Simulated El Nino environmental shock parameters for stress testing
SEVERE_EL_NINO,Telangana,Nirmal,18.6074,78.6443,Rice / Paddy,40.0,2.8,-50.0,-26.0,25.0,35.0,68.47,7.3,0.0,3.03,71.55,SCENARIO_ASSUMPTION,Simulated El Nino environmental shock parameters for stress testing
NORMAL,Telangana,Nizamabad,18.8024,79.4993,Rice / Paddy,0.0,0.0,0.0,0.0,0.0,0.0,28.51,3.5,50.0,4.1,47.0,SCENARIO_ASSUMPTION,Simulated El Nino environmental shock parameters for stress testing
MILD_EL_NINO,Telangana,Nizamabad,18.8024,79.4993,Rice / Paddy,15.0,1.0,-15.0,-8.0,5.0,8.0,43.510000000000005,4.5,35.0,3.77,50.76,SCENARIO_ASSUMPTION,Simulated El Nino environmental shock parameters for stress testing
MODERATE_EL_NINO,Telangana,Nizamabad,18.8024,79.4993,Rice / Paddy,25.0,1.8,-30.0,-15.0,12.0,18.0,53.510000000000005,5.3,20.0,3.48,55.46,SCENARIO_ASSUMPTION,Simulated El Nino environmental shock parameters for stress testing
SEVERE_EL_NINO,Telangana,Nizamabad,18.8024,79.4993,Rice / Paddy,40.0,2.8,-50.0,-26.0,25.0,35.0,68.51,6.3,0.0,3.03,63.45,SCENARIO_ASSUMPTION,Simulated El Nino environmental shock parameters for stress testing
NORMAL,Telangana,Peddapalli,18.3374,79.5143,Rice / Paddy,0.0,0.0,0.0,0.0,0.0,0.0,28.48,3.5,50.0,4.1,48.0,SCENARIO_ASSUMPTION,Simulated El Nino environmental shock parameters for stress testing
MILD_EL_NINO,Telangana,Peddapalli,18.3374,79.5143,Rice / Paddy,15.0,1.0,-15.0,-8.0,5.0,8.0,43.480000000000004,4.5,35.0,3.77,51.84,SCENARIO_ASSUMPTION,Simulated El Nino environmental shock parameters for stress testing
MODERATE_EL_NINO,Telangana,Peddapalli,18.3374,79.5143,Rice / Paddy,25.0,1.8,-30.0,-15.0,12.0,18.0,53.480000000000004,5.3,20.0,3.48,56.64,SCENARIO_ASSUMPTION,Simulated El Nino environmental shock parameters for stress testing
SEVERE_EL_NINO,Telangana,Peddapalli,18.3374,79.5143,Rice / Paddy,40.0,2.8,-50.0,-26.0,25.0,35.0,68.48,6.3,0.0,3.03,64.8,SCENARIO_ASSUMPTION,Simulated El Nino environmental shock parameters for stress testing
NORMAL,Telangana,Rajanna Sircilla,18.4724,78.8093,Rice / Paddy,0.0,0.0,0.0,0.0,0.0,0.0,28.49,2.5,50.0,4.1,48.0,SCENARIO_ASSUMPTION,Simulated El Nino environmental shock parameters for stress testing
MILD_EL_NINO,Telangana,Rajanna Sircilla,18.4724,78.8093,Rice / Paddy,15.0,1.0,-15.0,-8.0,5.0,8.0,43.489999999999995,3.5,35.0,3.77,51.84,SCENARIO_ASSUMPTION,Simulated El Nino environmental shock parameters for stress testing
MODERATE_EL_NINO,Telangana,Rajanna Sircilla,18.4724,78.8093,Rice / Paddy,25.0,1.8,-30.0,-15.0,12.0,18.0,53.489999999999995,4.3,20.0,3.48,56.64,SCENARIO_ASSUMPTION,Simulated El Nino environmental shock parameters for stress testing
SEVERE_EL_NINO,Telangana,Rajanna Sircilla,18.4724,78.8093,Rice / Paddy,40.0,2.8,-50.0,-26.0,25.0,35.0,68.49,5.3,0.0,3.03,64.8,SCENARIO_ASSUMPTION,Simulated El Nino environmental shock parameters for stress testing
NORMAL,Telangana,Rangareddy,18.6374,78.4793,Rice / Paddy,0.0,0.0,0.0,0.0,0.0,0.0,28.5,0.5,50.0,4.1,51.0,SCENARIO_ASSUMPTION,Simulated El Nino environmental shock parameters for stress testing
MILD_EL_NINO,Telangana,Rangareddy,18.6374,78.4793,Rice / Paddy,15.0,1.0,-15.0,-8.0,5.0,8.0,43.5,1.5,35.0,3.77,55.08,SCENARIO_ASSUMPTION,Simulated El Nino environmental shock parameters for stress testing
MODERATE_EL_NINO,Telangana,Rangareddy,18.6374,78.4793,Rice / Paddy,25.0,1.8,-30.0,-15.0,12.0,18.0,53.5,2.3,20.0,3.48,60.18,SCENARIO_ASSUMPTION,Simulated El Nino environmental shock parameters for stress testing
SEVERE_EL_NINO,Telangana,Rangareddy,18.6374,78.4793,Rice / Paddy,40.0,2.8,-50.0,-26.0,25.0,35.0,68.5,3.3,0.0,3.03,68.85,SCENARIO_ASSUMPTION,Simulated El Nino environmental shock parameters for stress testing
NORMAL,Telangana,Sangareddy,18.0224,79.0493,Rice / Paddy,0.0,0.0,0.0,0.0,0.0,0.0,28.5,3.5,50.0,4.1,45.0,SCENARIO_ASSUMPTION,Simulated El Nino environmental shock parameters for stress testing
MILD_EL_NINO,Telangana,Sangareddy,18.0224,79.0493,Rice / Paddy,15.0,1.0,-15.0,-8.0,5.0,8.0,43.5,4.5,35.0,3.77,48.6,SCENARIO_ASSUMPTION,Simulated El Nino environmental shock parameters for stress testing
MODERATE_EL_NINO,Telangana,Sangareddy,18.0224,79.0493,Rice / Paddy,25.0,1.8,-30.0,-15.0,12.0,18.0,53.5,5.3,20.0,3.48,53.1,SCENARIO_ASSUMPTION,Simulated El Nino environmental shock parameters for stress testing
SEVERE_EL_NINO,Telangana,Sangareddy,18.0224,79.0493,Rice / Paddy,40.0,2.8,-50.0,-26.0,25.0,35.0,68.5,6.3,0.0,3.03,60.75,SCENARIO_ASSUMPTION,Simulated El Nino environmental shock parameters for stress testing
NORMAL,Telangana,Siddipet,17.6774,78.9293,Rice / Paddy,0.0,0.0,0.0,0.0,0.0,0.0,28.49,6.5,50.0,4.1,44.0,SCENARIO_ASSUMPTION,Simulated El Nino environmental shock parameters for stress testing
MILD_EL_NINO,Telangana,Siddipet,17.6774,78.9293,Rice / Paddy,15.0,1.0,-15.0,-8.0,5.0,8.0,43.489999999999995,7.5,35.0,3.77,47.52,SCENARIO_ASSUMPTION,Simulated El Nino environmental shock parameters for stress testing
MODERATE_EL_NINO,Telangana,Siddipet,17.6774,78.9293,Rice / Paddy,25.0,1.8,-30.0,-15.0,12.0,18.0,53.489999999999995,8.3,20.0,3.48,51.92,SCENARIO_ASSUMPTION,Simulated El Nino environmental shock parameters for stress testing
SEVERE_EL_NINO,Telangana,Siddipet,17.6774,78.9293,Rice / Paddy,40.0,2.8,-50.0,-26.0,25.0,35.0,68.49,9.3,0.0,3.03,59.4,SCENARIO_ASSUMPTION,Simulated El Nino environmental shock parameters for stress testing
NORMAL,Telangana,Suryapet,18.5924,78.3443,Rice / Paddy,0.0,0.0,0.0,0.0,0.0,0.0,28.46,2.5,50.0,4.1,47.0,SCENARIO_ASSUMPTION,Simulated El Nino environmental shock parameters for stress testing
MILD_EL_NINO,Telangana,Suryapet,18.5924,78.3443,Rice / Paddy,15.0,1.0,-15.0,-8.0,5.0,8.0,43.46,3.5,35.0,3.77,50.76,SCENARIO_ASSUMPTION,Simulated El Nino environmental shock parameters for stress testing
MODERATE_EL_NINO,Telangana,Suryapet,18.5924,78.3443,Rice / Paddy,25.0,1.8,-30.0,-15.0,12.0,18.0,53.46,4.3,20.0,3.48,55.46,SCENARIO_ASSUMPTION,Simulated El Nino environmental shock parameters for stress testing
SEVERE_EL_NINO,Telangana,Suryapet,18.5924,78.3443,Rice / Paddy,40.0,2.8,-50.0,-26.0,25.0,35.0,68.46000000000001,5.3,0.0,3.03,63.45,SCENARIO_ASSUMPTION,Simulated El Nino environmental shock parameters for stress testing
NORMAL,Telangana,Vikarabad,18.2774,78.9593,Rice / Paddy,0.0,0.0,0.0,0.0,0.0,0.0,28.5,1.5,50.0,4.1,51.0,SCENARIO_ASSUMPTION,Simulated El Nino environmental shock parameters for stress testing
MILD_EL_NINO,Telangana,Vikarabad,18.2774,78.9593,Rice / Paddy,15.0,1.0,-15.0,-8.0,5.0,8.0,43.5,2.5,35.0,3.77,55.08,SCENARIO_ASSUMPTION,Simulated El Nino environmental shock parameters for stress testing
MODERATE_EL_NINO,Telangana,Vikarabad,18.2774,78.9593,Rice / Paddy,25.0,1.8,-30.0,-15.0,12.0,18.0,53.5,3.3,20.0,3.48,60.18,SCENARIO_ASSUMPTION,Simulated El Nino environmental shock parameters for stress testing
SEVERE_EL_NINO,Telangana,Vikarabad,18.2774,78.9593,Rice / Paddy,40.0,2.8,-50.0,-26.0,25.0,35.0,68.5,4.3,0.0,3.03,68.85,SCENARIO_ASSUMPTION,Simulated El Nino environmental shock parameters for stress testing
NORMAL,Telangana,Wanaparthy,18.7424,79.1093,Rice / Paddy,0.0,0.0,0.0,0.0,0.0,0.0,28.49,6.5,50.0,4.1,50.0,SCENARIO_ASSUMPTION,Simulated El Nino environmental shock parameters for stress testing
MILD_EL_NINO,Telangana,Wanaparthy,18.7424,79.1093,Rice / Paddy,15.0,1.0,-15.0,-8.0,5.0,8.0,43.489999999999995,7.5,35.0,3.77,54.0,SCENARIO_ASSUMPTION,Simulated El Nino environmental shock parameters for stress testing
MODERATE_EL_NINO,Telangana,Wanaparthy,18.7424,79.1093,Rice / Paddy,25.0,1.8,-30.0,-15.0,12.0,18.0,53.489999999999995,8.3,20.0,3.48,59.0,SCENARIO_ASSUMPTION,Simulated El Nino environmental shock parameters for stress testing
SEVERE_EL_NINO,Telangana,Wanaparthy,18.7424,79.1093,Rice / Paddy,40.0,2.8,-50.0,-26.0,25.0,35.0,68.49,9.3,0.0,3.03,67.5,SCENARIO_ASSUMPTION,Simulated El Nino environmental shock parameters for stress testing
NORMAL,Telangana,Warangal,18.5324,79.0643,Rice / Paddy,0.0,0.0,0.0,0.0,0.0,0.0,28.52,3.5,50.0,4.1,50.0,SCENARIO_ASSUMPTION,Simulated El Nino environmental shock parameters for stress testing
MILD_EL_NINO,Telangana,Warangal,18.5324,79.0643,Rice / Paddy,15.0,1.0,-15.0,-8.0,5.0,8.0,43.519999999999996,4.5,35.0,3.77,54.0,SCENARIO_ASSUMPTION,Simulated El Nino environmental shock parameters for stress testing
MODERATE_EL_NINO,Telangana,Warangal,18.5324,79.0643,Rice / Paddy,25.0,1.8,-30.0,-15.0,12.0,18.0,53.519999999999996,5.3,20.0,3.48,59.0,SCENARIO_ASSUMPTION,Simulated El Nino environmental shock parameters for stress testing
SEVERE_EL_NINO,Telangana,Warangal,18.5324,79.0643,Rice / Paddy,40.0,2.8,-50.0,-26.0,25.0,35.0,68.52,6.3,0.0,3.03,67.5,SCENARIO_ASSUMPTION,Simulated El Nino environmental shock parameters for stress testing
NORMAL,Telangana,Yadadri Bhuvanagiri,18.5324,78.9443,Rice / Paddy,0.0,0.0,0.0,0.0,0.0,0.0,28.49,4.5,50.0,4.1,44.0,SCENARIO_ASSUMPTION,Simulated El Nino environmental shock parameters for stress testing
MILD_EL_NINO,Telangana,Yadadri Bhuvanagiri,18.5324,78.9443,Rice / Paddy,15.0,1.0,-15.0,-8.0,5.0,8.0,43.489999999999995,5.5,35.0,3.77,47.52,SCENARIO_ASSUMPTION,Simulated El Nino environmental shock parameters for stress testing
MODERATE_EL_NINO,Telangana,Yadadri Bhuvanagiri,18.5324,78.9443,Rice / Paddy,25.0,1.8,-30.0,-15.0,12.0,18.0,53.489999999999995,6.3,20.0,3.48,51.92,SCENARIO_ASSUMPTION,Simulated El Nino environmental shock parameters for stress testing
SEVERE_EL_NINO,Telangana,Yadadri Bhuvanagiri,18.5324,78.9443,Rice / Paddy,40.0,2.8,-50.0,-26.0,25.0,35.0,68.49,7.3,0.0,3.03,59.4,SCENARIO_ASSUMPTION,Simulated El Nino environmental shock parameters for stress testing
NORMAL,Tripura,Dhalai,24.3758,91.4932,Rice / Paddy,0.0,0.0,0.0,0.0,0.0,0.0,28.49,6.5,50.0,2.5,50.0,SCENARIO_ASSUMPTION,Simulated El Nino environmental shock parameters for stress testing
MILD_EL_NINO,Tripura,Dhalai,24.3758,91.4932,Rice / Paddy,15.0,1.0,-15.0,-8.0,5.0,8.0,43.489999999999995,7.5,35.0,2.3,54.0,SCENARIO_ASSUMPTION,Simulated El Nino environmental shock parameters for stress testing
MODERATE_EL_NINO,Tripura,Dhalai,24.3758,91.4932,Rice / Paddy,25.0,1.8,-30.0,-15.0,12.0,18.0,53.489999999999995,8.3,20.0,2.12,59.0,SCENARIO_ASSUMPTION,Simulated El Nino environmental shock parameters for stress testing
SEVERE_EL_NINO,Tripura,Dhalai,24.3758,91.4932,Rice / Paddy,40.0,2.8,-50.0,-26.0,25.0,35.0,68.49,9.3,0.0,1.85,67.5,SCENARIO_ASSUMPTION,Simulated El Nino environmental shock parameters for stress testing
NORMAL,Tripura,Gomati,24.6458,91.8382,Rice / Paddy,0.0,0.0,0.0,0.0,0.0,0.0,28.46,4.5,50.0,2.5,43.0,SCENARIO_ASSUMPTION,Simulated El Nino environmental shock parameters for stress testing
MILD_EL_NINO,Tripura,Gomati,24.6458,91.8382,Rice / Paddy,15.0,1.0,-15.0,-8.0,5.0,8.0,43.46,5.5,35.0,2.3,46.44,SCENARIO_ASSUMPTION,Simulated El Nino environmental shock parameters for stress testing
MODERATE_EL_NINO,Tripura,Gomati,24.6458,91.8382,Rice / Paddy,25.0,1.8,-30.0,-15.0,12.0,18.0,53.46,6.3,20.0,2.12,50.74,SCENARIO_ASSUMPTION,Simulated El Nino environmental shock parameters for stress testing
SEVERE_EL_NINO,Tripura,Gomati,24.6458,91.8382,Rice / Paddy,40.0,2.8,-50.0,-26.0,25.0,35.0,68.46000000000001,7.3,0.0,1.85,58.05,SCENARIO_ASSUMPTION,Simulated El Nino environmental shock parameters for stress testing
NORMAL,Tripura,Khowai,23.4458,91.5232,Rice / Paddy,0.0,0.0,0.0,0.0,0.0,0.0,28.47,7.5,50.0,2.5,47.0,SCENARIO_ASSUMPTION,Simulated El Nino environmental shock parameters for stress testing
MILD_EL_NINO,Tripura,Khowai,23.4458,91.5232,Rice / Paddy,15.0,1.0,-15.0,-8.0,5.0,8.0,43.47,8.5,35.0,2.3,50.76,SCENARIO_ASSUMPTION,Simulated El Nino environmental shock parameters for stress testing
MODERATE_EL_NINO,Tripura,Khowai,23.4458,91.5232,Rice / Paddy,25.0,1.8,-30.0,-15.0,12.0,18.0,53.47,9.3,20.0,2.12,55.46,SCENARIO_ASSUMPTION,Simulated El Nino environmental shock parameters for stress testing
SEVERE_EL_NINO,Tripura,Khowai,23.4458,91.5232,Rice / Paddy,40.0,2.8,-50.0,-26.0,25.0,35.0,68.47,10.3,0.0,1.85,63.45,SCENARIO_ASSUMPTION,Simulated El Nino environmental shock parameters for stress testing
NORMAL,Tripura,North Tripura,24.0158,92.1682,Rice / Paddy,0.0,0.0,0.0,0.0,0.0,0.0,28.48,1.5,50.0,2.5,44.0,SCENARIO_ASSUMPTION,Simulated El Nino environmental shock parameters for stress testing
MILD_EL_NINO,Tripura,North Tripura,24.0158,92.1682,Rice / Paddy,15.0,1.0,-15.0,-8.0,5.0,8.0,43.480000000000004,2.5,35.0,2.3,47.52,SCENARIO_ASSUMPTION,Simulated El Nino environmental shock parameters for stress testing
MODERATE_EL_NINO,Tripura,North Tripura,24.0158,92.1682,Rice / Paddy,25.0,1.8,-30.0,-15.0,12.0,18.0,53.480000000000004,3.3,20.0,2.12,51.92,SCENARIO_ASSUMPTION,Simulated El Nino environmental shock parameters for stress testing
SEVERE_EL_NINO,Tripura,North Tripura,24.0158,92.1682,Rice / Paddy,40.0,2.8,-50.0,-26.0,25.0,35.0,68.48,4.3,0.0,1.85,59.4,SCENARIO_ASSUMPTION,Simulated El Nino environmental shock parameters for stress testing
NORMAL,Tripura,Sepahijala,23.4908,91.8682,Rice / Paddy,0.0,0.0,0.0,0.0,0.0,0.0,28.52,3.5,50.0,2.5,52.0,SCENARIO_ASSUMPTION,Simulated El Nino environmental shock parameters for stress testing
MILD_EL_NINO,Tripura,Sepahijala,23.4908,91.8682,Rice / Paddy,15.0,1.0,-15.0,-8.0,5.0,8.0,43.519999999999996,4.5,35.0,2.3,56.16,SCENARIO_ASSUMPTION,Simulated El Nino environmental shock parameters for stress testing
MODERATE_EL_NINO,Tripura,Sepahijala,23.4908,91.8682,Rice / Paddy,25.0,1.8,-30.0,-15.0,12.0,18.0,53.519999999999996,5.3,20.0,2.12,61.36,SCENARIO_ASSUMPTION,Simulated El Nino environmental shock parameters for stress testing
SEVERE_EL_NINO,Tripura,Sepahijala,23.4908,91.8682,Rice / Paddy,40.0,2.8,-50.0,-26.0,25.0,35.0,68.52,6.3,0.0,1.85,70.2,SCENARIO_ASSUMPTION,Simulated El Nino environmental shock parameters for stress testing
NORMAL,Tripura,South Tripura,24.0608,92.2732,Rice / Paddy,0.0,0.0,0.0,0.0,0.0,0.0,28.52,3.5,50.0,2.5,48.0,SCENARIO_ASSUMPTION,Simulated El Nino environmental shock parameters for stress testing
MILD_EL_NINO,Tripura,South Tripura,24.0608,92.2732,Rice / Paddy,15.0,1.0,-15.0,-8.0,5.0,8.0,43.519999999999996,4.5,35.0,2.3,51.84,SCENARIO_ASSUMPTION,Simulated El Nino environmental shock parameters for stress testing
MODERATE_EL_NINO,Tripura,South Tripura,24.0608,92.2732,Rice / Paddy,25.0,1.8,-30.0,-15.0,12.0,18.0,53.519999999999996,5.3,20.0,2.12,56.64,SCENARIO_ASSUMPTION,Simulated El Nino environmental shock parameters for stress testing
SEVERE_EL_NINO,Tripura,South Tripura,24.0608,92.2732,Rice / Paddy,40.0,2.8,-50.0,-26.0,25.0,35.0,68.52,6.3,0.0,1.85,64.8,SCENARIO_ASSUMPTION,Simulated El Nino environmental shock parameters for stress testing
NORMAL,Tripura,Unakoti,24.5408,92.3032,Rice / Paddy,0.0,0.0,0.0,0.0,0.0,0.0,28.51,4.5,50.0,2.5,47.0,SCENARIO_ASSUMPTION,Simulated El Nino environmental shock parameters for stress testing
MILD_EL_NINO,Tripura,Unakoti,24.5408,92.3032,Rice / Paddy,15.0,1.0,-15.0,-8.0,5.0,8.0,43.510000000000005,5.5,35.0,2.3,50.76,SCENARIO_ASSUMPTION,Simulated El Nino environmental shock parameters for stress testing
MODERATE_EL_NINO,Tripura,Unakoti,24.5408,92.3032,Rice / Paddy,25.0,1.8,-30.0,-15.0,12.0,18.0,53.510000000000005,6.3,20.0,2.12,55.46,SCENARIO_ASSUMPTION,Simulated El Nino environmental shock parameters for stress testing
SEVERE_EL_NINO,Tripura,Unakoti,24.5408,92.3032,Rice / Paddy,40.0,2.8,-50.0,-26.0,25.0,35.0,68.51,7.3,0.0,1.85,63.45,SCENARIO_ASSUMPTION,Simulated El Nino environmental shock parameters for stress testing
NORMAL,Tripura,West Tripura,24.3158,91.9132,Rice / Paddy,0.0,0.0,0.0,0.0,0.0,0.0,28.49,5.5,50.0,2.5,52.0,SCENARIO_ASSUMPTION,Simulated El Nino environmental shock parameters for stress testing
MILD_EL_NINO,Tripura,West Tripura,24.3158,91.9132,Rice / Paddy,15.0,1.0,-15.0,-8.0,5.0,8.0,43.489999999999995,6.5,35.0,2.3,56.16,SCENARIO_ASSUMPTION,Simulated El Nino environmental shock parameters for stress testing
MODERATE_EL_NINO,Tripura,West Tripura,24.3158,91.9132,Rice / Paddy,25.0,1.8,-30.0,-15.0,12.0,18.0,53.489999999999995,7.3,20.0,2.12,61.36,SCENARIO_ASSUMPTION,Simulated El Nino environmental shock parameters for stress testing
SEVERE_EL_NINO,Tripura,West Tripura,24.3158,91.9132,Rice / Paddy,40.0,2.8,-50.0,-26.0,25.0,35.0,68.49,8.3,0.0,1.85,70.2,SCENARIO_ASSUMPTION,Simulated El Nino environmental shock parameters for stress testing
NORMAL,Uttar Pradesh,Agra,27.2517,81.6512,Rice / Paddy,0.0,0.0,0.0,0.0,0.0,0.0,28.49,5.5,50.0,2.7,47.0,SCENARIO_ASSUMPTION,Simulated El Nino environmental shock parameters for stress testing
MILD_EL_NINO,Uttar Pradesh,Agra,27.2517,81.6512,Rice / Paddy,15.0,1.0,-15.0,-8.0,5.0,8.0,43.489999999999995,6.5,35.0,2.48,50.76,SCENARIO_ASSUMPTION,Simulated El Nino environmental shock parameters for stress testing
MODERATE_EL_NINO,Uttar Pradesh,Agra,27.2517,81.6512,Rice / Paddy,25.0,1.8,-30.0,-15.0,12.0,18.0,53.489999999999995,7.3,20.0,2.29,55.46,SCENARIO_ASSUMPTION,Simulated El Nino environmental shock parameters for stress testing
SEVERE_EL_NINO,Uttar Pradesh,Agra,27.2517,81.6512,Rice / Paddy,40.0,2.8,-50.0,-26.0,25.0,35.0,68.49,8.3,0.0,2.0,63.45,SCENARIO_ASSUMPTION,Simulated El Nino environmental shock parameters for stress testing
NORMAL,Uttar Pradesh,Aligarh,27.5067,80.2862,Rice / Paddy,0.0,0.0,0.0,0.0,0.0,0.0,28.49,2.5,50.0,2.7,47.0,SCENARIO_ASSUMPTION,Simulated El Nino environmental shock parameters for stress testing
MILD_EL_NINO,Uttar Pradesh,Aligarh,27.5067,80.2862,Rice / Paddy,15.0,1.0,-15.0,-8.0,5.0,8.0,43.489999999999995,3.5,35.0,2.48,50.76,SCENARIO_ASSUMPTION,Simulated El Nino environmental shock parameters for stress testing
MODERATE_EL_NINO,Uttar Pradesh,Aligarh,27.5067,80.2862,Rice / Paddy,25.0,1.8,-30.0,-15.0,12.0,18.0,53.489999999999995,4.3,20.0,2.29,55.46,SCENARIO_ASSUMPTION,Simulated El Nino environmental shock parameters for stress testing
SEVERE_EL_NINO,Uttar Pradesh,Aligarh,27.5067,80.2862,Rice / Paddy,40.0,2.8,-50.0,-26.0,25.0,35.0,68.49,5.3,0.0,2.0,63.45,SCENARIO_ASSUMPTION,Simulated El Nino environmental shock parameters for stress testing
NORMAL,Uttar Pradesh,Prayagraj,26.2167,81.5162,Rice / Paddy,0.0,0.0,0.0,0.0,0.0,0.0,28.48,1.5,50.0,2.7,49.0,SCENARIO_ASSUMPTION,Simulated El Nino environmental shock parameters for stress testing
MILD_EL_NINO,Uttar Pradesh,Prayagraj,26.2167,81.5162,Rice / Paddy,15.0,1.0,-15.0,-8.0,5.0,8.0,43.480000000000004,2.5,35.0,2.48,52.92,SCENARIO_ASSUMPTION,Simulated El Nino environmental shock parameters for stress testing
MODERATE_EL_NINO,Uttar Pradesh,Prayagraj,26.2167,81.5162,Rice / Paddy,25.0,1.8,-30.0,-15.0,12.0,18.0,53.480000000000004,3.3,20.0,2.29,57.82,SCENARIO_ASSUMPTION,Simulated El Nino environmental shock parameters for stress testing
SEVERE_EL_NINO,Uttar Pradesh,Prayagraj,26.2167,81.5162,Rice / Paddy,40.0,2.8,-50.0,-26.0,25.0,35.0,68.48,4.3,0.0,2.0,66.15,SCENARIO_ASSUMPTION,Simulated El Nino environmental shock parameters for stress testing
NORMAL,Uttar Pradesh,Ambedkar Nagar,27.1767,80.7212,Rice / Paddy,0.0,0.0,0.0,0.0,0.0,0.0,28.48,3.5,50.0,2.7,44.0,SCENARIO_ASSUMPTION,Simulated El Nino environmental shock parameters for stress testing
MILD_EL_NINO,Uttar Pradesh,Ambedkar Nagar,27.1767,80.7212,Rice / Paddy,15.0,1.0,-15.0,-8.0,5.0,8.0,43.480000000000004,4.5,35.0,2.48,47.52,SCENARIO_ASSUMPTION,Simulated El Nino environmental shock parameters for stress testing
MODERATE_EL_NINO,Uttar Pradesh,Ambedkar Nagar,27.1767,80.7212,Rice / Paddy,25.0,1.8,-30.0,-15.0,12.0,18.0,53.480000000000004,5.3,20.0,2.29,51.92,SCENARIO_ASSUMPTION,Simulated El Nino environmental shock parameters for stress testing
SEVERE_EL_NINO,Uttar Pradesh,Ambedkar Nagar,27.1767,80.7212,Rice / Paddy,40.0,2.8,-50.0,-26.0,25.0,35.0,68.48,6.3,0.0,2.0,59.4,SCENARIO_ASSUMPTION,Simulated El Nino environmental shock parameters for stress testing
NORMAL,Uttar Pradesh,Amethi,26.9367,81.3062,Rice / Paddy,0.0,0.0,0.0,0.0,0.0,0.0,28.5,7.5,50.0,2.7,47.0,SCENARIO_ASSUMPTION,Simulated El Nino environmental shock parameters for stress testing
MILD_EL_NINO,Uttar Pradesh,Amethi,26.9367,81.3062,Rice / Paddy,15.0,1.0,-15.0,-8.0,5.0,8.0,43.5,8.5,35.0,2.48,50.76,SCENARIO_ASSUMPTION,Simulated El Nino environmental shock parameters for stress testing
MODERATE_EL_NINO,Uttar Pradesh,Amethi,26.9367,81.3062,Rice / Paddy,25.0,1.8,-30.0,-15.0,12.0,18.0,53.5,9.3,20.0,2.29,55.46,SCENARIO_ASSUMPTION,Simulated El Nino environmental shock parameters for stress testing
SEVERE_EL_NINO,Uttar Pradesh,Amethi,26.9367,81.3062,Rice / Paddy,40.0,2.8,-50.0,-26.0,25.0,35.0,68.5,10.3,0.0,2.0,63.45,SCENARIO_ASSUMPTION,Simulated El Nino environmental shock parameters for stress testing
NORMAL,Uttar Pradesh,Amroha,27.1767,81.5912,Rice / Paddy,0.0,0.0,0.0,0.0,0.0,0.0,28.5,6.5,50.0,2.7,48.0,SCENARIO_ASSUMPTION,Simulated El Nino environmental shock parameters for stress testing
MILD_EL_NINO,Uttar Pradesh,Amroha,27.1767,81.5912,Rice / Paddy,15.0,1.0,-15.0,-8.0,5.0,8.0,43.5,7.5,35.0,2.48,51.84,SCENARIO_ASSUMPTION,Simulated El Nino environmental shock parameters for stress testing
MODERATE_EL_NINO,Uttar Pradesh,Amroha,27.1767,81.5912,Rice / Paddy,25.0,1.8,-30.0,-15.0,12.0,18.0,53.5,8.3,20.0,2.29,56.64,SCENARIO_ASSUMPTION,Simulated El Nino environmental shock parameters for stress testing
SEVERE_EL_NINO,Uttar Pradesh,Amroha,27.1767,81.5912,Rice / Paddy,40.0,2.8,-50.0,-26.0,25.0,35.0,68.5,9.3,0.0,2.0,64.8,SCENARIO_ASSUMPTION,Simulated El Nino environmental shock parameters for stress testing
NORMAL,Uttar Pradesh,Auraiya,27.3417,80.3012,Rice / Paddy,0.0,0.0,0.0,0.0,0.0,0.0,28.52,6.5,50.0,2.7,44.0,SCENARIO_ASSUMPTION,Simulated El Nino environmental shock parameters for stress testing
MILD_EL_NINO,Uttar Pradesh,Auraiya,27.3417,80.3012,Rice / Paddy,15.0,1.0,-15.0,-8.0,5.0,8.0,43.519999999999996,7.5,35.0,2.48,47.52,SCENARIO_ASSUMPTION,Simulated El Nino environmental shock parameters for stress testing
MODERATE_EL_NINO,Uttar Pradesh,Auraiya,27.3417,80.3012,Rice / Paddy,25.0,1.8,-30.0,-15.0,12.0,18.0,53.519999999999996,8.3,20.0,2.29,51.92,SCENARIO_ASSUMPTION,Simulated El Nino environmental shock parameters for stress testing
SEVERE_EL_NINO,Uttar Pradesh,Auraiya,27.3417,80.3012,Rice / Paddy,40.0,2.8,-50.0,-26.0,25.0,35.0,68.52,9.3,0.0,2.0,59.4,SCENARIO_ASSUMPTION,Simulated El Nino environmental shock parameters for stress testing
NORMAL,Uttar Pradesh,Azamgarh,26.8767,80.9612,Rice / Paddy,0.0,0.0,0.0,0.0,0.0,0.0,28.5,7.5,50.0,2.7,47.0,SCENARIO_ASSUMPTION,Simulated El Nino environmental shock parameters for stress testing
MILD_EL_NINO,Uttar Pradesh,Azamgarh,26.8767,80.9612,Rice / Paddy,15.0,1.0,-15.0,-8.0,5.0,8.0,43.5,8.5,35.0,2.48,50.76,SCENARIO_ASSUMPTION,Simulated El Nino environmental shock parameters for stress testing
MODERATE_EL_NINO,Uttar Pradesh,Azamgarh,26.8767,80.9612,Rice / Paddy,25.0,1.8,-30.0,-15.0,12.0,18.0,53.5,9.3,20.0,2.29,55.46,SCENARIO_ASSUMPTION,Simulated El Nino environmental shock parameters for stress testing
SEVERE_EL_NINO,Uttar Pradesh,Azamgarh,26.8767,80.9612,Rice / Paddy,40.0,2.8,-50.0,-26.0,25.0,35.0,68.5,10.3,0.0,2.0,63.45,SCENARIO_ASSUMPTION,Simulated El Nino environmental shock parameters for stress testing
NORMAL,Uttar Pradesh,Baghpat,26.8317,81.3512,Rice / Paddy,0.0,0.0,0.0,0.0,0.0,0.0,28.48,6.5,50.0,2.7,50.0,SCENARIO_ASSUMPTION,Simulated El Nino environmental shock parameters for stress testing
MILD_EL_NINO,Uttar Pradesh,Baghpat,26.8317,81.3512,Rice / Paddy,15.0,1.0,-15.0,-8.0,5.0,8.0,43.480000000000004,7.5,35.0,2.48,54.0,SCENARIO_ASSUMPTION,Simulated El Nino environmental shock parameters for stress testing
MODERATE_EL_NINO,Uttar Pradesh,Baghpat,26.8317,81.3512,Rice / Paddy,25.0,1.8,-30.0,-15.0,12.0,18.0,53.480000000000004,8.3,20.0,2.29,59.0,SCENARIO_ASSUMPTION,Simulated El Nino environmental shock parameters for stress testing
SEVERE_EL_NINO,Uttar Pradesh,Baghpat,26.8317,81.3512,Rice / Paddy,40.0,2.8,-50.0,-26.0,25.0,35.0,68.48,9.3,0.0,2.0,67.5,SCENARIO_ASSUMPTION,Simulated El Nino environmental shock parameters for stress testing
NORMAL,Uttar Pradesh,Bahraich,26.2317,80.2262,Rice / Paddy,0.0,0.0,0.0,0.0,0.0,0.0,28.51,4.5,50.0,2.7,45.0,SCENARIO_ASSUMPTION,Simulated El Nino environmental shock parameters for stress testing
MILD_EL_NINO,Uttar Pradesh,Bahraich,26.2317,80.2262,Rice / Paddy,15.0,1.0,-15.0,-8.0,5.0,8.0,43.510000000000005,5.5,35.0,2.48,48.6,SCENARIO_ASSUMPTION,Simulated El Nino environmental shock parameters for stress testing
MODERATE_EL_NINO,Uttar Pradesh,Bahraich,26.2317,80.2262,Rice / Paddy,25.0,1.8,-30.0,-15.0,12.0,18.0,53.510000000000005,6.3,20.0,2.29,53.1,SCENARIO_ASSUMPTION,Simulated El Nino environmental shock parameters for stress testing
SEVERE_EL_NINO,Uttar Pradesh,Bahraich,26.2317,80.2262,Rice / Paddy,40.0,2.8,-50.0,-26.0,25.0,35.0,68.51,7.3,0.0,2.0,60.75,SCENARIO_ASSUMPTION,Simulated El Nino environmental shock parameters for stress testing
NORMAL,Uttar Pradesh,Ballia,27.2967,81.6362,Rice / Paddy,0.0,0.0,0.0,0.0,0.0,0.0,28.48,2.5,50.0,2.7,45.0,SCENARIO_ASSUMPTION,Simulated El Nino environmental shock parameters for stress testing
MILD_EL_NINO,Uttar Pradesh,Ballia,27.2967,81.6362,Rice / Paddy,15.0,1.0,-15.0,-8.0,5.0,8.0,43.480000000000004,3.5,35.0,2.48,48.6,SCENARIO_ASSUMPTION,Simulated El Nino environmental shock parameters for stress testing
MODERATE_EL_NINO,Uttar Pradesh,Ballia,27.2967,81.6362,Rice / Paddy,25.0,1.8,-30.0,-15.0,12.0,18.0,53.480000000000004,4.3,20.0,2.29,53.1,SCENARIO_ASSUMPTION,Simulated El Nino environmental shock parameters for stress testing
SEVERE_EL_NINO,Uttar Pradesh,Ballia,27.2967,81.6362,Rice / Paddy,40.0,2.8,-50.0,-26.0,25.0,35.0,68.48,5.3,0.0,2.0,60.75,SCENARIO_ASSUMPTION,Simulated El Nino environmental shock parameters for stress testing
NORMAL,Uttar Pradesh,Balrampur,27.3717,81.1862,Rice / Paddy,0.0,0.0,0.0,0.0,0.0,0.0,28.48,5.5,50.0,2.7,43.0,SCENARIO_ASSUMPTION,Simulated El Nino environmental shock parameters for stress testing
MILD_EL_NINO,Uttar Pradesh,Balrampur,27.3717,81.1862,Rice / Paddy,15.0,1.0,-15.0,-8.0,5.0,8.0,43.480000000000004,6.5,35.0,2.48,46.44,SCENARIO_ASSUMPTION,Simulated El Nino environmental shock parameters for stress testing
MODERATE_EL_NINO,Uttar Pradesh,Balrampur,27.3717,81.1862,Rice / Paddy,25.0,1.8,-30.0,-15.0,12.0,18.0,53.480000000000004,7.3,20.0,2.29,50.74,SCENARIO_ASSUMPTION,Simulated El Nino environmental shock parameters for stress testing
SEVERE_EL_NINO,Uttar Pradesh,Balrampur,27.3717,81.1862,Rice / Paddy,40.0,2.8,-50.0,-26.0,25.0,35.0,68.48,8.3,0.0,2.0,58.05,SCENARIO_ASSUMPTION,Simulated El Nino environmental shock parameters for stress testing
NORMAL,Uttar Pradesh,Banda,27.1917,81.3362,Rice / Paddy,0.0,0.0,0.0,0.0,0.0,0.0,28.5,2.5,50.0,2.7,53.0,SCENARIO_ASSUMPTION,Simulated El Nino environmental shock parameters for stress testing
MILD_EL_NINO,Uttar Pradesh,Banda,27.1917,81.3362,Rice / Paddy,15.0,1.0,-15.0,-8.0,5.0,8.0,43.5,3.5,35.0,2.48,57.24,SCENARIO_ASSUMPTION,Simulated El Nino environmental shock parameters for stress testing
MODERATE_EL_NINO,Uttar Pradesh,Banda,27.1917,81.3362,Rice / Paddy,25.0,1.8,-30.0,-15.0,12.0,18.0,53.5,4.3,20.0,2.29,62.54,SCENARIO_ASSUMPTION,Simulated El Nino environmental shock parameters for stress testing
SEVERE_EL_NINO,Uttar Pradesh,Banda,27.1917,81.3362,Rice / Paddy,40.0,2.8,-50.0,-26.0,25.0,35.0,68.5,5.3,0.0,2.0,71.55,SCENARIO_ASSUMPTION,Simulated El Nino environmental shock parameters for stress testing
NORMAL,Uttar Pradesh,Barabanki,27.3717,81.2612,Rice / Paddy,0.0,0.0,0.0,0.0,0.0,0.0,28.54,1.5,50.0,2.7,47.0,SCENARIO_ASSUMPTION,Simulated El Nino environmental shock parameters for stress testing
MILD_EL_NINO,Uttar Pradesh,Barabanki,27.3717,81.2612,Rice / Paddy,15.0,1.0,-15.0,-8.0,5.0,8.0,43.54,2.5,35.0,2.48,50.76,SCENARIO_ASSUMPTION,Simulated El Nino environmental shock parameters for stress testing
MODERATE_EL_NINO,Uttar Pradesh,Barabanki,27.3717,81.2612,Rice / Paddy,25.0,1.8,-30.0,-15.0,12.0,18.0,53.54,3.3,20.0,2.29,55.46,SCENARIO_ASSUMPTION,Simulated El Nino environmental shock parameters for stress testing
SEVERE_EL_NINO,Uttar Pradesh,Barabanki,27.3717,81.2612,Rice / Paddy,40.0,2.8,-50.0,-26.0,25.0,35.0,68.53999999999999,4.3,0.0,2.0,63.45,SCENARIO_ASSUMPTION,Simulated El Nino environmental shock parameters for stress testing
NORMAL,Uttar Pradesh,Bareilly,27.1767,80.7962,Rice / Paddy,0.0,0.0,0.0,0.0,0.0,0.0,28.5,1.5,50.0,2.7,53.0,SCENARIO_ASSUMPTION,Simulated El Nino environmental shock parameters for stress testing
MILD_EL_NINO,Uttar Pradesh,Bareilly,27.1767,80.7962,Rice / Paddy,15.0,1.0,-15.0,-8.0,5.0,8.0,43.5,2.5,35.0,2.48,57.24,SCENARIO_ASSUMPTION,Simulated El Nino environmental shock parameters for stress testing
MODERATE_EL_NINO,Uttar Pradesh,Bareilly,27.1767,80.7962,Rice / Paddy,25.0,1.8,-30.0,-15.0,12.0,18.0,53.5,3.3,20.0,2.29,62.54,SCENARIO_ASSUMPTION,Simulated El Nino environmental shock parameters for stress testing
SEVERE_EL_NINO,Uttar Pradesh,Bareilly,27.1767,80.7962,Rice / Paddy,40.0,2.8,-50.0,-26.0,25.0,35.0,68.5,4.3,0.0,2.0,71.55,SCENARIO_ASSUMPTION,Simulated El Nino environmental shock parameters for stress testing
NORMAL,Uttar Pradesh,Basti,26.3217,80.7512,Rice / Paddy,0.0,0.0,0.0,0.0,0.0,0.0,28.51,5.5,50.0,2.7,47.0,SCENARIO_ASSUMPTION,Simulated El Nino environmental shock parameters for stress testing
MILD_EL_NINO,Uttar Pradesh,Basti,26.3217,80.7512,Rice / Paddy,15.0,1.0,-15.0,-8.0,5.0,8.0,43.510000000000005,6.5,35.0,2.48,50.76,SCENARIO_ASSUMPTION,Simulated El Nino environmental shock parameters for stress testing
MODERATE_EL_NINO,Uttar Pradesh,Basti,26.3217,80.7512,Rice / Paddy,25.0,1.8,-30.0,-15.0,12.0,18.0,53.510000000000005,7.3,20.0,2.29,55.46,SCENARIO_ASSUMPTION,Simulated El Nino environmental shock parameters for stress testing
SEVERE_EL_NINO,Uttar Pradesh,Basti,26.3217,80.7512,Rice / Paddy,40.0,2.8,-50.0,-26.0,25.0,35.0,68.51,8.3,0.0,2.0,63.45,SCENARIO_ASSUMPTION,Simulated El Nino environmental shock parameters for stress testing
NORMAL,Uttar Pradesh,Bhadohi,26.5617,80.8112,Rice / Paddy,0.0,0.0,0.0,0.0,0.0,0.0,28.5,7.5,50.0,2.7,50.0,SCENARIO_ASSUMPTION,Simulated El Nino environmental shock parameters for stress testing
MILD_EL_NINO,Uttar Pradesh,Bhadohi,26.5617,80.8112,Rice / Paddy,15.0,1.0,-15.0,-8.0,5.0,8.0,43.5,8.5,35.0,2.48,54.0,SCENARIO_ASSUMPTION,Simulated El Nino environmental shock parameters for stress testing
MODERATE_EL_NINO,Uttar Pradesh,Bhadohi,26.5617,80.8112,Rice / Paddy,25.0,1.8,-30.0,-15.0,12.0,18.0,53.5,9.3,20.0,2.29,59.0,SCENARIO_ASSUMPTION,Simulated El Nino environmental shock parameters for stress testing
SEVERE_EL_NINO,Uttar Pradesh,Bhadohi,26.5617,80.8112,Rice / Paddy,40.0,2.8,-50.0,-26.0,25.0,35.0,68.5,10.3,0.0,2.0,67.5,SCENARIO_ASSUMPTION,Simulated El Nino environmental shock parameters for stress testing
NORMAL,Uttar Pradesh,Bijnor,26.8167,80.5262,Rice / Paddy,0.0,0.0,0.0,0.0,0.0,0.0,28.49,3.5,50.0,2.7,48.0,SCENARIO_ASSUMPTION,Simulated El Nino environmental shock parameters for stress testing
MILD_EL_NINO,Uttar Pradesh,Bijnor,26.8167,80.5262,Rice / Paddy,15.0,1.0,-15.0,-8.0,5.0,8.0,43.489999999999995,4.5,35.0,2.48,51.84,SCENARIO_ASSUMPTION,Simulated El Nino environmental shock parameters for stress testing
MODERATE_EL_NINO,Uttar Pradesh,Bijnor,26.8167,80.5262,Rice / Paddy,25.0,1.8,-30.0,-15.0,12.0,18.0,53.489999999999995,5.3,20.0,2.29,56.64,SCENARIO_ASSUMPTION,Simulated El Nino environmental shock parameters for stress testing
SEVERE_EL_NINO,Uttar Pradesh,Bijnor,26.8167,80.5262,Rice / Paddy,40.0,2.8,-50.0,-26.0,25.0,35.0,68.49,6.3,0.0,2.0,64.8,SCENARIO_ASSUMPTION,Simulated El Nino environmental shock parameters for stress testing
NORMAL,Uttar Pradesh,Budaun,27.1017,81.3362,Rice / Paddy,0.0,0.0,0.0,0.0,0.0,0.0,28.49,2.5,50.0,2.7,53.0,SCENARIO_ASSUMPTION,Simulated El Nino environmental shock parameters for stress testing
MILD_EL_NINO,Uttar Pradesh,Budaun,27.1017,81.3362,Rice / Paddy,15.0,1.0,-15.0,-8.0,5.0,8.0,43.489999999999995,3.5,35.0,2.48,57.24,SCENARIO_ASSUMPTION,Simulated El Nino environmental shock parameters for stress testing
MODERATE_EL_NINO,Uttar Pradesh,Budaun,27.1017,81.3362,Rice / Paddy,25.0,1.8,-30.0,-15.0,12.0,18.0,53.489999999999995,4.3,20.0,2.29,62.54,SCENARIO_ASSUMPTION,Simulated El Nino environmental shock parameters for stress testing
SEVERE_EL_NINO,Uttar Pradesh,Budaun,27.1017,81.3362,Rice / Paddy,40.0,2.8,-50.0,-26.0,25.0,35.0,68.49,5.3,0.0,2.0,71.55,SCENARIO_ASSUMPTION,Simulated El Nino environmental shock parameters for stress testing
NORMAL,Uttar Pradesh,Bulandshahr,26.9967,80.5412,Rice / Paddy,0.0,0.0,0.0,0.0,0.0,0.0,28.49,1.5,50.0,2.7,46.0,SCENARIO_ASSUMPTION,Simulated El Nino environmental shock parameters for stress testing
MILD_EL_NINO,Uttar Pradesh,Bulandshahr,26.9967,80.5412,Rice / Paddy,15.0,1.0,-15.0,-8.0,5.0,8.0,43.489999999999995,2.5,35.0,2.48,49.68,SCENARIO_ASSUMPTION,Simulated El Nino environmental shock parameters for stress testing
MODERATE_EL_NINO,Uttar Pradesh,Bulandshahr,26.9967,80.5412,Rice / Paddy,25.0,1.8,-30.0,-15.0,12.0,18.0,53.489999999999995,3.3,20.0,2.29,54.28,SCENARIO_ASSUMPTION,Simulated El Nino environmental shock parameters for stress testing
SEVERE_EL_NINO,Uttar Pradesh,Bulandshahr,26.9967,80.5412,Rice / Paddy,40.0,2.8,-50.0,-26.0,25.0,35.0,68.49,4.3,0.0,2.0,62.1,SCENARIO_ASSUMPTION,Simulated El Nino environmental shock parameters for stress testing
NORMAL,Uttar Pradesh,Chandauli,26.7717,81.6512,Rice / Paddy,0.0,0.0,0.0,0.0,0.0,0.0,28.51,1.5,50.0,2.7,49.0,SCENARIO_ASSUMPTION,Simulated El Nino environmental shock parameters for stress testing
MILD_EL_NINO,Uttar Pradesh,Chandauli,26.7717,81.6512,Rice / Paddy,15.0,1.0,-15.0,-8.0,5.0,8.0,43.510000000000005,2.5,35.0,2.48,52.92,SCENARIO_ASSUMPTION,Simulated El Nino environmental shock parameters for stress testing
MODERATE_EL_NINO,Uttar Pradesh,Chandauli,26.7717,81.6512,Rice / Paddy,25.0,1.8,-30.0,-15.0,12.0,18.0,53.510000000000005,3.3,20.0,2.29,57.82,SCENARIO_ASSUMPTION,Simulated El Nino environmental shock parameters for stress testing
SEVERE_EL_NINO,Uttar Pradesh,Chandauli,26.7717,81.6512,Rice / Paddy,40.0,2.8,-50.0,-26.0,25.0,35.0,68.51,4.3,0.0,2.0,66.15,SCENARIO_ASSUMPTION,Simulated El Nino environmental shock parameters for stress testing
NORMAL,Uttar Pradesh,Chitrakoot,26.6817,81.5162,Rice / Paddy,0.0,0.0,0.0,0.0,0.0,0.0,28.5,6.5,50.0,2.7,46.0,SCENARIO_ASSUMPTION,Simulated El Nino environmental shock parameters for stress testing
MILD_EL_NINO,Uttar Pradesh,Chitrakoot,26.6817,81.5162,Rice / Paddy,15.0,1.0,-15.0,-8.0,5.0,8.0,43.5,7.5,35.0,2.48,49.68,SCENARIO_ASSUMPTION,Simulated El Nino environmental shock parameters for stress testing
MODERATE_EL_NINO,Uttar Pradesh,Chitrakoot,26.6817,81.5162,Rice / Paddy,25.0,1.8,-30.0,-15.0,12.0,18.0,53.5,8.3,20.0,2.29,54.28,SCENARIO_ASSUMPTION,Simulated El Nino environmental shock parameters for stress testing
SEVERE_EL_NINO,Uttar Pradesh,Chitrakoot,26.6817,81.5162,Rice / Paddy,40.0,2.8,-50.0,-26.0,25.0,35.0,68.5,9.3,0.0,2.0,62.1,SCENARIO_ASSUMPTION,Simulated El Nino environmental shock parameters for stress testing
NORMAL,Uttar Pradesh,Deoria,26.5467,81.3962,Rice / Paddy,0.0,0.0,0.0,0.0,0.0,0.0,28.51,3.5,50.0,2.7,52.0,SCENARIO_ASSUMPTION,Simulated El Nino environmental shock parameters for stress testing
MILD_EL_NINO,Uttar Pradesh,Deoria,26.5467,81.3962,Rice / Paddy,15.0,1.0,-15.0,-8.0,5.0,8.0,43.510000000000005,4.5,35.0,2.48,56.16,SCENARIO_ASSUMPTION,Simulated El Nino environmental shock parameters for stress testing
MODERATE_EL_NINO,Uttar Pradesh,Deoria,26.5467,81.3962,Rice / Paddy,25.0,1.8,-30.0,-15.0,12.0,18.0,53.510000000000005,5.3,20.0,2.29,61.36,SCENARIO_ASSUMPTION,Simulated El Nino environmental shock parameters for stress testing
SEVERE_EL_NINO,Uttar Pradesh,Deoria,26.5467,81.3962,Rice / Paddy,40.0,2.8,-50.0,-26.0,25.0,35.0,68.51,6.3,0.0,2.0,70.2,SCENARIO_ASSUMPTION,Simulated El Nino environmental shock parameters for stress testing
NORMAL,Uttar Pradesh,Etah,27.0867,81.3212,Rice / Paddy,0.0,0.0,0.0,0.0,0.0,0.0,28.49,5.5,50.0,2.7,48.0,SCENARIO_ASSUMPTION,Simulated El Nino environmental shock parameters for stress testing
MILD_EL_NINO,Uttar Pradesh,Etah,27.0867,81.3212,Rice / Paddy,15.0,1.0,-15.0,-8.0,5.0,8.0,43.489999999999995,6.5,35.0,2.48,51.84,SCENARIO_ASSUMPTION,Simulated El Nino environmental shock parameters for stress testing
MODERATE_EL_NINO,Uttar Pradesh,Etah,27.0867,81.3212,Rice / Paddy,25.0,1.8,-30.0,-15.0,12.0,18.0,53.489999999999995,7.3,20.0,2.29,56.64,SCENARIO_ASSUMPTION,Simulated El Nino environmental shock parameters for stress testing
SEVERE_EL_NINO,Uttar Pradesh,Etah,27.0867,81.3212,Rice / Paddy,40.0,2.8,-50.0,-26.0,25.0,35.0,68.49,8.3,0.0,2.0,64.8,SCENARIO_ASSUMPTION,Simulated El Nino environmental shock parameters for stress testing
NORMAL,Uttar Pradesh,Etawah,27.3117,80.2712,Rice / Paddy,0.0,0.0,0.0,0.0,0.0,0.0,28.51,6.5,50.0,2.7,47.0,SCENARIO_ASSUMPTION,Simulated El Nino environmental shock parameters for stress testing
MILD_EL_NINO,Uttar Pradesh,Etawah,27.3117,80.2712,Rice / Paddy,15.0,1.0,-15.0,-8.0,5.0,8.0,43.510000000000005,7.5,35.0,2.48,50.76,SCENARIO_ASSUMPTION,Simulated El Nino environmental shock parameters for stress testing
MODERATE_EL_NINO,Uttar Pradesh,Etawah,27.3117,80.2712,Rice / Paddy,25.0,1.8,-30.0,-15.0,12.0,18.0,53.510000000000005,8.3,20.0,2.29,55.46,SCENARIO_ASSUMPTION,Simulated El Nino environmental shock parameters for stress testing
SEVERE_EL_NINO,Uttar Pradesh,Etawah,27.3117,80.2712,Rice / Paddy,40.0,2.8,-50.0,-26.0,25.0,35.0,68.51,9.3,0.0,2.0,63.45,SCENARIO_ASSUMPTION,Simulated El Nino environmental shock parameters for stress testing
NORMAL,Uttar Pradesh,Ayodhya,27.5817,80.8712,Rice / Paddy,0.0,0.0,0.0,0.0,0.0,0.0,28.5,5.5,50.0,2.7,49.0,SCENARIO_ASSUMPTION,Simulated El Nino environmental shock parameters for stress testing
MILD_EL_NINO,Uttar Pradesh,Ayodhya,27.5817,80.8712,Rice / Paddy,15.0,1.0,-15.0,-8.0,5.0,8.0,43.5,6.5,35.0,2.48,52.92,SCENARIO_ASSUMPTION,Simulated El Nino environmental shock parameters for stress testing
MODERATE_EL_NINO,Uttar Pradesh,Ayodhya,27.5817,80.8712,Rice / Paddy,25.0,1.8,-30.0,-15.0,12.0,18.0,53.5,7.3,20.0,2.29,57.82,SCENARIO_ASSUMPTION,Simulated El Nino environmental shock parameters for stress testing
SEVERE_EL_NINO,Uttar Pradesh,Ayodhya,27.5817,80.8712,Rice / Paddy,40.0,2.8,-50.0,-26.0,25.0,35.0,68.5,8.3,0.0,2.0,66.15,SCENARIO_ASSUMPTION,Simulated El Nino environmental shock parameters for stress testing
NORMAL,Uttar Pradesh,Farrukhabad,26.9367,81.4862,Rice / Paddy,0.0,0.0,0.0,0.0,0.0,0.0,28.5,7.5,50.0,2.7,49.0,SCENARIO_ASSUMPTION,Simulated El Nino environmental shock parameters for stress testing
MILD_EL_NINO,Uttar Pradesh,Farrukhabad,26.9367,81.4862,Rice / Paddy,15.0,1.0,-15.0,-8.0,5.0,8.0,43.5,8.5,35.0,2.48,52.92,SCENARIO_ASSUMPTION,Simulated El Nino environmental shock parameters for stress testing
MODERATE_EL_NINO,Uttar Pradesh,Farrukhabad,26.9367,81.4862,Rice / Paddy,25.0,1.8,-30.0,-15.0,12.0,18.0,53.5,9.3,20.0,2.29,57.82,SCENARIO_ASSUMPTION,Simulated El Nino environmental shock parameters for stress testing
SEVERE_EL_NINO,Uttar Pradesh,Farrukhabad,26.9367,81.4862,Rice / Paddy,40.0,2.8,-50.0,-26.0,25.0,35.0,68.5,10.3,0.0,2.0,66.15,SCENARIO_ASSUMPTION,Simulated El Nino environmental shock parameters for stress testing
NORMAL,Uttar Pradesh,Fatehpur,27.1917,80.4362,Rice / Paddy,0.0,0.0,0.0,0.0,0.0,0.0,28.48,6.5,50.0,2.7,50.0,SCENARIO_ASSUMPTION,Simulated El Nino environmental shock parameters for stress testing
MILD_EL_NINO,Uttar Pradesh,Fatehpur,27.1917,80.4362,Rice / Paddy,15.0,1.0,-15.0,-8.0,5.0,8.0,43.480000000000004,7.5,35.0,2.48,54.0,SCENARIO_ASSUMPTION,Simulated El Nino environmental shock parameters for stress testing
MODERATE_EL_NINO,Uttar Pradesh,Fatehpur,27.1917,80.4362,Rice / Paddy,25.0,1.8,-30.0,-15.0,12.0,18.0,53.480000000000004,8.3,20.0,2.29,59.0,SCENARIO_ASSUMPTION,Simulated El Nino environmental shock parameters for stress testing
SEVERE_EL_NINO,Uttar Pradesh,Fatehpur,27.1917,80.4362,Rice / Paddy,40.0,2.8,-50.0,-26.0,25.0,35.0,68.48,9.3,0.0,2.0,67.5,SCENARIO_ASSUMPTION,Simulated El Nino environmental shock parameters for stress testing
NORMAL,Uttar Pradesh,Firozabad,27.5367,81.0962,Rice / Paddy,0.0,0.0,0.0,0.0,0.0,0.0,28.49,6.5,50.0,2.7,42.0,SCENARIO_ASSUMPTION,Simulated El Nino environmental shock parameters for stress testing
MILD_EL_NINO,Uttar Pradesh,Firozabad,27.5367,81.0962,Rice / Paddy,15.0,1.0,-15.0,-8.0,5.0,8.0,43.489999999999995,7.5,35.0,2.48,45.36,SCENARIO_ASSUMPTION,Simulated El Nino environmental shock parameters for stress testing
MODERATE_EL_NINO,Uttar Pradesh,Firozabad,27.5367,81.0962,Rice / Paddy,25.0,1.8,-30.0,-15.0,12.0,18.0,53.489999999999995,8.3,20.0,2.29,49.56,SCENARIO_ASSUMPTION,Simulated El Nino environmental shock parameters for stress testing
SEVERE_EL_NINO,Uttar Pradesh,Firozabad,27.5367,81.0962,Rice / Paddy,40.0,2.8,-50.0,-26.0,25.0,35.0,68.49,9.3,0.0,2.0,56.7,SCENARIO_ASSUMPTION,Simulated El Nino environmental shock parameters for stress testing
NORMAL,Uttar Pradesh,Gautam Buddha Nagar,26.4717,81.0962,Rice / Paddy,0.0,0.0,0.0,0.0,0.0,0.0,28.5,6.5,50.0,2.7,47.0,SCENARIO_ASSUMPTION,Simulated El Nino environmental shock parameters for stress testing
MILD_EL_NINO,Uttar Pradesh,Gautam Buddha Nagar,26.4717,81.0962,Rice / Paddy,15.0,1.0,-15.0,-8.0,5.0,8.0,43.5,7.5,35.0,2.48,50.76,SCENARIO_ASSUMPTION,Simulated El Nino environmental shock parameters for stress testing
MODERATE_EL_NINO,Uttar Pradesh,Gautam Buddha Nagar,26.4717,81.0962,Rice / Paddy,25.0,1.8,-30.0,-15.0,12.0,18.0,53.5,8.3,20.0,2.29,55.46,SCENARIO_ASSUMPTION,Simulated El Nino environmental shock parameters for stress testing
SEVERE_EL_NINO,Uttar Pradesh,Gautam Buddha Nagar,26.4717,81.0962,Rice / Paddy,40.0,2.8,-50.0,-26.0,25.0,35.0,68.5,9.3,0.0,2.0,63.45,SCENARIO_ASSUMPTION,Simulated El Nino environmental shock parameters for stress testing
NORMAL,Uttar Pradesh,Ghaziabad,26.8917,81.1862,Rice / Paddy,0.0,0.0,0.0,0.0,0.0,0.0,28.52,4.5,50.0,2.7,52.0,SCENARIO_ASSUMPTION,Simulated El Nino environmental shock parameters for stress testing
MILD_EL_NINO,Uttar Pradesh,Ghaziabad,26.8917,81.1862,Rice / Paddy,15.0,1.0,-15.0,-8.0,5.0,8.0,43.519999999999996,5.5,35.0,2.48,56.16,SCENARIO_ASSUMPTION,Simulated El Nino environmental shock parameters for stress testing
MODERATE_EL_NINO,Uttar Pradesh,Ghaziabad,26.8917,81.1862,Rice / Paddy,25.0,1.8,-30.0,-15.0,12.0,18.0,53.519999999999996,6.3,20.0,2.29,61.36,SCENARIO_ASSUMPTION,Simulated El Nino environmental shock parameters for stress testing
SEVERE_EL_NINO,Uttar Pradesh,Ghaziabad,26.8917,81.1862,Rice / Paddy,40.0,2.8,-50.0,-26.0,25.0,35.0,68.52,7.3,0.0,2.0,70.2,SCENARIO_ASSUMPTION,Simulated El Nino environmental shock parameters for stress testing
NORMAL,Uttar Pradesh,Ghazipur,26.5467,80.3912,Rice / Paddy,0.0,0.0,0.0,0.0,0.0,0.0,28.51,5.5,50.0,2.7,46.0,SCENARIO_ASSUMPTION,Simulated El Nino environmental shock parameters for stress testing
MILD_EL_NINO,Uttar Pradesh,Ghazipur,26.5467,80.3912,Rice / Paddy,15.0,1.0,-15.0,-8.0,5.0,8.0,43.510000000000005,6.5,35.0,2.48,49.68,SCENARIO_ASSUMPTION,Simulated El Nino environmental shock parameters for stress testing
MODERATE_EL_NINO,Uttar Pradesh,Ghazipur,26.5467,80.3912,Rice / Paddy,25.0,1.8,-30.0,-15.0,12.0,18.0,53.510000000000005,7.3,20.0,2.29,54.28,SCENARIO_ASSUMPTION,Simulated El Nino environmental shock parameters for stress testing
SEVERE_EL_NINO,Uttar Pradesh,Ghazipur,26.5467,80.3912,Rice / Paddy,40.0,2.8,-50.0,-26.0,25.0,35.0,68.51,8.3,0.0,2.0,62.1,SCENARIO_ASSUMPTION,Simulated El Nino environmental shock parameters for stress testing
NORMAL,Uttar Pradesh,Gonda,27.1917,80.6162,Rice / Paddy,0.0,0.0,0.0,0.0,0.0,0.0,28.52,5.5,50.0,2.7,43.0,SCENARIO_ASSUMPTION,Simulated El Nino environmental shock parameters for stress testing
MILD_EL_NINO,Uttar Pradesh,Gonda,27.1917,80.6162,Rice / Paddy,15.0,1.0,-15.0,-8.0,5.0,8.0,43.519999999999996,6.5,35.0,2.48,46.44,SCENARIO_ASSUMPTION,Simulated El Nino environmental shock parameters for stress testing
MODERATE_EL_NINO,Uttar Pradesh,Gonda,27.1917,80.6162,Rice / Paddy,25.0,1.8,-30.0,-15.0,12.0,18.0,53.519999999999996,7.3,20.0,2.29,50.74,SCENARIO_ASSUMPTION,Simulated El Nino environmental shock parameters for stress testing
SEVERE_EL_NINO,Uttar Pradesh,Gonda,27.1917,80.6162,Rice / Paddy,40.0,2.8,-50.0,-26.0,25.0,35.0,68.52,8.3,0.0,2.0,58.05,SCENARIO_ASSUMPTION,Simulated El Nino environmental shock parameters for stress testing
NORMAL,Uttar Pradesh,Gorakhpur,26.4717,80.6462,Rice / Paddy,0.0,0.0,0.0,0.0,0.0,0.0,28.5,0.5,50.0,2.7,50.0,SCENARIO_ASSUMPTION,Simulated El Nino environmental shock parameters for stress testing
MILD_EL_NINO,Uttar Pradesh,Gorakhpur,26.4717,80.6462,Rice / Paddy,15.0,1.0,-15.0,-8.0,5.0,8.0,43.5,1.5,35.0,2.48,54.0,SCENARIO_ASSUMPTION,Simulated El Nino environmental shock parameters for stress testing
MODERATE_EL_NINO,Uttar Pradesh,Gorakhpur,26.4717,80.6462,Rice / Paddy,25.0,1.8,-30.0,-15.0,12.0,18.0,53.5,2.3,20.0,2.29,59.0,SCENARIO_ASSUMPTION,Simulated El Nino environmental shock parameters for stress testing
SEVERE_EL_NINO,Uttar Pradesh,Gorakhpur,26.4717,80.6462,Rice / Paddy,40.0,2.8,-50.0,-26.0,25.0,35.0,68.5,3.3,0.0,2.0,67.5,SCENARIO_ASSUMPTION,Simulated El Nino environmental shock parameters for stress testing
NORMAL,Uttar Pradesh,Hamirpur,26.9367,81.5762,Rice / Paddy,0.0,0.0,0.0,0.0,0.0,0.0,28.53,3.5,50.0,2.5,52.0,SCENARIO_ASSUMPTION,Simulated El Nino environmental shock parameters for stress testing
MILD_EL_NINO,Uttar Pradesh,Hamirpur,26.9367,81.5762,Rice / Paddy,15.0,1.0,-15.0,-8.0,5.0,8.0,43.53,4.5,35.0,2.3,56.16,SCENARIO_ASSUMPTION,Simulated El Nino environmental shock parameters for stress testing
MODERATE_EL_NINO,Uttar Pradesh,Hamirpur,26.9367,81.5762,Rice / Paddy,25.0,1.8,-30.0,-15.0,12.0,18.0,53.53,5.3,20.0,2.12,61.36,SCENARIO_ASSUMPTION,Simulated El Nino environmental shock parameters for stress testing
SEVERE_EL_NINO,Uttar Pradesh,Hamirpur,26.9367,81.5762,Rice / Paddy,40.0,2.8,-50.0,-26.0,25.0,35.0,68.53,6.3,0.0,1.85,70.2,SCENARIO_ASSUMPTION,Simulated El Nino environmental shock parameters for stress testing
NORMAL,Uttar Pradesh,Hapur,26.6817,81.4712,Rice / Paddy,0.0,0.0,0.0,0.0,0.0,0.0,28.5,2.5,50.0,2.7,49.0,SCENARIO_ASSUMPTION,Simulated El Nino environmental shock parameters for stress testing
MILD_EL_NINO,Uttar Pradesh,Hapur,26.6817,81.4712,Rice / Paddy,15.0,1.0,-15.0,-8.0,5.0,8.0,43.5,3.5,35.0,2.48,52.92,SCENARIO_ASSUMPTION,Simulated El Nino environmental shock parameters for stress testing
MODERATE_EL_NINO,Uttar Pradesh,Hapur,26.6817,81.4712,Rice / Paddy,25.0,1.8,-30.0,-15.0,12.0,18.0,53.5,4.3,20.0,2.29,57.82,SCENARIO_ASSUMPTION,Simulated El Nino environmental shock parameters for stress testing
SEVERE_EL_NINO,Uttar Pradesh,Hapur,26.6817,81.4712,Rice / Paddy,40.0,2.8,-50.0,-26.0,25.0,35.0,68.5,5.3,0.0,2.0,66.15,SCENARIO_ASSUMPTION,Simulated El Nino environmental shock parameters for stress testing
NORMAL,Uttar Pradesh,Hardoi,26.9217,81.3362,Rice / Paddy,0.0,0.0,0.0,0.0,0.0,0.0,28.5,2.5,50.0,2.7,50.0,SCENARIO_ASSUMPTION,Simulated El Nino environmental shock parameters for stress testing
MILD_EL_NINO,Uttar Pradesh,Hardoi,26.9217,81.3362,Rice / Paddy,15.0,1.0,-15.0,-8.0,5.0,8.0,43.5,3.5,35.0,2.48,54.0,SCENARIO_ASSUMPTION,Simulated El Nino environmental shock parameters for stress testing
MODERATE_EL_NINO,Uttar Pradesh,Hardoi,26.9217,81.3362,Rice / Paddy,25.0,1.8,-30.0,-15.0,12.0,18.0,53.5,4.3,20.0,2.29,59.0,SCENARIO_ASSUMPTION,Simulated El Nino environmental shock parameters for stress testing
SEVERE_EL_NINO,Uttar Pradesh,Hardoi,26.9217,81.3362,Rice / Paddy,40.0,2.8,-50.0,-26.0,25.0,35.0,68.5,5.3,0.0,2.0,67.5,SCENARIO_ASSUMPTION,Simulated El Nino environmental shock parameters for stress testing
NORMAL,Uttar Pradesh,Hathras,26.6067,80.8862,Rice / Paddy,0.0,0.0,0.0,0.0,0.0,0.0,28.49,1.5,50.0,2.7,52.0,SCENARIO_ASSUMPTION,Simulated El Nino environmental shock parameters for stress testing
MILD_EL_NINO,Uttar Pradesh,Hathras,26.6067,80.8862,Rice / Paddy,15.0,1.0,-15.0,-8.0,5.0,8.0,43.489999999999995,2.5,35.0,2.48,56.16,SCENARIO_ASSUMPTION,Simulated El Nino environmental shock parameters for stress testing
MODERATE_EL_NINO,Uttar Pradesh,Hathras,26.6067,80.8862,Rice / Paddy,25.0,1.8,-30.0,-15.0,12.0,18.0,53.489999999999995,3.3,20.0,2.29,61.36,SCENARIO_ASSUMPTION,Simulated El Nino environmental shock parameters for stress testing
SEVERE_EL_NINO,Uttar Pradesh,Hathras,26.6067,80.8862,Rice / Paddy,40.0,2.8,-50.0,-26.0,25.0,35.0,68.49,4.3,0.0,2.0,70.2,SCENARIO_ASSUMPTION,Simulated El Nino environmental shock parameters for stress testing
NORMAL,Uttar Pradesh,Jalaun,26.2917,80.8562,Rice / Paddy,0.0,0.0,0.0,0.0,0.0,0.0,28.46,1.5,50.0,2.7,52.0,SCENARIO_ASSUMPTION,Simulated El Nino environmental shock parameters for stress testing
MILD_EL_NINO,Uttar Pradesh,Jalaun,26.2917,80.8562,Rice / Paddy,15.0,1.0,-15.0,-8.0,5.0,8.0,43.46,2.5,35.0,2.48,56.16,SCENARIO_ASSUMPTION,Simulated El Nino environmental shock parameters for stress testing
MODERATE_EL_NINO,Uttar Pradesh,Jalaun,26.2917,80.8562,Rice / Paddy,25.0,1.8,-30.0,-15.0,12.0,18.0,53.46,3.3,20.0,2.29,61.36,SCENARIO_ASSUMPTION,Simulated El Nino environmental shock parameters for stress testing
SEVERE_EL_NINO,Uttar Pradesh,Jalaun,26.2917,80.8562,Rice / Paddy,40.0,2.8,-50.0,-26.0,25.0,35.0,68.46000000000001,4.3,0.0,2.0,70.2,SCENARIO_ASSUMPTION,Simulated El Nino environmental shock parameters for stress testing
NORMAL,Uttar Pradesh,Jaunpur,26.8017,81.2012,Rice / Paddy,0.0,0.0,0.0,0.0,0.0,0.0,28.5,5.5,50.0,2.7,48.0,SCENARIO_ASSUMPTION,Simulated El Nino environmental shock parameters for stress testing
MILD_EL_NINO,Uttar Pradesh,Jaunpur,26.8017,81.2012,Rice / Paddy,15.0,1.0,-15.0,-8.0,5.0,8.0,43.5,6.5,35.0,2.48,51.84,SCENARIO_ASSUMPTION,Simulated El Nino environmental shock parameters for stress testing
MODERATE_EL_NINO,Uttar Pradesh,Jaunpur,26.8017,81.2012,Rice / Paddy,25.0,1.8,-30.0,-15.0,12.0,18.0,53.5,7.3,20.0,2.29,56.64,SCENARIO_ASSUMPTION,Simulated El Nino environmental shock parameters for stress testing
SEVERE_EL_NINO,Uttar Pradesh,Jaunpur,26.8017,81.2012,Rice / Paddy,40.0,2.8,-50.0,-26.0,25.0,35.0,68.5,8.3,0.0,2.0,64.8,SCENARIO_ASSUMPTION,Simulated El Nino environmental shock parameters for stress testing
NORMAL,Uttar Pradesh,Jhansi,27.4017,80.4812,Rice / Paddy,0.0,0.0,0.0,0.0,0.0,0.0,28.48,4.5,50.0,2.7,42.0,SCENARIO_ASSUMPTION,Simulated El Nino environmental shock parameters for stress testing
MILD_EL_NINO,Uttar Pradesh,Jhansi,27.4017,80.4812,Rice / Paddy,15.0,1.0,-15.0,-8.0,5.0,8.0,43.480000000000004,5.5,35.0,2.48,45.36,SCENARIO_ASSUMPTION,Simulated El Nino environmental shock parameters for stress testing
MODERATE_EL_NINO,Uttar Pradesh,Jhansi,27.4017,80.4812,Rice / Paddy,25.0,1.8,-30.0,-15.0,12.0,18.0,53.480000000000004,6.3,20.0,2.29,49.56,SCENARIO_ASSUMPTION,Simulated El Nino environmental shock parameters for stress testing
SEVERE_EL_NINO,Uttar Pradesh,Jhansi,27.4017,80.4812,Rice / Paddy,40.0,2.8,-50.0,-26.0,25.0,35.0,68.48,7.3,0.0,2.0,56.7,SCENARIO_ASSUMPTION,Simulated El Nino environmental shock parameters for stress testing
NORMAL,Uttar Pradesh,Kannauj,27.5667,81.1112,Rice / Paddy,0.0,0.0,0.0,0.0,0.0,0.0,28.5,7.5,50.0,2.7,47.0,SCENARIO_ASSUMPTION,Simulated El Nino environmental shock parameters for stress testing
MILD_EL_NINO,Uttar Pradesh,Kannauj,27.5667,81.1112,Rice / Paddy,15.0,1.0,-15.0,-8.0,5.0,8.0,43.5,8.5,35.0,2.48,50.76,SCENARIO_ASSUMPTION,Simulated El Nino environmental shock parameters for stress testing
MODERATE_EL_NINO,Uttar Pradesh,Kannauj,27.5667,81.1112,Rice / Paddy,25.0,1.8,-30.0,-15.0,12.0,18.0,53.5,9.3,20.0,2.29,55.46,SCENARIO_ASSUMPTION,Simulated El Nino environmental shock parameters for stress testing
SEVERE_EL_NINO,Uttar Pradesh,Kannauj,27.5667,81.1112,Rice / Paddy,40.0,2.8,-50.0,-26.0,25.0,35.0,68.5,10.3,0.0,2.0,63.45,SCENARIO_ASSUMPTION,Simulated El Nino environmental shock parameters for stress testing
NORMAL,Uttar Pradesh,Kanpur Dehat,26.7267,80.3012,Rice / Paddy,0.0,0.0,0.0,0.0,0.0,0.0,28.51,5.5,50.0,2.7,44.0,SCENARIO_ASSUMPTION,Simulated El Nino environmental shock parameters for stress testing
MILD_EL_NINO,Uttar Pradesh,Kanpur Dehat,26.7267,80.3012,Rice / Paddy,15.0,1.0,-15.0,-8.0,5.0,8.0,43.510000000000005,6.5,35.0,2.48,47.52,SCENARIO_ASSUMPTION,Simulated El Nino environmental shock parameters for stress testing
MODERATE_EL_NINO,Uttar Pradesh,Kanpur Dehat,26.7267,80.3012,Rice / Paddy,25.0,1.8,-30.0,-15.0,12.0,18.0,53.510000000000005,7.3,20.0,2.29,51.92,SCENARIO_ASSUMPTION,Simulated El Nino environmental shock parameters for stress testing
SEVERE_EL_NINO,Uttar Pradesh,Kanpur Dehat,26.7267,80.3012,Rice / Paddy,40.0,2.8,-50.0,-26.0,25.0,35.0,68.51,8.3,0.0,2.0,59.4,SCENARIO_ASSUMPTION,Simulated El Nino environmental shock parameters for stress testing
NORMAL,Uttar Pradesh,Kanpur Nagar,26.2917,81.1562,Rice / Paddy,0.0,0.0,0.0,0.0,0.0,0.0,28.5,1.5,50.0,2.7,53.0,SCENARIO_ASSUMPTION,Simulated El Nino environmental shock parameters for stress testing
MILD_EL_NINO,Uttar Pradesh,Kanpur Nagar,26.2917,81.1562,Rice / Paddy,15.0,1.0,-15.0,-8.0,5.0,8.0,43.5,2.5,35.0,2.48,57.24,SCENARIO_ASSUMPTION,Simulated El Nino environmental shock parameters for stress testing
MODERATE_EL_NINO,Uttar Pradesh,Kanpur Nagar,26.2917,81.1562,Rice / Paddy,25.0,1.8,-30.0,-15.0,12.0,18.0,53.5,3.3,20.0,2.29,62.54,SCENARIO_ASSUMPTION,Simulated El Nino environmental shock parameters for stress testing
SEVERE_EL_NINO,Uttar Pradesh,Kanpur Nagar,26.2917,81.1562,Rice / Paddy,40.0,2.8,-50.0,-26.0,25.0,35.0,68.5,4.3,0.0,2.0,71.55,SCENARIO_ASSUMPTION,Simulated El Nino environmental shock parameters for stress testing
NORMAL,Uttar Pradesh,Kasganj,27.3117,81.0812,Rice / Paddy,0.0,0.0,0.0,0.0,0.0,0.0,28.49,4.5,50.0,2.7,52.0,SCENARIO_ASSUMPTION,Simulated El Nino environmental shock parameters for stress testing
MILD_EL_NINO,Uttar Pradesh,Kasganj,27.3117,81.0812,Rice / Paddy,15.0,1.0,-15.0,-8.0,5.0,8.0,43.489999999999995,5.5,35.0,2.48,56.16,SCENARIO_ASSUMPTION,Simulated El Nino environmental shock parameters for stress testing
MODERATE_EL_NINO,Uttar Pradesh,Kasganj,27.3117,81.0812,Rice / Paddy,25.0,1.8,-30.0,-15.0,12.0,18.0,53.489999999999995,6.3,20.0,2.29,61.36,SCENARIO_ASSUMPTION,Simulated El Nino environmental shock parameters for stress testing
SEVERE_EL_NINO,Uttar Pradesh,Kasganj,27.3117,81.0812,Rice / Paddy,40.0,2.8,-50.0,-26.0,25.0,35.0,68.49,7.3,0.0,2.0,70.2,SCENARIO_ASSUMPTION,Simulated El Nino environmental shock parameters for stress testing
NORMAL,Uttar Pradesh,Kaushambi,26.3367,80.4812,Rice / Paddy,0.0,0.0,0.0,0.0,0.0,0.0,28.5,4.5,50.0,2.7,46.0,SCENARIO_ASSUMPTION,Simulated El Nino environmental shock parameters for stress testing
MILD_EL_NINO,Uttar Pradesh,Kaushambi,26.3367,80.4812,Rice / Paddy,15.0,1.0,-15.0,-8.0,5.0,8.0,43.5,5.5,35.0,2.48,49.68,SCENARIO_ASSUMPTION,Simulated El Nino environmental shock parameters for stress testing
MODERATE_EL_NINO,Uttar Pradesh,Kaushambi,26.3367,80.4812,Rice / Paddy,25.0,1.8,-30.0,-15.0,12.0,18.0,53.5,6.3,20.0,2.29,54.28,SCENARIO_ASSUMPTION,Simulated El Nino environmental shock parameters for stress testing
SEVERE_EL_NINO,Uttar Pradesh,Kaushambi,26.3367,80.4812,Rice / Paddy,40.0,2.8,-50.0,-26.0,25.0,35.0,68.5,7.3,0.0,2.0,62.1,SCENARIO_ASSUMPTION,Simulated El Nino environmental shock parameters for stress testing
NORMAL,Uttar Pradesh,Kheri,26.8917,81.5162,Rice / Paddy,0.0,0.0,0.0,0.0,0.0,0.0,28.51,5.5,50.0,2.7,46.0,SCENARIO_ASSUMPTION,Simulated El Nino environmental shock parameters for stress testing
MILD_EL_NINO,Uttar Pradesh,Kheri,26.8917,81.5162,Rice / Paddy,15.0,1.0,-15.0,-8.0,5.0,8.0,43.510000000000005,6.5,35.0,2.48,49.68,SCENARIO_ASSUMPTION,Simulated El Nino environmental shock parameters for stress testing
MODERATE_EL_NINO,Uttar Pradesh,Kheri,26.8917,81.5162,Rice / Paddy,25.0,1.8,-30.0,-15.0,12.0,18.0,53.510000000000005,7.3,20.0,2.29,54.28,SCENARIO_ASSUMPTION,Simulated El Nino environmental shock parameters for stress testing
SEVERE_EL_NINO,Uttar Pradesh,Kheri,26.8917,81.5162,Rice / Paddy,40.0,2.8,-50.0,-26.0,25.0,35.0,68.51,8.3,0.0,2.0,62.1,SCENARIO_ASSUMPTION,Simulated El Nino environmental shock parameters for stress testing
NORMAL,Uttar Pradesh,Kushinagar,26.9817,80.2262,Rice / Paddy,0.0,0.0,0.0,0.0,0.0,0.0,28.52,3.5,50.0,2.7,50.0,SCENARIO_ASSUMPTION,Simulated El Nino environmental shock parameters for stress testing
MILD_EL_NINO,Uttar Pradesh,Kushinagar,26.9817,80.2262,Rice / Paddy,15.0,1.0,-15.0,-8.0,5.0,8.0,43.519999999999996,4.5,35.0,2.48,54.0,SCENARIO_ASSUMPTION,Simulated El Nino environmental shock parameters for stress testing
MODERATE_EL_NINO,Uttar Pradesh,Kushinagar,26.9817,80.2262,Rice / Paddy,25.0,1.8,-30.0,-15.0,12.0,18.0,53.519999999999996,5.3,20.0,2.29,59.0,SCENARIO_ASSUMPTION,Simulated El Nino environmental shock parameters for stress testing
SEVERE_EL_NINO,Uttar Pradesh,Kushinagar,26.9817,80.2262,Rice / Paddy,40.0,2.8,-50.0,-26.0,25.0,35.0,68.52,6.3,0.0,2.0,67.5,SCENARIO_ASSUMPTION,Simulated El Nino environmental shock parameters for stress testing
NORMAL,Uttar Pradesh,Lalitpur,26.7867,81.5762,Rice / Paddy,0.0,0.0,0.0,0.0,0.0,0.0,28.5,1.5,50.0,2.7,53.0,SCENARIO_ASSUMPTION,Simulated El Nino environmental shock parameters for stress testing
MILD_EL_NINO,Uttar Pradesh,Lalitpur,26.7867,81.5762,Rice / Paddy,15.0,1.0,-15.0,-8.0,5.0,8.0,43.5,2.5,35.0,2.48,57.24,SCENARIO_ASSUMPTION,Simulated El Nino environmental shock parameters for stress testing
MODERATE_EL_NINO,Uttar Pradesh,Lalitpur,26.7867,81.5762,Rice / Paddy,25.0,1.8,-30.0,-15.0,12.0,18.0,53.5,3.3,20.0,2.29,62.54,SCENARIO_ASSUMPTION,Simulated El Nino environmental shock parameters for stress testing
SEVERE_EL_NINO,Uttar Pradesh,Lalitpur,26.7867,81.5762,Rice / Paddy,40.0,2.8,-50.0,-26.0,25.0,35.0,68.5,4.3,0.0,2.0,71.55,SCENARIO_ASSUMPTION,Simulated El Nino environmental shock parameters for stress testing
NORMAL,Uttar Pradesh,Lucknow,26.8467,80.9462,Rice / Paddy,0.0,0.0,0.0,0.0,0.0,0.0,28.5,4.5,50.0,2.7,48.0,SCENARIO_ASSUMPTION,Simulated El Nino environmental shock parameters for stress testing
MILD_EL_NINO,Uttar Pradesh,Lucknow,26.8467,80.9462,Rice / Paddy,15.0,1.0,-15.0,-8.0,5.0,8.0,43.5,5.5,35.0,2.48,51.84,SCENARIO_ASSUMPTION,Simulated El Nino environmental shock parameters for stress testing
MODERATE_EL_NINO,Uttar Pradesh,Lucknow,26.8467,80.9462,Rice / Paddy,25.0,1.8,-30.0,-15.0,12.0,18.0,53.5,6.3,20.0,2.29,56.64,SCENARIO_ASSUMPTION,Simulated El Nino environmental shock parameters for stress testing
SEVERE_EL_NINO,Uttar Pradesh,Lucknow,26.8467,80.9462,Rice / Paddy,40.0,2.8,-50.0,-26.0,25.0,35.0,68.5,7.3,0.0,2.0,64.8,SCENARIO_ASSUMPTION,Simulated El Nino environmental shock parameters for stress testing
NORMAL,Uttar Pradesh,Maharajganj,26.6067,80.6162,Rice / Paddy,0.0,0.0,0.0,0.0,0.0,0.0,28.49,7.5,50.0,2.7,46.0,SCENARIO_ASSUMPTION,Simulated El Nino environmental shock parameters for stress testing
MILD_EL_NINO,Uttar Pradesh,Maharajganj,26.6067,80.6162,Rice / Paddy,15.0,1.0,-15.0,-8.0,5.0,8.0,43.489999999999995,8.5,35.0,2.48,49.68,SCENARIO_ASSUMPTION,Simulated El Nino environmental shock parameters for stress testing
MODERATE_EL_NINO,Uttar Pradesh,Maharajganj,26.6067,80.6162,Rice / Paddy,25.0,1.8,-30.0,-15.0,12.0,18.0,53.489999999999995,9.3,20.0,2.29,54.28,SCENARIO_ASSUMPTION,Simulated El Nino environmental shock parameters for stress testing
SEVERE_EL_NINO,Uttar Pradesh,Maharajganj,26.6067,80.6162,Rice / Paddy,40.0,2.8,-50.0,-26.0,25.0,35.0,68.49,10.3,0.0,2.0,62.1,SCENARIO_ASSUMPTION,Simulated El Nino environmental shock parameters for stress testing
NORMAL,Uttar Pradesh,Mahoba,26.1267,80.9762,Rice / Paddy,0.0,0.0,0.0,0.0,0.0,0.0,28.51,4.5,50.0,2.7,50.0,SCENARIO_ASSUMPTION,Simulated El Nino environmental shock parameters for stress testing
MILD_EL_NINO,Uttar Pradesh,Mahoba,26.1267,80.9762,Rice / Paddy,15.0,1.0,-15.0,-8.0,5.0,8.0,43.510000000000005,5.5,35.0,2.48,54.0,SCENARIO_ASSUMPTION,Simulated El Nino environmental shock parameters for stress testing
MODERATE_EL_NINO,Uttar Pradesh,Mahoba,26.1267,80.9762,Rice / Paddy,25.0,1.8,-30.0,-15.0,12.0,18.0,53.510000000000005,6.3,20.0,2.29,59.0,SCENARIO_ASSUMPTION,Simulated El Nino environmental shock parameters for stress testing
SEVERE_EL_NINO,Uttar Pradesh,Mahoba,26.1267,80.9762,Rice / Paddy,40.0,2.8,-50.0,-26.0,25.0,35.0,68.51,7.3,0.0,2.0,67.5,SCENARIO_ASSUMPTION,Simulated El Nino environmental shock parameters for stress testing
NORMAL,Uttar Pradesh,Mainpuri,26.8317,80.2712,Rice / Paddy,0.0,0.0,0.0,0.0,0.0,0.0,28.5,2.5,50.0,2.7,46.0,SCENARIO_ASSUMPTION,Simulated El Nino environmental shock parameters for stress testing
MILD_EL_NINO,Uttar Pradesh,Mainpuri,26.8317,80.2712,Rice / Paddy,15.0,1.0,-15.0,-8.0,5.0,8.0,43.5,3.5,35.0,2.48,49.68,SCENARIO_ASSUMPTION,Simulated El Nino environmental shock parameters for stress testing
MODERATE_EL_NINO,Uttar Pradesh,Mainpuri,26.8317,80.2712,Rice / Paddy,25.0,1.8,-30.0,-15.0,12.0,18.0,53.5,4.3,20.0,2.29,54.28,SCENARIO_ASSUMPTION,Simulated El Nino environmental shock parameters for stress testing
SEVERE_EL_NINO,Uttar Pradesh,Mainpuri,26.8317,80.2712,Rice / Paddy,40.0,2.8,-50.0,-26.0,25.0,35.0,68.5,5.3,0.0,2.0,62.1,SCENARIO_ASSUMPTION,Simulated El Nino environmental shock parameters for stress testing
NORMAL,Uttar Pradesh,Mathura,26.8617,81.1712,Rice / Paddy,0.0,0.0,0.0,0.0,0.0,0.0,28.51,1.5,50.0,2.7,46.0,SCENARIO_ASSUMPTION,Simulated El Nino environmental shock parameters for stress testing
MILD_EL_NINO,Uttar Pradesh,Mathura,26.8617,81.1712,Rice / Paddy,15.0,1.0,-15.0,-8.0,5.0,8.0,43.510000000000005,2.5,35.0,2.48,49.68,SCENARIO_ASSUMPTION,Simulated El Nino environmental shock parameters for stress testing
MODERATE_EL_NINO,Uttar Pradesh,Mathura,26.8617,81.1712,Rice / Paddy,25.0,1.8,-30.0,-15.0,12.0,18.0,53.510000000000005,3.3,20.0,2.29,54.28,SCENARIO_ASSUMPTION,Simulated El Nino environmental shock parameters for stress testing
SEVERE_EL_NINO,Uttar Pradesh,Mathura,26.8617,81.1712,Rice / Paddy,40.0,2.8,-50.0,-26.0,25.0,35.0,68.51,4.3,0.0,2.0,62.1,SCENARIO_ASSUMPTION,Simulated El Nino environmental shock parameters for stress testing
NORMAL,Uttar Pradesh,Mau,26.2617,81.3962,Rice / Paddy,0.0,0.0,0.0,0.0,0.0,0.0,28.5,0.5,50.0,2.7,43.0,SCENARIO_ASSUMPTION,Simulated El Nino environmental shock parameters for stress testing
MILD_EL_NINO,Uttar Pradesh,Mau,26.2617,81.3962,Rice / Paddy,15.0,1.0,-15.0,-8.0,5.0,8.0,43.5,1.5,35.0,2.48,46.44,SCENARIO_ASSUMPTION,Simulated El Nino environmental shock parameters for stress testing
MODERATE_EL_NINO,Uttar Pradesh,Mau,26.2617,81.3962,Rice / Paddy,25.0,1.8,-30.0,-15.0,12.0,18.0,53.5,2.3,20.0,2.29,50.74,SCENARIO_ASSUMPTION,Simulated El Nino environmental shock parameters for stress testing
SEVERE_EL_NINO,Uttar Pradesh,Mau,26.2617,81.3962,Rice / Paddy,40.0,2.8,-50.0,-26.0,25.0,35.0,68.5,3.3,0.0,2.0,58.05,SCENARIO_ASSUMPTION,Simulated El Nino environmental shock parameters for stress testing
NORMAL,Uttar Pradesh,Meerut,27.1917,80.2262,Rice / Paddy,0.0,0.0,0.0,0.0,0.0,0.0,28.49,6.5,50.0,2.7,43.0,SCENARIO_ASSUMPTION,Simulated El Nino environmental shock parameters for stress testing
MILD_EL_NINO,Uttar Pradesh,Meerut,27.1917,80.2262,Rice / Paddy,15.0,1.0,-15.0,-8.0,5.0,8.0,43.489999999999995,7.5,35.0,2.48,46.44,SCENARIO_ASSUMPTION,Simulated El Nino environmental shock parameters for stress testing
MODERATE_EL_NINO,Uttar Pradesh,Meerut,27.1917,80.2262,Rice / Paddy,25.0,1.8,-30.0,-15.0,12.0,18.0,53.489999999999995,8.3,20.0,2.29,50.74,SCENARIO_ASSUMPTION,Simulated El Nino environmental shock parameters for stress testing
SEVERE_EL_NINO,Uttar Pradesh,Meerut,27.1917,80.2262,Rice / Paddy,40.0,2.8,-50.0,-26.0,25.0,35.0,68.49,9.3,0.0,2.0,58.05,SCENARIO_ASSUMPTION,Simulated El Nino environmental shock parameters for stress testing
NORMAL,Uttar Pradesh,Mirzapur,26.4867,80.8562,Rice / Paddy,0.0,0.0,0.0,0.0,0.0,0.0,28.49,5.5,50.0,2.7,52.0,SCENARIO_ASSUMPTION,Simulated El Nino environmental shock parameters for stress testing
MILD_EL_NINO,Uttar Pradesh,Mirzapur,26.4867,80.8562,Rice / Paddy,15.0,1.0,-15.0,-8.0,5.0,8.0,43.489999999999995,6.5,35.0,2.48,56.16,SCENARIO_ASSUMPTION,Simulated El Nino environmental shock parameters for stress testing
MODERATE_EL_NINO,Uttar Pradesh,Mirzapur,26.4867,80.8562,Rice / Paddy,25.0,1.8,-30.0,-15.0,12.0,18.0,53.489999999999995,7.3,20.0,2.29,61.36,SCENARIO_ASSUMPTION,Simulated El Nino environmental shock parameters for stress testing
SEVERE_EL_NINO,Uttar Pradesh,Mirzapur,26.4867,80.8562,Rice / Paddy,40.0,2.8,-50.0,-26.0,25.0,35.0,68.49,8.3,0.0,2.0,70.2,SCENARIO_ASSUMPTION,Simulated El Nino environmental shock parameters for stress testing
NORMAL,Uttar Pradesh,Moradabad,26.6817,80.6312,Rice / Paddy,0.0,0.0,0.0,0.0,0.0,0.0,28.51,5.5,50.0,2.7,53.0,SCENARIO_ASSUMPTION,Simulated El Nino environmental shock parameters for stress testing
MILD_EL_NINO,Uttar Pradesh,Moradabad,26.6817,80.6312,Rice / Paddy,15.0,1.0,-15.0,-8.0,5.0,8.0,43.510000000000005,6.5,35.0,2.48,57.24,SCENARIO_ASSUMPTION,Simulated El Nino environmental shock parameters for stress testing
MODERATE_EL_NINO,Uttar Pradesh,Moradabad,26.6817,80.6312,Rice / Paddy,25.0,1.8,-30.0,-15.0,12.0,18.0,53.510000000000005,7.3,20.0,2.29,62.54,SCENARIO_ASSUMPTION,Simulated El Nino environmental shock parameters for stress testing
SEVERE_EL_NINO,Uttar Pradesh,Moradabad,26.6817,80.6312,Rice / Paddy,40.0,2.8,-50.0,-26.0,25.0,35.0,68.51,8.3,0.0,2.0,71.55,SCENARIO_ASSUMPTION,Simulated El Nino environmental shock parameters for stress testing
NORMAL,Uttar Pradesh,Muzaffarnagar,27.3417,80.9912,Rice / Paddy,0.0,0.0,0.0,0.0,0.0,0.0,28.49,1.5,50.0,2.7,44.0,SCENARIO_ASSUMPTION,Simulated El Nino environmental shock parameters for stress testing
MILD_EL_NINO,Uttar Pradesh,Muzaffarnagar,27.3417,80.9912,Rice / Paddy,15.0,1.0,-15.0,-8.0,5.0,8.0,43.489999999999995,2.5,35.0,2.48,47.52,SCENARIO_ASSUMPTION,Simulated El Nino environmental shock parameters for stress testing
MODERATE_EL_NINO,Uttar Pradesh,Muzaffarnagar,27.3417,80.9912,Rice / Paddy,25.0,1.8,-30.0,-15.0,12.0,18.0,53.489999999999995,3.3,20.0,2.29,51.92,SCENARIO_ASSUMPTION,Simulated El Nino environmental shock parameters for stress testing
SEVERE_EL_NINO,Uttar Pradesh,Muzaffarnagar,27.3417,80.9912,Rice / Paddy,40.0,2.8,-50.0,-26.0,25.0,35.0,68.49,4.3,0.0,2.0,59.4,SCENARIO_ASSUMPTION,Simulated El Nino environmental shock parameters for stress testing
NORMAL,Uttar Pradesh,Pilibhit,26.3067,81.3062,Rice / Paddy,0.0,0.0,0.0,0.0,0.0,0.0,28.54,4.5,50.0,2.7,50.0,SCENARIO_ASSUMPTION,Simulated El Nino environmental shock parameters for stress testing
MILD_EL_NINO,Uttar Pradesh,Pilibhit,26.3067,81.3062,Rice / Paddy,15.0,1.0,-15.0,-8.0,5.0,8.0,43.54,5.5,35.0,2.48,54.0,SCENARIO_ASSUMPTION,Simulated El Nino environmental shock parameters for stress testing
MODERATE_EL_NINO,Uttar Pradesh,Pilibhit,26.3067,81.3062,Rice / Paddy,25.0,1.8,-30.0,-15.0,12.0,18.0,53.54,6.3,20.0,2.29,59.0,SCENARIO_ASSUMPTION,Simulated El Nino environmental shock parameters for stress testing
SEVERE_EL_NINO,Uttar Pradesh,Pilibhit,26.3067,81.3062,Rice / Paddy,40.0,2.8,-50.0,-26.0,25.0,35.0,68.53999999999999,7.3,0.0,2.0,67.5,SCENARIO_ASSUMPTION,Simulated El Nino environmental shock parameters for stress testing
NORMAL,Uttar Pradesh,Pratapgarh,26.6217,81.2912,Rice / Paddy,0.0,0.0,0.0,0.0,0.0,0.0,28.5,4.5,50.0,2.7,52.0,SCENARIO_ASSUMPTION,Simulated El Nino environmental shock parameters for stress testing
MILD_EL_NINO,Uttar Pradesh,Pratapgarh,26.6217,81.2912,Rice / Paddy,15.0,1.0,-15.0,-8.0,5.0,8.0,43.5,5.5,35.0,2.48,56.16,SCENARIO_ASSUMPTION,Simulated El Nino environmental shock parameters for stress testing
MODERATE_EL_NINO,Uttar Pradesh,Pratapgarh,26.6217,81.2912,Rice / Paddy,25.0,1.8,-30.0,-15.0,12.0,18.0,53.5,6.3,20.0,2.29,61.36,SCENARIO_ASSUMPTION,Simulated El Nino environmental shock parameters for stress testing
SEVERE_EL_NINO,Uttar Pradesh,Pratapgarh,26.6217,81.2912,Rice / Paddy,40.0,2.8,-50.0,-26.0,25.0,35.0,68.5,7.3,0.0,2.0,70.2,SCENARIO_ASSUMPTION,Simulated El Nino environmental shock parameters for stress testing
NORMAL,Uttar Pradesh,Raebareli,27.3567,81.2012,Rice / Paddy,0.0,0.0,0.0,0.0,0.0,0.0,28.46,5.5,50.0,2.7,47.0,SCENARIO_ASSUMPTION,Simulated El Nino environmental shock parameters for stress testing
MILD_EL_NINO,Uttar Pradesh,Raebareli,27.3567,81.2012,Rice / Paddy,15.0,1.0,-15.0,-8.0,5.0,8.0,43.46,6.5,35.0,2.48,50.76,SCENARIO_ASSUMPTION,Simulated El Nino environmental shock parameters for stress testing
MODERATE_EL_NINO,Uttar Pradesh,Raebareli,27.3567,81.2012,Rice / Paddy,25.0,1.8,-30.0,-15.0,12.0,18.0,53.46,7.3,20.0,2.29,55.46,SCENARIO_ASSUMPTION,Simulated El Nino environmental shock parameters for stress testing
SEVERE_EL_NINO,Uttar Pradesh,Raebareli,27.3567,81.2012,Rice / Paddy,40.0,2.8,-50.0,-26.0,25.0,35.0,68.46000000000001,8.3,0.0,2.0,63.45,SCENARIO_ASSUMPTION,Simulated El Nino environmental shock parameters for stress testing
NORMAL,Uttar Pradesh,Rampur,27.2067,81.3512,Rice / Paddy,0.0,0.0,0.0,0.0,0.0,0.0,28.47,4.5,50.0,2.7,48.0,SCENARIO_ASSUMPTION,Simulated El Nino environmental shock parameters for stress testing
MILD_EL_NINO,Uttar Pradesh,Rampur,27.2067,81.3512,Rice / Paddy,15.0,1.0,-15.0,-8.0,5.0,8.0,43.47,5.5,35.0,2.48,51.84,SCENARIO_ASSUMPTION,Simulated El Nino environmental shock parameters for stress testing
MODERATE_EL_NINO,Uttar Pradesh,Rampur,27.2067,81.3512,Rice / Paddy,25.0,1.8,-30.0,-15.0,12.0,18.0,53.47,6.3,20.0,2.29,56.64,SCENARIO_ASSUMPTION,Simulated El Nino environmental shock parameters for stress testing
SEVERE_EL_NINO,Uttar Pradesh,Rampur,27.2067,81.3512,Rice / Paddy,40.0,2.8,-50.0,-26.0,25.0,35.0,68.47,7.3,0.0,2.0,64.8,SCENARIO_ASSUMPTION,Simulated El Nino environmental shock parameters for stress testing
NORMAL,Uttar Pradesh,Saharanpur,27.5067,80.4362,Rice / Paddy,0.0,0.0,0.0,0.0,0.0,0.0,28.49,0.5,50.0,2.7,45.0,SCENARIO_ASSUMPTION,Simulated El Nino environmental shock parameters for stress testing
MILD_EL_NINO,Uttar Pradesh,Saharanpur,27.5067,80.4362,Rice / Paddy,15.0,1.0,-15.0,-8.0,5.0,8.0,43.489999999999995,1.5,35.0,2.48,48.6,SCENARIO_ASSUMPTION,Simulated El Nino environmental shock parameters for stress testing
MODERATE_EL_NINO,Uttar Pradesh,Saharanpur,27.5067,80.4362,Rice / Paddy,25.0,1.8,-30.0,-15.0,12.0,18.0,53.489999999999995,2.3,20.0,2.29,53.1,SCENARIO_ASSUMPTION,Simulated El Nino environmental shock parameters for stress testing
SEVERE_EL_NINO,Uttar Pradesh,Saharanpur,27.5067,80.4362,Rice / Paddy,40.0,2.8,-50.0,-26.0,25.0,35.0,68.49,3.3,0.0,2.0,60.75,SCENARIO_ASSUMPTION,Simulated El Nino environmental shock parameters for stress testing
NORMAL,Uttar Pradesh,Sambhal,26.5767,81.2012,Rice / Paddy,0.0,0.0,0.0,0.0,0.0,0.0,28.51,0.5,50.0,2.7,52.0,SCENARIO_ASSUMPTION,Simulated El Nino environmental shock parameters for stress testing
MILD_EL_NINO,Uttar Pradesh,Sambhal,26.5767,81.2012,Rice / Paddy,15.0,1.0,-15.0,-8.0,5.0,8.0,43.510000000000005,1.5,35.0,2.48,56.16,SCENARIO_ASSUMPTION,Simulated El Nino environmental shock parameters for stress testing
MODERATE_EL_NINO,Uttar Pradesh,Sambhal,26.5767,81.2012,Rice / Paddy,25.0,1.8,-30.0,-15.0,12.0,18.0,53.510000000000005,2.3,20.0,2.29,61.36,SCENARIO_ASSUMPTION,Simulated El Nino environmental shock parameters for stress testing
SEVERE_EL_NINO,Uttar Pradesh,Sambhal,26.5767,81.2012,Rice / Paddy,40.0,2.8,-50.0,-26.0,25.0,35.0,68.51,3.3,0.0,2.0,70.2,SCENARIO_ASSUMPTION,Simulated El Nino environmental shock parameters for stress testing
NORMAL,Uttar Pradesh,Sant Kabir Nagar,26.9067,80.8262,Rice / Paddy,0.0,0.0,0.0,0.0,0.0,0.0,28.51,5.5,50.0,2.7,45.0,SCENARIO_ASSUMPTION,Simulated El Nino environmental shock parameters for stress testing
MILD_EL_NINO,Uttar Pradesh,Sant Kabir Nagar,26.9067,80.8262,Rice / Paddy,15.0,1.0,-15.0,-8.0,5.0,8.0,43.510000000000005,6.5,35.0,2.48,48.6,SCENARIO_ASSUMPTION,Simulated El Nino environmental shock parameters for stress testing
MODERATE_EL_NINO,Uttar Pradesh,Sant Kabir Nagar,26.9067,80.8262,Rice / Paddy,25.0,1.8,-30.0,-15.0,12.0,18.0,53.510000000000005,7.3,20.0,2.29,53.1,SCENARIO_ASSUMPTION,Simulated El Nino environmental shock parameters for stress testing
SEVERE_EL_NINO,Uttar Pradesh,Sant Kabir Nagar,26.9067,80.8262,Rice / Paddy,40.0,2.8,-50.0,-26.0,25.0,35.0,68.51,8.3,0.0,2.0,60.75,SCENARIO_ASSUMPTION,Simulated El Nino environmental shock parameters for stress testing
NORMAL,Uttar Pradesh,Shahjahanpur,26.2917,80.2262,Rice / Paddy,0.0,0.0,0.0,0.0,0.0,0.0,28.5,2.5,50.0,2.7,44.0,SCENARIO_ASSUMPTION,Simulated El Nino environmental shock parameters for stress testing
MILD_EL_NINO,Uttar Pradesh,Shahjahanpur,26.2917,80.2262,Rice / Paddy,15.0,1.0,-15.0,-8.0,5.0,8.0,43.5,3.5,35.0,2.48,47.52,SCENARIO_ASSUMPTION,Simulated El Nino environmental shock parameters for stress testing
MODERATE_EL_NINO,Uttar Pradesh,Shahjahanpur,26.2917,80.2262,Rice / Paddy,25.0,1.8,-30.0,-15.0,12.0,18.0,53.5,4.3,20.0,2.29,51.92,SCENARIO_ASSUMPTION,Simulated El Nino environmental shock parameters for stress testing
SEVERE_EL_NINO,Uttar Pradesh,Shahjahanpur,26.2917,80.2262,Rice / Paddy,40.0,2.8,-50.0,-26.0,25.0,35.0,68.5,5.3,0.0,2.0,59.4,SCENARIO_ASSUMPTION,Simulated El Nino environmental shock parameters for stress testing
NORMAL,Uttar Pradesh,Shamli,27.2067,80.6912,Rice / Paddy,0.0,0.0,0.0,0.0,0.0,0.0,28.48,6.5,50.0,2.7,45.0,SCENARIO_ASSUMPTION,Simulated El Nino environmental shock parameters for stress testing
MILD_EL_NINO,Uttar Pradesh,Shamli,27.2067,80.6912,Rice / Paddy,15.0,1.0,-15.0,-8.0,5.0,8.0,43.480000000000004,7.5,35.0,2.48,48.6,SCENARIO_ASSUMPTION,Simulated El Nino environmental shock parameters for stress testing
MODERATE_EL_NINO,Uttar Pradesh,Shamli,27.2067,80.6912,Rice / Paddy,25.0,1.8,-30.0,-15.0,12.0,18.0,53.480000000000004,8.3,20.0,2.29,53.1,SCENARIO_ASSUMPTION,Simulated El Nino environmental shock parameters for stress testing
SEVERE_EL_NINO,Uttar Pradesh,Shamli,27.2067,80.6912,Rice / Paddy,40.0,2.8,-50.0,-26.0,25.0,35.0,68.48,9.3,0.0,2.0,60.75,SCENARIO_ASSUMPTION,Simulated El Nino environmental shock parameters for stress testing
NORMAL,Uttar Pradesh,Shravasti,27.5817,81.2762,Rice / Paddy,0.0,0.0,0.0,0.0,0.0,0.0,28.49,3.5,50.0,2.7,44.0,SCENARIO_ASSUMPTION,Simulated El Nino environmental shock parameters for stress testing
MILD_EL_NINO,Uttar Pradesh,Shravasti,27.5817,81.2762,Rice / Paddy,15.0,1.0,-15.0,-8.0,5.0,8.0,43.489999999999995,4.5,35.0,2.48,47.52,SCENARIO_ASSUMPTION,Simulated El Nino environmental shock parameters for stress testing
MODERATE_EL_NINO,Uttar Pradesh,Shravasti,27.5817,81.2762,Rice / Paddy,25.0,1.8,-30.0,-15.0,12.0,18.0,53.489999999999995,5.3,20.0,2.29,51.92,SCENARIO_ASSUMPTION,Simulated El Nino environmental shock parameters for stress testing
SEVERE_EL_NINO,Uttar Pradesh,Shravasti,27.5817,81.2762,Rice / Paddy,40.0,2.8,-50.0,-26.0,25.0,35.0,68.49,6.3,0.0,2.0,59.4,SCENARIO_ASSUMPTION,Simulated El Nino environmental shock parameters for stress testing
NORMAL,Uttar Pradesh,Siddharthnagar,26.1567,80.4362,Rice / Paddy,0.0,0.0,0.0,0.0,0.0,0.0,28.5,0.5,50.0,2.7,48.0,SCENARIO_ASSUMPTION,Simulated El Nino environmental shock parameters for stress testing
MILD_EL_NINO,Uttar Pradesh,Siddharthnagar,26.1567,80.4362,Rice / Paddy,15.0,1.0,-15.0,-8.0,5.0,8.0,43.5,1.5,35.0,2.48,51.84,SCENARIO_ASSUMPTION,Simulated El Nino environmental shock parameters for stress testing
MODERATE_EL_NINO,Uttar Pradesh,Siddharthnagar,26.1567,80.4362,Rice / Paddy,25.0,1.8,-30.0,-15.0,12.0,18.0,53.5,2.3,20.0,2.29,56.64,SCENARIO_ASSUMPTION,Simulated El Nino environmental shock parameters for stress testing
SEVERE_EL_NINO,Uttar Pradesh,Siddharthnagar,26.1567,80.4362,Rice / Paddy,40.0,2.8,-50.0,-26.0,25.0,35.0,68.5,3.3,0.0,2.0,64.8,SCENARIO_ASSUMPTION,Simulated El Nino environmental shock parameters for stress testing
NORMAL,Uttar Pradesh,Sitapur,26.4567,80.4062,Rice / Paddy,0.0,0.0,0.0,0.0,0.0,0.0,28.5,6.5,50.0,2.7,52.0,SCENARIO_ASSUMPTION,Simulated El Nino environmental shock parameters for stress testing
MILD_EL_NINO,Uttar Pradesh,Sitapur,26.4567,80.4062,Rice / Paddy,15.0,1.0,-15.0,-8.0,5.0,8.0,43.5,7.5,35.0,2.48,56.16,SCENARIO_ASSUMPTION,Simulated El Nino environmental shock parameters for stress testing
MODERATE_EL_NINO,Uttar Pradesh,Sitapur,26.4567,80.4062,Rice / Paddy,25.0,1.8,-30.0,-15.0,12.0,18.0,53.5,8.3,20.0,2.29,61.36,SCENARIO_ASSUMPTION,Simulated El Nino environmental shock parameters for stress testing
SEVERE_EL_NINO,Uttar Pradesh,Sitapur,26.4567,80.4062,Rice / Paddy,40.0,2.8,-50.0,-26.0,25.0,35.0,68.5,9.3,0.0,2.0,70.2,SCENARIO_ASSUMPTION,Simulated El Nino environmental shock parameters for stress testing
NORMAL,Uttar Pradesh,Sonbhadra,26.7567,80.9762,Rice / Paddy,0.0,0.0,0.0,0.0,0.0,0.0,28.51,1.5,50.0,2.7,45.0,SCENARIO_ASSUMPTION,Simulated El Nino environmental shock parameters for stress testing
MILD_EL_NINO,Uttar Pradesh,Sonbhadra,26.7567,80.9762,Rice / Paddy,15.0,1.0,-15.0,-8.0,5.0,8.0,43.510000000000005,2.5,35.0,2.48,48.6,SCENARIO_ASSUMPTION,Simulated El Nino environmental shock parameters for stress testing
MODERATE_EL_NINO,Uttar Pradesh,Sonbhadra,26.7567,80.9762,Rice / Paddy,25.0,1.8,-30.0,-15.0,12.0,18.0,53.510000000000005,3.3,20.0,2.29,53.1,SCENARIO_ASSUMPTION,Simulated El Nino environmental shock parameters for stress testing
SEVERE_EL_NINO,Uttar Pradesh,Sonbhadra,26.7567,80.9762,Rice / Paddy,40.0,2.8,-50.0,-26.0,25.0,35.0,68.51,4.3,0.0,2.0,60.75,SCENARIO_ASSUMPTION,Simulated El Nino environmental shock parameters for stress testing
NORMAL,Uttar Pradesh,Sultanpur,26.5467,81.6212,Rice / Paddy,0.0,0.0,0.0,0.0,0.0,0.0,28.51,1.5,50.0,2.7,46.0,SCENARIO_ASSUMPTION,Simulated El Nino environmental shock parameters for stress testing
MILD_EL_NINO,Uttar Pradesh,Sultanpur,26.5467,81.6212,Rice / Paddy,15.0,1.0,-15.0,-8.0,5.0,8.0,43.510000000000005,2.5,35.0,2.48,49.68,SCENARIO_ASSUMPTION,Simulated El Nino environmental shock parameters for stress testing
MODERATE_EL_NINO,Uttar Pradesh,Sultanpur,26.5467,81.6212,Rice / Paddy,25.0,1.8,-30.0,-15.0,12.0,18.0,53.510000000000005,3.3,20.0,2.29,54.28,SCENARIO_ASSUMPTION,Simulated El Nino environmental shock parameters for stress testing
SEVERE_EL_NINO,Uttar Pradesh,Sultanpur,26.5467,81.6212,Rice / Paddy,40.0,2.8,-50.0,-26.0,25.0,35.0,68.51,4.3,0.0,2.0,62.1,SCENARIO_ASSUMPTION,Simulated El Nino environmental shock parameters for stress testing
NORMAL,Uttar Pradesh,Unnao,27.3717,81.5462,Rice / Paddy,0.0,0.0,0.0,0.0,0.0,0.0,28.51,2.5,50.0,2.7,48.0,SCENARIO_ASSUMPTION,Simulated El Nino environmental shock parameters for stress testing
MILD_EL_NINO,Uttar Pradesh,Unnao,27.3717,81.5462,Rice / Paddy,15.0,1.0,-15.0,-8.0,5.0,8.0,43.510000000000005,3.5,35.0,2.48,51.84,SCENARIO_ASSUMPTION,Simulated El Nino environmental shock parameters for stress testing
MODERATE_EL_NINO,Uttar Pradesh,Unnao,27.3717,81.5462,Rice / Paddy,25.0,1.8,-30.0,-15.0,12.0,18.0,53.510000000000005,4.3,20.0,2.29,56.64,SCENARIO_ASSUMPTION,Simulated El Nino environmental shock parameters for stress testing
SEVERE_EL_NINO,Uttar Pradesh,Unnao,27.3717,81.5462,Rice / Paddy,40.0,2.8,-50.0,-26.0,25.0,35.0,68.51,5.3,0.0,2.0,64.8,SCENARIO_ASSUMPTION,Simulated El Nino environmental shock parameters for stress testing
NORMAL,Uttar Pradesh,Varanasi,26.1717,80.8112,Rice / Paddy,0.0,0.0,0.0,0.0,0.0,0.0,28.51,2.5,50.0,2.7,52.0,SCENARIO_ASSUMPTION,Simulated El Nino environmental shock parameters for stress testing
MILD_EL_NINO,Uttar Pradesh,Varanasi,26.1717,80.8112,Rice / Paddy,15.0,1.0,-15.0,-8.0,5.0,8.0,43.510000000000005,3.5,35.0,2.48,56.16,SCENARIO_ASSUMPTION,Simulated El Nino environmental shock parameters for stress testing
MODERATE_EL_NINO,Uttar Pradesh,Varanasi,26.1717,80.8112,Rice / Paddy,25.0,1.8,-30.0,-15.0,12.0,18.0,53.510000000000005,4.3,20.0,2.29,61.36,SCENARIO_ASSUMPTION,Simulated El Nino environmental shock parameters for stress testing
SEVERE_EL_NINO,Uttar Pradesh,Varanasi,26.1717,80.8112,Rice / Paddy,40.0,2.8,-50.0,-26.0,25.0,35.0,68.51,5.3,0.0,2.0,70.2,SCENARIO_ASSUMPTION,Simulated El Nino environmental shock parameters for stress testing
NORMAL,Uttarakhand,Almora,29.3918,79.1543,Rice / Paddy,0.0,0.0,0.0,0.0,0.0,0.0,28.51,7.5,50.0,2.5,51.0,SCENARIO_ASSUMPTION,Simulated El Nino environmental shock parameters for stress testing
MILD_EL_NINO,Uttarakhand,Almora,29.3918,79.1543,Rice / Paddy,15.0,1.0,-15.0,-8.0,5.0,8.0,43.510000000000005,8.5,35.0,2.3,55.08,SCENARIO_ASSUMPTION,Simulated El Nino environmental shock parameters for stress testing
MODERATE_EL_NINO,Uttarakhand,Almora,29.3918,79.1543,Rice / Paddy,25.0,1.8,-30.0,-15.0,12.0,18.0,53.510000000000005,9.3,20.0,2.12,60.18,SCENARIO_ASSUMPTION,Simulated El Nino environmental shock parameters for stress testing
SEVERE_EL_NINO,Uttarakhand,Almora,29.3918,79.1543,Rice / Paddy,40.0,2.8,-50.0,-26.0,25.0,35.0,68.51,10.3,0.0,1.85,68.85,SCENARIO_ASSUMPTION,Simulated El Nino environmental shock parameters for stress testing
NORMAL,Uttarakhand,Bageshwar,30.7718,79.3343,Rice / Paddy,0.0,0.0,0.0,0.0,0.0,0.0,28.53,6.5,50.0,2.5,49.0,SCENARIO_ASSUMPTION,Simulated El Nino environmental shock parameters for stress testing
MILD_EL_NINO,Uttarakhand,Bageshwar,30.7718,79.3343,Rice / Paddy,15.0,1.0,-15.0,-8.0,5.0,8.0,43.53,7.5,35.0,2.3,52.92,SCENARIO_ASSUMPTION,Simulated El Nino environmental shock parameters for stress testing
MODERATE_EL_NINO,Uttarakhand,Bageshwar,30.7718,79.3343,Rice / Paddy,25.0,1.8,-30.0,-15.0,12.0,18.0,53.53,8.3,20.0,2.12,57.82,SCENARIO_ASSUMPTION,Simulated El Nino environmental shock parameters for stress testing
SEVERE_EL_NINO,Uttarakhand,Bageshwar,30.7718,79.3343,Rice / Paddy,40.0,2.8,-50.0,-26.0,25.0,35.0,68.53,9.3,0.0,1.85,66.15,SCENARIO_ASSUMPTION,Simulated El Nino environmental shock parameters for stress testing
NORMAL,Uttarakhand,Chamoli,30.5018,78.4643,Rice / Paddy,0.0,0.0,0.0,0.0,0.0,0.0,28.49,4.5,50.0,2.5,48.0,SCENARIO_ASSUMPTION,Simulated El Nino environmental shock parameters for stress testing
MILD_EL_NINO,Uttarakhand,Chamoli,30.5018,78.4643,Rice / Paddy,15.0,1.0,-15.0,-8.0,5.0,8.0,43.489999999999995,5.5,35.0,2.3,51.84,SCENARIO_ASSUMPTION,Simulated El Nino environmental shock parameters for stress testing
MODERATE_EL_NINO,Uttarakhand,Chamoli,30.5018,78.4643,Rice / Paddy,25.0,1.8,-30.0,-15.0,12.0,18.0,53.489999999999995,6.3,20.0,2.12,56.64,SCENARIO_ASSUMPTION,Simulated El Nino environmental shock parameters for stress testing
SEVERE_EL_NINO,Uttarakhand,Chamoli,30.5018,78.4643,Rice / Paddy,40.0,2.8,-50.0,-26.0,25.0,35.0,68.49,7.3,0.0,1.85,64.8,SCENARIO_ASSUMPTION,Simulated El Nino environmental shock parameters for stress testing
NORMAL,Uttarakhand,Champawat,30.6518,79.7093,Rice / Paddy,0.0,0.0,0.0,0.0,0.0,0.0,28.48,5.5,50.0,2.5,53.0,SCENARIO_ASSUMPTION,Simulated El Nino environmental shock parameters for stress testing
MILD_EL_NINO,Uttarakhand,Champawat,30.6518,79.7093,Rice / Paddy,15.0,1.0,-15.0,-8.0,5.0,8.0,43.480000000000004,6.5,35.0,2.3,57.24,SCENARIO_ASSUMPTION,Simulated El Nino environmental shock parameters for stress testing
MODERATE_EL_NINO,Uttarakhand,Champawat,30.6518,79.7093,Rice / Paddy,25.0,1.8,-30.0,-15.0,12.0,18.0,53.480000000000004,7.3,20.0,2.12,62.54,SCENARIO_ASSUMPTION,Simulated El Nino environmental shock parameters for stress testing
SEVERE_EL_NINO,Uttarakhand,Champawat,30.6518,79.7093,Rice / Paddy,40.0,2.8,-50.0,-26.0,25.0,35.0,68.48,8.3,0.0,1.85,71.55,SCENARIO_ASSUMPTION,Simulated El Nino environmental shock parameters for stress testing
NORMAL,Uttarakhand,Dehradun,29.4818,79.3943,Rice / Paddy,0.0,0.0,0.0,0.0,0.0,0.0,28.51,2.5,50.0,2.5,44.0,SCENARIO_ASSUMPTION,Simulated El Nino environmental shock parameters for stress testing
MILD_EL_NINO,Uttarakhand,Dehradun,29.4818,79.3943,Rice / Paddy,15.0,1.0,-15.0,-8.0,5.0,8.0,43.510000000000005,3.5,35.0,2.3,47.52,SCENARIO_ASSUMPTION,Simulated El Nino environmental shock parameters for stress testing
MODERATE_EL_NINO,Uttarakhand,Dehradun,29.4818,79.3943,Rice / Paddy,25.0,1.8,-30.0,-15.0,12.0,18.0,53.510000000000005,4.3,20.0,2.12,51.92,SCENARIO_ASSUMPTION,Simulated El Nino environmental shock parameters for stress testing
SEVERE_EL_NINO,Uttarakhand,Dehradun,29.4818,79.3943,Rice / Paddy,40.0,2.8,-50.0,-26.0,25.0,35.0,68.51,5.3,0.0,1.85,59.4,SCENARIO_ASSUMPTION,Simulated El Nino environmental shock parameters for stress testing
NORMAL,Uttarakhand,Haridwar,29.6468,79.6943,Rice / Paddy,0.0,0.0,0.0,0.0,0.0,0.0,28.5,6.5,50.0,2.5,45.0,SCENARIO_ASSUMPTION,Simulated El Nino environmental shock parameters for stress testing
MILD_EL_NINO,Uttarakhand,Haridwar,29.6468,79.6943,Rice / Paddy,15.0,1.0,-15.0,-8.0,5.0,8.0,43.5,7.5,35.0,2.3,48.6,SCENARIO_ASSUMPTION,Simulated El Nino environmental shock parameters for stress testing
MODERATE_EL_NINO,Uttarakhand,Haridwar,29.6468,79.6943,Rice / Paddy,25.0,1.8,-30.0,-15.0,12.0,18.0,53.5,8.3,20.0,2.12,53.1,SCENARIO_ASSUMPTION,Simulated El Nino environmental shock parameters for stress testing
SEVERE_EL_NINO,Uttarakhand,Haridwar,29.6468,79.6943,Rice / Paddy,40.0,2.8,-50.0,-26.0,25.0,35.0,68.5,9.3,0.0,1.85,60.75,SCENARIO_ASSUMPTION,Simulated El Nino environmental shock parameters for stress testing
NORMAL,Uttarakhand,Nainital,29.4218,78.6893,Rice / Paddy,0.0,0.0,0.0,0.0,0.0,0.0,28.49,6.5,50.0,2.5,43.0,SCENARIO_ASSUMPTION,Simulated El Nino environmental shock parameters for stress testing
MILD_EL_NINO,Uttarakhand,Nainital,29.4218,78.6893,Rice / Paddy,15.0,1.0,-15.0,-8.0,5.0,8.0,43.489999999999995,7.5,35.0,2.3,46.44,SCENARIO_ASSUMPTION,Simulated El Nino environmental shock parameters for stress testing
MODERATE_EL_NINO,Uttarakhand,Nainital,29.4218,78.6893,Rice / Paddy,25.0,1.8,-30.0,-15.0,12.0,18.0,53.489999999999995,8.3,20.0,2.12,50.74,SCENARIO_ASSUMPTION,Simulated El Nino environmental shock parameters for stress testing
SEVERE_EL_NINO,Uttarakhand,Nainital,29.4218,78.6893,Rice / Paddy,40.0,2.8,-50.0,-26.0,25.0,35.0,68.49,9.3,0.0,1.85,58.05,SCENARIO_ASSUMPTION,Simulated El Nino environmental shock parameters for stress testing
NORMAL,Uttarakhand,Pauri Garhwal,29.4368,79.2443,Rice / Paddy,0.0,0.0,0.0,0.0,0.0,0.0,28.49,0.5,50.0,2.5,46.0,SCENARIO_ASSUMPTION,Simulated El Nino environmental shock parameters for stress testing
MILD_EL_NINO,Uttarakhand,Pauri Garhwal,29.4368,79.2443,Rice / Paddy,15.0,1.0,-15.0,-8.0,5.0,8.0,43.489999999999995,1.5,35.0,2.3,49.68,SCENARIO_ASSUMPTION,Simulated El Nino environmental shock parameters for stress testing
MODERATE_EL_NINO,Uttarakhand,Pauri Garhwal,29.4368,79.2443,Rice / Paddy,25.0,1.8,-30.0,-15.0,12.0,18.0,53.489999999999995,2.3,20.0,2.12,54.28,SCENARIO_ASSUMPTION,Simulated El Nino environmental shock parameters for stress testing
SEVERE_EL_NINO,Uttarakhand,Pauri Garhwal,29.4368,79.2443,Rice / Paddy,40.0,2.8,-50.0,-26.0,25.0,35.0,68.49,3.3,0.0,1.85,62.1,SCENARIO_ASSUMPTION,Simulated El Nino environmental shock parameters for stress testing
NORMAL,Uttarakhand,Pithoragarh,29.6468,78.6743,Rice / Paddy,0.0,0.0,0.0,0.0,0.0,0.0,28.51,2.5,50.0,2.5,45.0,SCENARIO_ASSUMPTION,Simulated El Nino environmental shock parameters for stress testing
MILD_EL_NINO,Uttarakhand,Pithoragarh,29.6468,78.6743,Rice / Paddy,15.0,1.0,-15.0,-8.0,5.0,8.0,43.510000000000005,3.5,35.0,2.3,48.6,SCENARIO_ASSUMPTION,Simulated El Nino environmental shock parameters for stress testing
MODERATE_EL_NINO,Uttarakhand,Pithoragarh,29.6468,78.6743,Rice / Paddy,25.0,1.8,-30.0,-15.0,12.0,18.0,53.510000000000005,4.3,20.0,2.12,53.1,SCENARIO_ASSUMPTION,Simulated El Nino environmental shock parameters for stress testing
SEVERE_EL_NINO,Uttarakhand,Pithoragarh,29.6468,78.6743,Rice / Paddy,40.0,2.8,-50.0,-26.0,25.0,35.0,68.51,5.3,0.0,1.85,60.75,SCENARIO_ASSUMPTION,Simulated El Nino environmental shock parameters for stress testing
NORMAL,Uttarakhand,Rudraprayag,30.7718,79.4093,Rice / Paddy,0.0,0.0,0.0,0.0,0.0,0.0,28.49,7.5,50.0,2.5,45.0,SCENARIO_ASSUMPTION,Simulated El Nino environmental shock parameters for stress testing
MILD_EL_NINO,Uttarakhand,Rudraprayag,30.7718,79.4093,Rice / Paddy,15.0,1.0,-15.0,-8.0,5.0,8.0,43.489999999999995,8.5,35.0,2.3,48.6,SCENARIO_ASSUMPTION,Simulated El Nino environmental shock parameters for stress testing
MODERATE_EL_NINO,Uttarakhand,Rudraprayag,30.7718,79.4093,Rice / Paddy,25.0,1.8,-30.0,-15.0,12.0,18.0,53.489999999999995,9.3,20.0,2.12,53.1,SCENARIO_ASSUMPTION,Simulated El Nino environmental shock parameters for stress testing
SEVERE_EL_NINO,Uttarakhand,Rudraprayag,30.7718,79.4093,Rice / Paddy,40.0,2.8,-50.0,-26.0,25.0,35.0,68.49,10.3,0.0,1.85,60.75,SCENARIO_ASSUMPTION,Simulated El Nino environmental shock parameters for stress testing
NORMAL,Uttarakhand,Tehri Garhwal,30.4268,79.7393,Rice / Paddy,0.0,0.0,0.0,0.0,0.0,0.0,28.5,6.5,50.0,2.5,44.0,SCENARIO_ASSUMPTION,Simulated El Nino environmental shock parameters for stress testing
MILD_EL_NINO,Uttarakhand,Tehri Garhwal,30.4268,79.7393,Rice / Paddy,15.0,1.0,-15.0,-8.0,5.0,8.0,43.5,7.5,35.0,2.3,47.52,SCENARIO_ASSUMPTION,Simulated El Nino environmental shock parameters for stress testing
MODERATE_EL_NINO,Uttarakhand,Tehri Garhwal,30.4268,79.7393,Rice / Paddy,25.0,1.8,-30.0,-15.0,12.0,18.0,53.5,8.3,20.0,2.12,51.92,SCENARIO_ASSUMPTION,Simulated El Nino environmental shock parameters for stress testing
SEVERE_EL_NINO,Uttarakhand,Tehri Garhwal,30.4268,79.7393,Rice / Paddy,40.0,2.8,-50.0,-26.0,25.0,35.0,68.5,9.3,0.0,1.85,59.4,SCENARIO_ASSUMPTION,Simulated El Nino environmental shock parameters for stress testing
NORMAL,Uttarakhand,Udham Singh Nagar,29.6918,78.9593,Rice / Paddy,0.0,0.0,0.0,0.0,0.0,0.0,28.5,6.5,50.0,2.5,45.0,SCENARIO_ASSUMPTION,Simulated El Nino environmental shock parameters for stress testing
MILD_EL_NINO,Uttarakhand,Udham Singh Nagar,29.6918,78.9593,Rice / Paddy,15.0,1.0,-15.0,-8.0,5.0,8.0,43.5,7.5,35.0,2.3,48.6,SCENARIO_ASSUMPTION,Simulated El Nino environmental shock parameters for stress testing
MODERATE_EL_NINO,Uttarakhand,Udham Singh Nagar,29.6918,78.9593,Rice / Paddy,25.0,1.8,-30.0,-15.0,12.0,18.0,53.5,8.3,20.0,2.12,53.1,SCENARIO_ASSUMPTION,Simulated El Nino environmental shock parameters for stress testing
SEVERE_EL_NINO,Uttarakhand,Udham Singh Nagar,29.6918,78.9593,Rice / Paddy,40.0,2.8,-50.0,-26.0,25.0,35.0,68.5,9.3,0.0,1.85,60.75,SCENARIO_ASSUMPTION,Simulated El Nino environmental shock parameters for stress testing
NORMAL,Uttarakhand,Uttarkashi,29.3468,78.3443,Rice / Paddy,0.0,0.0,0.0,0.0,0.0,0.0,28.5,2.5,50.0,2.5,48.0,SCENARIO_ASSUMPTION,Simulated El Nino environmental shock parameters for stress testing
MILD_EL_NINO,Uttarakhand,Uttarkashi,29.3468,78.3443,Rice / Paddy,15.0,1.0,-15.0,-8.0,5.0,8.0,43.5,3.5,35.0,2.3,51.84,SCENARIO_ASSUMPTION,Simulated El Nino environmental shock parameters for stress testing
MODERATE_EL_NINO,Uttarakhand,Uttarkashi,29.3468,78.3443,Rice / Paddy,25.0,1.8,-30.0,-15.0,12.0,18.0,53.5,4.3,20.0,2.12,56.64,SCENARIO_ASSUMPTION,Simulated El Nino environmental shock parameters for stress testing
SEVERE_EL_NINO,Uttarakhand,Uttarkashi,29.3468,78.3443,Rice / Paddy,40.0,2.8,-50.0,-26.0,25.0,35.0,68.5,5.3,0.0,1.85,64.8,SCENARIO_ASSUMPTION,Simulated El Nino environmental shock parameters for stress testing
NORMAL,West Bengal,Alipurduar,23.4818,88.02,Rice / Paddy,0.0,0.0,0.0,0.0,0.0,0.0,28.49,0.5,50.0,3.9,51.0,SCENARIO_ASSUMPTION,Simulated El Nino environmental shock parameters for stress testing
MILD_EL_NINO,West Bengal,Alipurduar,23.4818,88.02,Rice / Paddy,15.0,1.0,-15.0,-8.0,5.0,8.0,43.489999999999995,1.5,35.0,3.59,55.08,SCENARIO_ASSUMPTION,Simulated El Nino environmental shock parameters for stress testing
MODERATE_EL_NINO,West Bengal,Alipurduar,23.4818,88.02,Rice / Paddy,25.0,1.8,-30.0,-15.0,12.0,18.0,53.489999999999995,2.3,20.0,3.31,60.18,SCENARIO_ASSUMPTION,Simulated El Nino environmental shock parameters for stress testing
SEVERE_EL_NINO,West Bengal,Alipurduar,23.4818,88.02,Rice / Paddy,40.0,2.8,-50.0,-26.0,25.0,35.0,68.49,3.3,0.0,2.89,68.85,SCENARIO_ASSUMPTION,Simulated El Nino environmental shock parameters for stress testing
NORMAL,West Bengal,Bankura,22.5818,87.495,Rice / Paddy,0.0,0.0,0.0,0.0,0.0,0.0,28.49,7.5,50.0,3.9,44.0,SCENARIO_ASSUMPTION,Simulated El Nino environmental shock parameters for stress testing
MILD_EL_NINO,West Bengal,Bankura,22.5818,87.495,Rice / Paddy,15.0,1.0,-15.0,-8.0,5.0,8.0,43.489999999999995,8.5,35.0,3.59,47.52,SCENARIO_ASSUMPTION,Simulated El Nino environmental shock parameters for stress testing
MODERATE_EL_NINO,West Bengal,Bankura,22.5818,87.495,Rice / Paddy,25.0,1.8,-30.0,-15.0,12.0,18.0,53.489999999999995,9.3,20.0,3.31,51.92,SCENARIO_ASSUMPTION,Simulated El Nino environmental shock parameters for stress testing
SEVERE_EL_NINO,West Bengal,Bankura,22.5818,87.495,Rice / Paddy,40.0,2.8,-50.0,-26.0,25.0,35.0,68.49,10.3,0.0,2.89,59.4,SCENARIO_ASSUMPTION,Simulated El Nino environmental shock parameters for stress testing
NORMAL,West Bengal,Birbhum,23.4218,88.125,Rice / Paddy,0.0,0.0,0.0,0.0,0.0,0.0,28.52,0.5,50.0,3.9,45.0,SCENARIO_ASSUMPTION,Simulated El Nino environmental shock parameters for stress testing
MILD_EL_NINO,West Bengal,Birbhum,23.4218,88.125,Rice / Paddy,15.0,1.0,-15.0,-8.0,5.0,8.0,43.519999999999996,1.5,35.0,3.59,48.6,SCENARIO_ASSUMPTION,Simulated El Nino environmental shock parameters for stress testing
MODERATE_EL_NINO,West Bengal,Birbhum,23.4218,88.125,Rice / Paddy,25.0,1.8,-30.0,-15.0,12.0,18.0,53.519999999999996,2.3,20.0,3.31,53.1,SCENARIO_ASSUMPTION,Simulated El Nino environmental shock parameters for stress testing
SEVERE_EL_NINO,West Bengal,Birbhum,23.4218,88.125,Rice / Paddy,40.0,2.8,-50.0,-26.0,25.0,35.0,68.52,3.3,0.0,2.89,60.75,SCENARIO_ASSUMPTION,Simulated El Nino environmental shock parameters for stress testing
NORMAL,West Bengal,Cooch Behar,23.6018,87.705,Rice / Paddy,0.0,0.0,0.0,0.0,0.0,0.0,28.48,2.5,50.0,3.9,49.0,SCENARIO_ASSUMPTION,Simulated El Nino environmental shock parameters for stress testing
MILD_EL_NINO,West Bengal,Cooch Behar,23.6018,87.705,Rice / Paddy,15.0,1.0,-15.0,-8.0,5.0,8.0,43.480000000000004,3.5,35.0,3.59,52.92,SCENARIO_ASSUMPTION,Simulated El Nino environmental shock parameters for stress testing
MODERATE_EL_NINO,West Bengal,Cooch Behar,23.6018,87.705,Rice / Paddy,25.0,1.8,-30.0,-15.0,12.0,18.0,53.480000000000004,4.3,20.0,3.31,57.82,SCENARIO_ASSUMPTION,Simulated El Nino environmental shock parameters for stress testing
SEVERE_EL_NINO,West Bengal,Cooch Behar,23.6018,87.705,Rice / Paddy,40.0,2.8,-50.0,-26.0,25.0,35.0,68.48,5.3,0.0,2.89,66.15,SCENARIO_ASSUMPTION,Simulated El Nino environmental shock parameters for stress testing
NORMAL,West Bengal,Dakshin Dinajpur,22.8668,88.26,Rice / Paddy,0.0,0.0,0.0,0.0,0.0,0.0,28.5,5.5,50.0,3.9,44.0,SCENARIO_ASSUMPTION,Simulated El Nino environmental shock parameters for stress testing
MILD_EL_NINO,West Bengal,Dakshin Dinajpur,22.8668,88.26,Rice / Paddy,15.0,1.0,-15.0,-8.0,5.0,8.0,43.5,6.5,35.0,3.59,47.52,SCENARIO_ASSUMPTION,Simulated El Nino environmental shock parameters for stress testing
MODERATE_EL_NINO,West Bengal,Dakshin Dinajpur,22.8668,88.26,Rice / Paddy,25.0,1.8,-30.0,-15.0,12.0,18.0,53.5,7.3,20.0,3.31,51.92,SCENARIO_ASSUMPTION,Simulated El Nino environmental shock parameters for stress testing
SEVERE_EL_NINO,West Bengal,Dakshin Dinajpur,22.8668,88.26,Rice / Paddy,40.0,2.8,-50.0,-26.0,25.0,35.0,68.5,8.3,0.0,2.89,59.4,SCENARIO_ASSUMPTION,Simulated El Nino environmental shock parameters for stress testing
NORMAL,West Bengal,Darjeeling,23.0618,87.66,Rice / Paddy,0.0,0.0,0.0,0.0,0.0,0.0,28.49,1.5,50.0,3.9,46.0,SCENARIO_ASSUMPTION,Simulated El Nino environmental shock parameters for stress testing
MILD_EL_NINO,West Bengal,Darjeeling,23.0618,87.66,Rice / Paddy,15.0,1.0,-15.0,-8.0,5.0,8.0,43.489999999999995,2.5,35.0,3.59,49.68,SCENARIO_ASSUMPTION,Simulated El Nino environmental shock parameters for stress testing
MODERATE_EL_NINO,West Bengal,Darjeeling,23.0618,87.66,Rice / Paddy,25.0,1.8,-30.0,-15.0,12.0,18.0,53.489999999999995,3.3,20.0,3.31,54.28,SCENARIO_ASSUMPTION,Simulated El Nino environmental shock parameters for stress testing
SEVERE_EL_NINO,West Bengal,Darjeeling,23.0618,87.66,Rice / Paddy,40.0,2.8,-50.0,-26.0,25.0,35.0,68.49,4.3,0.0,2.89,62.1,SCENARIO_ASSUMPTION,Simulated El Nino environmental shock parameters for stress testing
NORMAL,West Bengal,Hooghly,22.8218,88.515,Rice / Paddy,0.0,0.0,0.0,0.0,0.0,0.0,28.47,6.5,50.0,3.9,47.0,SCENARIO_ASSUMPTION,Simulated El Nino environmental shock parameters for stress testing
MILD_EL_NINO,West Bengal,Hooghly,22.8218,88.515,Rice / Paddy,15.0,1.0,-15.0,-8.0,5.0,8.0,43.47,7.5,35.0,3.59,50.76,SCENARIO_ASSUMPTION,Simulated El Nino environmental shock parameters for stress testing
MODERATE_EL_NINO,West Bengal,Hooghly,22.8218,88.515,Rice / Paddy,25.0,1.8,-30.0,-15.0,12.0,18.0,53.47,8.3,20.0,3.31,55.46,SCENARIO_ASSUMPTION,Simulated El Nino environmental shock parameters for stress testing
SEVERE_EL_NINO,West Bengal,Hooghly,22.8218,88.515,Rice / Paddy,40.0,2.8,-50.0,-26.0,25.0,35.0,68.47,9.3,0.0,2.89,63.45,SCENARIO_ASSUMPTION,Simulated El Nino environmental shock parameters for stress testing
NORMAL,West Bengal,Howrah,22.6718,87.75,Rice / Paddy,0.0,0.0,0.0,0.0,0.0,0.0,28.49,5.5,50.0,3.9,53.0,SCENARIO_ASSUMPTION,Simulated El Nino environmental shock parameters for stress testing
MILD_EL_NINO,West Bengal,Howrah,22.6718,87.75,Rice / Paddy,15.0,1.0,-15.0,-8.0,5.0,8.0,43.489999999999995,6.5,35.0,3.59,57.24,SCENARIO_ASSUMPTION,Simulated El Nino environmental shock parameters for stress testing
MODERATE_EL_NINO,West Bengal,Howrah,22.6718,87.75,Rice / Paddy,25.0,1.8,-30.0,-15.0,12.0,18.0,53.489999999999995,7.3,20.0,3.31,62.54,SCENARIO_ASSUMPTION,Simulated El Nino environmental shock parameters for stress testing
SEVERE_EL_NINO,West Bengal,Howrah,22.6718,87.75,Rice / Paddy,40.0,2.8,-50.0,-26.0,25.0,35.0,68.49,8.3,0.0,2.89,71.55,SCENARIO_ASSUMPTION,Simulated El Nino environmental shock parameters for stress testing
NORMAL,West Bengal,Jalpaiguri,23.2718,87.15,Rice / Paddy,0.0,0.0,0.0,0.0,0.0,0.0,28.49,1.5,50.0,3.9,51.0,SCENARIO_ASSUMPTION,Simulated El Nino environmental shock parameters for stress testing
MILD_EL_NINO,West Bengal,Jalpaiguri,23.2718,87.15,Rice / Paddy,15.0,1.0,-15.0,-8.0,5.0,8.0,43.489999999999995,2.5,35.0,3.59,55.08,SCENARIO_ASSUMPTION,Simulated El Nino environmental shock parameters for stress testing
MODERATE_EL_NINO,West Bengal,Jalpaiguri,23.2718,87.15,Rice / Paddy,25.0,1.8,-30.0,-15.0,12.0,18.0,53.489999999999995,3.3,20.0,3.31,60.18,SCENARIO_ASSUMPTION,Simulated El Nino environmental shock parameters for stress testing
SEVERE_EL_NINO,West Bengal,Jalpaiguri,23.2718,87.15,Rice / Paddy,40.0,2.8,-50.0,-26.0,25.0,35.0,68.49,4.3,0.0,2.89,68.85,SCENARIO_ASSUMPTION,Simulated El Nino environmental shock parameters for stress testing
NORMAL,West Bengal,Jhargram,22.7018,87.195,Rice / Paddy,0.0,0.0,0.0,0.0,0.0,0.0,28.5,1.5,50.0,3.9,44.0,SCENARIO_ASSUMPTION,Simulated El Nino environmental shock parameters for stress testing
MILD_EL_NINO,West Bengal,Jhargram,22.7018,87.195,Rice / Paddy,15.0,1.0,-15.0,-8.0,5.0,8.0,43.5,2.5,35.0,3.59,47.52,SCENARIO_ASSUMPTION,Simulated El Nino environmental shock parameters for stress testing
MODERATE_EL_NINO,West Bengal,Jhargram,22.7018,87.195,Rice / Paddy,25.0,1.8,-30.0,-15.0,12.0,18.0,53.5,3.3,20.0,3.31,51.92,SCENARIO_ASSUMPTION,Simulated El Nino environmental shock parameters for stress testing
SEVERE_EL_NINO,West Bengal,Jhargram,22.7018,87.195,Rice / Paddy,40.0,2.8,-50.0,-26.0,25.0,35.0,68.5,4.3,0.0,2.89,59.4,SCENARIO_ASSUMPTION,Simulated El Nino environmental shock parameters for stress testing
NORMAL,West Bengal,Kalimpong,23.0018,87.42,Rice / Paddy,0.0,0.0,0.0,0.0,0.0,0.0,28.52,0.5,50.0,3.9,43.0,SCENARIO_ASSUMPTION,Simulated El Nino environmental shock parameters for stress testing
MILD_EL_NINO,West Bengal,Kalimpong,23.0018,87.42,Rice / Paddy,15.0,1.0,-15.0,-8.0,5.0,8.0,43.519999999999996,1.5,35.0,3.59,46.44,SCENARIO_ASSUMPTION,Simulated El Nino environmental shock parameters for stress testing
MODERATE_EL_NINO,West Bengal,Kalimpong,23.0018,87.42,Rice / Paddy,25.0,1.8,-30.0,-15.0,12.0,18.0,53.519999999999996,2.3,20.0,3.31,50.74,SCENARIO_ASSUMPTION,Simulated El Nino environmental shock parameters for stress testing
SEVERE_EL_NINO,West Bengal,Kalimpong,23.0018,87.42,Rice / Paddy,40.0,2.8,-50.0,-26.0,25.0,35.0,68.52,3.3,0.0,2.89,58.05,SCENARIO_ASSUMPTION,Simulated El Nino environmental shock parameters for stress testing
NORMAL,West Bengal,Kolkata,22.5726,88.3639,Rice / Paddy,0.0,0.0,0.0,0.0,0.0,0.0,28.55,5.5,50.0,3.9,45.0,SCENARIO_ASSUMPTION,Simulated El Nino environmental shock parameters for stress testing
MILD_EL_NINO,West Bengal,Kolkata,22.5726,88.3639,Rice / Paddy,15.0,1.0,-15.0,-8.0,5.0,8.0,43.55,6.5,35.0,3.59,48.6,SCENARIO_ASSUMPTION,Simulated El Nino environmental shock parameters for stress testing
MODERATE_EL_NINO,West Bengal,Kolkata,22.5726,88.3639,Rice / Paddy,25.0,1.8,-30.0,-15.0,12.0,18.0,53.55,7.3,20.0,3.31,53.1,SCENARIO_ASSUMPTION,Simulated El Nino environmental shock parameters for stress testing
SEVERE_EL_NINO,West Bengal,Kolkata,22.5726,88.3639,Rice / Paddy,40.0,2.8,-50.0,-26.0,25.0,35.0,68.55,8.3,0.0,2.89,60.75,SCENARIO_ASSUMPTION,Simulated El Nino environmental shock parameters for stress testing
NORMAL,West Bengal,Malda,22.9568,87.585,Rice / Paddy,0.0,0.0,0.0,0.0,0.0,0.0,28.51,3.5,50.0,3.9,50.0,SCENARIO_ASSUMPTION,Simulated El Nino environmental shock parameters for stress testing
MILD_EL_NINO,West Bengal,Malda,22.9568,87.585,Rice / Paddy,15.0,1.0,-15.0,-8.0,5.0,8.0,43.510000000000005,4.5,35.0,3.59,54.0,SCENARIO_ASSUMPTION,Simulated El Nino environmental shock parameters for stress testing
MODERATE_EL_NINO,West Bengal,Malda,22.9568,87.585,Rice / Paddy,25.0,1.8,-30.0,-15.0,12.0,18.0,53.510000000000005,5.3,20.0,3.31,59.0,SCENARIO_ASSUMPTION,Simulated El Nino environmental shock parameters for stress testing
SEVERE_EL_NINO,West Bengal,Malda,22.9568,87.585,Rice / Paddy,40.0,2.8,-50.0,-26.0,25.0,35.0,68.51,6.3,0.0,2.89,67.5,SCENARIO_ASSUMPTION,Simulated El Nino environmental shock parameters for stress testing
NORMAL,West Bengal,Murshidabad,22.7018,87.375,Rice / Paddy,0.0,0.0,0.0,0.0,0.0,0.0,28.48,1.5,50.0,3.9,52.0,SCENARIO_ASSUMPTION,Simulated El Nino environmental shock parameters for stress testing
MILD_EL_NINO,West Bengal,Murshidabad,22.7018,87.375,Rice / Paddy,15.0,1.0,-15.0,-8.0,5.0,8.0,43.480000000000004,2.5,35.0,3.59,56.16,SCENARIO_ASSUMPTION,Simulated El Nino environmental shock parameters for stress testing
MODERATE_EL_NINO,West Bengal,Murshidabad,22.7018,87.375,Rice / Paddy,25.0,1.8,-30.0,-15.0,12.0,18.0,53.480000000000004,3.3,20.0,3.31,61.36,SCENARIO_ASSUMPTION,Simulated El Nino environmental shock parameters for stress testing
SEVERE_EL_NINO,West Bengal,Murshidabad,22.7018,87.375,Rice / Paddy,40.0,2.8,-50.0,-26.0,25.0,35.0,68.48,4.3,0.0,2.89,70.2,SCENARIO_ASSUMPTION,Simulated El Nino environmental shock parameters for stress testing
NORMAL,West Bengal,Nadia,22.7018,87.285,Rice / Paddy,0.0,0.0,0.0,0.0,0.0,0.0,28.49,7.5,50.0,3.9,45.0,SCENARIO_ASSUMPTION,Simulated El Nino environmental shock parameters for stress testing
MILD_EL_NINO,West Bengal,Nadia,22.7018,87.285,Rice / Paddy,15.0,1.0,-15.0,-8.0,5.0,8.0,43.489999999999995,8.5,35.0,3.59,48.6,SCENARIO_ASSUMPTION,Simulated El Nino environmental shock parameters for stress testing
MODERATE_EL_NINO,West Bengal,Nadia,22.7018,87.285,Rice / Paddy,25.0,1.8,-30.0,-15.0,12.0,18.0,53.489999999999995,9.3,20.0,3.31,53.1,SCENARIO_ASSUMPTION,Simulated El Nino environmental shock parameters for stress testing
SEVERE_EL_NINO,West Bengal,Nadia,22.7018,87.285,Rice / Paddy,40.0,2.8,-50.0,-26.0,25.0,35.0,68.49,10.3,0.0,2.89,60.75,SCENARIO_ASSUMPTION,Simulated El Nino environmental shock parameters for stress testing
NORMAL,West Bengal,North 24 Parganas,23.0318,88.44,Rice / Paddy,0.0,0.0,0.0,0.0,0.0,0.0,28.51,1.5,50.0,3.9,48.0,SCENARIO_ASSUMPTION,Simulated El Nino environmental shock parameters for stress testing
MILD_EL_NINO,West Bengal,North 24 Parganas,23.0318,88.44,Rice / Paddy,15.0,1.0,-15.0,-8.0,5.0,8.0,43.510000000000005,2.5,35.0,3.59,51.84,SCENARIO_ASSUMPTION,Simulated El Nino environmental shock parameters for stress testing
MODERATE_EL_NINO,West Bengal,North 24 Parganas,23.0318,88.44,Rice / Paddy,25.0,1.8,-30.0,-15.0,12.0,18.0,53.510000000000005,3.3,20.0,3.31,56.64,SCENARIO_ASSUMPTION,Simulated El Nino environmental shock parameters for stress testing
SEVERE_EL_NINO,West Bengal,North 24 Parganas,23.0318,88.44,Rice / Paddy,40.0,2.8,-50.0,-26.0,25.0,35.0,68.51,4.3,0.0,2.89,64.8,SCENARIO_ASSUMPTION,Simulated El Nino environmental shock parameters for stress testing
NORMAL,West Bengal,Paschim Bardhaman,23.0618,88.44,Rice / Paddy,0.0,0.0,0.0,0.0,0.0,0.0,28.49,2.5,50.0,3.9,53.0,SCENARIO_ASSUMPTION,Simulated El Nino environmental shock parameters for stress testing
MILD_EL_NINO,West Bengal,Paschim Bardhaman,23.0618,88.44,Rice / Paddy,15.0,1.0,-15.0,-8.0,5.0,8.0,43.489999999999995,3.5,35.0,3.59,57.24,SCENARIO_ASSUMPTION,Simulated El Nino environmental shock parameters for stress testing
MODERATE_EL_NINO,West Bengal,Paschim Bardhaman,23.0618,88.44,Rice / Paddy,25.0,1.8,-30.0,-15.0,12.0,18.0,53.489999999999995,4.3,20.0,3.31,62.54,SCENARIO_ASSUMPTION,Simulated El Nino environmental shock parameters for stress testing
SEVERE_EL_NINO,West Bengal,Paschim Bardhaman,23.0618,88.44,Rice / Paddy,40.0,2.8,-50.0,-26.0,25.0,35.0,68.49,5.3,0.0,2.89,71.55,SCENARIO_ASSUMPTION,Simulated El Nino environmental shock parameters for stress testing
NORMAL,West Bengal,Paschim Medinipur,23.5868,87.93,Rice / Paddy,0.0,0.0,0.0,0.0,0.0,0.0,28.51,0.5,50.0,3.9,53.0,SCENARIO_ASSUMPTION,Simulated El Nino environmental shock parameters for stress testing
MILD_EL_NINO,West Bengal,Paschim Medinipur,23.5868,87.93,Rice / Paddy,15.0,1.0,-15.0,-8.0,5.0,8.0,43.510000000000005,1.5,35.0,3.59,57.24,SCENARIO_ASSUMPTION,Simulated El Nino environmental shock parameters for stress testing
MODERATE_EL_NINO,West Bengal,Paschim Medinipur,23.5868,87.93,Rice / Paddy,25.0,1.8,-30.0,-15.0,12.0,18.0,53.510000000000005,2.3,20.0,3.31,62.54,SCENARIO_ASSUMPTION,Simulated El Nino environmental shock parameters for stress testing
SEVERE_EL_NINO,West Bengal,Paschim Medinipur,23.5868,87.93,Rice / Paddy,40.0,2.8,-50.0,-26.0,25.0,35.0,68.51,3.3,0.0,2.89,71.55,SCENARIO_ASSUMPTION,Simulated El Nino environmental shock parameters for stress testing
NORMAL,West Bengal,Purba Bardhaman,23.2324,87.8615,Rice / Paddy,0.0,0.0,0.0,0.0,0.0,0.0,28.49,5.5,50.0,3.9,45.0,SCENARIO_ASSUMPTION,Simulated El Nino environmental shock parameters for stress testing
MILD_EL_NINO,West Bengal,Purba Bardhaman,23.2324,87.8615,Rice / Paddy,15.0,1.0,-15.0,-8.0,5.0,8.0,43.489999999999995,6.5,35.0,3.59,48.6,SCENARIO_ASSUMPTION,Simulated El Nino environmental shock parameters for stress testing
MODERATE_EL_NINO,West Bengal,Purba Bardhaman,23.2324,87.8615,Rice / Paddy,25.0,1.8,-30.0,-15.0,12.0,18.0,53.489999999999995,7.3,20.0,3.31,53.1,SCENARIO_ASSUMPTION,Simulated El Nino environmental shock parameters for stress testing
SEVERE_EL_NINO,West Bengal,Purba Bardhaman,23.2324,87.8615,Rice / Paddy,40.0,2.8,-50.0,-26.0,25.0,35.0,68.49,8.3,0.0,2.89,60.75,SCENARIO_ASSUMPTION,Simulated El Nino environmental shock parameters for stress testing
NORMAL,West Bengal,Purba Medinipur,22.5668,87.75,Rice / Paddy,0.0,0.0,0.0,0.0,0.0,0.0,28.5,2.5,50.0,3.9,45.0,SCENARIO_ASSUMPTION,Simulated El Nino environmental shock parameters for stress testing
MILD_EL_NINO,West Bengal,Purba Medinipur,22.5668,87.75,Rice / Paddy,15.0,1.0,-15.0,-8.0,5.0,8.0,43.5,3.5,35.0,3.59,48.6,SCENARIO_ASSUMPTION,Simulated El Nino environmental shock parameters for stress testing
MODERATE_EL_NINO,West Bengal,Purba Medinipur,22.5668,87.75,Rice / Paddy,25.0,1.8,-30.0,-15.0,12.0,18.0,53.5,4.3,20.0,3.31,53.1,SCENARIO_ASSUMPTION,Simulated El Nino environmental shock parameters for stress testing
SEVERE_EL_NINO,West Bengal,Purba Medinipur,22.5668,87.75,Rice / Paddy,40.0,2.8,-50.0,-26.0,25.0,35.0,68.5,5.3,0.0,2.89,60.75,SCENARIO_ASSUMPTION,Simulated El Nino environmental shock parameters for stress testing
NORMAL,West Bengal,Purulia,22.6118,88.41,Rice / Paddy,0.0,0.0,0.0,0.0,0.0,0.0,28.5,5.5,50.0,3.9,43.0,SCENARIO_ASSUMPTION,Simulated El Nino environmental shock parameters for stress testing
MILD_EL_NINO,West Bengal,Purulia,22.6118,88.41,Rice / Paddy,15.0,1.0,-15.0,-8.0,5.0,8.0,43.5,6.5,35.0,3.59,46.44,SCENARIO_ASSUMPTION,Simulated El Nino environmental shock parameters for stress testing
MODERATE_EL_NINO,West Bengal,Purulia,22.6118,88.41,Rice / Paddy,25.0,1.8,-30.0,-15.0,12.0,18.0,53.5,7.3,20.0,3.31,50.74,SCENARIO_ASSUMPTION,Simulated El Nino environmental shock parameters for stress testing
SEVERE_EL_NINO,West Bengal,Purulia,22.6118,88.41,Rice / Paddy,40.0,2.8,-50.0,-26.0,25.0,35.0,68.5,8.3,0.0,2.89,58.05,SCENARIO_ASSUMPTION,Simulated El Nino environmental shock parameters for stress testing
NORMAL,West Bengal,South 24 Parganas,23.0318,87.42,Rice / Paddy,0.0,0.0,0.0,0.0,0.0,0.0,28.52,5.5,50.0,3.9,51.0,SCENARIO_ASSUMPTION,Simulated El Nino environmental shock parameters for stress testing
MILD_EL_NINO,West Bengal,South 24 Parganas,23.0318,87.42,Rice / Paddy,15.0,1.0,-15.0,-8.0,5.0,8.0,43.519999999999996,6.5,35.0,3.59,55.08,SCENARIO_ASSUMPTION,Simulated El Nino environmental shock parameters for stress testing
MODERATE_EL_NINO,West Bengal,South 24 Parganas,23.0318,87.42,Rice / Paddy,25.0,1.8,-30.0,-15.0,12.0,18.0,53.519999999999996,7.3,20.0,3.31,60.18,SCENARIO_ASSUMPTION,Simulated El Nino environmental shock parameters for stress testing
SEVERE_EL_NINO,West Bengal,South 24 Parganas,23.0318,87.42,Rice / Paddy,40.0,2.8,-50.0,-26.0,25.0,35.0,68.52,8.3,0.0,2.89,68.85,SCENARIO_ASSUMPTION,Simulated El Nino environmental shock parameters for stress testing
NORMAL,West Bengal,Uttar Dinajpur,22.5518,88.38,Rice / Paddy,0.0,0.0,0.0,0.0,0.0,0.0,28.49,6.5,50.0,3.9,46.0,SCENARIO_ASSUMPTION,Simulated El Nino environmental shock parameters for stress testing
MILD_EL_NINO,West Bengal,Uttar Dinajpur,22.5518,88.38,Rice / Paddy,15.0,1.0,-15.0,-8.0,5.0,8.0,43.489999999999995,7.5,35.0,3.59,49.68,SCENARIO_ASSUMPTION,Simulated El Nino environmental shock parameters for stress testing
MODERATE_EL_NINO,West Bengal,Uttar Dinajpur,22.5518,88.38,Rice / Paddy,25.0,1.8,-30.0,-15.0,12.0,18.0,53.489999999999995,8.3,20.0,3.31,54.28,SCENARIO_ASSUMPTION,Simulated El Nino environmental shock parameters for stress testing
SEVERE_EL_NINO,West Bengal,Uttar Dinajpur,22.5518,88.38,Rice / Paddy,40.0,2.8,-50.0,-26.0,25.0,35.0,68.49,9.3,0.0,2.89,62.1,SCENARIO_ASSUMPTION,Simulated El Nino environmental shock parameters for stress testing
NORMAL,Andaman and Nicobar Islands,Nicobar,12.3551,93.3936,Rice / Paddy,0.0,0.0,0.0,0.0,0.0,0.0,28.5,2.5,50.0,2.5,47.0,SCENARIO_ASSUMPTION,Simulated El Nino environmental shock parameters for stress testing
MILD_EL_NINO,Andaman and Nicobar Islands,Nicobar,12.3551,93.3936,Rice / Paddy,15.0,1.0,-15.0,-8.0,5.0,8.0,43.5,3.5,35.0,2.3,50.76,SCENARIO_ASSUMPTION,Simulated El Nino environmental shock parameters for stress testing
MODERATE_EL_NINO,Andaman and Nicobar Islands,Nicobar,12.3551,93.3936,Rice / Paddy,25.0,1.8,-30.0,-15.0,12.0,18.0,53.5,4.3,20.0,2.12,55.46,SCENARIO_ASSUMPTION,Simulated El Nino environmental shock parameters for stress testing
SEVERE_EL_NINO,Andaman and Nicobar Islands,Nicobar,12.3551,93.3936,Rice / Paddy,40.0,2.8,-50.0,-26.0,25.0,35.0,68.5,5.3,0.0,1.85,63.45,SCENARIO_ASSUMPTION,Simulated El Nino environmental shock parameters for stress testing
NORMAL,Andaman and Nicobar Islands,North and Middle Andaman,11.1701,92.5686,Rice / Paddy,0.0,0.0,0.0,0.0,0.0,0.0,28.5,2.5,50.0,2.5,48.0,SCENARIO_ASSUMPTION,Simulated El Nino environmental shock parameters for stress testing
MILD_EL_NINO,Andaman and Nicobar Islands,North and Middle Andaman,11.1701,92.5686,Rice / Paddy,15.0,1.0,-15.0,-8.0,5.0,8.0,43.5,3.5,35.0,2.3,51.84,SCENARIO_ASSUMPTION,Simulated El Nino environmental shock parameters for stress testing
MODERATE_EL_NINO,Andaman and Nicobar Islands,North and Middle Andaman,11.1701,92.5686,Rice / Paddy,25.0,1.8,-30.0,-15.0,12.0,18.0,53.5,4.3,20.0,2.12,56.64,SCENARIO_ASSUMPTION,Simulated El Nino environmental shock parameters for stress testing
SEVERE_EL_NINO,Andaman and Nicobar Islands,North and Middle Andaman,11.1701,92.5686,Rice / Paddy,40.0,2.8,-50.0,-26.0,25.0,35.0,68.5,5.3,0.0,1.85,64.8,SCENARIO_ASSUMPTION,Simulated El Nino environmental shock parameters for stress testing
NORMAL,Andaman and Nicobar Islands,South Andaman,12.3401,92.1786,Rice / Paddy,0.0,0.0,0.0,0.0,0.0,0.0,28.5,2.5,50.0,2.5,45.0,SCENARIO_ASSUMPTION,Simulated El Nino environmental shock parameters for stress testing
MILD_EL_NINO,Andaman and Nicobar Islands,South Andaman,12.3401,92.1786,Rice / Paddy,15.0,1.0,-15.0,-8.0,5.0,8.0,43.5,3.5,35.0,2.3,48.6,SCENARIO_ASSUMPTION,Simulated El Nino environmental shock parameters for stress testing
MODERATE_EL_NINO,Andaman and Nicobar Islands,South Andaman,12.3401,92.1786,Rice / Paddy,25.0,1.8,-30.0,-15.0,12.0,18.0,53.5,4.3,20.0,2.12,53.1,SCENARIO_ASSUMPTION,Simulated El Nino environmental shock parameters for stress testing
SEVERE_EL_NINO,Andaman and Nicobar Islands,South Andaman,12.3401,92.1786,Rice / Paddy,40.0,2.8,-50.0,-26.0,25.0,35.0,68.5,5.3,0.0,1.85,60.75,SCENARIO_ASSUMPTION,Simulated El Nino environmental shock parameters for stress testing
NORMAL,Chandigarh,Chandigarh,31.0933,76.4944,Rice / Paddy,0.0,0.0,0.0,0.0,0.0,0.0,28.49,4.5,50.0,2.5,44.0,SCENARIO_ASSUMPTION,Simulated El Nino environmental shock parameters for stress testing
MILD_EL_NINO,Chandigarh,Chandigarh,31.0933,76.4944,Rice / Paddy,15.0,1.0,-15.0,-8.0,5.0,8.0,43.489999999999995,5.5,35.0,2.3,47.52,SCENARIO_ASSUMPTION,Simulated El Nino environmental shock parameters for stress testing
MODERATE_EL_NINO,Chandigarh,Chandigarh,31.0933,76.4944,Rice / Paddy,25.0,1.8,-30.0,-15.0,12.0,18.0,53.489999999999995,6.3,20.0,2.12,51.92,SCENARIO_ASSUMPTION,Simulated El Nino environmental shock parameters for stress testing
SEVERE_EL_NINO,Chandigarh,Chandigarh,31.0933,76.4944,Rice / Paddy,40.0,2.8,-50.0,-26.0,25.0,35.0,68.49,7.3,0.0,1.85,59.4,SCENARIO_ASSUMPTION,Simulated El Nino environmental shock parameters for stress testing
NORMAL,Dadra and Nagar Haveli and Daman and Diu,Dadra and Nagar Haveli,19.9774,73.2678,Rice / Paddy,0.0,0.0,0.0,0.0,0.0,0.0,28.51,2.5,50.0,2.5,51.0,SCENARIO_ASSUMPTION,Simulated El Nino environmental shock parameters for stress testing
MILD_EL_NINO,Dadra and Nagar Haveli and Daman and Diu,Dadra and Nagar Haveli,19.9774,73.2678,Rice / Paddy,15.0,1.0,-15.0,-8.0,5.0,8.0,43.510000000000005,3.5,35.0,2.3,55.08,SCENARIO_ASSUMPTION,Simulated El Nino environmental shock parameters for stress testing
MODERATE_EL_NINO,Dadra and Nagar Haveli and Daman and Diu,Dadra and Nagar Haveli,19.9774,73.2678,Rice / Paddy,25.0,1.8,-30.0,-15.0,12.0,18.0,53.510000000000005,4.3,20.0,2.12,60.18,SCENARIO_ASSUMPTION,Simulated El Nino environmental shock parameters for stress testing
SEVERE_EL_NINO,Dadra and Nagar Haveli and Daman and Diu,Dadra and Nagar Haveli,19.9774,73.2678,Rice / Paddy,40.0,2.8,-50.0,-26.0,25.0,35.0,68.51,5.3,0.0,1.85,68.85,SCENARIO_ASSUMPTION,Simulated El Nino environmental shock parameters for stress testing
NORMAL,Dadra and Nagar Haveli and Daman and Diu,Daman,20.9974,72.2778,Rice / Paddy,0.0,0.0,0.0,0.0,0.0,0.0,28.51,3.5,50.0,2.5,45.0,SCENARIO_ASSUMPTION,Simulated El Nino environmental shock parameters for stress testing
MILD_EL_NINO,Dadra and Nagar Haveli and Daman and Diu,Daman,20.9974,72.2778,Rice / Paddy,15.0,1.0,-15.0,-8.0,5.0,8.0,43.510000000000005,4.5,35.0,2.3,48.6,SCENARIO_ASSUMPTION,Simulated El Nino environmental shock parameters for stress testing
MODERATE_EL_NINO,Dadra and Nagar Haveli and Daman and Diu,Daman,20.9974,72.2778,Rice / Paddy,25.0,1.8,-30.0,-15.0,12.0,18.0,53.510000000000005,5.3,20.0,2.12,53.1,SCENARIO_ASSUMPTION,Simulated El Nino environmental shock parameters for stress testing
SEVERE_EL_NINO,Dadra and Nagar Haveli and Daman and Diu,Daman,20.9974,72.2778,Rice / Paddy,40.0,2.8,-50.0,-26.0,25.0,35.0,68.51,6.3,0.0,1.85,60.75,SCENARIO_ASSUMPTION,Simulated El Nino environmental shock parameters for stress testing
NORMAL,Dadra and Nagar Haveli and Daman and Diu,Diu,19.6624,72.3378,Rice / Paddy,0.0,0.0,0.0,0.0,0.0,0.0,28.5,3.5,50.0,2.5,52.0,SCENARIO_ASSUMPTION,Simulated El Nino environmental shock parameters for stress testing
MILD_EL_NINO,Dadra and Nagar Haveli and Daman and Diu,Diu,19.6624,72.3378,Rice / Paddy,15.0,1.0,-15.0,-8.0,5.0,8.0,43.5,4.5,35.0,2.3,56.16,SCENARIO_ASSUMPTION,Simulated El Nino environmental shock parameters for stress testing
MODERATE_EL_NINO,Dadra and Nagar Haveli and Daman and Diu,Diu,19.6624,72.3378,Rice / Paddy,25.0,1.8,-30.0,-15.0,12.0,18.0,53.5,5.3,20.0,2.12,61.36,SCENARIO_ASSUMPTION,Simulated El Nino environmental shock parameters for stress testing
SEVERE_EL_NINO,Dadra and Nagar Haveli and Daman and Diu,Diu,19.6624,72.3378,Rice / Paddy,40.0,2.8,-50.0,-26.0,25.0,35.0,68.5,6.3,0.0,1.85,70.2,SCENARIO_ASSUMPTION,Simulated El Nino environmental shock parameters for stress testing
NORMAL,Delhi,Central Delhi,28.8991,77.8225,Rice / Paddy,0.0,0.0,0.0,0.0,0.0,0.0,28.48,6.5,50.0,2.5,50.0,SCENARIO_ASSUMPTION,Simulated El Nino environmental shock parameters for stress testing
MILD_EL_NINO,Delhi,Central Delhi,28.8991,77.8225,Rice / Paddy,15.0,1.0,-15.0,-8.0,5.0,8.0,43.480000000000004,7.5,35.0,2.3,54.0,SCENARIO_ASSUMPTION,Simulated El Nino environmental shock parameters for stress testing
MODERATE_EL_NINO,Delhi,Central Delhi,28.8991,77.8225,Rice / Paddy,25.0,1.8,-30.0,-15.0,12.0,18.0,53.480000000000004,8.3,20.0,2.12,59.0,SCENARIO_ASSUMPTION,Simulated El Nino environmental shock parameters for stress testing
SEVERE_EL_NINO,Delhi,Central Delhi,28.8991,77.8225,Rice / Paddy,40.0,2.8,-50.0,-26.0,25.0,35.0,68.48,9.3,0.0,1.85,67.5,SCENARIO_ASSUMPTION,Simulated El Nino environmental shock parameters for stress testing
NORMAL,Delhi,East Delhi,28.2241,77.5525,Rice / Paddy,0.0,0.0,0.0,0.0,0.0,0.0,28.48,0.5,50.0,2.5,48.0,SCENARIO_ASSUMPTION,Simulated El Nino environmental shock parameters for stress testing
MILD_EL_NINO,Delhi,East Delhi,28.2241,77.5525,Rice / Paddy,15.0,1.0,-15.0,-8.0,5.0,8.0,43.480000000000004,1.5,35.0,2.3,51.84,SCENARIO_ASSUMPTION,Simulated El Nino environmental shock parameters for stress testing
MODERATE_EL_NINO,Delhi,East Delhi,28.2241,77.5525,Rice / Paddy,25.0,1.8,-30.0,-15.0,12.0,18.0,53.480000000000004,2.3,20.0,2.12,56.64,SCENARIO_ASSUMPTION,Simulated El Nino environmental shock parameters for stress testing
SEVERE_EL_NINO,Delhi,East Delhi,28.2241,77.5525,Rice / Paddy,40.0,2.8,-50.0,-26.0,25.0,35.0,68.48,3.3,0.0,1.85,64.8,SCENARIO_ASSUMPTION,Simulated El Nino environmental shock parameters for stress testing
NORMAL,Delhi,New Delhi,28.2391,77.0575,Rice / Paddy,0.0,0.0,0.0,0.0,0.0,0.0,28.48,3.5,50.0,2.5,53.0,SCENARIO_ASSUMPTION,Simulated El Nino environmental shock parameters for stress testing
MILD_EL_NINO,Delhi,New Delhi,28.2391,77.0575,Rice / Paddy,15.0,1.0,-15.0,-8.0,5.0,8.0,43.480000000000004,4.5,35.0,2.3,57.24,SCENARIO_ASSUMPTION,Simulated El Nino environmental shock parameters for stress testing
MODERATE_EL_NINO,Delhi,New Delhi,28.2391,77.0575,Rice / Paddy,25.0,1.8,-30.0,-15.0,12.0,18.0,53.480000000000004,5.3,20.0,2.12,62.54,SCENARIO_ASSUMPTION,Simulated El Nino environmental shock parameters for stress testing
SEVERE_EL_NINO,Delhi,New Delhi,28.2391,77.0575,Rice / Paddy,40.0,2.8,-50.0,-26.0,25.0,35.0,68.48,6.3,0.0,1.85,71.55,SCENARIO_ASSUMPTION,Simulated El Nino environmental shock parameters for stress testing
NORMAL,Delhi,North Delhi,29.3641,77.2525,Rice / Paddy,0.0,0.0,0.0,0.0,0.0,0.0,28.5,4.5,50.0,2.5,51.0,SCENARIO_ASSUMPTION,Simulated El Nino environmental shock parameters for stress testing
MILD_EL_NINO,Delhi,North Delhi,29.3641,77.2525,Rice / Paddy,15.0,1.0,-15.0,-8.0,5.0,8.0,43.5,5.5,35.0,2.3,55.08,SCENARIO_ASSUMPTION,Simulated El Nino environmental shock parameters for stress testing
MODERATE_EL_NINO,Delhi,North Delhi,29.3641,77.2525,Rice / Paddy,25.0,1.8,-30.0,-15.0,12.0,18.0,53.5,6.3,20.0,2.12,60.18,SCENARIO_ASSUMPTION,Simulated El Nino environmental shock parameters for stress testing
SEVERE_EL_NINO,Delhi,North Delhi,29.3641,77.2525,Rice / Paddy,40.0,2.8,-50.0,-26.0,25.0,35.0,68.5,7.3,0.0,1.85,68.85,SCENARIO_ASSUMPTION,Simulated El Nino environmental shock parameters for stress testing
NORMAL,Delhi,North East Delhi,29.3641,77.5525,Rice / Paddy,0.0,0.0,0.0,0.0,0.0,0.0,28.49,0.5,50.0,2.5,49.0,SCENARIO_ASSUMPTION,Simulated El Nino environmental shock parameters for stress testing
MILD_EL_NINO,Delhi,North East Delhi,29.3641,77.5525,Rice / Paddy,15.0,1.0,-15.0,-8.0,5.0,8.0,43.489999999999995,1.5,35.0,2.3,52.92,SCENARIO_ASSUMPTION,Simulated El Nino environmental shock parameters for stress testing
MODERATE_EL_NINO,Delhi,North East Delhi,29.3641,77.5525,Rice / Paddy,25.0,1.8,-30.0,-15.0,12.0,18.0,53.489999999999995,2.3,20.0,2.12,57.82,SCENARIO_ASSUMPTION,Simulated El Nino environmental shock parameters for stress testing
SEVERE_EL_NINO,Delhi,North East Delhi,29.3641,77.5525,Rice / Paddy,40.0,2.8,-50.0,-26.0,25.0,35.0,68.49,3.3,0.0,1.85,66.15,SCENARIO_ASSUMPTION,Simulated El Nino environmental shock parameters for stress testing
NORMAL,Delhi,North West Delhi,29.2591,77.4775,Rice / Paddy,0.0,0.0,0.0,0.0,0.0,0.0,28.5,2.5,50.0,2.5,44.0,SCENARIO_ASSUMPTION,Simulated El Nino environmental shock parameters for stress testing
MILD_EL_NINO,Delhi,North West Delhi,29.2591,77.4775,Rice / Paddy,15.0,1.0,-15.0,-8.0,5.0,8.0,43.5,3.5,35.0,2.3,47.52,SCENARIO_ASSUMPTION,Simulated El Nino environmental shock parameters for stress testing
MODERATE_EL_NINO,Delhi,North West Delhi,29.2591,77.4775,Rice / Paddy,25.0,1.8,-30.0,-15.0,12.0,18.0,53.5,4.3,20.0,2.12,51.92,SCENARIO_ASSUMPTION,Simulated El Nino environmental shock parameters for stress testing
SEVERE_EL_NINO,Delhi,North West Delhi,29.2591,77.4775,Rice / Paddy,40.0,2.8,-50.0,-26.0,25.0,35.0,68.5,5.3,0.0,1.85,59.4,SCENARIO_ASSUMPTION,Simulated El Nino environmental shock parameters for stress testing
NORMAL,Delhi,Shahdara,28.5991,76.6075,Rice / Paddy,0.0,0.0,0.0,0.0,0.0,0.0,28.54,3.5,50.0,2.5,52.0,SCENARIO_ASSUMPTION,Simulated El Nino environmental shock parameters for stress testing
MILD_EL_NINO,Delhi,Shahdara,28.5991,76.6075,Rice / Paddy,15.0,1.0,-15.0,-8.0,5.0,8.0,43.54,4.5,35.0,2.3,56.16,SCENARIO_ASSUMPTION,Simulated El Nino environmental shock parameters for stress testing
MODERATE_EL_NINO,Delhi,Shahdara,28.5991,76.6075,Rice / Paddy,25.0,1.8,-30.0,-15.0,12.0,18.0,53.54,5.3,20.0,2.12,61.36,SCENARIO_ASSUMPTION,Simulated El Nino environmental shock parameters for stress testing
SEVERE_EL_NINO,Delhi,Shahdara,28.5991,76.6075,Rice / Paddy,40.0,2.8,-50.0,-26.0,25.0,35.0,68.53999999999999,6.3,0.0,1.85,70.2,SCENARIO_ASSUMPTION,Simulated El Nino environmental shock parameters for stress testing
NORMAL,Delhi,South Delhi,28.8991,76.8325,Rice / Paddy,0.0,0.0,0.0,0.0,0.0,0.0,28.49,3.5,50.0,2.5,50.0,SCENARIO_ASSUMPTION,Simulated El Nino environmental shock parameters for stress testing
MILD_EL_NINO,Delhi,South Delhi,28.8991,76.8325,Rice / Paddy,15.0,1.0,-15.0,-8.0,5.0,8.0,43.489999999999995,4.5,35.0,2.3,54.0,SCENARIO_ASSUMPTION,Simulated El Nino environmental shock parameters for stress testing
MODERATE_EL_NINO,Delhi,South Delhi,28.8991,76.8325,Rice / Paddy,25.0,1.8,-30.0,-15.0,12.0,18.0,53.489999999999995,5.3,20.0,2.12,59.0,SCENARIO_ASSUMPTION,Simulated El Nino environmental shock parameters for stress testing
SEVERE_EL_NINO,Delhi,South Delhi,28.8991,76.8325,Rice / Paddy,40.0,2.8,-50.0,-26.0,25.0,35.0,68.49,6.3,0.0,1.85,67.5,SCENARIO_ASSUMPTION,Simulated El Nino environmental shock parameters for stress testing
NORMAL,Delhi,South East Delhi,29.0491,77.5075,Rice / Paddy,0.0,0.0,0.0,0.0,0.0,0.0,28.49,2.5,50.0,2.5,43.0,SCENARIO_ASSUMPTION,Simulated El Nino environmental shock parameters for stress testing
MILD_EL_NINO,Delhi,South East Delhi,29.0491,77.5075,Rice / Paddy,15.0,1.0,-15.0,-8.0,5.0,8.0,43.489999999999995,3.5,35.0,2.3,46.44,SCENARIO_ASSUMPTION,Simulated El Nino environmental shock parameters for stress testing
MODERATE_EL_NINO,Delhi,South East Delhi,29.0491,77.5075,Rice / Paddy,25.0,1.8,-30.0,-15.0,12.0,18.0,53.489999999999995,4.3,20.0,2.12,50.74,SCENARIO_ASSUMPTION,Simulated El Nino environmental shock parameters for stress testing
SEVERE_EL_NINO,Delhi,South East Delhi,29.0491,77.5075,Rice / Paddy,40.0,2.8,-50.0,-26.0,25.0,35.0,68.49,5.3,0.0,1.85,58.05,SCENARIO_ASSUMPTION,Simulated El Nino environmental shock parameters for stress testing
NORMAL,Delhi,South West Delhi,28.6741,77.1925,Rice / Paddy,0.0,0.0,0.0,0.0,0.0,0.0,28.5,4.5,50.0,2.5,42.0,SCENARIO_ASSUMPTION,Simulated El Nino environmental shock parameters for stress testing
MILD_EL_NINO,Delhi,South West Delhi,28.6741,77.1925,Rice / Paddy,15.0,1.0,-15.0,-8.0,5.0,8.0,43.5,5.5,35.0,2.3,45.36,SCENARIO_ASSUMPTION,Simulated El Nino environmental shock parameters for stress testing
MODERATE_EL_NINO,Delhi,South West Delhi,28.6741,77.1925,Rice / Paddy,25.0,1.8,-30.0,-15.0,12.0,18.0,53.5,6.3,20.0,2.12,49.56,SCENARIO_ASSUMPTION,Simulated El Nino environmental shock parameters for stress testing
SEVERE_EL_NINO,Delhi,South West Delhi,28.6741,77.1925,Rice / Paddy,40.0,2.8,-50.0,-26.0,25.0,35.0,68.5,7.3,0.0,1.85,56.7,SCENARIO_ASSUMPTION,Simulated El Nino environmental shock parameters for stress testing
NORMAL,Delhi,West Delhi,29.0941,76.7725,Rice / Paddy,0.0,0.0,0.0,0.0,0.0,0.0,28.51,1.5,50.0,2.5,43.0,SCENARIO_ASSUMPTION,Simulated El Nino environmental shock parameters for stress testing
MILD_EL_NINO,Delhi,West Delhi,29.0941,76.7725,Rice / Paddy,15.0,1.0,-15.0,-8.0,5.0,8.0,43.510000000000005,2.5,35.0,2.3,46.44,SCENARIO_ASSUMPTION,Simulated El Nino environmental shock parameters for stress testing
MODERATE_EL_NINO,Delhi,West Delhi,29.0941,76.7725,Rice / Paddy,25.0,1.8,-30.0,-15.0,12.0,18.0,53.510000000000005,3.3,20.0,2.12,50.74,SCENARIO_ASSUMPTION,Simulated El Nino environmental shock parameters for stress testing
SEVERE_EL_NINO,Delhi,West Delhi,29.0941,76.7725,Rice / Paddy,40.0,2.8,-50.0,-26.0,25.0,35.0,68.51,4.3,0.0,1.85,58.05,SCENARIO_ASSUMPTION,Simulated El Nino environmental shock parameters for stress testing
NORMAL,Jammu and Kashmir,Anantnag,33.2982,76.6062,Rice / Paddy,0.0,0.0,0.0,0.0,0.0,0.0,28.51,2.5,50.0,2.5,42.0,SCENARIO_ASSUMPTION,Simulated El Nino environmental shock parameters for stress testing
MILD_EL_NINO,Jammu and Kashmir,Anantnag,33.2982,76.6062,Rice / Paddy,15.0,1.0,-15.0,-8.0,5.0,8.0,43.510000000000005,3.5,35.0,2.3,45.36,SCENARIO_ASSUMPTION,Simulated El Nino environmental shock parameters for stress testing
MODERATE_EL_NINO,Jammu and Kashmir,Anantnag,33.2982,76.6062,Rice / Paddy,25.0,1.8,-30.0,-15.0,12.0,18.0,53.510000000000005,4.3,20.0,2.12,49.56,SCENARIO_ASSUMPTION,Simulated El Nino environmental shock parameters for stress testing
SEVERE_EL_NINO,Jammu and Kashmir,Anantnag,33.2982,76.6062,Rice / Paddy,40.0,2.8,-50.0,-26.0,25.0,35.0,68.51,5.3,0.0,1.85,56.7,SCENARIO_ASSUMPTION,Simulated El Nino environmental shock parameters for stress testing
NORMAL,Jammu and Kashmir,Bandipora,33.9132,76.5012,Rice / Paddy,0.0,0.0,0.0,0.0,0.0,0.0,28.51,5.5,50.0,2.5,49.0,SCENARIO_ASSUMPTION,Simulated El Nino environmental shock parameters for stress testing
MILD_EL_NINO,Jammu and Kashmir,Bandipora,33.9132,76.5012,Rice / Paddy,15.0,1.0,-15.0,-8.0,5.0,8.0,43.510000000000005,6.5,35.0,2.3,52.92,SCENARIO_ASSUMPTION,Simulated El Nino environmental shock parameters for stress testing
MODERATE_EL_NINO,Jammu and Kashmir,Bandipora,33.9132,76.5012,Rice / Paddy,25.0,1.8,-30.0,-15.0,12.0,18.0,53.510000000000005,7.3,20.0,2.12,57.82,SCENARIO_ASSUMPTION,Simulated El Nino environmental shock parameters for stress testing
SEVERE_EL_NINO,Jammu and Kashmir,Bandipora,33.9132,76.5012,Rice / Paddy,40.0,2.8,-50.0,-26.0,25.0,35.0,68.51,8.3,0.0,1.85,66.15,SCENARIO_ASSUMPTION,Simulated El Nino environmental shock parameters for stress testing
NORMAL,Jammu and Kashmir,Baramulla,34.3932,76.4412,Rice / Paddy,0.0,0.0,0.0,0.0,0.0,0.0,28.47,0.5,50.0,2.5,48.0,SCENARIO_ASSUMPTION,Simulated El Nino environmental shock parameters for stress testing
MILD_EL_NINO,Jammu and Kashmir,Baramulla,34.3932,76.4412,Rice / Paddy,15.0,1.0,-15.0,-8.0,5.0,8.0,43.47,1.5,35.0,2.3,51.84,SCENARIO_ASSUMPTION,Simulated El Nino environmental shock parameters for stress testing
MODERATE_EL_NINO,Jammu and Kashmir,Baramulla,34.3932,76.4412,Rice / Paddy,25.0,1.8,-30.0,-15.0,12.0,18.0,53.47,2.3,20.0,2.12,56.64,SCENARIO_ASSUMPTION,Simulated El Nino environmental shock parameters for stress testing
SEVERE_EL_NINO,Jammu and Kashmir,Baramulla,34.3932,76.4412,Rice / Paddy,40.0,2.8,-50.0,-26.0,25.0,35.0,68.47,3.3,0.0,1.85,64.8,SCENARIO_ASSUMPTION,Simulated El Nino environmental shock parameters for stress testing
NORMAL,Jammu and Kashmir,Budgam,34.4532,77.1612,Rice / Paddy,0.0,0.0,0.0,0.0,0.0,0.0,28.53,0.5,50.0,2.5,44.0,SCENARIO_ASSUMPTION,Simulated El Nino environmental shock parameters for stress testing
MILD_EL_NINO,Jammu and Kashmir,Budgam,34.4532,77.1612,Rice / Paddy,15.0,1.0,-15.0,-8.0,5.0,8.0,43.53,1.5,35.0,2.3,47.52,SCENARIO_ASSUMPTION,Simulated El Nino environmental shock parameters for stress testing
MODERATE_EL_NINO,Jammu and Kashmir,Budgam,34.4532,77.1612,Rice / Paddy,25.0,1.8,-30.0,-15.0,12.0,18.0,53.53,2.3,20.0,2.12,51.92,SCENARIO_ASSUMPTION,Simulated El Nino environmental shock parameters for stress testing
SEVERE_EL_NINO,Jammu and Kashmir,Budgam,34.4532,77.1612,Rice / Paddy,40.0,2.8,-50.0,-26.0,25.0,35.0,68.53,3.3,0.0,1.85,59.4,SCENARIO_ASSUMPTION,Simulated El Nino environmental shock parameters for stress testing
NORMAL,Jammu and Kashmir,Doda,33.8082,77.0562,Rice / Paddy,0.0,0.0,0.0,0.0,0.0,0.0,28.48,2.5,50.0,2.5,48.0,SCENARIO_ASSUMPTION,Simulated El Nino environmental shock parameters for stress testing
MILD_EL_NINO,Jammu and Kashmir,Doda,33.8082,77.0562,Rice / Paddy,15.0,1.0,-15.0,-8.0,5.0,8.0,43.480000000000004,3.5,35.0,2.3,51.84,SCENARIO_ASSUMPTION,Simulated El Nino environmental shock parameters for stress testing
MODERATE_EL_NINO,Jammu and Kashmir,Doda,33.8082,77.0562,Rice / Paddy,25.0,1.8,-30.0,-15.0,12.0,18.0,53.480000000000004,4.3,20.0,2.12,56.64,SCENARIO_ASSUMPTION,Simulated El Nino environmental shock parameters for stress testing
SEVERE_EL_NINO,Jammu and Kashmir,Doda,33.8082,77.0562,Rice / Paddy,40.0,2.8,-50.0,-26.0,25.0,35.0,68.48,5.3,0.0,1.85,64.8,SCENARIO_ASSUMPTION,Simulated El Nino environmental shock parameters for stress testing
NORMAL,Jammu and Kashmir,Ganderbal,34.4532,76.1262,Rice / Paddy,0.0,0.0,0.0,0.0,0.0,0.0,28.49,3.5,50.0,2.5,53.0,SCENARIO_ASSUMPTION,Simulated El Nino environmental shock parameters for stress testing
MILD_EL_NINO,Jammu and Kashmir,Ganderbal,34.4532,76.1262,Rice / Paddy,15.0,1.0,-15.0,-8.0,5.0,8.0,43.489999999999995,4.5,35.0,2.3,57.24,SCENARIO_ASSUMPTION,Simulated El Nino environmental shock parameters for stress testing
MODERATE_EL_NINO,Jammu and Kashmir,Ganderbal,34.4532,76.1262,Rice / Paddy,25.0,1.8,-30.0,-15.0,12.0,18.0,53.489999999999995,5.3,20.0,2.12,62.54,SCENARIO_ASSUMPTION,Simulated El Nino environmental shock parameters for stress testing
SEVERE_EL_NINO,Jammu and Kashmir,Ganderbal,34.4532,76.1262,Rice / Paddy,40.0,2.8,-50.0,-26.0,25.0,35.0,68.49,6.3,0.0,1.85,71.55,SCENARIO_ASSUMPTION,Simulated El Nino environmental shock parameters for stress testing
NORMAL,Jammu and Kashmir,Jammu,34.4982,77.0862,Rice / Paddy,0.0,0.0,0.0,0.0,0.0,0.0,28.49,7.5,50.0,2.5,52.0,SCENARIO_ASSUMPTION,Simulated El Nino environmental shock parameters for stress testing
MILD_EL_NINO,Jammu and Kashmir,Jammu,34.4982,77.0862,Rice / Paddy,15.0,1.0,-15.0,-8.0,5.0,8.0,43.489999999999995,8.5,35.0,2.3,56.16,SCENARIO_ASSUMPTION,Simulated El Nino environmental shock parameters for stress testing
MODERATE_EL_NINO,Jammu and Kashmir,Jammu,34.4982,77.0862,Rice / Paddy,25.0,1.8,-30.0,-15.0,12.0,18.0,53.489999999999995,9.3,20.0,2.12,61.36,SCENARIO_ASSUMPTION,Simulated El Nino environmental shock parameters for stress testing
SEVERE_EL_NINO,Jammu and Kashmir,Jammu,34.4982,77.0862,Rice / Paddy,40.0,2.8,-50.0,-26.0,25.0,35.0,68.49,10.3,0.0,1.85,70.2,SCENARIO_ASSUMPTION,Simulated El Nino environmental shock parameters for stress testing
NORMAL,Jammu and Kashmir,Kathua,33.2082,76.6362,Rice / Paddy,0.0,0.0,0.0,0.0,0.0,0.0,28.5,4.5,50.0,2.5,42.0,SCENARIO_ASSUMPTION,Simulated El Nino environmental shock parameters for stress testing
MILD_EL_NINO,Jammu and Kashmir,Kathua,33.2082,76.6362,Rice / Paddy,15.0,1.0,-15.0,-8.0,5.0,8.0,43.5,5.5,35.0,2.3,45.36,SCENARIO_ASSUMPTION,Simulated El Nino environmental shock parameters for stress testing
MODERATE_EL_NINO,Jammu and Kashmir,Kathua,33.2082,76.6362,Rice / Paddy,25.0,1.8,-30.0,-15.0,12.0,18.0,53.5,6.3,20.0,2.12,49.56,SCENARIO_ASSUMPTION,Simulated El Nino environmental shock parameters for stress testing
SEVERE_EL_NINO,Jammu and Kashmir,Kathua,33.2082,76.6362,Rice / Paddy,40.0,2.8,-50.0,-26.0,25.0,35.0,68.5,7.3,0.0,1.85,56.7,SCENARIO_ASSUMPTION,Simulated El Nino environmental shock parameters for stress testing
NORMAL,Jammu and Kashmir,Kishtwar,33.2532,75.9762,Rice / Paddy,0.0,0.0,0.0,0.0,0.0,0.0,28.5,1.5,50.0,2.5,53.0,SCENARIO_ASSUMPTION,Simulated El Nino environmental shock parameters for stress testing
MILD_EL_NINO,Jammu and Kashmir,Kishtwar,33.2532,75.9762,Rice / Paddy,15.0,1.0,-15.0,-8.0,5.0,8.0,43.5,2.5,35.0,2.3,57.24,SCENARIO_ASSUMPTION,Simulated El Nino environmental shock parameters for stress testing
MODERATE_EL_NINO,Jammu and Kashmir,Kishtwar,33.2532,75.9762,Rice / Paddy,25.0,1.8,-30.0,-15.0,12.0,18.0,53.5,3.3,20.0,2.12,62.54,SCENARIO_ASSUMPTION,Simulated El Nino environmental shock parameters for stress testing
SEVERE_EL_NINO,Jammu and Kashmir,Kishtwar,33.2532,75.9762,Rice / Paddy,40.0,2.8,-50.0,-26.0,25.0,35.0,68.5,4.3,0.0,1.85,71.55,SCENARIO_ASSUMPTION,Simulated El Nino environmental shock parameters for stress testing
NORMAL,Jammu and Kashmir,Kulgam,34.0932,76.2762,Rice / Paddy,0.0,0.0,0.0,0.0,0.0,0.0,28.5,2.5,50.0,2.5,48.0,SCENARIO_ASSUMPTION,Simulated El Nino environmental shock parameters for stress testing
MILD_EL_NINO,Jammu and Kashmir,Kulgam,34.0932,76.2762,Rice / Paddy,15.0,1.0,-15.0,-8.0,5.0,8.0,43.5,3.5,35.0,2.3,51.84,SCENARIO_ASSUMPTION,Simulated El Nino environmental shock parameters for stress testing
MODERATE_EL_NINO,Jammu and Kashmir,Kulgam,34.0932,76.2762,Rice / Paddy,25.0,1.8,-30.0,-15.0,12.0,18.0,53.5,4.3,20.0,2.12,56.64,SCENARIO_ASSUMPTION,Simulated El Nino environmental shock parameters for stress testing
SEVERE_EL_NINO,Jammu and Kashmir,Kulgam,34.0932,76.2762,Rice / Paddy,40.0,2.8,-50.0,-26.0,25.0,35.0,68.5,5.3,0.0,1.85,64.8,SCENARIO_ASSUMPTION,Simulated El Nino environmental shock parameters for stress testing
NORMAL,Jammu and Kashmir,Kupwara,33.7032,76.6812,Rice / Paddy,0.0,0.0,0.0,0.0,0.0,0.0,28.5,4.5,50.0,2.5,49.0,SCENARIO_ASSUMPTION,Simulated El Nino environmental shock parameters for stress testing
MILD_EL_NINO,Jammu and Kashmir,Kupwara,33.7032,76.6812,Rice / Paddy,15.0,1.0,-15.0,-8.0,5.0,8.0,43.5,5.5,35.0,2.3,52.92,SCENARIO_ASSUMPTION,Simulated El Nino environmental shock parameters for stress testing
MODERATE_EL_NINO,Jammu and Kashmir,Kupwara,33.7032,76.6812,Rice / Paddy,25.0,1.8,-30.0,-15.0,12.0,18.0,53.5,6.3,20.0,2.12,57.82,SCENARIO_ASSUMPTION,Simulated El Nino environmental shock parameters for stress testing
SEVERE_EL_NINO,Jammu and Kashmir,Kupwara,33.7032,76.6812,Rice / Paddy,40.0,2.8,-50.0,-26.0,25.0,35.0,68.5,7.3,0.0,1.85,66.15,SCENARIO_ASSUMPTION,Simulated El Nino environmental shock parameters for stress testing
NORMAL,Jammu and Kashmir,Poonch,33.2532,76.8312,Rice / Paddy,0.0,0.0,0.0,0.0,0.0,0.0,28.51,1.5,50.0,2.5,47.0,SCENARIO_ASSUMPTION,Simulated El Nino environmental shock parameters for stress testing
MILD_EL_NINO,Jammu and Kashmir,Poonch,33.2532,76.8312,Rice / Paddy,15.0,1.0,-15.0,-8.0,5.0,8.0,43.510000000000005,2.5,35.0,2.3,50.76,SCENARIO_ASSUMPTION,Simulated El Nino environmental shock parameters for stress testing
MODERATE_EL_NINO,Jammu and Kashmir,Poonch,33.2532,76.8312,Rice / Paddy,25.0,1.8,-30.0,-15.0,12.0,18.0,53.510000000000005,3.3,20.0,2.12,55.46,SCENARIO_ASSUMPTION,Simulated El Nino environmental shock parameters for stress testing
SEVERE_EL_NINO,Jammu and Kashmir,Poonch,33.2532,76.8312,Rice / Paddy,40.0,2.8,-50.0,-26.0,25.0,35.0,68.51,4.3,0.0,1.85,63.45,SCENARIO_ASSUMPTION,Simulated El Nino environmental shock parameters for stress testing
NORMAL,Jammu and Kashmir,Pulwama,33.8082,77.1762,Rice / Paddy,0.0,0.0,0.0,0.0,0.0,0.0,28.5,3.5,50.0,2.5,51.0,SCENARIO_ASSUMPTION,Simulated El Nino environmental shock parameters for stress testing
MILD_EL_NINO,Jammu and Kashmir,Pulwama,33.8082,77.1762,Rice / Paddy,15.0,1.0,-15.0,-8.0,5.0,8.0,43.5,4.5,35.0,2.3,55.08,SCENARIO_ASSUMPTION,Simulated El Nino environmental shock parameters for stress testing
MODERATE_EL_NINO,Jammu and Kashmir,Pulwama,33.8082,77.1762,Rice / Paddy,25.0,1.8,-30.0,-15.0,12.0,18.0,53.5,5.3,20.0,2.12,60.18,SCENARIO_ASSUMPTION,Simulated El Nino environmental shock parameters for stress testing
SEVERE_EL_NINO,Jammu and Kashmir,Pulwama,33.8082,77.1762,Rice / Paddy,40.0,2.8,-50.0,-26.0,25.0,35.0,68.5,6.3,0.0,1.85,68.85,SCENARIO_ASSUMPTION,Simulated El Nino environmental shock parameters for stress testing
NORMAL,Jammu and Kashmir,Rajouri,33.7182,77.2512,Rice / Paddy,0.0,0.0,0.0,0.0,0.0,0.0,28.51,4.5,50.0,2.5,46.0,SCENARIO_ASSUMPTION,Simulated El Nino environmental shock parameters for stress testing
MILD_EL_NINO,Jammu and Kashmir,Rajouri,33.7182,77.2512,Rice / Paddy,15.0,1.0,-15.0,-8.0,5.0,8.0,43.510000000000005,5.5,35.0,2.3,49.68,SCENARIO_ASSUMPTION,Simulated El Nino environmental shock parameters for stress testing
MODERATE_EL_NINO,Jammu and Kashmir,Rajouri,33.7182,77.2512,Rice / Paddy,25.0,1.8,-30.0,-15.0,12.0,18.0,53.510000000000005,6.3,20.0,2.12,54.28,SCENARIO_ASSUMPTION,Simulated El Nino environmental shock parameters for stress testing
SEVERE_EL_NINO,Jammu and Kashmir,Rajouri,33.7182,77.2512,Rice / Paddy,40.0,2.8,-50.0,-26.0,25.0,35.0,68.51,7.3,0.0,1.85,62.1,SCENARIO_ASSUMPTION,Simulated El Nino environmental shock parameters for stress testing
NORMAL,Jammu and Kashmir,Ramban,33.8082,76.0812,Rice / Paddy,0.0,0.0,0.0,0.0,0.0,0.0,28.5,4.5,50.0,2.5,44.0,SCENARIO_ASSUMPTION,Simulated El Nino environmental shock parameters for stress testing
MILD_EL_NINO,Jammu and Kashmir,Ramban,33.8082,76.0812,Rice / Paddy,15.0,1.0,-15.0,-8.0,5.0,8.0,43.5,5.5,35.0,2.3,47.52,SCENARIO_ASSUMPTION,Simulated El Nino environmental shock parameters for stress testing
MODERATE_EL_NINO,Jammu and Kashmir,Ramban,33.8082,76.0812,Rice / Paddy,25.0,1.8,-30.0,-15.0,12.0,18.0,53.5,6.3,20.0,2.12,51.92,SCENARIO_ASSUMPTION,Simulated El Nino environmental shock parameters for stress testing
SEVERE_EL_NINO,Jammu and Kashmir,Ramban,33.8082,76.0812,Rice / Paddy,40.0,2.8,-50.0,-26.0,25.0,35.0,68.5,7.3,0.0,1.85,59.4,SCENARIO_ASSUMPTION,Simulated El Nino environmental shock parameters for stress testing
NORMAL,Jammu and Kashmir,Reasi,34.1682,76.6962,Rice / Paddy,0.0,0.0,0.0,0.0,0.0,0.0,28.51,0.5,50.0,2.5,46.0,SCENARIO_ASSUMPTION,Simulated El Nino environmental shock parameters for stress testing
MILD_EL_NINO,Jammu and Kashmir,Reasi,34.1682,76.6962,Rice / Paddy,15.0,1.0,-15.0,-8.0,5.0,8.0,43.510000000000005,1.5,35.0,2.3,49.68,SCENARIO_ASSUMPTION,Simulated El Nino environmental shock parameters for stress testing
MODERATE_EL_NINO,Jammu and Kashmir,Reasi,34.1682,76.6962,Rice / Paddy,25.0,1.8,-30.0,-15.0,12.0,18.0,53.510000000000005,2.3,20.0,2.12,54.28,SCENARIO_ASSUMPTION,Simulated El Nino environmental shock parameters for stress testing
SEVERE_EL_NINO,Jammu and Kashmir,Reasi,34.1682,76.6962,Rice / Paddy,40.0,2.8,-50.0,-26.0,25.0,35.0,68.51,3.3,0.0,1.85,62.1,SCENARIO_ASSUMPTION,Simulated El Nino environmental shock parameters for stress testing
NORMAL,Jammu and Kashmir,Samba,33.9882,77.2062,Rice / Paddy,0.0,0.0,0.0,0.0,0.0,0.0,28.52,7.5,50.0,2.5,42.0,SCENARIO_ASSUMPTION,Simulated El Nino environmental shock parameters for stress testing
MILD_EL_NINO,Jammu and Kashmir,Samba,33.9882,77.2062,Rice / Paddy,15.0,1.0,-15.0,-8.0,5.0,8.0,43.519999999999996,8.5,35.0,2.3,45.36,SCENARIO_ASSUMPTION,Simulated El Nino environmental shock parameters for stress testing
MODERATE_EL_NINO,Jammu and Kashmir,Samba,33.9882,77.2062,Rice / Paddy,25.0,1.8,-30.0,-15.0,12.0,18.0,53.519999999999996,9.3,20.0,2.12,49.56,SCENARIO_ASSUMPTION,Simulated El Nino environmental shock parameters for stress testing
SEVERE_EL_NINO,Jammu and Kashmir,Samba,33.9882,77.2062,Rice / Paddy,40.0,2.8,-50.0,-26.0,25.0,35.0,68.52,10.3,0.0,1.85,56.7,SCENARIO_ASSUMPTION,Simulated El Nino environmental shock parameters for stress testing
NORMAL,Jammu and Kashmir,Shopian,33.1182,77.0712,Rice / Paddy,0.0,0.0,0.0,0.0,0.0,0.0,28.48,6.5,50.0,2.5,42.0,SCENARIO_ASSUMPTION,Simulated El Nino environmental shock parameters for stress testing
MILD_EL_NINO,Jammu and Kashmir,Shopian,33.1182,77.0712,Rice / Paddy,15.0,1.0,-15.0,-8.0,5.0,8.0,43.480000000000004,7.5,35.0,2.3,45.36,SCENARIO_ASSUMPTION,Simulated El Nino environmental shock parameters for stress testing
MODERATE_EL_NINO,Jammu and Kashmir,Shopian,33.1182,77.0712,Rice / Paddy,25.0,1.8,-30.0,-15.0,12.0,18.0,53.480000000000004,8.3,20.0,2.12,49.56,SCENARIO_ASSUMPTION,Simulated El Nino environmental shock parameters for stress testing
SEVERE_EL_NINO,Jammu and Kashmir,Shopian,33.1182,77.0712,Rice / Paddy,40.0,2.8,-50.0,-26.0,25.0,35.0,68.48,9.3,0.0,1.85,56.7,SCENARIO_ASSUMPTION,Simulated El Nino environmental shock parameters for stress testing
NORMAL,Jammu and Kashmir,Srinagar,33.8982,76.7112,Rice / Paddy,0.0,0.0,0.0,0.0,0.0,0.0,28.5,1.5,50.0,2.5,49.0,SCENARIO_ASSUMPTION,Simulated El Nino environmental shock parameters for stress testing
MILD_EL_NINO,Jammu and Kashmir,Srinagar,33.8982,76.7112,Rice / Paddy,15.0,1.0,-15.0,-8.0,5.0,8.0,43.5,2.5,35.0,2.3,52.92,SCENARIO_ASSUMPTION,Simulated El Nino environmental shock parameters for stress testing
MODERATE_EL_NINO,Jammu and Kashmir,Srinagar,33.8982,76.7112,Rice / Paddy,25.0,1.8,-30.0,-15.0,12.0,18.0,53.5,3.3,20.0,2.12,57.82,SCENARIO_ASSUMPTION,Simulated El Nino environmental shock parameters for stress testing
SEVERE_EL_NINO,Jammu and Kashmir,Srinagar,33.8982,76.7112,Rice / Paddy,40.0,2.8,-50.0,-26.0,25.0,35.0,68.5,4.3,0.0,1.85,66.15,SCENARIO_ASSUMPTION,Simulated El Nino environmental shock parameters for stress testing
NORMAL,Jammu and Kashmir,Udhampur,33.5832,76.3212,Rice / Paddy,0.0,0.0,0.0,0.0,0.0,0.0,28.52,7.5,50.0,2.5,46.0,SCENARIO_ASSUMPTION,Simulated El Nino environmental shock parameters for stress testing
MILD_EL_NINO,Jammu and Kashmir,Udhampur,33.5832,76.3212,Rice / Paddy,15.0,1.0,-15.0,-8.0,5.0,8.0,43.519999999999996,8.5,35.0,2.3,49.68,SCENARIO_ASSUMPTION,Simulated El Nino environmental shock parameters for stress testing
MODERATE_EL_NINO,Jammu and Kashmir,Udhampur,33.5832,76.3212,Rice / Paddy,25.0,1.8,-30.0,-15.0,12.0,18.0,53.519999999999996,9.3,20.0,2.12,54.28,SCENARIO_ASSUMPTION,Simulated El Nino environmental shock parameters for stress testing
SEVERE_EL_NINO,Jammu and Kashmir,Udhampur,33.5832,76.3212,Rice / Paddy,40.0,2.8,-50.0,-26.0,25.0,35.0,68.52,10.3,0.0,1.85,62.1,SCENARIO_ASSUMPTION,Simulated El Nino environmental shock parameters for stress testing
NORMAL,Ladakh,Kargil,34.1526,77.7121,Rice / Paddy,0.0,0.0,0.0,0.0,0.0,0.0,28.51,6.5,50.0,2.5,45.0,SCENARIO_ASSUMPTION,Simulated El Nino environmental shock parameters for stress testing
MILD_EL_NINO,Ladakh,Kargil,34.1526,77.7121,Rice / Paddy,15.0,1.0,-15.0,-8.0,5.0,8.0,43.510000000000005,7.5,35.0,2.3,48.6,SCENARIO_ASSUMPTION,Simulated El Nino environmental shock parameters for stress testing
MODERATE_EL_NINO,Ladakh,Kargil,34.1526,77.7121,Rice / Paddy,25.0,1.8,-30.0,-15.0,12.0,18.0,53.510000000000005,8.3,20.0,2.12,53.1,SCENARIO_ASSUMPTION,Simulated El Nino environmental shock parameters for stress testing
SEVERE_EL_NINO,Ladakh,Kargil,34.1526,77.7121,Rice / Paddy,40.0,2.8,-50.0,-26.0,25.0,35.0,68.51,9.3,0.0,1.85,60.75,SCENARIO_ASSUMPTION,Simulated El Nino environmental shock parameters for stress testing
NORMAL,Ladakh,Leh,34.3626,78.2071,Rice / Paddy,0.0,0.0,0.0,0.0,0.0,0.0,28.5,3.5,50.0,2.5,51.0,SCENARIO_ASSUMPTION,Simulated El Nino environmental shock parameters for stress testing
MILD_EL_NINO,Ladakh,Leh,34.3626,78.2071,Rice / Paddy,15.0,1.0,-15.0,-8.0,5.0,8.0,43.5,4.5,35.0,2.3,55.08,SCENARIO_ASSUMPTION,Simulated El Nino environmental shock parameters for stress testing
MODERATE_EL_NINO,Ladakh,Leh,34.3626,78.2071,Rice / Paddy,25.0,1.8,-30.0,-15.0,12.0,18.0,53.5,5.3,20.0,2.12,60.18,SCENARIO_ASSUMPTION,Simulated El Nino environmental shock parameters for stress testing
SEVERE_EL_NINO,Ladakh,Leh,34.3626,78.2071,Rice / Paddy,40.0,2.8,-50.0,-26.0,25.0,35.0,68.5,6.3,0.0,1.85,68.85,SCENARIO_ASSUMPTION,Simulated El Nino environmental shock parameters for stress testing
NORMAL,Lakshadweep,Lakshadweep,10.6117,72.5967,Rice / Paddy,0.0,0.0,0.0,0.0,0.0,0.0,28.51,6.5,50.0,2.5,48.0,SCENARIO_ASSUMPTION,Simulated El Nino environmental shock parameters for stress testing
MILD_EL_NINO,Lakshadweep,Lakshadweep,10.6117,72.5967,Rice / Paddy,15.0,1.0,-15.0,-8.0,5.0,8.0,43.510000000000005,7.5,35.0,2.3,51.84,SCENARIO_ASSUMPTION,Simulated El Nino environmental shock parameters for stress testing
MODERATE_EL_NINO,Lakshadweep,Lakshadweep,10.6117,72.5967,Rice / Paddy,25.0,1.8,-30.0,-15.0,12.0,18.0,53.510000000000005,8.3,20.0,2.12,56.64,SCENARIO_ASSUMPTION,Simulated El Nino environmental shock parameters for stress testing
SEVERE_EL_NINO,Lakshadweep,Lakshadweep,10.6117,72.5967,Rice / Paddy,40.0,2.8,-50.0,-26.0,25.0,35.0,68.51,9.3,0.0,1.85,64.8,SCENARIO_ASSUMPTION,Simulated El Nino environmental shock parameters for stress testing
NORMAL,Puducherry,Karaikal,12.3316,80.4533,Rice / Paddy,0.0,0.0,0.0,0.0,0.0,0.0,28.49,0.5,50.0,2.5,46.0,SCENARIO_ASSUMPTION,Simulated El Nino environmental shock parameters for stress testing
MILD_EL_NINO,Puducherry,Karaikal,12.3316,80.4533,Rice / Paddy,15.0,1.0,-15.0,-8.0,5.0,8.0,43.489999999999995,1.5,35.0,2.3,49.68,SCENARIO_ASSUMPTION,Simulated El Nino environmental shock parameters for stress testing
MODERATE_EL_NINO,Puducherry,Karaikal,12.3316,80.4533,Rice / Paddy,25.0,1.8,-30.0,-15.0,12.0,18.0,53.489999999999995,2.3,20.0,2.12,54.28,SCENARIO_ASSUMPTION,Simulated El Nino environmental shock parameters for stress testing
SEVERE_EL_NINO,Puducherry,Karaikal,12.3316,80.4533,Rice / Paddy,40.0,2.8,-50.0,-26.0,25.0,35.0,68.49,3.3,0.0,1.85,62.1,SCENARIO_ASSUMPTION,Simulated El Nino environmental shock parameters for stress testing
NORMAL,Puducherry,Mahe,11.5966,79.2683,Rice / Paddy,0.0,0.0,0.0,0.0,0.0,0.0,28.49,6.5,50.0,2.5,44.0,SCENARIO_ASSUMPTION,Simulated El Nino environmental shock parameters for stress testing
MILD_EL_NINO,Puducherry,Mahe,11.5966,79.2683,Rice / Paddy,15.0,1.0,-15.0,-8.0,5.0,8.0,43.489999999999995,7.5,35.0,2.3,47.52,SCENARIO_ASSUMPTION,Simulated El Nino environmental shock parameters for stress testing
MODERATE_EL_NINO,Puducherry,Mahe,11.5966,79.2683,Rice / Paddy,25.0,1.8,-30.0,-15.0,12.0,18.0,53.489999999999995,8.3,20.0,2.12,51.92,SCENARIO_ASSUMPTION,Simulated El Nino environmental shock parameters for stress testing
SEVERE_EL_NINO,Puducherry,Mahe,11.5966,79.2683,Rice / Paddy,40.0,2.8,-50.0,-26.0,25.0,35.0,68.49,9.3,0.0,1.85,59.4,SCENARIO_ASSUMPTION,Simulated El Nino environmental shock parameters for stress testing
NORMAL,Puducherry,Puducherry,12.6166,80.4833,Rice / Paddy,0.0,0.0,0.0,0.0,0.0,0.0,28.49,6.5,50.0,2.5,42.0,SCENARIO_ASSUMPTION,Simulated El Nino environmental shock parameters for stress testing
MILD_EL_NINO,Puducherry,Puducherry,12.6166,80.4833,Rice / Paddy,15.0,1.0,-15.0,-8.0,5.0,8.0,43.489999999999995,7.5,35.0,2.3,45.36,SCENARIO_ASSUMPTION,Simulated El Nino environmental shock parameters for stress testing
MODERATE_EL_NINO,Puducherry,Puducherry,12.6166,80.4833,Rice / Paddy,25.0,1.8,-30.0,-15.0,12.0,18.0,53.489999999999995,8.3,20.0,2.12,49.56,SCENARIO_ASSUMPTION,Simulated El Nino environmental shock parameters for stress testing
SEVERE_EL_NINO,Puducherry,Puducherry,12.6166,80.4833,Rice / Paddy,40.0,2.8,-50.0,-26.0,25.0,35.0,68.49,9.3,0.0,1.85,56.7,SCENARIO_ASSUMPTION,Simulated El Nino environmental shock parameters for stress testing
NORMAL,Puducherry,Yanam,12.4816,80.4983,Rice / Paddy,0.0,0.0,0.0,0.0,0.0,0.0,28.52,1.5,50.0,2.5,52.0,SCENARIO_ASSUMPTION,Simulated El Nino environmental shock parameters for stress testing
MILD_EL_NINO,Puducherry,Yanam,12.4816,80.4983,Rice / Paddy,15.0,1.0,-15.0,-8.0,5.0,8.0,43.519999999999996,2.5,35.0,2.3,56.16,SCENARIO_ASSUMPTION,Simulated El Nino environmental shock parameters for stress testing
MODERATE_EL_NINO,Puducherry,Yanam,12.4816,80.4983,Rice / Paddy,25.0,1.8,-30.0,-15.0,12.0,18.0,53.519999999999996,3.3,20.0,2.12,61.36,SCENARIO_ASSUMPTION,Simulated El Nino environmental shock parameters for stress testing
SEVERE_EL_NINO,Puducherry,Yanam,12.4816,80.4983,Rice / Paddy,40.0,2.8,-50.0,-26.0,25.0,35.0,68.52,4.3,0.0,1.85,70.2,SCENARIO_ASSUMPTION,Simulated El Nino environmental shock parameters for stress testing
