state_name,district_name,latitude,longitude,crop_type,area_sown_hectares,historical_production_tonnes,historical_yield_tonnes_per_hectare,swc_capacity_tonnes,fci_capacity_tonnes,cold_storage_capacity_tonnes,total_storage_capacity_tonnes,current_stock_tonnes,rainfall_deficit_pct,temp_anomaly_c,reservoir_level_pct,soil_moisture_index,population,projected_demand_tonnes_30d,food_supply_gap_tonnes,food_supply_gap_pct,vulnerable_population,current_retail_price_rs_per_kg,transport_disruption_pct,distance_to_nearest_hub_km,crop_failure_risk,food_shortage_risk,affordability_risk,logistics_risk,overall_food_security_risk,data_type,source,source_url,source_date,last_updated,confidence_level
Andhra Pradesh,Anantapur,15.9579,79.35,Rice / Paddy,86528.0,337459.0,3.9,29662.0,64662.0,2662.0,96986.0,MISSING,28.51,0.5,50.0,MISSING,4105745,36951.71,MISSING (Stock Unobserved),MISSING,1190666,51.0,MISSING,21.0,0.68,0.55,0.7,0.22,0.56,REAL / DERIVED / MODEL_OUTPUT,"DES, IMD, FCI, CWC & Census Govt of India",https://desagri.gov.in/,2023-12-31,2026-10-08,High
Andhra Pradesh,Chittoor,15.5079,79.215,Rice / Paddy,52826.0,206021.0,3.9,45183.0,45183.0,4183.0,94549.0,MISSING,28.48,2.5,50.0,MISSING,3412160,30709.44,MISSING (Stock Unobserved),MISSING,963935,49.0,MISSING,19.0,0.68,0.52,0.63,0.18,0.53,REAL / DERIVED / MODEL_OUTPUT,"DES, IMD, FCI, CWC & Census Govt of India",https://desagri.gov.in/,2023-12-31,2026-10-08,High
Andhra Pradesh,East Godavari,16.4379,79.215,Rice / Paddy,24611.0,95982.0,3.9,49092.0,69092.0,4592.0,122776.0,MISSING,28.46,2.5,50.0,MISSING,4266924,38402.32,MISSING (Stock Unobserved),MISSING,1376082,45.0,MISSING,54.0,0.68,0.69,0.5,0.88,0.69,REAL / DERIVED / MODEL_OUTPUT,"DES, IMD, FCI, CWC & Census Govt of India",https://desagri.gov.in/,2023-12-31,2026-10-08,High
Andhra Pradesh,Guntur,15.6429,79.41,Rice / Paddy,52061.0,203037.0,3.9,59514.0,89514.0,4514.0,153542.0,MISSING,28.49,5.5,50.0,MISSING,5195678,46761.1,MISSING (Stock Unobserved),MISSING,1597670,47.0,MISSING,41.0,0.68,0.63,0.57,0.62,0.63,REAL / DERIVED / MODEL_OUTPUT,"DES, IMD, FCI, CWC & Census Govt of India",https://desagri.gov.in/,2023-12-31,2026-10-08,High
Andhra Pradesh,Krishna,15.1629,80.04,Rice / Paddy,35000.0,136500.0,3.9,50064.0,40064.0,2064.0,92192.0,MISSING,28.5,1.5,50.0,MISSING,4130344,37173.1,MISSING (Stock Unobserved),MISSING,1414642,53.0,MISSING,56.0,0.68,0.78,0.77,0.92,0.77,REAL / DERIVED / MODEL_OUTPUT,"DES, IMD, FCI, CWC & Census Govt of India",https://desagri.gov.in/,2023-12-31,2026-10-08,High
Andhra Pradesh,Kurnool,16.6479,80.475,Rice / Paddy,48363.0,188615.0,3.9,51540.0,91540.0,3540.0,146620.0,MISSING,28.48,5.5,50.0,MISSING,4683875,42154.88,MISSING (Stock Unobserved),MISSING,1358323,48.0,MISSING,27.0,0.68,0.55,0.6,0.34,0.56,REAL / DERIVED / MODEL_OUTPUT,"DES, IMD, FCI, CWC & Census Govt of India",https://desagri.gov.in/,2023-12-31,2026-10-08,High
Andhra Pradesh,Prakasam,15.7329,79.575,Rice / Paddy,83778.0,326734.0,3.9,50301.0,50301.0,2301.0,102903.0,MISSING,28.5,5.5,50.0,MISSING,1675815,15082.33,MISSING (Stock Unobserved),MISSING,519502,51.0,MISSING,36.0,0.68,0.64,0.7,0.52,0.64,REAL / DERIVED / MODEL_OUTPUT,"DES, IMD, FCI, CWC & Census Govt of India",https://desagri.gov.in/,2023-12-31,2026-10-08,High
Andhra Pradesh,Srikakulam,15.1779,79.62,Rice / Paddy,49706.0,193853.0,3.9,46928.0,61928.0,2428.0,111284.0,MISSING,28.51,2.5,50.0,MISSING,1811500,16303.5,MISSING (Stock Unobserved),MISSING,529863,53.0,MISSING,20.0,0.68,0.56,0.77,0.2,0.57,REAL / DERIVED / MODEL_OUTPUT,"DES, IMD, FCI, CWC & Census Govt of India",https://desagri.gov.in/,2023-12-31,2026-10-08,High
Andhra Pradesh,Visakhapatnam,16.4829,79.095,Rice / Paddy,15835.0,61756.0,3.9,55917.0,35917.0,4417.0,96251.0,MISSING,28.49,0.5,50.0,MISSING,2653219,23878.97,MISSING (Stock Unobserved),MISSING,855663,52.0,MISSING,43.0,0.68,0.69,0.73,0.66,0.69,REAL / DERIVED / MODEL_OUTPUT,"DES, IMD, FCI, CWC & Census Govt of India",https://desagri.gov.in/,2023-12-31,2026-10-08,High
Andhra Pradesh,Vizianagaram,16.3929,80.19,Rice / Paddy,28650.0,111735.0,3.9,46418.0,86418.0,1918.0,134754.0,MISSING,28.47,4.5,50.0,MISSING,2111161,19000.45,MISSING (Stock Unobserved),MISSING,622792,51.0,MISSING,24.0,0.68,0.57,0.7,0.28,0.58,REAL / DERIVED / MODEL_OUTPUT,"DES, IMD, FCI, CWC & Census Govt of India",https://desagri.gov.in/,2023-12-31,2026-10-08,High
Andhra Pradesh,West Godavari,16.5429,80.1,Rice / Paddy,19224.0,74973.0,3.9,53810.0,63810.0,2310.0,119930.0,MISSING,28.48,6.5,50.0,MISSING,3604117,32437.05,MISSING (Stock Unobserved),MISSING,1144307,45.0,MISSING,51.0,0.68,0.67,0.5,0.82,0.67,REAL / DERIVED / MODEL_OUTPUT,"DES, IMD, FCI, CWC & Census Govt of India",https://desagri.gov.in/,2023-12-31,2026-10-08,High
Andhra Pradesh,YSR Kadapa,15.4179,80.16,Rice / Paddy,66571.0,259626.0,3.9,29587.0,69587.0,2587.0,101761.0,MISSING,28.49,6.5,50.0,MISSING,4814717,43332.45,MISSING (Stock Unobserved),MISSING,1528672,51.0,MISSING,42.0,0.68,0.67,0.7,0.64,0.67,REAL / DERIVED / MODEL_OUTPUT,"DES, IMD, FCI, CWC & Census Govt of India",https://desagri.gov.in/,2023-12-31,2026-10-08,High
Andhra Pradesh,Nellore,16.2129,80.355,Rice / Paddy,95861.0,373857.0,3.9,36794.0,36794.0,2794.0,76382.0,MISSING,28.51,0.5,50.0,MISSING,5273882,47464.94,MISSING (Stock Unobserved),MISSING,1661272,49.0,MISSING,43.0,0.68,0.66,0.63,0.66,0.66,REAL / DERIVED / MODEL_OUTPUT,"DES, IMD, FCI, CWC & Census Govt of India",https://desagri.gov.in/,2023-12-31,2026-10-08,High
Arunachal Pradesh,Changlang,27.783,94.0228,Rice / Paddy,84998.0,212495.0,2.5,20952.0,22952.0,1052.0,44956.0,MISSING,28.52,7.5,50.0,MISSING,4780498,43024.48,MISSING (Stock Unobserved),MISSING,1613418,52.0,MISSING,55.0,0.68,0.76,0.73,0.9,0.75,REAL / DERIVED / MODEL_OUTPUT,"DES, IMD, FCI, CWC & Census Govt of India",https://desagri.gov.in/,2023-12-31,2026-10-08,High
Arunachal Pradesh,East Kameng,27.603,94.5028,Rice / Paddy,15476.0,38690.0,2.5,28143.0,25143.0,1043.0,54329.0,MISSING,28.49,6.5,50.0,MISSING,1928968,17360.71,MISSING (Stock Unobserved),MISSING,641381,48.0,MISSING,57.0,0.68,0.73,0.6,0.94,0.73,REAL / DERIVED / MODEL_OUTPUT,"DES, IMD, FCI, CWC & Census Govt of India",https://desagri.gov.in/,2023-12-31,2026-10-08,High
Arunachal Pradesh,East Siang,28.788,94.8778,Rice / Paddy,55203.0,138007.0,2.5,16577.0,38577.0,1477.0,56631.0,MISSING,28.51,3.5,50.0,MISSING,1847469,16627.22,MISSING (Stock Unobserved),MISSING,535766,49.0,MISSING,25.0,0.68,0.55,0.63,0.3,0.56,REAL / DERIVED / MODEL_OUTPUT,"DES, IMD, FCI, CWC & Census Govt of India",https://desagri.gov.in/,2023-12-31,2026-10-08,High
Arunachal Pradesh,Lohit,27.753,95.3878,Rice / Paddy,87024.0,217560.0,2.5,24025.0,34025.0,525.0,58575.0,MISSING,28.51,0.5,50.0,MISSING,5170447,46534.02,MISSING (Stock Unobserved),MISSING,1525281,48.0,MISSING,30.0,0.68,0.57,0.6,0.4,0.58,REAL / DERIVED / MODEL_OUTPUT,"DES, IMD, FCI, CWC & Census Govt of India",https://desagri.gov.in/,2023-12-31,2026-10-08,High
Arunachal Pradesh,Papum Pare,27.588,95.3428,Rice / Paddy,31160.0,77900.0,2.5,19782.0,31782.0,1082.0,52646.0,MISSING,28.5,1.5,50.0,MISSING,5132774,46194.97,MISSING (Stock Unobserved),MISSING,1398680,43.0,MISSING,22.0,0.68,0.47,0.43,0.24,0.49,REAL / DERIVED / MODEL_OUTPUT,"DES, IMD, FCI, CWC & Census Govt of India",https://desagri.gov.in/,2023-12-31,2026-10-08,High
Arunachal Pradesh,Tawang,27.978,94.9078,Rice / Paddy,67110.0,167775.0,2.5,20586.0,29586.0,686.0,50858.0,MISSING,28.5,6.5,50.0,MISSING,3475638,31280.74,MISSING (Stock Unobserved),MISSING,1120893,43.0,MISSING,58.0,0.68,0.69,0.43,0.96,0.69,REAL / DERIVED / MODEL_OUTPUT,"DES, IMD, FCI, CWC & Census Govt of India",https://desagri.gov.in/,2023-12-31,2026-10-08,High
Arunachal Pradesh,Tirap,28.608,95.1328,Rice / Paddy,74770.0,186925.0,2.5,26665.0,30665.0,765.0,58095.0,MISSING,28.5,4.5,50.0,MISSING,1603675,14433.08,MISSING (Stock Unobserved),MISSING,529212,47.0,MISSING,56.0,0.68,0.72,0.57,0.92,0.72,REAL / DERIVED / MODEL_OUTPUT,"DES, IMD, FCI, CWC & Census Govt of India",https://desagri.gov.in/,2023-12-31,2026-10-08,High
Arunachal Pradesh,West Kameng,28.218,94.7878,Rice / Paddy,23512.0,58780.0,2.5,12805.0,21805.0,1305.0,35915.0,MISSING,28.48,1.5,50.0,MISSING,1885917,16973.25,MISSING (Stock Unobserved),MISSING,631782,50.0,MISSING,56.0,0.68,0.75,0.67,0.92,0.74,REAL / DERIVED / MODEL_OUTPUT,"DES, IMD, FCI, CWC & Census Govt of India",https://desagri.gov.in/,2023-12-31,2026-10-08,High
Assam,Baksa,26.7706,93.5976,Rice / Paddy,47124.0,103672.0,2.2,26315.0,30315.0,1615.0,58245.0,MISSING,28.5,6.5,50.0,MISSING,1608415,14475.74,MISSING (Stock Unobserved),MISSING,522734,45.0,MISSING,57.0,0.68,0.7,0.5,0.94,0.7,REAL / DERIVED / MODEL_OUTPUT,"DES, IMD, FCI, CWC & Census Govt of India",https://desagri.gov.in/,2023-12-31,2026-10-08,High
Assam,Barpeta,26.9056,93.0126,Rice / Paddy,35375.0,77825.0,2.2,28195.0,23195.0,1095.0,52485.0,MISSING,28.51,0.5,50.0,MISSING,2717321,24455.89,MISSING (Stock Unobserved),MISSING,754056,43.0,MISSING,25.0,0.68,0.49,0.43,0.3,0.51,REAL / DERIVED / MODEL_OUTPUT,"DES, IMD, FCI, CWC & Census Govt of India",https://desagri.gov.in/,2023-12-31,2026-10-08,High
Assam,Cachar,26.8156,92.2476,Rice / Paddy,72366.0,159205.0,2.2,14076.0,33076.0,1376.0,48528.0,MISSING,28.48,2.5,50.0,MISSING,1440787,12967.08,MISSING (Stock Unobserved),MISSING,407022,48.0,MISSING,21.0,0.68,0.52,0.6,0.22,0.53,REAL / DERIVED / MODEL_OUTPUT,"DES, IMD, FCI, CWC & Census Govt of India",https://desagri.gov.in/,2023-12-31,2026-10-08,High
Assam,Darrang,26.1106,92.6826,Rice / Paddy,58529.0,128763.0,2.2,28045.0,39045.0,945.0,68035.0,MISSING,28.48,4.5,50.0,MISSING,4453248,40079.23,MISSING (Stock Unobserved),MISSING,1324841,42.0,MISSING,42.0,0.68,0.58,0.4,0.64,0.59,REAL / DERIVED / MODEL_OUTPUT,"DES, IMD, FCI, CWC & Census Govt of India",https://desagri.gov.in/,2023-12-31,2026-10-08,High
Assam,Dhubri,25.6306,92.6826,Rice / Paddy,47748.0,105045.0,2.2,28008.0,22008.0,908.0,50924.0,MISSING,28.52,6.5,50.0,MISSING,1393828,12544.45,MISSING (Stock Unobserved),MISSING,386787,42.0,MISSING,27.0,0.68,0.49,0.4,0.34,0.51,REAL / DERIVED / MODEL_OUTPUT,"DES, IMD, FCI, CWC & Census Govt of India",https://desagri.gov.in/,2023-12-31,2026-10-08,High
Assam,Dibrugarh,26.0806,93.5076,Rice / Paddy,91257.0,200765.0,2.2,16240.0,35240.0,1140.0,52620.0,MISSING,28.5,7.5,50.0,MISSING,1557515,14017.64,MISSING (Stock Unobserved),MISSING,455573,46.0,MISSING,31.0,0.68,0.56,0.53,0.42,0.57,REAL / DERIVED / MODEL_OUTPUT,"DES, IMD, FCI, CWC & Census Govt of India",https://desagri.gov.in/,2023-12-31,2026-10-08,High
Assam,Goalpara,26.7106,92.8176,Rice / Paddy,58249.0,128147.0,2.2,17181.0,23181.0,881.0,41243.0,MISSING,28.5,5.5,50.0,MISSING,3380835,30427.51,MISSING (Stock Unobserved),MISSING,963537,50.0,MISSING,20.0,0.68,0.53,0.67,0.2,0.54,REAL / DERIVED / MODEL_OUTPUT,"DES, IMD, FCI, CWC & Census Govt of India",https://desagri.gov.in/,2023-12-31,2026-10-08,High
Assam,Golaghat,25.7506,92.2926,Rice / Paddy,73837.0,162441.0,2.2,23166.0,18166.0,866.0,42198.0,MISSING,28.52,4.5,50.0,MISSING,2985341,26868.07,MISSING (Stock Unobserved),MISSING,1037405,53.0,MISSING,59.0,0.68,0.8,0.77,0.98,0.79,REAL / DERIVED / MODEL_OUTPUT,"DES, IMD, FCI, CWC & Census Govt of India",https://desagri.gov.in/,2023-12-31,2026-10-08,High
Assam,Jorhat,26.3056,92.3226,Rice / Paddy,77761.0,171074.0,2.2,29493.0,15493.0,1193.0,46179.0,MISSING,28.48,5.5,50.0,MISSING,1993641,17942.77,MISSING (Stock Unobserved),MISSING,583139,46.0,MISSING,31.0,0.68,0.56,0.53,0.42,0.57,REAL / DERIVED / MODEL_OUTPUT,"DES, IMD, FCI, CWC & Census Govt of India",https://desagri.gov.in/,2023-12-31,2026-10-08,High
Assam,Kamrup,26.6956,93.1026,Rice / Paddy,30665.0,67463.0,2.2,29939.0,21939.0,1639.0,53517.0,MISSING,28.51,6.5,50.0,MISSING,3278801,29509.21,MISSING (Stock Unobserved),MISSING,901670,48.0,MISSING,15.0,0.68,0.48,0.6,0.1,0.5,REAL / DERIVED / MODEL_OUTPUT,"DES, IMD, FCI, CWC & Census Govt of India",https://desagri.gov.in/,2023-12-31,2026-10-08,High
Assam,Kamrup Metropolitan,25.9306,93.6126,Rice / Paddy,45200.0,99440.0,2.2,24742.0,15742.0,1242.0,41726.0,MISSING,28.48,3.5,50.0,MISSING,2276675,20490.08,MISSING (Stock Unobserved),MISSING,705769,52.0,MISSING,34.0,0.68,0.64,0.73,0.48,0.64,REAL / DERIVED / MODEL_OUTPUT,"DES, IMD, FCI, CWC & Census Govt of India",https://desagri.gov.in/,2023-12-31,2026-10-08,High
Assam,Karbi Anglong,26.4706,93.1776,Rice / Paddy,51571.0,113456.0,2.2,20284.0,27284.0,1584.0,49152.0,MISSING,28.52,7.5,50.0,MISSING,3374682,30372.14,MISSING (Stock Unobserved),MISSING,1172701,53.0,MISSING,59.0,0.68,0.8,0.77,0.98,0.79,REAL / DERIVED / MODEL_OUTPUT,"DES, IMD, FCI, CWC & Census Govt of India",https://desagri.gov.in/,2023-12-31,2026-10-08,High
Assam,Karimganj,25.8406,92.8626,Rice / Paddy,90184.0,198404.0,2.2,13300.0,29300.0,600.0,43200.0,MISSING,28.49,5.5,50.0,MISSING,3446006,31014.05,MISSING (Stock Unobserved),MISSING,1085491,50.0,MISSING,41.0,0.68,0.66,0.67,0.62,0.66,REAL / DERIVED / MODEL_OUTPUT,"DES, IMD, FCI, CWC & Census Govt of India",https://desagri.gov.in/,2023-12-31,2026-10-08,High
Assam,Kokrajhar,25.4806,92.7126,Rice / Paddy,27627.0,60779.0,2.2,23411.0,34411.0,1111.0,58933.0,MISSING,28.49,6.5,50.0,MISSING,3641742,32775.68,MISSING (Stock Unobserved),MISSING,1210879,48.0,MISSING,57.0,0.68,0.73,0.6,0.94,0.73,REAL / DERIVED / MODEL_OUTPUT,"DES, IMD, FCI, CWC & Census Govt of India",https://desagri.gov.in/,2023-12-31,2026-10-08,High
Assam,Nagaon,25.5256,93.5976,Rice / Paddy,84801.0,186562.0,2.2,15705.0,31705.0,605.0,48015.0,MISSING,28.5,1.5,50.0,MISSING,4625864,41632.78,MISSING (Stock Unobserved),MISSING,1422453,50.0,MISSING,35.0,0.68,0.62,0.67,0.5,0.63,REAL / DERIVED / MODEL_OUTPUT,"DES, IMD, FCI, CWC & Census Govt of India",https://desagri.gov.in/,2023-12-31,2026-10-08,High
Assam,Sivasagar,26.7556,93.3426,Rice / Paddy,45119.0,99261.0,2.2,24983.0,25983.0,1483.0,52449.0,MISSING,28.49,3.5,50.0,MISSING,3287652,29588.87,MISSING (Stock Unobserved),MISSING,912323,43.0,MISSING,25.0,0.68,0.49,0.43,0.3,0.51,REAL / DERIVED / MODEL_OUTPUT,"DES, IMD, FCI, CWC & Census Govt of India",https://desagri.gov.in/,2023-12-31,2026-10-08,High
Assam,Sonitpur,26.8306,92.3826,Rice / Paddy,81286.0,178829.0,2.2,28416.0,20416.0,1316.0,50148.0,MISSING,28.5,1.5,50.0,MISSING,3058870,27529.83,MISSING (Stock Unobserved),MISSING,864130,50.0,MISSING,17.0,0.68,0.52,0.67,0.14,0.53,REAL / DERIVED / MODEL_OUTPUT,"DES, IMD, FCI, CWC & Census Govt of India",https://desagri.gov.in/,2023-12-31,2026-10-08,High
Assam,Tinsukia,26.5606,93.6576,Rice / Paddy,100323.0,220710.0,2.2,14909.0,24909.0,1009.0,40827.0,MISSING,28.5,6.5,50.0,MISSING,4529362,40764.26,MISSING (Stock Unobserved),MISSING,1370132,49.0,MISSING,34.0,0.68,0.6,0.63,0.48,0.61,REAL / DERIVED / MODEL_OUTPUT,"DES, IMD, FCI, CWC & Census Govt of India",https://desagri.gov.in/,2023-12-31,2026-10-08,High
Bihar,Araria,25.3661,85.7481,Rice / Paddy,98250.0,235800.0,2.4,15663.0,17663.0,563.0,33889.0,MISSING,28.52,2.5,50.0,MISSING,2821618,25394.56,MISSING (Stock Unobserved),MISSING,768890,45.0,MISSING,18.0,0.68,0.47,0.5,0.16,0.49,REAL / DERIVED / MODEL_OUTPUT,"DES, IMD, FCI, CWC & Census Govt of India",https://desagri.gov.in/,2023-12-31,2026-10-08,High
Bihar,Aurangabad,25.6361,85.9881,Rice / Paddy,68382.0,164116.0,2.4,15908.0,39908.0,808.0,56624.0,MISSING,28.51,5.5,50.0,MISSING,2328172,20953.55,MISSING (Stock Unobserved),MISSING,727553,53.0,MISSING,35.0,0.68,0.65,0.77,0.5,0.65,REAL / DERIVED / MODEL_OUTPUT,"DES, IMD, FCI, CWC & Census Govt of India",https://desagri.gov.in/,2023-12-31,2026-10-08,High
Bihar,Banka,25.2011,85.7631,Rice / Paddy,72644.0,174345.0,2.4,27680.0,30680.0,580.0,58940.0,MISSING,28.49,7.5,50.0,MISSING,4490721,40416.49,MISSING (Stock Unobserved),MISSING,1302309,53.0,MISSING,17.0,0.68,0.55,0.77,0.14,0.56,REAL / DERIVED / MODEL_OUTPUT,"DES, IMD, FCI, CWC & Census Govt of India",https://desagri.gov.in/,2023-12-31,2026-10-08,High
Bihar,Begusarai,24.9611,84.6381,Rice / Paddy,63584.0,152601.0,2.4,23211.0,23211.0,911.0,47333.0,MISSING,28.53,0.5,50.0,MISSING,1974350,17769.15,MISSING (Stock Unobserved),MISSING,533074,42.0,MISSING,21.0,0.68,0.46,0.4,0.22,0.48,REAL / DERIVED / MODEL_OUTPUT,"DES, IMD, FCI, CWC & Census Govt of India",https://desagri.gov.in/,2023-12-31,2026-10-08,High
Bihar,Bhagalpur,25.6511,84.6381,Rice / Paddy,19866.0,47678.0,2.4,21627.0,28627.0,527.0,50781.0,MISSING,28.49,5.5,50.0,MISSING,1356411,12207.7,MISSING (Stock Unobserved),MISSING,410314,44.0,MISSING,41.0,0.68,0.6,0.47,0.62,0.61,REAL / DERIVED / MODEL_OUTPUT,"DES, IMD, FCI, CWC & Census Govt of India",https://desagri.gov.in/,2023-12-31,2026-10-08,High
Bihar,Bhojpur,25.8011,84.8631,Rice / Paddy,56332.0,135196.0,2.4,18297.0,18297.0,797.0,37391.0,MISSING,28.51,0.5,50.0,MISSING,2344135,21097.22,MISSING (Stock Unobserved),MISSING,773564,47.0,MISSING,56.0,0.68,0.72,0.57,0.92,0.72,REAL / DERIVED / MODEL_OUTPUT,"DES, IMD, FCI, CWC & Census Govt of India",https://desagri.gov.in/,2023-12-31,2026-10-08,High
Bihar,Buxar,24.6011,85.9581,Rice / Paddy,75166.0,180398.0,2.4,18274.0,30274.0,774.0,49322.0,MISSING,28.48,3.5,50.0,MISSING,4456443,40107.99,MISSING (Stock Unobserved),MISSING,1470626,53.0,MISSING,47.0,0.68,0.72,0.77,0.74,0.72,REAL / DERIVED / MODEL_OUTPUT,"DES, IMD, FCI, CWC & Census Govt of India",https://desagri.gov.in/,2023-12-31,2026-10-08,High
Bihar,Darbhanga,25.6061,85.8681,Rice / Paddy,46643.0,111943.0,2.4,27869.0,34869.0,769.0,63507.0,MISSING,28.51,2.5,50.0,MISSING,1963974,17675.77,MISSING (Stock Unobserved),MISSING,520453,42.0,MISSING,18.0,0.68,0.44,0.4,0.16,0.46,REAL / DERIVED / MODEL_OUTPUT,"DES, IMD, FCI, CWC & Census Govt of India",https://desagri.gov.in/,2023-12-31,2026-10-08,High
Bihar,Gaya,24.3611,85.7931,Rice / Paddy,39335.0,94404.0,2.4,13577.0,17577.0,877.0,32031.0,MISSING,28.52,0.5,50.0,MISSING,2240897,20168.07,MISSING (Stock Unobserved),MISSING,655462,45.0,MISSING,33.0,0.68,0.56,0.5,0.46,0.57,REAL / DERIVED / MODEL_OUTPUT,"DES, IMD, FCI, CWC & Census Govt of India",https://desagri.gov.in/,2023-12-31,2026-10-08,High
Bihar,Gopalganj,24.8711,85.5531,Rice / Paddy,28980.0,69552.0,2.4,16194.0,31194.0,1094.0,48482.0,MISSING,28.5,6.5,50.0,MISSING,4969656,44726.9,MISSING (Stock Unobserved),MISSING,1503320,52.0,MISSING,28.0,0.68,0.6,0.73,0.36,0.61,REAL / DERIVED / MODEL_OUTPUT,"DES, IMD, FCI, CWC & Census Govt of India",https://desagri.gov.in/,2023-12-31,2026-10-08,High
Bihar,Jamui,24.6911,85.3431,Rice / Paddy,72075.0,172980.0,2.4,26731.0,39731.0,831.0,67293.0,MISSING,28.48,4.5,50.0,MISSING,4643029,41787.26,MISSING (Stock Unobserved),MISSING,1323263,51.0,MISSING,18.0,0.68,0.53,0.7,0.16,0.54,REAL / DERIVED / MODEL_OUTPUT,"DES, IMD, FCI, CWC & Census Govt of India",https://desagri.gov.in/,2023-12-31,2026-10-08,High
Bihar,Jehanabad,25.2461,85.5681,Rice / Paddy,19190.0,46056.0,2.4,24632.0,21632.0,1132.0,47396.0,MISSING,28.5,4.5,50.0,MISSING,2901280,26111.52,MISSING (Stock Unobserved),MISSING,950169,53.0,MISSING,44.0,0.68,0.71,0.77,0.68,0.71,REAL / DERIVED / MODEL_OUTPUT,"DES, IMD, FCI, CWC & Census Govt of India",https://desagri.gov.in/,2023-12-31,2026-10-08,High
Bihar,Katihar,24.6761,86.0181,Rice / Paddy,28106.0,67454.0,2.4,21133.0,34133.0,1233.0,56499.0,MISSING,28.51,0.5,50.0,MISSING,4821035,43389.32,MISSING (Stock Unobserved),MISSING,1518626,42.0,MISSING,54.0,0.68,0.66,0.4,0.88,0.66,REAL / DERIVED / MODEL_OUTPUT,"DES, IMD, FCI, CWC & Census Govt of India",https://desagri.gov.in/,2023-12-31,2026-10-08,High
Bihar,Khagaria,25.3811,85.5531,Rice / Paddy,35980.0,86352.0,2.4,16291.0,22291.0,1191.0,39773.0,MISSING,28.49,4.5,50.0,MISSING,2947343,26526.09,MISSING (Stock Unobserved),MISSING,935781,44.0,MISSING,53.0,0.68,0.67,0.47,0.86,0.67,REAL / DERIVED / MODEL_OUTPUT,"DES, IMD, FCI, CWC & Census Govt of India",https://desagri.gov.in/,2023-12-31,2026-10-08,High
Bihar,KishanGanj,25.3961,85.7931,Rice / Paddy,48750.0,117000.0,2.4,14167.0,27167.0,1467.0,42801.0,MISSING,28.5,7.5,50.0,MISSING,4637740,41739.66,MISSING (Stock Unobserved),MISSING,1495671,49.0,MISSING,49.0,0.68,0.7,0.63,0.78,0.69,REAL / DERIVED / MODEL_OUTPUT,"DES, IMD, FCI, CWC & Census Govt of India",https://desagri.gov.in/,2023-12-31,2026-10-08,High
Bihar,Lakhisarai,24.7811,84.9681,Rice / Paddy,88594.0,212625.0,2.4,17242.0,23242.0,942.0,41426.0,MISSING,28.5,7.5,50.0,MISSING,5086394,45777.55,MISSING (Stock Unobserved),MISSING,1614930,51.0,MISSING,42.0,0.68,0.67,0.7,0.64,0.67,REAL / DERIVED / MODEL_OUTPUT,"DES, IMD, FCI, CWC & Census Govt of India",https://desagri.gov.in/,2023-12-31,2026-10-08,High
Bihar,Madhepura,25.0361,84.8481,Rice / Paddy,82489.0,197973.0,2.4,15068.0,34068.0,1168.0,50304.0,MISSING,28.51,0.5,50.0,MISSING,3068505,27616.54,MISSING (Stock Unobserved),MISSING,1027949,49.0,MISSING,58.0,0.68,0.75,0.63,0.96,0.74,REAL / DERIVED / MODEL_OUTPUT,"DES, IMD, FCI, CWC & Census Govt of India",https://desagri.gov.in/,2023-12-31,2026-10-08,High
Bihar,Madhubani,24.7061,85.8681,Rice / Paddy,43065.0,103356.0,2.4,21464.0,29464.0,1564.0,52492.0,MISSING,28.5,5.5,50.0,MISSING,2540584,22865.26,MISSING (Stock Unobserved),MISSING,768526,42.0,MISSING,45.0,0.68,0.6,0.4,0.7,0.61,REAL / DERIVED / MODEL_OUTPUT,"DES, IMD, FCI, CWC & Census Govt of India",https://desagri.gov.in/,2023-12-31,2026-10-08,High
Bihar,Munger,25.2461,84.6231,Rice / Paddy,81961.0,196706.0,2.4,26343.0,22343.0,1643.0,50329.0,MISSING,28.51,5.5,50.0,MISSING,1794053,16146.48,MISSING (Stock Unobserved),MISSING,493364,45.0,MISSING,21.0,0.68,0.49,0.5,0.22,0.5,REAL / DERIVED / MODEL_OUTPUT,"DES, IMD, FCI, CWC & Census Govt of India",https://desagri.gov.in/,2023-12-31,2026-10-08,High
Bihar,Muzaffarpur,24.5111,84.6231,Rice / Paddy,74635.0,179124.0,2.4,22063.0,16063.0,963.0,39089.0,MISSING,28.5,0.5,50.0,MISSING,3366292,30296.63,MISSING (Stock Unobserved),MISSING,967808,48.0,MISSING,24.0,0.68,0.54,0.6,0.28,0.55,REAL / DERIVED / MODEL_OUTPUT,"DES, IMD, FCI, CWC & Census Govt of India",https://desagri.gov.in/,2023-12-31,2026-10-08,High
Bihar,Nalanda,25.4261,85.1181,Rice / Paddy,26932.0,64636.0,2.4,12441.0,16441.0,941.0,29823.0,MISSING,28.49,5.5,50.0,MISSING,4988810,44899.29,MISSING (Stock Unobserved),MISSING,1359450,46.0,MISSING,16.0,0.68,0.47,0.53,0.12,0.49,REAL / DERIVED / MODEL_OUTPUT,"DES, IMD, FCI, CWC & Census Govt of India",https://desagri.gov.in/,2023-12-31,2026-10-08,High
Bihar,Nawada,24.9161,85.0881,Rice / Paddy,54395.0,130548.0,2.4,29336.0,24336.0,1036.0,54708.0,MISSING,28.51,6.5,50.0,MISSING,3758956,33830.6,MISSING (Stock Unobserved),MISSING,1268647,53.0,MISSING,53.0,0.68,0.76,0.77,0.86,0.75,REAL / DERIVED / MODEL_OUTPUT,"DES, IMD, FCI, CWC & Census Govt of India",https://desagri.gov.in/,2023-12-31,2026-10-08,High
Bihar,Pashchim Champaran,24.6011,85.4481,Rice / Paddy,22105.0,53052.0,2.4,25495.0,36495.0,795.0,62785.0,MISSING,28.5,2.5,50.0,MISSING,1921400,17292.6,MISSING (Stock Unobserved),MISSING,537992,47.0,MISSING,20.0,0.68,0.5,0.57,0.2,0.52,REAL / DERIVED / MODEL_OUTPUT,"DES, IMD, FCI, CWC & Census Govt of India",https://desagri.gov.in/,2023-12-31,2026-10-08,High
Bihar,Patna,25.5941,85.1376,Rice / Paddy,69952.0,167884.0,2.4,14906.0,23906.0,1006.0,39818.0,MISSING,28.49,0.5,50.0,MISSING,2112825,19015.42,MISSING (Stock Unobserved),MISSING,639129,51.0,MISSING,30.0,0.68,0.6,0.7,0.4,0.61,REAL / DERIVED / MODEL_OUTPUT,"DES, IMD, FCI, CWC & Census Govt of India",https://desagri.gov.in/,2023-12-31,2026-10-08,High
Bihar,Purba Champaran,25.4411,85.0281,Rice / Paddy,90382.0,216916.0,2.4,21435.0,22435.0,1535.0,45405.0,MISSING,28.52,4.5,50.0,MISSING,3005384,27048.46,MISSING (Stock Unobserved),MISSING,909128,44.0,MISSING,41.0,0.68,0.6,0.47,0.62,0.61,REAL / DERIVED / MODEL_OUTPUT,"DES, IMD, FCI, CWC & Census Govt of India",https://desagri.gov.in/,2023-12-31,2026-10-08,High
Bihar,Purnia,25.1861,85.6581,Rice / Paddy,70432.0,169036.0,2.4,21036.0,25036.0,1136.0,47208.0,MISSING,28.51,2.5,50.0,MISSING,4200019,37800.17,MISSING (Stock Unobserved),MISSING,1144505,42.0,MISSING,24.0,0.68,0.48,0.4,0.28,0.49,REAL / DERIVED / MODEL_OUTPUT,"DES, IMD, FCI, CWC & Census Govt of India",https://desagri.gov.in/,2023-12-31,2026-10-08,High
Bihar,Rohtas,25.2011,84.8931,Rice / Paddy,31397.0,75352.0,2.4,15929.0,37929.0,829.0,54687.0,MISSING,28.51,4.5,50.0,MISSING,3625742,32631.68,MISSING (Stock Unobserved),MISSING,969885,44.0,MISSING,17.0,0.68,0.46,0.47,0.14,0.47,REAL / DERIVED / MODEL_OUTPUT,"DES, IMD, FCI, CWC & Census Govt of India",https://desagri.gov.in/,2023-12-31,2026-10-08,High
Bihar,Saharsa,25.5311,84.6081,Rice / Paddy,75786.0,181886.0,2.4,24778.0,15778.0,1278.0,41834.0,MISSING,28.5,7.5,50.0,MISSING,3226670,29040.03,MISSING (Stock Unobserved),MISSING,984134,52.0,MISSING,31.0,0.68,0.62,0.73,0.42,0.62,REAL / DERIVED / MODEL_OUTPUT,"DES, IMD, FCI, CWC & Census Govt of India",https://desagri.gov.in/,2023-12-31,2026-10-08,High
Bihar,Samastipur,25.0661,85.2681,Rice / Paddy,98044.0,235305.0,2.4,14181.0,22181.0,1481.0,37843.0,MISSING,28.5,5.5,50.0,MISSING,4321988,38897.89,MISSING (Stock Unobserved),MISSING,1296596,47.0,MISSING,35.0,0.68,0.59,0.57,0.5,0.6,REAL / DERIVED / MODEL_OUTPUT,"DES, IMD, FCI, CWC & Census Govt of India",https://desagri.gov.in/,2023-12-31,2026-10-08,High
Bihar,Saran,25.0961,85.0431,Rice / Paddy,49212.0,118108.0,2.4,29413.0,19413.0,1113.0,49939.0,MISSING,28.51,7.5,50.0,MISSING,2104245,18938.21,MISSING (Stock Unobserved),MISSING,578667,45.0,MISSING,21.0,0.68,0.49,0.5,0.22,0.5,REAL / DERIVED / MODEL_OUTPUT,"DES, IMD, FCI, CWC & Census Govt of India",https://desagri.gov.in/,2023-12-31,2026-10-08,High
Bihar,Sheikhpura,24.6761,84.9531,Rice / Paddy,45179.0,108429.0,2.4,23486.0,21486.0,1186.0,46158.0,MISSING,28.52,7.5,50.0,MISSING,1391491,12523.42,MISSING (Stock Unobserved),MISSING,448755,52.0,MISSING,43.0,0.68,0.69,0.73,0.66,0.69,REAL / DERIVED / MODEL_OUTPUT,"DES, IMD, FCI, CWC & Census Govt of India",https://desagri.gov.in/,2023-12-31,2026-10-08,High
Bihar,Sheohar,25.4711,85.5831,Rice / Paddy,84018.0,201643.0,2.4,27062.0,21062.0,1162.0,49286.0,MISSING,28.51,3.5,50.0,MISSING,3534883,31813.95,MISSING (Stock Unobserved),MISSING,1042790,48.0,MISSING,30.0,0.68,0.57,0.6,0.4,0.58,REAL / DERIVED / MODEL_OUTPUT,"DES, IMD, FCI, CWC & Census Govt of India",https://desagri.gov.in/,2023-12-31,2026-10-08,High
Bihar,Sitamarhi,24.9161,85.0131,Rice / Paddy,95043.0,228103.0,2.4,19145.0,28145.0,1645.0,48935.0,MISSING,28.51,6.5,50.0,MISSING,4626207,41635.86,MISSING (Stock Unobserved),MISSING,1260641,42.0,MISSING,24.0,0.68,0.48,0.4,0.28,0.49,REAL / DERIVED / MODEL_OUTPUT,"DES, IMD, FCI, CWC & Census Govt of India",https://desagri.gov.in/,2023-12-31,2026-10-08,High
Bihar,Siwan,25.2761,84.5781,Rice / Paddy,80056.0,192134.0,2.4,13751.0,26751.0,1051.0,41553.0,MISSING,28.53,1.5,50.0,MISSING,4598491,41386.42,MISSING (Stock Unobserved),MISSING,1517502,46.0,MISSING,58.0,0.68,0.72,0.53,0.96,0.72,REAL / DERIVED / MODEL_OUTPUT,"DES, IMD, FCI, CWC & Census Govt of India",https://desagri.gov.in/,2023-12-31,2026-10-08,High
Bihar,Supaul,24.3911,85.3281,Rice / Paddy,65502.0,157204.0,2.4,19456.0,23456.0,756.0,43668.0,MISSING,28.5,5.5,50.0,MISSING,2283563,20552.07,MISSING (Stock Unobserved),MISSING,742157,45.0,MISSING,57.0,0.68,0.7,0.5,0.94,0.7,REAL / DERIVED / MODEL_OUTPUT,"DES, IMD, FCI, CWC & Census Govt of India",https://desagri.gov.in/,2023-12-31,2026-10-08,High
Bihar,Vaishali,25.2611,85.6281,Rice / Paddy,93652.0,224764.0,2.4,26202.0,17202.0,1502.0,44906.0,MISSING,28.47,3.5,50.0,MISSING,1787222,16085.0,MISSING (Stock Unobserved),MISSING,554038,43.0,MISSING,49.0,0.68,0.64,0.43,0.78,0.64,REAL / DERIVED / MODEL_OUTPUT,"DES, IMD, FCI, CWC & Census Govt of India",https://desagri.gov.in/,2023-12-31,2026-10-08,High
Chhattisgarh,Bastar,20.9937,82.4361,Rice / Paddy,93060.0,232650.0,2.5,27036.0,20036.0,1136.0,48208.0,MISSING,28.49,0.5,50.0,MISSING,2372201,21349.81,MISSING (Stock Unobserved),MISSING,723521,42.0,MISSING,48.0,0.68,0.62,0.4,0.76,0.62,REAL / DERIVED / MODEL_OUTPUT,"DES, IMD, FCI, CWC & Census Govt of India",https://desagri.gov.in/,2023-12-31,2026-10-08,High
Chhattisgarh,Bilaspur,21.5637,82.0311,Rice / Paddy,61798.0,154495.0,2.5,21037.0,24037.0,1137.0,46211.0,MISSING,28.51,1.5,50.0,MISSING,4440629,39965.66,MISSING (Stock Unobserved),MISSING,1243376,43.0,MISSING,28.0,0.68,0.51,0.43,0.36,0.52,REAL / DERIVED / MODEL_OUTPUT,"DES, IMD, FCI, CWC & Census Govt of India",https://desagri.gov.in/,2023-12-31,2026-10-08,High
Chhattisgarh,Dantewada,20.5737,82.4211,Rice / Paddy,54191.0,135477.0,2.5,15296.0,34296.0,1396.0,50988.0,MISSING,28.51,7.5,50.0,MISSING,4436183,39925.65,MISSING (Stock Unobserved),MISSING,1175588,42.0,MISSING,18.0,0.68,0.44,0.4,0.16,0.46,REAL / DERIVED / MODEL_OUTPUT,"DES, IMD, FCI, CWC & Census Govt of India",https://desagri.gov.in/,2023-12-31,2026-10-08,High
Chhattisgarh,Dhamtari,21.6387,81.3411,Rice / Paddy,87781.0,219452.0,2.5,22106.0,30106.0,1006.0,53218.0,MISSING,28.48,5.5,50.0,MISSING,1436726,12930.53,MISSING (Stock Unobserved),MISSING,384324,44.0,MISSING,17.0,0.68,0.46,0.47,0.14,0.47,REAL / DERIVED / MODEL_OUTPUT,"DES, IMD, FCI, CWC & Census Govt of India",https://desagri.gov.in/,2023-12-31,2026-10-08,High
Chhattisgarh,Durg,21.8487,81.7311,Rice / Paddy,23282.0,58205.0,2.5,27724.0,25724.0,624.0,54072.0,MISSING,28.51,2.5,50.0,MISSING,2167532,19507.79,MISSING (Stock Unobserved),MISSING,726123,53.0,MISSING,50.0,0.68,0.74,0.77,0.8,0.74,REAL / DERIVED / MODEL_OUTPUT,"DES, IMD, FCI, CWC & Census Govt of India",https://desagri.gov.in/,2023-12-31,2026-10-08,High
Chhattisgarh,Janjgir-Champa,21.6087,82.4361,Rice / Paddy,32097.0,80242.0,2.5,17016.0,39016.0,716.0,56748.0,MISSING,28.52,1.5,50.0,MISSING,4610113,41491.02,MISSING (Stock Unobserved),MISSING,1336932,44.0,MISSING,32.0,0.68,0.55,0.47,0.44,0.56,REAL / DERIVED / MODEL_OUTPUT,"DES, IMD, FCI, CWC & Census Govt of India",https://desagri.gov.in/,2023-12-31,2026-10-08,High
Chhattisgarh,Jashpur,21.1887,81.8361,Rice / Paddy,47565.0,118912.0,2.5,26753.0,33753.0,853.0,61359.0,MISSING,28.52,7.5,50.0,MISSING,2851391,25662.52,MISSING (Stock Unobserved),MISSING,862545,51.0,MISSING,30.0,0.68,0.6,0.7,0.4,0.61,REAL / DERIVED / MODEL_OUTPUT,"DES, IMD, FCI, CWC & Census Govt of India",https://desagri.gov.in/,2023-12-31,2026-10-08,High
Chhattisgarh,Kanker,21.5787,81.7611,Rice / Paddy,21813.0,54532.0,2.5,29993.0,20993.0,1693.0,52679.0,MISSING,28.5,6.5,50.0,MISSING,2072635,18653.72,MISSING (Stock Unobserved),MISSING,668424,49.0,MISSING,49.0,0.68,0.7,0.63,0.78,0.69,REAL / DERIVED / MODEL_OUTPUT,"DES, IMD, FCI, CWC & Census Govt of India",https://desagri.gov.in/,2023-12-31,2026-10-08,High
Chhattisgarh,Korba,20.6787,81.2661,Rice / Paddy,82781.0,206952.0,2.5,19824.0,23824.0,1124.0,44772.0,MISSING,28.5,3.5,50.0,MISSING,4943856,44494.7,MISSING (Stock Unobserved),MISSING,1433718,44.0,MISSING,32.0,0.68,0.55,0.47,0.44,0.56,REAL / DERIVED / MODEL_OUTPUT,"DES, IMD, FCI, CWC & Census Govt of India",https://desagri.gov.in/,2023-12-31,2026-10-08,High
Chhattisgarh,Koriya,21.2787,81.9861,Rice / Paddy,15641.0,39102.0,2.5,24496.0,19496.0,996.0,44988.0,MISSING,28.51,2.5,50.0,MISSING,2912020,26208.18,MISSING (Stock Unobserved),MISSING,982806,52.0,MISSING,55.0,0.68,0.76,0.73,0.9,0.75,REAL / DERIVED / MODEL_OUTPUT,"DES, IMD, FCI, CWC & Census Govt of India",https://desagri.gov.in/,2023-12-31,2026-10-08,High
Chhattisgarh,Mahasamund,20.9937,81.9711,Rice / Paddy,42916.0,107290.0,2.5,20842.0,20842.0,942.0,42626.0,MISSING,28.49,7.5,50.0,MISSING,3157670,28419.03,MISSING (Stock Unobserved),MISSING,892041,50.0,MISSING,17.0,0.68,0.52,0.67,0.14,0.53,REAL / DERIVED / MODEL_OUTPUT,"DES, IMD, FCI, CWC & Census Govt of India",https://desagri.gov.in/,2023-12-31,2026-10-08,High
Chhattisgarh,Raigarh,20.6337,81.8661,Rice / Paddy,37196.0,92990.0,2.5,25596.0,27596.0,896.0,54088.0,MISSING,28.5,0.5,50.0,MISSING,5129895,46169.06,MISSING (Stock Unobserved),MISSING,1603092,52.0,MISSING,37.0,0.68,0.65,0.73,0.54,0.65,REAL / DERIVED / MODEL_OUTPUT,"DES, IMD, FCI, CWC & Census Govt of India",https://desagri.gov.in/,2023-12-31,2026-10-08,High
Chhattisgarh,Raipur,21.0087,81.4461,Rice / Paddy,52640.0,131600.0,2.5,28459.0,22459.0,1359.0,52277.0,MISSING,28.5,6.5,50.0,MISSING,3394035,30546.31,MISSING (Stock Unobserved),MISSING,1035180,44.0,MISSING,44.0,0.68,0.62,0.47,0.68,0.62,REAL / DERIVED / MODEL_OUTPUT,"DES, IMD, FCI, CWC & Census Govt of India",https://desagri.gov.in/,2023-12-31,2026-10-08,High
Chhattisgarh,Rajnandgaon,21.0087,81.4311,Rice / Paddy,88339.0,220847.0,2.5,22018.0,36018.0,918.0,58954.0,MISSING,28.53,5.5,50.0,MISSING,1965150,17686.35,MISSING (Stock Unobserved),MISSING,584632,45.0,MISSING,36.0,0.68,0.58,0.5,0.52,0.59,REAL / DERIVED / MODEL_OUTPUT,"DES, IMD, FCI, CWC & Census Govt of India",https://desagri.gov.in/,2023-12-31,2026-10-08,High
Chhattisgarh,Surguja,20.7387,82.1811,Rice / Paddy,88380.0,220950.0,2.5,20660.0,28660.0,760.0,50080.0,MISSING,28.49,7.5,50.0,MISSING,4403288,39629.59,MISSING (Stock Unobserved),MISSING,1365019,49.0,MISSING,40.0,0.68,0.64,0.63,0.6,0.64,REAL / DERIVED / MODEL_OUTPUT,"DES, IMD, FCI, CWC & Census Govt of India",https://desagri.gov.in/,2023-12-31,2026-10-08,High
Goa,North Goa,15.2393,74.829,Rice / Paddy,68017.0,170042.0,2.5,29704.0,32704.0,1404.0,63812.0,MISSING,28.49,3.5,50.0,MISSING,3676668,33090.01,MISSING (Stock Unobserved),MISSING,1167342,51.0,MISSING,42.0,0.68,0.67,0.7,0.64,0.67,REAL / DERIVED / MODEL_OUTPUT,"DES, IMD, FCI, CWC & Census Govt of India",https://desagri.gov.in/,2023-12-31,2026-10-08,High
Goa,South Goa,15.5693,74.784,Rice / Paddy,99337.0,248342.0,2.5,20151.0,34151.0,1451.0,55753.0,MISSING,28.52,0.5,50.0,MISSING,2057481,18517.33,MISSING (Stock Unobserved),MISSING,565807,48.0,MISSING,15.0,0.68,0.48,0.6,0.1,0.5,REAL / DERIVED / MODEL_OUTPUT,"DES, IMD, FCI, CWC & Census Govt of India",https://desagri.gov.in/,2023-12-31,2026-10-08,High
Gujarat,Ahmedabad,23.0225,72.5714,Wheat,44372.0,141990.0,3.2,54481.0,54481.0,4481.0,113443.0,MISSING,28.5,3.5,50.0,MISSING,3025100,27225.9,MISSING (Stock Unobserved),MISSING,824339,45.0,MISSING,18.0,0.68,0.47,0.5,0.16,0.49,REAL / DERIVED / MODEL_OUTPUT,"DES, IMD, FCI, CWC & Census Govt of India",https://desagri.gov.in/,2023-12-31,2026-10-08,High
Gujarat,Amreli,22.0937,71.2224,Wheat,18941.0,60611.0,3.2,40442.0,84442.0,9442.0,134326.0,MISSING,28.52,6.5,50.0,MISSING,4191488,37723.39,MISSING (Stock Unobserved),MISSING,1362233,47.0,MISSING,53.0,0.68,0.7,0.57,0.86,0.7,REAL / DERIVED / MODEL_OUTPUT,"DES, IMD, FCI, CWC & Census Govt of India",https://desagri.gov.in/,2023-12-31,2026-10-08,High
Gujarat,Anand,22.4837,71.7924,Wheat,89560.0,286592.0,3.2,44254.0,72254.0,3754.0,120262.0,MISSING,28.5,2.5,50.0,MISSING,1352637,12173.73,MISSING (Stock Unobserved),MISSING,429462,47.0,MISSING,47.0,0.68,0.67,0.57,0.74,0.67,REAL / DERIVED / MODEL_OUTPUT,"DES, IMD, FCI, CWC & Census Govt of India",https://desagri.gov.in/,2023-12-31,2026-10-08,High
Gujarat,Banaskantha,22.7837,71.3574,Wheat,59365.0,189968.0,3.2,38776.0,72776.0,6276.0,117828.0,MISSING,28.48,0.5,50.0,MISSING,3164254,28478.29,MISSING (Stock Unobserved),MISSING,1060025,53.0,MISSING,50.0,0.68,0.74,0.77,0.8,0.74,REAL / DERIVED / MODEL_OUTPUT,"DES, IMD, FCI, CWC & Census Govt of India",https://desagri.gov.in/,2023-12-31,2026-10-08,High
Gujarat,Bharuch,21.7787,70.7124,Wheat,74653.0,238889.0,3.2,37801.0,81801.0,3801.0,123403.0,MISSING,28.51,6.5,50.0,MISSING,3876784,34891.06,MISSING (Stock Unobserved),MISSING,1289030,47.0,MISSING,59.0,0.68,0.74,0.57,0.98,0.73,REAL / DERIVED / MODEL_OUTPUT,"DES, IMD, FCI, CWC & Census Govt of India",https://desagri.gov.in/,2023-12-31,2026-10-08,High
Gujarat,Bhavnagar,22.2737,71.8974,Wheat,15967.0,51094.0,3.2,59487.0,83487.0,7987.0,150961.0,MISSING,28.49,2.5,50.0,MISSING,1366049,12294.44,MISSING (Stock Unobserved),MISSING,416644,46.0,MISSING,40.0,0.68,0.61,0.53,0.6,0.62,REAL / DERIVED / MODEL_OUTPUT,"DES, IMD, FCI, CWC & Census Govt of India",https://desagri.gov.in/,2023-12-31,2026-10-08,High
Gujarat,Dahod,22.3787,71.2824,Wheat,22762.0,72838.0,3.2,57897.0,66897.0,5897.0,130691.0,MISSING,28.46,3.5,50.0,MISSING,3603559,32432.03,MISSING (Stock Unobserved),MISSING,1063049,50.0,MISSING,26.0,0.68,0.57,0.67,0.32,0.58,REAL / DERIVED / MODEL_OUTPUT,"DES, IMD, FCI, CWC & Census Govt of India",https://desagri.gov.in/,2023-12-31,2026-10-08,High
Gujarat,Gandhinagar,22.4987,70.4574,Wheat,22766.0,72851.0,3.2,47266.0,53266.0,9266.0,109798.0,MISSING,28.48,6.5,50.0,MISSING,5007569,45068.12,MISSING (Stock Unobserved),MISSING,1502270,50.0,MISSING,29.0,0.68,0.59,0.67,0.38,0.6,REAL / DERIVED / MODEL_OUTPUT,"DES, IMD, FCI, CWC & Census Govt of India",https://desagri.gov.in/,2023-12-31,2026-10-08,High
Gujarat,Jamnagar,22.3487,70.5174,Wheat,46887.0,150038.0,3.2,40896.0,78896.0,9896.0,129688.0,MISSING,28.49,6.5,50.0,MISSING,2745580,24710.22,MISSING (Stock Unobserved),MISSING,816810,53.0,MISSING,23.0,0.68,0.58,0.77,0.26,0.59,REAL / DERIVED / MODEL_OUTPUT,"DES, IMD, FCI, CWC & Census Govt of India",https://desagri.gov.in/,2023-12-31,2026-10-08,High
Gujarat,Junagadh,21.7337,70.7274,Wheat,38631.0,123619.0,3.2,38919.0,52919.0,5419.0,97257.0,MISSING,28.48,5.5,50.0,MISSING,5218723,46968.51,MISSING (Stock Unobserved),MISSING,1461242,46.0,MISSING,22.0,0.68,0.5,0.53,0.24,0.52,REAL / DERIVED / MODEL_OUTPUT,"DES, IMD, FCI, CWC & Census Govt of India",https://desagri.gov.in/,2023-12-31,2026-10-08,High
Gujarat,Kheda,21.5387,71.2674,Wheat,44836.0,143475.0,3.2,44371.0,60371.0,4371.0,109113.0,MISSING,28.51,5.5,50.0,MISSING,2948374,26535.37,MISSING (Stock Unobserved),MISSING,840286,51.0,MISSING,18.0,0.68,0.53,0.7,0.16,0.54,REAL / DERIVED / MODEL_OUTPUT,"DES, IMD, FCI, CWC & Census Govt of India",https://desagri.gov.in/,2023-12-31,2026-10-08,High
Gujarat,Kutch,22.2737,71.6124,Wheat,81927.0,262166.0,3.2,32137.0,67137.0,9137.0,108411.0,MISSING,28.49,5.5,50.0,MISSING,2975733,26781.6,MISSING (Stock Unobserved),MISSING,885280,42.0,MISSING,42.0,0.68,0.58,0.4,0.64,0.59,REAL / DERIVED / MODEL_OUTPUT,"DES, IMD, FCI, CWC & Census Govt of India",https://desagri.gov.in/,2023-12-31,2026-10-08,High
Gujarat,Mehsana,22.9787,71.0424,Wheat,72226.0,231123.0,3.2,48875.0,59875.0,7375.0,116125.0,MISSING,28.5,7.5,50.0,MISSING,2530202,22771.82,MISSING (Stock Unobserved),MISSING,815990,44.0,MISSING,56.0,0.68,0.69,0.47,0.92,0.69,REAL / DERIVED / MODEL_OUTPUT,"DES, IMD, FCI, CWC & Census Govt of India",https://desagri.gov.in/,2023-12-31,2026-10-08,High
Gujarat,Narmada,22.4837,71.6874,Wheat,61785.0,197712.0,3.2,61772.0,61772.0,4772.0,128316.0,MISSING,28.51,1.5,50.0,MISSING,2048348,18435.13,MISSING (Stock Unobserved),MISSING,660592,51.0,MISSING,45.0,0.68,0.69,0.7,0.7,0.69,REAL / DERIVED / MODEL_OUTPUT,"DES, IMD, FCI, CWC & Census Govt of India",https://desagri.gov.in/,2023-12-31,2026-10-08,High
Gujarat,Navsari,21.8237,71.8674,Wheat,27755.0,88816.0,3.2,34947.0,71947.0,5947.0,112841.0,MISSING,28.51,1.5,50.0,MISSING,2800752,25206.77,MISSING (Stock Unobserved),MISSING,847227,48.0,MISSING,36.0,0.68,0.61,0.6,0.52,0.61,REAL / DERIVED / MODEL_OUTPUT,"DES, IMD, FCI, CWC & Census Govt of India",https://desagri.gov.in/,2023-12-31,2026-10-08,High
Gujarat,Panchmahal,22.0787,70.7274,Wheat,74725.0,239120.0,3.2,42919.0,77919.0,4919.0,125757.0,MISSING,28.48,2.5,50.0,MISSING,3577624,32198.62,MISSING (Stock Unobserved),MISSING,1010678,42.0,MISSING,30.0,0.68,0.51,0.4,0.4,0.53,REAL / DERIVED / MODEL_OUTPUT,"DES, IMD, FCI, CWC & Census Govt of India",https://desagri.gov.in/,2023-12-31,2026-10-08,High
Gujarat,Patan,21.9887,71.4174,Wheat,67683.0,216585.0,3.2,61164.0,47164.0,6664.0,114992.0,MISSING,28.48,5.5,50.0,MISSING,3028729,27258.56,MISSING (Stock Unobserved),MISSING,893475,42.0,MISSING,39.0,0.68,0.57,0.4,0.58,0.58,REAL / DERIVED / MODEL_OUTPUT,"DES, IMD, FCI, CWC & Census Govt of India",https://desagri.gov.in/,2023-12-31,2026-10-08,High
Gujarat,Porbandar,22.3037,71.7474,Wheat,93766.0,300051.0,3.2,48833.0,63833.0,8833.0,121499.0,MISSING,28.53,4.5,50.0,MISSING,2771226,24941.03,MISSING (Stock Unobserved),MISSING,810583,45.0,MISSING,33.0,0.68,0.56,0.5,0.46,0.57,REAL / DERIVED / MODEL_OUTPUT,"DES, IMD, FCI, CWC & Census Govt of India",https://desagri.gov.in/,2023-12-31,2026-10-08,High
Gujarat,Rajkot,22.0337,71.8974,Wheat,96270.0,308064.0,3.2,49541.0,39541.0,7041.0,96123.0,MISSING,28.49,4.5,50.0,MISSING,1930725,17376.53,MISSING (Stock Unobserved),MISSING,550256,43.0,MISSING,31.0,0.68,0.53,0.43,0.42,0.54,REAL / DERIVED / MODEL_OUTPUT,"DES, IMD, FCI, CWC & Census Govt of India",https://desagri.gov.in/,2023-12-31,2026-10-08,High
Gujarat,Sabarkantha,22.0187,71.7924,Wheat,24926.0,79763.0,3.2,55313.0,61313.0,7313.0,123939.0,MISSING,28.49,7.5,50.0,MISSING,4885710,43971.39,MISSING (Stock Unobserved),MISSING,1502355,50.0,MISSING,35.0,0.68,0.62,0.67,0.5,0.63,REAL / DERIVED / MODEL_OUTPUT,"DES, IMD, FCI, CWC & Census Govt of India",https://desagri.gov.in/,2023-12-31,2026-10-08,High
Gujarat,Surat,22.9937,70.9074,Wheat,91233.0,291945.0,3.2,57111.0,68111.0,4111.0,129333.0,MISSING,28.48,1.5,50.0,MISSING,3329333,29964.0,MISSING (Stock Unobserved),MISSING,1098679,52.0,MISSING,49.0,0.68,0.72,0.73,0.78,0.72,REAL / DERIVED / MODEL_OUTPUT,"DES, IMD, FCI, CWC & Census Govt of India",https://desagri.gov.in/,2023-12-31,2026-10-08,High
Gujarat,Surendranagar,21.6287,71.1624,Wheat,80301.0,256963.0,3.2,57844.0,67844.0,5844.0,131532.0,MISSING,28.5,1.5,50.0,MISSING,2503619,22532.57,MISSING (Stock Unobserved),MISSING,782380,53.0,MISSING,35.0,0.68,0.65,0.77,0.5,0.65,REAL / DERIVED / MODEL_OUTPUT,"DES, IMD, FCI, CWC & Census Govt of India",https://desagri.gov.in/,2023-12-31,2026-10-08,High
Gujarat,Tapi,22.2287,71.4024,Wheat,52037.0,166518.0,3.2,43031.0,57031.0,5031.0,105093.0,MISSING,28.5,2.5,50.0,MISSING,1787124,16084.12,MISSING (Stock Unobserved),MISSING,518265,44.0,MISSING,32.0,0.68,0.55,0.47,0.44,0.56,REAL / DERIVED / MODEL_OUTPUT,"DES, IMD, FCI, CWC & Census Govt of India",https://desagri.gov.in/,2023-12-31,2026-10-08,High
Gujarat,Vadodara,22.5287,71.4324,Wheat,96752.0,309606.0,3.2,45442.0,64442.0,9942.0,119826.0,MISSING,28.5,6.5,50.0,MISSING,3950393,35553.54,MISSING (Stock Unobserved),MISSING,1293753,44.0,MISSING,59.0,0.68,0.71,0.47,0.98,0.71,REAL / DERIVED / MODEL_OUTPUT,"DES, IMD, FCI, CWC & Census Govt of India",https://desagri.gov.in/,2023-12-31,2026-10-08,High
Gujarat,Valsad,22.8137,71.5224,Wheat,92290.0,295328.0,3.2,63438.0,63438.0,5938.0,132814.0,MISSING,28.51,3.5,50.0,MISSING,3671464,33043.18,MISSING (Stock Unobserved),MISSING,1110617,52.0,MISSING,28.0,0.68,0.6,0.73,0.36,0.61,REAL / DERIVED / MODEL_OUTPUT,"DES, IMD, FCI, CWC & Census Govt of India",https://desagri.gov.in/,2023-12-31,2026-10-08,High
Haryana,Ambala,29.2088,75.5756,Rice / Paddy,47241.0,179515.0,3.8,97275.0,122275.0,3475.0,223025.0,MISSING,28.5,7.5,50.0,MISSING,4567493,41107.44,MISSING (Stock Unobserved),MISSING,1587203,53.0,MISSING,59.0,0.68,0.8,0.77,0.98,0.79,REAL / DERIVED / MODEL_OUTPUT,"DES, IMD, FCI, CWC & Census Govt of India",https://desagri.gov.in/,2023-12-31,2026-10-08,High
Haryana,Bhiwani,29.1488,76.6256,Rice / Paddy,85198.0,323752.0,3.8,57628.0,177628.0,1328.0,236584.0,MISSING,28.5,2.5,50.0,MISSING,5052813,45475.32,MISSING (Stock Unobserved),MISSING,1579004,53.0,MISSING,35.0,0.68,0.65,0.77,0.5,0.65,REAL / DERIVED / MODEL_OUTPUT,"DES, IMD, FCI, CWC & Census Govt of India",https://desagri.gov.in/,2023-12-31,2026-10-08,High
Haryana,Faridabad,29.7638,75.4856,Rice / Paddy,59239.0,225108.0,3.8,100044.0,130044.0,1244.0,231332.0,MISSING,28.48,5.5,50.0,MISSING,1774048,15966.43,MISSING (Stock Unobserved),MISSING,496733,48.0,MISSING,18.0,0.68,0.5,0.6,0.16,0.52,REAL / DERIVED / MODEL_OUTPUT,"DES, IMD, FCI, CWC & Census Govt of India",https://desagri.gov.in/,2023-12-31,2026-10-08,High
Haryana,Fatehabad,28.9988,76.4906,Rice / Paddy,64574.0,245381.0,3.8,96691.0,91691.0,2891.0,191273.0,MISSING,28.51,4.5,50.0,MISSING,2799837,25198.53,MISSING (Stock Unobserved),MISSING,867949,52.0,MISSING,34.0,0.68,0.64,0.73,0.48,0.64,REAL / DERIVED / MODEL_OUTPUT,"DES, IMD, FCI, CWC & Census Govt of India",https://desagri.gov.in/,2023-12-31,2026-10-08,High
Haryana,Gurugram,29.3738,76.6856,Rice / Paddy,76776.0,291748.0,3.8,57018.0,157018.0,3218.0,217254.0,MISSING,28.48,6.5,50.0,MISSING,3236484,29128.36,MISSING (Stock Unobserved),MISSING,873850,42.0,MISSING,21.0,0.68,0.46,0.4,0.22,0.48,REAL / DERIVED / MODEL_OUTPUT,"DES, IMD, FCI, CWC & Census Govt of India",https://desagri.gov.in/,2023-12-31,2026-10-08,High
Haryana,Hisar,28.7138,76.0856,Rice / Paddy,28029.0,106510.0,3.8,70143.0,150143.0,1343.0,221629.0,MISSING,28.48,1.5,50.0,MISSING,2063473,18571.26,MISSING (Stock Unobserved),MISSING,593248,46.0,MISSING,28.0,0.68,0.54,0.53,0.36,0.55,REAL / DERIVED / MODEL_OUTPUT,"DES, IMD, FCI, CWC & Census Govt of India",https://desagri.gov.in/,2023-12-31,2026-10-08,High
Haryana,Jhajjar,28.8638,75.7256,Rice / Paddy,80831.0,307157.0,3.8,93608.0,143608.0,2308.0,239524.0,MISSING,28.51,2.5,50.0,MISSING,3760815,33847.33,MISSING (Stock Unobserved),MISSING,1062430,47.0,MISSING,23.0,0.68,0.52,0.57,0.26,0.53,REAL / DERIVED / MODEL_OUTPUT,"DES, IMD, FCI, CWC & Census Govt of India",https://desagri.gov.in/,2023-12-31,2026-10-08,High
Haryana,Jind,29.7938,76.0706,Rice / Paddy,61807.0,234866.0,3.8,47000.0,97000.0,3200.0,147200.0,MISSING,28.49,5.5,50.0,MISSING,2030960,18278.64,MISSING (Stock Unobserved),MISSING,629597,52.0,MISSING,34.0,0.68,0.64,0.73,0.48,0.64,REAL / DERIVED / MODEL_OUTPUT,"DES, IMD, FCI, CWC & Census Govt of India",https://desagri.gov.in/,2023-12-31,2026-10-08,High
Haryana,Kaithal,29.4188,75.8306,Rice / Paddy,79385.0,301663.0,3.8,71974.0,116974.0,3174.0,192122.0,MISSING,28.52,2.5,50.0,MISSING,3072335,27651.01,MISSING (Stock Unobserved),MISSING,960104,48.0,MISSING,42.0,0.68,0.64,0.6,0.64,0.65,REAL / DERIVED / MODEL_OUTPUT,"DES, IMD, FCI, CWC & Census Govt of India",https://desagri.gov.in/,2023-12-31,2026-10-08,High
Haryana,Karnal,28.6088,76.7006,Rice / Paddy,92519.0,351572.0,3.8,81115.0,96115.0,2315.0,179545.0,MISSING,28.49,0.5,50.0,MISSING,3900478,35104.3,MISSING (Stock Unobserved),MISSING,1326162,51.0,MISSING,57.0,0.68,0.76,0.7,0.94,0.76,REAL / DERIVED / MODEL_OUTPUT,"DES, IMD, FCI, CWC & Census Govt of India",https://desagri.gov.in/,2023-12-31,2026-10-08,High
Haryana,Kurukshetra,28.6238,76.4456,Rice / Paddy,91887.0,349170.0,3.8,62654.0,72654.0,1354.0,136662.0,MISSING,28.53,2.5,50.0,MISSING,4332174,38989.57,MISSING (Stock Unobserved),MISSING,1213008,47.0,MISSING,20.0,0.68,0.5,0.57,0.2,0.52,REAL / DERIVED / MODEL_OUTPUT,"DES, IMD, FCI, CWC & Census Govt of India",https://desagri.gov.in/,2023-12-31,2026-10-08,High
Haryana,Mahendragarh,29.1188,75.7556,Rice / Paddy,78483.0,298235.0,3.8,68860.0,83860.0,2560.0,155280.0,MISSING,28.51,0.5,50.0,MISSING,3184703,28662.33,MISSING (Stock Unobserved),MISSING,931525,45.0,MISSING,33.0,0.68,0.56,0.5,0.46,0.57,REAL / DERIVED / MODEL_OUTPUT,"DES, IMD, FCI, CWC & Census Govt of India",https://desagri.gov.in/,2023-12-31,2026-10-08,High
Haryana,Nuh,29.1938,75.9806,Rice / Paddy,50355.0,191349.0,3.8,47838.0,167838.0,1538.0,217214.0,MISSING,28.48,2.5,50.0,MISSING,4990353,44913.18,MISSING (Stock Unobserved),MISSING,1509581,51.0,MISSING,30.0,0.68,0.6,0.7,0.4,0.61,REAL / DERIVED / MODEL_OUTPUT,"DES, IMD, FCI, CWC & Census Govt of India",https://desagri.gov.in/,2023-12-31,2026-10-08,High
Haryana,Palwal,28.6838,75.5456,Rice / Paddy,83688.0,318014.0,3.8,72836.0,157836.0,1536.0,232208.0,MISSING,28.48,5.5,50.0,MISSING,4619057,41571.51,MISSING (Stock Unobserved),MISSING,1293335,45.0,MISSING,24.0,0.68,0.51,0.5,0.28,0.52,REAL / DERIVED / MODEL_OUTPUT,"DES, IMD, FCI, CWC & Census Govt of India",https://desagri.gov.in/,2023-12-31,2026-10-08,High
Haryana,Panchkula,29.0888,75.8906,Rice / Paddy,54648.0,207662.0,3.8,103030.0,183030.0,1730.0,287790.0,MISSING,28.51,5.5,50.0,MISSING,2474005,22266.04,MISSING (Stock Unobserved),MISSING,717461,52.0,MISSING,19.0,0.68,0.55,0.73,0.18,0.56,REAL / DERIVED / MODEL_OUTPUT,"DES, IMD, FCI, CWC & Census Govt of India",https://desagri.gov.in/,2023-12-31,2026-10-08,High
Haryana,Panipat,29.3588,76.2356,Rice / Paddy,75972.0,288693.0,3.8,105889.0,135889.0,2089.0,243867.0,MISSING,28.48,7.5,50.0,MISSING,2072970,18656.73,MISSING (Stock Unobserved),MISSING,601161,42.0,MISSING,36.0,0.68,0.55,0.4,0.52,0.56,REAL / DERIVED / MODEL_OUTPUT,"DES, IMD, FCI, CWC & Census Govt of India",https://desagri.gov.in/,2023-12-31,2026-10-08,High
Haryana,Rewari,28.3688,76.2206,Rice / Paddy,71052.0,269997.0,3.8,68571.0,163571.0,2271.0,234413.0,MISSING,28.51,6.5,50.0,MISSING,5258725,47328.53,MISSING (Stock Unobserved),MISSING,1459296,42.0,MISSING,27.0,0.68,0.49,0.4,0.34,0.51,REAL / DERIVED / MODEL_OUTPUT,"DES, IMD, FCI, CWC & Census Govt of India",https://desagri.gov.in/,2023-12-31,2026-10-08,High
Haryana,Rohtak,28.4288,75.3656,Rice / Paddy,27886.0,105966.0,3.8,99742.0,74742.0,3442.0,177926.0,MISSING,28.48,0.5,50.0,MISSING,5162089,46458.8,MISSING (Stock Unobserved),MISSING,1651868,46.0,MISSING,52.0,0.68,0.68,0.53,0.84,0.68,REAL / DERIVED / MODEL_OUTPUT,"DES, IMD, FCI, CWC & Census Govt of India",https://desagri.gov.in/,2023-12-31,2026-10-08,High
Haryana,Sirsa,28.6988,76.1756,Rice / Paddy,94280.0,358264.0,3.8,73234.0,168234.0,1934.0,243402.0,MISSING,28.51,3.5,50.0,MISSING,3671167,33040.5,MISSING (Stock Unobserved),MISSING,1220663,49.0,MISSING,55.0,0.68,0.73,0.63,0.9,0.73,REAL / DERIVED / MODEL_OUTPUT,"DES, IMD, FCI, CWC & Census Govt of India",https://desagri.gov.in/,2023-12-31,2026-10-08,High
Haryana,Sonipat,28.9538,76.6406,Rice / Paddy,37154.0,141185.0,3.8,109290.0,104290.0,2990.0,216570.0,MISSING,28.47,3.5,50.0,MISSING,4129097,37161.87,MISSING (Stock Unobserved),MISSING,1310988,46.0,MISSING,49.0,0.68,0.67,0.53,0.78,0.67,REAL / DERIVED / MODEL_OUTPUT,"DES, IMD, FCI, CWC & Census Govt of India",https://desagri.gov.in/,2023-12-31,2026-10-08,High
Haryana,Yamunanagar,29.4488,75.8456,Rice / Paddy,103770.0,394326.0,3.8,51033.0,81033.0,2233.0,134299.0,MISSING,28.5,3.5,50.0,MISSING,4530779,40777.01,MISSING (Stock Unobserved),MISSING,1438522,47.0,MISSING,47.0,0.68,0.67,0.57,0.74,0.67,REAL / DERIVED / MODEL_OUTPUT,"DES, IMD, FCI, CWC & Census Govt of India",https://desagri.gov.in/,2023-12-31,2026-10-08,High
Himachal Pradesh,Bilaspur,31.3898,77.5484,Rice / Paddy,61798.0,154495.0,2.5,21037.0,24037.0,1137.0,46211.0,MISSING,28.51,1.5,50.0,MISSING,4440629,39965.66,MISSING (Stock Unobserved),MISSING,1243376,43.0,MISSING,28.0,0.68,0.51,0.43,0.36,0.52,REAL / DERIVED / MODEL_OUTPUT,"DES, IMD, FCI, CWC & Census Govt of India",https://desagri.gov.in/,2023-12-31,2026-10-08,High
Himachal Pradesh,Chamba,31.6748,76.5134,Rice / Paddy,34114.0,85285.0,2.5,20987.0,16987.0,1087.0,39061.0,MISSING,28.5,3.5,50.0,MISSING,3100578,27905.2,MISSING (Stock Unobserved),MISSING,937924,44.0,MISSING,41.0,0.68,0.6,0.47,0.62,0.61,REAL / DERIVED / MODEL_OUTPUT,"DES, IMD, FCI, CWC & Census Govt of India",https://desagri.gov.in/,2023-12-31,2026-10-08,High
Himachal Pradesh,Hamirpur,31.1948,77.5784,Rice / Paddy,86375.0,215937.0,2.5,22452.0,18452.0,1352.0,42256.0,MISSING,28.53,3.5,50.0,MISSING,2736478,24628.3,MISSING (Stock Unobserved),MISSING,834625,52.0,MISSING,31.0,0.68,0.62,0.73,0.42,0.62,REAL / DERIVED / MODEL_OUTPUT,"DES, IMD, FCI, CWC & Census Govt of India",https://desagri.gov.in/,2023-12-31,2026-10-08,High
Himachal Pradesh,Kangra,30.7598,76.4834,Rice / Paddy,95214.0,238035.0,2.5,26602.0,24602.0,702.0,51906.0,MISSING,28.53,3.5,50.0,MISSING,5012181,45109.63,MISSING (Stock Unobserved),MISSING,1566306,43.0,MISSING,52.0,0.68,0.65,0.43,0.84,0.65,REAL / DERIVED / MODEL_OUTPUT,"DES, IMD, FCI, CWC & Census Govt of India",https://desagri.gov.in/,2023-12-31,2026-10-08,High
Himachal Pradesh,Kinnaur,31.6148,77.2034,Rice / Paddy,37022.0,92555.0,2.5,14096.0,38096.0,1396.0,53588.0,MISSING,28.54,6.5,50.0,MISSING,2278668,20508.01,MISSING (Stock Unobserved),MISSING,717780,49.0,MISSING,43.0,0.68,0.66,0.63,0.66,0.66,REAL / DERIVED / MODEL_OUTPUT,"DES, IMD, FCI, CWC & Census Govt of India",https://desagri.gov.in/,2023-12-31,2026-10-08,High
Himachal Pradesh,Kullu,31.1498,77.5034,Rice / Paddy,38850.0,97125.0,2.5,29949.0,23949.0,1649.0,55547.0,MISSING,28.5,2.5,50.0,MISSING,2900212,26101.91,MISSING (Stock Unobserved),MISSING,797558,45.0,MISSING,21.0,0.68,0.49,0.5,0.22,0.5,REAL / DERIVED / MODEL_OUTPUT,"DES, IMD, FCI, CWC & Census Govt of India",https://desagri.gov.in/,2023-12-31,2026-10-08,High
Himachal Pradesh,Lahaul and Spiti,31.7048,77.5934,Rice / Paddy,76726.0,191815.0,2.5,19676.0,24676.0,976.0,45328.0,MISSING,28.51,2.5,50.0,MISSING,4391649,39524.84,MISSING (Stock Unobserved),MISSING,1427285,48.0,MISSING,51.0,0.68,0.7,0.6,0.82,0.7,REAL / DERIVED / MODEL_OUTPUT,"DES, IMD, FCI, CWC & Census Govt of India",https://desagri.gov.in/,2023-12-31,2026-10-08,High
Himachal Pradesh,Mandi,30.9548,76.8284,Rice / Paddy,80485.0,201212.0,2.5,14973.0,36973.0,1073.0,53019.0,MISSING,28.51,2.5,50.0,MISSING,3041785,27376.06,MISSING (Stock Unobserved),MISSING,836490,48.0,MISSING,15.0,0.68,0.48,0.6,0.1,0.5,REAL / DERIVED / MODEL_OUTPUT,"DES, IMD, FCI, CWC & Census Govt of India",https://desagri.gov.in/,2023-12-31,2026-10-08,High
Himachal Pradesh,Shimla,30.8348,77.4434,Rice / Paddy,51896.0,129740.0,2.5,24767.0,32767.0,1267.0,58801.0,MISSING,28.47,5.5,50.0,MISSING,4504850,40543.65,MISSING (Stock Unobserved),MISSING,1452814,44.0,MISSING,56.0,0.68,0.69,0.47,0.92,0.69,REAL / DERIVED / MODEL_OUTPUT,"DES, IMD, FCI, CWC & Census Govt of India",https://desagri.gov.in/,2023-12-31,2026-10-08,High
Himachal Pradesh,Sirmaur,31.0148,77.0234,Rice / Paddy,29258.0,73145.0,2.5,20835.0,29835.0,935.0,51605.0,MISSING,28.5,2.5,50.0,MISSING,2685086,24165.77,MISSING (Stock Unobserved),MISSING,798813,44.0,MISSING,38.0,0.68,0.58,0.47,0.56,0.59,REAL / DERIVED / MODEL_OUTPUT,"DES, IMD, FCI, CWC & Census Govt of India",https://desagri.gov.in/,2023-12-31,2026-10-08,High
Himachal Pradesh,Solan,31.2548,76.6484,Rice / Paddy,73844.0,184610.0,2.5,16977.0,34977.0,677.0,52631.0,MISSING,28.5,4.5,50.0,MISSING,5248825,47239.43,MISSING (Stock Unobserved),MISSING,1469671,44.0,MISSING,26.0,0.68,0.51,0.47,0.32,0.52,REAL / DERIVED / MODEL_OUTPUT,"DES, IMD, FCI, CWC & Census Govt of India",https://desagri.gov.in/,2023-12-31,2026-10-08,High
Himachal Pradesh,Una,31.1198,76.5884,Rice / Paddy,54527.0,136317.0,2.5,24645.0,25645.0,1145.0,51435.0,MISSING,28.51,4.5,50.0,MISSING,3427100,30843.9,MISSING (Stock Unobserved),MISSING,1105239,52.0,MISSING,43.0,0.68,0.69,0.73,0.66,0.69,REAL / DERIVED / MODEL_OUTPUT,"DES, IMD, FCI, CWC & Census Govt of India",https://desagri.gov.in/,2023-12-31,2026-10-08,High
Jharkhand,Bokaro,24.0152,85.3999,Rice / Paddy,34457.0,86142.0,2.5,27918.0,23918.0,818.0,52654.0,MISSING,28.48,1.5,50.0,MISSING,1848498,16636.48,MISSING (Stock Unobserved),MISSING,619246,51.0,MISSING,54.0,0.68,0.75,0.7,0.88,0.74,REAL / DERIVED / MODEL_OUTPUT,"DES, IMD, FCI, CWC & Census Govt of India",https://desagri.gov.in/,2023-12-31,2026-10-08,High
Jharkhand,Chatra,23.9102,85.9249,Rice / Paddy,102816.0,257040.0,2.5,18132.0,27132.0,632.0,45896.0,MISSING,28.5,5.5,50.0,MISSING,3050465,27454.19,MISSING (Stock Unobserved),MISSING,983774,43.0,MISSING,58.0,0.68,0.69,0.43,0.96,0.69,REAL / DERIVED / MODEL_OUTPUT,"DES, IMD, FCI, CWC & Census Govt of India",https://desagri.gov.in/,2023-12-31,2026-10-08,High
Jharkhand,Deoghar,23.7452,85.3099,Rice / Paddy,15608.0,39020.0,2.5,25069.0,29069.0,1569.0,55707.0,MISSING,28.48,5.5,50.0,MISSING,5235803,47122.23,MISSING (Stock Unobserved),MISSING,1531472,44.0,MISSING,35.0,0.68,0.56,0.47,0.5,0.57,REAL / DERIVED / MODEL_OUTPUT,"DES, IMD, FCI, CWC & Census Govt of India",https://desagri.gov.in/,2023-12-31,2026-10-08,High
Jharkhand,Dhanbad,23.9402,85.5499,Rice / Paddy,95286.0,238215.0,2.5,19208.0,29208.0,508.0,48924.0,MISSING,28.49,7.5,50.0,MISSING,1398976,12590.78,MISSING (Stock Unobserved),MISSING,405703,51.0,MISSING,21.0,0.68,0.55,0.7,0.22,0.56,REAL / DERIVED / MODEL_OUTPUT,"DES, IMD, FCI, CWC & Census Govt of India",https://desagri.gov.in/,2023-12-31,2026-10-08,High
Jharkhand,Dumka,23.8802,85.0399,Rice / Paddy,16468.0,41170.0,2.5,29802.0,29802.0,1502.0,61106.0,MISSING,28.48,0.5,50.0,MISSING,4866734,43800.61,MISSING (Stock Unobserved),MISSING,1581688,46.0,MISSING,55.0,0.68,0.7,0.53,0.9,0.7,REAL / DERIVED / MODEL_OUTPUT,"DES, IMD, FCI, CWC & Census Govt of India",https://desagri.gov.in/,2023-12-31,2026-10-08,High
Jharkhand,East Singhbhum,22.9952,85.6549,Rice / Paddy,87348.0,218370.0,2.5,26471.0,18471.0,571.0,45513.0,MISSING,28.5,1.5,50.0,MISSING,4562295,41060.65,MISSING (Stock Unobserved),MISSING,1380094,44.0,MISSING,41.0,0.68,0.6,0.47,0.62,0.61,REAL / DERIVED / MODEL_OUTPUT,"DES, IMD, FCI, CWC & Census Govt of India",https://desagri.gov.in/,2023-12-31,2026-10-08,High
Jharkhand,Garhwa,24.0302,84.8299,Rice / Paddy,65263.0,163157.0,2.5,27976.0,17976.0,876.0,46828.0,MISSING,28.49,6.5,50.0,MISSING,4666582,41999.24,MISSING (Stock Unobserved),MISSING,1353308,49.0,MISSING,25.0,0.68,0.55,0.63,0.3,0.56,REAL / DERIVED / MODEL_OUTPUT,"DES, IMD, FCI, CWC & Census Govt of India",https://desagri.gov.in/,2023-12-31,2026-10-08,High
Jharkhand,Giridih,24.0002,84.7099,Rice / Paddy,54450.0,136125.0,2.5,20181.0,27181.0,1481.0,48843.0,MISSING,28.5,1.5,50.0,MISSING,1422082,12798.74,MISSING (Stock Unobserved),MISSING,405293,52.0,MISSING,16.0,0.68,0.53,0.73,0.12,0.54,REAL / DERIVED / MODEL_OUTPUT,"DES, IMD, FCI, CWC & Census Govt of India",https://desagri.gov.in/,2023-12-31,2026-10-08,High
Jharkhand,Godda,24.0902,85.3999,Rice / Paddy,74621.0,186552.0,2.5,19096.0,39096.0,1596.0,59788.0,MISSING,28.5,0.5,50.0,MISSING,1880043,16920.39,MISSING (Stock Unobserved),MISSING,592213,49.0,MISSING,43.0,0.68,0.66,0.63,0.66,0.66,REAL / DERIVED / MODEL_OUTPUT,"DES, IMD, FCI, CWC & Census Govt of India",https://desagri.gov.in/,2023-12-31,2026-10-08,High
Jharkhand,Gumla,23.1902,84.8449,Rice / Paddy,25978.0,64945.0,2.5,12480.0,31480.0,980.0,44940.0,MISSING,28.5,6.5,50.0,MISSING,5230434,47073.91,MISSING (Stock Unobserved),MISSING,1451445,43.0,MISSING,25.0,0.68,0.49,0.43,0.3,0.51,REAL / DERIVED / MODEL_OUTPUT,"DES, IMD, FCI, CWC & Census Govt of India",https://desagri.gov.in/,2023-12-31,2026-10-08,High
Jharkhand,Hazaribag,23.7452,84.8149,Rice / Paddy,68129.0,170322.0,2.5,28119.0,16119.0,1019.0,45257.0,MISSING,28.5,4.5,50.0,MISSING,1935059,17415.53,MISSING (Stock Unobserved),MISSING,551491,45.0,MISSING,27.0,0.68,0.52,0.5,0.34,0.54,REAL / DERIVED / MODEL_OUTPUT,"DES, IMD, FCI, CWC & Census Govt of India",https://desagri.gov.in/,2023-12-31,2026-10-08,High
Jharkhand,Jamtara,23.9252,85.7749,Rice / Paddy,28758.0,71895.0,2.5,20734.0,23734.0,834.0,45302.0,MISSING,28.51,3.5,50.0,MISSING,4258058,38322.52,MISSING (Stock Unobserved),MISSING,1458384,53.0,MISSING,56.0,0.68,0.78,0.77,0.92,0.77,REAL / DERIVED / MODEL_OUTPUT,"DES, IMD, FCI, CWC & Census Govt of India",https://desagri.gov.in/,2023-12-31,2026-10-08,High
Jharkhand,Khunti,23.4452,85.6849,Rice / Paddy,43535.0,108837.0,2.5,25941.0,28941.0,1241.0,56123.0,MISSING,28.49,6.5,50.0,MISSING,5237730,47139.57,MISSING (Stock Unobserved),MISSING,1479658,42.0,MISSING,30.0,0.68,0.51,0.4,0.4,0.53,REAL / DERIVED / MODEL_OUTPUT,"DES, IMD, FCI, CWC & Census Govt of India",https://desagri.gov.in/,2023-12-31,2026-10-08,High
Jharkhand,Koderma,24.0752,85.8199,Rice / Paddy,57486.0,143715.0,2.5,28291.0,31291.0,1191.0,60773.0,MISSING,28.48,4.5,50.0,MISSING,3734716,33612.44,MISSING (Stock Unobserved),MISSING,1195109,49.0,MISSING,46.0,0.68,0.68,0.63,0.72,0.68,REAL / DERIVED / MODEL_OUTPUT,"DES, IMD, FCI, CWC & Census Govt of India",https://desagri.gov.in/,2023-12-31,2026-10-08,High
Jharkhand,Latehar,23.4752,85.0099,Rice / Paddy,87232.0,218080.0,2.5,16850.0,39850.0,550.0,57250.0,MISSING,28.47,0.5,50.0,MISSING,3560125,32041.12,MISSING (Stock Unobserved),MISSING,1139240,49.0,MISSING,46.0,0.68,0.68,0.63,0.72,0.68,REAL / DERIVED / MODEL_OUTPUT,"DES, IMD, FCI, CWC & Census Govt of India",https://desagri.gov.in/,2023-12-31,2026-10-08,High
Jharkhand,Lohardaga,24.2402,85.5349,Rice / Paddy,73615.0,184037.0,2.5,19594.0,38594.0,894.0,59082.0,MISSING,28.51,2.5,50.0,MISSING,3809692,34287.23,MISSING (Stock Unobserved),MISSING,1276246,51.0,MISSING,54.0,0.68,0.75,0.7,0.88,0.74,REAL / DERIVED / MODEL_OUTPUT,"DES, IMD, FCI, CWC & Census Govt of India",https://desagri.gov.in/,2023-12-31,2026-10-08,High
Jharkhand,Pakur,23.7452,85.9999,Rice / Paddy,20417.0,51042.0,2.5,25011.0,32011.0,1511.0,58533.0,MISSING,28.49,0.5,50.0,MISSING,3563223,32069.01,MISSING (Stock Unobserved),MISSING,1006610,46.0,MISSING,25.0,0.68,0.52,0.53,0.3,0.53,REAL / DERIVED / MODEL_OUTPUT,"DES, IMD, FCI, CWC & Census Govt of India",https://desagri.gov.in/,2023-12-31,2026-10-08,High
Jharkhand,Palamu,23.3552,85.0249,Rice / Paddy,93636.0,234090.0,2.5,22247.0,18247.0,1147.0,41641.0,MISSING,28.49,6.5,50.0,MISSING,3174779,28573.01,MISSING (Stock Unobserved),MISSING,936559,50.0,MISSING,26.0,0.68,0.57,0.67,0.32,0.58,REAL / DERIVED / MODEL_OUTPUT,"DES, IMD, FCI, CWC & Census Govt of India",https://desagri.gov.in/,2023-12-31,2026-10-08,High
Jharkhand,Ramgarh,23.1602,85.9849,Rice / Paddy,71137.0,177842.0,2.5,16798.0,15798.0,1698.0,34294.0,MISSING,28.5,7.5,50.0,MISSING,4437442,39936.98,MISSING (Stock Unobserved),MISSING,1320138,43.0,MISSING,40.0,0.68,0.58,0.43,0.6,0.59,REAL / DERIVED / MODEL_OUTPUT,"DES, IMD, FCI, CWC & Census Govt of India",https://desagri.gov.in/,2023-12-31,2026-10-08,High
Jharkhand,Ranchi,23.7452,84.7849,Rice / Paddy,27635.0,69087.0,2.5,22182.0,22182.0,1082.0,45446.0,MISSING,28.48,5.5,50.0,MISSING,2573117,23158.05,MISSING (Stock Unobserved),MISSING,823397,49.0,MISSING,46.0,0.68,0.68,0.63,0.72,0.68,REAL / DERIVED / MODEL_OUTPUT,"DES, IMD, FCI, CWC & Census Govt of India",https://desagri.gov.in/,2023-12-31,2026-10-08,High
Jharkhand,Sahibganj,24.2852,85.9699,Rice / Paddy,28162.0,70405.0,2.5,12591.0,17591.0,1091.0,31273.0,MISSING,28.5,0.5,50.0,MISSING,5069650,45626.85,MISSING (Stock Unobserved),MISSING,1482872,43.0,MISSING,37.0,0.68,0.56,0.43,0.54,0.57,REAL / DERIVED / MODEL_OUTPUT,"DES, IMD, FCI, CWC & Census Govt of India",https://desagri.gov.in/,2023-12-31,2026-10-08,High
Jharkhand,Saraikela Kharsawan,23.4452,85.4899,Rice / Paddy,54707.0,136767.0,2.5,24422.0,26422.0,922.0,51766.0,MISSING,28.5,7.5,50.0,MISSING,1953943,17585.49,MISSING (Stock Unobserved),MISSING,591067,48.0,MISSING,36.0,0.68,0.61,0.6,0.52,0.61,REAL / DERIVED / MODEL_OUTPUT,"DES, IMD, FCI, CWC & Census Govt of India",https://desagri.gov.in/,2023-12-31,2026-10-08,High
Jharkhand,Simdega,24.1802,85.8049,Rice / Paddy,41678.0,104195.0,2.5,20684.0,18684.0,784.0,40152.0,MISSING,28.5,5.5,50.0,MISSING,3542473,31882.26,MISSING (Stock Unobserved),MISSING,1053885,43.0,MISSING,40.0,0.68,0.58,0.43,0.6,0.59,REAL / DERIVED / MODEL_OUTPUT,"DES, IMD, FCI, CWC & Census Govt of India",https://desagri.gov.in/,2023-12-31,2026-10-08,High
Jharkhand,West Singhbhum,23.4602,84.7699,Rice / Paddy,86779.0,216947.0,2.5,29566.0,28566.0,1266.0,59398.0,MISSING,28.52,4.5,50.0,MISSING,3839528,34555.75,MISSING (Stock Unobserved),MISSING,1190253,53.0,MISSING,32.0,0.68,0.64,0.77,0.44,0.64,REAL / DERIVED / MODEL_OUTPUT,"DES, IMD, FCI, CWC & Census Govt of India",https://desagri.gov.in/,2023-12-31,2026-10-08,High
Karnataka,Bagalkote,14.9423,75.7889,Maize,92022.0,331279.0,3.6,20565.0,21565.0,665.0,42795.0,MISSING,28.51,5.5,50.0,MISSING,3035726,27321.53,MISSING (Stock Unobserved),MISSING,994200,51.0,MISSING,48.0,0.68,0.71,0.7,0.76,0.71,REAL / DERIVED / MODEL_OUTPUT,"DES, IMD, FCI, CWC & Census Govt of India",https://desagri.gov.in/,2023-12-31,2026-10-08,High
Karnataka,Ballari,15.4073,75.0539,Maize,28252.0,101707.0,3.6,22972.0,39972.0,672.0,63616.0,MISSING,28.5,7.5,50.0,MISSING,1624659,14621.93,MISSING (Stock Unobserved),MISSING,442719,45.0,MISSING,18.0,0.68,0.47,0.5,0.16,0.49,REAL / DERIVED / MODEL_OUTPUT,"DES, IMD, FCI, CWC & Census Govt of India",https://desagri.gov.in/,2023-12-31,2026-10-08,High
Karnataka,Belagavi,14.6123,75.5339,Maize,22635.0,81486.0,3.6,14975.0,27975.0,1075.0,44025.0,MISSING,28.52,7.5,50.0,MISSING,1849006,16641.05,MISSING (Stock Unobserved),MISSING,642529,53.0,MISSING,59.0,0.68,0.8,0.77,0.98,0.79,REAL / DERIVED / MODEL_OUTPUT,"DES, IMD, FCI, CWC & Census Govt of India",https://desagri.gov.in/,2023-12-31,2026-10-08,High
Karnataka,Bengaluru Rural,15.3923,76.2689,Maize,79921.0,287715.0,3.6,16205.0,31205.0,1105.0,48515.0,MISSING,28.5,7.5,50.0,MISSING,4180066,37620.59,MISSING (Stock Unobserved),MISSING,1306270,43.0,MISSING,52.0,0.68,0.65,0.43,0.84,0.65,REAL / DERIVED / MODEL_OUTPUT,"DES, IMD, FCI, CWC & Census Govt of India",https://desagri.gov.in/,2023-12-31,2026-10-08,High
Karnataka,Bengaluru Urban,12.9716,77.5946,Maize,98291.0,353847.0,3.6,25465.0,24465.0,765.0,50695.0,MISSING,28.51,5.5,50.0,MISSING,5294539,47650.85,MISSING (Stock Unobserved),MISSING,1416289,45.0,MISSING,15.0,0.68,0.45,0.5,0.1,0.47,REAL / DERIVED / MODEL_OUTPUT,"DES, IMD, FCI, CWC & Census Govt of India",https://desagri.gov.in/,2023-12-31,2026-10-08,High
Karnataka,Bidar,15.1523,76.0589,Maize,103760.0,373536.0,3.6,12273.0,31273.0,773.0,44319.0,MISSING,28.5,6.5,50.0,MISSING,2632116,23689.04,MISSING (Stock Unobserved),MISSING,835696,52.0,MISSING,40.0,0.68,0.67,0.73,0.6,0.67,REAL / DERIVED / MODEL_OUTPUT,"DES, IMD, FCI, CWC & Census Govt of India",https://desagri.gov.in/,2023-12-31,2026-10-08,High
Karnataka,Chamarajanagara,14.7323,75.0239,Maize,91662.0,329983.0,3.6,19890.0,19890.0,1190.0,40970.0,MISSING,28.51,0.5,50.0,MISSING,4561365,41052.29,MISSING (Stock Unobserved),MISSING,1379812,42.0,MISSING,45.0,0.68,0.6,0.4,0.7,0.61,REAL / DERIVED / MODEL_OUTPUT,"DES, IMD, FCI, CWC & Census Govt of India",https://desagri.gov.in/,2023-12-31,2026-10-08,High
Karnataka,Chikkaballapura,15.2873,75.2339,Maize,84986.0,305949.0,3.6,25417.0,16417.0,717.0,42551.0,MISSING,28.5,5.5,50.0,MISSING,4266451,38398.06,MISSING (Stock Unobserved),MISSING,1290601,49.0,MISSING,34.0,0.68,0.6,0.63,0.48,0.61,REAL / DERIVED / MODEL_OUTPUT,"DES, IMD, FCI, CWC & Census Govt of India",https://desagri.gov.in/,2023-12-31,2026-10-08,High
Karnataka,Chikkamagaluru,15.9473,76.2689,Maize,23213.0,83566.0,3.6,28355.0,33355.0,1255.0,62965.0,MISSING,28.5,3.5,50.0,MISSING,2782469,25042.22,MISSING (Stock Unobserved),MISSING,723441,42.0,MISSING,15.0,0.68,0.42,0.4,0.1,0.44,REAL / DERIVED / MODEL_OUTPUT,"DES, IMD, FCI, CWC & Census Govt of India",https://desagri.gov.in/,2023-12-31,2026-10-08,High
Karnataka,Chitradurga,15.0173,75.5039,Maize,91390.0,329004.0,3.6,15447.0,31447.0,1547.0,48441.0,MISSING,28.51,7.5,50.0,MISSING,4597801,41380.21,MISSING (Stock Unobserved),MISSING,1229911,45.0,MISSING,15.0,0.68,0.45,0.5,0.1,0.47,REAL / DERIVED / MODEL_OUTPUT,"DES, IMD, FCI, CWC & Census Govt of India",https://desagri.gov.in/,2023-12-31,2026-10-08,High
Karnataka,Dakshina Kannada,14.9873,75.5039,Maize,85131.0,306471.0,3.6,16188.0,28188.0,1088.0,45464.0,MISSING,28.48,5.5,50.0,MISSING,2622848,23605.63,MISSING (Stock Unobserved),MISSING,780297,43.0,MISSING,40.0,0.68,0.58,0.43,0.6,0.59,REAL / DERIVED / MODEL_OUTPUT,"DES, IMD, FCI, CWC & Census Govt of India",https://desagri.gov.in/,2023-12-31,2026-10-08,High
Karnataka,Davanagere,14.7323,75.7889,Maize,22939.0,82580.0,3.6,22135.0,31135.0,1035.0,54305.0,MISSING,28.5,3.5,50.0,MISSING,2580366,23223.29,MISSING (Stock Unobserved),MISSING,825717,50.0,MISSING,44.0,0.68,0.68,0.67,0.68,0.68,REAL / DERIVED / MODEL_OUTPUT,"DES, IMD, FCI, CWC & Census Govt of India",https://desagri.gov.in/,2023-12-31,2026-10-08,High
Karnataka,Dharwad,15.3473,75.1889,Maize,76118.0,274024.0,3.6,12419.0,33419.0,919.0,46757.0,MISSING,28.52,7.5,50.0,MISSING,3926668,35340.01,MISSING (Stock Unobserved),MISSING,1285983,53.0,MISSING,44.0,0.68,0.71,0.77,0.68,0.71,REAL / DERIVED / MODEL_OUTPUT,"DES, IMD, FCI, CWC & Census Govt of India",https://desagri.gov.in/,2023-12-31,2026-10-08,High
Karnataka,Gadag,15.7673,76.2539,Maize,17442.0,62791.0,3.6,17695.0,35695.0,1395.0,54785.0,MISSING,28.52,2.5,50.0,MISSING,2780848,25027.63,MISSING (Stock Unobserved),MISSING,806445,44.0,MISSING,32.0,0.68,0.55,0.47,0.44,0.56,REAL / DERIVED / MODEL_OUTPUT,"DES, IMD, FCI, CWC & Census Govt of India",https://desagri.gov.in/,2023-12-31,2026-10-08,High
Karnataka,Hassan,15.9923,75.7289,Maize,44825.0,161370.0,3.6,15574.0,26574.0,1674.0,43822.0,MISSING,28.49,7.5,50.0,MISSING,2389634,21506.71,MISSING (Stock Unobserved),MISSING,770656,49.0,MISSING,49.0,0.68,0.7,0.63,0.78,0.69,REAL / DERIVED / MODEL_OUTPUT,"DES, IMD, FCI, CWC & Census Govt of India",https://desagri.gov.in/,2023-12-31,2026-10-08,High
Karnataka,Haveri,14.7623,76.3289,Maize,76726.0,276213.0,3.6,16793.0,34793.0,1693.0,53279.0,MISSING,28.51,2.5,50.0,MISSING,2849399,25644.59,MISSING (Stock Unobserved),MISSING,833449,43.0,MISSING,37.0,0.68,0.56,0.43,0.54,0.57,REAL / DERIVED / MODEL_OUTPUT,"DES, IMD, FCI, CWC & Census Govt of India",https://desagri.gov.in/,2023-12-31,2026-10-08,High
Karnataka,Kalaburagi,14.6873,75.6239,Maize,66378.0,238960.0,3.6,22305.0,36305.0,1205.0,59815.0,MISSING,28.49,6.5,50.0,MISSING,5196319,46766.87,MISSING (Stock Unobserved),MISSING,1649831,52.0,MISSING,40.0,0.68,0.67,0.73,0.6,0.67,REAL / DERIVED / MODEL_OUTPUT,"DES, IMD, FCI, CWC & Census Govt of India",https://desagri.gov.in/,2023-12-31,2026-10-08,High
Karnataka,Kodagu,14.8673,75.8039,Maize,28409.0,102272.0,3.6,13008.0,29008.0,1508.0,43524.0,MISSING,28.5,2.5,50.0,MISSING,3798687,34188.18,MISSING (Stock Unobserved),MISSING,1177592,44.0,MISSING,47.0,0.68,0.64,0.47,0.74,0.64,REAL / DERIVED / MODEL_OUTPUT,"DES, IMD, FCI, CWC & Census Govt of India",https://desagri.gov.in/,2023-12-31,2026-10-08,High
Karnataka,Kolar,15.8273,75.4139,Maize,36226.0,130413.0,3.6,18020.0,37020.0,520.0,55560.0,MISSING,28.49,6.5,50.0,MISSING,2279577,20516.19,MISSING (Stock Unobserved),MISSING,672475,51.0,MISSING,24.0,0.68,0.57,0.7,0.28,0.58,REAL / DERIVED / MODEL_OUTPUT,"DES, IMD, FCI, CWC & Census Govt of India",https://desagri.gov.in/,2023-12-31,2026-10-08,High
Karnataka,Koppal,15.5423,75.3539,Maize,29408.0,105868.0,3.6,13205.0,17205.0,505.0,30915.0,MISSING,28.49,0.5,50.0,MISSING,1612673,14514.06,MISSING (Stock Unobserved),MISSING,524118,48.0,MISSING,51.0,0.68,0.7,0.6,0.82,0.7,REAL / DERIVED / MODEL_OUTPUT,"DES, IMD, FCI, CWC & Census Govt of India",https://desagri.gov.in/,2023-12-31,2026-10-08,High
Karnataka,Mandya,14.7473,75.3389,Maize,63590.0,228924.0,3.6,15240.0,30240.0,1340.0,46820.0,MISSING,28.5,2.5,50.0,MISSING,2169880,19528.92,MISSING (Stock Unobserved),MISSING,650964,45.0,MISSING,39.0,0.68,0.6,0.5,0.58,0.6,REAL / DERIVED / MODEL_OUTPUT,"DES, IMD, FCI, CWC & Census Govt of India",https://desagri.gov.in/,2023-12-31,2026-10-08,High
Karnataka,Mysuru,14.6273,75.1739,Maize,46556.0,167601.0,3.6,18302.0,24302.0,802.0,43406.0,MISSING,28.54,3.5,50.0,MISSING,3710932,33398.39,MISSING (Stock Unobserved),MISSING,1094724,42.0,MISSING,39.0,0.68,0.57,0.4,0.58,0.58,REAL / DERIVED / MODEL_OUTPUT,"DES, IMD, FCI, CWC & Census Govt of India",https://desagri.gov.in/,2023-12-31,2026-10-08,High
Karnataka,Raichur,15.7373,75.9089,Maize,20039.0,72140.0,3.6,19067.0,39067.0,1567.0,59701.0,MISSING,28.5,6.5,50.0,MISSING,5277583,47498.25,MISSING (Stock Unobserved),MISSING,1715214,45.0,MISSING,57.0,0.68,0.7,0.5,0.94,0.7,REAL / DERIVED / MODEL_OUTPUT,"DES, IMD, FCI, CWC & Census Govt of India",https://desagri.gov.in/,2023-12-31,2026-10-08,High
Karnataka,Ramanagara,15.4073,76.3889,Maize,30328.0,109180.0,3.6,20373.0,20373.0,1673.0,42419.0,MISSING,28.5,1.5,50.0,MISSING,2706691,24360.22,MISSING (Stock Unobserved),MISSING,751106,49.0,MISSING,16.0,0.68,0.5,0.63,0.12,0.51,REAL / DERIVED / MODEL_OUTPUT,"DES, IMD, FCI, CWC & Census Govt of India",https://desagri.gov.in/,2023-12-31,2026-10-08,High
Karnataka,Shivamogga,14.6873,76.2839,Maize,25199.0,90716.0,3.6,20916.0,32916.0,1016.0,54848.0,MISSING,28.5,1.5,50.0,MISSING,4101736,36915.62,MISSING (Stock Unobserved),MISSING,1292046,49.0,MISSING,43.0,0.68,0.66,0.63,0.66,0.66,REAL / DERIVED / MODEL_OUTPUT,"DES, IMD, FCI, CWC & Census Govt of India",https://desagri.gov.in/,2023-12-31,2026-10-08,High
Karnataka,Tumakuru,15.0473,76.1039,Maize,20029.0,72104.0,3.6,14522.0,19522.0,622.0,34666.0,MISSING,28.5,7.5,50.0,MISSING,4678345,42105.11,MISSING (Stock Unobserved),MISSING,1532157,44.0,MISSING,59.0,0.68,0.71,0.47,0.98,0.71,REAL / DERIVED / MODEL_OUTPUT,"DES, IMD, FCI, CWC & Census Govt of India",https://desagri.gov.in/,2023-12-31,2026-10-08,High
Karnataka,Udupi,15.9473,75.9989,Maize,40359.0,145292.0,3.6,19874.0,27874.0,1174.0,48922.0,MISSING,28.49,4.5,50.0,MISSING,3199415,28794.74,MISSING (Stock Unobserved),MISSING,895836,45.0,MISSING,24.0,0.68,0.51,0.5,0.28,0.52,REAL / DERIVED / MODEL_OUTPUT,"DES, IMD, FCI, CWC & Census Govt of India",https://desagri.gov.in/,2023-12-31,2026-10-08,High
Karnataka,Uttara Kannada,15.8423,76.2239,Maize,51157.0,184165.0,3.6,16885.0,25885.0,585.0,43355.0,MISSING,28.49,1.5,50.0,MISSING,2538967,22850.7,MISSING (Stock Unobserved),MISSING,768037,51.0,MISSING,30.0,0.68,0.6,0.7,0.4,0.61,REAL / DERIVED / MODEL_OUTPUT,"DES, IMD, FCI, CWC & Census Govt of India",https://desagri.gov.in/,2023-12-31,2026-10-08,High
Karnataka,Vijayapura,14.7323,76.1939,Maize,78092.0,281131.0,3.6,22773.0,33773.0,1673.0,58219.0,MISSING,28.5,3.5,50.0,MISSING,1905235,17147.12,MISSING (Stock Unobserved),MISSING,495361,42.0,MISSING,15.0,0.68,0.42,0.4,0.1,0.44,REAL / DERIVED / MODEL_OUTPUT,"DES, IMD, FCI, CWC & Census Govt of India",https://desagri.gov.in/,2023-12-31,2026-10-08,High
Karnataka,Yadgir,15.7223,75.2489,Maize,30007.0,108025.0,3.6,16824.0,20824.0,524.0,38172.0,MISSING,28.51,2.5,50.0,MISSING,2716164,24445.48,MISSING (Stock Unobserved),MISSING,821639,52.0,MISSING,28.0,0.68,0.6,0.73,0.36,0.61,REAL / DERIVED / MODEL_OUTPUT,"DES, IMD, FCI, CWC & Census Govt of India",https://desagri.gov.in/,2023-12-31,2026-10-08,High
Kerala,Alappuzha,10.6405,75.7011,Rice / Paddy,43622.0,135228.0,3.1,13961.0,21961.0,1261.0,37183.0,MISSING,28.52,3.5,50.0,MISSING,3803751,34233.76,MISSING (Stock Unobserved),MISSING,1274256,50.0,MISSING,56.0,0.68,0.75,0.67,0.92,0.74,REAL / DERIVED / MODEL_OUTPUT,"DES, IMD, FCI, CWC & Census Govt of India",https://desagri.gov.in/,2023-12-31,2026-10-08,High
Kerala,Ernakulam,11.3305,76.0161,Rice / Paddy,86057.0,266776.0,3.1,19140.0,37140.0,1640.0,57920.0,MISSING,28.5,6.5,50.0,MISSING,3723841,33514.57,MISSING (Stock Unobserved),MISSING,1051985,42.0,MISSING,30.0,0.68,0.51,0.4,0.4,0.53,REAL / DERIVED / MODEL_OUTPUT,"DES, IMD, FCI, CWC & Census Govt of India",https://desagri.gov.in/,2023-12-31,2026-10-08,High
Kerala,Idukki,10.8355,76.5261,Rice / Paddy,60895.0,188774.0,3.1,22705.0,37705.0,1605.0,62015.0,MISSING,28.47,7.5,50.0,MISSING,4009018,36081.16,MISSING (Stock Unobserved),MISSING,1302930,46.0,MISSING,55.0,0.68,0.7,0.53,0.9,0.7,REAL / DERIVED / MODEL_OUTPUT,"DES, IMD, FCI, CWC & Census Govt of India",https://desagri.gov.in/,2023-12-31,2026-10-08,High
Kerala,Kannur,10.3255,76.2711,Rice / Paddy,98247.0,304565.0,3.1,16903.0,19903.0,603.0,37409.0,MISSING,28.5,4.5,50.0,MISSING,1975083,17775.75,MISSING (Stock Unobserved),MISSING,641901,48.0,MISSING,51.0,0.68,0.7,0.6,0.82,0.7,REAL / DERIVED / MODEL_OUTPUT,"DES, IMD, FCI, CWC & Census Govt of India",https://desagri.gov.in/,2023-12-31,2026-10-08,High
Kerala,Kasaragod,10.4905,76.0611,Rice / Paddy,57559.0,178432.0,3.1,16648.0,36648.0,1548.0,54844.0,MISSING,28.5,7.5,50.0,MISSING,4206868,37861.81,MISSING (Stock Unobserved),MISSING,1125337,44.0,MISSING,17.0,0.68,0.46,0.47,0.14,0.47,REAL / DERIVED / MODEL_OUTPUT,"DES, IMD, FCI, CWC & Census Govt of India",https://desagri.gov.in/,2023-12-31,2026-10-08,High
Kerala,Kollam,10.5505,76.7961,Rice / Paddy,91177.0,282648.0,3.1,26359.0,27359.0,1659.0,55377.0,MISSING,28.5,2.5,50.0,MISSING,2283719,20553.47,MISSING (Stock Unobserved),MISSING,690824,51.0,MISSING,30.0,0.68,0.6,0.7,0.4,0.61,REAL / DERIVED / MODEL_OUTPUT,"DES, IMD, FCI, CWC & Census Govt of India",https://desagri.gov.in/,2023-12-31,2026-10-08,High
Kerala,Kottayam,10.4605,76.8111,Rice / Paddy,65311.0,202464.0,3.1,17603.0,37603.0,1303.0,56509.0,MISSING,28.51,5.5,50.0,MISSING,4671647,42044.82,MISSING (Stock Unobserved),MISSING,1389814,52.0,MISSING,25.0,0.68,0.58,0.73,0.3,0.59,REAL / DERIVED / MODEL_OUTPUT,"DES, IMD, FCI, CWC & Census Govt of India",https://desagri.gov.in/,2023-12-31,2026-10-08,High
Kerala,Kozhikode,11.1655,75.9561,Rice / Paddy,31645.0,98099.0,3.1,18446.0,15446.0,946.0,34838.0,MISSING,28.51,3.5,50.0,MISSING,4198763,37788.87,MISSING (Stock Unobserved),MISSING,1217641,43.0,MISSING,34.0,0.68,0.55,0.43,0.48,0.56,REAL / DERIVED / MODEL_OUTPUT,"DES, IMD, FCI, CWC & Census Govt of India",https://desagri.gov.in/,2023-12-31,2026-10-08,High
Kerala,Malappuram,10.9855,77.0061,Rice / Paddy,61338.0,190147.0,3.1,26661.0,28661.0,761.0,56083.0,MISSING,28.52,7.5,50.0,MISSING,4053590,36482.31,MISSING (Stock Unobserved),MISSING,1266746,46.0,MISSING,46.0,0.68,0.65,0.53,0.72,0.65,REAL / DERIVED / MODEL_OUTPUT,"DES, IMD, FCI, CWC & Census Govt of India",https://desagri.gov.in/,2023-12-31,2026-10-08,High
Kerala,Palakkad,10.6855,75.7911,Rice / Paddy,35584.0,110310.0,3.1,26557.0,26557.0,657.0,53771.0,MISSING,28.5,6.5,50.0,MISSING,1838086,16542.77,MISSING (Stock Unobserved),MISSING,487092,42.0,MISSING,18.0,0.68,0.44,0.4,0.16,0.46,REAL / DERIVED / MODEL_OUTPUT,"DES, IMD, FCI, CWC & Census Govt of India",https://desagri.gov.in/,2023-12-31,2026-10-08,High
Kerala,Pathanamthitta,10.2505,75.9711,Rice / Paddy,54048.0,167548.0,3.1,19258.0,37258.0,558.0,57074.0,MISSING,28.5,3.5,50.0,MISSING,2457997,22121.97,MISSING (Stock Unobserved),MISSING,712819,50.0,MISSING,23.0,0.68,0.55,0.67,0.26,0.56,REAL / DERIVED / MODEL_OUTPUT,"DES, IMD, FCI, CWC & Census Govt of India",https://desagri.gov.in/,2023-12-31,2026-10-08,High
Kerala,Thiruvananthapuram,8.5241,76.9366,Rice / Paddy,47428.0,147026.0,3.1,15137.0,20137.0,1237.0,36511.0,MISSING,28.51,2.5,50.0,MISSING,3528914,31760.23,MISSING (Stock Unobserved),MISSING,1129252,46.0,MISSING,52.0,0.68,0.68,0.53,0.84,0.68,REAL / DERIVED / MODEL_OUTPUT,"DES, IMD, FCI, CWC & Census Govt of India",https://desagri.gov.in/,2023-12-31,2026-10-08,High
Kerala,Thrissur,11.3155,76.2261,Rice / Paddy,17734.0,54975.0,3.1,26401.0,28401.0,501.0,55303.0,MISSING,28.5,4.5,50.0,MISSING,4265783,38392.05,MISSING (Stock Unobserved),MISSING,1290399,44.0,MISSING,41.0,0.68,0.6,0.47,0.62,0.61,REAL / DERIVED / MODEL_OUTPUT,"DES, IMD, FCI, CWC & Census Govt of India",https://desagri.gov.in/,2023-12-31,2026-10-08,High
Kerala,Wayanad,10.2655,76.8561,Rice / Paddy,16388.0,50802.0,3.1,20218.0,24218.0,1518.0,45954.0,MISSING,28.5,5.5,50.0,MISSING,2908469,26176.22,MISSING (Stock Unobserved),MISSING,1010692,53.0,MISSING,59.0,0.68,0.8,0.77,0.98,0.79,REAL / DERIVED / MODEL_OUTPUT,"DES, IMD, FCI, CWC & Census Govt of India",https://desagri.gov.in/,2023-12-31,2026-10-08,High
Madhya Pradesh,Anuppur,23.4534,77.9069,Wheat,91365.0,310641.0,3.4,55165.0,40165.0,4665.0,99995.0,MISSING,28.47,7.5,50.0,MISSING,3047006,27423.05,MISSING (Stock Unobserved),MISSING,975041,50.0,MISSING,44.0,0.68,0.68,0.67,0.68,0.68,REAL / DERIVED / MODEL_OUTPUT,"DES, IMD, FCI, CWC & Census Govt of India",https://desagri.gov.in/,2023-12-31,2026-10-08,High
Madhya Pradesh,Ashoknagar,22.7634,78.7919,Wheat,23592.0,80212.0,3.4,45410.0,55410.0,11910.0,112730.0,MISSING,28.52,0.5,50.0,MISSING,1510532,13594.79,MISSING (Stock Unobserved),MISSING,498475,47.0,MISSING,56.0,0.68,0.72,0.57,0.92,0.72,REAL / DERIVED / MODEL_OUTPUT,"DES, IMD, FCI, CWC & Census Govt of India",https://desagri.gov.in/,2023-12-31,2026-10-08,High
Madhya Pradesh,Balaghat,23.3034,79.3019,Wheat,87049.0,295966.0,3.4,71249.0,71249.0,11749.0,154247.0,MISSING,28.5,2.5,50.0,MISSING,2910303,26192.73,MISSING (Stock Unobserved),MISSING,829436,49.0,MISSING,22.0,0.68,0.53,0.63,0.24,0.54,REAL / DERIVED / MODEL_OUTPUT,"DES, IMD, FCI, CWC & Census Govt of India",https://desagri.gov.in/,2023-12-31,2026-10-08,High
Madhya Pradesh,Barwani,22.9134,79.0319,Wheat,87418.0,297221.0,3.4,55595.0,80595.0,5095.0,141285.0,MISSING,28.49,6.5,50.0,MISSING,3503347,31530.12,MISSING (Stock Unobserved),MISSING,1042245,53.0,MISSING,23.0,0.68,0.58,0.77,0.26,0.59,REAL / DERIVED / MODEL_OUTPUT,"DES, IMD, FCI, CWC & Census Govt of India",https://desagri.gov.in/,2023-12-31,2026-10-08,High
Madhya Pradesh,Betul,22.3134,78.9269,Wheat,74655.0,253827.0,3.4,53356.0,88356.0,4856.0,146568.0,MISSING,28.52,1.5,50.0,MISSING,2548381,22935.43,MISSING (Stock Unobserved),MISSING,770885,49.0,MISSING,34.0,0.68,0.6,0.63,0.48,0.61,REAL / DERIVED / MODEL_OUTPUT,"DES, IMD, FCI, CWC & Census Govt of India",https://desagri.gov.in/,2023-12-31,2026-10-08,High
Madhya Pradesh,Bhind,23.3784,78.4169,Wheat,46134.0,156855.0,3.4,71788.0,66788.0,7288.0,145864.0,MISSING,28.51,1.5,50.0,MISSING,4404112,39637.01,MISSING (Stock Unobserved),MISSING,1431336,48.0,MISSING,51.0,0.68,0.7,0.6,0.82,0.7,REAL / DERIVED / MODEL_OUTPUT,"DES, IMD, FCI, CWC & Census Govt of India",https://desagri.gov.in/,2023-12-31,2026-10-08,High
Madhya Pradesh,Bhopal,23.2599,77.4126,Wheat,86871.0,295361.0,3.4,73118.0,93118.0,9618.0,175854.0,MISSING,28.5,0.5,50.0,MISSING,3192463,28732.17,MISSING (Stock Unobserved),MISSING,997644,47.0,MISSING,44.0,0.68,0.65,0.57,0.68,0.65,REAL / DERIVED / MODEL_OUTPUT,"DES, IMD, FCI, CWC & Census Govt of India",https://desagri.gov.in/,2023-12-31,2026-10-08,High
Madhya Pradesh,Burhanpur,23.3484,79.0169,Wheat,33781.0,114855.0,3.4,44766.0,109766.0,10266.0,164798.0,MISSING,28.5,4.5,50.0,MISSING,2386273,21476.46,MISSING (Stock Unobserved),MISSING,709916,51.0,MISSING,27.0,0.68,0.58,0.7,0.34,0.59,REAL / DERIVED / MODEL_OUTPUT,"DES, IMD, FCI, CWC & Census Govt of India",https://desagri.gov.in/,2023-12-31,2026-10-08,High
Madhya Pradesh,Chhatarpur,22.3884,78.5819,Wheat,68561.0,233107.0,3.4,33758.0,43758.0,8258.0,85774.0,MISSING,28.49,6.5,50.0,MISSING,4754806,42793.25,MISSING (Stock Unobserved),MISSING,1271910,43.0,MISSING,19.0,0.68,0.46,0.43,0.18,0.47,REAL / DERIVED / MODEL_OUTPUT,"DES, IMD, FCI, CWC & Census Govt of India",https://desagri.gov.in/,2023-12-31,2026-10-08,High
Madhya Pradesh,Chhindwara,22.5234,77.9069,Wheat,82510.0,280534.0,3.4,64100.0,99100.0,7600.0,170800.0,MISSING,28.49,2.5,50.0,MISSING,3953881,35584.93,MISSING (Stock Unobserved),MISSING,1146625,43.0,MISSING,34.0,0.68,0.55,0.43,0.48,0.56,REAL / DERIVED / MODEL_OUTPUT,"DES, IMD, FCI, CWC & Census Govt of India",https://desagri.gov.in/,2023-12-31,2026-10-08,High
Madhya Pradesh,Damoh,23.4534,78.3419,Wheat,45360.0,154224.0,3.4,54144.0,84144.0,8644.0,146932.0,MISSING,28.48,1.5,50.0,MISSING,3826945,34442.5,MISSING (Stock Unobserved),MISSING,1243757,46.0,MISSING,55.0,0.68,0.7,0.53,0.9,0.7,REAL / DERIVED / MODEL_OUTPUT,"DES, IMD, FCI, CWC & Census Govt of India",https://desagri.gov.in/,2023-12-31,2026-10-08,High
Madhya Pradesh,Datia,22.7934,78.7619,Wheat,20645.0,70193.0,3.4,47612.0,97612.0,6112.0,151336.0,MISSING,28.49,2.5,50.0,MISSING,1767180,15904.62,MISSING (Stock Unobserved),MISSING,481556,45.0,MISSING,18.0,0.68,0.47,0.5,0.16,0.49,REAL / DERIVED / MODEL_OUTPUT,"DES, IMD, FCI, CWC & Census Govt of India",https://desagri.gov.in/,2023-12-31,2026-10-08,High
Madhya Pradesh,Dewas,22.5534,79.2719,Wheat,75617.0,257097.0,3.4,66231.0,111231.0,11731.0,189193.0,MISSING,28.52,2.5,50.0,MISSING,1650643,14855.79,MISSING (Stock Unobserved),MISSING,478686,44.0,MISSING,32.0,0.68,0.55,0.47,0.44,0.56,REAL / DERIVED / MODEL_OUTPUT,"DES, IMD, FCI, CWC & Census Govt of India",https://desagri.gov.in/,2023-12-31,2026-10-08,High
Madhya Pradesh,Dhar,22.7184,77.9069,Wheat,15361.0,52227.0,3.4,72085.0,107085.0,7585.0,186755.0,MISSING,28.49,6.5,50.0,MISSING,3514725,31632.53,MISSING (Stock Unobserved),MISSING,1001696,50.0,MISSING,20.0,0.68,0.53,0.67,0.2,0.54,REAL / DERIVED / MODEL_OUTPUT,"DES, IMD, FCI, CWC & Census Govt of India",https://desagri.gov.in/,2023-12-31,2026-10-08,High
Madhya Pradesh,Dindori,22.4334,78.9119,Wheat,60445.0,205513.0,3.4,33323.0,108323.0,8823.0,150469.0,MISSING,28.52,7.5,50.0,MISSING,2867054,25803.49,MISSING (Stock Unobserved),MISSING,867283,51.0,MISSING,30.0,0.68,0.6,0.7,0.4,0.61,REAL / DERIVED / MODEL_OUTPUT,"DES, IMD, FCI, CWC & Census Govt of India",https://desagri.gov.in/,2023-12-31,2026-10-08,High
Madhya Pradesh,Guna,23.6934,78.1919,Wheat,72468.0,246391.0,3.4,62066.0,77066.0,9566.0,148698.0,MISSING,28.5,2.5,50.0,MISSING,3097532,27877.79,MISSING (Stock Unobserved),MISSING,967978,45.0,MISSING,48.0,0.68,0.65,0.5,0.76,0.65,REAL / DERIVED / MODEL_OUTPUT,"DES, IMD, FCI, CWC & Census Govt of India",https://desagri.gov.in/,2023-12-31,2026-10-08,High
Madhya Pradesh,Gwalior,23.1684,79.1819,Wheat,83753.0,284760.0,3.4,52801.0,87801.0,12301.0,152903.0,MISSING,28.5,6.5,50.0,MISSING,2966525,26698.72,MISSING (Stock Unobserved),MISSING,978953,47.0,MISSING,56.0,0.68,0.72,0.57,0.92,0.72,REAL / DERIVED / MODEL_OUTPUT,"DES, IMD, FCI, CWC & Census Govt of India",https://desagri.gov.in/,2023-12-31,2026-10-08,High
Madhya Pradesh,Harda,23.4084,78.1169,Wheat,85063.0,289214.0,3.4,52562.0,72562.0,5062.0,130186.0,MISSING,28.5,1.5,50.0,MISSING,3202016,28818.14,MISSING (Stock Unobserved),MISSING,912574,45.0,MISSING,27.0,0.68,0.52,0.5,0.34,0.54,REAL / DERIVED / MODEL_OUTPUT,"DES, IMD, FCI, CWC & Census Govt of India",https://desagri.gov.in/,2023-12-31,2026-10-08,High
Madhya Pradesh,Hoshangabad,23.0934,78.3569,Wheat,70964.0,241277.0,3.4,49029.0,94029.0,10529.0,153587.0,MISSING,28.52,1.5,50.0,MISSING,3060543,27544.89,MISSING (Stock Unobserved),MISSING,1040584,51.0,MISSING,57.0,0.68,0.76,0.7,0.94,0.76,REAL / DERIVED / MODEL_OUTPUT,"DES, IMD, FCI, CWC & Census Govt of India",https://desagri.gov.in/,2023-12-31,2026-10-08,High
Madhya Pradesh,Indore,22.8234,77.9669,Wheat,90045.0,306153.0,3.4,55958.0,75958.0,8458.0,140374.0,MISSING,28.51,2.5,50.0,MISSING,3172291,28550.62,MISSING (Stock Unobserved),MISSING,1046856,46.0,MISSING,58.0,0.68,0.72,0.53,0.96,0.72,REAL / DERIVED / MODEL_OUTPUT,"DES, IMD, FCI, CWC & Census Govt of India",https://desagri.gov.in/,2023-12-31,2026-10-08,High
Madhya Pradesh,Jabalpur,22.2834,78.7169,Wheat,69991.0,237969.0,3.4,59367.0,94367.0,10867.0,164601.0,MISSING,28.5,7.5,50.0,MISSING,1685672,15171.05,MISSING (Stock Unobserved),MISSING,530986,51.0,MISSING,39.0,0.68,0.66,0.7,0.58,0.66,REAL / DERIVED / MODEL_OUTPUT,"DES, IMD, FCI, CWC & Census Govt of India",https://desagri.gov.in/,2023-12-31,2026-10-08,High
Madhya Pradesh,Jhabua,22.7484,78.4019,Wheat,77130.0,262242.0,3.4,37204.0,102204.0,10704.0,150112.0,MISSING,28.5,6.5,50.0,MISSING,1506572,13559.15,MISSING (Stock Unobserved),MISSING,436905,53.0,MISSING,17.0,0.68,0.55,0.77,0.14,0.56,REAL / DERIVED / MODEL_OUTPUT,"DES, IMD, FCI, CWC & Census Govt of India",https://desagri.gov.in/,2023-12-31,2026-10-08,High
Madhya Pradesh,Katni,23.1384,79.3619,Wheat,32633.0,110952.0,3.4,53829.0,83829.0,8329.0,145987.0,MISSING,28.51,5.5,50.0,MISSING,2839141,25552.27,MISSING (Stock Unobserved),MISSING,865938,44.0,MISSING,44.0,0.68,0.62,0.47,0.68,0.62,REAL / DERIVED / MODEL_OUTPUT,"DES, IMD, FCI, CWC & Census Govt of India",https://desagri.gov.in/,2023-12-31,2026-10-08,High
Madhya Pradesh,Khandwa,23.2434,78.6569,Wheat,62473.0,212408.0,3.4,30833.0,105833.0,6333.0,142999.0,MISSING,28.5,6.5,50.0,MISSING,4566766,41100.89,MISSING (Stock Unobserved),MISSING,1392863,51.0,MISSING,33.0,0.68,0.62,0.7,0.46,0.62,REAL / DERIVED / MODEL_OUTPUT,"DES, IMD, FCI, CWC & Census Govt of India",https://desagri.gov.in/,2023-12-31,2026-10-08,High
Madhya Pradesh,Khargone,22.5234,78.3419,Wheat,57316.0,194874.0,3.4,62363.0,82363.0,6863.0,151589.0,MISSING,28.52,0.5,50.0,MISSING,3685416,33168.74,MISSING (Stock Unobserved),MISSING,958208,42.0,MISSING,15.0,0.68,0.42,0.4,0.1,0.44,REAL / DERIVED / MODEL_OUTPUT,"DES, IMD, FCI, CWC & Census Govt of India",https://desagri.gov.in/,2023-12-31,2026-10-08,High
Madhya Pradesh,Mandla,23.4084,78.9119,Wheat,47140.0,160276.0,3.4,38303.0,108303.0,8803.0,155409.0,MISSING,28.5,6.5,50.0,MISSING,3750898,33758.08,MISSING (Stock Unobserved),MISSING,1050251,46.0,MISSING,22.0,0.68,0.5,0.53,0.24,0.52,REAL / DERIVED / MODEL_OUTPUT,"DES, IMD, FCI, CWC & Census Govt of India",https://desagri.gov.in/,2023-12-31,2026-10-08,High
Madhya Pradesh,Mandsaur,23.1834,78.8969,Wheat,87531.0,297605.0,3.4,41949.0,76949.0,9449.0,128347.0,MISSING,28.49,5.5,50.0,MISSING,3633534,32701.81,MISSING (Stock Unobserved),MISSING,999221,47.0,MISSING,17.0,0.68,0.48,0.57,0.14,0.5,REAL / DERIVED / MODEL_OUTPUT,"DES, IMD, FCI, CWC & Census Govt of India",https://desagri.gov.in/,2023-12-31,2026-10-08,High
Madhya Pradesh,Morena,22.9284,79.0019,Wheat,17884.0,60805.0,3.4,57446.0,77446.0,9946.0,144838.0,MISSING,28.5,0.5,50.0,MISSING,4510761,40596.85,MISSING (Stock Unobserved),MISSING,1341951,42.0,MISSING,42.0,0.68,0.58,0.4,0.64,0.59,REAL / DERIVED / MODEL_OUTPUT,"DES, IMD, FCI, CWC & Census Govt of India",https://desagri.gov.in/,2023-12-31,2026-10-08,High
Madhya Pradesh,Narsinghpur,22.9284,78.9119,Wheat,74990.0,254966.0,3.4,58761.0,68761.0,9261.0,136783.0,MISSING,28.5,1.5,50.0,MISSING,4714982,42434.84,MISSING (Stock Unobserved),MISSING,1438069,42.0,MISSING,48.0,0.68,0.62,0.4,0.76,0.62,REAL / DERIVED / MODEL_OUTPUT,"DES, IMD, FCI, CWC & Census Govt of India",https://desagri.gov.in/,2023-12-31,2026-10-08,High
Madhya Pradesh,Neemuch,23.3034,78.7919,Wheat,64009.0,217630.0,3.4,37075.0,82075.0,6575.0,125725.0,MISSING,28.51,7.5,50.0,MISSING,4935126,44416.13,MISSING (Stock Unobserved),MISSING,1517551,48.0,MISSING,39.0,0.68,0.63,0.6,0.58,0.63,REAL / DERIVED / MODEL_OUTPUT,"DES, IMD, FCI, CWC & Census Govt of India",https://desagri.gov.in/,2023-12-31,2026-10-08,High
Madhya Pradesh,Panna,22.6284,78.1769,Wheat,90163.0,306554.0,3.4,31087.0,66087.0,6587.0,103761.0,MISSING,28.49,4.5,50.0,MISSING,2506574,22559.17,MISSING (Stock Unobserved),MISSING,751972,48.0,MISSING,33.0,0.68,0.59,0.6,0.46,0.6,REAL / DERIVED / MODEL_OUTPUT,"DES, IMD, FCI, CWC & Census Govt of India",https://desagri.gov.in/,2023-12-31,2026-10-08,High
Madhya Pradesh,Raisen,22.4634,78.6419,Wheat,72844.0,247669.0,3.4,43281.0,78281.0,10781.0,132343.0,MISSING,28.53,1.5,50.0,MISSING,3502493,31522.44,MISSING (Stock Unobserved),MISSING,971941,43.0,MISSING,25.0,0.68,0.49,0.43,0.3,0.51,REAL / DERIVED / MODEL_OUTPUT,"DES, IMD, FCI, CWC & Census Govt of India",https://desagri.gov.in/,2023-12-31,2026-10-08,High
Madhya Pradesh,Rajgarh,22.6884,78.9719,Wheat,57820.0,196588.0,3.4,49938.0,49938.0,6438.0,106314.0,MISSING,28.51,4.5,50.0,MISSING,3074658,27671.92,MISSING (Stock Unobserved),MISSING,1037697,53.0,MISSING,53.0,0.68,0.76,0.77,0.86,0.75,REAL / DERIVED / MODEL_OUTPUT,"DES, IMD, FCI, CWC & Census Govt of India",https://desagri.gov.in/,2023-12-31,2026-10-08,High
Madhya Pradesh,Ratlam,23.5434,78.6719,Wheat,49613.0,168684.0,3.4,55742.0,50742.0,7242.0,113726.0,MISSING,28.52,4.5,50.0,MISSING,5081088,45729.79,MISSING (Stock Unobserved),MISSING,1562434,46.0,MISSING,43.0,0.68,0.63,0.53,0.66,0.63,REAL / DERIVED / MODEL_OUTPUT,"DES, IMD, FCI, CWC & Census Govt of India",https://desagri.gov.in/,2023-12-31,2026-10-08,High
Madhya Pradesh,Rewa,22.3884,78.3269,Wheat,39772.0,135224.0,3.4,43259.0,118259.0,10759.0,172277.0,MISSING,28.54,5.5,50.0,MISSING,2533939,22805.45,MISSING (Stock Unobserved),MISSING,848869,49.0,MISSING,58.0,0.68,0.75,0.63,0.96,0.74,REAL / DERIVED / MODEL_OUTPUT,"DES, IMD, FCI, CWC & Census Govt of India",https://desagri.gov.in/,2023-12-31,2026-10-08,High
Madhya Pradesh,Sagar,22.9734,78.7919,Wheat,79427.0,270051.0,3.4,73628.0,88628.0,5128.0,167384.0,MISSING,28.5,3.5,50.0,MISSING,3556038,32004.34,MISSING (Stock Unobserved),MISSING,1049031,42.0,MISSING,39.0,0.68,0.57,0.4,0.58,0.58,REAL / DERIVED / MODEL_OUTPUT,"DES, IMD, FCI, CWC & Census Govt of India",https://desagri.gov.in/,2023-12-31,2026-10-08,High
Madhya Pradesh,Satna,22.4334,78.8369,Wheat,25538.0,86829.0,3.4,46408.0,76408.0,8908.0,131724.0,MISSING,28.5,2.5,50.0,MISSING,4204394,37839.55,MISSING (Stock Unobserved),MISSING,1303362,53.0,MISSING,32.0,0.68,0.64,0.77,0.44,0.64,REAL / DERIVED / MODEL_OUTPUT,"DES, IMD, FCI, CWC & Census Govt of India",https://desagri.gov.in/,2023-12-31,2026-10-08,High
Madhya Pradesh,Sehore,23.1834,78.0419,Wheat,55973.0,190308.0,3.4,60328.0,45328.0,9828.0,115484.0,MISSING,28.49,1.5,50.0,MISSING,2833953,25505.58,MISSING (Stock Unobserved),MISSING,899780,52.0,MISSING,40.0,0.68,0.67,0.73,0.6,0.67,REAL / DERIVED / MODEL_OUTPUT,"DES, IMD, FCI, CWC & Census Govt of India",https://desagri.gov.in/,2023-12-31,2026-10-08,High
Madhya Pradesh,Seoni,22.8234,78.3119,Wheat,45379.0,154288.0,3.4,42608.0,57608.0,6108.0,106324.0,MISSING,28.48,4.5,50.0,MISSING,2734663,24611.97,MISSING (Stock Unobserved),MISSING,793052,49.0,MISSING,25.0,0.68,0.55,0.63,0.3,0.56,REAL / DERIVED / MODEL_OUTPUT,"DES, IMD, FCI, CWC & Census Govt of India",https://desagri.gov.in/,2023-12-31,2026-10-08,High
Madhya Pradesh,Shahdol,23.1234,78.2219,Wheat,36187.0,123035.0,3.4,72763.0,82763.0,7263.0,162789.0,MISSING,28.48,3.5,50.0,MISSING,4426397,39837.57,MISSING (Stock Unobserved),MISSING,1405381,53.0,MISSING,38.0,0.68,0.67,0.77,0.56,0.67,REAL / DERIVED / MODEL_OUTPUT,"DES, IMD, FCI, CWC & Census Govt of India",https://desagri.gov.in/,2023-12-31,2026-10-08,High
Madhya Pradesh,Shajapur,22.7184,78.4469,Wheat,62608.0,212867.0,3.4,56283.0,41283.0,5783.0,103349.0,MISSING,28.47,6.5,50.0,MISSING,5136394,46227.55,MISSING (Stock Unobserved),MISSING,1489554,43.0,MISSING,34.0,0.68,0.55,0.43,0.48,0.56,REAL / DERIVED / MODEL_OUTPUT,"DES, IMD, FCI, CWC & Census Govt of India",https://desagri.gov.in/,2023-12-31,2026-10-08,High
Madhya Pradesh,Sheopur,22.2984,79.3919,Wheat,26019.0,88464.0,3.4,47547.0,92547.0,9047.0,149141.0,MISSING,28.48,4.5,50.0,MISSING,3925940,35333.46,MISSING (Stock Unobserved),MISSING,1197411,47.0,MISSING,38.0,0.68,0.61,0.57,0.56,0.62,REAL / DERIVED / MODEL_OUTPUT,"DES, IMD, FCI, CWC & Census Govt of India",https://desagri.gov.in/,2023-12-31,2026-10-08,High
Madhya Pradesh,Shivpuri,23.4834,78.0869,Wheat,21272.0,72324.0,3.4,44889.0,69889.0,10389.0,125167.0,MISSING,28.52,3.5,50.0,MISSING,1648317,14834.85,MISSING (Stock Unobserved),MISSING,498615,52.0,MISSING,28.0,0.68,0.6,0.73,0.36,0.61,REAL / DERIVED / MODEL_OUTPUT,"DES, IMD, FCI, CWC & Census Govt of India",https://desagri.gov.in/,2023-12-31,2026-10-08,High
Madhya Pradesh,Sidhi,22.7184,79.1369,Wheat,30751.0,104553.0,3.4,63026.0,58026.0,6526.0,127578.0,MISSING,28.53,2.5,50.0,MISSING,4683481,42151.33,MISSING (Stock Unobserved),MISSING,1323083,50.0,MISSING,17.0,0.68,0.52,0.67,0.14,0.53,REAL / DERIVED / MODEL_OUTPUT,"DES, IMD, FCI, CWC & Census Govt of India",https://desagri.gov.in/,2023-12-31,2026-10-08,High
Madhya Pradesh,Singrauli,22.4484,78.1619,Wheat,35082.0,119278.0,3.4,43972.0,113972.0,6472.0,164416.0,MISSING,28.47,1.5,50.0,MISSING,3229728,29067.55,MISSING (Stock Unobserved),MISSING,1049661,46.0,MISSING,55.0,0.68,0.7,0.53,0.9,0.7,REAL / DERIVED / MODEL_OUTPUT,"DES, IMD, FCI, CWC & Census Govt of India",https://desagri.gov.in/,2023-12-31,2026-10-08,High
Madhya Pradesh,Tikamgarh,22.7634,79.2269,Wheat,82737.0,281305.0,3.4,42283.0,102283.0,10783.0,155349.0,MISSING,28.52,3.5,50.0,MISSING,3935535,35419.82,MISSING (Stock Unobserved),MISSING,1210177,46.0,MISSING,43.0,0.68,0.63,0.53,0.66,0.63,REAL / DERIVED / MODEL_OUTPUT,"DES, IMD, FCI, CWC & Census Govt of India",https://desagri.gov.in/,2023-12-31,2026-10-08,High
Madhya Pradesh,Ujjain,22.7334,78.8969,Wheat,68182.0,231818.0,3.4,47235.0,42235.0,6735.0,96205.0,MISSING,28.5,7.5,50.0,MISSING,2418273,21764.46,MISSING (Stock Unobserved),MISSING,701299,49.0,MISSING,25.0,0.68,0.55,0.63,0.3,0.56,REAL / DERIVED / MODEL_OUTPUT,"DES, IMD, FCI, CWC & Census Govt of India",https://desagri.gov.in/,2023-12-31,2026-10-08,High
Madhya Pradesh,Umaria,22.3884,78.9419,Wheat,16103.0,54750.0,3.4,68502.0,113502.0,6002.0,188006.0,MISSING,28.51,4.5,50.0,MISSING,3908355,35175.19,MISSING (Stock Unobserved),MISSING,1289757,53.0,MISSING,47.0,0.68,0.72,0.77,0.74,0.72,REAL / DERIVED / MODEL_OUTPUT,"DES, IMD, FCI, CWC & Census Govt of India",https://desagri.gov.in/,2023-12-31,2026-10-08,High
Madhya Pradesh,Vidisha,22.3584,78.9869,Wheat,83029.0,282298.0,3.4,42327.0,72327.0,4827.0,119481.0,MISSING,28.5,4.5,50.0,MISSING,2905040,26145.36,MISSING (Stock Unobserved),MISSING,973188,50.0,MISSING,56.0,0.68,0.75,0.67,0.92,0.74,REAL / DERIVED / MODEL_OUTPUT,"DES, IMD, FCI, CWC & Census Govt of India",https://desagri.gov.in/,2023-12-31,2026-10-08,High
Maharashtra,Ahmednagar,19.5565,76.3289,Jowar,67931.0,50948.0,0.75,41421.0,82421.0,7921.0,131763.0,MISSING,28.49,3.5,50.0,MISSING,4290607,38615.46,MISSING (Stock Unobserved),MISSING,1351541,50.0,MISSING,41.0,0.68,0.66,0.67,0.62,0.66,REAL / DERIVED / MODEL_OUTPUT,"DES, IMD, FCI, CWC & Census Govt of India",https://desagri.gov.in/,2023-12-31,2026-10-08,High
Maharashtra,Akola,19.9015,75.8939,Jowar,26472.0,19854.0,0.75,58326.0,40326.0,7326.0,105978.0,MISSING,28.49,6.5,50.0,MISSING,1470119,13231.07,MISSING (Stock Unobserved),MISSING,463087,50.0,MISSING,41.0,0.68,0.66,0.67,0.62,0.66,REAL / DERIVED / MODEL_OUTPUT,"DES, IMD, FCI, CWC & Census Govt of India",https://desagri.gov.in/,2023-12-31,2026-10-08,High
Maharashtra,Amravati,19.3315,75.7739,Jowar,38111.0,28583.0,0.75,45916.0,73916.0,6916.0,126748.0,MISSING,28.48,1.5,50.0,MISSING,3479698,31317.28,MISSING (Stock Unobserved),MISSING,1096104,50.0,MISSING,41.0,0.68,0.66,0.67,0.62,0.66,REAL / DERIVED / MODEL_OUTPUT,"DES, IMD, FCI, CWC & Census Govt of India",https://desagri.gov.in/,2023-12-31,2026-10-08,High
Maharashtra,Aurangabad,20.2915,74.9639,Rice / Paddy,68382.0,164116.0,2.4,15908.0,39908.0,808.0,56624.0,MISSING,28.51,5.5,50.0,MISSING,2328172,20953.55,MISSING (Stock Unobserved),MISSING,727553,53.0,MISSING,35.0,0.68,0.65,0.77,0.5,0.65,REAL / DERIVED / MODEL_OUTPUT,"DES, IMD, FCI, CWC & Census Govt of India",https://desagri.gov.in/,2023-12-31,2026-10-08,High
Maharashtra,Beed,19.4965,76.3889,Jowar,42343.0,31757.0,0.75,37829.0,78829.0,8329.0,124987.0,MISSING,28.49,4.5,50.0,MISSING,2285452,20569.07,MISSING (Stock Unobserved),MISSING,771340,53.0,MISSING,53.0,0.68,0.76,0.77,0.86,0.75,REAL / DERIVED / MODEL_OUTPUT,"DES, IMD, FCI, CWC & Census Govt of India",https://desagri.gov.in/,2023-12-31,2026-10-08,High
Maharashtra,Bhandara,19.7815,76.3589,Jowar,69613.0,52209.0,0.75,40254.0,78254.0,3754.0,122262.0,MISSING,28.49,1.5,50.0,MISSING,4364032,39276.29,MISSING (Stock Unobserved),MISSING,1200108,47.0,MISSING,17.0,0.68,0.48,0.57,0.14,0.5,REAL / DERIVED / MODEL_OUTPUT,"DES, IMD, FCI, CWC & Census Govt of India",https://desagri.gov.in/,2023-12-31,2026-10-08,High
Maharashtra,Buldhana,20.3365,75.5639,Jowar,80132.0,60099.0,0.75,37963.0,59963.0,9963.0,107889.0,MISSING,28.5,7.5,50.0,MISSING,5039484,45355.36,MISSING (Stock Unobserved),MISSING,1549641,49.0,MISSING,37.0,0.68,0.62,0.63,0.54,0.63,REAL / DERIVED / MODEL_OUTPUT,"DES, IMD, FCI, CWC & Census Govt of India",https://desagri.gov.in/,2023-12-31,2026-10-08,High
Maharashtra,Chandrapur,19.9465,75.6089,Jowar,27848.0,20886.0,0.75,30472.0,53472.0,4472.0,88416.0,MISSING,28.51,3.5,50.0,MISSING,1685760,15171.84,MISSING (Stock Unobserved),MISSING,522585,53.0,MISSING,32.0,0.68,0.64,0.77,0.44,0.64,REAL / DERIVED / MODEL_OUTPUT,"DES, IMD, FCI, CWC & Census Govt of India",https://desagri.gov.in/,2023-12-31,2026-10-08,High
Maharashtra,Dhule,19.8565,75.7589,Jowar,90782.0,68086.0,0.75,49911.0,44911.0,5911.0,100733.0,MISSING,28.51,1.5,50.0,MISSING,2714377,24429.39,MISSING (Stock Unobserved),MISSING,760025,46.0,MISSING,22.0,0.68,0.5,0.53,0.24,0.52,REAL / DERIVED / MODEL_OUTPUT,"DES, IMD, FCI, CWC & Census Govt of India",https://desagri.gov.in/,2023-12-31,2026-10-08,High
Maharashtra,Gadchiroli,20.4565,76.1939,Jowar,50885.0,38163.0,0.75,65770.0,55770.0,8770.0,130310.0,MISSING,28.49,3.5,50.0,MISSING,3279458,29515.12,MISSING (Stock Unobserved),MISSING,1000234,51.0,MISSING,33.0,0.68,0.62,0.7,0.46,0.62,REAL / DERIVED / MODEL_OUTPUT,"DES, IMD, FCI, CWC & Census Govt of India",https://desagri.gov.in/,2023-12-31,2026-10-08,High
Maharashtra,Gondia,19.6015,75.8189,Jowar,40180.0,30135.0,0.75,55604.0,46604.0,8604.0,110812.0,MISSING,28.48,4.5,50.0,MISSING,1894361,17049.25,MISSING (Stock Unobserved),MISSING,558836,48.0,MISSING,30.0,0.68,0.57,0.6,0.4,0.58,REAL / DERIVED / MODEL_OUTPUT,"DES, IMD, FCI, CWC & Census Govt of India",https://desagri.gov.in/,2023-12-31,2026-10-08,High
Maharashtra,Hingoli,19.1665,75.9389,Jowar,94429.0,70821.0,0.75,46856.0,60856.0,7356.0,115068.0,MISSING,28.5,1.5,50.0,MISSING,2637388,23736.49,MISSING (Stock Unobserved),MISSING,817590,50.0,MISSING,38.0,0.68,0.64,0.67,0.56,0.64,REAL / DERIVED / MODEL_OUTPUT,"DES, IMD, FCI, CWC & Census Govt of India",https://desagri.gov.in/,2023-12-31,2026-10-08,High
Maharashtra,Jalgaon,19.3615,75.3539,Jowar,33973.0,25479.0,0.75,33218.0,63218.0,4218.0,100654.0,MISSING,28.5,2.5,50.0,MISSING,3061707,27555.36,MISSING (Stock Unobserved),MISSING,895549,44.0,MISSING,35.0,0.68,0.56,0.47,0.5,0.57,REAL / DERIVED / MODEL_OUTPUT,"DES, IMD, FCI, CWC & Census Govt of India",https://desagri.gov.in/,2023-12-31,2026-10-08,High
Maharashtra,Jalna,19.6465,75.2939,Jowar,49262.0,36946.0,0.75,59266.0,51266.0,8766.0,119298.0,MISSING,28.5,5.5,50.0,MISSING,4297220,38674.98,MISSING (Stock Unobserved),MISSING,1299909,51.0,MISSING,30.0,0.68,0.6,0.7,0.4,0.61,REAL / DERIVED / MODEL_OUTPUT,"DES, IMD, FCI, CWC & Census Govt of India",https://desagri.gov.in/,2023-12-31,2026-10-08,High
Maharashtra,Kolhapur,19.1065,76.4039,Jowar,44408.0,33306.0,0.75,31886.0,62886.0,4386.0,99158.0,MISSING,28.5,3.5,50.0,MISSING,2358808,21229.27,MISSING (Stock Unobserved),MISSING,796097,53.0,MISSING,53.0,0.68,0.76,0.77,0.86,0.75,REAL / DERIVED / MODEL_OUTPUT,"DES, IMD, FCI, CWC & Census Govt of India",https://desagri.gov.in/,2023-12-31,2026-10-08,High
Maharashtra,Latur,19.5265,75.2339,Jowar,39233.0,29424.0,0.75,43173.0,60173.0,6673.0,110019.0,MISSING,28.51,1.5,50.0,MISSING,4093444,36841.0,MISSING (Stock Unobserved),MISSING,1125697,46.0,MISSING,19.0,0.68,0.49,0.53,0.18,0.5,REAL / DERIVED / MODEL_OUTPUT,"DES, IMD, FCI, CWC & Census Govt of India",https://desagri.gov.in/,2023-12-31,2026-10-08,High
Maharashtra,Mumbai City,19.076,72.8777,Jowar,80740.0,60555.0,0.75,41725.0,67725.0,8225.0,117675.0,MISSING,28.49,7.5,50.0,MISSING,3746281,33716.53,MISSING (Stock Unobserved),MISSING,1095787,53.0,MISSING,20.0,0.68,0.56,0.77,0.2,0.57,REAL / DERIVED / MODEL_OUTPUT,"DES, IMD, FCI, CWC & Census Govt of India",https://desagri.gov.in/,2023-12-31,2026-10-08,High
Maharashtra,Mumbai Suburban,19.8115,76.2689,Jowar,47037.0,35277.0,0.75,54770.0,34770.0,3770.0,93310.0,MISSING,28.52,1.5,50.0,MISSING,2263589,20372.3,MISSING (Stock Unobserved),MISSING,650781,47.0,MISSING,26.0,0.68,0.54,0.57,0.32,0.55,REAL / DERIVED / MODEL_OUTPUT,"DES, IMD, FCI, CWC & Census Govt of India",https://desagri.gov.in/,2023-12-31,2026-10-08,High
Maharashtra,Nagpur,19.9765,75.5189,Jowar,29117.0,21837.0,0.75,55974.0,68974.0,8974.0,133922.0,MISSING,28.51,2.5,50.0,MISSING,4483438,40350.94,MISSING (Stock Unobserved),MISSING,1232945,46.0,MISSING,19.0,0.68,0.49,0.53,0.18,0.5,REAL / DERIVED / MODEL_OUTPUT,"DES, IMD, FCI, CWC & Census Govt of India",https://desagri.gov.in/,2023-12-31,2026-10-08,High
Maharashtra,Nanded,20.1715,75.9539,Jowar,66634.0,49975.0,0.75,37883.0,45883.0,4383.0,88149.0,MISSING,28.5,5.5,50.0,MISSING,3767985,33911.86,MISSING (Stock Unobserved),MISSING,1177495,46.0,MISSING,46.0,0.68,0.65,0.53,0.72,0.65,REAL / DERIVED / MODEL_OUTPUT,"DES, IMD, FCI, CWC & Census Govt of India",https://desagri.gov.in/,2023-12-31,2026-10-08,High
Maharashtra,Nandurbar,20.2465,76.4039,Jowar,62859.0,47144.0,0.75,51640.0,84640.0,7140.0,143420.0,MISSING,28.5,2.5,50.0,MISSING,2538339,22845.05,MISSING (Stock Unobserved),MISSING,824960,45.0,MISSING,57.0,0.68,0.7,0.5,0.94,0.7,REAL / DERIVED / MODEL_OUTPUT,"DES, IMD, FCI, CWC & Census Govt of India",https://desagri.gov.in/,2023-12-31,2026-10-08,High
Maharashtra,Nashik,19.9975,73.7898,Jowar,71069.0,53301.0,0.75,57236.0,38236.0,9236.0,104708.0,MISSING,28.51,7.5,35.0,MISSING,4023134,36208.21,MISSING (Stock Unobserved),MISSING,1357807,46.0,MISSING,58.0,0.75,0.75,0.53,0.96,0.75,REAL / DERIVED / MODEL_OUTPUT,"DES, IMD, FCI, CWC & Census Govt of India",https://desagri.gov.in/,2023-12-31,2026-10-08,High
Maharashtra,Osmanabad,19.1515,75.7889,Jowar,46793.0,35094.0,0.75,57602.0,65602.0,7102.0,130306.0,MISSING,28.48,3.5,50.0,MISSING,3525798,31732.18,MISSING (Stock Unobserved),MISSING,1084182,49.0,MISSING,37.0,0.68,0.62,0.63,0.54,0.63,REAL / DERIVED / MODEL_OUTPUT,"DES, IMD, FCI, CWC & Census Govt of India",https://desagri.gov.in/,2023-12-31,2026-10-08,High
Maharashtra,Palghar,19.2415,75.2789,Jowar,81754.0,61315.0,0.75,57904.0,60904.0,5904.0,124712.0,MISSING,28.48,5.5,50.0,MISSING,2619430,23574.87,MISSING (Stock Unobserved),MISSING,733440,46.0,MISSING,22.0,0.68,0.5,0.53,0.24,0.52,REAL / DERIVED / MODEL_OUTPUT,"DES, IMD, FCI, CWC & Census Govt of India",https://desagri.gov.in/,2023-12-31,2026-10-08,High
Maharashtra,Parbhani,20.3815,75.4289,Jowar,38726.0,29044.0,0.75,55977.0,53977.0,4477.0,114431.0,MISSING,28.49,6.5,50.0,MISSING,4755538,42799.84,MISSING (Stock Unobserved),MISSING,1557438,53.0,MISSING,44.0,0.68,0.71,0.77,0.68,0.71,REAL / DERIVED / MODEL_OUTPUT,"DES, IMD, FCI, CWC & Census Govt of India",https://desagri.gov.in/,2023-12-31,2026-10-08,High
Maharashtra,Pune,18.5204,73.8567,Jowar,58223.0,43667.0,0.75,58801.0,84801.0,7801.0,151403.0,MISSING,28.5,7.5,50.0,MISSING,3866953,34802.58,MISSING (Stock Unobserved),MISSING,1160085,47.0,MISSING,35.0,0.68,0.59,0.57,0.5,0.6,REAL / DERIVED / MODEL_OUTPUT,"DES, IMD, FCI, CWC & Census Govt of India",https://desagri.gov.in/,2023-12-31,2026-10-08,High
Maharashtra,Raigad,19.9015,76.1489,Jowar,73529.0,55146.0,0.75,65840.0,68840.0,7340.0,142020.0,MISSING,28.48,0.5,50.0,MISSING,2752039,24768.35,MISSING (Stock Unobserved),MISSING,853132,49.0,MISSING,40.0,0.68,0.64,0.63,0.6,0.64,REAL / DERIVED / MODEL_OUTPUT,"DES, IMD, FCI, CWC & Census Govt of India",https://desagri.gov.in/,2023-12-31,2026-10-08,High
Maharashtra,Ratnagiri,20.1415,75.1289,Jowar,52894.0,39670.0,0.75,47979.0,70979.0,3979.0,122937.0,MISSING,28.51,3.5,50.0,MISSING,2780685,25026.17,MISSING (Stock Unobserved),MISSING,820302,47.0,MISSING,32.0,0.68,0.57,0.57,0.44,0.58,REAL / DERIVED / MODEL_OUTPUT,"DES, IMD, FCI, CWC & Census Govt of India",https://desagri.gov.in/,2023-12-31,2026-10-08,High
Maharashtra,Sangli,20.0815,76.4339,Jowar,59730.0,44797.0,0.75,34552.0,70552.0,6052.0,111156.0,MISSING,28.5,1.5,50.0,MISSING,1577490,14197.41,MISSING (Stock Unobserved),MISSING,465359,49.0,MISSING,28.0,0.68,0.57,0.63,0.36,0.58,REAL / DERIVED / MODEL_OUTPUT,"DES, IMD, FCI, CWC & Census Govt of India",https://desagri.gov.in/,2023-12-31,2026-10-08,High
Maharashtra,Satara,20.2315,75.6239,Jowar,83128.0,62346.0,0.75,40086.0,63086.0,6586.0,109758.0,MISSING,28.5,2.5,50.0,MISSING,1788420,16095.78,MISSING (Stock Unobserved),MISSING,505228,50.0,MISSING,17.0,0.68,0.52,0.67,0.14,0.53,REAL / DERIVED / MODEL_OUTPUT,"DES, IMD, FCI, CWC & Census Govt of India",https://desagri.gov.in/,2023-12-31,2026-10-08,High
Maharashtra,Sindhudurg,19.7815,75.0689,Jowar,29072.0,21804.0,0.75,58376.0,30376.0,8376.0,97128.0,MISSING,28.49,1.5,50.0,MISSING,5065718,45591.46,MISSING (Stock Unobserved),MISSING,1456393,46.0,MISSING,28.0,0.68,0.54,0.53,0.36,0.55,REAL / DERIVED / MODEL_OUTPUT,"DES, IMD, FCI, CWC & Census Govt of India",https://desagri.gov.in/,2023-12-31,2026-10-08,High
Maharashtra,Solapur,17.6599,75.9064,Jowar,37759.0,28319.0,0.75,36299.0,79299.0,7799.0,123397.0,MISSING,28.5,1.5,50.0,MISSING,3011302,27101.72,MISSING (Stock Unobserved),MISSING,895862,44.0,MISSING,38.0,0.68,0.58,0.47,0.56,0.59,REAL / DERIVED / MODEL_OUTPUT,"DES, IMD, FCI, CWC & Census Govt of India",https://desagri.gov.in/,2023-12-31,2026-10-08,High
Maharashtra,Thane,19.1065,76.0589,Jowar,45258.0,33943.0,0.75,47996.0,45996.0,8996.0,102988.0,MISSING,28.5,4.5,50.0,MISSING,3986330,35876.97,MISSING (Stock Unobserved),MISSING,1205864,48.0,MISSING,36.0,0.68,0.61,0.6,0.52,0.61,REAL / DERIVED / MODEL_OUTPUT,"DES, IMD, FCI, CWC & Census Govt of India",https://desagri.gov.in/,2023-12-31,2026-10-08,High
Maharashtra,Wardha,19.3015,76.4489,Jowar,84952.0,63714.0,0.75,31442.0,61442.0,7942.0,100826.0,MISSING,28.49,7.5,50.0,MISSING,2336529,21028.76,MISSING (Stock Unobserved),MISSING,700958,49.0,MISSING,31.0,0.68,0.59,0.63,0.42,0.6,REAL / DERIVED / MODEL_OUTPUT,"DES, IMD, FCI, CWC & Census Govt of India",https://desagri.gov.in/,2023-12-31,2026-10-08,High
Maharashtra,Yavatmal,19.2715,76.1189,Jowar,55307.0,41480.0,0.75,45055.0,57055.0,9055.0,111165.0,MISSING,28.49,4.5,50.0,MISSING,1561408,14052.67,MISSING (Stock Unobserved),MISSING,495747,45.0,MISSING,51.0,0.68,0.67,0.5,0.82,0.67,REAL / DERIVED / MODEL_OUTPUT,"DES, IMD, FCI, CWC & Census Govt of India",https://desagri.gov.in/,2023-12-31,2026-10-08,High
Manipur,Bishnupur,24.5137,93.4413,Rice / Paddy,60196.0,150490.0,2.5,25263.0,17263.0,563.0,43089.0,MISSING,28.49,7.5,50.0,MISSING,1517085,13653.76,MISSING (Stock Unobserved),MISSING,443747,46.0,MISSING,31.0,0.68,0.56,0.53,0.42,0.57,REAL / DERIVED / MODEL_OUTPUT,"DES, IMD, FCI, CWC & Census Govt of India",https://desagri.gov.in/,2023-12-31,2026-10-08,High
Manipur,Chandel,24.8137,93.3663,Rice / Paddy,41689.0,104222.0,2.5,21649.0,24649.0,549.0,46847.0,MISSING,28.5,5.5,50.0,MISSING,5244125,47197.12,MISSING (Stock Unobserved),MISSING,1520796,49.0,MISSING,25.0,0.68,0.55,0.63,0.3,0.56,REAL / DERIVED / MODEL_OUTPUT,"DES, IMD, FCI, CWC & Census Govt of India",https://desagri.gov.in/,2023-12-31,2026-10-08,High
Manipur,Churachandpur,25.3687,93.8613,Rice / Paddy,42370.0,105925.0,2.5,14437.0,35437.0,537.0,50411.0,MISSING,28.5,7.5,50.0,MISSING,1449219,13042.97,MISSING (Stock Unobserved),MISSING,423896,47.0,MISSING,29.0,0.68,0.56,0.57,0.38,0.57,REAL / DERIVED / MODEL_OUTPUT,"DES, IMD, FCI, CWC & Census Govt of India",https://desagri.gov.in/,2023-12-31,2026-10-08,High
Manipur,Imphal,24.4687,94.4613,Rice / Paddy,94533.0,236332.0,2.5,26606.0,34606.0,706.0,61918.0,MISSING,28.5,7.5,50.0,MISSING,3909478,35185.3,MISSING (Stock Unobserved),MISSING,1251032,50.0,MISSING,44.0,0.68,0.68,0.67,0.68,0.68,REAL / DERIVED / MODEL_OUTPUT,"DES, IMD, FCI, CWC & Census Govt of India",https://desagri.gov.in/,2023-12-31,2026-10-08,High
Manipur,East,25.0387,93.1713,Rice / Paddy,89800.0,224500.0,2.5,15028.0,21028.0,1128.0,37184.0,MISSING,28.49,0.5,50.0,MISSING,3338652,30047.87,MISSING (Stock Unobserved),MISSING,943169,51.0,MISSING,15.0,0.68,0.51,0.7,0.1,0.53,REAL / DERIVED / MODEL_OUTPUT,"DES, IMD, FCI, CWC & Census Govt of India",https://desagri.gov.in/,2023-12-31,2026-10-08,High
Manipur,Imphal,24.4687,94.4613,Rice / Paddy,94533.0,236332.0,2.5,26606.0,34606.0,706.0,61918.0,MISSING,28.5,7.5,50.0,MISSING,3909478,35185.3,MISSING (Stock Unobserved),MISSING,1251032,50.0,MISSING,44.0,0.68,0.68,0.67,0.68,0.68,REAL / DERIVED / MODEL_OUTPUT,"DES, IMD, FCI, CWC & Census Govt of India",https://desagri.gov.in/,2023-12-31,2026-10-08,High
Manipur,West,25.2787,93.6513,Rice / Paddy,30208.0,75520.0,2.5,15946.0,24946.0,846.0,41738.0,MISSING,28.49,4.5,50.0,MISSING,1904389,17139.5,MISSING (Stock Unobserved),MISSING,590360,43.0,MISSING,49.0,0.68,0.64,0.43,0.78,0.64,REAL / DERIVED / MODEL_OUTPUT,"DES, IMD, FCI, CWC & Census Govt of India",https://desagri.gov.in/,2023-12-31,2026-10-08,High
Manipur,Senapati,24.2437,93.9063,Rice / Paddy,31719.0,79297.0,2.5,29863.0,38863.0,1563.0,70289.0,MISSING,28.51,2.5,50.0,MISSING,3511582,31604.24,MISSING (Stock Unobserved),MISSING,974464,49.0,MISSING,16.0,0.68,0.5,0.63,0.12,0.51,REAL / DERIVED / MODEL_OUTPUT,"DES, IMD, FCI, CWC & Census Govt of India",https://desagri.gov.in/,2023-12-31,2026-10-08,High
Manipur,Tamenglong,24.8887,93.7713,Rice / Paddy,34133.0,85332.0,2.5,23387.0,30387.0,1087.0,54861.0,MISSING,28.51,3.5,50.0,MISSING,2309559,20786.03,MISSING (Stock Unobserved),MISSING,687093,51.0,MISSING,27.0,0.68,0.58,0.7,0.34,0.59,REAL / DERIVED / MODEL_OUTPUT,"DES, IMD, FCI, CWC & Census Govt of India",https://desagri.gov.in/,2023-12-31,2026-10-08,High
Manipur,Thoubal,24.4537,93.3663,Rice / Paddy,86168.0,215420.0,2.5,22422.0,32422.0,1322.0,56166.0,MISSING,28.49,2.5,50.0,MISSING,1861048,16749.43,MISSING (Stock Unobserved),MISSING,604840,48.0,MISSING,51.0,0.68,0.7,0.6,0.82,0.7,REAL / DERIVED / MODEL_OUTPUT,"DES, IMD, FCI, CWC & Census Govt of India",https://desagri.gov.in/,2023-12-31,2026-10-08,High
Manipur,Ukhrul,24.4537,94.2063,Rice / Paddy,91761.0,229402.0,2.5,19912.0,25912.0,1212.0,47036.0,MISSING,28.5,5.5,50.0,MISSING,2171574,19544.17,MISSING (Stock Unobserved),MISSING,635185,52.0,MISSING,22.0,0.68,0.56,0.73,0.24,0.57,REAL / DERIVED / MODEL_OUTPUT,"DES, IMD, FCI, CWC & Census Govt of India",https://desagri.gov.in/,2023-12-31,2026-10-08,High
Meghalaya,East Garo Hills,25.527,90.6912,Rice / Paddy,67172.0,167930.0,2.5,18139.0,19139.0,639.0,37917.0,MISSING,28.49,3.5,50.0,MISSING,3025996,27233.96,MISSING (Stock Unobserved),MISSING,915363,52.0,MISSING,28.0,0.68,0.6,0.73,0.36,0.61,REAL / DERIVED / MODEL_OUTPUT,"DES, IMD, FCI, CWC & Census Govt of India",https://desagri.gov.in/,2023-12-31,2026-10-08,High
Meghalaya,East Jaintia Hills,25.617,91.0962,Rice / Paddy,57262.0,143155.0,2.5,28839.0,18839.0,539.0,48217.0,MISSING,28.48,4.5,50.0,MISSING,2914908,26234.17,MISSING (Stock Unobserved),MISSING,816174,43.0,MISSING,28.0,0.68,0.51,0.43,0.36,0.52,REAL / DERIVED / MODEL_OUTPUT,"DES, IMD, FCI, CWC & Census Govt of India",https://desagri.gov.in/,2023-12-31,2026-10-08,High
Meghalaya,East Khasi Hills,25.152,91.3962,Rice / Paddy,39864.0,99660.0,2.5,15306.0,23306.0,1406.0,40018.0,MISSING,28.53,4.5,50.0,MISSING,4234463,38110.17,MISSING (Stock Unobserved),MISSING,1270338,49.0,MISSING,31.0,0.68,0.59,0.63,0.42,0.6,REAL / DERIVED / MODEL_OUTPUT,"DES, IMD, FCI, CWC & Census Govt of India",https://desagri.gov.in/,2023-12-31,2026-10-08,High
Meghalaya,North Garo Hills,26.022,91.3362,Rice / Paddy,95039.0,237597.0,2.5,12562.0,27562.0,1062.0,41186.0,MISSING,28.47,5.5,50.0,MISSING,5236735,47130.61,MISSING (Stock Unobserved),MISSING,1662663,47.0,MISSING,47.0,0.68,0.67,0.57,0.74,0.67,REAL / DERIVED / MODEL_OUTPUT,"DES, IMD, FCI, CWC & Census Govt of India",https://desagri.gov.in/,2023-12-31,2026-10-08,High
Meghalaya,Ri Bhoi,24.792,91.2912,Rice / Paddy,27923.0,69807.0,2.5,14919.0,26919.0,1019.0,42857.0,MISSING,28.51,2.5,50.0,MISSING,5258158,47323.42,MISSING (Stock Unobserved),MISSING,1406557,43.0,MISSING,19.0,0.68,0.46,0.43,0.18,0.47,REAL / DERIVED / MODEL_OUTPUT,"DES, IMD, FCI, CWC & Census Govt of India",https://desagri.gov.in/,2023-12-31,2026-10-08,High
Meghalaya,South Garo Hills,25.197,91.1562,Rice / Paddy,28030.0,70075.0,2.5,28862.0,22862.0,562.0,52286.0,MISSING,28.5,4.5,50.0,MISSING,4077877,36700.89,MISSING (Stock Unobserved),MISSING,1182584,43.0,MISSING,34.0,0.68,0.55,0.43,0.48,0.56,REAL / DERIVED / MODEL_OUTPUT,"DES, IMD, FCI, CWC & Census Govt of India",https://desagri.gov.in/,2023-12-31,2026-10-08,High
Meghalaya,South West Garo Hills,25.197,91.3962,Rice / Paddy,69179.0,172947.0,2.5,16261.0,25261.0,1161.0,42683.0,MISSING,28.51,6.5,50.0,MISSING,5033045,45297.4,MISSING (Stock Unobserved),MISSING,1396669,42.0,MISSING,27.0,0.68,0.49,0.4,0.34,0.51,REAL / DERIVED / MODEL_OUTPUT,"DES, IMD, FCI, CWC & Census Govt of India",https://desagri.gov.in/,2023-12-31,2026-10-08,High
Meghalaya,South West Khasi Hills,25.602,91.1262,Rice / Paddy,52656.0,131640.0,2.5,20853.0,37853.0,953.0,59659.0,MISSING,28.5,3.5,50.0,MISSING,3594885,32353.97,MISSING (Stock Unobserved),MISSING,997580,44.0,MISSING,23.0,0.68,0.49,0.47,0.26,0.51,REAL / DERIVED / MODEL_OUTPUT,"DES, IMD, FCI, CWC & Census Govt of India",https://desagri.gov.in/,2023-12-31,2026-10-08,High
Meghalaya,West Garo Hills,25.332,91.4262,Rice / Paddy,54072.0,135180.0,2.5,20763.0,19763.0,863.0,41389.0,MISSING,28.47,1.5,50.0,MISSING,4646004,41814.04,MISSING (Stock Unobserved),MISSING,1417031,47.0,MISSING,38.0,0.68,0.61,0.57,0.56,0.62,REAL / DERIVED / MODEL_OUTPUT,"DES, IMD, FCI, CWC & Census Govt of India",https://desagri.gov.in/,2023-12-31,2026-10-08,High
Meghalaya,West Jaintia Hills,25.827,91.3662,Rice / Paddy,94254.0,235635.0,2.5,15736.0,29736.0,636.0,46108.0,MISSING,28.52,6.5,50.0,MISSING,5092391,45831.52,MISSING (Stock Unobserved),MISSING,1642296,49.0,MISSING,49.0,0.68,0.7,0.63,0.78,0.69,REAL / DERIVED / MODEL_OUTPUT,"DES, IMD, FCI, CWC & Census Govt of India",https://desagri.gov.in/,2023-12-31,2026-10-08,High
Meghalaya,West Khasi Hills,24.972,92.0712,Rice / Paddy,94618.0,236545.0,2.5,24530.0,38530.0,1030.0,64090.0,MISSING,28.51,5.5,50.0,MISSING,1442906,12986.15,MISSING (Stock Unobserved),MISSING,440086,52.0,MISSING,31.0,0.68,0.62,0.73,0.42,0.62,REAL / DERIVED / MODEL_OUTPUT,"DES, IMD, FCI, CWC & Census Govt of India",https://desagri.gov.in/,2023-12-31,2026-10-08,High
Mizoram,Aizawl,23.7645,92.2026,Rice / Paddy,75940.0,189850.0,2.5,23726.0,39726.0,1426.0,64878.0,MISSING,28.51,7.5,50.0,MISSING,1651150,14860.35,MISSING (Stock Unobserved),MISSING,528368,46.0,MISSING,52.0,0.68,0.68,0.53,0.84,0.68,REAL / DERIVED / MODEL_OUTPUT,"DES, IMD, FCI, CWC & Census Govt of India",https://desagri.gov.in/,2023-12-31,2026-10-08,High
Mizoram,Champhai,22.6545,92.9226,Rice / Paddy,71560.0,178900.0,2.5,16650.0,33650.0,1550.0,51850.0,MISSING,28.49,1.5,50.0,MISSING,1374582,12371.24,MISSING (Stock Unobserved),MISSING,436429,42.0,MISSING,57.0,0.68,0.67,0.4,0.94,0.67,REAL / DERIVED / MODEL_OUTPUT,"DES, IMD, FCI, CWC & Census Govt of India",https://desagri.gov.in/,2023-12-31,2026-10-08,High
Mizoram,Kolasib,23.6595,93.5226,Rice / Paddy,17273.0,43182.0,2.5,24142.0,34142.0,642.0,58926.0,MISSING,28.5,1.5,50.0,MISSING,5230454,47074.09,MISSING (Stock Unobserved),MISSING,1542983,49.0,MISSING,28.0,0.68,0.57,0.63,0.36,0.58,REAL / DERIVED / MODEL_OUTPUT,"DES, IMD, FCI, CWC & Census Govt of India",https://desagri.gov.in/,2023-12-31,2026-10-08,High
Mizoram,Lawngtlai,23.4795,92.3376,Rice / Paddy,74435.0,186087.0,2.5,19134.0,36134.0,1634.0,56902.0,MISSING,28.48,4.5,50.0,MISSING,2620543,23584.89,MISSING (Stock Unobserved),MISSING,786162,45.0,MISSING,39.0,0.68,0.6,0.5,0.58,0.6,REAL / DERIVED / MODEL_OUTPUT,"DES, IMD, FCI, CWC & Census Govt of India",https://desagri.gov.in/,2023-12-31,2026-10-08,High
Mizoram,Lunglei,22.8945,93.0276,Rice / Paddy,43732.0,109330.0,2.5,15211.0,15211.0,1311.0,31733.0,MISSING,28.52,5.5,50.0,MISSING,2700837,24307.53,MISSING (Stock Unobserved),MISSING,729225,42.0,MISSING,21.0,0.68,0.46,0.4,0.22,0.48,REAL / DERIVED / MODEL_OUTPUT,"DES, IMD, FCI, CWC & Census Govt of India",https://desagri.gov.in/,2023-12-31,2026-10-08,High
Mizoram,Mamit,23.6445,92.9526,Rice / Paddy,75644.0,189110.0,2.5,17002.0,38002.0,702.0,55706.0,MISSING,28.48,0.5,50.0,MISSING,2558838,23029.54,MISSING (Stock Unobserved),MISSING,825225,45.0,MISSING,54.0,0.68,0.69,0.5,0.88,0.69,REAL / DERIVED / MODEL_OUTPUT,"DES, IMD, FCI, CWC & Census Govt of India",https://desagri.gov.in/,2023-12-31,2026-10-08,High
Mizoram,Saiha,23.8695,93.1626,Rice / Paddy,97029.0,242572.0,2.5,28199.0,17199.0,1099.0,46497.0,MISSING,28.53,3.5,50.0,MISSING,2308023,20772.21,MISSING (Stock Unobserved),MISSING,669326,52.0,MISSING,19.0,0.68,0.55,0.73,0.18,0.56,REAL / DERIVED / MODEL_OUTPUT,"DES, IMD, FCI, CWC & Census Govt of India",https://desagri.gov.in/,2023-12-31,2026-10-08,High
Mizoram,Serchhip,23.1795,92.5326,Rice / Paddy,64032.0,160080.0,2.5,25278.0,34278.0,578.0,60134.0,MISSING,28.52,5.5,50.0,MISSING,1479663,13316.97,MISSING (Stock Unobserved),MISSING,447598,48.0,MISSING,36.0,0.68,0.61,0.6,0.52,0.61,REAL / DERIVED / MODEL_OUTPUT,"DES, IMD, FCI, CWC & Census Govt of India",https://desagri.gov.in/,2023-12-31,2026-10-08,High
Nagaland,Dimapur,26.3534,94.3374,Rice / Paddy,39750.0,99375.0,2.5,27860.0,32860.0,760.0,61480.0,MISSING,28.49,7.5,50.0,MISSING,1954826,17593.43,MISSING (Stock Unobserved),MISSING,576673,51.0,MISSING,24.0,0.68,0.57,0.7,0.28,0.58,REAL / DERIVED / MODEL_OUTPUT,"DES, IMD, FCI, CWC & Census Govt of India",https://desagri.gov.in/,2023-12-31,2026-10-08,High
Nagaland,Kiphire,26.4434,94.4424,Rice / Paddy,82707.0,206767.0,2.5,13632.0,23632.0,932.0,38196.0,MISSING,28.51,1.5,50.0,MISSING,3106092,27954.83,MISSING (Stock Unobserved),MISSING,939592,49.0,MISSING,34.0,0.68,0.6,0.63,0.48,0.61,REAL / DERIVED / MODEL_OUTPUT,"DES, IMD, FCI, CWC & Census Govt of India",https://desagri.gov.in/,2023-12-31,2026-10-08,High
Nagaland,Kohima,26.2784,94.8924,Rice / Paddy,55005.0,137512.0,2.5,14112.0,30112.0,1412.0,45636.0,MISSING,28.51,5.5,50.0,MISSING,1709995,15389.95,MISSING (Stock Unobserved),MISSING,487348,44.0,MISSING,29.0,0.68,0.53,0.47,0.38,0.54,REAL / DERIVED / MODEL_OUTPUT,"DES, IMD, FCI, CWC & Census Govt of India",https://desagri.gov.in/,2023-12-31,2026-10-08,High
Nagaland,Longleng,26.1884,94.9524,Rice / Paddy,78071.0,195177.0,2.5,22120.0,32120.0,1020.0,55260.0,MISSING,28.49,4.5,50.0,MISSING,3709256,33383.3,MISSING (Stock Unobserved),MISSING,1020045,47.0,MISSING,17.0,0.68,0.48,0.57,0.14,0.5,REAL / DERIVED / MODEL_OUTPUT,"DES, IMD, FCI, CWC & Census Govt of India",https://desagri.gov.in/,2023-12-31,2026-10-08,High
Nagaland,Mokokchung,26.1734,94.8024,Rice / Paddy,52366.0,130915.0,2.5,22172.0,18172.0,1072.0,41416.0,MISSING,28.48,3.5,50.0,MISSING,3672341,33051.07,MISSING (Stock Unobserved),MISSING,1074159,43.0,MISSING,37.0,0.68,0.56,0.43,0.54,0.57,REAL / DERIVED / MODEL_OUTPUT,"DES, IMD, FCI, CWC & Census Govt of India",https://desagri.gov.in/,2023-12-31,2026-10-08,High
Nagaland,Mon,26.7284,95.0874,Rice / Paddy,73967.0,184917.0,2.5,22497.0,26497.0,1397.0,50391.0,MISSING,28.5,5.5,50.0,MISSING,2305336,20748.02,MISSING (Stock Unobserved),MISSING,714654,43.0,MISSING,49.0,0.68,0.64,0.43,0.78,0.64,REAL / DERIVED / MODEL_OUTPUT,"DES, IMD, FCI, CWC & Census Govt of India",https://desagri.gov.in/,2023-12-31,2026-10-08,High
Nagaland,Peren,26.0984,95.0274,Rice / Paddy,19865.0,49662.0,2.5,22693.0,18693.0,1593.0,42979.0,MISSING,28.49,3.5,50.0,MISSING,4134119,37207.07,MISSING (Stock Unobserved),MISSING,1271241,47.0,MISSING,41.0,0.68,0.63,0.57,0.62,0.63,REAL / DERIVED / MODEL_OUTPUT,"DES, IMD, FCI, CWC & Census Govt of India",https://desagri.gov.in/,2023-12-31,2026-10-08,High
Nagaland,Phek,26.1884,94.8924,Rice / Paddy,96274.0,240685.0,2.5,19602.0,39602.0,902.0,60106.0,MISSING,28.5,4.5,50.0,MISSING,2783679,25053.11,MISSING (Stock Unobserved),MISSING,911654,48.0,MISSING,54.0,0.68,0.72,0.6,0.88,0.71,REAL / DERIVED / MODEL_OUTPUT,"DES, IMD, FCI, CWC & Census Govt of India",https://desagri.gov.in/,2023-12-31,2026-10-08,High
Nagaland,Tuensang,25.6334,94.0524,Rice / Paddy,44717.0,111792.0,2.5,22843.0,37843.0,543.0,61229.0,MISSING,28.49,4.5,50.0,MISSING,5271546,47443.91,MISSING (Stock Unobserved),MISSING,1673715,52.0,MISSING,40.0,0.68,0.67,0.73,0.6,0.67,REAL / DERIVED / MODEL_OUTPUT,"DES, IMD, FCI, CWC & Census Govt of India",https://desagri.gov.in/,2023-12-31,2026-10-08,High
Nagaland,Wokha,25.4834,94.8174,Rice / Paddy,70587.0,176467.0,2.5,17480.0,25480.0,1180.0,44140.0,MISSING,28.48,3.5,50.0,MISSING,3271103,29439.93,MISSING (Stock Unobserved),MISSING,989508,52.0,MISSING,28.0,0.68,0.6,0.73,0.36,0.61,REAL / DERIVED / MODEL_OUTPUT,"DES, IMD, FCI, CWC & Census Govt of India",https://desagri.gov.in/,2023-12-31,2026-10-08,High
Nagaland,Zunheboto,25.5884,94.2924,Rice / Paddy,90395.0,225987.0,2.5,19659.0,28659.0,959.0,49277.0,MISSING,28.49,7.5,50.0,MISSING,2144904,19304.14,MISSING (Stock Unobserved),MISSING,664920,52.0,MISSING,34.0,0.68,0.64,0.73,0.48,0.64,REAL / DERIVED / MODEL_OUTPUT,"DES, IMD, FCI, CWC & Census Govt of India",https://desagri.gov.in/,2023-12-31,2026-10-08,High
Odisha,Angul,20.3667,85.2935,Rice / Paddy,16681.0,43370.0,2.6,26687.0,16687.0,787.0,44161.0,MISSING,28.49,5.5,50.0,MISSING,2677356,24096.2,MISSING (Stock Unobserved),MISSING,856753,48.0,MISSING,48.0,0.68,0.68,0.6,0.76,0.68,REAL / DERIVED / MODEL_OUTPUT,"DES, IMD, FCI, CWC & Census Govt of India",https://desagri.gov.in/,2023-12-31,2026-10-08,High
Odisha,Balangir,21.0117,84.5735,Rice / Paddy,46874.0,121872.0,2.6,25670.0,17670.0,970.0,44310.0,MISSING,28.47,2.5,50.0,MISSING,5001606,45014.45,MISSING (Stock Unobserved),MISSING,1500481,46.0,MISSING,37.0,0.68,0.59,0.53,0.54,0.6,REAL / DERIVED / MODEL_OUTPUT,"DES, IMD, FCI, CWC & Census Govt of India",https://desagri.gov.in/,2023-12-31,2026-10-08,High
Odisha,Balasore,20.2467,84.3935,Rice / Paddy,94962.0,246901.0,2.6,19915.0,37915.0,1215.0,59045.0,MISSING,28.47,1.5,50.0,MISSING,2646589,23819.3,MISSING (Stock Unobserved),MISSING,767510,52.0,MISSING,19.0,0.68,0.55,0.73,0.18,0.56,REAL / DERIVED / MODEL_OUTPUT,"DES, IMD, FCI, CWC & Census Govt of India",https://desagri.gov.in/,2023-12-31,2026-10-08,High
Odisha,Bargarh,20.3067,85.3985,Rice / Paddy,68997.0,179392.0,2.6,26002.0,24002.0,1302.0,51306.0,MISSING,28.51,6.5,50.0,MISSING,4710536,42394.82,MISSING (Stock Unobserved),MISSING,1578029,52.0,MISSING,52.0,0.68,0.74,0.73,0.84,0.74,REAL / DERIVED / MODEL_OUTPUT,"DES, IMD, FCI, CWC & Census Govt of India",https://desagri.gov.in/,2023-12-31,2026-10-08,High
Odisha,Bhadrak,20.8317,84.7685,Rice / Paddy,92643.0,240871.0,2.6,21616.0,15616.0,516.0,37748.0,MISSING,28.48,6.5,50.0,MISSING,3831087,34479.78,MISSING (Stock Unobserved),MISSING,1206792,50.0,MISSING,41.0,0.68,0.66,0.67,0.62,0.66,REAL / DERIVED / MODEL_OUTPUT,"DES, IMD, FCI, CWC & Census Govt of India",https://desagri.gov.in/,2023-12-31,2026-10-08,High
Odisha,Boudh,20.8917,85.5485,Rice / Paddy,91842.0,238789.0,2.6,17556.0,35556.0,1256.0,54368.0,MISSING,28.53,5.5,50.0,MISSING,3253644,29282.8,MISSING (Stock Unobserved),MISSING,959824,46.0,MISSING,34.0,0.68,0.58,0.53,0.48,0.58,REAL / DERIVED / MODEL_OUTPUT,"DES, IMD, FCI, CWC & Census Govt of India",https://desagri.gov.in/,2023-12-31,2026-10-08,High
Odisha,Cuttack,20.4867,85.7735,Rice / Paddy,57029.0,148275.0,2.6,13003.0,29003.0,1503.0,43509.0,MISSING,28.5,5.5,50.0,MISSING,3880427,34923.84,MISSING (Stock Unobserved),MISSING,1202932,44.0,MISSING,47.0,0.68,0.64,0.47,0.74,0.64,REAL / DERIVED / MODEL_OUTPUT,"DES, IMD, FCI, CWC & Census Govt of India",https://desagri.gov.in/,2023-12-31,2026-10-08,High
Odisha,Deogarh,20.5317,85.4135,Rice / Paddy,31006.0,80615.0,2.6,18326.0,26326.0,826.0,45478.0,MISSING,28.5,3.5,50.0,MISSING,4276750,38490.75,MISSING (Stock Unobserved),MISSING,1293716,49.0,MISSING,34.0,0.68,0.6,0.63,0.48,0.61,REAL / DERIVED / MODEL_OUTPUT,"DES, IMD, FCI, CWC & Census Govt of India",https://desagri.gov.in/,2023-12-31,2026-10-08,High
Odisha,Dhenkanal,21.4167,84.9785,Rice / Paddy,24898.0,64734.0,2.6,20165.0,34165.0,1465.0,55795.0,MISSING,28.5,5.5,50.0,MISSING,2337067,21033.6,MISSING (Stock Unobserved),MISSING,683592,47.0,MISSING,29.0,0.68,0.56,0.57,0.38,0.57,REAL / DERIVED / MODEL_OUTPUT,"DES, IMD, FCI, CWC & Census Govt of India",https://desagri.gov.in/,2023-12-31,2026-10-08,High
Odisha,Gajapati,21.1767,84.9035,Rice / Paddy,50381.0,130990.0,2.6,14298.0,19298.0,1598.0,35194.0,MISSING,28.49,7.5,50.0,MISSING,1817521,16357.69,MISSING (Stock Unobserved),MISSING,586150,52.0,MISSING,43.0,0.68,0.69,0.73,0.66,0.69,REAL / DERIVED / MODEL_OUTPUT,"DES, IMD, FCI, CWC & Census Govt of India",https://desagri.gov.in/,2023-12-31,2026-10-08,High
Odisha,Ganjam,21.0117,85.4885,Rice / Paddy,95864.0,249246.0,2.6,13289.0,17289.0,589.0,31167.0,MISSING,28.48,3.5,50.0,MISSING,2050646,18455.81,MISSING (Stock Unobserved),MISSING,656206,47.0,MISSING,50.0,0.68,0.68,0.57,0.8,0.68,REAL / DERIVED / MODEL_OUTPUT,"DES, IMD, FCI, CWC & Census Govt of India",https://desagri.gov.in/,2023-12-31,2026-10-08,High
Odisha,Jagatsinghapur,20.6967,85.0385,Rice / Paddy,92710.0,241046.0,2.6,25653.0,27653.0,953.0,54259.0,MISSING,28.51,5.5,50.0,MISSING,3467595,31208.35,MISSING (Stock Unobserved),MISSING,1074954,45.0,MISSING,45.0,0.68,0.63,0.5,0.7,0.64,REAL / DERIVED / MODEL_OUTPUT,"DES, IMD, FCI, CWC & Census Govt of India",https://desagri.gov.in/,2023-12-31,2026-10-08,High
Odisha,Jajpur,20.8467,85.4735,Rice / Paddy,89645.0,233077.0,2.6,29394.0,20394.0,1094.0,50882.0,MISSING,28.52,0.5,50.0,MISSING,2129135,19162.22,MISSING (Stock Unobserved),MISSING,601480,46.0,MISSING,25.0,0.68,0.52,0.53,0.3,0.53,REAL / DERIVED / MODEL_OUTPUT,"DES, IMD, FCI, CWC & Census Govt of India",https://desagri.gov.in/,2023-12-31,2026-10-08,High
Odisha,Jharsuguda,20.9367,85.4735,Rice / Paddy,73134.0,190148.0,2.6,15355.0,15355.0,1455.0,32165.0,MISSING,28.46,5.5,50.0,MISSING,3230868,29077.81,MISSING (Stock Unobserved),MISSING,904643,46.0,MISSING,22.0,0.68,0.5,0.53,0.24,0.52,REAL / DERIVED / MODEL_OUTPUT,"DES, IMD, FCI, CWC & Census Govt of India",https://desagri.gov.in/,2023-12-31,2026-10-08,High
Odisha,Kalahandi,21.3567,85.2335,Rice / Paddy,20434.0,53128.0,2.6,24804.0,21804.0,1304.0,47912.0,MISSING,28.49,3.5,50.0,MISSING,3911246,35201.21,MISSING (Stock Unobserved),MISSING,1280933,51.0,MISSING,48.0,0.68,0.71,0.7,0.76,0.71,REAL / DERIVED / MODEL_OUTPUT,"DES, IMD, FCI, CWC & Census Govt of India",https://desagri.gov.in/,2023-12-31,2026-10-08,High
Odisha,Kandhamal,21.5517,84.3935,Rice / Paddy,28346.0,73699.0,2.6,14323.0,27323.0,1623.0,43269.0,MISSING,28.48,1.5,50.0,MISSING,2599042,23391.38,MISSING (Stock Unobserved),MISSING,773214,44.0,MISSING,38.0,0.68,0.58,0.47,0.56,0.59,REAL / DERIVED / MODEL_OUTPUT,"DES, IMD, FCI, CWC & Census Govt of India",https://desagri.gov.in/,2023-12-31,2026-10-08,High
Odisha,Kendrapara,20.3967,84.6335,Rice / Paddy,17914.0,46576.0,2.6,16582.0,24582.0,1482.0,42646.0,MISSING,28.5,4.5,50.0,MISSING,3719991,33479.92,MISSING (Stock Unobserved),MISSING,1013697,42.0,MISSING,24.0,0.68,0.48,0.4,0.28,0.49,REAL / DERIVED / MODEL_OUTPUT,"DES, IMD, FCI, CWC & Census Govt of India",https://desagri.gov.in/,2023-12-31,2026-10-08,High
Odisha,Kendujhar,20.2917,85.2185,Rice / Paddy,91424.0,237702.0,2.6,24219.0,39219.0,719.0,64157.0,MISSING,28.51,6.5,50.0,MISSING,4221598,37994.38,MISSING (Stock Unobserved),MISSING,1382573,48.0,MISSING,54.0,0.68,0.72,0.6,0.88,0.71,REAL / DERIVED / MODEL_OUTPUT,"DES, IMD, FCI, CWC & Census Govt of India",https://desagri.gov.in/,2023-12-31,2026-10-08,High
Odisha,Khordha,21.5367,84.7535,Rice / Paddy,64287.0,167146.0,2.6,27497.0,23497.0,1597.0,52591.0,MISSING,28.49,7.5,50.0,MISSING,3173905,28565.15,MISSING (Stock Unobserved),MISSING,904562,50.0,MISSING,20.0,0.68,0.53,0.67,0.2,0.54,REAL / DERIVED / MODEL_OUTPUT,"DES, IMD, FCI, CWC & Census Govt of India",https://desagri.gov.in/,2023-12-31,2026-10-08,High
Odisha,Koraput,20.8467,85.3085,Rice / Paddy,25384.0,65998.0,2.6,17456.0,24456.0,1156.0,43068.0,MISSING,28.52,4.5,50.0,MISSING,4524886,40723.97,MISSING (Stock Unobserved),MISSING,1470587,45.0,MISSING,57.0,0.68,0.7,0.5,0.94,0.7,REAL / DERIVED / MODEL_OUTPUT,"DES, IMD, FCI, CWC & Census Govt of India",https://desagri.gov.in/,2023-12-31,2026-10-08,High
Odisha,Malkangiri,20.6067,85.2335,Rice / Paddy,53995.0,140387.0,2.6,18166.0,26166.0,666.0,44998.0,MISSING,28.5,5.5,50.0,MISSING,3704142,33337.28,MISSING (Stock Unobserved),MISSING,1185325,48.0,MISSING,48.0,0.68,0.68,0.6,0.76,0.68,REAL / DERIVED / MODEL_OUTPUT,"DES, IMD, FCI, CWC & Census Govt of India",https://desagri.gov.in/,2023-12-31,2026-10-08,High
Odisha,Mayurbhanj,20.8467,84.7835,Rice / Paddy,73914.0,192176.0,2.6,12292.0,18292.0,792.0,31376.0,MISSING,28.52,0.5,50.0,MISSING,3267011,29403.1,MISSING (Stock Unobserved),MISSING,1004605,49.0,MISSING,37.0,0.68,0.62,0.63,0.54,0.63,REAL / DERIVED / MODEL_OUTPUT,"DES, IMD, FCI, CWC & Census Govt of India",https://desagri.gov.in/,2023-12-31,2026-10-08,High
Odisha,Nabarangpur,21.2367,85.0685,Rice / Paddy,33983.0,88355.0,2.6,26448.0,31448.0,548.0,58444.0,MISSING,28.49,3.5,50.0,MISSING,4683616,42152.54,MISSING (Stock Unobserved),MISSING,1405084,46.0,MISSING,37.0,0.68,0.59,0.53,0.54,0.6,REAL / DERIVED / MODEL_OUTPUT,"DES, IMD, FCI, CWC & Census Govt of India",https://desagri.gov.in/,2023-12-31,2026-10-08,High
Odisha,Nayagarh,20.8017,84.5585,Rice / Paddy,63317.0,164624.0,2.6,26891.0,37891.0,991.0,65773.0,MISSING,28.5,2.5,50.0,MISSING,3893394,35040.55,MISSING (Stock Unobserved),MISSING,1070683,48.0,MISSING,15.0,0.68,0.48,0.6,0.1,0.5,REAL / DERIVED / MODEL_OUTPUT,"DES, IMD, FCI, CWC & Census Govt of India",https://desagri.gov.in/,2023-12-31,2026-10-08,High
Odisha,Nuapada,21.2517,85.0235,Rice / Paddy,26470.0,68822.0,2.6,19901.0,29901.0,1201.0,51003.0,MISSING,28.53,1.5,50.0,MISSING,4108506,36976.55,MISSING (Stock Unobserved),MISSING,1407163,53.0,MISSING,56.0,0.68,0.78,0.77,0.92,0.77,REAL / DERIVED / MODEL_OUTPUT,"DES, IMD, FCI, CWC & Census Govt of India",https://desagri.gov.in/,2023-12-31,2026-10-08,High
Odisha,Puri,20.6217,84.7685,Rice / Paddy,99498.0,258694.0,2.6,22529.0,38529.0,1429.0,62487.0,MISSING,28.52,0.5,50.0,MISSING,3304342,29739.08,MISSING (Stock Unobserved),MISSING,900433,46.0,MISSING,16.0,0.68,0.47,0.53,0.12,0.49,REAL / DERIVED / MODEL_OUTPUT,"DES, IMD, FCI, CWC & Census Govt of India",https://desagri.gov.in/,2023-12-31,2026-10-08,High
Odisha,Rayagada,21.4767,84.3785,Rice / Paddy,80747.0,209942.0,2.6,13739.0,36739.0,1039.0,51517.0,MISSING,28.49,7.5,50.0,MISSING,2001592,18014.33,MISSING (Stock Unobserved),MISSING,645513,50.0,MISSING,47.0,0.68,0.7,0.67,0.74,0.69,REAL / DERIVED / MODEL_OUTPUT,"DES, IMD, FCI, CWC & Census Govt of India",https://desagri.gov.in/,2023-12-31,2026-10-08,High
Odisha,Sambalpur,20.6667,84.7385,Rice / Paddy,48545.0,126217.0,2.6,14884.0,31884.0,984.0,47752.0,MISSING,28.5,5.5,50.0,MISSING,2055159,18496.43,MISSING (Stock Unobserved),MISSING,606271,48.0,MISSING,30.0,0.68,0.57,0.6,0.4,0.58,REAL / DERIVED / MODEL_OUTPUT,"DES, IMD, FCI, CWC & Census Govt of India",https://desagri.gov.in/,2023-12-31,2026-10-08,High
Odisha,Subarnapur,20.5017,84.4385,Rice / Paddy,65957.0,171488.0,2.6,15562.0,15562.0,1662.0,32786.0,MISSING,28.51,0.5,50.0,MISSING,1977370,17796.33,MISSING (Stock Unobserved),MISSING,622871,50.0,MISSING,41.0,0.68,0.66,0.67,0.62,0.66,REAL / DERIVED / MODEL_OUTPUT,"DES, IMD, FCI, CWC & Census Govt of India",https://desagri.gov.in/,2023-12-31,2026-10-08,High
Odisha,Sundargarh,20.2167,85.4885,Rice / Paddy,23478.0,61042.0,2.6,18466.0,18466.0,966.0,37898.0,MISSING,28.5,3.5,50.0,MISSING,3986505,35878.54,MISSING (Stock Unobserved),MISSING,1315546,47.0,MISSING,56.0,0.68,0.72,0.57,0.92,0.72,REAL / DERIVED / MODEL_OUTPUT,"DES, IMD, FCI, CWC & Census Govt of India",https://desagri.gov.in/,2023-12-31,2026-10-08,High
Punjab,Amritsar,31.634,74.8723,Rice / Paddy,46250.0,194250.0,4.2,97406.0,87406.0,3606.0,188418.0,MISSING,28.51,1.5,50.0,MISSING,5049607,45446.46,MISSING (Stock Unobserved),MISSING,1704242,52.0,MISSING,55.0,0.68,0.76,0.73,0.9,0.75,REAL / DERIVED / MODEL_OUTPUT,"DES, IMD, FCI, CWC & Census Govt of India",https://desagri.gov.in/,2023-12-31,2026-10-08,High
Punjab,Barnala,31.2521,75.0712,Rice / Paddy,39636.0,166471.0,4.2,55491.0,105491.0,1691.0,162673.0,MISSING,28.51,6.5,50.0,MISSING,2433407,21900.66,MISSING (Stock Unobserved),MISSING,736105,44.0,MISSING,41.0,0.68,0.6,0.47,0.62,0.61,REAL / DERIVED / MODEL_OUTPUT,"DES, IMD, FCI, CWC & Census Govt of India",https://desagri.gov.in/,2023-12-31,2026-10-08,High
Punjab,Bathinda,31.1771,75.9262,Rice / Paddy,83169.0,349309.0,4.2,94264.0,69264.0,2964.0,166492.0,MISSING,28.49,0.5,50.0,MISSING,3413866,30724.79,MISSING (Stock Unobserved),MISSING,1100971,43.0,MISSING,58.0,0.68,0.69,0.43,0.96,0.69,REAL / DERIVED / MODEL_OUTPUT,"DES, IMD, FCI, CWC & Census Govt of India",https://desagri.gov.in/,2023-12-31,2026-10-08,High
Punjab,Faridkot,31.6871,75.2662,Rice / Paddy,35310.0,148302.0,4.2,91480.0,161480.0,2680.0,255640.0,MISSING,28.5,7.5,50.0,MISSING,4821099,43389.89,MISSING (Stock Unobserved),MISSING,1470435,43.0,MISSING,46.0,0.68,0.62,0.43,0.72,0.62,REAL / DERIVED / MODEL_OUTPUT,"DES, IMD, FCI, CWC & Census Govt of India",https://desagri.gov.in/,2023-12-31,2026-10-08,High
Punjab,Fatehgarh Sahib,31.0421,74.6062,Rice / Paddy,60975.0,256095.0,4.2,79958.0,179958.0,3658.0,263574.0,MISSING,28.5,1.5,50.0,MISSING,5252196,47269.76,MISSING (Stock Unobserved),MISSING,1457484,44.0,MISSING,23.0,0.68,0.49,0.47,0.26,0.51,REAL / DERIVED / MODEL_OUTPUT,"DES, IMD, FCI, CWC & Census Govt of India",https://desagri.gov.in/,2023-12-31,2026-10-08,High
Punjab,Fazilka,31.2071,75.4612,Rice / Paddy,73562.0,308960.0,4.2,97695.0,87695.0,1395.0,186785.0,MISSING,28.5,6.5,50.0,MISSING,4181364,37632.28,MISSING (Stock Unobserved),MISSING,1118514,43.0,MISSING,19.0,0.68,0.46,0.43,0.18,0.47,REAL / DERIVED / MODEL_OUTPUT,"DES, IMD, FCI, CWC & Census Govt of India",https://desagri.gov.in/,2023-12-31,2026-10-08,High
Punjab,Firozpur,30.8471,75.0262,Rice / Paddy,30183.0,126768.0,4.2,82360.0,137360.0,3560.0,223280.0,MISSING,28.48,1.5,50.0,MISSING,1579256,14213.3,MISSING (Stock Unobserved),MISSING,493517,44.0,MISSING,50.0,0.68,0.65,0.47,0.8,0.65,REAL / DERIVED / MODEL_OUTPUT,"DES, IMD, FCI, CWC & Census Govt of India",https://desagri.gov.in/,2023-12-31,2026-10-08,High
Punjab,Gurdaspur,31.0121,75.9262,Rice / Paddy,102339.0,429823.0,4.2,56977.0,66977.0,3177.0,127131.0,MISSING,28.48,4.5,50.0,MISSING,3201416,28812.74,MISSING (Stock Unobserved),MISSING,928410,49.0,MISSING,25.0,0.68,0.55,0.63,0.3,0.56,REAL / DERIVED / MODEL_OUTPUT,"DES, IMD, FCI, CWC & Census Govt of India",https://desagri.gov.in/,2023-12-31,2026-10-08,High
Punjab,Hoshiarpur,30.6221,76.0762,Rice / Paddy,73267.0,307721.0,4.2,90489.0,100489.0,1689.0,192667.0,MISSING,28.5,0.5,50.0,MISSING,1994153,17947.38,MISSING (Stock Unobserved),MISSING,588275,48.0,MISSING,30.0,0.68,0.57,0.6,0.4,0.58,REAL / DERIVED / MODEL_OUTPUT,"DES, IMD, FCI, CWC & Census Govt of India",https://desagri.gov.in/,2023-12-31,2026-10-08,High
Punjab,Jalandhar,31.8071,74.6062,Rice / Paddy,38068.0,159885.0,4.2,57376.0,72376.0,3576.0,133328.0,MISSING,28.52,4.5,50.0,MISSING,2435002,21915.02,MISSING (Stock Unobserved),MISSING,754850,51.0,MISSING,36.0,0.68,0.64,0.7,0.52,0.64,REAL / DERIVED / MODEL_OUTPUT,"DES, IMD, FCI, CWC & Census Govt of India",https://desagri.gov.in/,2023-12-31,2026-10-08,High
Punjab,Kapurthala,30.5471,75.6712,Rice / Paddy,50828.0,213477.0,4.2,75226.0,125226.0,1426.0,201878.0,MISSING,28.5,2.5,50.0,MISSING,2639268,23753.41,MISSING (Stock Unobserved),MISSING,719200,43.0,MISSING,22.0,0.68,0.47,0.43,0.24,0.49,REAL / DERIVED / MODEL_OUTPUT,"DES, IMD, FCI, CWC & Census Govt of India",https://desagri.gov.in/,2023-12-31,2026-10-08,High
Punjab,Ludhiana,30.901,75.8573,Rice / Paddy,28079.0,117931.0,4.2,53096.0,178096.0,1796.0,232988.0,MISSING,28.5,0.5,88.0,MISSING,4653898,41885.08,MISSING (Stock Unobserved),MISSING,1210013,49.0,MISSING,19.0,0.49,0.44,0.63,0.18,0.44,REAL / DERIVED / MODEL_OUTPUT,"DES, IMD, FCI, CWC & Census Govt of India",https://desagri.gov.in/,2023-12-31,2026-10-08,High
Punjab,Mansa,30.8771,75.6712,Rice / Paddy,97365.0,408933.0,4.2,65250.0,145250.0,1450.0,211950.0,MISSING,28.49,7.5,50.0,MISSING,3571159,32140.43,MISSING (Stock Unobserved),MISSING,1053491,49.0,MISSING,28.0,0.68,0.57,0.63,0.36,0.58,REAL / DERIVED / MODEL_OUTPUT,"DES, IMD, FCI, CWC & Census Govt of India",https://desagri.gov.in/,2023-12-31,2026-10-08,High
Punjab,Moga,30.9221,74.7562,Rice / Paddy,59355.0,249291.0,4.2,80697.0,75697.0,1897.0,158291.0,MISSING,28.48,3.5,50.0,MISSING,1453843,13084.59,MISSING (Stock Unobserved),MISSING,439787,50.0,MISSING,32.0,0.68,0.6,0.67,0.44,0.61,REAL / DERIVED / MODEL_OUTPUT,"DES, IMD, FCI, CWC & Census Govt of India",https://desagri.gov.in/,2023-12-31,2026-10-08,High
Punjab,Muktsar,31.4321,75.8962,Rice / Paddy,94924.0,398680.0,4.2,75212.0,110212.0,1412.0,186836.0,MISSING,28.51,7.5,50.0,MISSING,2292178,20629.6,MISSING (Stock Unobserved),MISSING,687653,46.0,MISSING,37.0,0.68,0.59,0.53,0.54,0.6,REAL / DERIVED / MODEL_OUTPUT,"DES, IMD, FCI, CWC & Census Govt of India",https://desagri.gov.in/,2023-12-31,2026-10-08,High
Punjab,Pathankot,31.2821,74.6962,Rice / Paddy,23591.0,99082.0,4.2,79290.0,164290.0,2990.0,246570.0,MISSING,28.52,5.5,50.0,MISSING,3714544,33430.9,MISSING (Stock Unobserved),MISSING,1086504,44.0,MISSING,35.0,0.68,0.56,0.47,0.5,0.57,REAL / DERIVED / MODEL_OUTPUT,"DES, IMD, FCI, CWC & Census Govt of India",https://desagri.gov.in/,2023-12-31,2026-10-08,High
Punjab,Patiala,31.8071,75.8062,Rice / Paddy,79355.0,333291.0,4.2,91767.0,106767.0,2967.0,201501.0,MISSING,28.47,4.5,50.0,MISSING,1874722,16872.5,MISSING (Stock Unobserved),MISSING,618658,51.0,MISSING,51.0,0.68,0.73,0.7,0.82,0.72,REAL / DERIVED / MODEL_OUTPUT,"DES, IMD, FCI, CWC & Census Govt of India",https://desagri.gov.in/,2023-12-31,2026-10-08,High
Punjab,Rupnagar,30.4421,75.1012,Rice / Paddy,91034.0,382342.0,4.2,86074.0,71074.0,2274.0,159422.0,MISSING,28.52,2.5,50.0,MISSING,3965931,35693.38,MISSING (Stock Unobserved),MISSING,1328586,49.0,MISSING,58.0,0.68,0.75,0.63,0.96,0.74,REAL / DERIVED / MODEL_OUTPUT,"DES, IMD, FCI, CWC & Census Govt of India",https://desagri.gov.in/,2023-12-31,2026-10-08,High
Punjab,Sahibzada Ajit Singh Nagar,31.0571,75.7612,Rice / Paddy,68199.0,286435.0,4.2,103664.0,143664.0,2364.0,249692.0,MISSING,28.48,6.5,50.0,MISSING,5293454,47641.09,MISSING (Stock Unobserved),MISSING,1693905,46.0,MISSING,52.0,0.68,0.68,0.53,0.84,0.68,REAL / DERIVED / MODEL_OUTPUT,"DES, IMD, FCI, CWC & Census Govt of India",https://desagri.gov.in/,2023-12-31,2026-10-08,High
Punjab,Sangrur,31.2821,74.7862,Rice / Paddy,18412.0,77330.0,4.2,56192.0,151192.0,2392.0,209776.0,MISSING,28.5,7.5,50.0,MISSING,3023617,27212.55,MISSING (Stock Unobserved),MISSING,876848,53.0,MISSING,17.0,0.68,0.55,0.77,0.14,0.56,REAL / DERIVED / MODEL_OUTPUT,"DES, IMD, FCI, CWC & Census Govt of India",https://desagri.gov.in/,2023-12-31,2026-10-08,High
Punjab,Shahid Bhagat Singh Nagar,31.7471,74.7112,Rice / Paddy,51841.0,217732.0,4.2,87711.0,162711.0,1411.0,251833.0,MISSING,28.5,3.5,50.0,MISSING,3307626,29768.63,MISSING (Stock Unobserved),MISSING,984018,45.0,MISSING,36.0,0.68,0.58,0.5,0.52,0.59,REAL / DERIVED / MODEL_OUTPUT,"DES, IMD, FCI, CWC & Census Govt of India",https://desagri.gov.in/,2023-12-31,2026-10-08,High
Punjab,Tarn Taran,31.1471,74.8012,Rice / Paddy,63914.0,268438.0,4.2,49301.0,69301.0,3001.0,121603.0,MISSING,28.5,4.5,50.0,MISSING,2278809,20509.28,MISSING (Stock Unobserved),MISSING,752006,46.0,MISSING,58.0,0.68,0.72,0.53,0.96,0.72,REAL / DERIVED / MODEL_OUTPUT,"DES, IMD, FCI, CWC & Census Govt of India",https://desagri.gov.in/,2023-12-31,2026-10-08,High
Rajasthan,Ajmer,27.2638,74.1579,Rice / Paddy,25000.0,75000.0,3.0,27051.0,30051.0,1151.0,58253.0,MISSING,28.51,2.5,50.0,MISSING,2190314,19712.83,MISSING (Stock Unobserved),MISSING,613287,43.0,MISSING,28.0,0.68,0.51,0.43,0.36,0.52,REAL / DERIVED / MODEL_OUTPUT,"DES, IMD, FCI, CWC & Census Govt of India",https://desagri.gov.in/,2023-12-31,2026-10-08,High
Rajasthan,Alwar,27.0838,74.2779,Rice / Paddy,25000.0,75000.0,3.0,15866.0,35866.0,766.0,52498.0,MISSING,28.49,5.5,50.0,MISSING,4000615,36005.54,MISSING (Stock Unobserved),MISSING,1270195,53.0,MISSING,38.0,0.68,0.67,0.77,0.56,0.67,REAL / DERIVED / MODEL_OUTPUT,"DES, IMD, FCI, CWC & Census Govt of India",https://desagri.gov.in/,2023-12-31,2026-10-08,High
Rajasthan,Banswara,27.1588,74.2179,Rice / Paddy,25000.0,75000.0,3.0,27744.0,27744.0,644.0,56132.0,MISSING,28.51,2.5,50.0,MISSING,2608097,23472.87,MISSING (Stock Unobserved),MISSING,808510,52.0,MISSING,34.0,0.68,0.64,0.73,0.48,0.64,REAL / DERIVED / MODEL_OUTPUT,"DES, IMD, FCI, CWC & Census Govt of India",https://desagri.gov.in/,2023-12-31,2026-10-08,High
Rajasthan,Baran,26.7538,74.7279,Rice / Paddy,25000.0,75000.0,3.0,29538.0,23538.0,1238.0,54314.0,MISSING,28.52,3.5,50.0,MISSING,2030366,18273.29,MISSING (Stock Unobserved),MISSING,588806,53.0,MISSING,17.0,0.68,0.55,0.77,0.14,0.56,REAL / DERIVED / MODEL_OUTPUT,"DES, IMD, FCI, CWC & Census Govt of India",https://desagri.gov.in/,2023-12-31,2026-10-08,High
Rajasthan,Barmer,26.9638,74.6079,Rice / Paddy,25000.0,75000.0,3.0,29110.0,31110.0,810.0,61030.0,MISSING,28.51,6.5,50.0,MISSING,2587616,23288.54,MISSING (Stock Unobserved),MISSING,821568,44.0,MISSING,53.0,0.68,0.67,0.47,0.86,0.67,REAL / DERIVED / MODEL_OUTPUT,"DES, IMD, FCI, CWC & Census Govt of India",https://desagri.gov.in/,2023-12-31,2026-10-08,High
Rajasthan,Bharatpur,26.6788,74.1879,Rice / Paddy,25000.0,75000.0,3.0,28277.0,31277.0,1177.0,60731.0,MISSING,28.52,3.5,50.0,MISSING,1978423,17805.81,MISSING (Stock Unobserved),MISSING,623203,48.0,MISSING,45.0,0.68,0.66,0.6,0.7,0.66,REAL / DERIVED / MODEL_OUTPUT,"DES, IMD, FCI, CWC & Census Govt of India",https://desagri.gov.in/,2023-12-31,2026-10-08,High
Rajasthan,Bhilwara,27.6538,73.4829,Rice / Paddy,25000.0,75000.0,3.0,21969.0,33969.0,869.0,56807.0,MISSING,28.5,2.5,50.0,MISSING,3057168,27514.51,MISSING (Stock Unobserved),MISSING,817792,44.0,MISSING,17.0,0.68,0.46,0.47,0.14,0.47,REAL / DERIVED / MODEL_OUTPUT,"DES, IMD, FCI, CWC & Census Govt of India",https://desagri.gov.in/,2023-12-31,2026-10-08,High
Rajasthan,Bikaner,27.3688,74.2329,Rice / Paddy,25000.0,75000.0,3.0,25171.0,31171.0,1671.0,58013.0,MISSING,28.49,6.5,50.0,MISSING,4145363,37308.27,MISSING (Stock Unobserved),MISSING,1264335,46.0,MISSING,40.0,0.68,0.61,0.53,0.6,0.62,REAL / DERIVED / MODEL_OUTPUT,"DES, IMD, FCI, CWC & Census Govt of India",https://desagri.gov.in/,2023-12-31,2026-10-08,High
Rajasthan,Bundi,26.4988,73.9779,Rice / Paddy,25000.0,75000.0,3.0,21371.0,36371.0,1471.0,59213.0,MISSING,28.51,6.5,50.0,MISSING,3915563,35240.07,MISSING (Stock Unobserved),MISSING,1155091,42.0,MISSING,39.0,0.68,0.57,0.4,0.58,0.58,REAL / DERIVED / MODEL_OUTPUT,"DES, IMD, FCI, CWC & Census Govt of India",https://desagri.gov.in/,2023-12-31,2026-10-08,High
Rajasthan,Chittorgarh,26.9488,74.0979,Rice / Paddy,25000.0,75000.0,3.0,13841.0,16841.0,1141.0,31823.0,MISSING,28.52,5.5,50.0,MISSING,2700761,24306.85,MISSING (Stock Unobserved),MISSING,843987,47.0,MISSING,44.0,0.68,0.65,0.57,0.68,0.65,REAL / DERIVED / MODEL_OUTPUT,"DES, IMD, FCI, CWC & Census Govt of India",https://desagri.gov.in/,2023-12-31,2026-10-08,High
Rajasthan,Churu,26.4988,73.6029,Rice / Paddy,25000.0,75000.0,3.0,15371.0,36371.0,1471.0,53213.0,MISSING,28.5,0.5,50.0,MISSING,4642128,41779.15,MISSING (Stock Unobserved),MISSING,1415849,51.0,MISSING,33.0,0.68,0.62,0.7,0.46,0.62,REAL / DERIVED / MODEL_OUTPUT,"DES, IMD, FCI, CWC & Census Govt of India",https://desagri.gov.in/,2023-12-31,2026-10-08,High
Rajasthan,Dausa,26.4238,74.3379,Rice / Paddy,25000.0,75000.0,3.0,14447.0,25447.0,547.0,40441.0,MISSING,28.48,1.5,50.0,MISSING,2977960,26801.64,MISSING (Stock Unobserved),MISSING,997616,51.0,MISSING,54.0,0.68,0.75,0.7,0.88,0.74,REAL / DERIVED / MODEL_OUTPUT,"DES, IMD, FCI, CWC & Census Govt of India",https://desagri.gov.in/,2023-12-31,2026-10-08,High
Rajasthan,Dholpur,26.8888,73.9179,Rice / Paddy,25000.0,75000.0,3.0,29408.0,39408.0,1108.0,69924.0,MISSING,28.53,3.5,50.0,MISSING,3098360,27885.24,MISSING (Stock Unobserved),MISSING,859794,44.0,MISSING,23.0,0.68,0.49,0.47,0.26,0.51,REAL / DERIVED / MODEL_OUTPUT,"DES, IMD, FCI, CWC & Census Govt of India",https://desagri.gov.in/,2023-12-31,2026-10-08,High
Rajasthan,Dungarpur,26.3488,74.6979,Rice / Paddy,25000.0,75000.0,3.0,14621.0,29621.0,721.0,44963.0,MISSING,28.5,3.5,50.0,MISSING,4748708,42738.37,MISSING (Stock Unobserved),MISSING,1412740,44.0,MISSING,38.0,0.68,0.58,0.47,0.56,0.59,REAL / DERIVED / MODEL_OUTPUT,"DES, IMD, FCI, CWC & Census Govt of India",https://desagri.gov.in/,2023-12-31,2026-10-08,High
Rajasthan,Ganganagar,27.3988,73.7229,Rice / Paddy,25000.0,75000.0,3.0,13500.0,38500.0,800.0,52800.0,MISSING,28.51,6.5,50.0,MISSING,4363698,39273.28,MISSING (Stock Unobserved),MISSING,1440020,51.0,MISSING,51.0,0.68,0.73,0.7,0.82,0.72,REAL / DERIVED / MODEL_OUTPUT,"DES, IMD, FCI, CWC & Census Govt of India",https://desagri.gov.in/,2023-12-31,2026-10-08,High
Rajasthan,Hanumangarh,26.7388,73.6629,Rice / Paddy,25000.0,75000.0,3.0,17080.0,28080.0,780.0,45940.0,MISSING,28.48,3.5,50.0,MISSING,4886711,43980.4,MISSING (Stock Unobserved),MISSING,1404929,46.0,MISSING,28.0,0.68,0.54,0.53,0.36,0.55,REAL / DERIVED / MODEL_OUTPUT,"DES, IMD, FCI, CWC & Census Govt of India",https://desagri.gov.in/,2023-12-31,2026-10-08,High
Rajasthan,Jaipur,26.9124,75.7873,Rice / Paddy,25000.0,75000.0,3.0,22970.0,17970.0,670.0,41610.0,MISSING,28.48,7.5,50.0,MISSING,2940599,26465.39,MISSING (Stock Unobserved),MISSING,830719,47.0,MISSING,23.0,0.68,0.52,0.57,0.26,0.53,REAL / DERIVED / MODEL_OUTPUT,"DES, IMD, FCI, CWC & Census Govt of India",https://desagri.gov.in/,2023-12-31,2026-10-08,High
Rajasthan,Jaisalmer,27.0388,73.6479,Rice / Paddy,25000.0,75000.0,3.0,15964.0,35964.0,864.0,52792.0,MISSING,28.49,5.5,50.0,MISSING,1715202,15436.82,MISSING (Stock Unobserved),MISSING,501696,53.0,MISSING,20.0,0.68,0.56,0.77,0.2,0.57,REAL / DERIVED / MODEL_OUTPUT,"DES, IMD, FCI, CWC & Census Govt of India",https://desagri.gov.in/,2023-12-31,2026-10-08,High
Rajasthan,Jalore,27.3688,74.4579,Rice / Paddy,25000.0,75000.0,3.0,15309.0,31309.0,1409.0,48027.0,MISSING,28.5,0.5,50.0,MISSING,4151594,37364.35,MISSING (Stock Unobserved),MISSING,1214341,47.0,MISSING,29.0,0.68,0.56,0.57,0.38,0.57,REAL / DERIVED / MODEL_OUTPUT,"DES, IMD, FCI, CWC & Census Govt of India",https://desagri.gov.in/,2023-12-31,2026-10-08,High
Rajasthan,Jhalawar,26.9338,74.2629,Rice / Paddy,25000.0,75000.0,3.0,21458.0,15458.0,1558.0,38474.0,MISSING,28.51,3.5,50.0,MISSING,1690550,15214.95,MISSING (Stock Unobserved),MISSING,579013,52.0,MISSING,58.0,0.68,0.78,0.73,0.96,0.77,REAL / DERIVED / MODEL_OUTPUT,"DES, IMD, FCI, CWC & Census Govt of India",https://desagri.gov.in/,2023-12-31,2026-10-08,High
Rajasthan,Jhunjhunu,26.7988,73.9479,Rice / Paddy,25000.0,75000.0,3.0,26224.0,32224.0,1524.0,59972.0,MISSING,28.48,6.5,50.0,MISSING,3967754,35709.79,MISSING (Stock Unobserved),MISSING,1210164,43.0,MISSING,46.0,0.68,0.62,0.43,0.72,0.62,REAL / DERIVED / MODEL_OUTPUT,"DES, IMD, FCI, CWC & Census Govt of India",https://desagri.gov.in/,2023-12-31,2026-10-08,High
Rajasthan,Jodhpur,26.3638,74.7429,Rice / Paddy,25000.0,75000.0,3.0,16041.0,32041.0,941.0,49023.0,MISSING,28.52,0.5,50.0,MISSING,2146956,19322.6,MISSING (Stock Unobserved),MISSING,719230,53.0,MISSING,50.0,0.68,0.74,0.77,0.8,0.74,REAL / DERIVED / MODEL_OUTPUT,"DES, IMD, FCI, CWC & Census Govt of India",https://desagri.gov.in/,2023-12-31,2026-10-08,High
Rajasthan,Karauli,26.6938,74.1129,Rice / Paddy,25000.0,75000.0,3.0,15917.0,32917.0,817.0,49651.0,MISSING,28.49,6.5,50.0,MISSING,1945153,17506.38,MISSING (Stock Unobserved),MISSING,617586,43.0,MISSING,55.0,0.68,0.67,0.43,0.9,0.67,REAL / DERIVED / MODEL_OUTPUT,"DES, IMD, FCI, CWC & Census Govt of India",https://desagri.gov.in/,2023-12-31,2026-10-08,High
Rajasthan,Kota,27.2188,73.9629,Rice / Paddy,25000.0,75000.0,3.0,25115.0,15115.0,1615.0,41845.0,MISSING,28.49,3.5,50.0,MISSING,2318583,20867.25,MISSING (Stock Unobserved),MISSING,649203,47.0,MISSING,20.0,0.68,0.5,0.57,0.2,0.52,REAL / DERIVED / MODEL_OUTPUT,"DES, IMD, FCI, CWC & Census Govt of India",https://desagri.gov.in/,2023-12-31,2026-10-08,High
Rajasthan,Nagaur,27.0838,73.8579,Rice / Paddy,25000.0,75000.0,3.0,17101.0,19101.0,801.0,37003.0,MISSING,28.48,5.5,50.0,MISSING,1655259,14897.33,MISSING (Stock Unobserved),MISSING,463472,45.0,MISSING,24.0,0.68,0.51,0.5,0.28,0.52,REAL / DERIVED / MODEL_OUTPUT,"DES, IMD, FCI, CWC & Census Govt of India",https://desagri.gov.in/,2023-12-31,2026-10-08,High
Rajasthan,Pali,27.7588,74.0529,Rice / Paddy,25000.0,75000.0,3.0,17234.0,37234.0,934.0,55402.0,MISSING,28.51,4.5,50.0,MISSING,1552571,13973.14,MISSING (Stock Unobserved),MISSING,512348,46.0,MISSING,58.0,0.68,0.72,0.53,0.96,0.72,REAL / DERIVED / MODEL_OUTPUT,"DES, IMD, FCI, CWC & Census Govt of India",https://desagri.gov.in/,2023-12-31,2026-10-08,High
Rajasthan,Pratapgarh,26.7988,73.7529,Rice / Paddy,67117.0,181215.0,2.7,23630.0,16630.0,1330.0,41590.0,MISSING,28.5,4.5,50.0,MISSING,5041408,45372.67,MISSING (Stock Unobserved),MISSING,1663664,52.0,MISSING,49.0,0.68,0.72,0.73,0.78,0.72,REAL / DERIVED / MODEL_OUTPUT,"DES, IMD, FCI, CWC & Census Govt of India",https://desagri.gov.in/,2023-12-31,2026-10-08,High
Rajasthan,Rajsamand,26.7538,73.8129,Rice / Paddy,25000.0,75000.0,3.0,21381.0,39381.0,1481.0,62243.0,MISSING,28.48,2.5,50.0,MISSING,4880025,43920.22,MISSING (Stock Unobserved),MISSING,1634808,53.0,MISSING,50.0,0.68,0.74,0.77,0.8,0.74,REAL / DERIVED / MODEL_OUTPUT,"DES, IMD, FCI, CWC & Census Govt of India",https://desagri.gov.in/,2023-12-31,2026-10-08,High
Rajasthan,Sawai Madhopur,26.9638,73.8279,Rice / Paddy,25000.0,75000.0,3.0,20809.0,30809.0,909.0,52527.0,MISSING,28.51,1.5,50.0,MISSING,2037965,18341.69,MISSING (Stock Unobserved),MISSING,611389,49.0,MISSING,31.0,0.68,0.59,0.63,0.42,0.6,REAL / DERIVED / MODEL_OUTPUT,"DES, IMD, FCI, CWC & Census Govt of India",https://desagri.gov.in/,2023-12-31,2026-10-08,High
Rajasthan,Sikar,27.3538,74.7429,Rice / Paddy,25000.0,75000.0,3.0,14070.0,22070.0,1370.0,37510.0,MISSING,28.5,5.5,50.0,MISSING,4529117,40762.05,MISSING (Stock Unobserved),MISSING,1404026,44.0,MISSING,47.0,0.68,0.64,0.47,0.74,0.64,REAL / DERIVED / MODEL_OUTPUT,"DES, IMD, FCI, CWC & Census Govt of India",https://desagri.gov.in/,2023-12-31,2026-10-08,High
Rajasthan,Sirohi,27.0688,73.9029,Rice / Paddy,25000.0,75000.0,3.0,14703.0,29703.0,803.0,45209.0,MISSING,28.49,3.5,50.0,MISSING,3603430,32430.87,MISSING (Stock Unobserved),MISSING,1044994,48.0,MISSING,27.0,0.68,0.55,0.6,0.34,0.56,REAL / DERIVED / MODEL_OUTPUT,"DES, IMD, FCI, CWC & Census Govt of India",https://desagri.gov.in/,2023-12-31,2026-10-08,High
Rajasthan,Tonk,26.9638,74.5479,Rice / Paddy,25000.0,75000.0,3.0,12349.0,19349.0,849.0,32547.0,MISSING,28.5,6.5,50.0,MISSING,3229033,29061.3,MISSING (Stock Unobserved),MISSING,952564,49.0,MISSING,28.0,0.68,0.57,0.63,0.36,0.58,REAL / DERIVED / MODEL_OUTPUT,"DES, IMD, FCI, CWC & Census Govt of India",https://desagri.gov.in/,2023-12-31,2026-10-08,High
Rajasthan,Udaipur,26.4538,74.8779,Rice / Paddy,25000.0,75000.0,3.0,12564.0,23564.0,1064.0,37192.0,MISSING,28.49,1.5,50.0,MISSING,3245800,29212.2,MISSING (Stock Unobserved),MISSING,949396,45.0,MISSING,33.0,0.68,0.56,0.5,0.46,0.57,REAL / DERIVED / MODEL_OUTPUT,"DES, IMD, FCI, CWC & Census Govt of India",https://desagri.gov.in/,2023-12-31,2026-10-08,High
Sikkim,East Sikkim,28.223,88.4522,Rice / Paddy,75922.0,189805.0,2.5,24611.0,17611.0,1111.0,43333.0,MISSING,28.52,1.5,50.0,MISSING,1866971,16802.74,MISSING (Stock Unobserved),MISSING,541421,44.0,MISSING,32.0,0.68,0.55,0.47,0.44,0.56,REAL / DERIVED / MODEL_OUTPUT,"DES, IMD, FCI, CWC & Census Govt of India",https://desagri.gov.in/,2023-12-31,2026-10-08,High
Sikkim,North Sikkim,28.013,89.1572,Rice / Paddy,49659.0,124147.0,2.5,16102.0,16102.0,1002.0,33206.0,MISSING,28.5,5.5,50.0,MISSING,5254217,47287.95,MISSING (Stock Unobserved),MISSING,1563129,45.0,MISSING,36.0,0.68,0.58,0.5,0.52,0.59,REAL / DERIVED / MODEL_OUTPUT,"DES, IMD, FCI, CWC & Census Govt of India",https://desagri.gov.in/,2023-12-31,2026-10-08,High
Sikkim,South Sikkim,27.023,88.1372,Rice / Paddy,43107.0,107767.0,2.5,12462.0,21462.0,962.0,34886.0,MISSING,28.51,5.5,50.0,MISSING,5021323,45191.91,MISSING (Stock Unobserved),MISSING,1569163,44.0,MISSING,50.0,0.68,0.65,0.47,0.8,0.65,REAL / DERIVED / MODEL_OUTPUT,"DES, IMD, FCI, CWC & Census Govt of India",https://desagri.gov.in/,2023-12-31,2026-10-08,High
Sikkim,West Sikkim,27.263,87.9422,Rice / Paddy,45562.0,113905.0,2.5,12764.0,15764.0,1264.0,29792.0,MISSING,28.51,1.5,50.0,MISSING,3710945,33398.5,MISSING (Stock Unobserved),MISSING,1150392,42.0,MISSING,51.0,0.68,0.64,0.4,0.82,0.64,REAL / DERIVED / MODEL_OUTPUT,"DES, IMD, FCI, CWC & Census Govt of India",https://desagri.gov.in/,2023-12-31,2026-10-08,High
Tamil Nadu,Ariyalur,10.5871,78.9569,Rice / Paddy,83213.0,316209.0,3.8,44806.0,74806.0,3806.0,123418.0,MISSING,28.49,0.5,50.0,MISSING,2616545,23548.9,MISSING (Stock Unobserved),MISSING,843835,53.0,MISSING,41.0,0.68,0.69,0.77,0.62,0.69,REAL / DERIVED / MODEL_OUTPUT,"DES, IMD, FCI, CWC & Census Govt of India",https://desagri.gov.in/,2023-12-31,2026-10-08,High
Tamil Nadu,Chengalpattu,11.3371,78.5519,Rice / Paddy,49664.0,188723.0,3.8,46487.0,51487.0,1987.0,99961.0,MISSING,28.49,4.5,50.0,MISSING,1997278,17975.5,MISSING (Stock Unobserved),MISSING,584203,45.0,MISSING,33.0,0.68,0.56,0.5,0.46,0.57,REAL / DERIVED / MODEL_OUTPUT,"DES, IMD, FCI, CWC & Census Govt of India",https://desagri.gov.in/,2023-12-31,2026-10-08,High
Tamil Nadu,Chennai,13.0827,80.2707,Rice / Paddy,39428.0,149826.0,3.8,55549.0,75549.0,4049.0,135147.0,MISSING,28.5,7.5,50.0,MISSING,2494171,22447.54,MISSING (Stock Unobserved),MISSING,685897,45.0,MISSING,21.0,0.68,0.49,0.5,0.22,0.5,REAL / DERIVED / MODEL_OUTPUT,"DES, IMD, FCI, CWC & Census Govt of India",https://desagri.gov.in/,2023-12-31,2026-10-08,High
Tamil Nadu,Coimbatore,11.0168,76.9558,Rice / Paddy,79032.0,300321.0,3.8,36187.0,86187.0,2187.0,124561.0,MISSING,28.49,2.5,50.0,MISSING,3828351,34455.16,MISSING (Stock Unobserved),MISSING,1014513,42.0,MISSING,18.0,0.68,0.44,0.4,0.16,0.46,REAL / DERIVED / MODEL_OUTPUT,"DES, IMD, FCI, CWC & Census Govt of India",https://desagri.gov.in/,2023-12-31,2026-10-08,High
Tamil Nadu,Cuddalore,10.9021,78.8669,Rice / Paddy,61715.0,234517.0,3.8,41531.0,36531.0,4031.0,82093.0,MISSING,28.5,1.5,50.0,MISSING,4847116,43624.04,MISSING (Stock Unobserved),MISSING,1442017,52.0,MISSING,25.0,0.68,0.58,0.73,0.3,0.59,REAL / DERIVED / MODEL_OUTPUT,"DES, IMD, FCI, CWC & Census Govt of India",https://desagri.gov.in/,2023-12-31,2026-10-08,High
Tamil Nadu,Dharmapuri,10.9321,78.3719,Rice / Paddy,94500.0,359100.0,3.8,32857.0,42857.0,2357.0,78071.0,MISSING,28.51,4.5,50.0,MISSING,2715762,24441.86,MISSING (Stock Unobserved),MISSING,896201,51.0,MISSING,51.0,0.68,0.73,0.7,0.82,0.72,REAL / DERIVED / MODEL_OUTPUT,"DES, IMD, FCI, CWC & Census Govt of India",https://desagri.gov.in/,2023-12-31,2026-10-08,High
Tamil Nadu,Dindigul,11.2321,78.2969,Rice / Paddy,14932.0,56741.0,3.8,37063.0,72063.0,3063.0,112189.0,MISSING,28.49,7.5,50.0,MISSING,3014651,27131.86,MISSING (Stock Unobserved),MISSING,889322,48.0,MISSING,30.0,0.68,0.57,0.6,0.4,0.58,REAL / DERIVED / MODEL_OUTPUT,"DES, IMD, FCI, CWC & Census Govt of India",https://desagri.gov.in/,2023-12-31,2026-10-08,High
Tamil Nadu,Erode,11.7271,78.6419,Rice / Paddy,33850.0,128630.0,3.8,25829.0,55829.0,2329.0,83987.0,MISSING,28.51,4.5,62.0,MISSING,2639143,23752.29,MISSING (Stock Unobserved),MISSING,778547,44.0,MISSING,41.0,0.62,0.57,0.47,0.62,0.58,REAL / DERIVED / MODEL_OUTPUT,"DES, IMD, FCI, CWC & Census Govt of India",https://desagri.gov.in/,2023-12-31,2026-10-08,High
Tamil Nadu,Kanchipuram,11.1271,78.1319,Rice / Paddy,92200.0,350360.0,3.8,45173.0,75173.0,4173.0,124519.0,MISSING,28.51,6.5,50.0,MISSING,1792551,16132.96,MISSING (Stock Unobserved),MISSING,569134,44.0,MISSING,53.0,0.68,0.67,0.47,0.86,0.67,REAL / DERIVED / MODEL_OUTPUT,"DES, IMD, FCI, CWC & Census Govt of India",https://desagri.gov.in/,2023-12-31,2026-10-08,High
Tamil Nadu,Kanyakumari,11.2771,79.2719,Rice / Paddy,93391.0,354885.0,3.8,48553.0,73553.0,4053.0,126159.0,MISSING,28.51,3.5,50.0,MISSING,3044242,27398.18,MISSING (Stock Unobserved),MISSING,913272,49.0,MISSING,31.0,0.68,0.59,0.63,0.42,0.6,REAL / DERIVED / MODEL_OUTPUT,"DES, IMD, FCI, CWC & Census Govt of India",https://desagri.gov.in/,2023-12-31,2026-10-08,High
Tamil Nadu,Karur,11.7271,78.0119,Rice / Paddy,31239.0,118708.0,3.8,51236.0,96236.0,3236.0,150708.0,MISSING,28.49,3.5,50.0,MISSING,4942723,44484.51,MISSING (Stock Unobserved),MISSING,1445746,46.0,MISSING,31.0,0.68,0.56,0.53,0.42,0.57,REAL / DERIVED / MODEL_OUTPUT,"DES, IMD, FCI, CWC & Census Govt of India",https://desagri.gov.in/,2023-12-31,2026-10-08,High
Tamil Nadu,Krishnagiri,10.3921,79.2719,Rice / Paddy,72290.0,274702.0,3.8,35551.0,85551.0,1551.0,122653.0,MISSING,28.47,1.5,50.0,MISSING,4355238,39197.14,MISSING (Stock Unobserved),MISSING,1328347,51.0,MISSING,33.0,0.68,0.62,0.7,0.46,0.62,REAL / DERIVED / MODEL_OUTPUT,"DES, IMD, FCI, CWC & Census Govt of India",https://desagri.gov.in/,2023-12-31,2026-10-08,High
Tamil Nadu,Madurai,9.9252,78.1198,Rice / Paddy,47483.0,180435.0,3.8,59605.0,79605.0,4605.0,143815.0,MISSING,28.47,4.5,67.99,MISSING,2458093,22122.84,MISSING (Stock Unobserved),MISSING,718992,47.0,MISSING,38.0,0.59,0.57,0.57,0.56,0.57,REAL / DERIVED / MODEL_OUTPUT,"DES, IMD, FCI, CWC & Census Govt of India",https://desagri.gov.in/,2023-12-31,2026-10-08,High
Tamil Nadu,Mayiladuthurai,11.6371,78.8669,Rice / Paddy,18710.0,71098.0,3.8,49653.0,74653.0,1653.0,125959.0,MISSING,28.52,7.5,50.0,MISSING,4732686,42594.17,MISSING (Stock Unobserved),MISSING,1644608,53.0,MISSING,59.0,0.68,0.8,0.77,0.98,0.79,REAL / DERIVED / MODEL_OUTPUT,"DES, IMD, FCI, CWC & Census Govt of India",https://desagri.gov.in/,2023-12-31,2026-10-08,High
Tamil Nadu,Nagapattinam,10.7672,79.8449,Rice / Paddy,84759.0,322084.0,3.8,57467.0,42467.0,2467.0,102401.0,MISSING,28.5,5.5,50.0,MISSING,4919828,44278.45,MISSING (Stock Unobserved),MISSING,1574344,48.0,MISSING,48.0,0.68,0.68,0.6,0.76,0.68,REAL / DERIVED / MODEL_OUTPUT,"DES, IMD, FCI, CWC & Census Govt of India",https://desagri.gov.in/,2023-12-31,2026-10-08,High
Tamil Nadu,Namakkal,11.0821,79.3469,Rice / Paddy,45199.0,171756.0,3.8,49817.0,84817.0,1817.0,136451.0,MISSING,28.49,3.5,50.0,MISSING,4950599,44555.39,MISSING (Stock Unobserved),MISSING,1608944,48.0,MISSING,51.0,0.68,0.7,0.6,0.82,0.7,REAL / DERIVED / MODEL_OUTPUT,"DES, IMD, FCI, CWC & Census Govt of India",https://desagri.gov.in/,2023-12-31,2026-10-08,High
Tamil Nadu,Nilgiris,10.6321,78.4469,Rice / Paddy,28966.0,110070.0,3.8,42386.0,87386.0,4886.0,134658.0,MISSING,28.51,4.5,50.0,MISSING,3577761,32199.85,MISSING (Stock Unobserved),MISSING,1037550,44.0,MISSING,32.0,0.68,0.55,0.47,0.44,0.56,REAL / DERIVED / MODEL_OUTPUT,"DES, IMD, FCI, CWC & Census Govt of India",https://desagri.gov.in/,2023-12-31,2026-10-08,High
Tamil Nadu,Perambalur,11.3221,78.6869,Rice / Paddy,28088.0,106734.0,3.8,56879.0,36879.0,1879.0,95637.0,MISSING,28.52,6.5,50.0,MISSING,1691943,15227.49,MISSING (Stock Unobserved),MISSING,554111,44.0,MISSING,59.0,0.68,0.71,0.47,0.98,0.71,REAL / DERIVED / MODEL_OUTPUT,"DES, IMD, FCI, CWC & Census Govt of India",https://desagri.gov.in/,2023-12-31,2026-10-08,High
Tamil Nadu,Pudukkottai,11.8471,78.7469,Rice / Paddy,46836.0,177976.0,3.8,25433.0,95433.0,1933.0,122799.0,MISSING,28.51,7.5,50.0,MISSING,2665873,23992.86,MISSING (Stock Unobserved),MISSING,773103,53.0,MISSING,17.0,0.68,0.55,0.77,0.14,0.56,REAL / DERIVED / MODEL_OUTPUT,"DES, IMD, FCI, CWC & Census Govt of India",https://desagri.gov.in/,2023-12-31,2026-10-08,High
Tamil Nadu,Ramanathapuram,11.2621,78.6419,Rice / Paddy,100652.0,382477.0,3.8,25774.0,80774.0,2274.0,108822.0,MISSING,28.49,0.5,50.0,MISSING,4458431,40125.88,MISSING (Stock Unobserved),MISSING,1437843,50.0,MISSING,47.0,0.68,0.7,0.67,0.74,0.69,REAL / DERIVED / MODEL_OUTPUT,"DES, IMD, FCI, CWC & Census Govt of India",https://desagri.gov.in/,2023-12-31,2026-10-08,High
Tamil Nadu,Ranipet,11.3221,79.3469,Rice / Paddy,55478.0,210816.0,3.8,54510.0,99510.0,3010.0,157030.0,MISSING,28.51,5.5,50.0,MISSING,1355605,12200.44,MISSING (Stock Unobserved),MISSING,403292,45.0,MISSING,36.0,0.68,0.58,0.5,0.52,0.59,REAL / DERIVED / MODEL_OUTPUT,"DES, IMD, FCI, CWC & Census Govt of India",https://desagri.gov.in/,2023-12-31,2026-10-08,High
Tamil Nadu,Salem,11.4871,78.5519,Rice / Paddy,70541.0,268055.0,3.8,39116.0,44116.0,1616.0,84848.0,MISSING,28.49,6.5,50.0,MISSING,2456342,22107.08,MISSING (Stock Unobserved),MISSING,792170,45.0,MISSING,54.0,0.68,0.69,0.5,0.88,0.69,REAL / DERIVED / MODEL_OUTPUT,"DES, IMD, FCI, CWC & Census Govt of India",https://desagri.gov.in/,2023-12-31,2026-10-08,High
Tamil Nadu,Sivaganga,11.6071,78.2969,Rice / Paddy,28902.0,109827.0,3.8,57728.0,72728.0,2728.0,133184.0,MISSING,28.52,1.5,50.0,MISSING,3887574,34988.17,MISSING (Stock Unobserved),MISSING,1078801,43.0,MISSING,25.0,0.68,0.49,0.43,0.3,0.51,REAL / DERIVED / MODEL_OUTPUT,"DES, IMD, FCI, CWC & Census Govt of India",https://desagri.gov.in/,2023-12-31,2026-10-08,High
Tamil Nadu,Tenkasi,11.4271,77.9819,Rice / Paddy,91953.0,349421.0,3.8,50786.0,60786.0,2786.0,114358.0,MISSING,28.52,6.5,50.0,MISSING,4700032,42300.29,MISSING (Stock Unobserved),MISSING,1527510,46.0,MISSING,55.0,0.68,0.7,0.53,0.9,0.7,REAL / DERIVED / MODEL_OUTPUT,"DES, IMD, FCI, CWC & Census Govt of India",https://desagri.gov.in/,2023-12-31,2026-10-08,High
Tamil Nadu,Thanjavur,10.787,79.1378,Rice / Paddy,50133.0,190505.0,3.8,58508.0,53508.0,3508.0,115524.0,MISSING,28.52,4.5,45.0,MISSING,2387933,21491.4,MISSING (Stock Unobserved),MISSING,656681,44.0,MISSING,20.0,0.7,0.48,0.47,0.2,0.5,REAL / DERIVED / MODEL_OUTPUT,"DES, IMD, FCI, CWC & Census Govt of India",https://desagri.gov.in/,2023-12-31,2026-10-08,High
Tamil Nadu,Theni,10.6771,79.2419,Rice / Paddy,95627.0,363382.0,3.8,56809.0,36809.0,1809.0,95427.0,MISSING,28.5,5.5,50.0,MISSING,1965311,17687.8,MISSING (Stock Unobserved),MISSING,604333,48.0,MISSING,39.0,0.68,0.63,0.6,0.58,0.63,REAL / DERIVED / MODEL_OUTPUT,"DES, IMD, FCI, CWC & Census Govt of India",https://desagri.gov.in/,2023-12-31,2026-10-08,High
Tamil Nadu,Thoothukudi,11.2021,79.3319,Rice / Paddy,62454.0,237325.0,3.8,28349.0,53349.0,4849.0,86547.0,MISSING,28.5,0.5,50.0,MISSING,3688750,33198.75,MISSING (Stock Unobserved),MISSING,1115846,49.0,MISSING,34.0,0.68,0.6,0.63,0.48,0.61,REAL / DERIVED / MODEL_OUTPUT,"DES, IMD, FCI, CWC & Census Govt of India",https://desagri.gov.in/,2023-12-31,2026-10-08,High
Tamil Nadu,Tiruchirappalli,10.7905,78.7047,Rice / Paddy,44580.0,169404.0,3.8,44074.0,94074.0,3074.0,141222.0,MISSING,28.49,2.5,50.0,MISSING,5083301,45749.71,MISSING (Stock Unobserved),MISSING,1537698,50.0,MISSING,32.0,0.68,0.6,0.67,0.44,0.61,REAL / DERIVED / MODEL_OUTPUT,"DES, IMD, FCI, CWC & Census Govt of India",https://desagri.gov.in/,2023-12-31,2026-10-08,High
Tamil Nadu,Tirunelveli,11.5771,78.6419,Rice / Paddy,80566.0,306150.0,3.8,56660.0,71660.0,1660.0,129980.0,MISSING,28.51,6.5,50.0,MISSING,1895582,17060.24,MISSING (Stock Unobserved),MISSING,540240,51.0,MISSING,18.0,0.68,0.53,0.7,0.16,0.54,REAL / DERIVED / MODEL_OUTPUT,"DES, IMD, FCI, CWC & Census Govt of India",https://desagri.gov.in/,2023-12-31,2026-10-08,High
Tamil Nadu,Tirupathur,11.8321,78.5219,Rice / Paddy,63613.0,241729.0,3.8,54561.0,39561.0,3061.0,97183.0,MISSING,28.52,4.5,50.0,MISSING,4797379,43176.41,MISSING (Stock Unobserved),MISSING,1643102,53.0,MISSING,56.0,0.68,0.78,0.77,0.92,0.77,REAL / DERIVED / MODEL_OUTPUT,"DES, IMD, FCI, CWC & Census Govt of India",https://desagri.gov.in/,2023-12-31,2026-10-08,High
Tamil Nadu,Tiruppur,11.8321,78.1319,Rice / Paddy,81908.0,311250.0,3.8,28094.0,63094.0,4594.0,95782.0,MISSING,28.48,6.5,50.0,MISSING,3386907,30482.16,MISSING (Stock Unobserved),MISSING,897530,42.0,MISSING,18.0,0.68,0.44,0.4,0.16,0.46,REAL / DERIVED / MODEL_OUTPUT,"DES, IMD, FCI, CWC & Census Govt of India",https://desagri.gov.in/,2023-12-31,2026-10-08,High
Tamil Nadu,Tiruvallur,11.5471,78.8969,Rice / Paddy,99605.0,378499.0,3.8,59687.0,54687.0,4687.0,119061.0,MISSING,28.46,5.5,50.0,MISSING,3382175,30439.58,MISSING (Stock Unobserved),MISSING,1048474,43.0,MISSING,49.0,0.68,0.64,0.43,0.78,0.64,REAL / DERIVED / MODEL_OUTPUT,"DES, IMD, FCI, CWC & Census Govt of India",https://desagri.gov.in/,2023-12-31,2026-10-08,High
Tamil Nadu,Tiruvannamalai,10.4221,77.9219,Rice / Paddy,17933.0,68145.0,3.8,32518.0,52518.0,2018.0,87054.0,MISSING,28.48,1.5,50.0,MISSING,4970154,44731.39,MISSING (Stock Unobserved),MISSING,1627725,50.0,MISSING,50.0,0.68,0.71,0.67,0.8,0.71,REAL / DERIVED / MODEL_OUTPUT,"DES, IMD, FCI, CWC & Census Govt of India",https://desagri.gov.in/,2023-12-31,2026-10-08,High
Tamil Nadu,Tiruvarur,11.0671,79.2869,Rice / Paddy,93478.0,355216.0,3.8,55322.0,85322.0,3822.0,144466.0,MISSING,28.51,6.5,42.0,MISSING,4953602,44582.42,MISSING (Stock Unobserved),MISSING,1387008,45.0,MISSING,21.0,0.72,0.5,0.5,0.22,0.52,REAL / DERIVED / MODEL_OUTPUT,"DES, IMD, FCI, CWC & Census Govt of India",https://desagri.gov.in/,2023-12-31,2026-10-08,High
Tamil Nadu,Vellore,11.0221,78.0569,Rice / Paddy,59106.0,224602.0,3.8,42345.0,67345.0,4845.0,114535.0,MISSING,28.49,4.5,50.0,MISSING,4006576,36059.18,MISSING (Stock Unobserved),MISSING,1211989,43.0,MISSING,43.0,0.68,0.6,0.43,0.66,0.61,REAL / DERIVED / MODEL_OUTPUT,"DES, IMD, FCI, CWC & Census Govt of India",https://desagri.gov.in/,2023-12-31,2026-10-08,High
Tamil Nadu,Viluppuram,11.0671,78.9419,Rice / Paddy,66394.0,252297.0,3.8,44778.0,74778.0,3778.0,123334.0,MISSING,28.5,5.5,50.0,MISSING,2006491,18058.42,MISSING (Stock Unobserved),MISSING,566833,49.0,MISSING,19.0,0.68,0.52,0.63,0.18,0.53,REAL / DERIVED / MODEL_OUTPUT,"DES, IMD, FCI, CWC & Census Govt of India",https://desagri.gov.in/,2023-12-31,2026-10-08,High
Tamil Nadu,Virudhunagar,10.6321,78.5969,Rice / Paddy,18348.0,69722.0,3.8,43173.0,63173.0,2173.0,108519.0,MISSING,28.5,7.5,50.0,MISSING,1939251,17453.26,MISSING (Stock Unobserved),MISSING,601167,53.0,MISSING,32.0,0.68,0.64,0.77,0.44,0.64,REAL / DERIVED / MODEL_OUTPUT,"DES, IMD, FCI, CWC & Census Govt of India",https://desagri.gov.in/,2023-12-31,2026-10-08,High
Telangana,Adilabad,17.9474,78.4193,Rice / Paddy,87216.0,357585.0,4.1,37386.0,77386.0,3386.0,118158.0,MISSING,28.53,7.5,50.0,MISSING,4841873,43576.86,MISSING (Stock Unobserved),MISSING,1331515,47.0,MISSING,17.0,0.68,0.48,0.57,0.14,0.5,REAL / DERIVED / MODEL_OUTPUT,"DES, IMD, FCI, CWC & Census Govt of India",https://desagri.gov.in/,2023-12-31,2026-10-08,High
Telangana,Bhadradri Kothagudem,18.2774,78.4343,Rice / Paddy,49882.0,204516.0,4.1,43698.0,43698.0,2698.0,90094.0,MISSING,28.51,0.5,50.0,MISSING,2153123,19378.11,MISSING (Stock Unobserved),MISSING,570577,42.0,MISSING,18.0,0.68,0.44,0.4,0.16,0.46,REAL / DERIVED / MODEL_OUTPUT,"DES, IMD, FCI, CWC & Census Govt of India",https://desagri.gov.in/,2023-12-31,2026-10-08,High
Telangana,Hyderabad,17.385,78.4867,Rice / Paddy,96146.0,394198.0,4.1,26946.0,81946.0,3446.0,112338.0,MISSING,28.5,6.5,50.0,MISSING,4860910,43748.19,MISSING (Stock Unobserved),MISSING,1470425,53.0,MISSING,26.0,0.68,0.6,0.77,0.32,0.61,REAL / DERIVED / MODEL_OUTPUT,"DES, IMD, FCI, CWC & Census Govt of India",https://desagri.gov.in/,2023-12-31,2026-10-08,High
Telangana,Jagtial,17.6624,78.5543,Rice / Paddy,52472.0,215135.0,4.1,29486.0,94486.0,2486.0,126458.0,MISSING,28.48,0.5,50.0,MISSING,1730358,15573.22,MISSING (Stock Unobserved),MISSING,488826,51.0,MISSING,15.0,0.68,0.51,0.7,0.1,0.53,REAL / DERIVED / MODEL_OUTPUT,"DES, IMD, FCI, CWC & Census Govt of India",https://desagri.gov.in/,2023-12-31,2026-10-08,High
Telangana,Jangaon,17.3924,79.1393,Rice / Paddy,44670.0,183146.0,4.1,43444.0,73444.0,2444.0,119332.0,MISSING,28.5,1.5,50.0,MISSING,4146327,37316.94,MISSING (Stock Unobserved),MISSING,1202434,49.0,MISSING,25.0,0.68,0.55,0.63,0.3,0.56,REAL / DERIVED / MODEL_OUTPUT,"DES, IMD, FCI, CWC & Census Govt of India",https://desagri.gov.in/,2023-12-31,2026-10-08,High
Telangana,Jayashankar Bhupalpally,18.7574,79.1993,Rice / Paddy,76523.0,313744.0,4.1,26069.0,56069.0,2569.0,84707.0,MISSING,28.51,0.5,50.0,MISSING,2960163,26641.47,MISSING (Stock Unobserved),MISSING,917650,45.0,MISSING,45.0,0.68,0.63,0.5,0.7,0.64,REAL / DERIVED / MODEL_OUTPUT,"DES, IMD, FCI, CWC & Census Govt of India",https://desagri.gov.in/,2023-12-31,2026-10-08,High
Telangana,Jogulamba Gadwal,17.6624,79.6493,Rice / Paddy,84689.0,347224.0,4.1,53736.0,38736.0,2236.0,94708.0,MISSING,28.49,7.5,50.0,MISSING,3445479,31009.31,MISSING (Stock Unobserved),MISSING,981961,42.0,MISSING,33.0,0.68,0.53,0.4,0.46,0.54,REAL / DERIVED / MODEL_OUTPUT,"DES, IMD, FCI, CWC & Census Govt of India",https://desagri.gov.in/,2023-12-31,2026-10-08,High
Telangana,Kamareddy,17.6324,79.3493,Rice / Paddy,90661.0,371710.0,4.1,55888.0,40888.0,4388.0,101164.0,MISSING,28.48,2.5,50.0,MISSING,2467826,22210.43,MISSING (Stock Unobserved),MISSING,684821,49.0,MISSING,16.0,0.68,0.5,0.63,0.12,0.51,REAL / DERIVED / MODEL_OUTPUT,"DES, IMD, FCI, CWC & Census Govt of India",https://desagri.gov.in/,2023-12-31,2026-10-08,High
Telangana,Karimnagar,17.5724,78.6743,Rice / Paddy,43305.0,177550.0,4.1,54333.0,84333.0,2833.0,141499.0,MISSING,28.51,4.5,50.0,MISSING,3870179,34831.61,MISSING (Stock Unobserved),MISSING,1199755,50.0,MISSING,38.0,0.68,0.64,0.67,0.56,0.64,REAL / DERIVED / MODEL_OUTPUT,"DES, IMD, FCI, CWC & Census Govt of India",https://desagri.gov.in/,2023-12-31,2026-10-08,High
Telangana,Khammam,18.4424,79.1693,Rice / Paddy,92832.0,380611.0,4.1,52753.0,97753.0,4753.0,155259.0,MISSING,28.49,3.5,50.0,MISSING,3112036,28008.32,MISSING (Stock Unobserved),MISSING,1026971,52.0,MISSING,49.0,0.68,0.72,0.73,0.78,0.72,REAL / DERIVED / MODEL_OUTPUT,"DES, IMD, FCI, CWC & Census Govt of India",https://desagri.gov.in/,2023-12-31,2026-10-08,High
Telangana,Kumuram Bheem,18.0824,79.6643,Rice / Paddy,87282.0,357856.0,4.1,29917.0,94917.0,2917.0,127751.0,MISSING,28.47,2.5,50.0,MISSING,2517772,22659.95,MISSING (Stock Unobserved),MISSING,730153,49.0,MISSING,25.0,0.68,0.55,0.63,0.3,0.56,REAL / DERIVED / MODEL_OUTPUT,"DES, IMD, FCI, CWC & Census Govt of India",https://desagri.gov.in/,2023-12-31,2026-10-08,High
Telangana,Mahabubabad,18.2474,78.4343,Rice / Paddy,57060.0,233945.0,4.1,58789.0,53789.0,3789.0,116367.0,MISSING,28.45,7.5,50.0,MISSING,4075060,36675.54,MISSING (Stock Unobserved),MISSING,1365145,51.0,MISSING,54.0,0.68,0.75,0.7,0.88,0.74,REAL / DERIVED / MODEL_OUTPUT,"DES, IMD, FCI, CWC & Census Govt of India",https://desagri.gov.in/,2023-12-31,2026-10-08,High
Telangana,Mahabubnagar,18.7874,79.1243,Rice / Paddy,19637.0,80511.0,4.1,47120.0,87120.0,2620.0,136860.0,MISSING,28.48,3.5,50.0,MISSING,2689624,24206.62,MISSING (Stock Unobserved),MISSING,813611,51.0,MISSING,30.0,0.68,0.6,0.7,0.4,0.61,REAL / DERIVED / MODEL_OUTPUT,"DES, IMD, FCI, CWC & Census Govt of India",https://desagri.gov.in/,2023-12-31,2026-10-08,High
Telangana,Mancherial,17.6774,79.6643,Rice / Paddy,68735.0,281813.0,4.1,28675.0,53675.0,1675.0,84025.0,MISSING,28.52,7.5,50.0,MISSING,2886242,25976.18,MISSING (Stock Unobserved),MISSING,829794,48.0,MISSING,24.0,0.68,0.54,0.6,0.28,0.55,REAL / DERIVED / MODEL_OUTPUT,"DES, IMD, FCI, CWC & Census Govt of India",https://desagri.gov.in/,2023-12-31,2026-10-08,High
Telangana,Medak,18.2924,79.2443,Rice / Paddy,43629.0,178878.0,4.1,28719.0,38719.0,1719.0,69157.0,MISSING,28.5,7.5,50.0,MISSING,3291902,29627.12,MISSING (Stock Unobserved),MISSING,1036949,50.0,MISSING,41.0,0.68,0.66,0.67,0.62,0.66,REAL / DERIVED / MODEL_OUTPUT,"DES, IMD, FCI, CWC & Census Govt of India",https://desagri.gov.in/,2023-12-31,2026-10-08,High
Telangana,Medchal Malkajgiri,18.5624,78.3743,Rice / Paddy,33562.0,137604.0,4.1,36456.0,71456.0,2456.0,110368.0,MISSING,28.5,1.5,50.0,MISSING,3398078,30582.7,MISSING (Stock Unobserved),MISSING,1053404,44.0,MISSING,47.0,0.68,0.64,0.47,0.74,0.64,REAL / DERIVED / MODEL_OUTPUT,"DES, IMD, FCI, CWC & Census Govt of India",https://desagri.gov.in/,2023-12-31,2026-10-08,High
Telangana,Mulugu,17.4224,78.5393,Rice / Paddy,79172.0,324605.0,4.1,53008.0,98008.0,1508.0,152524.0,MISSING,28.48,3.5,50.0,MISSING,3184920,28664.28,MISSING (Stock Unobserved),MISSING,931589,53.0,MISSING,20.0,0.68,0.56,0.77,0.2,0.57,REAL / DERIVED / MODEL_OUTPUT,"DES, IMD, FCI, CWC & Census Govt of India",https://desagri.gov.in/,2023-12-31,2026-10-08,High
Telangana,Nagarkurnool,17.6624,79.1393,Rice / Paddy,61580.0,252477.0,4.1,27151.0,52151.0,3651.0,82953.0,MISSING,28.5,2.5,50.0,MISSING,1553673,13983.06,MISSING (Stock Unobserved),MISSING,438912,48.0,MISSING,21.0,0.68,0.52,0.6,0.22,0.53,REAL / DERIVED / MODEL_OUTPUT,"DES, IMD, FCI, CWC & Census Govt of India",https://desagri.gov.in/,2023-12-31,2026-10-08,High
Telangana,Nalgonda,18.5624,79.6643,Rice / Paddy,84760.0,347515.0,4.1,45983.0,70983.0,4983.0,121949.0,MISSING,28.51,3.5,50.0,MISSING,4655439,41898.95,MISSING (Stock Unobserved),MISSING,1501379,44.0,MISSING,56.0,0.68,0.69,0.47,0.92,0.69,REAL / DERIVED / MODEL_OUTPUT,"DES, IMD, FCI, CWC & Census Govt of India",https://desagri.gov.in/,2023-12-31,2026-10-08,High
Telangana,Narayanpet,18.0224,79.0793,Rice / Paddy,19996.0,81983.0,4.1,51942.0,91942.0,3942.0,147826.0,MISSING,28.5,7.5,50.0,MISSING,5257614,47318.53,MISSING (Stock Unobserved),MISSING,1472131,44.0,MISSING,26.0,0.68,0.51,0.47,0.32,0.52,REAL / DERIVED / MODEL_OUTPUT,"DES, IMD, FCI, CWC & Census Govt of India",https://desagri.gov.in/,2023-12-31,2026-10-08,High
Telangana,Nirmal,18.6074,78.6443,Rice / Paddy,53414.0,218997.0,4.1,27910.0,52910.0,4410.0,85230.0,MISSING,28.47,4.5,50.0,MISSING,2037681,18339.13,MISSING (Stock Unobserved),MISSING,667340,53.0,MISSING,44.0,0.68,0.71,0.77,0.68,0.71,REAL / DERIVED / MODEL_OUTPUT,"DES, IMD, FCI, CWC & Census Govt of India",https://desagri.gov.in/,2023-12-31,2026-10-08,High
Telangana,Nizamabad,18.8024,79.4993,Rice / Paddy,20912.0,85739.0,4.1,48768.0,53768.0,4268.0,106804.0,MISSING,28.51,3.5,50.0,MISSING,2671004,24039.04,MISSING (Stock Unobserved),MISSING,767913,47.0,MISSING,26.0,0.68,0.54,0.57,0.32,0.55,REAL / DERIVED / MODEL_OUTPUT,"DES, IMD, FCI, CWC & Census Govt of India",https://desagri.gov.in/,2023-12-31,2026-10-08,High
Telangana,Peddapalli,18.3374,79.5143,Rice / Paddy,73893.0,302961.0,4.1,55611.0,40611.0,4111.0,100333.0,MISSING,28.48,3.5,50.0,MISSING,4626367,41637.3,MISSING (Stock Unobserved),MISSING,1306948,48.0,MISSING,21.0,0.68,0.52,0.6,0.22,0.53,REAL / DERIVED / MODEL_OUTPUT,"DES, IMD, FCI, CWC & Census Govt of India",https://desagri.gov.in/,2023-12-31,2026-10-08,High
Telangana,Rajanna Sircilla,18.4724,78.8093,Rice / Paddy,86385.0,354178.0,4.1,41094.0,41094.0,3594.0,85782.0,MISSING,28.49,2.5,50.0,MISSING,2470286,22232.57,MISSING (Stock Unobserved),MISSING,759612,48.0,MISSING,39.0,0.68,0.63,0.6,0.58,0.63,REAL / DERIVED / MODEL_OUTPUT,"DES, IMD, FCI, CWC & Census Govt of India",https://desagri.gov.in/,2023-12-31,2026-10-08,High
Telangana,Rangareddy,18.6374,78.4793,Rice / Paddy,57181.0,234442.0,4.1,36971.0,51971.0,2971.0,91913.0,MISSING,28.5,0.5,50.0,MISSING,4037870,36340.83,MISSING (Stock Unobserved),MISSING,1140698,51.0,MISSING,15.0,0.68,0.51,0.7,0.1,0.53,REAL / DERIVED / MODEL_OUTPUT,"DES, IMD, FCI, CWC & Census Govt of India",https://desagri.gov.in/,2023-12-31,2026-10-08,High
Telangana,Sangareddy,18.0224,79.0493,Rice / Paddy,35317.0,144799.0,4.1,27282.0,42282.0,3782.0,73346.0,MISSING,28.5,3.5,50.0,MISSING,3111072,27999.65,MISSING (Stock Unobserved),MISSING,933321,45.0,MISSING,39.0,0.68,0.6,0.5,0.58,0.6,REAL / DERIVED / MODEL_OUTPUT,"DES, IMD, FCI, CWC & Census Govt of India",https://desagri.gov.in/,2023-12-31,2026-10-08,High
Telangana,Siddipet,17.6774,78.9293,Rice / Paddy,61568.0,252428.0,4.1,35120.0,75120.0,4620.0,114860.0,MISSING,28.49,6.5,50.0,MISSING,4096317,36866.85,MISSING (Stock Unobserved),MISSING,1341543,44.0,MISSING,59.0,0.68,0.71,0.47,0.98,0.71,REAL / DERIVED / MODEL_OUTPUT,"DES, IMD, FCI, CWC & Census Govt of India",https://desagri.gov.in/,2023-12-31,2026-10-08,High
Telangana,Suryapet,18.5924,78.3443,Rice / Paddy,49885.0,204528.0,4.1,56391.0,86391.0,4891.0,147673.0,MISSING,28.46,2.5,50.0,MISSING,3037132,27334.19,MISSING (Stock Unobserved),MISSING,873175,47.0,MISSING,26.0,0.68,0.54,0.57,0.32,0.55,REAL / DERIVED / MODEL_OUTPUT,"DES, IMD, FCI, CWC & Census Govt of India",https://desagri.gov.in/,2023-12-31,2026-10-08,High
Telangana,Vikarabad,18.2774,78.9593,Rice / Paddy,38812.0,159129.0,4.1,34578.0,44578.0,4078.0,83234.0,MISSING,28.5,1.5,50.0,MISSING,2837274,25535.47,MISSING (Stock Unobserved),MISSING,900834,51.0,MISSING,42.0,0.68,0.67,0.7,0.64,0.67,REAL / DERIVED / MODEL_OUTPUT,"DES, IMD, FCI, CWC & Census Govt of India",https://desagri.gov.in/,2023-12-31,2026-10-08,High
Telangana,Wanaparthy,18.7424,79.1093,Rice / Paddy,79336.0,325277.0,4.1,29095.0,59095.0,2095.0,90285.0,MISSING,28.49,6.5,50.0,MISSING,5072150,45649.35,MISSING (Stock Unobserved),MISSING,1597727,50.0,MISSING,41.0,0.68,0.66,0.67,0.62,0.66,REAL / DERIVED / MODEL_OUTPUT,"DES, IMD, FCI, CWC & Census Govt of India",https://desagri.gov.in/,2023-12-31,2026-10-08,High
Telangana,Warangal,18.5324,79.0643,Rice / Paddy,69625.0,285462.0,4.1,49261.0,84261.0,4761.0,138283.0,MISSING,28.52,3.5,50.0,MISSING,4252858,38275.72,MISSING (Stock Unobserved),MISSING,1254593,50.0,MISSING,26.0,0.68,0.57,0.67,0.32,0.58,REAL / DERIVED / MODEL_OUTPUT,"DES, IMD, FCI, CWC & Census Govt of India",https://desagri.gov.in/,2023-12-31,2026-10-08,High
Telangana,Yadadri Bhuvanagiri,18.5324,78.9443,Rice / Paddy,19735.0,80913.0,4.1,29577.0,64577.0,2577.0,96731.0,MISSING,28.49,4.5,50.0,MISSING,1887506,16987.55,MISSING (Stock Unobserved),MISSING,608720,44.0,MISSING,56.0,0.68,0.69,0.47,0.92,0.69,REAL / DERIVED / MODEL_OUTPUT,"DES, IMD, FCI, CWC & Census Govt of India",https://desagri.gov.in/,2023-12-31,2026-10-08,High
Tripura,Dhalai,24.3758,91.4932,Rice / Paddy,75267.0,188167.0,2.5,19595.0,35595.0,895.0,56085.0,MISSING,28.49,6.5,50.0,MISSING,4285504,38569.54,MISSING (Stock Unobserved),MISSING,1328506,50.0,MISSING,38.0,0.68,0.64,0.67,0.56,0.64,REAL / DERIVED / MODEL_OUTPUT,"DES, IMD, FCI, CWC & Census Govt of India",https://desagri.gov.in/,2023-12-31,2026-10-08,High
Tripura,Gomati,24.6458,91.8382,Rice / Paddy,102509.0,256272.0,2.5,21067.0,27067.0,1167.0,49301.0,MISSING,28.46,4.5,50.0,MISSING,4711617,42404.55,MISSING (Stock Unobserved),MISSING,1342810,43.0,MISSING,31.0,0.68,0.53,0.43,0.42,0.54,REAL / DERIVED / MODEL_OUTPUT,"DES, IMD, FCI, CWC & Census Govt of India",https://desagri.gov.in/,2023-12-31,2026-10-08,High
Tripura,Khowai,23.4458,91.5232,Rice / Paddy,70661.0,176652.0,2.5,14283.0,17283.0,1583.0,33149.0,MISSING,28.47,7.5,50.0,MISSING,3329192,29962.73,MISSING (Stock Unobserved),MISSING,1106956,47.0,MISSING,59.0,0.68,0.74,0.57,0.98,0.73,REAL / DERIVED / MODEL_OUTPUT,"DES, IMD, FCI, CWC & Census Govt of India",https://desagri.gov.in/,2023-12-31,2026-10-08,High
Tripura,North Tripura,24.0158,92.1682,Rice / Paddy,87434.0,218585.0,2.5,15266.0,23266.0,1366.0,39898.0,MISSING,28.48,1.5,50.0,MISSING,4404896,39644.06,MISSING (Stock Unobserved),MISSING,1277419,44.0,MISSING,32.0,0.68,0.55,0.47,0.44,0.56,REAL / DERIVED / MODEL_OUTPUT,"DES, IMD, FCI, CWC & Census Govt of India",https://desagri.gov.in/,2023-12-31,2026-10-08,High
Tripura,Sepahijala,23.4908,91.8682,Rice / Paddy,90655.0,226637.0,2.5,14650.0,21650.0,750.0,37050.0,MISSING,28.52,3.5,50.0,MISSING,4139934,37259.41,MISSING (Stock Unobserved),MISSING,1210930,52.0,MISSING,22.0,0.68,0.56,0.73,0.24,0.57,REAL / DERIVED / MODEL_OUTPUT,"DES, IMD, FCI, CWC & Census Govt of India",https://desagri.gov.in/,2023-12-31,2026-10-08,High
Tripura,South Tripura,24.0608,92.2732,Rice / Paddy,79453.0,198632.0,2.5,22665.0,30665.0,1565.0,54895.0,MISSING,28.52,3.5,50.0,MISSING,1452763,13074.87,MISSING (Stock Unobserved),MISSING,446724,48.0,MISSING,39.0,0.68,0.63,0.6,0.58,0.63,REAL / DERIVED / MODEL_OUTPUT,"DES, IMD, FCI, CWC & Census Govt of India",https://desagri.gov.in/,2023-12-31,2026-10-08,High
Tripura,Unakoti,24.5408,92.3032,Rice / Paddy,41970.0,104925.0,2.5,23966.0,38966.0,1666.0,64598.0,MISSING,28.51,4.5,50.0,MISSING,4764127,42877.14,MISSING (Stock Unobserved),MISSING,1572161,47.0,MISSING,56.0,0.68,0.72,0.57,0.92,0.72,REAL / DERIVED / MODEL_OUTPUT,"DES, IMD, FCI, CWC & Census Govt of India",https://desagri.gov.in/,2023-12-31,2026-10-08,High
Tripura,West Tripura,24.3158,91.9132,Rice / Paddy,50382.0,125955.0,2.5,15578.0,15578.0,1678.0,32834.0,MISSING,28.49,5.5,50.0,MISSING,2083713,18753.42,MISSING (Stock Unobserved),MISSING,703253,52.0,MISSING,55.0,0.68,0.76,0.73,0.9,0.75,REAL / DERIVED / MODEL_OUTPUT,"DES, IMD, FCI, CWC & Census Govt of India",https://desagri.gov.in/,2023-12-31,2026-10-08,High
Uttar Pradesh,Agra,27.2517,81.6512,Rice / Paddy,59594.0,160903.0,2.7,70094.0,85094.0,9594.0,164782.0,MISSING,28.49,5.5,50.0,MISSING,1994138,17947.24,MISSING (Stock Unobserved),MISSING,588270,47.0,MISSING,32.0,0.68,0.57,0.57,0.44,0.58,REAL / DERIVED / MODEL_OUTPUT,"DES, IMD, FCI, CWC & Census Govt of India",https://desagri.gov.in/,2023-12-31,2026-10-08,High
Uttar Pradesh,Aligarh,27.5067,80.2862,Rice / Paddy,69680.0,188136.0,2.7,66372.0,71372.0,11872.0,149616.0,MISSING,28.49,2.5,50.0,MISSING,2884402,25959.62,MISSING (Stock Unobserved),MISSING,829265,47.0,MISSING,26.0,0.68,0.54,0.57,0.32,0.55,REAL / DERIVED / MODEL_OUTPUT,"DES, IMD, FCI, CWC & Census Govt of India",https://desagri.gov.in/,2023-12-31,2026-10-08,High
Uttar Pradesh,Prayagraj,26.2167,81.5162,Rice / Paddy,53649.0,144852.0,2.7,44930.0,79930.0,12430.0,137290.0,MISSING,28.48,1.5,50.0,MISSING,4813443,43320.99,MISSING (Stock Unobserved),MISSING,1371831,49.0,MISSING,22.0,0.68,0.53,0.63,0.24,0.54,REAL / DERIVED / MODEL_OUTPUT,"DES, IMD, FCI, CWC & Census Govt of India",https://desagri.gov.in/,2023-12-31,2026-10-08,High
Uttar Pradesh,Ambedkar Nagar,27.1767,80.7212,Rice / Paddy,90844.0,245278.0,2.7,40075.0,85075.0,9575.0,134725.0,MISSING,28.48,3.5,50.0,MISSING,5089122,45802.1,MISSING (Stock Unobserved),MISSING,1514013,44.0,MISSING,38.0,0.68,0.58,0.47,0.56,0.59,REAL / DERIVED / MODEL_OUTPUT,"DES, IMD, FCI, CWC & Census Govt of India",https://desagri.gov.in/,2023-12-31,2026-10-08,High
Uttar Pradesh,Amethi,26.9367,81.3062,Rice / Paddy,39938.0,107832.0,2.7,71054.0,101054.0,9554.0,181662.0,MISSING,28.5,7.5,50.0,MISSING,2719886,24478.97,MISSING (Stock Unobserved),MISSING,781967,47.0,MISSING,26.0,0.68,0.54,0.57,0.32,0.55,REAL / DERIVED / MODEL_OUTPUT,"DES, IMD, FCI, CWC & Census Govt of India",https://desagri.gov.in/,2023-12-31,2026-10-08,High
Uttar Pradesh,Amroha,27.1767,81.5912,Rice / Paddy,76722.0,207149.0,2.7,72212.0,87212.0,11712.0,171136.0,MISSING,28.5,6.5,50.0,MISSING,1634989,14714.9,MISSING (Stock Unobserved),MISSING,515021,48.0,MISSING,45.0,0.68,0.66,0.6,0.7,0.66,REAL / DERIVED / MODEL_OUTPUT,"DES, IMD, FCI, CWC & Census Govt of India",https://desagri.gov.in/,2023-12-31,2026-10-08,High
Uttar Pradesh,Auraiya,27.3417,80.3012,Rice / Paddy,58537.0,158049.0,2.7,67828.0,107828.0,8328.0,183984.0,MISSING,28.52,6.5,50.0,MISSING,2787735,25089.62,MISSING (Stock Unobserved),MISSING,850259,44.0,MISSING,44.0,0.68,0.62,0.47,0.68,0.62,REAL / DERIVED / MODEL_OUTPUT,"DES, IMD, FCI, CWC & Census Govt of India",https://desagri.gov.in/,2023-12-31,2026-10-08,High
Uttar Pradesh,Azamgarh,26.8767,80.9612,Rice / Paddy,27574.0,74449.0,2.7,52848.0,42848.0,7348.0,103044.0,MISSING,28.5,7.5,50.0,MISSING,1938816,17449.34,MISSING (Stock Unobserved),MISSING,639809,47.0,MISSING,56.0,0.68,0.72,0.57,0.92,0.72,REAL / DERIVED / MODEL_OUTPUT,"DES, IMD, FCI, CWC & Census Govt of India",https://desagri.gov.in/,2023-12-31,2026-10-08,High
Uttar Pradesh,Baghpat,26.8317,81.3512,Rice / Paddy,66538.0,179652.0,2.7,53750.0,118750.0,11250.0,183750.0,MISSING,28.48,6.5,50.0,MISSING,1506894,13562.05,MISSING (Stock Unobserved),MISSING,485973,50.0,MISSING,47.0,0.68,0.7,0.67,0.74,0.69,REAL / DERIVED / MODEL_OUTPUT,"DES, IMD, FCI, CWC & Census Govt of India",https://desagri.gov.in/,2023-12-31,2026-10-08,High
Uttar Pradesh,Bahraich,26.2317,80.2262,Rice / Paddy,24524.0,66214.0,2.7,31704.0,81704.0,6204.0,119612.0,MISSING,28.51,4.5,50.0,MISSING,3794780,34153.02,MISSING (Stock Unobserved),MISSING,1090999,45.0,MISSING,30.0,0.68,0.54,0.5,0.4,0.55,REAL / DERIVED / MODEL_OUTPUT,"DES, IMD, FCI, CWC & Census Govt of India",https://desagri.gov.in/,2023-12-31,2026-10-08,High
Uttar Pradesh,Ballia,27.2967,81.6362,Rice / Paddy,75407.0,203598.0,2.7,40614.0,85614.0,10114.0,136342.0,MISSING,28.48,2.5,50.0,MISSING,4152425,37371.82,MISSING (Stock Unobserved),MISSING,1349538,45.0,MISSING,57.0,0.68,0.7,0.5,0.94,0.7,REAL / DERIVED / MODEL_OUTPUT,"DES, IMD, FCI, CWC & Census Govt of India",https://desagri.gov.in/,2023-12-31,2026-10-08,High
Uttar Pradesh,Balrampur,27.3717,81.1862,Rice / Paddy,39879.0,107673.0,2.7,49018.0,94018.0,10518.0,153554.0,MISSING,28.48,5.5,50.0,MISSING,5287149,47584.34,MISSING (Stock Unobserved),MISSING,1440748,43.0,MISSING,22.0,0.68,0.47,0.43,0.24,0.49,REAL / DERIVED / MODEL_OUTPUT,"DES, IMD, FCI, CWC & Census Govt of India",https://desagri.gov.in/,2023-12-31,2026-10-08,High
Uttar Pradesh,Banda,27.1917,81.3362,Rice / Paddy,38664.0,104392.0,2.7,30680.0,90680.0,7180.0,128540.0,MISSING,28.5,2.5,50.0,MISSING,5201910,46817.19,MISSING (Stock Unobserved),MISSING,1677615,53.0,MISSING,41.0,0.68,0.69,0.77,0.62,0.69,REAL / DERIVED / MODEL_OUTPUT,"DES, IMD, FCI, CWC & Census Govt of India",https://desagri.gov.in/,2023-12-31,2026-10-08,High
Uttar Pradesh,Barabanki,27.3717,81.2612,Rice / Paddy,69659.0,188079.0,2.7,56970.0,86970.0,11470.0,155410.0,MISSING,28.54,1.5,50.0,MISSING,2048722,18438.5,MISSING (Stock Unobserved),MISSING,604372,47.0,MISSING,32.0,0.68,0.57,0.57,0.44,0.58,REAL / DERIVED / MODEL_OUTPUT,"DES, IMD, FCI, CWC & Census Govt of India",https://desagri.gov.in/,2023-12-31,2026-10-08,High
Uttar Pradesh,Bareilly,27.1767,80.7962,Rice / Paddy,18381.0,49628.0,2.7,55901.0,65901.0,6401.0,128203.0,MISSING,28.5,1.5,50.0,MISSING,2495105,22455.94,MISSING (Stock Unobserved),MISSING,817146,53.0,MISSING,44.0,0.68,0.71,0.77,0.68,0.71,REAL / DERIVED / MODEL_OUTPUT,"DES, IMD, FCI, CWC & Census Govt of India",https://desagri.gov.in/,2023-12-31,2026-10-08,High
Uttar Pradesh,Basti,26.3217,80.7512,Rice / Paddy,31964.0,86302.0,2.7,38136.0,83136.0,7636.0,128908.0,MISSING,28.51,5.5,50.0,MISSING,5259389,47334.5,MISSING (Stock Unobserved),MISSING,1512074,47.0,MISSING,26.0,0.68,0.54,0.57,0.32,0.55,REAL / DERIVED / MODEL_OUTPUT,"DES, IMD, FCI, CWC & Census Govt of India",https://desagri.gov.in/,2023-12-31,2026-10-08,High
Uttar Pradesh,Bhadohi,26.5617,80.8112,Rice / Paddy,24793.0,66941.0,2.7,38526.0,108526.0,9026.0,156078.0,MISSING,28.5,7.5,50.0,MISSING,4468275,40214.47,MISSING (Stock Unobserved),MISSING,1295799,50.0,MISSING,23.0,0.68,0.55,0.67,0.26,0.56,REAL / DERIVED / MODEL_OUTPUT,"DES, IMD, FCI, CWC & Census Govt of India",https://desagri.gov.in/,2023-12-31,2026-10-08,High
Uttar Pradesh,Bijnor,26.8167,80.5262,Rice / Paddy,92800.0,250560.0,2.7,53604.0,98604.0,7104.0,159312.0,MISSING,28.49,3.5,50.0,MISSING,3261714,29355.43,MISSING (Stock Unobserved),MISSING,921434,48.0,MISSING,21.0,0.68,0.52,0.6,0.22,0.53,REAL / DERIVED / MODEL_OUTPUT,"DES, IMD, FCI, CWC & Census Govt of India",https://desagri.gov.in/,2023-12-31,2026-10-08,High
Uttar Pradesh,Budaun,27.1017,81.3362,Rice / Paddy,16741.0,45200.0,2.7,69201.0,69201.0,9701.0,148103.0,MISSING,28.49,2.5,50.0,MISSING,3379072,30411.65,MISSING (Stock Unobserved),MISSING,988378,53.0,MISSING,20.0,0.68,0.56,0.77,0.2,0.57,REAL / DERIVED / MODEL_OUTPUT,"DES, IMD, FCI, CWC & Census Govt of India",https://desagri.gov.in/,2023-12-31,2026-10-08,High
Uttar Pradesh,Bulandshahr,26.9967,80.5412,Rice / Paddy,72266.0,195118.0,2.7,58181.0,63181.0,11681.0,133043.0,MISSING,28.49,1.5,50.0,MISSING,2658797,23929.17,MISSING (Stock Unobserved),MISSING,817580,46.0,MISSING,43.0,0.68,0.63,0.53,0.66,0.63,REAL / DERIVED / MODEL_OUTPUT,"DES, IMD, FCI, CWC & Census Govt of India",https://desagri.gov.in/,2023-12-31,2026-10-08,High
Uttar Pradesh,Chandauli,26.7717,81.6512,Rice / Paddy,33487.0,90414.0,2.7,34924.0,44924.0,9424.0,89272.0,MISSING,28.51,1.5,50.0,MISSING,5267667,47409.0,MISSING (Stock Unobserved),MISSING,1725160,49.0,MISSING,52.0,0.68,0.71,0.63,0.84,0.71,REAL / DERIVED / MODEL_OUTPUT,"DES, IMD, FCI, CWC & Census Govt of India",https://desagri.gov.in/,2023-12-31,2026-10-08,High
Uttar Pradesh,Chitrakoot,26.6817,81.5162,Rice / Paddy,100344.0,270928.0,2.7,74216.0,74216.0,6716.0,155148.0,MISSING,28.5,6.5,50.0,MISSING,3720970,33488.73,MISSING (Stock Unobserved),MISSING,1041871,46.0,MISSING,22.0,0.68,0.5,0.53,0.24,0.52,REAL / DERIVED / MODEL_OUTPUT,"DES, IMD, FCI, CWC & Census Govt of India",https://desagri.gov.in/,2023-12-31,2026-10-08,High
Uttar Pradesh,Deoria,26.5467,81.3962,Rice / Paddy,88422.0,238739.0,2.7,58435.0,58435.0,6935.0,123805.0,MISSING,28.51,3.5,50.0,MISSING,4951970,44567.73,MISSING (Stock Unobserved),MISSING,1658909,52.0,MISSING,52.0,0.68,0.74,0.73,0.84,0.74,REAL / DERIVED / MODEL_OUTPUT,"DES, IMD, FCI, CWC & Census Govt of India",https://desagri.gov.in/,2023-12-31,2026-10-08,High
Uttar Pradesh,Etah,27.0867,81.3212,Rice / Paddy,66515.0,179590.0,2.7,69410.0,74410.0,6910.0,150730.0,MISSING,28.49,5.5,50.0,MISSING,3110021,27990.19,MISSING (Stock Unobserved),MISSING,878580,48.0,MISSING,21.0,0.68,0.52,0.6,0.22,0.53,REAL / DERIVED / MODEL_OUTPUT,"DES, IMD, FCI, CWC & Census Govt of India",https://desagri.gov.in/,2023-12-31,2026-10-08,High
Uttar Pradesh,Etawah,27.3117,80.2712,Rice / Paddy,42611.0,115049.0,2.7,58341.0,48341.0,4841.0,111523.0,MISSING,28.51,6.5,50.0,MISSING,1502482,13522.34,MISSING (Stock Unobserved),MISSING,413182,47.0,MISSING,17.0,0.68,0.48,0.57,0.14,0.5,REAL / DERIVED / MODEL_OUTPUT,"DES, IMD, FCI, CWC & Census Govt of India",https://desagri.gov.in/,2023-12-31,2026-10-08,High
Uttar Pradesh,Ayodhya,27.5817,80.8712,Rice / Paddy,89184.0,240796.0,2.7,68504.0,78504.0,11004.0,158012.0,MISSING,28.5,5.5,50.0,MISSING,2616405,23547.65,MISSING (Stock Unobserved),MISSING,745675,49.0,MISSING,22.0,0.68,0.53,0.63,0.24,0.54,REAL / DERIVED / MODEL_OUTPUT,"DES, IMD, FCI, CWC & Census Govt of India",https://desagri.gov.in/,2023-12-31,2026-10-08,High
Uttar Pradesh,Farrukhabad,26.9367,81.4862,Rice / Paddy,87601.0,236522.0,2.7,53767.0,108767.0,9267.0,171801.0,MISSING,28.5,7.5,50.0,MISSING,1704785,15343.07,MISSING (Stock Unobserved),MISSING,545531,49.0,MISSING,46.0,0.68,0.68,0.63,0.72,0.68,REAL / DERIVED / MODEL_OUTPUT,"DES, IMD, FCI, CWC & Census Govt of India",https://desagri.gov.in/,2023-12-31,2026-10-08,High
Uttar Pradesh,Fatehpur,27.1917,80.4362,Rice / Paddy,54950.0,148365.0,2.7,63964.0,73964.0,6464.0,144392.0,MISSING,28.48,6.5,50.0,MISSING,3609184,32482.66,MISSING (Stock Unobserved),MISSING,1200053,50.0,MISSING,53.0,0.68,0.73,0.67,0.86,0.73,REAL / DERIVED / MODEL_OUTPUT,"DES, IMD, FCI, CWC & Census Govt of India",https://desagri.gov.in/,2023-12-31,2026-10-08,High
Uttar Pradesh,Firozabad,27.5367,81.0962,Rice / Paddy,79269.0,214026.0,2.7,70394.0,85394.0,9894.0,165682.0,MISSING,28.49,6.5,50.0,MISSING,4705589,42350.3,MISSING (Stock Unobserved),MISSING,1305800,42.0,MISSING,27.0,0.68,0.49,0.4,0.34,0.51,REAL / DERIVED / MODEL_OUTPUT,"DES, IMD, FCI, CWC & Census Govt of India",https://desagri.gov.in/,2023-12-31,2026-10-08,High
Uttar Pradesh,Gautam Buddha Nagar,26.4717,81.0962,Rice / Paddy,47872.0,129254.0,2.7,65279.0,60279.0,8779.0,134337.0,MISSING,28.5,6.5,50.0,MISSING,4491976,40427.78,MISSING (Stock Unobserved),MISSING,1291443,47.0,MISSING,26.0,0.68,0.54,0.57,0.32,0.55,REAL / DERIVED / MODEL_OUTPUT,"DES, IMD, FCI, CWC & Census Govt of India",https://desagri.gov.in/,2023-12-31,2026-10-08,High
Uttar Pradesh,Ghaziabad,26.8917,81.1862,Rice / Paddy,38084.0,102826.0,2.7,46287.0,111287.0,11787.0,169361.0,MISSING,28.52,4.5,50.0,MISSING,3526320,31736.88,MISSING (Stock Unobserved),MISSING,1049080,52.0,MISSING,25.0,0.68,0.58,0.73,0.3,0.59,REAL / DERIVED / MODEL_OUTPUT,"DES, IMD, FCI, CWC & Census Govt of India",https://desagri.gov.in/,2023-12-31,2026-10-08,High
Uttar Pradesh,Ghazipur,26.5467,80.3912,Rice / Paddy,81247.0,219366.0,2.7,45175.0,85175.0,9675.0,140025.0,MISSING,28.51,5.5,50.0,MISSING,4549700,40947.3,MISSING (Stock Unobserved),MISSING,1399032,46.0,MISSING,43.0,0.68,0.63,0.53,0.66,0.63,REAL / DERIVED / MODEL_OUTPUT,"DES, IMD, FCI, CWC & Census Govt of India",https://desagri.gov.in/,2023-12-31,2026-10-08,High
Uttar Pradesh,Gonda,27.1917,80.6162,Rice / Paddy,67749.0,182922.0,2.7,54824.0,69824.0,10324.0,134972.0,MISSING,28.52,5.5,50.0,MISSING,2161530,19453.77,MISSING (Stock Unobserved),MISSING,670074,43.0,MISSING,49.0,0.68,0.64,0.43,0.78,0.64,REAL / DERIVED / MODEL_OUTPUT,"DES, IMD, FCI, CWC & Census Govt of India",https://desagri.gov.in/,2023-12-31,2026-10-08,High
Uttar Pradesh,Gorakhpur,26.4717,80.6462,Rice / Paddy,89733.0,242279.0,2.7,56872.0,91872.0,8372.0,157116.0,MISSING,28.5,0.5,50.0,MISSING,1432117,12889.05,MISSING (Stock Unobserved),MISSING,461857,50.0,MISSING,47.0,0.68,0.7,0.67,0.74,0.69,REAL / DERIVED / MODEL_OUTPUT,"DES, IMD, FCI, CWC & Census Govt of India",https://desagri.gov.in/,2023-12-31,2026-10-08,High
Uttar Pradesh,Hamirpur,26.9367,81.5762,Rice / Paddy,86375.0,215937.0,2.5,22452.0,18452.0,1352.0,42256.0,MISSING,28.53,3.5,50.0,MISSING,2736478,24628.3,MISSING (Stock Unobserved),MISSING,834625,52.0,MISSING,31.0,0.68,0.62,0.73,0.42,0.62,REAL / DERIVED / MODEL_OUTPUT,"DES, IMD, FCI, CWC & Census Govt of India",https://desagri.gov.in/,2023-12-31,2026-10-08,High
Uttar Pradesh,Hapur,26.6817,81.4712,Rice / Paddy,47161.0,127334.0,2.7,48911.0,93911.0,10411.0,153233.0,MISSING,28.5,2.5,50.0,MISSING,3993822,35944.4,MISSING (Stock Unobserved),MISSING,1238084,49.0,MISSING,40.0,0.68,0.64,0.63,0.6,0.64,REAL / DERIVED / MODEL_OUTPUT,"DES, IMD, FCI, CWC & Census Govt of India",https://desagri.gov.in/,2023-12-31,2026-10-08,High
Uttar Pradesh,Hardoi,26.9217,81.3362,Rice / Paddy,20043.0,54116.0,2.7,71331.0,116331.0,8831.0,196493.0,MISSING,28.5,2.5,50.0,MISSING,2842542,25582.88,MISSING (Stock Unobserved),MISSING,803018,50.0,MISSING,17.0,0.68,0.52,0.67,0.14,0.53,REAL / DERIVED / MODEL_OUTPUT,"DES, IMD, FCI, CWC & Census Govt of India",https://desagri.gov.in/,2023-12-31,2026-10-08,High
Uttar Pradesh,Hathras,26.6067,80.8862,Rice / Paddy,27890.0,75303.0,2.7,57696.0,112696.0,5196.0,175588.0,MISSING,28.49,1.5,50.0,MISSING,4852426,43671.83,MISSING (Stock Unobserved),MISSING,1516383,52.0,MISSING,37.0,0.68,0.65,0.73,0.54,0.65,REAL / DERIVED / MODEL_OUTPUT,"DES, IMD, FCI, CWC & Census Govt of India",https://desagri.gov.in/,2023-12-31,2026-10-08,High
Uttar Pradesh,Jalaun,26.2917,80.8562,Rice / Paddy,28432.0,76766.0,2.7,60413.0,60413.0,8913.0,129739.0,MISSING,28.46,1.5,50.0,MISSING,4821443,43392.99,MISSING (Stock Unobserved),MISSING,1374111,52.0,MISSING,16.0,0.68,0.53,0.73,0.12,0.54,REAL / DERIVED / MODEL_OUTPUT,"DES, IMD, FCI, CWC & Census Govt of India",https://desagri.gov.in/,2023-12-31,2026-10-08,High
Uttar Pradesh,Jaunpur,26.8017,81.2012,Rice / Paddy,31315.0,84550.0,2.7,71415.0,41415.0,5915.0,118745.0,MISSING,28.5,5.5,50.0,MISSING,4850289,43652.6,MISSING (Stock Unobserved),MISSING,1576343,48.0,MISSING,51.0,0.68,0.7,0.6,0.82,0.7,REAL / DERIVED / MODEL_OUTPUT,"DES, IMD, FCI, CWC & Census Govt of India",https://desagri.gov.in/,2023-12-31,2026-10-08,High
Uttar Pradesh,Jhansi,27.4017,80.4812,Rice / Paddy,33409.0,90204.0,2.7,35586.0,65586.0,6086.0,107258.0,MISSING,28.48,4.5,50.0,MISSING,2275131,20476.18,MISSING (Stock Unobserved),MISSING,619973,42.0,MISSING,24.0,0.68,0.48,0.4,0.28,0.49,REAL / DERIVED / MODEL_OUTPUT,"DES, IMD, FCI, CWC & Census Govt of India",https://desagri.gov.in/,2023-12-31,2026-10-08,High
Uttar Pradesh,Kannauj,27.5667,81.1112,Rice / Paddy,87360.0,235872.0,2.7,42185.0,82185.0,6685.0,131055.0,MISSING,28.5,7.5,50.0,MISSING,2674317,24068.85,MISSING (Stock Unobserved),MISSING,882524,47.0,MISSING,56.0,0.68,0.72,0.57,0.92,0.72,REAL / DERIVED / MODEL_OUTPUT,"DES, IMD, FCI, CWC & Census Govt of India",https://desagri.gov.in/,2023-12-31,2026-10-08,High
Uttar Pradesh,Kanpur Dehat,26.7267,80.3012,Rice / Paddy,54551.0,147287.0,2.7,62559.0,62559.0,11059.0,136177.0,MISSING,28.51,5.5,50.0,MISSING,3206986,28862.87,MISSING (Stock Unobserved),MISSING,889938,44.0,MISSING,23.0,0.68,0.49,0.47,0.26,0.51,REAL / DERIVED / MODEL_OUTPUT,"DES, IMD, FCI, CWC & Census Govt of India",https://desagri.gov.in/,2023-12-31,2026-10-08,High
Uttar Pradesh,Kanpur Nagar,26.2917,81.1562,Rice / Paddy,28621.0,77276.0,2.7,35296.0,65296.0,5796.0,106388.0,MISSING,28.5,1.5,50.0,MISSING,4579911,41219.2,MISSING (Stock Unobserved),MISSING,1591519,53.0,MISSING,59.0,0.68,0.8,0.77,0.98,0.79,REAL / DERIVED / MODEL_OUTPUT,"DES, IMD, FCI, CWC & Census Govt of India",https://desagri.gov.in/,2023-12-31,2026-10-08,High
Uttar Pradesh,Kasganj,27.3117,81.0812,Rice / Paddy,27710.0,74817.0,2.7,72795.0,107795.0,8295.0,188885.0,MISSING,28.49,4.5,50.0,MISSING,5293330,47639.97,MISSING (Stock Unobserved),MISSING,1548299,52.0,MISSING,22.0,0.68,0.56,0.73,0.24,0.57,REAL / DERIVED / MODEL_OUTPUT,"DES, IMD, FCI, CWC & Census Govt of India",https://desagri.gov.in/,2023-12-31,2026-10-08,High
Uttar Pradesh,Kaushambi,26.3367,80.4812,Rice / Paddy,51783.0,139814.0,2.7,59322.0,89322.0,5822.0,154466.0,MISSING,28.5,4.5,50.0,MISSING,1476145,13285.31,MISSING (Stock Unobserved),MISSING,468676,46.0,MISSING,49.0,0.68,0.67,0.53,0.78,0.67,REAL / DERIVED / MODEL_OUTPUT,"DES, IMD, FCI, CWC & Census Govt of India",https://desagri.gov.in/,2023-12-31,2026-10-08,High
Uttar Pradesh,Kheri,26.8917,81.5162,Rice / Paddy,44659.0,120579.0,2.7,41399.0,66399.0,6899.0,114697.0,MISSING,28.51,5.5,50.0,MISSING,2954048,26586.43,MISSING (Stock Unobserved),MISSING,908369,46.0,MISSING,43.0,0.68,0.63,0.53,0.66,0.63,REAL / DERIVED / MODEL_OUTPUT,"DES, IMD, FCI, CWC & Census Govt of India",https://desagri.gov.in/,2023-12-31,2026-10-08,High
Uttar Pradesh,Kushinagar,26.9817,80.2262,Rice / Paddy,54210.0,146367.0,2.7,58719.0,58719.0,7219.0,124657.0,MISSING,28.52,3.5,50.0,MISSING,4782497,43042.47,MISSING (Stock Unobserved),MISSING,1530399,50.0,MISSING,44.0,0.68,0.68,0.67,0.68,0.68,REAL / DERIVED / MODEL_OUTPUT,"DES, IMD, FCI, CWC & Census Govt of India",https://desagri.gov.in/,2023-12-31,2026-10-08,High
Uttar Pradesh,Lalitpur,26.7867,81.5762,Rice / Paddy,80106.0,216286.0,2.7,40955.0,100955.0,9455.0,151365.0,MISSING,28.5,1.5,50.0,MISSING,1899659,17096.93,MISSING (Stock Unobserved),MISSING,650633,53.0,MISSING,56.0,0.68,0.78,0.77,0.92,0.77,REAL / DERIVED / MODEL_OUTPUT,"DES, IMD, FCI, CWC & Census Govt of India",https://desagri.gov.in/,2023-12-31,2026-10-08,High
Uttar Pradesh,Lucknow,26.8467,80.9462,Rice / Paddy,19309.0,52134.0,2.7,45658.0,65658.0,6158.0,117474.0,MISSING,28.5,4.5,50.0,MISSING,3200577,28805.19,MISSING (Stock Unobserved),MISSING,880158,48.0,MISSING,15.0,0.68,0.48,0.6,0.1,0.5,REAL / DERIVED / MODEL_OUTPUT,"DES, IMD, FCI, CWC & Census Govt of India",https://desagri.gov.in/,2023-12-31,2026-10-08,High
Uttar Pradesh,Maharajganj,26.6067,80.6162,Rice / Paddy,78296.0,211399.0,2.7,47927.0,87927.0,12427.0,148281.0,MISSING,28.49,7.5,50.0,MISSING,2129784,19168.06,MISSING (Stock Unobserved),MISSING,622961,46.0,MISSING,31.0,0.68,0.56,0.53,0.42,0.57,REAL / DERIVED / MODEL_OUTPUT,"DES, IMD, FCI, CWC & Census Govt of India",https://desagri.gov.in/,2023-12-31,2026-10-08,High
Uttar Pradesh,Mahoba,26.1267,80.9762,Rice / Paddy,17759.0,47949.0,2.7,63629.0,43629.0,8129.0,115387.0,MISSING,28.51,4.5,50.0,MISSING,2193779,19744.01,MISSING (Stock Unobserved),MISSING,680071,50.0,MISSING,38.0,0.68,0.64,0.67,0.56,0.64,REAL / DERIVED / MODEL_OUTPUT,"DES, IMD, FCI, CWC & Census Govt of India",https://desagri.gov.in/,2023-12-31,2026-10-08,High
Uttar Pradesh,Mainpuri,26.8317,80.2712,Rice / Paddy,59530.0,160731.0,2.7,32292.0,87292.0,11792.0,131376.0,MISSING,28.5,2.5,50.0,MISSING,4602945,41426.5,MISSING (Stock Unobserved),MISSING,1495957,46.0,MISSING,55.0,0.68,0.7,0.53,0.9,0.7,REAL / DERIVED / MODEL_OUTPUT,"DES, IMD, FCI, CWC & Census Govt of India",https://desagri.gov.in/,2023-12-31,2026-10-08,High
Uttar Pradesh,Mathura,26.8617,81.1712,Rice / Paddy,16090.0,43443.0,2.7,74154.0,99154.0,7654.0,180962.0,MISSING,28.51,1.5,50.0,MISSING,2755501,24799.51,MISSING (Stock Unobserved),MISSING,792206,46.0,MISSING,28.0,0.68,0.54,0.53,0.36,0.55,REAL / DERIVED / MODEL_OUTPUT,"DES, IMD, FCI, CWC & Census Govt of India",https://desagri.gov.in/,2023-12-31,2026-10-08,High
Uttar Pradesh,Mau,26.2617,81.3962,Rice / Paddy,55943.0,151046.0,2.7,52195.0,107195.0,7695.0,167085.0,MISSING,28.5,0.5,50.0,MISSING,3689221,33202.99,MISSING (Stock Unobserved),MISSING,1079097,43.0,MISSING,37.0,0.68,0.56,0.43,0.54,0.57,REAL / DERIVED / MODEL_OUTPUT,"DES, IMD, FCI, CWC & Census Govt of India",https://desagri.gov.in/,2023-12-31,2026-10-08,High
Uttar Pradesh,Meerut,27.1917,80.2262,Rice / Paddy,49365.0,133285.0,2.7,72915.0,77915.0,10415.0,161245.0,MISSING,28.49,6.5,50.0,MISSING,2694460,24250.14,MISSING (Stock Unobserved),MISSING,788129,43.0,MISSING,37.0,0.68,0.56,0.43,0.54,0.57,REAL / DERIVED / MODEL_OUTPUT,"DES, IMD, FCI, CWC & Census Govt of India",https://desagri.gov.in/,2023-12-31,2026-10-08,High
Uttar Pradesh,Mirzapur,26.4867,80.8562,Rice / Paddy,17837.0,48159.0,2.7,40689.0,55689.0,12189.0,108567.0,MISSING,28.49,5.5,50.0,MISSING,4384848,39463.63,MISSING (Stock Unobserved),MISSING,1304492,52.0,MISSING,25.0,0.68,0.58,0.73,0.3,0.59,REAL / DERIVED / MODEL_OUTPUT,"DES, IMD, FCI, CWC & Census Govt of India",https://desagri.gov.in/,2023-12-31,2026-10-08,High
Uttar Pradesh,Moradabad,26.6817,80.6312,Rice / Paddy,84366.0,227788.0,2.7,44258.0,84258.0,8758.0,137274.0,MISSING,28.51,5.5,50.0,MISSING,2891373,26022.36,MISSING (Stock Unobserved),MISSING,896325,53.0,MISSING,32.0,0.68,0.64,0.77,0.44,0.64,REAL / DERIVED / MODEL_OUTPUT,"DES, IMD, FCI, CWC & Census Govt of India",https://desagri.gov.in/,2023-12-31,2026-10-08,High
Uttar Pradesh,Muzaffarnagar,27.3417,80.9912,Rice / Paddy,17006.0,45916.0,2.7,66641.0,96641.0,5141.0,168423.0,MISSING,28.49,1.5,50.0,MISSING,2913656,26222.9,MISSING (Stock Unobserved),MISSING,844960,44.0,MISSING,32.0,0.68,0.55,0.47,0.44,0.56,REAL / DERIVED / MODEL_OUTPUT,"DES, IMD, FCI, CWC & Census Govt of India",https://desagri.gov.in/,2023-12-31,2026-10-08,High
Uttar Pradesh,Pilibhit,26.3067,81.3062,Rice / Paddy,75465.0,203755.0,2.7,55714.0,95714.0,12214.0,163642.0,MISSING,28.54,4.5,50.0,MISSING,1864408,16779.67,MISSING (Stock Unobserved),MISSING,540678,50.0,MISSING,23.0,0.68,0.55,0.67,0.26,0.56,REAL / DERIVED / MODEL_OUTPUT,"DES, IMD, FCI, CWC & Census Govt of India",https://desagri.gov.in/,2023-12-31,2026-10-08,High
Uttar Pradesh,Pratapgarh,26.6217,81.2912,Rice / Paddy,67117.0,181215.0,2.7,23630.0,16630.0,1330.0,41590.0,MISSING,28.5,4.5,50.0,MISSING,5041408,45372.67,MISSING (Stock Unobserved),MISSING,1663664,52.0,MISSING,49.0,0.68,0.72,0.73,0.78,0.72,REAL / DERIVED / MODEL_OUTPUT,"DES, IMD, FCI, CWC & Census Govt of India",https://desagri.gov.in/,2023-12-31,2026-10-08,High
Uttar Pradesh,Raebareli,27.3567,81.2012,Rice / Paddy,98808.0,266781.0,2.7,52197.0,82197.0,6697.0,141091.0,MISSING,28.46,5.5,50.0,MISSING,2753145,24778.31,MISSING (Stock Unobserved),MISSING,812177,47.0,MISSING,32.0,0.68,0.57,0.57,0.44,0.58,REAL / DERIVED / MODEL_OUTPUT,"DES, IMD, FCI, CWC & Census Govt of India",https://desagri.gov.in/,2023-12-31,2026-10-08,High
Uttar Pradesh,Rampur,27.2067,81.3512,Rice / Paddy,66158.0,178626.0,2.7,70742.0,70742.0,11242.0,152726.0,MISSING,28.47,4.5,50.0,MISSING,1948413,17535.72,MISSING (Stock Unobserved),MISSING,584523,48.0,MISSING,33.0,0.68,0.59,0.6,0.46,0.6,REAL / DERIVED / MODEL_OUTPUT,"DES, IMD, FCI, CWC & Census Govt of India",https://desagri.gov.in/,2023-12-31,2026-10-08,High
Uttar Pradesh,Saharanpur,27.5067,80.4362,Rice / Paddy,52805.0,142573.0,2.7,30843.0,100843.0,9343.0,141029.0,MISSING,28.49,0.5,50.0,MISSING,3177870,28600.83,MISSING (Stock Unobserved),MISSING,889803,45.0,MISSING,24.0,0.68,0.51,0.5,0.28,0.52,REAL / DERIVED / MODEL_OUTPUT,"DES, IMD, FCI, CWC & Census Govt of India",https://desagri.gov.in/,2023-12-31,2026-10-08,High
Uttar Pradesh,Sambhal,26.5767,81.2012,Rice / Paddy,70918.0,191478.0,2.7,48017.0,43017.0,7517.0,98551.0,MISSING,28.51,0.5,50.0,MISSING,4028902,36260.12,MISSING (Stock Unobserved),MISSING,1319465,52.0,MISSING,46.0,0.68,0.71,0.73,0.72,0.71,REAL / DERIVED / MODEL_OUTPUT,"DES, IMD, FCI, CWC & Census Govt of India",https://desagri.gov.in/,2023-12-31,2026-10-08,High
Uttar Pradesh,Sant Kabir Nagar,26.9067,80.8262,Rice / Paddy,81352.0,219650.0,2.7,63592.0,83592.0,8092.0,155276.0,MISSING,28.51,5.5,50.0,MISSING,3309452,29785.07,MISSING (Stock Unobserved),MISSING,984561,45.0,MISSING,36.0,0.68,0.58,0.5,0.52,0.59,REAL / DERIVED / MODEL_OUTPUT,"DES, IMD, FCI, CWC & Census Govt of India",https://desagri.gov.in/,2023-12-31,2026-10-08,High
Uttar Pradesh,Shahjahanpur,26.2917,80.2262,Rice / Paddy,62895.0,169816.0,2.7,44166.0,69166.0,9666.0,122998.0,MISSING,28.5,2.5,50.0,MISSING,2633004,23697.04,MISSING (Stock Unobserved),MISSING,783318,44.0,MISSING,38.0,0.68,0.58,0.47,0.56,0.59,REAL / DERIVED / MODEL_OUTPUT,"DES, IMD, FCI, CWC & Census Govt of India",https://desagri.gov.in/,2023-12-31,2026-10-08,High
Uttar Pradesh,Shamli,27.2067,80.6912,Rice / Paddy,25937.0,70029.0,2.7,55501.0,95501.0,12001.0,163003.0,MISSING,28.48,6.5,50.0,MISSING,3609061,32481.55,MISSING (Stock Unobserved),MISSING,1163922,45.0,MISSING,54.0,0.68,0.69,0.5,0.88,0.69,REAL / DERIVED / MODEL_OUTPUT,"DES, IMD, FCI, CWC & Census Govt of India",https://desagri.gov.in/,2023-12-31,2026-10-08,High
Uttar Pradesh,Shravasti,27.5817,81.2762,Rice / Paddy,79192.0,213818.0,2.7,64758.0,104758.0,5258.0,174774.0,MISSING,28.49,3.5,50.0,MISSING,1494298,13448.68,MISSING (Stock Unobserved),MISSING,425874,44.0,MISSING,29.0,0.68,0.53,0.47,0.38,0.54,REAL / DERIVED / MODEL_OUTPUT,"DES, IMD, FCI, CWC & Census Govt of India",https://desagri.gov.in/,2023-12-31,2026-10-08,High
Uttar Pradesh,Siddharthnagar,26.1567,80.4362,Rice / Paddy,30621.0,82676.0,2.7,72516.0,87516.0,12016.0,172048.0,MISSING,28.5,0.5,50.0,MISSING,2159990,19439.91,MISSING (Stock Unobserved),MISSING,626397,48.0,MISSING,27.0,0.68,0.55,0.6,0.34,0.56,REAL / DERIVED / MODEL_OUTPUT,"DES, IMD, FCI, CWC & Census Govt of India",https://desagri.gov.in/,2023-12-31,2026-10-08,High
Uttar Pradesh,Sitapur,26.4567,80.4062,Rice / Paddy,91208.0,246261.0,2.7,62727.0,92727.0,9227.0,164681.0,MISSING,28.5,6.5,50.0,MISSING,5116378,46047.4,MISSING (Stock Unobserved),MISSING,1675613,52.0,MISSING,46.0,0.68,0.71,0.73,0.72,0.71,REAL / DERIVED / MODEL_OUTPUT,"DES, IMD, FCI, CWC & Census Govt of India",https://desagri.gov.in/,2023-12-31,2026-10-08,High
Uttar Pradesh,Sonbhadra,26.7567,80.9762,Rice / Paddy,80226.0,216610.0,2.7,49778.0,109778.0,10278.0,169834.0,MISSING,28.51,1.5,50.0,MISSING,3207159,28864.43,MISSING (Stock Unobserved),MISSING,881968,45.0,MISSING,21.0,0.68,0.49,0.5,0.22,0.5,REAL / DERIVED / MODEL_OUTPUT,"DES, IMD, FCI, CWC & Census Govt of India",https://desagri.gov.in/,2023-12-31,2026-10-08,High
Uttar Pradesh,Sultanpur,26.5467,81.6212,Rice / Paddy,43389.0,117150.0,2.7,60965.0,90965.0,7465.0,159395.0,MISSING,28.51,1.5,50.0,MISSING,3091020,27819.18,MISSING (Stock Unobserved),MISSING,850030,46.0,MISSING,19.0,0.68,0.49,0.53,0.18,0.5,REAL / DERIVED / MODEL_OUTPUT,"DES, IMD, FCI, CWC & Census Govt of India",https://desagri.gov.in/,2023-12-31,2026-10-08,High
Uttar Pradesh,Unnao,27.3717,81.5462,Rice / Paddy,79536.0,214747.0,2.7,56457.0,81457.0,5957.0,143871.0,MISSING,28.51,2.5,50.0,MISSING,3835840,34522.56,MISSING (Stock Unobserved),MISSING,1102804,48.0,MISSING,24.0,0.68,0.54,0.6,0.28,0.55,REAL / DERIVED / MODEL_OUTPUT,"DES, IMD, FCI, CWC & Census Govt of India",https://desagri.gov.in/,2023-12-31,2026-10-08,High
Uttar Pradesh,Varanasi,26.1717,80.8112,Rice / Paddy,25394.0,68563.0,2.7,74749.0,49749.0,6249.0,130747.0,MISSING,28.51,2.5,50.0,MISSING,2456160,22105.44,MISSING (Stock Unobserved),MISSING,792111,52.0,MISSING,43.0,0.68,0.69,0.73,0.66,0.69,REAL / DERIVED / MODEL_OUTPUT,"DES, IMD, FCI, CWC & Census Govt of India",https://desagri.gov.in/,2023-12-31,2026-10-08,High
Uttarakhand,Almora,29.3918,79.1543,Rice / Paddy,26926.0,67315.0,2.5,21783.0,34783.0,683.0,57249.0,MISSING,28.51,7.5,50.0,MISSING,3817706,34359.35,MISSING (Stock Unobserved),MISSING,1107134,51.0,MISSING,21.0,0.68,0.55,0.7,0.22,0.56,REAL / DERIVED / MODEL_OUTPUT,"DES, IMD, FCI, CWC & Census Govt of India",https://desagri.gov.in/,2023-12-31,2026-10-08,High
Uttarakhand,Bageshwar,30.7718,79.3343,Rice / Paddy,18982.0,47455.0,2.5,12428.0,23428.0,928.0,36784.0,MISSING,28.53,6.5,50.0,MISSING,2742465,24682.19,MISSING (Stock Unobserved),MISSING,774746,49.0,MISSING,19.0,0.68,0.52,0.63,0.18,0.53,REAL / DERIVED / MODEL_OUTPUT,"DES, IMD, FCI, CWC & Census Govt of India",https://desagri.gov.in/,2023-12-31,2026-10-08,High
Uttarakhand,Chamoli,30.5018,78.4643,Rice / Paddy,75520.0,188800.0,2.5,22918.0,26918.0,618.0,50454.0,MISSING,28.49,4.5,50.0,MISSING,3508710,31578.39,MISSING (Stock Unobserved),MISSING,1096471,48.0,MISSING,42.0,0.68,0.64,0.6,0.64,0.65,REAL / DERIVED / MODEL_OUTPUT,"DES, IMD, FCI, CWC & Census Govt of India",https://desagri.gov.in/,2023-12-31,2026-10-08,High
Uttarakhand,Champawat,30.6518,79.7093,Rice / Paddy,49685.0,124212.0,2.5,26166.0,19166.0,1466.0,46798.0,MISSING,28.48,5.5,50.0,MISSING,1605638,14450.74,MISSING (Stock Unobserved),MISSING,477677,53.0,MISSING,23.0,0.68,0.58,0.77,0.26,0.59,REAL / DERIVED / MODEL_OUTPUT,"DES, IMD, FCI, CWC & Census Govt of India",https://desagri.gov.in/,2023-12-31,2026-10-08,High
Uttarakhand,Dehradun,29.4818,79.3943,Rice / Paddy,78389.0,195972.0,2.5,13013.0,27013.0,1513.0,41539.0,MISSING,28.51,2.5,50.0,MISSING,4051884,36466.96,MISSING (Stock Unobserved),MISSING,1175046,44.0,MISSING,32.0,0.68,0.55,0.47,0.44,0.56,REAL / DERIVED / MODEL_OUTPUT,"DES, IMD, FCI, CWC & Census Govt of India",https://desagri.gov.in/,2023-12-31,2026-10-08,High
Uttarakhand,Haridwar,29.6468,79.6943,Rice / Paddy,86763.0,216907.0,2.5,19990.0,23990.0,1290.0,45270.0,MISSING,28.5,6.5,50.0,MISSING,4938710,44448.39,MISSING (Stock Unobserved),MISSING,1419879,45.0,MISSING,30.0,0.68,0.54,0.5,0.4,0.55,REAL / DERIVED / MODEL_OUTPUT,"DES, IMD, FCI, CWC & Census Govt of India",https://desagri.gov.in/,2023-12-31,2026-10-08,High
Uttarakhand,Nainital,29.4218,78.6893,Rice / Paddy,62123.0,155307.0,2.5,26515.0,24515.0,615.0,51645.0,MISSING,28.49,6.5,50.0,MISSING,2006259,18056.33,MISSING (Stock Unobserved),MISSING,647018,43.0,MISSING,58.0,0.68,0.69,0.43,0.96,0.69,REAL / DERIVED / MODEL_OUTPUT,"DES, IMD, FCI, CWC & Census Govt of India",https://desagri.gov.in/,2023-12-31,2026-10-08,High
Uttarakhand,Pauri Garhwal,29.4368,79.2443,Rice / Paddy,48109.0,120272.0,2.5,28607.0,29607.0,1507.0,59721.0,MISSING,28.49,0.5,50.0,MISSING,4566611,41099.5,MISSING (Stock Unobserved),MISSING,1244401,46.0,MISSING,16.0,0.68,0.47,0.53,0.12,0.49,REAL / DERIVED / MODEL_OUTPUT,"DES, IMD, FCI, CWC & Census Govt of India",https://desagri.gov.in/,2023-12-31,2026-10-08,High
Uttarakhand,Pithoragarh,29.6468,78.6743,Rice / Paddy,46536.0,116340.0,2.5,20256.0,22256.0,1556.0,44068.0,MISSING,28.51,2.5,50.0,MISSING,2511570,22604.13,MISSING (Stock Unobserved),MISSING,797423,45.0,MISSING,51.0,0.68,0.67,0.5,0.82,0.67,REAL / DERIVED / MODEL_OUTPUT,"DES, IMD, FCI, CWC & Census Govt of India",https://desagri.gov.in/,2023-12-31,2026-10-08,High
Uttarakhand,Rudraprayag,30.7718,79.4093,Rice / Paddy,51431.0,128577.0,2.5,19448.0,22448.0,748.0,42644.0,MISSING,28.49,7.5,50.0,MISSING,4912343,44211.09,MISSING (Stock Unobserved),MISSING,1314051,45.0,MISSING,15.0,0.68,0.45,0.5,0.1,0.47,REAL / DERIVED / MODEL_OUTPUT,"DES, IMD, FCI, CWC & Census Govt of India",https://desagri.gov.in/,2023-12-31,2026-10-08,High
Uttarakhand,Tehri Garhwal,30.4268,79.7393,Rice / Paddy,39543.0,98857.0,2.5,23610.0,17610.0,1310.0,42530.0,MISSING,28.5,6.5,50.0,MISSING,1794151,16147.36,MISSING (Stock Unobserved),MISSING,533759,44.0,MISSING,38.0,0.68,0.58,0.47,0.56,0.59,REAL / DERIVED / MODEL_OUTPUT,"DES, IMD, FCI, CWC & Census Govt of India",https://desagri.gov.in/,2023-12-31,2026-10-08,High
Uttarakhand,Udham Singh Nagar,29.6918,78.9593,Rice / Paddy,24066.0,60165.0,2.5,26812.0,32812.0,912.0,60536.0,MISSING,28.5,6.5,50.0,MISSING,2280782,20527.04,MISSING (Stock Unobserved),MISSING,735552,45.0,MISSING,54.0,0.68,0.69,0.5,0.88,0.69,REAL / DERIVED / MODEL_OUTPUT,"DES, IMD, FCI, CWC & Census Govt of India",https://desagri.gov.in/,2023-12-31,2026-10-08,High
Uttarakhand,Uttarkashi,29.3468,78.3443,Rice / Paddy,81593.0,203982.0,2.5,22242.0,27242.0,1142.0,50626.0,MISSING,28.5,2.5,50.0,MISSING,3797461,34177.15,MISSING (Stock Unobserved),MISSING,1091770,48.0,MISSING,24.0,0.68,0.54,0.6,0.28,0.55,REAL / DERIVED / MODEL_OUTPUT,"DES, IMD, FCI, CWC & Census Govt of India",https://desagri.gov.in/,2023-12-31,2026-10-08,High
West Bengal,Alipurduar,23.4818,88.02,Rice / Paddy,81345.0,317245.0,3.9,31118.0,71118.0,4118.0,106354.0,MISSING,28.49,0.5,50.0,MISSING,1892152,17029.37,MISSING (Stock Unobserved),MISSING,558184,51.0,MISSING,24.0,0.68,0.57,0.7,0.28,0.58,REAL / DERIVED / MODEL_OUTPUT,"DES, IMD, FCI, CWC & Census Govt of India",https://desagri.gov.in/,2023-12-31,2026-10-08,High
West Bengal,Bankura,22.5818,87.495,Rice / Paddy,54979.0,214418.0,3.9,29736.0,69736.0,2736.0,102208.0,MISSING,28.49,7.5,50.0,MISSING,4445020,40005.18,MISSING (Stock Unobserved),MISSING,1211267,44.0,MISSING,20.0,0.68,0.47,0.47,0.2,0.49,REAL / DERIVED / MODEL_OUTPUT,"DES, IMD, FCI, CWC & Census Govt of India",https://desagri.gov.in/,2023-12-31,2026-10-08,High
West Bengal,Birbhum,23.4218,88.125,Rice / Paddy,53592.0,209008.0,3.9,57660.0,47660.0,2660.0,107980.0,MISSING,28.52,0.5,50.0,MISSING,3488036,31392.32,MISSING (Stock Unobserved),MISSING,933049,45.0,MISSING,15.0,0.68,0.45,0.5,0.1,0.47,REAL / DERIVED / MODEL_OUTPUT,"DES, IMD, FCI, CWC & Census Govt of India",https://desagri.gov.in/,2023-12-31,2026-10-08,High
West Bengal,Cooch Behar,23.6018,87.705,Rice / Paddy,64604.0,251955.0,3.9,57461.0,82461.0,2461.0,142383.0,MISSING,28.48,2.5,50.0,MISSING,1597142,14374.28,MISSING (Stock Unobserved),MISSING,503099,49.0,MISSING,43.0,0.68,0.66,0.63,0.66,0.66,REAL / DERIVED / MODEL_OUTPUT,"DES, IMD, FCI, CWC & Census Govt of India",https://desagri.gov.in/,2023-12-31,2026-10-08,High
West Bengal,Dakshin Dinajpur,22.8668,88.26,Rice / Paddy,31693.0,123602.0,3.9,51257.0,41257.0,3257.0,95771.0,MISSING,28.5,5.5,50.0,MISSING,4927026,44343.23,MISSING (Stock Unobserved),MISSING,1490425,44.0,MISSING,41.0,0.68,0.6,0.47,0.62,0.61,REAL / DERIVED / MODEL_OUTPUT,"DES, IMD, FCI, CWC & Census Govt of India",https://desagri.gov.in/,2023-12-31,2026-10-08,High
West Bengal,Darjeeling,23.0618,87.66,Rice / Paddy,91046.0,355079.0,3.9,49658.0,64658.0,1658.0,115974.0,MISSING,28.49,1.5,50.0,MISSING,2581682,23235.14,MISSING (Stock Unobserved),MISSING,722870,46.0,MISSING,22.0,0.68,0.5,0.53,0.24,0.52,REAL / DERIVED / MODEL_OUTPUT,"DES, IMD, FCI, CWC & Census Govt of India",https://desagri.gov.in/,2023-12-31,2026-10-08,High
West Bengal,Hooghly,22.8218,88.515,Rice / Paddy,62254.0,242790.0,3.9,39120.0,54120.0,1620.0,94860.0,MISSING,28.47,6.5,50.0,MISSING,2390848,21517.63,MISSING (Stock Unobserved),MISSING,705300,47.0,MISSING,32.0,0.68,0.57,0.57,0.44,0.58,REAL / DERIVED / MODEL_OUTPUT,"DES, IMD, FCI, CWC & Census Govt of India",https://desagri.gov.in/,2023-12-31,2026-10-08,High
West Bengal,Howrah,22.6718,87.75,Rice / Paddy,56593.0,220712.0,3.9,26552.0,71552.0,3052.0,101156.0,MISSING,28.49,5.5,50.0,MISSING,4362060,39258.54,MISSING (Stock Unobserved),MISSING,1439479,53.0,MISSING,47.0,0.68,0.72,0.77,0.74,0.72,REAL / DERIVED / MODEL_OUTPUT,"DES, IMD, FCI, CWC & Census Govt of India",https://desagri.gov.in/,2023-12-31,2026-10-08,High
West Bengal,Jalpaiguri,23.2718,87.15,Rice / Paddy,61611.0,240282.0,3.9,40132.0,45132.0,2632.0,87896.0,MISSING,28.49,1.5,50.0,MISSING,1902672,17124.05,MISSING (Stock Unobserved),MISSING,575558,51.0,MISSING,30.0,0.68,0.6,0.7,0.4,0.61,REAL / DERIVED / MODEL_OUTPUT,"DES, IMD, FCI, CWC & Census Govt of India",https://desagri.gov.in/,2023-12-31,2026-10-08,High
West Bengal,Jhargram,22.7018,87.195,Rice / Paddy,25572.0,99730.0,3.9,28600.0,38600.0,1600.0,68800.0,MISSING,28.5,1.5,50.0,MISSING,4926886,44341.97,MISSING (Stock Unobserved),MISSING,1428796,44.0,MISSING,32.0,0.68,0.55,0.47,0.44,0.56,REAL / DERIVED / MODEL_OUTPUT,"DES, IMD, FCI, CWC & Census Govt of India",https://desagri.gov.in/,2023-12-31,2026-10-08,High
West Bengal,Kalimpong,23.0018,87.42,Rice / Paddy,37381.0,145785.0,3.9,30291.0,90291.0,3291.0,123873.0,MISSING,28.52,0.5,50.0,MISSING,2951859,26566.73,MISSING (Stock Unobserved),MISSING,937215,43.0,MISSING,55.0,0.68,0.67,0.43,0.9,0.67,REAL / DERIVED / MODEL_OUTPUT,"DES, IMD, FCI, CWC & Census Govt of India",https://desagri.gov.in/,2023-12-31,2026-10-08,High
West Bengal,Kolkata,22.5726,88.3639,Rice / Paddy,81559.0,318080.0,3.9,44370.0,44370.0,3370.0,92110.0,MISSING,28.55,5.5,50.0,MISSING,2099927,18899.34,MISSING (Stock Unobserved),MISSING,587979,45.0,MISSING,24.0,0.68,0.51,0.5,0.28,0.52,REAL / DERIVED / MODEL_OUTPUT,"DES, IMD, FCI, CWC & Census Govt of India",https://desagri.gov.in/,2023-12-31,2026-10-08,High
West Bengal,Malda,22.9568,87.585,Rice / Paddy,88258.0,344206.0,3.9,37862.0,37862.0,3862.0,79586.0,MISSING,28.51,3.5,50.0,MISSING,2628589,23657.3,MISSING (Stock Unobserved),MISSING,860862,50.0,MISSING,50.0,0.68,0.71,0.67,0.8,0.71,REAL / DERIVED / MODEL_OUTPUT,"DES, IMD, FCI, CWC & Census Govt of India",https://desagri.gov.in/,2023-12-31,2026-10-08,High
West Bengal,Murshidabad,22.7018,87.375,Rice / Paddy,25561.0,99687.0,3.9,57860.0,87860.0,2860.0,148580.0,MISSING,28.48,1.5,50.0,MISSING,4644346,41799.11,MISSING (Stock Unobserved),MISSING,1358471,52.0,MISSING,22.0,0.68,0.56,0.73,0.24,0.57,REAL / DERIVED / MODEL_OUTPUT,"DES, IMD, FCI, CWC & Census Govt of India",https://desagri.gov.in/,2023-12-31,2026-10-08,High
West Bengal,Nadia,22.7018,87.285,Rice / Paddy,64398.0,251152.0,3.9,33127.0,78127.0,2627.0,113881.0,MISSING,28.49,7.5,50.0,MISSING,2521121,22690.09,MISSING (Stock Unobserved),MISSING,718519,45.0,MISSING,27.0,0.68,0.52,0.5,0.34,0.54,REAL / DERIVED / MODEL_OUTPUT,"DES, IMD, FCI, CWC & Census Govt of India",https://desagri.gov.in/,2023-12-31,2026-10-08,High
West Bengal,North 24 Parganas,23.0318,88.44,Rice / Paddy,52818.0,205990.0,3.9,28571.0,63571.0,1571.0,93713.0,MISSING,28.51,1.5,50.0,MISSING,2154721,19392.49,MISSING (Stock Unobserved),MISSING,700284,48.0,MISSING,51.0,0.68,0.7,0.6,0.82,0.7,REAL / DERIVED / MODEL_OUTPUT,"DES, IMD, FCI, CWC & Census Govt of India",https://desagri.gov.in/,2023-12-31,2026-10-08,High
West Bengal,Paschim Bardhaman,23.0618,88.44,Rice / Paddy,40099.0,156386.0,3.9,28744.0,83744.0,1744.0,114232.0,MISSING,28.49,2.5,50.0,MISSING,2294201,20647.81,MISSING (Stock Unobserved),MISSING,711202,53.0,MISSING,32.0,0.68,0.64,0.77,0.44,0.64,REAL / DERIVED / MODEL_OUTPUT,"DES, IMD, FCI, CWC & Census Govt of India",https://desagri.gov.in/,2023-12-31,2026-10-08,High
West Bengal,Paschim Medinipur,23.5868,87.93,Rice / Paddy,64172.0,250270.0,3.9,29358.0,59358.0,2358.0,91074.0,MISSING,28.51,0.5,50.0,MISSING,4846518,43618.66,MISSING (Stock Unobserved),MISSING,1587234,53.0,MISSING,44.0,0.68,0.71,0.77,0.68,0.71,REAL / DERIVED / MODEL_OUTPUT,"DES, IMD, FCI, CWC & Census Govt of India",https://desagri.gov.in/,2023-12-31,2026-10-08,High
West Bengal,Purba Bardhaman,23.2324,87.8615,Rice / Paddy,49257.0,192102.0,3.9,35009.0,80009.0,4509.0,119527.0,MISSING,28.49,5.5,50.0,MISSING,3532302,31790.72,MISSING (Stock Unobserved),MISSING,1059690,45.0,MISSING,39.0,0.68,0.6,0.5,0.58,0.6,REAL / DERIVED / MODEL_OUTPUT,"DES, IMD, FCI, CWC & Census Govt of India",https://desagri.gov.in/,2023-12-31,2026-10-08,High
West Bengal,Purba Medinipur,22.5668,87.75,Rice / Paddy,98657.0,384762.0,3.9,42271.0,47271.0,4771.0,94313.0,MISSING,28.5,2.5,50.0,MISSING,4397456,39577.1,MISSING (Stock Unobserved),MISSING,1418179,45.0,MISSING,54.0,0.68,0.69,0.5,0.88,0.69,REAL / DERIVED / MODEL_OUTPUT,"DES, IMD, FCI, CWC & Census Govt of India",https://desagri.gov.in/,2023-12-31,2026-10-08,High
West Bengal,Purulia,22.6118,88.41,Rice / Paddy,26810.0,104559.0,3.9,50872.0,70872.0,2872.0,124616.0,MISSING,28.5,5.5,50.0,MISSING,4383170,39448.53,MISSING (Stock Unobserved),MISSING,1336866,43.0,MISSING,46.0,0.68,0.62,0.43,0.72,0.62,REAL / DERIVED / MODEL_OUTPUT,"DES, IMD, FCI, CWC & Census Govt of India",https://desagri.gov.in/,2023-12-31,2026-10-08,High
West Bengal,South 24 Parganas,23.0318,87.42,Rice / Paddy,58028.0,226309.0,3.9,26544.0,71544.0,3044.0,101132.0,MISSING,28.52,5.5,50.0,MISSING,4589482,41305.34,MISSING (Stock Unobserved),MISSING,1399792,51.0,MISSING,33.0,0.68,0.62,0.7,0.46,0.62,REAL / DERIVED / MODEL_OUTPUT,"DES, IMD, FCI, CWC & Census Govt of India",https://desagri.gov.in/,2023-12-31,2026-10-08,High
West Bengal,Uttar Dinajpur,22.5518,88.38,Rice / Paddy,63063.0,245945.0,3.9,38090.0,68090.0,4090.0,110270.0,MISSING,28.49,6.5,50.0,MISSING,4680443,42123.99,MISSING (Stock Unobserved),MISSING,1462638,46.0,MISSING,46.0,0.68,0.65,0.53,0.72,0.65,REAL / DERIVED / MODEL_OUTPUT,"DES, IMD, FCI, CWC & Census Govt of India",https://desagri.gov.in/,2023-12-31,2026-10-08,High
Andaman and Nicobar Islands,Nicobar,12.3551,93.3936,Rice / Paddy,23837.0,59592.0,2.5,14026.0,19026.0,1326.0,34378.0,MISSING,28.5,2.5,50.0,MISSING,4351515,39163.64,MISSING (Stock Unobserved),MISSING,1446878,47.0,MISSING,59.0,0.68,0.74,0.57,0.98,0.73,REAL / DERIVED / MODEL_OUTPUT,"DES, IMD, FCI, CWC & Census Govt of India",https://desagri.gov.in/,2023-12-31,2026-10-08,High
Andaman and Nicobar Islands,North and Middle Andaman,11.1701,92.5686,Rice / Paddy,71534.0,178835.0,2.5,13356.0,36356.0,656.0,50368.0,MISSING,28.5,2.5,50.0,MISSING,1980811,17827.3,MISSING (Stock Unobserved),MISSING,623955,48.0,MISSING,45.0,0.68,0.66,0.6,0.7,0.66,REAL / DERIVED / MODEL_OUTPUT,"DES, IMD, FCI, CWC & Census Govt of India",https://desagri.gov.in/,2023-12-31,2026-10-08,High
Andaman and Nicobar Islands,South Andaman,12.3401,92.1786,Rice / Paddy,28876.0,72190.0,2.5,22589.0,31589.0,1489.0,55667.0,MISSING,28.5,2.5,50.0,MISSING,2726135,24535.22,MISSING (Stock Unobserved),MISSING,885993,45.0,MISSING,57.0,0.68,0.7,0.5,0.94,0.7,REAL / DERIVED / MODEL_OUTPUT,"DES, IMD, FCI, CWC & Census Govt of India",https://desagri.gov.in/,2023-12-31,2026-10-08,High
Chandigarh,Chandigarh,31.0933,76.4944,Rice / Paddy,19969.0,49922.0,2.5,22019.0,36019.0,919.0,58957.0,MISSING,28.49,4.5,50.0,MISSING,2703327,24329.94,MISSING (Stock Unobserved),MISSING,817756,44.0,MISSING,41.0,0.68,0.6,0.47,0.62,0.61,REAL / DERIVED / MODEL_OUTPUT,"DES, IMD, FCI, CWC & Census Govt of India",https://desagri.gov.in/,2023-12-31,2026-10-08,High
Dadra and Nagar Haveli and Daman and Diu,Dadra and Nagar Haveli,19.9774,73.2678,Rice / Paddy,46656.0,116640.0,2.5,13357.0,19357.0,657.0,33371.0,MISSING,28.51,2.5,50.0,MISSING,5279401,47514.61,MISSING (Stock Unobserved),MISSING,1531026,51.0,MISSING,21.0,0.68,0.55,0.7,0.22,0.56,REAL / DERIVED / MODEL_OUTPUT,"DES, IMD, FCI, CWC & Census Govt of India",https://desagri.gov.in/,2023-12-31,2026-10-08,High
Dadra and Nagar Haveli and Daman and Diu,Daman,20.9974,72.2778,Rice / Paddy,47579.0,118947.0,2.5,12739.0,30739.0,1239.0,44717.0,MISSING,28.51,3.5,50.0,MISSING,3304764,29742.88,MISSING (Stock Unobserved),MISSING,983167,45.0,MISSING,36.0,0.68,0.58,0.5,0.52,0.59,REAL / DERIVED / MODEL_OUTPUT,"DES, IMD, FCI, CWC & Census Govt of India",https://desagri.gov.in/,2023-12-31,2026-10-08,High
Dadra and Nagar Haveli and Daman and Diu,Diu,19.6624,72.3378,Rice / Paddy,94048.0,235120.0,2.5,22839.0,28839.0,539.0,52217.0,MISSING,28.5,3.5,50.0,MISSING,4624834,41623.51,MISSING (Stock Unobserved),MISSING,1318077,52.0,MISSING,16.0,0.68,0.53,0.73,0.12,0.54,REAL / DERIVED / MODEL_OUTPUT,"DES, IMD, FCI, CWC & Census Govt of India",https://desagri.gov.in/,2023-12-31,2026-10-08,High
Delhi,Central Delhi,28.8991,77.8225,Rice / Paddy,92920.0,232300.0,2.5,22344.0,32344.0,1244.0,55932.0,MISSING,28.48,6.5,50.0,MISSING,4109391,36984.52,MISSING (Stock Unobserved),MISSING,1294458,50.0,MISSING,41.0,0.68,0.66,0.67,0.62,0.66,REAL / DERIVED / MODEL_OUTPUT,"DES, IMD, FCI, CWC & Census Govt of India",https://desagri.gov.in/,2023-12-31,2026-10-08,High
Delhi,East Delhi,28.2241,77.5525,Rice / Paddy,87531.0,218827.0,2.5,21595.0,38595.0,1695.0,61885.0,MISSING,28.48,0.5,50.0,MISSING,4920599,44285.39,MISSING (Stock Unobserved),MISSING,1426973,48.0,MISSING,27.0,0.68,0.55,0.6,0.34,0.56,REAL / DERIVED / MODEL_OUTPUT,"DES, IMD, FCI, CWC & Census Govt of India",https://desagri.gov.in/,2023-12-31,2026-10-08,High
Delhi,New Delhi,28.2391,77.0575,Rice / Paddy,82031.0,205077.0,2.5,29200.0,15200.0,900.0,45300.0,MISSING,28.48,3.5,50.0,MISSING,2097168,18874.51,MISSING (Stock Unobserved),MISSING,718280,53.0,MISSING,56.0,0.68,0.78,0.77,0.92,0.77,REAL / DERIVED / MODEL_OUTPUT,"DES, IMD, FCI, CWC & Census Govt of India",https://desagri.gov.in/,2023-12-31,2026-10-08,High
Delhi,North Delhi,29.3641,77.2525,Rice / Paddy,68157.0,170392.0,2.5,13289.0,18289.0,589.0,32167.0,MISSING,28.5,4.5,50.0,MISSING,1855859,16702.73,MISSING (Stock Unobserved),MISSING,575316,51.0,MISSING,36.0,0.68,0.64,0.7,0.52,0.64,REAL / DERIVED / MODEL_OUTPUT,"DES, IMD, FCI, CWC & Census Govt of India",https://desagri.gov.in/,2023-12-31,2026-10-08,High
Delhi,North East Delhi,29.3641,77.5525,Rice / Paddy,78849.0,197122.0,2.5,26151.0,33151.0,1451.0,60753.0,MISSING,28.49,0.5,50.0,MISSING,1716284,15446.56,MISSING (Stock Unobserved),MISSING,532048,49.0,MISSING,40.0,0.68,0.64,0.63,0.6,0.64,REAL / DERIVED / MODEL_OUTPUT,"DES, IMD, FCI, CWC & Census Govt of India",https://desagri.gov.in/,2023-12-31,2026-10-08,High
Delhi,North West Delhi,29.2591,77.4775,Rice / Paddy,42054.0,105135.0,2.5,22192.0,26192.0,1092.0,49476.0,MISSING,28.5,2.5,50.0,MISSING,5098331,45884.98,MISSING (Stock Unobserved),MISSING,1593228,44.0,MISSING,50.0,0.68,0.65,0.47,0.8,0.65,REAL / DERIVED / MODEL_OUTPUT,"DES, IMD, FCI, CWC & Census Govt of India",https://desagri.gov.in/,2023-12-31,2026-10-08,High
Delhi,Shahdara,28.5991,76.6075,Rice / Paddy,58203.0,145507.0,2.5,17124.0,17124.0,824.0,35072.0,MISSING,28.54,3.5,50.0,MISSING,4892590,44033.31,MISSING (Stock Unobserved),MISSING,1602323,52.0,MISSING,46.0,0.68,0.71,0.73,0.72,0.71,REAL / DERIVED / MODEL_OUTPUT,"DES, IMD, FCI, CWC & Census Govt of India",https://desagri.gov.in/,2023-12-31,2026-10-08,High
Delhi,South Delhi,28.8991,76.8325,Rice / Paddy,31470.0,78675.0,2.5,16945.0,20945.0,645.0,38535.0,MISSING,28.49,3.5,50.0,MISSING,1594570,14351.13,MISSING (Stock Unobserved),MISSING,454452,50.0,MISSING,20.0,0.68,0.53,0.67,0.2,0.54,REAL / DERIVED / MODEL_OUTPUT,"DES, IMD, FCI, CWC & Census Govt of India",https://desagri.gov.in/,2023-12-31,2026-10-08,High
Delhi,South East Delhi,29.0491,77.5075,Rice / Paddy,35905.0,89762.0,2.5,13985.0,33985.0,1285.0,49255.0,MISSING,28.49,2.5,50.0,MISSING,2024202,18217.82,MISSING (Stock Unobserved),MISSING,632563,43.0,MISSING,52.0,0.68,0.65,0.43,0.84,0.65,REAL / DERIVED / MODEL_OUTPUT,"DES, IMD, FCI, CWC & Census Govt of India",https://desagri.gov.in/,2023-12-31,2026-10-08,High
Delhi,South West Delhi,28.6741,77.1925,Rice / Paddy,16620.0,41550.0,2.5,15430.0,19430.0,1530.0,36390.0,MISSING,28.5,4.5,50.0,MISSING,4883096,43947.86,MISSING (Stock Unobserved),MISSING,1269604,42.0,MISSING,15.0,0.68,0.42,0.4,0.1,0.44,REAL / DERIVED / MODEL_OUTPUT,"DES, IMD, FCI, CWC & Census Govt of India",https://desagri.gov.in/,2023-12-31,2026-10-08,High
Delhi,West Delhi,29.0941,76.7725,Rice / Paddy,66582.0,166455.0,2.5,22052.0,15052.0,952.0,38056.0,MISSING,28.51,1.5,50.0,MISSING,2912334,26211.01,MISSING (Stock Unobserved),MISSING,779049,43.0,MISSING,19.0,0.68,0.46,0.43,0.18,0.47,REAL / DERIVED / MODEL_OUTPUT,"DES, IMD, FCI, CWC & Census Govt of India",https://desagri.gov.in/,2023-12-31,2026-10-08,High
Jammu and Kashmir,Anantnag,33.2982,76.6062,Rice / Paddy,50995.0,127487.0,2.5,22402.0,39402.0,1302.0,63106.0,MISSING,28.51,2.5,50.0,MISSING,3933665,35402.99,MISSING (Stock Unobserved),MISSING,1042421,42.0,MISSING,18.0,0.68,0.44,0.4,0.16,0.46,REAL / DERIVED / MODEL_OUTPUT,"DES, IMD, FCI, CWC & Census Govt of India",https://desagri.gov.in/,2023-12-31,2026-10-08,High
Jammu and Kashmir,Bandipora,33.9132,76.5012,Rice / Paddy,89169.0,222922.0,2.5,29532.0,21532.0,1232.0,52296.0,MISSING,28.51,5.5,50.0,MISSING,2014423,18129.81,MISSING (Stock Unobserved),MISSING,569074,49.0,MISSING,19.0,0.68,0.52,0.63,0.18,0.53,REAL / DERIVED / MODEL_OUTPUT,"DES, IMD, FCI, CWC & Census Govt of India",https://desagri.gov.in/,2023-12-31,2026-10-08,High
Jammu and Kashmir,Baramulla,34.3932,76.4412,Rice / Paddy,26091.0,65227.0,2.5,15393.0,25393.0,1493.0,42279.0,MISSING,28.47,0.5,50.0,MISSING,3636167,32725.5,MISSING (Stock Unobserved),MISSING,1045398,48.0,MISSING,24.0,0.68,0.54,0.6,0.28,0.55,REAL / DERIVED / MODEL_OUTPUT,"DES, IMD, FCI, CWC & Census Govt of India",https://desagri.gov.in/,2023-12-31,2026-10-08,High
Jammu and Kashmir,Budgam,34.4532,77.1612,Rice / Paddy,86757.0,216892.0,2.5,18504.0,29504.0,1004.0,49012.0,MISSING,28.53,0.5,50.0,MISSING,2694407,24249.66,MISSING (Stock Unobserved),MISSING,734225,44.0,MISSING,20.0,0.68,0.47,0.47,0.2,0.49,REAL / DERIVED / MODEL_OUTPUT,"DES, IMD, FCI, CWC & Census Govt of India",https://desagri.gov.in/,2023-12-31,2026-10-08,High
Jammu and Kashmir,Doda,33.8082,77.0562,Rice / Paddy,22517.0,56292.0,2.5,18192.0,20192.0,692.0,39076.0,MISSING,28.48,2.5,50.0,MISSING,4079347,36714.12,MISSING (Stock Unobserved),MISSING,1335986,48.0,MISSING,54.0,0.68,0.72,0.6,0.88,0.71,REAL / DERIVED / MODEL_OUTPUT,"DES, IMD, FCI, CWC & Census Govt of India",https://desagri.gov.in/,2023-12-31,2026-10-08,High
Jammu and Kashmir,Ganderbal,34.4532,76.1262,Rice / Paddy,61876.0,154690.0,2.5,22209.0,39209.0,1109.0,62527.0,MISSING,28.49,3.5,50.0,MISSING,4664324,41978.92,MISSING (Stock Unobserved),MISSING,1410958,53.0,MISSING,26.0,0.68,0.6,0.77,0.32,0.61,REAL / DERIVED / MODEL_OUTPUT,"DES, IMD, FCI, CWC & Census Govt of India",https://desagri.gov.in/,2023-12-31,2026-10-08,High
Jammu and Kashmir,Jammu,34.4982,77.0862,Rice / Paddy,52347.0,130867.0,2.5,24742.0,29742.0,1242.0,55726.0,MISSING,28.49,7.5,50.0,MISSING,4645099,41805.89,MISSING (Stock Unobserved),MISSING,1567720,52.0,MISSING,55.0,0.68,0.76,0.73,0.9,0.75,REAL / DERIVED / MODEL_OUTPUT,"DES, IMD, FCI, CWC & Census Govt of India",https://desagri.gov.in/,2023-12-31,2026-10-08,High
Jammu and Kashmir,Kathua,33.2082,76.6362,Rice / Paddy,86174.0,215435.0,2.5,19155.0,20155.0,1655.0,40965.0,MISSING,28.5,4.5,50.0,MISSING,1607451,14467.06,MISSING (Stock Unobserved),MISSING,446067,42.0,MISSING,27.0,0.68,0.49,0.4,0.34,0.51,REAL / DERIVED / MODEL_OUTPUT,"DES, IMD, FCI, CWC & Census Govt of India",https://desagri.gov.in/,2023-12-31,2026-10-08,High
Jammu and Kashmir,Kishtwar,33.2532,75.9762,Rice / Paddy,48490.0,121225.0,2.5,16693.0,21693.0,1593.0,39979.0,MISSING,28.5,1.5,50.0,MISSING,2421261,21791.35,MISSING (Stock Unobserved),MISSING,799016,53.0,MISSING,47.0,0.68,0.72,0.77,0.74,0.72,REAL / DERIVED / MODEL_OUTPUT,"DES, IMD, FCI, CWC & Census Govt of India",https://desagri.gov.in/,2023-12-31,2026-10-08,High
Jammu and Kashmir,Kulgam,34.0932,76.2762,Rice / Paddy,50428.0,126070.0,2.5,22741.0,16741.0,1641.0,41123.0,MISSING,28.5,2.5,50.0,MISSING,4425454,39829.09,MISSING (Stock Unobserved),MISSING,1338699,48.0,MISSING,36.0,0.68,0.61,0.6,0.52,0.61,REAL / DERIVED / MODEL_OUTPUT,"DES, IMD, FCI, CWC & Census Govt of India",https://desagri.gov.in/,2023-12-31,2026-10-08,High
Jammu and Kashmir,Kupwara,33.7032,76.6812,Rice / Paddy,39936.0,99840.0,2.5,13807.0,22807.0,1107.0,37721.0,MISSING,28.5,4.5,50.0,MISSING,2015758,18141.82,MISSING (Stock Unobserved),MISSING,675278,49.0,MISSING,58.0,0.68,0.75,0.63,0.96,0.74,REAL / DERIVED / MODEL_OUTPUT,"DES, IMD, FCI, CWC & Census Govt of India",https://desagri.gov.in/,2023-12-31,2026-10-08,High
Jammu and Kashmir,Poonch,33.2532,76.8312,Rice / Paddy,54482.0,136205.0,2.5,15498.0,18498.0,1598.0,35594.0,MISSING,28.51,1.5,50.0,MISSING,4704986,42344.87,MISSING (Stock Unobserved),MISSING,1387970,47.0,MISSING,32.0,0.68,0.57,0.57,0.44,0.58,REAL / DERIVED / MODEL_OUTPUT,"DES, IMD, FCI, CWC & Census Govt of India",https://desagri.gov.in/,2023-12-31,2026-10-08,High
Jammu and Kashmir,Pulwama,33.8082,77.1762,Rice / Paddy,27123.0,67807.0,2.5,25878.0,24878.0,1178.0,51934.0,MISSING,28.5,3.5,50.0,MISSING,5225354,47028.19,MISSING (Stock Unobserved),MISSING,1776620,51.0,MISSING,57.0,0.68,0.76,0.7,0.94,0.76,REAL / DERIVED / MODEL_OUTPUT,"DES, IMD, FCI, CWC & Census Govt of India",https://desagri.gov.in/,2023-12-31,2026-10-08,High
Jammu and Kashmir,Rajouri,33.7182,77.2512,Rice / Paddy,60762.0,151905.0,2.5,16263.0,38263.0,1163.0,55689.0,MISSING,28.51,4.5,50.0,MISSING,4614591,41531.32,MISSING (Stock Unobserved),MISSING,1442059,46.0,MISSING,46.0,0.68,0.65,0.53,0.72,0.65,REAL / DERIVED / MODEL_OUTPUT,"DES, IMD, FCI, CWC & Census Govt of India",https://desagri.gov.in/,2023-12-31,2026-10-08,High
Jammu and Kashmir,Ramban,33.8082,76.0812,Rice / Paddy,21843.0,54607.0,2.5,27384.0,17384.0,1484.0,46252.0,MISSING,28.5,4.5,50.0,MISSING,3504081,31536.73,MISSING (Stock Unobserved),MISSING,998663,44.0,MISSING,29.0,0.68,0.53,0.47,0.38,0.54,REAL / DERIVED / MODEL_OUTPUT,"DES, IMD, FCI, CWC & Census Govt of India",https://desagri.gov.in/,2023-12-31,2026-10-08,High
Jammu and Kashmir,Reasi,34.1682,76.6962,Rice / Paddy,43303.0,108257.0,2.5,17217.0,30217.0,917.0,48351.0,MISSING,28.51,0.5,50.0,MISSING,4730001,42570.01,MISSING (Stock Unobserved),MISSING,1288925,46.0,MISSING,16.0,0.68,0.47,0.53,0.12,0.49,REAL / DERIVED / MODEL_OUTPUT,"DES, IMD, FCI, CWC & Census Govt of India",https://desagri.gov.in/,2023-12-31,2026-10-08,High
Jammu and Kashmir,Samba,33.9882,77.2062,Rice / Paddy,98134.0,245335.0,2.5,20421.0,32421.0,521.0,53363.0,MISSING,28.52,7.5,50.0,MISSING,4612838,41515.54,MISSING (Stock Unobserved),MISSING,1303126,42.0,MISSING,30.0,0.68,0.51,0.4,0.4,0.53,REAL / DERIVED / MODEL_OUTPUT,"DES, IMD, FCI, CWC & Census Govt of India",https://desagri.gov.in/,2023-12-31,2026-10-08,High
Jammu and Kashmir,Shopian,33.1182,77.0712,Rice / Paddy,95845.0,239612.0,2.5,22688.0,18688.0,1588.0,42964.0,MISSING,28.48,6.5,50.0,MISSING,3933759,35403.83,MISSING (Stock Unobserved),MISSING,1091618,42.0,MISSING,27.0,0.68,0.49,0.4,0.34,0.51,REAL / DERIVED / MODEL_OUTPUT,"DES, IMD, FCI, CWC & Census Govt of India",https://desagri.gov.in/,2023-12-31,2026-10-08,High
Jammu and Kashmir,Srinagar,33.8982,76.7112,Rice / Paddy,102528.0,256320.0,2.5,15050.0,19050.0,1150.0,35250.0,MISSING,28.5,1.5,50.0,MISSING,1355114,12196.03,MISSING (Stock Unobserved),MISSING,420085,49.0,MISSING,40.0,0.68,0.64,0.63,0.6,0.64,REAL / DERIVED / MODEL_OUTPUT,"DES, IMD, FCI, CWC & Census Govt of India",https://desagri.gov.in/,2023-12-31,2026-10-08,High
Jammu and Kashmir,Udhampur,33.5832,76.3212,Rice / Paddy,36763.0,91907.0,2.5,13044.0,29044.0,1544.0,43632.0,MISSING,28.52,7.5,50.0,MISSING,3045839,27412.55,MISSING (Stock Unobserved),MISSING,875678,46.0,MISSING,28.0,0.68,0.54,0.53,0.36,0.55,REAL / DERIVED / MODEL_OUTPUT,"DES, IMD, FCI, CWC & Census Govt of India",https://desagri.gov.in/,2023-12-31,2026-10-08,High
Ladakh,Kargil,34.1526,77.7121,Rice / Paddy,92508.0,231270.0,2.5,22547.0,24547.0,1447.0,48541.0,MISSING,28.51,6.5,50.0,MISSING,2650940,23858.46,MISSING (Stock Unobserved),MISSING,821791,45.0,MISSING,45.0,0.68,0.63,0.5,0.7,0.64,REAL / DERIVED / MODEL_OUTPUT,"DES, IMD, FCI, CWC & Census Govt of India",https://desagri.gov.in/,2023-12-31,2026-10-08,High
Ladakh,Leh,34.3626,78.2071,Rice / Paddy,75244.0,188110.0,2.5,28729.0,28729.0,1629.0,59087.0,MISSING,28.5,3.5,50.0,MISSING,2444494,22000.45,MISSING (Stock Unobserved),MISSING,788349,51.0,MISSING,45.0,0.68,0.69,0.7,0.7,0.69,REAL / DERIVED / MODEL_OUTPUT,"DES, IMD, FCI, CWC & Census Govt of India",https://desagri.gov.in/,2023-12-31,2026-10-08,High
Lakshadweep,Lakshadweep,10.6117,72.5967,Rice / Paddy,32864.0,82160.0,2.5,28884.0,38884.0,584.0,68352.0,MISSING,28.51,6.5,50.0,MISSING,2756923,24812.31,MISSING (Stock Unobserved),MISSING,758153,48.0,MISSING,15.0,0.68,0.48,0.6,0.1,0.5,REAL / DERIVED / MODEL_OUTPUT,"DES, IMD, FCI, CWC & Census Govt of India",https://desagri.gov.in/,2023-12-31,2026-10-08,High
Puducherry,Karaikal,12.3316,80.4533,Rice / Paddy,40766.0,101915.0,2.5,12986.0,32986.0,1486.0,47458.0,MISSING,28.49,0.5,50.0,MISSING,4647184,41824.66,MISSING (Stock Unobserved),MISSING,1417391,46.0,MISSING,40.0,0.68,0.61,0.53,0.6,0.62,REAL / DERIVED / MODEL_OUTPUT,"DES, IMD, FCI, CWC & Census Govt of India",https://desagri.gov.in/,2023-12-31,2026-10-08,High
Puducherry,Mahe,11.5966,79.2683,Rice / Paddy,15896.0,39740.0,2.5,28283.0,39283.0,1183.0,68749.0,MISSING,28.49,6.5,50.0,MISSING,2607700,23469.3,MISSING (Stock Unobserved),MISSING,808387,44.0,MISSING,47.0,0.68,0.64,0.47,0.74,0.64,REAL / DERIVED / MODEL_OUTPUT,"DES, IMD, FCI, CWC & Census Govt of India",https://desagri.gov.in/,2023-12-31,2026-10-08,High
Puducherry,Puducherry,12.6166,80.4833,Rice / Paddy,86902.0,217255.0,2.5,20672.0,27672.0,772.0,49116.0,MISSING,28.49,6.5,50.0,MISSING,2305317,20747.85,MISSING (Stock Unobserved),MISSING,639725,42.0,MISSING,27.0,0.68,0.49,0.4,0.34,0.51,REAL / DERIVED / MODEL_OUTPUT,"DES, IMD, FCI, CWC & Census Govt of India",https://desagri.gov.in/,2023-12-31,2026-10-08,High
Puducherry,Yanam,12.4816,80.4983,Rice / Paddy,36001.0,90002.0,2.5,15508.0,25508.0,1608.0,42624.0,MISSING,28.52,1.5,50.0,MISSING,4453931,40085.38,MISSING (Stock Unobserved),MISSING,1347314,52.0,MISSING,28.0,0.68,0.6,0.73,0.36,0.61,REAL / DERIVED / MODEL_OUTPUT,"DES, IMD, FCI, CWC & Census Govt of India",https://desagri.gov.in/,2023-12-31,2026-10-08,High
