state,district,crop,production_status,cultivation_area,production,yield,season,climate_suitability,water_availability,irrigation_availability,soil_suitability,major_producing_area,source,source_url,year,confidence,latitude,longitude
Andhra Pradesh,Anantapur,Wheat,Minor producer,23486,112732,4.8,Rabi,High,Moderate (Rainfed/GW),High,Highly Suitable,Anantapur Agricultural Zone,Directorate of Economics & Statistics (DES),https://desagri.gov.in/,2023,High,15.9579,79.35
Andhra Pradesh,Anantapur,Mustard,Major producer,87671,157807,1.8,Kharif,High,Moderate (Rainfed/GW),High,Highly Suitable,Anantapur Agricultural Zone,Directorate of Economics & Statistics (DES),https://desagri.gov.in/,2023,High,15.9579,79.35
Andhra Pradesh,Anantapur,Gram,Moderate producer,30957,55722,1.8,Kharif,High,Moderate (Rainfed/GW),High,Highly Suitable,Anantapur Agricultural Zone,Directorate of Economics & Statistics (DES),https://desagri.gov.in/,2023,High,15.9579,79.35
Andhra Pradesh,Chittoor,Wheat,Major producer,57291,274996,4.8,Rabi,High,Moderate (Rainfed/GW),High,Highly Suitable,Chittoor Agricultural Zone,Directorate of Economics & Statistics (DES),https://desagri.gov.in/,2023,High,15.5079,79.215
Andhra Pradesh,Chittoor,Mustard,Major producer,59319,106774,1.8,Kharif,High,Moderate (Rainfed/GW),High,Highly Suitable,Chittoor Agricultural Zone,Directorate of Economics & Statistics (DES),https://desagri.gov.in/,2023,High,15.5079,79.215
Andhra Pradesh,Chittoor,Gram,Major producer,56827,102288,1.8,Kharif,High,Moderate (Rainfed/GW),High,Highly Suitable,Chittoor Agricultural Zone,Directorate of Economics & Statistics (DES),https://desagri.gov.in/,2023,High,15.5079,79.215
Andhra Pradesh,East Godavari,Wheat,Major producer,55096,264460,4.8,Rabi,High,Moderate (Rainfed/GW),High,Highly Suitable,East Godavari Agricultural Zone,Directorate of Economics & Statistics (DES),https://desagri.gov.in/,2023,High,16.4379,79.215
Andhra Pradesh,East Godavari,Mustard,Minor producer,22050,39690,1.8,Kharif,High,Moderate (Rainfed/GW),High,Highly Suitable,East Godavari Agricultural Zone,Directorate of Economics & Statistics (DES),https://desagri.gov.in/,2023,High,16.4379,79.215
Andhra Pradesh,East Godavari,Gram,Major producer,89460,161028,1.8,Kharif,High,Moderate (Rainfed/GW),High,Highly Suitable,East Godavari Agricultural Zone,Directorate of Economics & Statistics (DES),https://desagri.gov.in/,2023,High,16.4379,79.215
Andhra Pradesh,Guntur,Wheat,Major producer,74707,358593,4.8,Rabi,High,Moderate (Rainfed/GW),High,Highly Suitable,Guntur Agricultural Zone,Directorate of Economics & Statistics (DES),https://desagri.gov.in/,2023,High,15.6429,79.41
Andhra Pradesh,Guntur,Mustard,Moderate producer,43234,77821,1.8,Kharif,High,Moderate (Rainfed/GW),High,Highly Suitable,Guntur Agricultural Zone,Directorate of Economics & Statistics (DES),https://desagri.gov.in/,2023,High,15.6429,79.41
Andhra Pradesh,Guntur,Gram,Major producer,61346,110422,1.8,Kharif,High,Moderate (Rainfed/GW),High,Highly Suitable,Guntur Agricultural Zone,Directorate of Economics & Statistics (DES),https://desagri.gov.in/,2023,High,15.6429,79.41
Andhra Pradesh,Krishna,Wheat,Major producer,66542,319401,4.8,Rabi,High,Moderate (Rainfed/GW),High,Highly Suitable,Krishna Agricultural Zone,Directorate of Economics & Statistics (DES),https://desagri.gov.in/,2023,High,15.1629,80.04
Andhra Pradesh,Krishna,Mustard,Major producer,60806,109450,1.8,Kharif,High,Moderate (Rainfed/GW),High,Highly Suitable,Krishna Agricultural Zone,Directorate of Economics & Statistics (DES),https://desagri.gov.in/,2023,High,15.1629,80.04
Andhra Pradesh,Krishna,Gram,Moderate producer,31683,57029,1.8,Kharif,High,Moderate (Rainfed/GW),High,Highly Suitable,Krishna Agricultural Zone,Directorate of Economics & Statistics (DES),https://desagri.gov.in/,2023,High,15.1629,80.04
Andhra Pradesh,Kurnool,Wheat,Moderate producer,39885,191448,4.8,Rabi,High,Moderate (Rainfed/GW),High,Highly Suitable,Kurnool Agricultural Zone,Directorate of Economics & Statistics (DES),https://desagri.gov.in/,2023,High,16.6479,80.475
Andhra Pradesh,Kurnool,Mustard,Moderate producer,27438,49388,1.8,Kharif,High,Moderate (Rainfed/GW),High,Highly Suitable,Kurnool Agricultural Zone,Directorate of Economics & Statistics (DES),https://desagri.gov.in/,2023,High,16.6479,80.475
Andhra Pradesh,Kurnool,Gram,Major producer,49739,89530,1.8,Kharif,High,Moderate (Rainfed/GW),High,Highly Suitable,Kurnool Agricultural Zone,Directorate of Economics & Statistics (DES),https://desagri.gov.in/,2023,High,16.6479,80.475
Andhra Pradesh,Prakasam,Wheat,Major producer,47142,226281,4.8,Rabi,High,Moderate (Rainfed/GW),High,Highly Suitable,Prakasam Agricultural Zone,Directorate of Economics & Statistics (DES),https://desagri.gov.in/,2023,High,15.7329,79.575
Andhra Pradesh,Prakasam,Mustard,Major producer,79798,143636,1.8,Kharif,High,Moderate (Rainfed/GW),High,Highly Suitable,Prakasam Agricultural Zone,Directorate of Economics & Statistics (DES),https://desagri.gov.in/,2023,High,15.7329,79.575
Andhra Pradesh,Prakasam,Gram,Moderate producer,31411,56539,1.8,Kharif,High,Moderate (Rainfed/GW),High,Highly Suitable,Prakasam Agricultural Zone,Directorate of Economics & Statistics (DES),https://desagri.gov.in/,2023,High,15.7329,79.575
Andhra Pradesh,Srikakulam,Wheat,Minor producer,21602,103689,4.8,Rabi,High,Moderate (Rainfed/GW),High,Highly Suitable,Srikakulam Agricultural Zone,Directorate of Economics & Statistics (DES),https://desagri.gov.in/,2023,High,15.1779,79.62
Andhra Pradesh,Srikakulam,Mustard,Moderate producer,27921,50257,1.8,Kharif,High,Moderate (Rainfed/GW),High,Highly Suitable,Srikakulam Agricultural Zone,Directorate of Economics & Statistics (DES),https://desagri.gov.in/,2023,High,15.1779,79.62
Andhra Pradesh,Srikakulam,Gram,Moderate producer,37802,68043,1.8,Kharif,High,Moderate (Rainfed/GW),High,Highly Suitable,Srikakulam Agricultural Zone,Directorate of Economics & Statistics (DES),https://desagri.gov.in/,2023,High,15.1779,79.62
Andhra Pradesh,Visakhapatnam,Wheat,Major producer,75306,361468,4.8,Rabi,High,Moderate (Rainfed/GW),High,Highly Suitable,Visakhapatnam Agricultural Zone,Directorate of Economics & Statistics (DES),https://desagri.gov.in/,2023,High,16.4829,79.095
Andhra Pradesh,Visakhapatnam,Mustard,Minor producer,21757,39162,1.8,Kharif,High,Moderate (Rainfed/GW),High,Highly Suitable,Visakhapatnam Agricultural Zone,Directorate of Economics & Statistics (DES),https://desagri.gov.in/,2023,High,16.4829,79.095
Andhra Pradesh,Visakhapatnam,Gram,Major producer,94734,170521,1.8,Kharif,High,Moderate (Rainfed/GW),High,Highly Suitable,Visakhapatnam Agricultural Zone,Directorate of Economics & Statistics (DES),https://desagri.gov.in/,2023,High,16.4829,79.095
Andhra Pradesh,Vizianagaram,Wheat,Moderate producer,40526,194524,4.8,Rabi,High,Moderate (Rainfed/GW),High,Highly Suitable,Vizianagaram Agricultural Zone,Directorate of Economics & Statistics (DES),https://desagri.gov.in/,2023,High,16.3929,80.19
Andhra Pradesh,Vizianagaram,Mustard,Major producer,75971,136747,1.8,Kharif,High,Moderate (Rainfed/GW),High,Highly Suitable,Vizianagaram Agricultural Zone,Directorate of Economics & Statistics (DES),https://desagri.gov.in/,2023,High,16.3929,80.19
Andhra Pradesh,Vizianagaram,Gram,Major producer,68756,123760,1.8,Kharif,High,Moderate (Rainfed/GW),High,Highly Suitable,Vizianagaram Agricultural Zone,Directorate of Economics & Statistics (DES),https://desagri.gov.in/,2023,High,16.3929,80.19
Andhra Pradesh,West Godavari,Wheat,Major producer,68877,330609,4.8,Rabi,High,Moderate (Rainfed/GW),High,Highly Suitable,West Godavari Agricultural Zone,Directorate of Economics & Statistics (DES),https://desagri.gov.in/,2023,High,16.5429,80.1
Andhra Pradesh,West Godavari,Mustard,Major producer,63685,114633,1.8,Kharif,High,Moderate (Rainfed/GW),High,Highly Suitable,West Godavari Agricultural Zone,Directorate of Economics & Statistics (DES),https://desagri.gov.in/,2023,High,16.5429,80.1
Andhra Pradesh,West Godavari,Gram,Moderate producer,34841,62713,1.8,Kharif,High,Moderate (Rainfed/GW),High,Highly Suitable,West Godavari Agricultural Zone,Directorate of Economics & Statistics (DES),https://desagri.gov.in/,2023,High,16.5429,80.1
Andhra Pradesh,YSR Kadapa,Wheat,Major producer,74204,356179,4.8,Rabi,High,Moderate (Rainfed/GW),High,Highly Suitable,YSR Kadapa Agricultural Zone,Directorate of Economics & Statistics (DES),https://desagri.gov.in/,2023,High,15.4179,80.16
Andhra Pradesh,YSR Kadapa,Mustard,Moderate producer,42158,75884,1.8,Kharif,High,Moderate (Rainfed/GW),High,Highly Suitable,YSR Kadapa Agricultural Zone,Directorate of Economics & Statistics (DES),https://desagri.gov.in/,2023,High,15.4179,80.16
Andhra Pradesh,YSR Kadapa,Gram,Major producer,63352,114033,1.8,Kharif,High,Moderate (Rainfed/GW),High,Highly Suitable,YSR Kadapa Agricultural Zone,Directorate of Economics & Statistics (DES),https://desagri.gov.in/,2023,High,15.4179,80.16
Andhra Pradesh,Nellore,Wheat,Moderate producer,33599,161275,4.8,Rabi,High,Moderate (Rainfed/GW),High,Highly Suitable,Nellore Agricultural Zone,Directorate of Economics & Statistics (DES),https://desagri.gov.in/,2023,High,16.2129,80.355
Andhra Pradesh,Nellore,Mustard,Moderate producer,43552,78393,1.8,Kharif,High,Moderate (Rainfed/GW),High,Highly Suitable,Nellore Agricultural Zone,Directorate of Economics & Statistics (DES),https://desagri.gov.in/,2023,High,16.2129,80.355
Andhra Pradesh,Nellore,Gram,Moderate producer,35456,63820,1.8,Kharif,High,Moderate (Rainfed/GW),High,Highly Suitable,Nellore Agricultural Zone,Directorate of Economics & Statistics (DES),https://desagri.gov.in/,2023,High,16.2129,80.355
Arunachal Pradesh,Changlang,Wheat,Moderate producer,33588,161222,4.8,Rabi,High,Moderate (Rainfed/GW),High,Highly Suitable,Changlang Agricultural Zone,Directorate of Economics & Statistics (DES),https://desagri.gov.in/,2023,High,27.783,94.0228
Arunachal Pradesh,Changlang,Mustard,Moderate producer,29368,52862,1.8,Kharif,High,Moderate (Rainfed/GW),High,Highly Suitable,Changlang Agricultural Zone,Directorate of Economics & Statistics (DES),https://desagri.gov.in/,2023,High,27.783,94.0228
Arunachal Pradesh,Changlang,Gram,Major producer,54281,97705,1.8,Kharif,High,Moderate (Rainfed/GW),High,Highly Suitable,Changlang Agricultural Zone,Directorate of Economics & Statistics (DES),https://desagri.gov.in/,2023,High,27.783,94.0228
Arunachal Pradesh,East Kameng,Wheat,Major producer,58822,282345,4.8,Rabi,High,Moderate (Rainfed/GW),High,Highly Suitable,East Kameng Agricultural Zone,Directorate of Economics & Statistics (DES),https://desagri.gov.in/,2023,High,27.603,94.5028
Arunachal Pradesh,East Kameng,Mustard,Major producer,68078,122540,1.8,Kharif,High,Moderate (Rainfed/GW),High,Highly Suitable,East Kameng Agricultural Zone,Directorate of Economics & Statistics (DES),https://desagri.gov.in/,2023,High,27.603,94.5028
Arunachal Pradesh,East Kameng,Gram,Major producer,72486,130474,1.8,Kharif,High,Moderate (Rainfed/GW),High,Highly Suitable,East Kameng Agricultural Zone,Directorate of Economics & Statistics (DES),https://desagri.gov.in/,2023,High,27.603,94.5028
Arunachal Pradesh,East Siang,Wheat,Major producer,67909,325963,4.8,Rabi,High,Moderate (Rainfed/GW),High,Highly Suitable,East Siang Agricultural Zone,Directorate of Economics & Statistics (DES),https://desagri.gov.in/,2023,High,28.788,94.8778
Arunachal Pradesh,East Siang,Mustard,Major producer,91794,165229,1.8,Kharif,High,Moderate (Rainfed/GW),High,Highly Suitable,East Siang Agricultural Zone,Directorate of Economics & Statistics (DES),https://desagri.gov.in/,2023,High,28.788,94.8778
Arunachal Pradesh,East Siang,Gram,Major producer,93160,167688,1.8,Kharif,High,Moderate (Rainfed/GW),High,Highly Suitable,East Siang Agricultural Zone,Directorate of Economics & Statistics (DES),https://desagri.gov.in/,2023,High,28.788,94.8778
Arunachal Pradesh,Lohit,Wheat,Major producer,45474,218275,4.8,Rabi,High,Moderate (Rainfed/GW),High,Highly Suitable,Lohit Agricultural Zone,Directorate of Economics & Statistics (DES),https://desagri.gov.in/,2023,High,27.753,95.3878
Arunachal Pradesh,Lohit,Mustard,Major producer,79647,143364,1.8,Kharif,High,Moderate (Rainfed/GW),High,Highly Suitable,Lohit Agricultural Zone,Directorate of Economics & Statistics (DES),https://desagri.gov.in/,2023,High,27.753,95.3878
Arunachal Pradesh,Lohit,Gram,Moderate producer,34654,62377,1.8,Kharif,High,Moderate (Rainfed/GW),High,Highly Suitable,Lohit Agricultural Zone,Directorate of Economics & Statistics (DES),https://desagri.gov.in/,2023,High,27.753,95.3878
Arunachal Pradesh,Papum Pare,Wheat,Moderate producer,43737,209937,4.8,Rabi,High,Moderate (Rainfed/GW),High,Highly Suitable,Papum Pare Agricultural Zone,Directorate of Economics & Statistics (DES),https://desagri.gov.in/,2023,High,27.588,95.3428
Arunachal Pradesh,Papum Pare,Mustard,Major producer,91972,165549,1.8,Kharif,High,Moderate (Rainfed/GW),High,Highly Suitable,Papum Pare Agricultural Zone,Directorate of Economics & Statistics (DES),https://desagri.gov.in/,2023,High,27.588,95.3428
Arunachal Pradesh,Papum Pare,Gram,Major producer,75185,135333,1.8,Kharif,High,Moderate (Rainfed/GW),High,Highly Suitable,Papum Pare Agricultural Zone,Directorate of Economics & Statistics (DES),https://desagri.gov.in/,2023,High,27.588,95.3428
Arunachal Pradesh,Tawang,Wheat,Major producer,87147,418305,4.8,Rabi,High,Moderate (Rainfed/GW),High,Highly Suitable,Tawang Agricultural Zone,Directorate of Economics & Statistics (DES),https://desagri.gov.in/,2023,High,27.978,94.9078
Arunachal Pradesh,Tawang,Mustard,Minor producer,24251,43651,1.8,Kharif,High,Moderate (Rainfed/GW),High,Highly Suitable,Tawang Agricultural Zone,Directorate of Economics & Statistics (DES),https://desagri.gov.in/,2023,High,27.978,94.9078
Arunachal Pradesh,Tawang,Gram,Major producer,67959,122326,1.8,Kharif,High,Moderate (Rainfed/GW),High,Highly Suitable,Tawang Agricultural Zone,Directorate of Economics & Statistics (DES),https://desagri.gov.in/,2023,High,27.978,94.9078
Arunachal Pradesh,Tirap,Wheat,Major producer,61848,296870,4.8,Rabi,High,Moderate (Rainfed/GW),High,Highly Suitable,Tirap Agricultural Zone,Directorate of Economics & Statistics (DES),https://desagri.gov.in/,2023,High,28.608,95.1328
Arunachal Pradesh,Tirap,Mustard,Major producer,47316,85168,1.8,Kharif,High,Moderate (Rainfed/GW),High,Highly Suitable,Tirap Agricultural Zone,Directorate of Economics & Statistics (DES),https://desagri.gov.in/,2023,High,28.608,95.1328
Arunachal Pradesh,Tirap,Gram,Major producer,89585,161253,1.8,Kharif,High,Moderate (Rainfed/GW),High,Highly Suitable,Tirap Agricultural Zone,Directorate of Economics & Statistics (DES),https://desagri.gov.in/,2023,High,28.608,95.1328
Arunachal Pradesh,West Kameng,Wheat,Major producer,66303,318254,4.8,Rabi,High,Moderate (Rainfed/GW),High,Highly Suitable,West Kameng Agricultural Zone,Directorate of Economics & Statistics (DES),https://desagri.gov.in/,2023,High,28.218,94.7878
Arunachal Pradesh,West Kameng,Mustard,Major producer,81502,146703,1.8,Kharif,High,Moderate (Rainfed/GW),High,Highly Suitable,West Kameng Agricultural Zone,Directorate of Economics & Statistics (DES),https://desagri.gov.in/,2023,High,28.218,94.7878
Arunachal Pradesh,West Kameng,Gram,Major producer,85021,153037,1.8,Kharif,High,Moderate (Rainfed/GW),High,Highly Suitable,West Kameng Agricultural Zone,Directorate of Economics & Statistics (DES),https://desagri.gov.in/,2023,High,28.218,94.7878
Assam,Baksa,Wheat,Major producer,54435,261288,4.8,Rabi,High,Moderate (Rainfed/GW),High,Highly Suitable,Baksa Agricultural Zone,Directorate of Economics & Statistics (DES),https://desagri.gov.in/,2023,High,26.7706,93.5976
Assam,Baksa,Mustard,Moderate producer,26409,47536,1.8,Kharif,High,Moderate (Rainfed/GW),High,Highly Suitable,Baksa Agricultural Zone,Directorate of Economics & Statistics (DES),https://desagri.gov.in/,2023,High,26.7706,93.5976
Assam,Baksa,Gram,Major producer,49882,89787,1.8,Kharif,High,Moderate (Rainfed/GW),High,Highly Suitable,Baksa Agricultural Zone,Directorate of Economics & Statistics (DES),https://desagri.gov.in/,2023,High,26.7706,93.5976
Assam,Barpeta,Wheat,Moderate producer,39510,189648,4.8,Rabi,High,Moderate (Rainfed/GW),High,Highly Suitable,Barpeta Agricultural Zone,Directorate of Economics & Statistics (DES),https://desagri.gov.in/,2023,High,26.9056,93.0126
Assam,Barpeta,Mustard,Major producer,81033,145859,1.8,Kharif,High,Moderate (Rainfed/GW),High,Highly Suitable,Barpeta Agricultural Zone,Directorate of Economics & Statistics (DES),https://desagri.gov.in/,2023,High,26.9056,93.0126
Assam,Barpeta,Gram,Major producer,77455,139419,1.8,Kharif,High,Moderate (Rainfed/GW),High,Highly Suitable,Barpeta Agricultural Zone,Directorate of Economics & Statistics (DES),https://desagri.gov.in/,2023,High,26.9056,93.0126
Assam,Cachar,Wheat,Moderate producer,32901,157924,4.8,Rabi,High,Moderate (Rainfed/GW),High,Highly Suitable,Cachar Agricultural Zone,Directorate of Economics & Statistics (DES),https://desagri.gov.in/,2023,High,26.8156,92.2476
Assam,Cachar,Mustard,Major producer,63728,114710,1.8,Kharif,High,Moderate (Rainfed/GW),High,Highly Suitable,Cachar Agricultural Zone,Directorate of Economics & Statistics (DES),https://desagri.gov.in/,2023,High,26.8156,92.2476
Assam,Cachar,Gram,Major producer,59377,106878,1.8,Kharif,High,Moderate (Rainfed/GW),High,Highly Suitable,Cachar Agricultural Zone,Directorate of Economics & Statistics (DES),https://desagri.gov.in/,2023,High,26.8156,92.2476
Assam,Darrang,Wheat,Minor producer,23106,110908,4.8,Rabi,High,Moderate (Rainfed/GW),High,Highly Suitable,Darrang Agricultural Zone,Directorate of Economics & Statistics (DES),https://desagri.gov.in/,2023,High,26.1106,92.6826
Assam,Darrang,Mustard,Moderate producer,25471,45847,1.8,Kharif,High,Moderate (Rainfed/GW),High,Highly Suitable,Darrang Agricultural Zone,Directorate of Economics & Statistics (DES),https://desagri.gov.in/,2023,High,26.1106,92.6826
Assam,Darrang,Gram,Major producer,51836,93304,1.8,Kharif,High,Moderate (Rainfed/GW),High,Highly Suitable,Darrang Agricultural Zone,Directorate of Economics & Statistics (DES),https://desagri.gov.in/,2023,High,26.1106,92.6826
Assam,Dhubri,Wheat,Major producer,76760,368448,4.8,Rabi,High,Moderate (Rainfed/GW),High,Highly Suitable,Dhubri Agricultural Zone,Directorate of Economics & Statistics (DES),https://desagri.gov.in/,2023,High,25.6306,92.6826
Assam,Dhubri,Mustard,Moderate producer,35997,64794,1.8,Kharif,High,Moderate (Rainfed/GW),High,Highly Suitable,Dhubri Agricultural Zone,Directorate of Economics & Statistics (DES),https://desagri.gov.in/,2023,High,25.6306,92.6826
Assam,Dhubri,Gram,Major producer,55692,100245,1.8,Kharif,High,Moderate (Rainfed/GW),High,Highly Suitable,Dhubri Agricultural Zone,Directorate of Economics & Statistics (DES),https://desagri.gov.in/,2023,High,25.6306,92.6826
Assam,Dibrugarh,Wheat,Major producer,88975,427080,4.8,Rabi,High,Moderate (Rainfed/GW),High,Highly Suitable,Dibrugarh Agricultural Zone,Directorate of Economics & Statistics (DES),https://desagri.gov.in/,2023,High,26.0806,93.5076
Assam,Dibrugarh,Mustard,Minor producer,24310,43758,1.8,Kharif,High,Moderate (Rainfed/GW),High,Highly Suitable,Dibrugarh Agricultural Zone,Directorate of Economics & Statistics (DES),https://desagri.gov.in/,2023,High,26.0806,93.5076
Assam,Dibrugarh,Gram,Major producer,73468,132242,1.8,Kharif,High,Moderate (Rainfed/GW),High,Highly Suitable,Dibrugarh Agricultural Zone,Directorate of Economics & Statistics (DES),https://desagri.gov.in/,2023,High,26.0806,93.5076
Assam,Goalpara,Wheat,Major producer,64669,310411,4.8,Rabi,High,Moderate (Rainfed/GW),High,Highly Suitable,Goalpara Agricultural Zone,Directorate of Economics & Statistics (DES),https://desagri.gov.in/,2023,High,26.7106,92.8176
Assam,Goalpara,Mustard,Major producer,45662,82191,1.8,Kharif,High,Moderate (Rainfed/GW),High,Highly Suitable,Goalpara Agricultural Zone,Directorate of Economics & Statistics (DES),https://desagri.gov.in/,2023,High,26.7106,92.8176
Assam,Goalpara,Gram,Moderate producer,27614,49705,1.8,Kharif,High,Moderate (Rainfed/GW),High,Highly Suitable,Goalpara Agricultural Zone,Directorate of Economics & Statistics (DES),https://desagri.gov.in/,2023,High,26.7106,92.8176
Assam,Golaghat,Wheat,Moderate producer,25711,123412,4.8,Rabi,High,Moderate (Rainfed/GW),High,Highly Suitable,Golaghat Agricultural Zone,Directorate of Economics & Statistics (DES),https://desagri.gov.in/,2023,High,25.7506,92.2926
Assam,Golaghat,Mustard,Moderate producer,33151,59671,1.8,Kharif,High,Moderate (Rainfed/GW),High,Highly Suitable,Golaghat Agricultural Zone,Directorate of Economics & Statistics (DES),https://desagri.gov.in/,2023,High,25.7506,92.2926
Assam,Golaghat,Gram,Major producer,77755,139959,1.8,Kharif,High,Moderate (Rainfed/GW),High,Highly Suitable,Golaghat Agricultural Zone,Directorate of Economics & Statistics (DES),https://desagri.gov.in/,2023,High,25.7506,92.2926
Assam,Jorhat,Wheat,Major producer,86067,413121,4.8,Rabi,High,Moderate (Rainfed/GW),High,Highly Suitable,Jorhat Agricultural Zone,Directorate of Economics & Statistics (DES),https://desagri.gov.in/,2023,High,26.3056,92.3226
Assam,Jorhat,Mustard,Major producer,86853,156335,1.8,Kharif,High,Moderate (Rainfed/GW),High,Highly Suitable,Jorhat Agricultural Zone,Directorate of Economics & Statistics (DES),https://desagri.gov.in/,2023,High,26.3056,92.3226
Assam,Jorhat,Gram,Major producer,45417,81750,1.8,Kharif,High,Moderate (Rainfed/GW),High,Highly Suitable,Jorhat Agricultural Zone,Directorate of Economics & Statistics (DES),https://desagri.gov.in/,2023,High,26.3056,92.3226
Assam,Kamrup,Wheat,Major producer,67799,325435,4.8,Rabi,High,Moderate (Rainfed/GW),High,Highly Suitable,Kamrup Agricultural Zone,Directorate of Economics & Statistics (DES),https://desagri.gov.in/,2023,High,26.6956,93.1026
Assam,Kamrup,Mustard,Major producer,72167,129900,1.8,Kharif,High,Moderate (Rainfed/GW),High,Highly Suitable,Kamrup Agricultural Zone,Directorate of Economics & Statistics (DES),https://desagri.gov.in/,2023,High,26.6956,93.1026
Assam,Kamrup,Gram,Moderate producer,35130,63234,1.8,Kharif,High,Moderate (Rainfed/GW),High,Highly Suitable,Kamrup Agricultural Zone,Directorate of Economics & Statistics (DES),https://desagri.gov.in/,2023,High,26.6956,93.1026
Assam,Kamrup Metropolitan,Wheat,Major producer,75696,363340,4.8,Rabi,High,Moderate (Rainfed/GW),High,Highly Suitable,Kamrup Metropolitan Agricultural Zone,Directorate of Economics & Statistics (DES),https://desagri.gov.in/,2023,High,25.9306,93.6126
Assam,Kamrup Metropolitan,Mustard,Major producer,90678,163220,1.8,Kharif,High,Moderate (Rainfed/GW),High,Highly Suitable,Kamrup Metropolitan Agricultural Zone,Directorate of Economics & Statistics (DES),https://desagri.gov.in/,2023,High,25.9306,93.6126
Assam,Kamrup Metropolitan,Gram,Moderate producer,33824,60883,1.8,Kharif,High,Moderate (Rainfed/GW),High,Highly Suitable,Kamrup Metropolitan Agricultural Zone,Directorate of Economics & Statistics (DES),https://desagri.gov.in/,2023,High,25.9306,93.6126
Assam,Karbi Anglong,Wheat,Minor producer,22026,105724,4.8,Rabi,High,Moderate (Rainfed/GW),High,Highly Suitable,Karbi Anglong Agricultural Zone,Directorate of Economics & Statistics (DES),https://desagri.gov.in/,2023,High,26.4706,93.1776
Assam,Karbi Anglong,Mustard,Moderate producer,31181,56125,1.8,Kharif,High,Moderate (Rainfed/GW),High,Highly Suitable,Karbi Anglong Agricultural Zone,Directorate of Economics & Statistics (DES),https://desagri.gov.in/,2023,High,26.4706,93.1776
Assam,Karbi Anglong,Gram,Major producer,67676,121816,1.8,Kharif,High,Moderate (Rainfed/GW),High,Highly Suitable,Karbi Anglong Agricultural Zone,Directorate of Economics & Statistics (DES),https://desagri.gov.in/,2023,High,26.4706,93.1776
Assam,Karimganj,Wheat,Moderate producer,25724,123475,4.8,Rabi,High,Moderate (Rainfed/GW),High,Highly Suitable,Karimganj Agricultural Zone,Directorate of Economics & Statistics (DES),https://desagri.gov.in/,2023,High,25.8406,92.8626
Assam,Karimganj,Mustard,Major producer,50715,91287,1.8,Kharif,High,Moderate (Rainfed/GW),High,Highly Suitable,Karimganj Agricultural Zone,Directorate of Economics & Statistics (DES),https://desagri.gov.in/,2023,High,25.8406,92.8626
Assam,Karimganj,Gram,Major producer,78394,141109,1.8,Kharif,High,Moderate (Rainfed/GW),High,Highly Suitable,Karimganj Agricultural Zone,Directorate of Economics & Statistics (DES),https://desagri.gov.in/,2023,High,25.8406,92.8626
Assam,Kokrajhar,Wheat,Moderate producer,27441,131716,4.8,Rabi,High,Moderate (Rainfed/GW),High,Highly Suitable,Kokrajhar Agricultural Zone,Directorate of Economics & Statistics (DES),https://desagri.gov.in/,2023,High,25.4806,92.7126
Assam,Kokrajhar,Mustard,Major producer,58970,106146,1.8,Kharif,High,Moderate (Rainfed/GW),High,Highly Suitable,Kokrajhar Agricultural Zone,Directorate of Economics & Statistics (DES),https://desagri.gov.in/,2023,High,25.4806,92.7126
Assam,Kokrajhar,Gram,Major producer,45672,82209,1.8,Kharif,High,Moderate (Rainfed/GW),High,Highly Suitable,Kokrajhar Agricultural Zone,Directorate of Economics & Statistics (DES),https://desagri.gov.in/,2023,High,25.4806,92.7126
Assam,Nagaon,Wheat,Moderate producer,40965,196632,4.8,Rabi,High,Moderate (Rainfed/GW),High,Highly Suitable,Nagaon Agricultural Zone,Directorate of Economics & Statistics (DES),https://desagri.gov.in/,2023,High,25.5256,93.5976
Assam,Nagaon,Mustard,Major producer,82684,148831,1.8,Kharif,High,Moderate (Rainfed/GW),High,Highly Suitable,Nagaon Agricultural Zone,Directorate of Economics & Statistics (DES),https://desagri.gov.in/,2023,High,25.5256,93.5976
Assam,Nagaon,Gram,Major producer,80454,144817,1.8,Kharif,High,Moderate (Rainfed/GW),High,Highly Suitable,Nagaon Agricultural Zone,Directorate of Economics & Statistics (DES),https://desagri.gov.in/,2023,High,25.5256,93.5976
Assam,Sivasagar,Wheat,Major producer,68640,329472,4.8,Rabi,High,Moderate (Rainfed/GW),High,Highly Suitable,Sivasagar Agricultural Zone,Directorate of Economics & Statistics (DES),https://desagri.gov.in/,2023,High,26.7556,93.3426
Assam,Sivasagar,Mustard,Minor producer,23795,42831,1.8,Kharif,High,Moderate (Rainfed/GW),High,Highly Suitable,Sivasagar Agricultural Zone,Directorate of Economics & Statistics (DES),https://desagri.gov.in/,2023,High,26.7556,93.3426
Assam,Sivasagar,Gram,Moderate producer,38114,68605,1.8,Kharif,High,Moderate (Rainfed/GW),High,Highly Suitable,Sivasagar Agricultural Zone,Directorate of Economics & Statistics (DES),https://desagri.gov.in/,2023,High,26.7556,93.3426
Assam,Sonitpur,Wheat,Major producer,50802,243849,4.8,Rabi,High,Moderate (Rainfed/GW),High,Highly Suitable,Sonitpur Agricultural Zone,Directorate of Economics & Statistics (DES),https://desagri.gov.in/,2023,High,26.8306,92.3826
Assam,Sonitpur,Mustard,Major producer,80104,144187,1.8,Kharif,High,Moderate (Rainfed/GW),High,Highly Suitable,Sonitpur Agricultural Zone,Directorate of Economics & Statistics (DES),https://desagri.gov.in/,2023,High,26.8306,92.3826
Assam,Sonitpur,Gram,Major producer,48348,87026,1.8,Kharif,High,Moderate (Rainfed/GW),High,Highly Suitable,Sonitpur Agricultural Zone,Directorate of Economics & Statistics (DES),https://desagri.gov.in/,2023,High,26.8306,92.3826
Assam,Tinsukia,Wheat,Major producer,48958,234998,4.8,Rabi,High,Moderate (Rainfed/GW),High,Highly Suitable,Tinsukia Agricultural Zone,Directorate of Economics & Statistics (DES),https://desagri.gov.in/,2023,High,26.5606,93.6576
Assam,Tinsukia,Mustard,Major producer,54219,97594,1.8,Kharif,High,Moderate (Rainfed/GW),High,Highly Suitable,Tinsukia Agricultural Zone,Directorate of Economics & Statistics (DES),https://desagri.gov.in/,2023,High,26.5606,93.6576
Assam,Tinsukia,Gram,Major producer,74348,133826,1.8,Kharif,High,Moderate (Rainfed/GW),High,Highly Suitable,Tinsukia Agricultural Zone,Directorate of Economics & Statistics (DES),https://desagri.gov.in/,2023,High,26.5606,93.6576
Bihar,Araria,Wheat,Moderate producer,43880,210624,4.8,Rabi,High,Moderate (Rainfed/GW),High,Highly Suitable,Araria Agricultural Zone,Directorate of Economics & Statistics (DES),https://desagri.gov.in/,2023,High,25.3661,85.7481
Bihar,Araria,Mustard,Major producer,52263,94073,1.8,Kharif,High,Moderate (Rainfed/GW),High,Highly Suitable,Araria Agricultural Zone,Directorate of Economics & Statistics (DES),https://desagri.gov.in/,2023,High,25.3661,85.7481
Bihar,Araria,Gram,Moderate producer,25923,46661,1.8,Kharif,High,Moderate (Rainfed/GW),High,Highly Suitable,Araria Agricultural Zone,Directorate of Economics & Statistics (DES),https://desagri.gov.in/,2023,High,25.3661,85.7481
Bihar,Aurangabad,Wheat,Major producer,65449,314155,4.8,Rabi,High,Moderate (Rainfed/GW),High,Highly Suitable,Aurangabad Agricultural Zone,Directorate of Economics & Statistics (DES),https://desagri.gov.in/,2023,High,25.6361,85.9881
Bihar,Aurangabad,Mustard,Major producer,76050,136890,1.8,Kharif,High,Moderate (Rainfed/GW),High,Highly Suitable,Aurangabad Agricultural Zone,Directorate of Economics & Statistics (DES),https://desagri.gov.in/,2023,High,25.6361,85.9881
Bihar,Aurangabad,Gram,Major producer,80494,144889,1.8,Kharif,High,Moderate (Rainfed/GW),High,Highly Suitable,Aurangabad Agricultural Zone,Directorate of Economics & Statistics (DES),https://desagri.gov.in/,2023,High,25.6361,85.9881
Bihar,Banka,Wheat,Major producer,47116,226156,4.8,Rabi,High,Moderate (Rainfed/GW),High,Highly Suitable,Banka Agricultural Zone,Directorate of Economics & Statistics (DES),https://desagri.gov.in/,2023,High,25.2011,85.7631
Bihar,Banka,Mustard,Major producer,90486,162874,1.8,Kharif,High,Moderate (Rainfed/GW),High,Highly Suitable,Banka Agricultural Zone,Directorate of Economics & Statistics (DES),https://desagri.gov.in/,2023,High,25.2011,85.7631
Bihar,Banka,Gram,Moderate producer,40804,73447,1.8,Kharif,High,Moderate (Rainfed/GW),High,Highly Suitable,Banka Agricultural Zone,Directorate of Economics & Statistics (DES),https://desagri.gov.in/,2023,High,25.2011,85.7631
Bihar,Begusarai,Wheat,Major producer,48637,233457,4.8,Rabi,High,Moderate (Rainfed/GW),High,Highly Suitable,Begusarai Agricultural Zone,Directorate of Economics & Statistics (DES),https://desagri.gov.in/,2023,High,24.9611,84.6381
Bihar,Begusarai,Mustard,Moderate producer,27188,48938,1.8,Kharif,High,Moderate (Rainfed/GW),High,Highly Suitable,Begusarai Agricultural Zone,Directorate of Economics & Statistics (DES),https://desagri.gov.in/,2023,High,24.9611,84.6381
Bihar,Begusarai,Gram,Moderate producer,43431,78175,1.8,Kharif,High,Moderate (Rainfed/GW),High,Highly Suitable,Begusarai Agricultural Zone,Directorate of Economics & Statistics (DES),https://desagri.gov.in/,2023,High,24.9611,84.6381
Bihar,Bhagalpur,Wheat,Major producer,85295,409416,4.8,Rabi,High,Moderate (Rainfed/GW),High,Highly Suitable,Bhagalpur Agricultural Zone,Directorate of Economics & Statistics (DES),https://desagri.gov.in/,2023,High,25.6511,84.6381
Bihar,Bhagalpur,Mustard,Major producer,49521,89137,1.8,Kharif,High,Moderate (Rainfed/GW),High,Highly Suitable,Bhagalpur Agricultural Zone,Directorate of Economics & Statistics (DES),https://desagri.gov.in/,2023,High,25.6511,84.6381
Bihar,Bhagalpur,Gram,Major producer,46028,82850,1.8,Kharif,High,Moderate (Rainfed/GW),High,Highly Suitable,Bhagalpur Agricultural Zone,Directorate of Economics & Statistics (DES),https://desagri.gov.in/,2023,High,25.6511,84.6381
Bihar,Bhojpur,Wheat,Moderate producer,33205,159384,4.8,Rabi,High,Moderate (Rainfed/GW),High,Highly Suitable,Bhojpur Agricultural Zone,Directorate of Economics & Statistics (DES),https://desagri.gov.in/,2023,High,25.8011,84.8631
Bihar,Bhojpur,Mustard,Moderate producer,32515,58527,1.8,Kharif,High,Moderate (Rainfed/GW),High,Highly Suitable,Bhojpur Agricultural Zone,Directorate of Economics & Statistics (DES),https://desagri.gov.in/,2023,High,25.8011,84.8631
Bihar,Bhojpur,Gram,Major producer,47660,85788,1.8,Kharif,High,Moderate (Rainfed/GW),High,Highly Suitable,Bhojpur Agricultural Zone,Directorate of Economics & Statistics (DES),https://desagri.gov.in/,2023,High,25.8011,84.8631
Bihar,Buxar,Wheat,Moderate producer,40768,195686,4.8,Rabi,High,Moderate (Rainfed/GW),High,Highly Suitable,Buxar Agricultural Zone,Directorate of Economics & Statistics (DES),https://desagri.gov.in/,2023,High,24.6011,85.9581
Bihar,Buxar,Mustard,Moderate producer,42442,76395,1.8,Kharif,High,Moderate (Rainfed/GW),High,Highly Suitable,Buxar Agricultural Zone,Directorate of Economics & Statistics (DES),https://desagri.gov.in/,2023,High,24.6011,85.9581
Bihar,Buxar,Gram,Moderate producer,40586,73054,1.8,Kharif,High,Moderate (Rainfed/GW),High,Highly Suitable,Buxar Agricultural Zone,Directorate of Economics & Statistics (DES),https://desagri.gov.in/,2023,High,24.6011,85.9581
Bihar,Darbhanga,Wheat,Major producer,49522,237705,4.8,Rabi,High,Moderate (Rainfed/GW),High,Highly Suitable,Darbhanga Agricultural Zone,Directorate of Economics & Statistics (DES),https://desagri.gov.in/,2023,High,25.6061,85.8681
Bihar,Darbhanga,Mustard,Major producer,78186,140734,1.8,Kharif,High,Moderate (Rainfed/GW),High,Highly Suitable,Darbhanga Agricultural Zone,Directorate of Economics & Statistics (DES),https://desagri.gov.in/,2023,High,25.6061,85.8681
Bihar,Darbhanga,Gram,Moderate producer,30659,55186,1.8,Kharif,High,Moderate (Rainfed/GW),High,Highly Suitable,Darbhanga Agricultural Zone,Directorate of Economics & Statistics (DES),https://desagri.gov.in/,2023,High,25.6061,85.8681
Bihar,Gaya,Wheat,Major producer,70089,336427,4.8,Rabi,High,Moderate (Rainfed/GW),High,Highly Suitable,Gaya Agricultural Zone,Directorate of Economics & Statistics (DES),https://desagri.gov.in/,2023,High,24.3611,85.7931
Bihar,Gaya,Mustard,Moderate producer,32448,58406,1.8,Kharif,High,Moderate (Rainfed/GW),High,Highly Suitable,Gaya Agricultural Zone,Directorate of Economics & Statistics (DES),https://desagri.gov.in/,2023,High,24.3611,85.7931
Bihar,Gaya,Gram,Minor producer,23567,42420,1.8,Kharif,High,Moderate (Rainfed/GW),High,Highly Suitable,Gaya Agricultural Zone,Directorate of Economics & Statistics (DES),https://desagri.gov.in/,2023,High,24.3611,85.7931
Bihar,Gopalganj,Wheat,Major producer,83586,401212,4.8,Rabi,High,Moderate (Rainfed/GW),High,Highly Suitable,Gopalganj Agricultural Zone,Directorate of Economics & Statistics (DES),https://desagri.gov.in/,2023,High,24.8711,85.5531
Bihar,Gopalganj,Mustard,Major producer,72952,131313,1.8,Kharif,High,Moderate (Rainfed/GW),High,Highly Suitable,Gopalganj Agricultural Zone,Directorate of Economics & Statistics (DES),https://desagri.gov.in/,2023,High,24.8711,85.5531
Bihar,Gopalganj,Gram,Major producer,81599,146878,1.8,Kharif,High,Moderate (Rainfed/GW),High,Highly Suitable,Gopalganj Agricultural Zone,Directorate of Economics & Statistics (DES),https://desagri.gov.in/,2023,High,24.8711,85.5531
Bihar,Jamui,Wheat,Moderate producer,39882,191433,4.8,Rabi,High,Moderate (Rainfed/GW),High,Highly Suitable,Jamui Agricultural Zone,Directorate of Economics & Statistics (DES),https://desagri.gov.in/,2023,High,24.6911,85.3431
Bihar,Jamui,Mustard,Major producer,71723,129101,1.8,Kharif,High,Moderate (Rainfed/GW),High,Highly Suitable,Jamui Agricultural Zone,Directorate of Economics & Statistics (DES),https://desagri.gov.in/,2023,High,24.6911,85.3431
Bihar,Jamui,Gram,Moderate producer,42107,75792,1.8,Kharif,High,Moderate (Rainfed/GW),High,Highly Suitable,Jamui Agricultural Zone,Directorate of Economics & Statistics (DES),https://desagri.gov.in/,2023,High,24.6911,85.3431
Bihar,Jehanabad,Wheat,Moderate producer,32728,157094,4.8,Rabi,High,Moderate (Rainfed/GW),High,Highly Suitable,Jehanabad Agricultural Zone,Directorate of Economics & Statistics (DES),https://desagri.gov.in/,2023,High,25.2461,85.5681
Bihar,Jehanabad,Mustard,Moderate producer,41961,75529,1.8,Kharif,High,Moderate (Rainfed/GW),High,Highly Suitable,Jehanabad Agricultural Zone,Directorate of Economics & Statistics (DES),https://desagri.gov.in/,2023,High,25.2461,85.5681
Bihar,Jehanabad,Gram,Minor producer,21356,38440,1.8,Kharif,High,Moderate (Rainfed/GW),High,Highly Suitable,Jehanabad Agricultural Zone,Directorate of Economics & Statistics (DES),https://desagri.gov.in/,2023,High,25.2461,85.5681
Bihar,Katihar,Wheat,Major producer,81099,389275,4.8,Rabi,High,Moderate (Rainfed/GW),High,Highly Suitable,Katihar Agricultural Zone,Directorate of Economics & Statistics (DES),https://desagri.gov.in/,2023,High,24.6761,86.0181
Bihar,Katihar,Mustard,Moderate producer,34488,62078,1.8,Kharif,High,Moderate (Rainfed/GW),High,Highly Suitable,Katihar Agricultural Zone,Directorate of Economics & Statistics (DES),https://desagri.gov.in/,2023,High,24.6761,86.0181
Bihar,Katihar,Gram,Major producer,68781,123805,1.8,Kharif,High,Moderate (Rainfed/GW),High,Highly Suitable,Katihar Agricultural Zone,Directorate of Economics & Statistics (DES),https://desagri.gov.in/,2023,High,24.6761,86.0181
Bihar,Khagaria,Wheat,Minor producer,22001,105604,4.8,Rabi,High,Moderate (Rainfed/GW),High,Highly Suitable,Khagaria Agricultural Zone,Directorate of Economics & Statistics (DES),https://desagri.gov.in/,2023,High,25.3811,85.5531
Bihar,Khagaria,Mustard,Moderate producer,26495,47691,1.8,Kharif,High,Moderate (Rainfed/GW),High,Highly Suitable,Khagaria Agricultural Zone,Directorate of Economics & Statistics (DES),https://desagri.gov.in/,2023,High,25.3811,85.5531
Bihar,Khagaria,Gram,Moderate producer,31486,56674,1.8,Kharif,High,Moderate (Rainfed/GW),High,Highly Suitable,Khagaria Agricultural Zone,Directorate of Economics & Statistics (DES),https://desagri.gov.in/,2023,High,25.3811,85.5531
Bihar,KishanGanj,Wheat,Major producer,71390,342672,4.8,Rabi,High,Moderate (Rainfed/GW),High,Highly Suitable,KishanGanj Agricultural Zone,Directorate of Economics & Statistics (DES),https://desagri.gov.in/,2023,High,25.3961,85.7931
Bihar,KishanGanj,Mustard,Moderate producer,29686,53434,1.8,Kharif,High,Moderate (Rainfed/GW),High,Highly Suitable,KishanGanj Agricultural Zone,Directorate of Economics & Statistics (DES),https://desagri.gov.in/,2023,High,25.3961,85.7931
Bihar,KishanGanj,Gram,Major producer,77522,139539,1.8,Kharif,High,Moderate (Rainfed/GW),High,Highly Suitable,KishanGanj Agricultural Zone,Directorate of Economics & Statistics (DES),https://desagri.gov.in/,2023,High,25.3961,85.7931
Bihar,Lakhisarai,Wheat,Moderate producer,25160,120768,4.8,Rabi,High,Moderate (Rainfed/GW),High,Highly Suitable,Lakhisarai Agricultural Zone,Directorate of Economics & Statistics (DES),https://desagri.gov.in/,2023,High,24.7811,84.9681
Bihar,Lakhisarai,Mustard,Moderate producer,36616,65908,1.8,Kharif,High,Moderate (Rainfed/GW),High,Highly Suitable,Lakhisarai Agricultural Zone,Directorate of Economics & Statistics (DES),https://desagri.gov.in/,2023,High,24.7811,84.9681
Bihar,Lakhisarai,Gram,Moderate producer,28600,51480,1.8,Kharif,High,Moderate (Rainfed/GW),High,Highly Suitable,Lakhisarai Agricultural Zone,Directorate of Economics & Statistics (DES),https://desagri.gov.in/,2023,High,24.7811,84.9681
Bihar,Madhepura,Wheat,Moderate producer,42222,202665,4.8,Rabi,High,Moderate (Rainfed/GW),High,Highly Suitable,Madhepura Agricultural Zone,Directorate of Economics & Statistics (DES),https://desagri.gov.in/,2023,High,25.0361,84.8481
Bihar,Madhepura,Mustard,Major producer,45287,81516,1.8,Kharif,High,Moderate (Rainfed/GW),High,Highly Suitable,Madhepura Agricultural Zone,Directorate of Economics & Statistics (DES),https://desagri.gov.in/,2023,High,25.0361,84.8481
Bihar,Madhepura,Gram,Major producer,74883,134789,1.8,Kharif,High,Moderate (Rainfed/GW),High,Highly Suitable,Madhepura Agricultural Zone,Directorate of Economics & Statistics (DES),https://desagri.gov.in/,2023,High,25.0361,84.8481
Bihar,Madhubani,Wheat,Major producer,75841,364036,4.8,Rabi,High,Moderate (Rainfed/GW),High,Highly Suitable,Madhubani Agricultural Zone,Directorate of Economics & Statistics (DES),https://desagri.gov.in/,2023,High,24.7061,85.8681
Bihar,Madhubani,Mustard,Minor producer,20721,37297,1.8,Kharif,High,Moderate (Rainfed/GW),High,Highly Suitable,Madhubani Agricultural Zone,Directorate of Economics & Statistics (DES),https://desagri.gov.in/,2023,High,24.7061,85.8681
Bihar,Madhubani,Gram,Major producer,65441,117793,1.8,Kharif,High,Moderate (Rainfed/GW),High,Highly Suitable,Madhubani Agricultural Zone,Directorate of Economics & Statistics (DES),https://desagri.gov.in/,2023,High,24.7061,85.8681
Bihar,Munger,Wheat,Moderate producer,36219,173851,4.8,Rabi,High,Moderate (Rainfed/GW),High,Highly Suitable,Munger Agricultural Zone,Directorate of Economics & Statistics (DES),https://desagri.gov.in/,2023,High,25.2461,84.6231
Bihar,Munger,Mustard,Major producer,70678,127220,1.8,Kharif,High,Moderate (Rainfed/GW),High,Highly Suitable,Munger Agricultural Zone,Directorate of Economics & Statistics (DES),https://desagri.gov.in/,2023,High,25.2461,84.6231
Bihar,Munger,Gram,Moderate producer,34848,62726,1.8,Kharif,High,Moderate (Rainfed/GW),High,Highly Suitable,Munger Agricultural Zone,Directorate of Economics & Statistics (DES),https://desagri.gov.in/,2023,High,25.2461,84.6231
Bihar,Muzaffarpur,Wheat,Major producer,76698,368150,4.8,Rabi,High,Moderate (Rainfed/GW),High,Highly Suitable,Muzaffarpur Agricultural Zone,Directorate of Economics & Statistics (DES),https://desagri.gov.in/,2023,High,24.5111,84.6231
Bihar,Muzaffarpur,Mustard,Moderate producer,34736,62524,1.8,Kharif,High,Moderate (Rainfed/GW),High,Highly Suitable,Muzaffarpur Agricultural Zone,Directorate of Economics & Statistics (DES),https://desagri.gov.in/,2023,High,24.5111,84.6231
Bihar,Muzaffarpur,Gram,Major producer,73003,131405,1.8,Kharif,High,Moderate (Rainfed/GW),High,Highly Suitable,Muzaffarpur Agricultural Zone,Directorate of Economics & Statistics (DES),https://desagri.gov.in/,2023,High,24.5111,84.6231
Bihar,Nalanda,Wheat,Moderate producer,44781,214948,4.8,Rabi,High,Moderate (Rainfed/GW),High,Highly Suitable,Nalanda Agricultural Zone,Directorate of Economics & Statistics (DES),https://desagri.gov.in/,2023,High,25.4261,85.1181
Bihar,Nalanda,Mustard,Moderate producer,40979,73762,1.8,Kharif,High,Moderate (Rainfed/GW),High,Highly Suitable,Nalanda Agricultural Zone,Directorate of Economics & Statistics (DES),https://desagri.gov.in/,2023,High,25.4261,85.1181
Bihar,Nalanda,Gram,Minor producer,20930,37674,1.8,Kharif,High,Moderate (Rainfed/GW),High,Highly Suitable,Nalanda Agricultural Zone,Directorate of Economics & Statistics (DES),https://desagri.gov.in/,2023,High,25.4261,85.1181
Bihar,Nawada,Wheat,Major producer,84692,406521,4.8,Rabi,High,Moderate (Rainfed/GW),High,Highly Suitable,Nawada Agricultural Zone,Directorate of Economics & Statistics (DES),https://desagri.gov.in/,2023,High,24.9161,85.0881
Bihar,Nawada,Mustard,Moderate producer,30915,55647,1.8,Kharif,High,Moderate (Rainfed/GW),High,Highly Suitable,Nawada Agricultural Zone,Directorate of Economics & Statistics (DES),https://desagri.gov.in/,2023,High,24.9161,85.0881
Bihar,Nawada,Gram,Major producer,49813,89663,1.8,Kharif,High,Moderate (Rainfed/GW),High,Highly Suitable,Nawada Agricultural Zone,Directorate of Economics & Statistics (DES),https://desagri.gov.in/,2023,High,24.9161,85.0881
Bihar,Pashchim Champaran,Wheat,Major producer,89856,431308,4.8,Rabi,High,Moderate (Rainfed/GW),High,Highly Suitable,Pashchim Champaran Agricultural Zone,Directorate of Economics & Statistics (DES),https://desagri.gov.in/,2023,High,24.6011,85.4481
Bihar,Pashchim Champaran,Mustard,Moderate producer,32913,59243,1.8,Kharif,High,Moderate (Rainfed/GW),High,Highly Suitable,Pashchim Champaran Agricultural Zone,Directorate of Economics & Statistics (DES),https://desagri.gov.in/,2023,High,24.6011,85.4481
Bihar,Pashchim Champaran,Gram,Major producer,45860,82548,1.8,Kharif,High,Moderate (Rainfed/GW),High,Highly Suitable,Pashchim Champaran Agricultural Zone,Directorate of Economics & Statistics (DES),https://desagri.gov.in/,2023,High,24.6011,85.4481
Bihar,Patna,Wheat,Major producer,69662,334377,4.8,Rabi,High,Moderate (Rainfed/GW),High,Highly Suitable,Patna Agricultural Zone,Directorate of Economics & Statistics (DES),https://desagri.gov.in/,2023,High,25.5941,85.1376
Bihar,Patna,Mustard,Minor producer,23976,43156,1.8,Kharif,High,Moderate (Rainfed/GW),High,Highly Suitable,Patna Agricultural Zone,Directorate of Economics & Statistics (DES),https://desagri.gov.in/,2023,High,25.5941,85.1376
Bihar,Patna,Gram,Major producer,90819,163474,1.8,Kharif,High,Moderate (Rainfed/GW),High,Highly Suitable,Patna Agricultural Zone,Directorate of Economics & Statistics (DES),https://desagri.gov.in/,2023,High,25.5941,85.1376
Bihar,Purba Champaran,Wheat,Major producer,82913,397982,4.8,Rabi,High,Moderate (Rainfed/GW),High,Highly Suitable,Purba Champaran Agricultural Zone,Directorate of Economics & Statistics (DES),https://desagri.gov.in/,2023,High,25.4411,85.0281
Bihar,Purba Champaran,Mustard,Major producer,52146,93862,1.8,Kharif,High,Moderate (Rainfed/GW),High,Highly Suitable,Purba Champaran Agricultural Zone,Directorate of Economics & Statistics (DES),https://desagri.gov.in/,2023,High,25.4411,85.0281
Bihar,Purba Champaran,Gram,Minor producer,21636,38944,1.8,Kharif,High,Moderate (Rainfed/GW),High,Highly Suitable,Purba Champaran Agricultural Zone,Directorate of Economics & Statistics (DES),https://desagri.gov.in/,2023,High,25.4411,85.0281
Bihar,Purnia,Wheat,Major producer,70332,337593,4.8,Rabi,High,Moderate (Rainfed/GW),High,Highly Suitable,Purnia Agricultural Zone,Directorate of Economics & Statistics (DES),https://desagri.gov.in/,2023,High,25.1861,85.6581
Bihar,Purnia,Mustard,Major producer,50466,90838,1.8,Kharif,High,Moderate (Rainfed/GW),High,Highly Suitable,Purnia Agricultural Zone,Directorate of Economics & Statistics (DES),https://desagri.gov.in/,2023,High,25.1861,85.6581
Bihar,Purnia,Gram,Moderate producer,37128,66830,1.8,Kharif,High,Moderate (Rainfed/GW),High,Highly Suitable,Purnia Agricultural Zone,Directorate of Economics & Statistics (DES),https://desagri.gov.in/,2023,High,25.1861,85.6581
Bihar,Rohtas,Wheat,Major producer,74835,359208,4.8,Rabi,High,Moderate (Rainfed/GW),High,Highly Suitable,Rohtas Agricultural Zone,Directorate of Economics & Statistics (DES),https://desagri.gov.in/,2023,High,25.2011,84.8931
Bihar,Rohtas,Mustard,Major producer,76510,137718,1.8,Kharif,High,Moderate (Rainfed/GW),High,Highly Suitable,Rohtas Agricultural Zone,Directorate of Economics & Statistics (DES),https://desagri.gov.in/,2023,High,25.2011,84.8931
Bihar,Rohtas,Gram,Major producer,54717,98490,1.8,Kharif,High,Moderate (Rainfed/GW),High,Highly Suitable,Rohtas Agricultural Zone,Directorate of Economics & Statistics (DES),https://desagri.gov.in/,2023,High,25.2011,84.8931
Bihar,Saharsa,Wheat,Major producer,83225,399480,4.8,Rabi,High,Moderate (Rainfed/GW),High,Highly Suitable,Saharsa Agricultural Zone,Directorate of Economics & Statistics (DES),https://desagri.gov.in/,2023,High,25.5311,84.6081
Bihar,Saharsa,Mustard,Moderate producer,37396,67312,1.8,Kharif,High,Moderate (Rainfed/GW),High,Highly Suitable,Saharsa Agricultural Zone,Directorate of Economics & Statistics (DES),https://desagri.gov.in/,2023,High,25.5311,84.6081
Bihar,Saharsa,Gram,Moderate producer,35800,64440,1.8,Kharif,High,Moderate (Rainfed/GW),High,Highly Suitable,Saharsa Agricultural Zone,Directorate of Economics & Statistics (DES),https://desagri.gov.in/,2023,High,25.5311,84.6081
Bihar,Samastipur,Wheat,Moderate producer,29373,140990,4.8,Rabi,High,Moderate (Rainfed/GW),High,Highly Suitable,Samastipur Agricultural Zone,Directorate of Economics & Statistics (DES),https://desagri.gov.in/,2023,High,25.0661,85.2681
Bihar,Samastipur,Mustard,Major producer,60511,108919,1.8,Kharif,High,Moderate (Rainfed/GW),High,Highly Suitable,Samastipur Agricultural Zone,Directorate of Economics & Statistics (DES),https://desagri.gov.in/,2023,High,25.0661,85.2681
Bihar,Samastipur,Gram,Moderate producer,26489,47680,1.8,Kharif,High,Moderate (Rainfed/GW),High,Highly Suitable,Samastipur Agricultural Zone,Directorate of Economics & Statistics (DES),https://desagri.gov.in/,2023,High,25.0661,85.2681
Bihar,Saran,Wheat,Major producer,76343,366446,4.8,Rabi,High,Moderate (Rainfed/GW),High,Highly Suitable,Saran Agricultural Zone,Directorate of Economics & Statistics (DES),https://desagri.gov.in/,2023,High,25.0961,85.0431
Bihar,Saran,Mustard,Moderate producer,31028,55850,1.8,Kharif,High,Moderate (Rainfed/GW),High,Highly Suitable,Saran Agricultural Zone,Directorate of Economics & Statistics (DES),https://desagri.gov.in/,2023,High,25.0961,85.0431
Bihar,Saran,Gram,Major producer,92706,166870,1.8,Kharif,High,Moderate (Rainfed/GW),High,Highly Suitable,Saran Agricultural Zone,Directorate of Economics & Statistics (DES),https://desagri.gov.in/,2023,High,25.0961,85.0431
Bihar,Sheikhpura,Wheat,Major producer,72839,349627,4.8,Rabi,High,Moderate (Rainfed/GW),High,Highly Suitable,Sheikhpura Agricultural Zone,Directorate of Economics & Statistics (DES),https://desagri.gov.in/,2023,High,24.6761,84.9531
Bihar,Sheikhpura,Mustard,Moderate producer,29769,53584,1.8,Kharif,High,Moderate (Rainfed/GW),High,Highly Suitable,Sheikhpura Agricultural Zone,Directorate of Economics & Statistics (DES),https://desagri.gov.in/,2023,High,24.6761,84.9531
Bihar,Sheikhpura,Gram,Major producer,62906,113230,1.8,Kharif,High,Moderate (Rainfed/GW),High,Highly Suitable,Sheikhpura Agricultural Zone,Directorate of Economics & Statistics (DES),https://desagri.gov.in/,2023,High,24.6761,84.9531
Bihar,Sheohar,Wheat,Major producer,68459,328603,4.8,Rabi,High,Moderate (Rainfed/GW),High,Highly Suitable,Sheohar Agricultural Zone,Directorate of Economics & Statistics (DES),https://desagri.gov.in/,2023,High,25.4711,85.5831
Bihar,Sheohar,Mustard,Major producer,50033,90059,1.8,Kharif,High,Moderate (Rainfed/GW),High,Highly Suitable,Sheohar Agricultural Zone,Directorate of Economics & Statistics (DES),https://desagri.gov.in/,2023,High,25.4711,85.5831
Bihar,Sheohar,Gram,Major producer,73325,131985,1.8,Kharif,High,Moderate (Rainfed/GW),High,Highly Suitable,Sheohar Agricultural Zone,Directorate of Economics & Statistics (DES),https://desagri.gov.in/,2023,High,25.4711,85.5831
Bihar,Sitamarhi,Wheat,Major producer,90020,432096,4.8,Rabi,High,Moderate (Rainfed/GW),High,Highly Suitable,Sitamarhi Agricultural Zone,Directorate of Economics & Statistics (DES),https://desagri.gov.in/,2023,High,24.9161,85.0131
Bihar,Sitamarhi,Mustard,Moderate producer,34491,62083,1.8,Kharif,High,Moderate (Rainfed/GW),High,Highly Suitable,Sitamarhi Agricultural Zone,Directorate of Economics & Statistics (DES),https://desagri.gov.in/,2023,High,24.9161,85.0131
Bihar,Sitamarhi,Gram,Moderate producer,28272,50889,1.8,Kharif,High,Moderate (Rainfed/GW),High,Highly Suitable,Sitamarhi Agricultural Zone,Directorate of Economics & Statistics (DES),https://desagri.gov.in/,2023,High,24.9161,85.0131
Bihar,Siwan,Wheat,Major producer,65490,314352,4.8,Rabi,High,Moderate (Rainfed/GW),High,Highly Suitable,Siwan Agricultural Zone,Directorate of Economics & Statistics (DES),https://desagri.gov.in/,2023,High,25.2761,84.5781
Bihar,Siwan,Mustard,Major producer,79472,143049,1.8,Kharif,High,Moderate (Rainfed/GW),High,Highly Suitable,Siwan Agricultural Zone,Directorate of Economics & Statistics (DES),https://desagri.gov.in/,2023,High,25.2761,84.5781
Bihar,Siwan,Gram,Major producer,58323,104981,1.8,Kharif,High,Moderate (Rainfed/GW),High,Highly Suitable,Siwan Agricultural Zone,Directorate of Economics & Statistics (DES),https://desagri.gov.in/,2023,High,25.2761,84.5781
Bihar,Supaul,Wheat,Moderate producer,30982,148713,4.8,Rabi,High,Moderate (Rainfed/GW),High,Highly Suitable,Supaul Agricultural Zone,Directorate of Economics & Statistics (DES),https://desagri.gov.in/,2023,High,24.3911,85.3281
Bihar,Supaul,Mustard,Major producer,65006,117010,1.8,Kharif,High,Moderate (Rainfed/GW),High,Highly Suitable,Supaul Agricultural Zone,Directorate of Economics & Statistics (DES),https://desagri.gov.in/,2023,High,24.3911,85.3281
Bihar,Supaul,Gram,Major producer,53980,97164,1.8,Kharif,High,Moderate (Rainfed/GW),High,Highly Suitable,Supaul Agricultural Zone,Directorate of Economics & Statistics (DES),https://desagri.gov.in/,2023,High,24.3911,85.3281
Bihar,Vaishali,Wheat,Major producer,74715,358632,4.8,Rabi,High,Moderate (Rainfed/GW),High,Highly Suitable,Vaishali Agricultural Zone,Directorate of Economics & Statistics (DES),https://desagri.gov.in/,2023,High,25.2611,85.6281
Bihar,Vaishali,Mustard,Moderate producer,37145,66861,1.8,Kharif,High,Moderate (Rainfed/GW),High,Highly Suitable,Vaishali Agricultural Zone,Directorate of Economics & Statistics (DES),https://desagri.gov.in/,2023,High,25.2611,85.6281
Bihar,Vaishali,Gram,Minor producer,21051,37891,1.8,Kharif,High,Moderate (Rainfed/GW),High,Highly Suitable,Vaishali Agricultural Zone,Directorate of Economics & Statistics (DES),https://desagri.gov.in/,2023,High,25.2611,85.6281
Chhattisgarh,Bastar,Wheat,Major producer,93814,450307,4.8,Rabi,High,Moderate (Rainfed/GW),High,Highly Suitable,Bastar Agricultural Zone,Directorate of Economics & Statistics (DES),https://desagri.gov.in/,2023,High,20.9937,82.4361
Chhattisgarh,Bastar,Mustard,Major producer,51323,92381,1.8,Kharif,High,Moderate (Rainfed/GW),High,Highly Suitable,Bastar Agricultural Zone,Directorate of Economics & Statistics (DES),https://desagri.gov.in/,2023,High,20.9937,82.4361
Chhattisgarh,Bastar,Gram,Major producer,48039,86470,1.8,Kharif,High,Moderate (Rainfed/GW),High,Highly Suitable,Bastar Agricultural Zone,Directorate of Economics & Statistics (DES),https://desagri.gov.in/,2023,High,20.9937,82.4361
Chhattisgarh,Bilaspur,Wheat,Major producer,71622,343785,4.8,Rabi,High,Moderate (Rainfed/GW),High,Highly Suitable,Bilaspur Agricultural Zone,Directorate of Economics & Statistics (DES),https://desagri.gov.in/,2023,High,21.5637,82.0311
Chhattisgarh,Bilaspur,Mustard,Moderate producer,26884,48391,1.8,Kharif,High,Moderate (Rainfed/GW),High,Highly Suitable,Bilaspur Agricultural Zone,Directorate of Economics & Statistics (DES),https://desagri.gov.in/,2023,High,21.5637,82.0311
Chhattisgarh,Bilaspur,Gram,Major producer,58243,104837,1.8,Kharif,High,Moderate (Rainfed/GW),High,Highly Suitable,Bilaspur Agricultural Zone,Directorate of Economics & Statistics (DES),https://desagri.gov.in/,2023,High,21.5637,82.0311
Chhattisgarh,Dantewada,Wheat,Moderate producer,31050,149040,4.8,Rabi,High,Moderate (Rainfed/GW),High,Highly Suitable,Dantewada Agricultural Zone,Directorate of Economics & Statistics (DES),https://desagri.gov.in/,2023,High,20.5737,82.4211
Chhattisgarh,Dantewada,Mustard,Major producer,90496,162892,1.8,Kharif,High,Moderate (Rainfed/GW),High,Highly Suitable,Dantewada Agricultural Zone,Directorate of Economics & Statistics (DES),https://desagri.gov.in/,2023,High,20.5737,82.4211
Chhattisgarh,Dantewada,Gram,Major producer,67396,121312,1.8,Kharif,High,Moderate (Rainfed/GW),High,Highly Suitable,Dantewada Agricultural Zone,Directorate of Economics & Statistics (DES),https://desagri.gov.in/,2023,High,20.5737,82.4211
Chhattisgarh,Dhamtari,Wheat,Major producer,91402,438729,4.8,Rabi,High,Moderate (Rainfed/GW),High,Highly Suitable,Dhamtari Agricultural Zone,Directorate of Economics & Statistics (DES),https://desagri.gov.in/,2023,High,21.6387,81.3411
Chhattisgarh,Dhamtari,Mustard,Major producer,46272,83289,1.8,Kharif,High,Moderate (Rainfed/GW),High,Highly Suitable,Dhamtari Agricultural Zone,Directorate of Economics & Statistics (DES),https://desagri.gov.in/,2023,High,21.6387,81.3411
Chhattisgarh,Dhamtari,Gram,Moderate producer,40518,72932,1.8,Kharif,High,Moderate (Rainfed/GW),High,Highly Suitable,Dhamtari Agricultural Zone,Directorate of Economics & Statistics (DES),https://desagri.gov.in/,2023,High,21.6387,81.3411
Chhattisgarh,Durg,Wheat,Major producer,62977,302289,4.8,Rabi,High,Moderate (Rainfed/GW),High,Highly Suitable,Durg Agricultural Zone,Directorate of Economics & Statistics (DES),https://desagri.gov.in/,2023,High,21.8487,81.7311
Chhattisgarh,Durg,Mustard,Major producer,84742,152535,1.8,Kharif,High,Moderate (Rainfed/GW),High,Highly Suitable,Durg Agricultural Zone,Directorate of Economics & Statistics (DES),https://desagri.gov.in/,2023,High,21.8487,81.7311
Chhattisgarh,Durg,Gram,Moderate producer,44484,80071,1.8,Kharif,High,Moderate (Rainfed/GW),High,Highly Suitable,Durg Agricultural Zone,Directorate of Economics & Statistics (DES),https://desagri.gov.in/,2023,High,21.8487,81.7311
Chhattisgarh,Janjgir-Champa,Wheat,Major producer,72993,350366,4.8,Rabi,High,Moderate (Rainfed/GW),High,Highly Suitable,Janjgir-Champa Agricultural Zone,Directorate of Economics & Statistics (DES),https://desagri.gov.in/,2023,High,21.6087,82.4361
Chhattisgarh,Janjgir-Champa,Mustard,Major producer,78575,141435,1.8,Kharif,High,Moderate (Rainfed/GW),High,Highly Suitable,Janjgir-Champa Agricultural Zone,Directorate of Economics & Statistics (DES),https://desagri.gov.in/,2023,High,21.6087,82.4361
Chhattisgarh,Janjgir-Champa,Gram,Major producer,55895,100611,1.8,Kharif,High,Moderate (Rainfed/GW),High,Highly Suitable,Janjgir-Champa Agricultural Zone,Directorate of Economics & Statistics (DES),https://desagri.gov.in/,2023,High,21.6087,82.4361
Chhattisgarh,Jashpur,Wheat,Moderate producer,38267,183681,4.8,Rabi,High,Moderate (Rainfed/GW),High,Highly Suitable,Jashpur Agricultural Zone,Directorate of Economics & Statistics (DES),https://desagri.gov.in/,2023,High,21.1887,81.8361
Chhattisgarh,Jashpur,Mustard,Major producer,73822,132879,1.8,Kharif,High,Moderate (Rainfed/GW),High,Highly Suitable,Jashpur Agricultural Zone,Directorate of Economics & Statistics (DES),https://desagri.gov.in/,2023,High,21.1887,81.8361
Chhattisgarh,Jashpur,Gram,Major producer,79839,143710,1.8,Kharif,High,Moderate (Rainfed/GW),High,Highly Suitable,Jashpur Agricultural Zone,Directorate of Economics & Statistics (DES),https://desagri.gov.in/,2023,High,21.1887,81.8361
Chhattisgarh,Kanker,Wheat,Major producer,74057,355473,4.8,Rabi,High,Moderate (Rainfed/GW),High,Highly Suitable,Kanker Agricultural Zone,Directorate of Economics & Statistics (DES),https://desagri.gov.in/,2023,High,21.5787,81.7611
Chhattisgarh,Kanker,Mustard,Moderate producer,34446,62002,1.8,Kharif,High,Moderate (Rainfed/GW),High,Highly Suitable,Kanker Agricultural Zone,Directorate of Economics & Statistics (DES),https://desagri.gov.in/,2023,High,21.5787,81.7611
Chhattisgarh,Kanker,Gram,Major producer,69594,125269,1.8,Kharif,High,Moderate (Rainfed/GW),High,Highly Suitable,Kanker Agricultural Zone,Directorate of Economics & Statistics (DES),https://desagri.gov.in/,2023,High,21.5787,81.7611
Chhattisgarh,Korba,Wheat,Minor producer,22238,106742,4.8,Rabi,High,Moderate (Rainfed/GW),High,Highly Suitable,Korba Agricultural Zone,Directorate of Economics & Statistics (DES),https://desagri.gov.in/,2023,High,20.6787,81.2661
Chhattisgarh,Korba,Mustard,Moderate producer,32997,59394,1.8,Kharif,High,Moderate (Rainfed/GW),High,Highly Suitable,Korba Agricultural Zone,Directorate of Economics & Statistics (DES),https://desagri.gov.in/,2023,High,20.6787,81.2661
Chhattisgarh,Korba,Gram,Moderate producer,42218,75992,1.8,Kharif,High,Moderate (Rainfed/GW),High,Highly Suitable,Korba Agricultural Zone,Directorate of Economics & Statistics (DES),https://desagri.gov.in/,2023,High,20.6787,81.2661
Chhattisgarh,Koriya,Wheat,Major producer,67560,324288,4.8,Rabi,High,Moderate (Rainfed/GW),High,Highly Suitable,Koriya Agricultural Zone,Directorate of Economics & Statistics (DES),https://desagri.gov.in/,2023,High,21.2787,81.9861
Chhattisgarh,Koriya,Mustard,Major producer,50421,90757,1.8,Kharif,High,Moderate (Rainfed/GW),High,Highly Suitable,Koriya Agricultural Zone,Directorate of Economics & Statistics (DES),https://desagri.gov.in/,2023,High,21.2787,81.9861
Chhattisgarh,Koriya,Gram,Moderate producer,44818,80672,1.8,Kharif,High,Moderate (Rainfed/GW),High,Highly Suitable,Koriya Agricultural Zone,Directorate of Economics & Statistics (DES),https://desagri.gov.in/,2023,High,21.2787,81.9861
Chhattisgarh,Mahasamund,Wheat,Major producer,88822,426345,4.8,Rabi,High,Moderate (Rainfed/GW),High,Highly Suitable,Mahasamund Agricultural Zone,Directorate of Economics & Statistics (DES),https://desagri.gov.in/,2023,High,20.9937,81.9711
Chhattisgarh,Mahasamund,Mustard,Major producer,79188,142538,1.8,Kharif,High,Moderate (Rainfed/GW),High,Highly Suitable,Mahasamund Agricultural Zone,Directorate of Economics & Statistics (DES),https://desagri.gov.in/,2023,High,20.9937,81.9711
Chhattisgarh,Mahasamund,Gram,Moderate producer,44375,79875,1.8,Kharif,High,Moderate (Rainfed/GW),High,Highly Suitable,Mahasamund Agricultural Zone,Directorate of Economics & Statistics (DES),https://desagri.gov.in/,2023,High,20.9937,81.9711
Chhattisgarh,Raigarh,Wheat,Minor producer,24019,115291,4.8,Rabi,High,Moderate (Rainfed/GW),High,Highly Suitable,Raigarh Agricultural Zone,Directorate of Economics & Statistics (DES),https://desagri.gov.in/,2023,High,20.6337,81.8661
Chhattisgarh,Raigarh,Mustard,Moderate producer,37186,66934,1.8,Kharif,High,Moderate (Rainfed/GW),High,Highly Suitable,Raigarh Agricultural Zone,Directorate of Economics & Statistics (DES),https://desagri.gov.in/,2023,High,20.6337,81.8661
Chhattisgarh,Raigarh,Gram,Major producer,68643,123557,1.8,Kharif,High,Moderate (Rainfed/GW),High,Highly Suitable,Raigarh Agricultural Zone,Directorate of Economics & Statistics (DES),https://desagri.gov.in/,2023,High,20.6337,81.8661
Chhattisgarh,Raipur,Wheat,Moderate producer,35417,170001,4.8,Rabi,High,Moderate (Rainfed/GW),High,Highly Suitable,Raipur Agricultural Zone,Directorate of Economics & Statistics (DES),https://desagri.gov.in/,2023,High,21.0087,81.4461
Chhattisgarh,Raipur,Mustard,Major producer,74756,134560,1.8,Kharif,High,Moderate (Rainfed/GW),High,Highly Suitable,Raipur Agricultural Zone,Directorate of Economics & Statistics (DES),https://desagri.gov.in/,2023,High,21.0087,81.4461
Chhattisgarh,Raipur,Gram,Major producer,46379,83482,1.8,Kharif,High,Moderate (Rainfed/GW),High,Highly Suitable,Raipur Agricultural Zone,Directorate of Economics & Statistics (DES),https://desagri.gov.in/,2023,High,21.0087,81.4461
Chhattisgarh,Rajnandgaon,Wheat,Moderate producer,37776,181324,4.8,Rabi,High,Moderate (Rainfed/GW),High,Highly Suitable,Rajnandgaon Agricultural Zone,Directorate of Economics & Statistics (DES),https://desagri.gov.in/,2023,High,21.0087,81.4311
Chhattisgarh,Rajnandgaon,Mustard,Moderate producer,31252,56253,1.8,Kharif,High,Moderate (Rainfed/GW),High,Highly Suitable,Rajnandgaon Agricultural Zone,Directorate of Economics & Statistics (DES),https://desagri.gov.in/,2023,High,21.0087,81.4311
Chhattisgarh,Rajnandgaon,Gram,Moderate producer,27246,49042,1.8,Kharif,High,Moderate (Rainfed/GW),High,Highly Suitable,Rajnandgaon Agricultural Zone,Directorate of Economics & Statistics (DES),https://desagri.gov.in/,2023,High,21.0087,81.4311
Chhattisgarh,Surguja,Wheat,Major producer,87580,420384,4.8,Rabi,High,Moderate (Rainfed/GW),High,Highly Suitable,Surguja Agricultural Zone,Directorate of Economics & Statistics (DES),https://desagri.gov.in/,2023,High,20.7387,82.1811
Chhattisgarh,Surguja,Mustard,Minor producer,22306,40150,1.8,Kharif,High,Moderate (Rainfed/GW),High,Highly Suitable,Surguja Agricultural Zone,Directorate of Economics & Statistics (DES),https://desagri.gov.in/,2023,High,20.7387,82.1811
Chhattisgarh,Surguja,Gram,Major producer,55642,100155,1.8,Kharif,High,Moderate (Rainfed/GW),High,Highly Suitable,Surguja Agricultural Zone,Directorate of Economics & Statistics (DES),https://desagri.gov.in/,2023,High,20.7387,82.1811
Goa,North Goa,Wheat,Moderate producer,36051,173044,4.8,Rabi,High,Moderate (Rainfed/GW),High,Highly Suitable,North Goa Agricultural Zone,Directorate of Economics & Statistics (DES),https://desagri.gov.in/,2023,High,15.2393,74.829
Goa,North Goa,Mustard,Major producer,93829,168892,1.8,Kharif,High,Moderate (Rainfed/GW),High,Highly Suitable,North Goa Agricultural Zone,Directorate of Economics & Statistics (DES),https://desagri.gov.in/,2023,High,15.2393,74.829
Goa,North Goa,Gram,Major producer,61144,110059,1.8,Kharif,High,Moderate (Rainfed/GW),High,Highly Suitable,North Goa Agricultural Zone,Directorate of Economics & Statistics (DES),https://desagri.gov.in/,2023,High,15.2393,74.829
Goa,South Goa,Wheat,Major producer,84589,406027,4.8,Rabi,High,Moderate (Rainfed/GW),High,Highly Suitable,South Goa Agricultural Zone,Directorate of Economics & Statistics (DES),https://desagri.gov.in/,2023,High,15.5693,74.784
Goa,South Goa,Mustard,Major producer,69237,124626,1.8,Kharif,High,Moderate (Rainfed/GW),High,Highly Suitable,South Goa Agricultural Zone,Directorate of Economics & Statistics (DES),https://desagri.gov.in/,2023,High,15.5693,74.784
Goa,South Goa,Gram,Major producer,85899,154618,1.8,Kharif,High,Moderate (Rainfed/GW),High,Highly Suitable,South Goa Agricultural Zone,Directorate of Economics & Statistics (DES),https://desagri.gov.in/,2023,High,15.5693,74.784
Gujarat,Ahmedabad,Wheat,Moderate producer,32770,157296,4.8,Rabi,High,Moderate (Rainfed/GW),High,Highly Suitable,Ahmedabad Agricultural Zone,Directorate of Economics & Statistics (DES),https://desagri.gov.in/,2023,High,23.0225,72.5714
Gujarat,Ahmedabad,Mustard,Moderate producer,31180,56124,1.8,Kharif,High,Moderate (Rainfed/GW),High,Highly Suitable,Ahmedabad Agricultural Zone,Directorate of Economics & Statistics (DES),https://desagri.gov.in/,2023,High,23.0225,72.5714
Gujarat,Ahmedabad,Gram,Major producer,90451,162811,1.8,Kharif,High,Moderate (Rainfed/GW),High,Highly Suitable,Ahmedabad Agricultural Zone,Directorate of Economics & Statistics (DES),https://desagri.gov.in/,2023,High,23.0225,72.5714
Gujarat,Amreli,Wheat,Major producer,73335,352008,4.8,Rabi,High,Moderate (Rainfed/GW),High,Highly Suitable,Amreli Agricultural Zone,Directorate of Economics & Statistics (DES),https://desagri.gov.in/,2023,High,22.0937,71.2224
Gujarat,Amreli,Mustard,Major producer,85478,153860,1.8,Kharif,High,Moderate (Rainfed/GW),High,Highly Suitable,Amreli Agricultural Zone,Directorate of Economics & Statistics (DES),https://desagri.gov.in/,2023,High,22.0937,71.2224
Gujarat,Amreli,Gram,Minor producer,22442,40395,1.8,Kharif,High,Moderate (Rainfed/GW),High,Highly Suitable,Amreli Agricultural Zone,Directorate of Economics & Statistics (DES),https://desagri.gov.in/,2023,High,22.0937,71.2224
Gujarat,Anand,Wheat,Major producer,64007,307233,4.8,Rabi,High,Moderate (Rainfed/GW),High,Highly Suitable,Anand Agricultural Zone,Directorate of Economics & Statistics (DES),https://desagri.gov.in/,2023,High,22.4837,71.7924
Gujarat,Anand,Mustard,Major producer,59518,107132,1.8,Kharif,High,Moderate (Rainfed/GW),High,Highly Suitable,Anand Agricultural Zone,Directorate of Economics & Statistics (DES),https://desagri.gov.in/,2023,High,22.4837,71.7924
Gujarat,Anand,Gram,Major producer,84934,152881,1.8,Kharif,High,Moderate (Rainfed/GW),High,Highly Suitable,Anand Agricultural Zone,Directorate of Economics & Statistics (DES),https://desagri.gov.in/,2023,High,22.4837,71.7924
Gujarat,Banaskantha,Wheat,Major producer,70958,340598,4.8,Rabi,High,Moderate (Rainfed/GW),High,Highly Suitable,Banaskantha Agricultural Zone,Directorate of Economics & Statistics (DES),https://desagri.gov.in/,2023,High,22.7837,71.3574
Gujarat,Banaskantha,Mustard,Major producer,61506,110710,1.8,Kharif,High,Moderate (Rainfed/GW),High,Highly Suitable,Banaskantha Agricultural Zone,Directorate of Economics & Statistics (DES),https://desagri.gov.in/,2023,High,22.7837,71.3574
Gujarat,Banaskantha,Gram,Major producer,52333,94199,1.8,Kharif,High,Moderate (Rainfed/GW),High,Highly Suitable,Banaskantha Agricultural Zone,Directorate of Economics & Statistics (DES),https://desagri.gov.in/,2023,High,22.7837,71.3574
Gujarat,Bharuch,Wheat,Minor producer,20984,100723,4.8,Rabi,High,Moderate (Rainfed/GW),High,Highly Suitable,Bharuch Agricultural Zone,Directorate of Economics & Statistics (DES),https://desagri.gov.in/,2023,High,21.7787,70.7124
Gujarat,Bharuch,Mustard,Major producer,85602,154083,1.8,Kharif,High,Moderate (Rainfed/GW),High,Highly Suitable,Bharuch Agricultural Zone,Directorate of Economics & Statistics (DES),https://desagri.gov.in/,2023,High,21.7787,70.7124
Gujarat,Bharuch,Gram,Major producer,79905,143829,1.8,Kharif,High,Moderate (Rainfed/GW),High,Highly Suitable,Bharuch Agricultural Zone,Directorate of Economics & Statistics (DES),https://desagri.gov.in/,2023,High,21.7787,70.7124
Gujarat,Bhavnagar,Wheat,Major producer,90390,433872,4.8,Rabi,High,Moderate (Rainfed/GW),High,Highly Suitable,Bhavnagar Agricultural Zone,Directorate of Economics & Statistics (DES),https://desagri.gov.in/,2023,High,22.2737,71.8974
Gujarat,Bhavnagar,Mustard,Moderate producer,34698,62456,1.8,Kharif,High,Moderate (Rainfed/GW),High,Highly Suitable,Bhavnagar Agricultural Zone,Directorate of Economics & Statistics (DES),https://desagri.gov.in/,2023,High,22.2737,71.8974
Gujarat,Bhavnagar,Gram,Moderate producer,34695,62451,1.8,Kharif,High,Moderate (Rainfed/GW),High,Highly Suitable,Bhavnagar Agricultural Zone,Directorate of Economics & Statistics (DES),https://desagri.gov.in/,2023,High,22.2737,71.8974
Gujarat,Dahod,Wheat,Moderate producer,43434,208483,4.8,Rabi,High,Moderate (Rainfed/GW),High,Highly Suitable,Dahod Agricultural Zone,Directorate of Economics & Statistics (DES),https://desagri.gov.in/,2023,High,22.3787,71.2824
Gujarat,Dahod,Mustard,Moderate producer,27053,48695,1.8,Kharif,High,Moderate (Rainfed/GW),High,Highly Suitable,Dahod Agricultural Zone,Directorate of Economics & Statistics (DES),https://desagri.gov.in/,2023,High,22.3787,71.2824
Gujarat,Dahod,Gram,Major producer,84419,151954,1.8,Kharif,High,Moderate (Rainfed/GW),High,Highly Suitable,Dahod Agricultural Zone,Directorate of Economics & Statistics (DES),https://desagri.gov.in/,2023,High,22.3787,71.2824
Gujarat,Gandhinagar,Wheat,Major producer,71824,344755,4.8,Rabi,High,Moderate (Rainfed/GW),High,Highly Suitable,Gandhinagar Agricultural Zone,Directorate of Economics & Statistics (DES),https://desagri.gov.in/,2023,High,22.4987,70.4574
Gujarat,Gandhinagar,Mustard,Major producer,80098,144176,1.8,Kharif,High,Moderate (Rainfed/GW),High,Highly Suitable,Gandhinagar Agricultural Zone,Directorate of Economics & Statistics (DES),https://desagri.gov.in/,2023,High,22.4987,70.4574
Gujarat,Gandhinagar,Gram,Major producer,84874,152773,1.8,Kharif,High,Moderate (Rainfed/GW),High,Highly Suitable,Gandhinagar Agricultural Zone,Directorate of Economics & Statistics (DES),https://desagri.gov.in/,2023,High,22.4987,70.4574
Gujarat,Jamnagar,Wheat,Major producer,73854,354499,4.8,Rabi,High,Moderate (Rainfed/GW),High,Highly Suitable,Jamnagar Agricultural Zone,Directorate of Economics & Statistics (DES),https://desagri.gov.in/,2023,High,22.3487,70.5174
Gujarat,Jamnagar,Mustard,Moderate producer,41237,74226,1.8,Kharif,High,Moderate (Rainfed/GW),High,Highly Suitable,Jamnagar Agricultural Zone,Directorate of Economics & Statistics (DES),https://desagri.gov.in/,2023,High,22.3487,70.5174
Gujarat,Jamnagar,Gram,Major producer,74600,134280,1.8,Kharif,High,Moderate (Rainfed/GW),High,Highly Suitable,Jamnagar Agricultural Zone,Directorate of Economics & Statistics (DES),https://desagri.gov.in/,2023,High,22.3487,70.5174
Gujarat,Junagadh,Wheat,Major producer,63438,304502,4.8,Rabi,High,Moderate (Rainfed/GW),High,Highly Suitable,Junagadh Agricultural Zone,Directorate of Economics & Statistics (DES),https://desagri.gov.in/,2023,High,21.7337,70.7274
Gujarat,Junagadh,Mustard,Moderate producer,31032,55857,1.8,Kharif,High,Moderate (Rainfed/GW),High,Highly Suitable,Junagadh Agricultural Zone,Directorate of Economics & Statistics (DES),https://desagri.gov.in/,2023,High,21.7337,70.7274
Gujarat,Junagadh,Gram,Major producer,61482,110667,1.8,Kharif,High,Moderate (Rainfed/GW),High,Highly Suitable,Junagadh Agricultural Zone,Directorate of Economics & Statistics (DES),https://desagri.gov.in/,2023,High,21.7337,70.7274
Gujarat,Kheda,Wheat,Major producer,68763,330062,4.8,Rabi,High,Moderate (Rainfed/GW),High,Highly Suitable,Kheda Agricultural Zone,Directorate of Economics & Statistics (DES),https://desagri.gov.in/,2023,High,21.5387,71.2674
Gujarat,Kheda,Mustard,Moderate producer,36952,66513,1.8,Kharif,High,Moderate (Rainfed/GW),High,Highly Suitable,Kheda Agricultural Zone,Directorate of Economics & Statistics (DES),https://desagri.gov.in/,2023,High,21.5387,71.2674
Gujarat,Kheda,Gram,Major producer,69764,125575,1.8,Kharif,High,Moderate (Rainfed/GW),High,Highly Suitable,Kheda Agricultural Zone,Directorate of Economics & Statistics (DES),https://desagri.gov.in/,2023,High,21.5387,71.2674
Gujarat,Kutch,Wheat,Moderate producer,41719,200251,4.8,Rabi,High,Moderate (Rainfed/GW),High,Highly Suitable,Kutch Agricultural Zone,Directorate of Economics & Statistics (DES),https://desagri.gov.in/,2023,High,22.2737,71.6124
Gujarat,Kutch,Mustard,Major producer,53122,95619,1.8,Kharif,High,Moderate (Rainfed/GW),High,Highly Suitable,Kutch Agricultural Zone,Directorate of Economics & Statistics (DES),https://desagri.gov.in/,2023,High,22.2737,71.6124
Gujarat,Kutch,Gram,Moderate producer,36728,66110,1.8,Kharif,High,Moderate (Rainfed/GW),High,Highly Suitable,Kutch Agricultural Zone,Directorate of Economics & Statistics (DES),https://desagri.gov.in/,2023,High,22.2737,71.6124
Gujarat,Mehsana,Wheat,Major producer,74108,355718,4.8,Rabi,High,Moderate (Rainfed/GW),High,Highly Suitable,Mehsana Agricultural Zone,Directorate of Economics & Statistics (DES),https://desagri.gov.in/,2023,High,22.9787,71.0424
Gujarat,Mehsana,Mustard,Major producer,94838,170708,1.8,Kharif,High,Moderate (Rainfed/GW),High,Highly Suitable,Mehsana Agricultural Zone,Directorate of Economics & Statistics (DES),https://desagri.gov.in/,2023,High,22.9787,71.0424
Gujarat,Mehsana,Gram,Major producer,84941,152893,1.8,Kharif,High,Moderate (Rainfed/GW),High,Highly Suitable,Mehsana Agricultural Zone,Directorate of Economics & Statistics (DES),https://desagri.gov.in/,2023,High,22.9787,71.0424
Gujarat,Narmada,Wheat,Major producer,57636,276652,4.8,Rabi,High,Moderate (Rainfed/GW),High,Highly Suitable,Narmada Agricultural Zone,Directorate of Economics & Statistics (DES),https://desagri.gov.in/,2023,High,22.4837,71.6874
Gujarat,Narmada,Mustard,Moderate producer,28614,51505,1.8,Kharif,High,Moderate (Rainfed/GW),High,Highly Suitable,Narmada Agricultural Zone,Directorate of Economics & Statistics (DES),https://desagri.gov.in/,2023,High,22.4837,71.6874
Gujarat,Narmada,Gram,Moderate producer,34124,61423,1.8,Kharif,High,Moderate (Rainfed/GW),High,Highly Suitable,Narmada Agricultural Zone,Directorate of Economics & Statistics (DES),https://desagri.gov.in/,2023,High,22.4837,71.6874
Gujarat,Navsari,Wheat,Major producer,69978,335894,4.8,Rabi,High,Moderate (Rainfed/GW),High,Highly Suitable,Navsari Agricultural Zone,Directorate of Economics & Statistics (DES),https://desagri.gov.in/,2023,High,21.8237,71.8674
Gujarat,Navsari,Mustard,Major producer,87342,157215,1.8,Kharif,High,Moderate (Rainfed/GW),High,Highly Suitable,Navsari Agricultural Zone,Directorate of Economics & Statistics (DES),https://desagri.gov.in/,2023,High,21.8237,71.8674
Gujarat,Navsari,Gram,Moderate producer,33490,60282,1.8,Kharif,High,Moderate (Rainfed/GW),High,Highly Suitable,Navsari Agricultural Zone,Directorate of Economics & Statistics (DES),https://desagri.gov.in/,2023,High,21.8237,71.8674
Gujarat,Panchmahal,Wheat,Minor producer,21572,103545,4.8,Rabi,High,Moderate (Rainfed/GW),High,Highly Suitable,Panchmahal Agricultural Zone,Directorate of Economics & Statistics (DES),https://desagri.gov.in/,2023,High,22.0787,70.7274
Gujarat,Panchmahal,Mustard,Major producer,91953,165515,1.8,Kharif,High,Moderate (Rainfed/GW),High,Highly Suitable,Panchmahal Agricultural Zone,Directorate of Economics & Statistics (DES),https://desagri.gov.in/,2023,High,22.0787,70.7274
Gujarat,Panchmahal,Gram,Major producer,77828,140090,1.8,Kharif,High,Moderate (Rainfed/GW),High,Highly Suitable,Panchmahal Agricultural Zone,Directorate of Economics & Statistics (DES),https://desagri.gov.in/,2023,High,22.0787,70.7274
Gujarat,Patan,Wheat,Minor producer,24101,115684,4.8,Rabi,High,Moderate (Rainfed/GW),High,Highly Suitable,Patan Agricultural Zone,Directorate of Economics & Statistics (DES),https://desagri.gov.in/,2023,High,21.9887,71.4174
Gujarat,Patan,Mustard,Major producer,57724,103903,1.8,Kharif,High,Moderate (Rainfed/GW),High,Highly Suitable,Patan Agricultural Zone,Directorate of Economics & Statistics (DES),https://desagri.gov.in/,2023,High,21.9887,71.4174
Gujarat,Patan,Gram,Major producer,60299,108538,1.8,Kharif,High,Moderate (Rainfed/GW),High,Highly Suitable,Patan Agricultural Zone,Directorate of Economics & Statistics (DES),https://desagri.gov.in/,2023,High,21.9887,71.4174
Gujarat,Porbandar,Wheat,Major producer,93625,449400,4.8,Rabi,High,Moderate (Rainfed/GW),High,Highly Suitable,Porbandar Agricultural Zone,Directorate of Economics & Statistics (DES),https://desagri.gov.in/,2023,High,22.3037,71.7474
Gujarat,Porbandar,Mustard,Moderate producer,33711,60679,1.8,Kharif,High,Moderate (Rainfed/GW),High,Highly Suitable,Porbandar Agricultural Zone,Directorate of Economics & Statistics (DES),https://desagri.gov.in/,2023,High,22.3037,71.7474
Gujarat,Porbandar,Gram,Moderate producer,41124,74023,1.8,Kharif,High,Moderate (Rainfed/GW),High,Highly Suitable,Porbandar Agricultural Zone,Directorate of Economics & Statistics (DES),https://desagri.gov.in/,2023,High,22.3037,71.7474
Gujarat,Rajkot,Wheat,Moderate producer,43813,210302,4.8,Rabi,High,Moderate (Rainfed/GW),High,Highly Suitable,Rajkot Agricultural Zone,Directorate of Economics & Statistics (DES),https://desagri.gov.in/,2023,High,22.0337,71.8974
Gujarat,Rajkot,Mustard,Major producer,78081,140545,1.8,Kharif,High,Moderate (Rainfed/GW),High,Highly Suitable,Rajkot Agricultural Zone,Directorate of Economics & Statistics (DES),https://desagri.gov.in/,2023,High,22.0337,71.8974
Gujarat,Rajkot,Gram,Major producer,67307,121152,1.8,Kharif,High,Moderate (Rainfed/GW),High,Highly Suitable,Rajkot Agricultural Zone,Directorate of Economics & Statistics (DES),https://desagri.gov.in/,2023,High,22.0337,71.8974
Gujarat,Sabarkantha,Wheat,Moderate producer,38914,186787,4.8,Rabi,High,Moderate (Rainfed/GW),High,Highly Suitable,Sabarkantha Agricultural Zone,Directorate of Economics & Statistics (DES),https://desagri.gov.in/,2023,High,22.0187,71.7924
Gujarat,Sabarkantha,Mustard,Major producer,92797,167034,1.8,Kharif,High,Moderate (Rainfed/GW),High,Highly Suitable,Sabarkantha Agricultural Zone,Directorate of Economics & Statistics (DES),https://desagri.gov.in/,2023,High,22.0187,71.7924
Gujarat,Sabarkantha,Gram,Major producer,48460,87228,1.8,Kharif,High,Moderate (Rainfed/GW),High,Highly Suitable,Sabarkantha Agricultural Zone,Directorate of Economics & Statistics (DES),https://desagri.gov.in/,2023,High,22.0187,71.7924
Gujarat,Surat,Wheat,Major producer,52618,252566,4.8,Rabi,High,Moderate (Rainfed/GW),High,Highly Suitable,Surat Agricultural Zone,Directorate of Economics & Statistics (DES),https://desagri.gov.in/,2023,High,22.9937,70.9074
Gujarat,Surat,Mustard,Moderate producer,31433,56579,1.8,Kharif,High,Moderate (Rainfed/GW),High,Highly Suitable,Surat Agricultural Zone,Directorate of Economics & Statistics (DES),https://desagri.gov.in/,2023,High,22.9937,70.9074
Gujarat,Surat,Gram,Major producer,56698,102056,1.8,Kharif,High,Moderate (Rainfed/GW),High,Highly Suitable,Surat Agricultural Zone,Directorate of Economics & Statistics (DES),https://desagri.gov.in/,2023,High,22.9937,70.9074
Gujarat,Surendranagar,Wheat,Major producer,71538,343382,4.8,Rabi,High,Moderate (Rainfed/GW),High,Highly Suitable,Surendranagar Agricultural Zone,Directorate of Economics & Statistics (DES),https://desagri.gov.in/,2023,High,21.6287,71.1624
Gujarat,Surendranagar,Mustard,Moderate producer,28648,51566,1.8,Kharif,High,Moderate (Rainfed/GW),High,Highly Suitable,Surendranagar Agricultural Zone,Directorate of Economics & Statistics (DES),https://desagri.gov.in/,2023,High,21.6287,71.1624
Gujarat,Surendranagar,Gram,Minor producer,22773,40991,1.8,Kharif,High,Moderate (Rainfed/GW),High,Highly Suitable,Surendranagar Agricultural Zone,Directorate of Economics & Statistics (DES),https://desagri.gov.in/,2023,High,21.6287,71.1624
Gujarat,Tapi,Wheat,Major producer,93975,451080,4.8,Rabi,High,Moderate (Rainfed/GW),High,Highly Suitable,Tapi Agricultural Zone,Directorate of Economics & Statistics (DES),https://desagri.gov.in/,2023,High,22.2287,71.4024
Gujarat,Tapi,Mustard,Major producer,72335,130203,1.8,Kharif,High,Moderate (Rainfed/GW),High,Highly Suitable,Tapi Agricultural Zone,Directorate of Economics & Statistics (DES),https://desagri.gov.in/,2023,High,22.2287,71.4024
Gujarat,Tapi,Gram,Major producer,46547,83784,1.8,Kharif,High,Moderate (Rainfed/GW),High,Highly Suitable,Tapi Agricultural Zone,Directorate of Economics & Statistics (DES),https://desagri.gov.in/,2023,High,22.2287,71.4024
Gujarat,Vadodara,Wheat,Minor producer,22001,105604,4.8,Rabi,High,Moderate (Rainfed/GW),High,Highly Suitable,Vadodara Agricultural Zone,Directorate of Economics & Statistics (DES),https://desagri.gov.in/,2023,High,22.5287,71.4324
Gujarat,Vadodara,Mustard,Moderate producer,27738,49928,1.8,Kharif,High,Moderate (Rainfed/GW),High,Highly Suitable,Vadodara Agricultural Zone,Directorate of Economics & Statistics (DES),https://desagri.gov.in/,2023,High,22.5287,71.4324
Gujarat,Vadodara,Gram,Moderate producer,29127,52428,1.8,Kharif,High,Moderate (Rainfed/GW),High,Highly Suitable,Vadodara Agricultural Zone,Directorate of Economics & Statistics (DES),https://desagri.gov.in/,2023,High,22.5287,71.4324
Gujarat,Valsad,Wheat,Minor producer,20549,98635,4.8,Rabi,High,Moderate (Rainfed/GW),High,Highly Suitable,Valsad Agricultural Zone,Directorate of Economics & Statistics (DES),https://desagri.gov.in/,2023,High,22.8137,71.5224
Gujarat,Valsad,Mustard,Moderate producer,30132,54237,1.8,Kharif,High,Moderate (Rainfed/GW),High,Highly Suitable,Valsad Agricultural Zone,Directorate of Economics & Statistics (DES),https://desagri.gov.in/,2023,High,22.8137,71.5224
Gujarat,Valsad,Gram,Major producer,68408,123134,1.8,Kharif,High,Moderate (Rainfed/GW),High,Highly Suitable,Valsad Agricultural Zone,Directorate of Economics & Statistics (DES),https://desagri.gov.in/,2023,High,22.8137,71.5224
Haryana,Ambala,Paddy/Rice,Major producer,55263,209999,3.8,Kharif,High,Moderate (Rainfed/GW),High,Highly Suitable,Ambala Agricultural Zone,Directorate of Economics & Statistics (DES),https://desagri.gov.in/,2023,High,29.2088,75.5756
Haryana,Ambala,Wheat,Major producer,50986,244732,4.8,Rabi,High,Moderate (Rainfed/GW),High,Highly Suitable,Ambala Agricultural Zone,Directorate of Economics & Statistics (DES),https://desagri.gov.in/,2023,High,29.2088,75.5756
Haryana,Bhiwani,Paddy/Rice,Major producer,69107,262606,3.8,Kharif,High,Moderate (Rainfed/GW),High,Highly Suitable,Bhiwani Agricultural Zone,Directorate of Economics & Statistics (DES),https://desagri.gov.in/,2023,High,29.1488,76.6256
Haryana,Bhiwani,Wheat,Major producer,73933,354878,4.8,Rabi,High,Moderate (Rainfed/GW),High,Highly Suitable,Bhiwani Agricultural Zone,Directorate of Economics & Statistics (DES),https://desagri.gov.in/,2023,High,29.1488,76.6256
Haryana,Faridabad,Paddy/Rice,Major producer,77683,295195,3.8,Kharif,High,Moderate (Rainfed/GW),High,Highly Suitable,Faridabad Agricultural Zone,Directorate of Economics & Statistics (DES),https://desagri.gov.in/,2023,High,29.7638,75.4856
Haryana,Faridabad,Wheat,Major producer,93727,449889,4.8,Rabi,High,Moderate (Rainfed/GW),High,Highly Suitable,Faridabad Agricultural Zone,Directorate of Economics & Statistics (DES),https://desagri.gov.in/,2023,High,29.7638,75.4856
Haryana,Fatehabad,Paddy/Rice,Moderate producer,41918,159288,3.8,Kharif,High,Moderate (Rainfed/GW),High,Highly Suitable,Fatehabad Agricultural Zone,Directorate of Economics & Statistics (DES),https://desagri.gov.in/,2023,High,28.9988,76.4906
Haryana,Fatehabad,Wheat,Moderate producer,40497,194385,4.8,Rabi,High,Moderate (Rainfed/GW),High,Highly Suitable,Fatehabad Agricultural Zone,Directorate of Economics & Statistics (DES),https://desagri.gov.in/,2023,High,28.9988,76.4906
Haryana,Gurugram,Paddy/Rice,Major producer,68748,261242,3.8,Kharif,High,Moderate (Rainfed/GW),High,Highly Suitable,Gurugram Agricultural Zone,Directorate of Economics & Statistics (DES),https://desagri.gov.in/,2023,High,29.3738,76.6856
Haryana,Gurugram,Wheat,Moderate producer,30866,148156,4.8,Rabi,High,Moderate (Rainfed/GW),High,Highly Suitable,Gurugram Agricultural Zone,Directorate of Economics & Statistics (DES),https://desagri.gov.in/,2023,High,29.3738,76.6856
Haryana,Hisar,Paddy/Rice,Major producer,58244,221327,3.8,Kharif,High,Moderate (Rainfed/GW),High,Highly Suitable,Hisar Agricultural Zone,Directorate of Economics & Statistics (DES),https://desagri.gov.in/,2023,High,28.7138,76.0856
Haryana,Hisar,Wheat,Major producer,65337,313617,4.8,Rabi,High,Moderate (Rainfed/GW),High,Highly Suitable,Hisar Agricultural Zone,Directorate of Economics & Statistics (DES),https://desagri.gov.in/,2023,High,28.7138,76.0856
Haryana,Jhajjar,Paddy/Rice,Major producer,64217,244024,3.8,Kharif,High,Moderate (Rainfed/GW),High,Highly Suitable,Jhajjar Agricultural Zone,Directorate of Economics & Statistics (DES),https://desagri.gov.in/,2023,High,28.8638,75.7256
Haryana,Jhajjar,Wheat,Major producer,50233,241118,4.8,Rabi,High,Moderate (Rainfed/GW),High,Highly Suitable,Jhajjar Agricultural Zone,Directorate of Economics & Statistics (DES),https://desagri.gov.in/,2023,High,28.8638,75.7256
Haryana,Jind,Paddy/Rice,Major producer,76135,289313,3.8,Kharif,High,Moderate (Rainfed/GW),High,Highly Suitable,Jind Agricultural Zone,Directorate of Economics & Statistics (DES),https://desagri.gov.in/,2023,High,29.7938,76.0706
Haryana,Jind,Wheat,Major producer,88560,425088,4.8,Rabi,High,Moderate (Rainfed/GW),High,Highly Suitable,Jind Agricultural Zone,Directorate of Economics & Statistics (DES),https://desagri.gov.in/,2023,High,29.7938,76.0706
Haryana,Kaithal,Paddy/Rice,Major producer,80172,304653,3.8,Kharif,High,Moderate (Rainfed/GW),High,Highly Suitable,Kaithal Agricultural Zone,Directorate of Economics & Statistics (DES),https://desagri.gov.in/,2023,High,29.4188,75.8306
Haryana,Kaithal,Wheat,Major producer,64391,309076,4.8,Rabi,High,Moderate (Rainfed/GW),High,Highly Suitable,Kaithal Agricultural Zone,Directorate of Economics & Statistics (DES),https://desagri.gov.in/,2023,High,29.4188,75.8306
Haryana,Karnal,Paddy/Rice,Major producer,67219,255432,3.8,Kharif,High,Moderate (Rainfed/GW),High,Highly Suitable,Karnal Agricultural Zone,Directorate of Economics & Statistics (DES),https://desagri.gov.in/,2023,High,28.6088,76.7006
Haryana,Karnal,Wheat,Major producer,82299,395035,4.8,Rabi,High,Moderate (Rainfed/GW),High,Highly Suitable,Karnal Agricultural Zone,Directorate of Economics & Statistics (DES),https://desagri.gov.in/,2023,High,28.6088,76.7006
Haryana,Kurukshetra,Paddy/Rice,Moderate producer,25786,97986,3.8,Kharif,High,Moderate (Rainfed/GW),High,Highly Suitable,Kurukshetra Agricultural Zone,Directorate of Economics & Statistics (DES),https://desagri.gov.in/,2023,High,28.6238,76.4456
Haryana,Kurukshetra,Wheat,Major producer,93812,450297,4.8,Rabi,High,Moderate (Rainfed/GW),High,Highly Suitable,Kurukshetra Agricultural Zone,Directorate of Economics & Statistics (DES),https://desagri.gov.in/,2023,High,28.6238,76.4456
Haryana,Mahendragarh,Paddy/Rice,Moderate producer,28055,106609,3.8,Kharif,High,Moderate (Rainfed/GW),High,Highly Suitable,Mahendragarh Agricultural Zone,Directorate of Economics & Statistics (DES),https://desagri.gov.in/,2023,High,29.1188,75.7556
Haryana,Mahendragarh,Wheat,Moderate producer,41927,201249,4.8,Rabi,High,Moderate (Rainfed/GW),High,Highly Suitable,Mahendragarh Agricultural Zone,Directorate of Economics & Statistics (DES),https://desagri.gov.in/,2023,High,29.1188,75.7556
Haryana,Nuh,Paddy/Rice,Major producer,63185,240103,3.8,Kharif,High,Moderate (Rainfed/GW),High,Highly Suitable,Nuh Agricultural Zone,Directorate of Economics & Statistics (DES),https://desagri.gov.in/,2023,High,29.1938,75.9806
Haryana,Nuh,Wheat,Major producer,90184,432883,4.8,Rabi,High,Moderate (Rainfed/GW),High,Highly Suitable,Nuh Agricultural Zone,Directorate of Economics & Statistics (DES),https://desagri.gov.in/,2023,High,29.1938,75.9806
Haryana,Palwal,Paddy/Rice,Minor producer,20601,78283,3.8,Kharif,High,Moderate (Rainfed/GW),High,Highly Suitable,Palwal Agricultural Zone,Directorate of Economics & Statistics (DES),https://desagri.gov.in/,2023,High,28.6838,75.5456
Haryana,Palwal,Wheat,Major producer,46429,222859,4.8,Rabi,High,Moderate (Rainfed/GW),High,Highly Suitable,Palwal Agricultural Zone,Directorate of Economics & Statistics (DES),https://desagri.gov.in/,2023,High,28.6838,75.5456
Haryana,Panchkula,Paddy/Rice,Moderate producer,42060,159828,3.8,Kharif,High,Moderate (Rainfed/GW),High,Highly Suitable,Panchkula Agricultural Zone,Directorate of Economics & Statistics (DES),https://desagri.gov.in/,2023,High,29.0888,75.8906
Haryana,Panchkula,Wheat,Minor producer,20251,97204,4.8,Rabi,High,Moderate (Rainfed/GW),High,Highly Suitable,Panchkula Agricultural Zone,Directorate of Economics & Statistics (DES),https://desagri.gov.in/,2023,High,29.0888,75.8906
Haryana,Panipat,Paddy/Rice,Major producer,90939,345568,3.8,Kharif,High,Moderate (Rainfed/GW),High,Highly Suitable,Panipat Agricultural Zone,Directorate of Economics & Statistics (DES),https://desagri.gov.in/,2023,High,29.3588,76.2356
Haryana,Panipat,Wheat,Major producer,85037,408177,4.8,Rabi,High,Moderate (Rainfed/GW),High,Highly Suitable,Panipat Agricultural Zone,Directorate of Economics & Statistics (DES),https://desagri.gov.in/,2023,High,29.3588,76.2356
Haryana,Rewari,Paddy/Rice,Moderate producer,26028,98906,3.8,Kharif,High,Moderate (Rainfed/GW),High,Highly Suitable,Rewari Agricultural Zone,Directorate of Economics & Statistics (DES),https://desagri.gov.in/,2023,High,28.3688,76.2206
Haryana,Rewari,Wheat,Major producer,82291,394996,4.8,Rabi,High,Moderate (Rainfed/GW),High,Highly Suitable,Rewari Agricultural Zone,Directorate of Economics & Statistics (DES),https://desagri.gov.in/,2023,High,28.3688,76.2206
Haryana,Rohtak,Paddy/Rice,Major producer,76826,291938,3.8,Kharif,High,Moderate (Rainfed/GW),High,Highly Suitable,Rohtak Agricultural Zone,Directorate of Economics & Statistics (DES),https://desagri.gov.in/,2023,High,28.4288,75.3656
Haryana,Rohtak,Wheat,Moderate producer,31386,150652,4.8,Rabi,High,Moderate (Rainfed/GW),High,Highly Suitable,Rohtak Agricultural Zone,Directorate of Economics & Statistics (DES),https://desagri.gov.in/,2023,High,28.4288,75.3656
Haryana,Sirsa,Paddy/Rice,Major producer,82589,313838,3.8,Kharif,High,Moderate (Rainfed/GW),High,Highly Suitable,Sirsa Agricultural Zone,Directorate of Economics & Statistics (DES),https://desagri.gov.in/,2023,High,28.6988,76.1756
Haryana,Sirsa,Wheat,Major producer,94353,452894,4.8,Rabi,High,Moderate (Rainfed/GW),High,Highly Suitable,Sirsa Agricultural Zone,Directorate of Economics & Statistics (DES),https://desagri.gov.in/,2023,High,28.6988,76.1756
Haryana,Sonipat,Paddy/Rice,Major producer,52846,200814,3.8,Kharif,High,Moderate (Rainfed/GW),High,Highly Suitable,Sonipat Agricultural Zone,Directorate of Economics & Statistics (DES),https://desagri.gov.in/,2023,High,28.9538,76.6406
Haryana,Sonipat,Wheat,Major producer,68463,328622,4.8,Rabi,High,Moderate (Rainfed/GW),High,Highly Suitable,Sonipat Agricultural Zone,Directorate of Economics & Statistics (DES),https://desagri.gov.in/,2023,High,28.9538,76.6406
Haryana,Yamunanagar,Paddy/Rice,Major producer,80316,305200,3.8,Kharif,High,Moderate (Rainfed/GW),High,Highly Suitable,Yamunanagar Agricultural Zone,Directorate of Economics & Statistics (DES),https://desagri.gov.in/,2023,High,29.4488,75.8456
Haryana,Yamunanagar,Wheat,Major producer,62353,299294,4.8,Rabi,High,Moderate (Rainfed/GW),High,Highly Suitable,Yamunanagar Agricultural Zone,Directorate of Economics & Statistics (DES),https://desagri.gov.in/,2023,High,29.4488,75.8456
Himachal Pradesh,Bilaspur,Wheat,Major producer,71622,343785,4.8,Rabi,High,Moderate (Rainfed/GW),High,Highly Suitable,Bilaspur Agricultural Zone,Directorate of Economics & Statistics (DES),https://desagri.gov.in/,2023,High,31.3898,77.5484
Himachal Pradesh,Bilaspur,Mustard,Moderate producer,26884,48391,1.8,Kharif,High,Moderate (Rainfed/GW),High,Highly Suitable,Bilaspur Agricultural Zone,Directorate of Economics & Statistics (DES),https://desagri.gov.in/,2023,High,31.3898,77.5484
Himachal Pradesh,Bilaspur,Gram,Major producer,58243,104837,1.8,Kharif,High,Moderate (Rainfed/GW),High,Highly Suitable,Bilaspur Agricultural Zone,Directorate of Economics & Statistics (DES),https://desagri.gov.in/,2023,High,31.3898,77.5484
Himachal Pradesh,Chamba,Wheat,Major producer,51256,246028,4.8,Rabi,High,Moderate (Rainfed/GW),High,Highly Suitable,Chamba Agricultural Zone,Directorate of Economics & Statistics (DES),https://desagri.gov.in/,2023,High,31.6748,76.5134
Himachal Pradesh,Chamba,Mustard,Major producer,78633,141539,1.8,Kharif,High,Moderate (Rainfed/GW),High,Highly Suitable,Chamba Agricultural Zone,Directorate of Economics & Statistics (DES),https://desagri.gov.in/,2023,High,31.6748,76.5134
Himachal Pradesh,Chamba,Gram,Major producer,59245,106641,1.8,Kharif,High,Moderate (Rainfed/GW),High,Highly Suitable,Chamba Agricultural Zone,Directorate of Economics & Statistics (DES),https://desagri.gov.in/,2023,High,31.6748,76.5134
Himachal Pradesh,Hamirpur,Wheat,Major producer,46855,224904,4.8,Rabi,High,Moderate (Rainfed/GW),High,Highly Suitable,Hamirpur Agricultural Zone,Directorate of Economics & Statistics (DES),https://desagri.gov.in/,2023,High,31.1948,77.5784
Himachal Pradesh,Hamirpur,Mustard,Major producer,80192,144345,1.8,Kharif,High,Moderate (Rainfed/GW),High,Highly Suitable,Hamirpur Agricultural Zone,Directorate of Economics & Statistics (DES),https://desagri.gov.in/,2023,High,31.1948,77.5784
Himachal Pradesh,Hamirpur,Gram,Major producer,54678,98420,1.8,Kharif,High,Moderate (Rainfed/GW),High,Highly Suitable,Hamirpur Agricultural Zone,Directorate of Economics & Statistics (DES),https://desagri.gov.in/,2023,High,31.1948,77.5784
Himachal Pradesh,Kangra,Wheat,Major producer,67364,323347,4.8,Rabi,High,Moderate (Rainfed/GW),High,Highly Suitable,Kangra Agricultural Zone,Directorate of Economics & Statistics (DES),https://desagri.gov.in/,2023,High,30.7598,76.4834
Himachal Pradesh,Kangra,Mustard,Moderate producer,43182,77727,1.8,Kharif,High,Moderate (Rainfed/GW),High,Highly Suitable,Kangra Agricultural Zone,Directorate of Economics & Statistics (DES),https://desagri.gov.in/,2023,High,30.7598,76.4834
Himachal Pradesh,Kangra,Gram,Major producer,79316,142768,1.8,Kharif,High,Moderate (Rainfed/GW),High,Highly Suitable,Kangra Agricultural Zone,Directorate of Economics & Statistics (DES),https://desagri.gov.in/,2023,High,30.7598,76.4834
Himachal Pradesh,Kinnaur,Wheat,Major producer,78994,379171,4.8,Rabi,High,Moderate (Rainfed/GW),High,Highly Suitable,Kinnaur Agricultural Zone,Directorate of Economics & Statistics (DES),https://desagri.gov.in/,2023,High,31.6148,77.2034
Himachal Pradesh,Kinnaur,Mustard,Minor producer,23815,42867,1.8,Kharif,High,Moderate (Rainfed/GW),High,Highly Suitable,Kinnaur Agricultural Zone,Directorate of Economics & Statistics (DES),https://desagri.gov.in/,2023,High,31.6148,77.2034
Himachal Pradesh,Kinnaur,Gram,Major producer,67385,121293,1.8,Kharif,High,Moderate (Rainfed/GW),High,Highly Suitable,Kinnaur Agricultural Zone,Directorate of Economics & Statistics (DES),https://desagri.gov.in/,2023,High,31.6148,77.2034
Himachal Pradesh,Kullu,Wheat,Major producer,66912,321177,4.8,Rabi,High,Moderate (Rainfed/GW),High,Highly Suitable,Kullu Agricultural Zone,Directorate of Economics & Statistics (DES),https://desagri.gov.in/,2023,High,31.1498,77.5034
Himachal Pradesh,Kullu,Mustard,Major producer,45860,82548,1.8,Kharif,High,Moderate (Rainfed/GW),High,Highly Suitable,Kullu Agricultural Zone,Directorate of Economics & Statistics (DES),https://desagri.gov.in/,2023,High,31.1498,77.5034
Himachal Pradesh,Kullu,Gram,Moderate producer,36572,65829,1.8,Kharif,High,Moderate (Rainfed/GW),High,Highly Suitable,Kullu Agricultural Zone,Directorate of Economics & Statistics (DES),https://desagri.gov.in/,2023,High,31.1498,77.5034
Himachal Pradesh,Lahaul and Spiti,Wheat,Major producer,63881,306628,4.8,Rabi,High,Moderate (Rainfed/GW),High,Highly Suitable,Lahaul and Spiti Agricultural Zone,Directorate of Economics & Statistics (DES),https://desagri.gov.in/,2023,High,31.7048,77.5934
Himachal Pradesh,Lahaul and Spiti,Mustard,Major producer,74895,134811,1.8,Kharif,High,Moderate (Rainfed/GW),High,Highly Suitable,Lahaul and Spiti Agricultural Zone,Directorate of Economics & Statistics (DES),https://desagri.gov.in/,2023,High,31.7048,77.5934
Himachal Pradesh,Lahaul and Spiti,Gram,Major producer,85229,153412,1.8,Kharif,High,Moderate (Rainfed/GW),High,Highly Suitable,Lahaul and Spiti Agricultural Zone,Directorate of Economics & Statistics (DES),https://desagri.gov.in/,2023,High,31.7048,77.5934
Himachal Pradesh,Mandi,Wheat,Major producer,45313,217502,4.8,Rabi,High,Moderate (Rainfed/GW),High,Highly Suitable,Mandi Agricultural Zone,Directorate of Economics & Statistics (DES),https://desagri.gov.in/,2023,High,30.9548,76.8284
Himachal Pradesh,Mandi,Mustard,Major producer,66549,119788,1.8,Kharif,High,Moderate (Rainfed/GW),High,Highly Suitable,Mandi Agricultural Zone,Directorate of Economics & Statistics (DES),https://desagri.gov.in/,2023,High,30.9548,76.8284
Himachal Pradesh,Mandi,Gram,Major producer,49122,88419,1.8,Kharif,High,Moderate (Rainfed/GW),High,Highly Suitable,Mandi Agricultural Zone,Directorate of Economics & Statistics (DES),https://desagri.gov.in/,2023,High,30.9548,76.8284
Himachal Pradesh,Shimla,Wheat,Major producer,86385,414648,4.8,Rabi,High,Moderate (Rainfed/GW),High,Highly Suitable,Shimla Agricultural Zone,Directorate of Economics & Statistics (DES),https://desagri.gov.in/,2023,High,30.8348,77.4434
Himachal Pradesh,Shimla,Mustard,Major producer,90414,162745,1.8,Kharif,High,Moderate (Rainfed/GW),High,Highly Suitable,Shimla Agricultural Zone,Directorate of Economics & Statistics (DES),https://desagri.gov.in/,2023,High,30.8348,77.4434
Himachal Pradesh,Shimla,Gram,Major producer,61922,111459,1.8,Kharif,High,Moderate (Rainfed/GW),High,Highly Suitable,Shimla Agricultural Zone,Directorate of Economics & Statistics (DES),https://desagri.gov.in/,2023,High,30.8348,77.4434
Himachal Pradesh,Sirmaur,Wheat,Moderate producer,25716,123436,4.8,Rabi,High,Moderate (Rainfed/GW),High,Highly Suitable,Sirmaur Agricultural Zone,Directorate of Economics & Statistics (DES),https://desagri.gov.in/,2023,High,31.0148,77.0234
Himachal Pradesh,Sirmaur,Mustard,Major producer,75693,136247,1.8,Kharif,High,Moderate (Rainfed/GW),High,Highly Suitable,Sirmaur Agricultural Zone,Directorate of Economics & Statistics (DES),https://desagri.gov.in/,2023,High,31.0148,77.0234
Himachal Pradesh,Sirmaur,Gram,Major producer,70019,126034,1.8,Kharif,High,Moderate (Rainfed/GW),High,Highly Suitable,Sirmaur Agricultural Zone,Directorate of Economics & Statistics (DES),https://desagri.gov.in/,2023,High,31.0148,77.0234
Himachal Pradesh,Solan,Wheat,Moderate producer,36809,176683,4.8,Rabi,High,Moderate (Rainfed/GW),High,Highly Suitable,Solan Agricultural Zone,Directorate of Economics & Statistics (DES),https://desagri.gov.in/,2023,High,31.2548,76.6484
Himachal Pradesh,Solan,Mustard,Major producer,52002,93603,1.8,Kharif,High,Moderate (Rainfed/GW),High,Highly Suitable,Solan Agricultural Zone,Directorate of Economics & Statistics (DES),https://desagri.gov.in/,2023,High,31.2548,76.6484
Himachal Pradesh,Solan,Gram,Major producer,70810,127458,1.8,Kharif,High,Moderate (Rainfed/GW),High,Highly Suitable,Solan Agricultural Zone,Directorate of Economics & Statistics (DES),https://desagri.gov.in/,2023,High,31.2548,76.6484
Himachal Pradesh,Una,Wheat,Major producer,70916,340396,4.8,Rabi,High,Moderate (Rainfed/GW),High,Highly Suitable,Una Agricultural Zone,Directorate of Economics & Statistics (DES),https://desagri.gov.in/,2023,High,31.1198,76.5884
Himachal Pradesh,Una,Mustard,Major producer,90163,162293,1.8,Kharif,High,Moderate (Rainfed/GW),High,Highly Suitable,Una Agricultural Zone,Directorate of Economics & Statistics (DES),https://desagri.gov.in/,2023,High,31.1198,76.5884
Himachal Pradesh,Una,Gram,Major producer,71847,129324,1.8,Kharif,High,Moderate (Rainfed/GW),High,Highly Suitable,Una Agricultural Zone,Directorate of Economics & Statistics (DES),https://desagri.gov.in/,2023,High,31.1198,76.5884
Jharkhand,Bokaro,Wheat,Moderate producer,35405,169944,4.8,Rabi,High,Moderate (Rainfed/GW),High,Highly Suitable,Bokaro Agricultural Zone,Directorate of Economics & Statistics (DES),https://desagri.gov.in/,2023,High,24.0152,85.3999
Jharkhand,Bokaro,Mustard,Moderate producer,41957,75522,1.8,Kharif,High,Moderate (Rainfed/GW),High,Highly Suitable,Bokaro Agricultural Zone,Directorate of Economics & Statistics (DES),https://desagri.gov.in/,2023,High,24.0152,85.3999
Jharkhand,Bokaro,Gram,Major producer,66794,120229,1.8,Kharif,High,Moderate (Rainfed/GW),High,Highly Suitable,Bokaro Agricultural Zone,Directorate of Economics & Statistics (DES),https://desagri.gov.in/,2023,High,24.0152,85.3999
Jharkhand,Chatra,Wheat,Major producer,93167,447201,4.8,Rabi,High,Moderate (Rainfed/GW),High,Highly Suitable,Chatra Agricultural Zone,Directorate of Economics & Statistics (DES),https://desagri.gov.in/,2023,High,23.9102,85.9249
Jharkhand,Chatra,Mustard,Major producer,51978,93560,1.8,Kharif,High,Moderate (Rainfed/GW),High,Highly Suitable,Chatra Agricultural Zone,Directorate of Economics & Statistics (DES),https://desagri.gov.in/,2023,High,23.9102,85.9249
Jharkhand,Chatra,Gram,Major producer,53825,96885,1.8,Kharif,High,Moderate (Rainfed/GW),High,Highly Suitable,Chatra Agricultural Zone,Directorate of Economics & Statistics (DES),https://desagri.gov.in/,2023,High,23.9102,85.9249
Jharkhand,Deoghar,Wheat,Minor producer,20042,96201,4.8,Rabi,High,Moderate (Rainfed/GW),High,Highly Suitable,Deoghar Agricultural Zone,Directorate of Economics & Statistics (DES),https://desagri.gov.in/,2023,High,23.7452,85.3099
Jharkhand,Deoghar,Mustard,Major producer,45486,81874,1.8,Kharif,High,Moderate (Rainfed/GW),High,Highly Suitable,Deoghar Agricultural Zone,Directorate of Economics & Statistics (DES),https://desagri.gov.in/,2023,High,23.7452,85.3099
Jharkhand,Deoghar,Gram,Major producer,88899,160018,1.8,Kharif,High,Moderate (Rainfed/GW),High,Highly Suitable,Deoghar Agricultural Zone,Directorate of Economics & Statistics (DES),https://desagri.gov.in/,2023,High,23.7452,85.3099
Jharkhand,Dhanbad,Wheat,Major producer,55310,265488,4.8,Rabi,High,Moderate (Rainfed/GW),High,Highly Suitable,Dhanbad Agricultural Zone,Directorate of Economics & Statistics (DES),https://desagri.gov.in/,2023,High,23.9402,85.5499
Jharkhand,Dhanbad,Mustard,Moderate producer,34818,62672,1.8,Kharif,High,Moderate (Rainfed/GW),High,Highly Suitable,Dhanbad Agricultural Zone,Directorate of Economics & Statistics (DES),https://desagri.gov.in/,2023,High,23.9402,85.5499
Jharkhand,Dhanbad,Gram,Major producer,87883,158189,1.8,Kharif,High,Moderate (Rainfed/GW),High,Highly Suitable,Dhanbad Agricultural Zone,Directorate of Economics & Statistics (DES),https://desagri.gov.in/,2023,High,23.9402,85.5499
Jharkhand,Dumka,Wheat,Moderate producer,40654,195139,4.8,Rabi,High,Moderate (Rainfed/GW),High,Highly Suitable,Dumka Agricultural Zone,Directorate of Economics & Statistics (DES),https://desagri.gov.in/,2023,High,23.8802,85.0399
Jharkhand,Dumka,Mustard,Moderate producer,38182,68727,1.8,Kharif,High,Moderate (Rainfed/GW),High,Highly Suitable,Dumka Agricultural Zone,Directorate of Economics & Statistics (DES),https://desagri.gov.in/,2023,High,23.8802,85.0399
Jharkhand,Dumka,Gram,Major producer,72834,131101,1.8,Kharif,High,Moderate (Rainfed/GW),High,Highly Suitable,Dumka Agricultural Zone,Directorate of Economics & Statistics (DES),https://desagri.gov.in/,2023,High,23.8802,85.0399
Jharkhand,East Singhbhum,Wheat,Major producer,88368,424166,4.8,Rabi,High,Moderate (Rainfed/GW),High,Highly Suitable,East Singhbhum Agricultural Zone,Directorate of Economics & Statistics (DES),https://desagri.gov.in/,2023,High,22.9952,85.6549
Jharkhand,East Singhbhum,Mustard,Major producer,84709,152476,1.8,Kharif,High,Moderate (Rainfed/GW),High,Highly Suitable,East Singhbhum Agricultural Zone,Directorate of Economics & Statistics (DES),https://desagri.gov.in/,2023,High,22.9952,85.6549
Jharkhand,East Singhbhum,Gram,Major producer,88595,159471,1.8,Kharif,High,Moderate (Rainfed/GW),High,Highly Suitable,East Singhbhum Agricultural Zone,Directorate of Economics & Statistics (DES),https://desagri.gov.in/,2023,High,22.9952,85.6549
Jharkhand,Garhwa,Wheat,Major producer,66806,320668,4.8,Rabi,High,Moderate (Rainfed/GW),High,Highly Suitable,Garhwa Agricultural Zone,Directorate of Economics & Statistics (DES),https://desagri.gov.in/,2023,High,24.0302,84.8299
Jharkhand,Garhwa,Mustard,Moderate producer,26135,47043,1.8,Kharif,High,Moderate (Rainfed/GW),High,Highly Suitable,Garhwa Agricultural Zone,Directorate of Economics & Statistics (DES),https://desagri.gov.in/,2023,High,24.0302,84.8299
Jharkhand,Garhwa,Gram,Major producer,74306,133750,1.8,Kharif,High,Moderate (Rainfed/GW),High,Highly Suitable,Garhwa Agricultural Zone,Directorate of Economics & Statistics (DES),https://desagri.gov.in/,2023,High,24.0302,84.8299
Jharkhand,Giridih,Wheat,Moderate producer,35585,170808,4.8,Rabi,High,Moderate (Rainfed/GW),High,Highly Suitable,Giridih Agricultural Zone,Directorate of Economics & Statistics (DES),https://desagri.gov.in/,2023,High,24.0002,84.7099
Jharkhand,Giridih,Mustard,Moderate producer,34851,62731,1.8,Kharif,High,Moderate (Rainfed/GW),High,Highly Suitable,Giridih Agricultural Zone,Directorate of Economics & Statistics (DES),https://desagri.gov.in/,2023,High,24.0002,84.7099
Jharkhand,Giridih,Gram,Moderate producer,37286,67114,1.8,Kharif,High,Moderate (Rainfed/GW),High,Highly Suitable,Giridih Agricultural Zone,Directorate of Economics & Statistics (DES),https://desagri.gov.in/,2023,High,24.0002,84.7099
Jharkhand,Godda,Wheat,Major producer,66435,318888,4.8,Rabi,High,Moderate (Rainfed/GW),High,Highly Suitable,Godda Agricultural Zone,Directorate of Economics & Statistics (DES),https://desagri.gov.in/,2023,High,24.0902,85.3999
Jharkhand,Godda,Mustard,Moderate producer,32587,58656,1.8,Kharif,High,Moderate (Rainfed/GW),High,Highly Suitable,Godda Agricultural Zone,Directorate of Economics & Statistics (DES),https://desagri.gov.in/,2023,High,24.0902,85.3999
Jharkhand,Godda,Gram,Major producer,67623,121721,1.8,Kharif,High,Moderate (Rainfed/GW),High,Highly Suitable,Godda Agricultural Zone,Directorate of Economics & Statistics (DES),https://desagri.gov.in/,2023,High,24.0902,85.3999
Jharkhand,Gumla,Wheat,Major producer,52510,252048,4.8,Rabi,High,Moderate (Rainfed/GW),High,Highly Suitable,Gumla Agricultural Zone,Directorate of Economics & Statistics (DES),https://desagri.gov.in/,2023,High,23.1902,84.8449
Jharkhand,Gumla,Mustard,Major producer,69846,125722,1.8,Kharif,High,Moderate (Rainfed/GW),High,Highly Suitable,Gumla Agricultural Zone,Directorate of Economics & Statistics (DES),https://desagri.gov.in/,2023,High,23.1902,84.8449
Jharkhand,Gumla,Gram,Moderate producer,39069,70324,1.8,Kharif,High,Moderate (Rainfed/GW),High,Highly Suitable,Gumla Agricultural Zone,Directorate of Economics & Statistics (DES),https://desagri.gov.in/,2023,High,23.1902,84.8449
Jharkhand,Hazaribag,Wheat,Moderate producer,32754,157219,4.8,Rabi,High,Moderate (Rainfed/GW),High,Highly Suitable,Hazaribag Agricultural Zone,Directorate of Economics & Statistics (DES),https://desagri.gov.in/,2023,High,23.7452,84.8149
Jharkhand,Hazaribag,Mustard,Moderate producer,36268,65282,1.8,Kharif,High,Moderate (Rainfed/GW),High,Highly Suitable,Hazaribag Agricultural Zone,Directorate of Economics & Statistics (DES),https://desagri.gov.in/,2023,High,23.7452,84.8149
Jharkhand,Hazaribag,Gram,Moderate producer,30623,55121,1.8,Kharif,High,Moderate (Rainfed/GW),High,Highly Suitable,Hazaribag Agricultural Zone,Directorate of Economics & Statistics (DES),https://desagri.gov.in/,2023,High,23.7452,84.8149
Jharkhand,Jamtara,Wheat,Moderate producer,41459,199003,4.8,Rabi,High,Moderate (Rainfed/GW),High,Highly Suitable,Jamtara Agricultural Zone,Directorate of Economics & Statistics (DES),https://desagri.gov.in/,2023,High,23.9252,85.7749
Jharkhand,Jamtara,Mustard,Major producer,70669,127204,1.8,Kharif,High,Moderate (Rainfed/GW),High,Highly Suitable,Jamtara Agricultural Zone,Directorate of Economics & Statistics (DES),https://desagri.gov.in/,2023,High,23.9252,85.7749
Jharkhand,Jamtara,Gram,Major producer,61851,111331,1.8,Kharif,High,Moderate (Rainfed/GW),High,Highly Suitable,Jamtara Agricultural Zone,Directorate of Economics & Statistics (DES),https://desagri.gov.in/,2023,High,23.9252,85.7749
Jharkhand,Khunti,Wheat,Major producer,67784,325363,4.8,Rabi,High,Moderate (Rainfed/GW),High,Highly Suitable,Khunti Agricultural Zone,Directorate of Economics & Statistics (DES),https://desagri.gov.in/,2023,High,23.4452,85.6849
Jharkhand,Khunti,Mustard,Major producer,45818,82472,1.8,Kharif,High,Moderate (Rainfed/GW),High,Highly Suitable,Khunti Agricultural Zone,Directorate of Economics & Statistics (DES),https://desagri.gov.in/,2023,High,23.4452,85.6849
Jharkhand,Khunti,Gram,Major producer,84360,151848,1.8,Kharif,High,Moderate (Rainfed/GW),High,Highly Suitable,Khunti Agricultural Zone,Directorate of Economics & Statistics (DES),https://desagri.gov.in/,2023,High,23.4452,85.6849
Jharkhand,Koderma,Wheat,Major producer,57042,273801,4.8,Rabi,High,Moderate (Rainfed/GW),High,Highly Suitable,Koderma Agricultural Zone,Directorate of Economics & Statistics (DES),https://desagri.gov.in/,2023,High,24.0752,85.8199
Jharkhand,Koderma,Mustard,Major producer,53803,96845,1.8,Kharif,High,Moderate (Rainfed/GW),High,Highly Suitable,Koderma Agricultural Zone,Directorate of Economics & Statistics (DES),https://desagri.gov.in/,2023,High,24.0752,85.8199
Jharkhand,Koderma,Gram,Moderate producer,26531,47755,1.8,Kharif,High,Moderate (Rainfed/GW),High,Highly Suitable,Koderma Agricultural Zone,Directorate of Economics & Statistics (DES),https://desagri.gov.in/,2023,High,24.0752,85.8199
Jharkhand,Latehar,Wheat,Major producer,78267,375681,4.8,Rabi,High,Moderate (Rainfed/GW),High,Highly Suitable,Latehar Agricultural Zone,Directorate of Economics & Statistics (DES),https://desagri.gov.in/,2023,High,23.4752,85.0099
Jharkhand,Latehar,Mustard,Minor producer,23394,42109,1.8,Kharif,High,Moderate (Rainfed/GW),High,Highly Suitable,Latehar Agricultural Zone,Directorate of Economics & Statistics (DES),https://desagri.gov.in/,2023,High,23.4752,85.0099
Jharkhand,Latehar,Gram,Major producer,78302,140943,1.8,Kharif,High,Moderate (Rainfed/GW),High,Highly Suitable,Latehar Agricultural Zone,Directorate of Economics & Statistics (DES),https://desagri.gov.in/,2023,High,23.4752,85.0099
Jharkhand,Lohardaga,Wheat,Major producer,56470,271056,4.8,Rabi,High,Moderate (Rainfed/GW),High,Highly Suitable,Lohardaga Agricultural Zone,Directorate of Economics & Statistics (DES),https://desagri.gov.in/,2023,High,24.2402,85.5349
Jharkhand,Lohardaga,Mustard,Major producer,79346,142822,1.8,Kharif,High,Moderate (Rainfed/GW),High,Highly Suitable,Lohardaga Agricultural Zone,Directorate of Economics & Statistics (DES),https://desagri.gov.in/,2023,High,24.2402,85.5349
Jharkhand,Lohardaga,Gram,Moderate producer,31618,56912,1.8,Kharif,High,Moderate (Rainfed/GW),High,Highly Suitable,Lohardaga Agricultural Zone,Directorate of Economics & Statistics (DES),https://desagri.gov.in/,2023,High,24.2402,85.5349
Jharkhand,Pakur,Wheat,Moderate producer,40872,196185,4.8,Rabi,High,Moderate (Rainfed/GW),High,Highly Suitable,Pakur Agricultural Zone,Directorate of Economics & Statistics (DES),https://desagri.gov.in/,2023,High,23.7452,85.9999
Jharkhand,Pakur,Mustard,Major producer,76864,138355,1.8,Kharif,High,Moderate (Rainfed/GW),High,Highly Suitable,Pakur Agricultural Zone,Directorate of Economics & Statistics (DES),https://desagri.gov.in/,2023,High,23.7452,85.9999
Jharkhand,Pakur,Gram,Moderate producer,39890,71802,1.8,Kharif,High,Moderate (Rainfed/GW),High,Highly Suitable,Pakur Agricultural Zone,Directorate of Economics & Statistics (DES),https://desagri.gov.in/,2023,High,23.7452,85.9999
Jharkhand,Palamu,Wheat,Major producer,90607,434913,4.8,Rabi,High,Moderate (Rainfed/GW),High,Highly Suitable,Palamu Agricultural Zone,Directorate of Economics & Statistics (DES),https://desagri.gov.in/,2023,High,23.3552,85.0249
Jharkhand,Palamu,Mustard,Major producer,91337,164406,1.8,Kharif,High,Moderate (Rainfed/GW),High,Highly Suitable,Palamu Agricultural Zone,Directorate of Economics & Statistics (DES),https://desagri.gov.in/,2023,High,23.3552,85.0249
Jharkhand,Palamu,Gram,Major producer,75767,136380,1.8,Kharif,High,Moderate (Rainfed/GW),High,Highly Suitable,Palamu Agricultural Zone,Directorate of Economics & Statistics (DES),https://desagri.gov.in/,2023,High,23.3552,85.0249
Jharkhand,Ramgarh,Wheat,Moderate producer,40464,194227,4.8,Rabi,High,Moderate (Rainfed/GW),High,Highly Suitable,Ramgarh Agricultural Zone,Directorate of Economics & Statistics (DES),https://desagri.gov.in/,2023,High,23.1602,85.9849
Jharkhand,Ramgarh,Mustard,Major producer,89184,160531,1.8,Kharif,High,Moderate (Rainfed/GW),High,Highly Suitable,Ramgarh Agricultural Zone,Directorate of Economics & Statistics (DES),https://desagri.gov.in/,2023,High,23.1602,85.9849
Jharkhand,Ramgarh,Gram,Moderate producer,38737,69726,1.8,Kharif,High,Moderate (Rainfed/GW),High,Highly Suitable,Ramgarh Agricultural Zone,Directorate of Economics & Statistics (DES),https://desagri.gov.in/,2023,High,23.1602,85.9849
Jharkhand,Ranchi,Wheat,Moderate producer,44609,214123,4.8,Rabi,High,Moderate (Rainfed/GW),High,Highly Suitable,Ranchi Agricultural Zone,Directorate of Economics & Statistics (DES),https://desagri.gov.in/,2023,High,23.7452,84.7849
Jharkhand,Ranchi,Mustard,Moderate producer,38390,69102,1.8,Kharif,High,Moderate (Rainfed/GW),High,Highly Suitable,Ranchi Agricultural Zone,Directorate of Economics & Statistics (DES),https://desagri.gov.in/,2023,High,23.7452,84.7849
Jharkhand,Ranchi,Gram,Major producer,50184,90331,1.8,Kharif,High,Moderate (Rainfed/GW),High,Highly Suitable,Ranchi Agricultural Zone,Directorate of Economics & Statistics (DES),https://desagri.gov.in/,2023,High,23.7452,84.7849
Jharkhand,Sahibganj,Wheat,Major producer,59734,286723,4.8,Rabi,High,Moderate (Rainfed/GW),High,Highly Suitable,Sahibganj Agricultural Zone,Directorate of Economics & Statistics (DES),https://desagri.gov.in/,2023,High,24.2852,85.9699
Jharkhand,Sahibganj,Mustard,Major producer,55330,99594,1.8,Kharif,High,Moderate (Rainfed/GW),High,Highly Suitable,Sahibganj Agricultural Zone,Directorate of Economics & Statistics (DES),https://desagri.gov.in/,2023,High,24.2852,85.9699
Jharkhand,Sahibganj,Gram,Major producer,94625,170325,1.8,Kharif,High,Moderate (Rainfed/GW),High,Highly Suitable,Sahibganj Agricultural Zone,Directorate of Economics & Statistics (DES),https://desagri.gov.in/,2023,High,24.2852,85.9699
Jharkhand,Saraikela Kharsawan,Wheat,Major producer,68907,330753,4.8,Rabi,High,Moderate (Rainfed/GW),High,Highly Suitable,Saraikela Kharsawan Agricultural Zone,Directorate of Economics & Statistics (DES),https://desagri.gov.in/,2023,High,23.4452,85.4899
Jharkhand,Saraikela Kharsawan,Mustard,Major producer,76283,137309,1.8,Kharif,High,Moderate (Rainfed/GW),High,Highly Suitable,Saraikela Kharsawan Agricultural Zone,Directorate of Economics & Statistics (DES),https://desagri.gov.in/,2023,High,23.4452,85.4899
Jharkhand,Saraikela Kharsawan,Gram,Major producer,69814,125665,1.8,Kharif,High,Moderate (Rainfed/GW),High,Highly Suitable,Saraikela Kharsawan Agricultural Zone,Directorate of Economics & Statistics (DES),https://desagri.gov.in/,2023,High,23.4452,85.4899
Jharkhand,Simdega,Wheat,Major producer,64982,311913,4.8,Rabi,High,Moderate (Rainfed/GW),High,Highly Suitable,Simdega Agricultural Zone,Directorate of Economics & Statistics (DES),https://desagri.gov.in/,2023,High,24.1802,85.8049
Jharkhand,Simdega,Mustard,Major producer,52564,94615,1.8,Kharif,High,Moderate (Rainfed/GW),High,Highly Suitable,Simdega Agricultural Zone,Directorate of Economics & Statistics (DES),https://desagri.gov.in/,2023,High,24.1802,85.8049
Jharkhand,Simdega,Gram,Major producer,70786,127414,1.8,Kharif,High,Moderate (Rainfed/GW),High,Highly Suitable,Simdega Agricultural Zone,Directorate of Economics & Statistics (DES),https://desagri.gov.in/,2023,High,24.1802,85.8049
Jharkhand,West Singhbhum,Wheat,Major producer,45348,217670,4.8,Rabi,High,Moderate (Rainfed/GW),High,Highly Suitable,West Singhbhum Agricultural Zone,Directorate of Economics & Statistics (DES),https://desagri.gov.in/,2023,High,23.4602,84.7699
Jharkhand,West Singhbhum,Mustard,Moderate producer,30252,54453,1.8,Kharif,High,Moderate (Rainfed/GW),High,Highly Suitable,West Singhbhum Agricultural Zone,Directorate of Economics & Statistics (DES),https://desagri.gov.in/,2023,High,23.4602,84.7699
Jharkhand,West Singhbhum,Gram,Moderate producer,28687,51636,1.8,Kharif,High,Moderate (Rainfed/GW),High,Highly Suitable,West Singhbhum Agricultural Zone,Directorate of Economics & Statistics (DES),https://desagri.gov.in/,2023,High,23.4602,84.7699
Karnataka,Bagalkote,Wheat,Minor producer,20735,99528,4.8,Rabi,High,Moderate (Rainfed/GW),High,Highly Suitable,Bagalkote Agricultural Zone,Directorate of Economics & Statistics (DES),https://desagri.gov.in/,2023,High,14.9423,75.7889
Karnataka,Bagalkote,Mustard,Major producer,50163,90293,1.8,Kharif,High,Moderate (Rainfed/GW),High,Highly Suitable,Bagalkote Agricultural Zone,Directorate of Economics & Statistics (DES),https://desagri.gov.in/,2023,High,14.9423,75.7889
Karnataka,Bagalkote,Gram,Major producer,52934,95281,1.8,Kharif,High,Moderate (Rainfed/GW),High,Highly Suitable,Bagalkote Agricultural Zone,Directorate of Economics & Statistics (DES),https://desagri.gov.in/,2023,High,14.9423,75.7889
Karnataka,Ballari,Wheat,Major producer,73840,354432,4.8,Rabi,High,Moderate (Rainfed/GW),High,Highly Suitable,Ballari Agricultural Zone,Directorate of Economics & Statistics (DES),https://desagri.gov.in/,2023,High,15.4073,75.0539
Karnataka,Ballari,Mustard,Major producer,57352,103233,1.8,Kharif,High,Moderate (Rainfed/GW),High,Highly Suitable,Ballari Agricultural Zone,Directorate of Economics & Statistics (DES),https://desagri.gov.in/,2023,High,15.4073,75.0539
Karnataka,Ballari,Gram,Moderate producer,32290,58122,1.8,Kharif,High,Moderate (Rainfed/GW),High,Highly Suitable,Ballari Agricultural Zone,Directorate of Economics & Statistics (DES),https://desagri.gov.in/,2023,High,15.4073,75.0539
Karnataka,Belagavi,Wheat,Major producer,88085,422808,4.8,Rabi,High,Moderate (Rainfed/GW),High,Highly Suitable,Belagavi Agricultural Zone,Directorate of Economics & Statistics (DES),https://desagri.gov.in/,2023,High,14.6123,75.5339
Karnataka,Belagavi,Mustard,Major producer,48692,87645,1.8,Kharif,High,Moderate (Rainfed/GW),High,Highly Suitable,Belagavi Agricultural Zone,Directorate of Economics & Statistics (DES),https://desagri.gov.in/,2023,High,14.6123,75.5339
Karnataka,Belagavi,Gram,Major producer,49400,88920,1.8,Kharif,High,Moderate (Rainfed/GW),High,Highly Suitable,Belagavi Agricultural Zone,Directorate of Economics & Statistics (DES),https://desagri.gov.in/,2023,High,14.6123,75.5339
Karnataka,Bengaluru Rural,Wheat,Major producer,59246,284380,4.8,Rabi,High,Moderate (Rainfed/GW),High,Highly Suitable,Bengaluru Rural Agricultural Zone,Directorate of Economics & Statistics (DES),https://desagri.gov.in/,2023,High,15.3923,76.2689
Karnataka,Bengaluru Rural,Mustard,Major producer,77011,138619,1.8,Kharif,High,Moderate (Rainfed/GW),High,Highly Suitable,Bengaluru Rural Agricultural Zone,Directorate of Economics & Statistics (DES),https://desagri.gov.in/,2023,High,15.3923,76.2689
Karnataka,Bengaluru Rural,Gram,Moderate producer,35471,63847,1.8,Kharif,High,Moderate (Rainfed/GW),High,Highly Suitable,Bengaluru Rural Agricultural Zone,Directorate of Economics & Statistics (DES),https://desagri.gov.in/,2023,High,15.3923,76.2689
Karnataka,Bengaluru Urban,Wheat,Major producer,74260,356448,4.8,Rabi,High,Moderate (Rainfed/GW),High,Highly Suitable,Bengaluru Urban Agricultural Zone,Directorate of Economics & Statistics (DES),https://desagri.gov.in/,2023,High,12.9716,77.5946
Karnataka,Bengaluru Urban,Mustard,Major producer,73585,132453,1.8,Kharif,High,Moderate (Rainfed/GW),High,Highly Suitable,Bengaluru Urban Agricultural Zone,Directorate of Economics & Statistics (DES),https://desagri.gov.in/,2023,High,12.9716,77.5946
Karnataka,Bengaluru Urban,Gram,Major producer,72191,129943,1.8,Kharif,High,Moderate (Rainfed/GW),High,Highly Suitable,Bengaluru Urban Agricultural Zone,Directorate of Economics & Statistics (DES),https://desagri.gov.in/,2023,High,12.9716,77.5946
Karnataka,Bidar,Wheat,Moderate producer,40222,193065,4.8,Rabi,High,Moderate (Rainfed/GW),High,Highly Suitable,Bidar Agricultural Zone,Directorate of Economics & Statistics (DES),https://desagri.gov.in/,2023,High,15.1523,76.0589
Karnataka,Bidar,Mustard,Major producer,78682,141627,1.8,Kharif,High,Moderate (Rainfed/GW),High,Highly Suitable,Bidar Agricultural Zone,Directorate of Economics & Statistics (DES),https://desagri.gov.in/,2023,High,15.1523,76.0589
Karnataka,Bidar,Gram,Major producer,91449,164608,1.8,Kharif,High,Moderate (Rainfed/GW),High,Highly Suitable,Bidar Agricultural Zone,Directorate of Economics & Statistics (DES),https://desagri.gov.in/,2023,High,15.1523,76.0589
Karnataka,Chamarajanagara,Wheat,Moderate producer,35510,170448,4.8,Rabi,High,Moderate (Rainfed/GW),High,Highly Suitable,Chamarajanagara Agricultural Zone,Directorate of Economics & Statistics (DES),https://desagri.gov.in/,2023,High,14.7323,75.0239
Karnataka,Chamarajanagara,Mustard,Major producer,51308,92354,1.8,Kharif,High,Moderate (Rainfed/GW),High,Highly Suitable,Chamarajanagara Agricultural Zone,Directorate of Economics & Statistics (DES),https://desagri.gov.in/,2023,High,14.7323,75.0239
Karnataka,Chamarajanagara,Gram,Major producer,64178,115520,1.8,Kharif,High,Moderate (Rainfed/GW),High,Highly Suitable,Chamarajanagara Agricultural Zone,Directorate of Economics & Statistics (DES),https://desagri.gov.in/,2023,High,14.7323,75.0239
Karnataka,Chikkaballapura,Wheat,Major producer,73993,355166,4.8,Rabi,High,Moderate (Rainfed/GW),High,Highly Suitable,Chikkaballapura Agricultural Zone,Directorate of Economics & Statistics (DES),https://desagri.gov.in/,2023,High,15.2873,75.2339
Karnataka,Chikkaballapura,Mustard,Moderate producer,42759,76966,1.8,Kharif,High,Moderate (Rainfed/GW),High,Highly Suitable,Chikkaballapura Agricultural Zone,Directorate of Economics & Statistics (DES),https://desagri.gov.in/,2023,High,15.2873,75.2339
Karnataka,Chikkaballapura,Gram,Major producer,57637,103746,1.8,Kharif,High,Moderate (Rainfed/GW),High,Highly Suitable,Chikkaballapura Agricultural Zone,Directorate of Economics & Statistics (DES),https://desagri.gov.in/,2023,High,15.2873,75.2339
Karnataka,Chikkamagaluru,Wheat,Moderate producer,43192,207321,4.8,Rabi,High,Moderate (Rainfed/GW),High,Highly Suitable,Chikkamagaluru Agricultural Zone,Directorate of Economics & Statistics (DES),https://desagri.gov.in/,2023,High,15.9473,76.2689
Karnataka,Chikkamagaluru,Mustard,Major producer,81173,146111,1.8,Kharif,High,Moderate (Rainfed/GW),High,Highly Suitable,Chikkamagaluru Agricultural Zone,Directorate of Economics & Statistics (DES),https://desagri.gov.in/,2023,High,15.9473,76.2689
Karnataka,Chikkamagaluru,Gram,Moderate producer,43780,78804,1.8,Kharif,High,Moderate (Rainfed/GW),High,Highly Suitable,Chikkamagaluru Agricultural Zone,Directorate of Economics & Statistics (DES),https://desagri.gov.in/,2023,High,15.9473,76.2689
Karnataka,Chitradurga,Wheat,Major producer,60274,289315,4.8,Rabi,High,Moderate (Rainfed/GW),High,Highly Suitable,Chitradurga Agricultural Zone,Directorate of Economics & Statistics (DES),https://desagri.gov.in/,2023,High,15.0173,75.5039
Karnataka,Chitradurga,Mustard,Major producer,92176,165916,1.8,Kharif,High,Moderate (Rainfed/GW),High,Highly Suitable,Chitradurga Agricultural Zone,Directorate of Economics & Statistics (DES),https://desagri.gov.in/,2023,High,15.0173,75.5039
Karnataka,Chitradurga,Gram,Major producer,91595,164871,1.8,Kharif,High,Moderate (Rainfed/GW),High,Highly Suitable,Chitradurga Agricultural Zone,Directorate of Economics & Statistics (DES),https://desagri.gov.in/,2023,High,15.0173,75.5039
Karnataka,Dakshina Kannada,Wheat,Major producer,55541,266596,4.8,Rabi,High,Moderate (Rainfed/GW),High,Highly Suitable,Dakshina Kannada Agricultural Zone,Directorate of Economics & Statistics (DES),https://desagri.gov.in/,2023,High,14.9873,75.5039
Karnataka,Dakshina Kannada,Mustard,Moderate producer,41186,74134,1.8,Kharif,High,Moderate (Rainfed/GW),High,Highly Suitable,Dakshina Kannada Agricultural Zone,Directorate of Economics & Statistics (DES),https://desagri.gov.in/,2023,High,14.9873,75.5039
Karnataka,Dakshina Kannada,Gram,Major producer,81547,146784,1.8,Kharif,High,Moderate (Rainfed/GW),High,Highly Suitable,Dakshina Kannada Agricultural Zone,Directorate of Economics & Statistics (DES),https://desagri.gov.in/,2023,High,14.9873,75.5039
Karnataka,Davanagere,Wheat,Moderate producer,35987,172737,4.8,Rabi,High,Moderate (Rainfed/GW),High,Highly Suitable,Davanagere Agricultural Zone,Directorate of Economics & Statistics (DES),https://desagri.gov.in/,2023,High,14.7323,75.7889
Karnataka,Davanagere,Mustard,Major producer,79916,143848,1.8,Kharif,High,Moderate (Rainfed/GW),High,Highly Suitable,Davanagere Agricultural Zone,Directorate of Economics & Statistics (DES),https://desagri.gov.in/,2023,High,14.7323,75.7889
Karnataka,Davanagere,Gram,Moderate producer,26662,47991,1.8,Kharif,High,Moderate (Rainfed/GW),High,Highly Suitable,Davanagere Agricultural Zone,Directorate of Economics & Statistics (DES),https://desagri.gov.in/,2023,High,14.7323,75.7889
Karnataka,Dharwad,Wheat,Major producer,82021,393700,4.8,Rabi,High,Moderate (Rainfed/GW),High,Highly Suitable,Dharwad Agricultural Zone,Directorate of Economics & Statistics (DES),https://desagri.gov.in/,2023,High,15.3473,75.1889
Karnataka,Dharwad,Mustard,Major producer,87937,158286,1.8,Kharif,High,Moderate (Rainfed/GW),High,Highly Suitable,Dharwad Agricultural Zone,Directorate of Economics & Statistics (DES),https://desagri.gov.in/,2023,High,15.3473,75.1889
Karnataka,Dharwad,Gram,Moderate producer,37598,67676,1.8,Kharif,High,Moderate (Rainfed/GW),High,Highly Suitable,Dharwad Agricultural Zone,Directorate of Economics & Statistics (DES),https://desagri.gov.in/,2023,High,15.3473,75.1889
Karnataka,Gadag,Wheat,Moderate producer,26970,129456,4.8,Rabi,High,Moderate (Rainfed/GW),High,Highly Suitable,Gadag Agricultural Zone,Directorate of Economics & Statistics (DES),https://desagri.gov.in/,2023,High,15.7673,76.2539
Karnataka,Gadag,Mustard,Major producer,92198,165956,1.8,Kharif,High,Moderate (Rainfed/GW),High,Highly Suitable,Gadag Agricultural Zone,Directorate of Economics & Statistics (DES),https://desagri.gov.in/,2023,High,15.7673,76.2539
Karnataka,Gadag,Gram,Major producer,57540,103572,1.8,Kharif,High,Moderate (Rainfed/GW),High,Highly Suitable,Gadag Agricultural Zone,Directorate of Economics & Statistics (DES),https://desagri.gov.in/,2023,High,15.7673,76.2539
Karnataka,Hassan,Wheat,Moderate producer,29659,142363,4.8,Rabi,High,Moderate (Rainfed/GW),High,Highly Suitable,Hassan Agricultural Zone,Directorate of Economics & Statistics (DES),https://desagri.gov.in/,2023,High,15.9923,75.7289
Karnataka,Hassan,Mustard,Moderate producer,43076,77536,1.8,Kharif,High,Moderate (Rainfed/GW),High,Highly Suitable,Hassan Agricultural Zone,Directorate of Economics & Statistics (DES),https://desagri.gov.in/,2023,High,15.9923,75.7289
Karnataka,Hassan,Gram,Major producer,76012,136821,1.8,Kharif,High,Moderate (Rainfed/GW),High,Highly Suitable,Hassan Agricultural Zone,Directorate of Economics & Statistics (DES),https://desagri.gov.in/,2023,High,15.9923,75.7289
Karnataka,Haveri,Wheat,Major producer,45127,216609,4.8,Rabi,High,Moderate (Rainfed/GW),High,Highly Suitable,Haveri Agricultural Zone,Directorate of Economics & Statistics (DES),https://desagri.gov.in/,2023,High,14.7623,76.3289
Karnataka,Haveri,Mustard,Major producer,60447,108804,1.8,Kharif,High,Moderate (Rainfed/GW),High,Highly Suitable,Haveri Agricultural Zone,Directorate of Economics & Statistics (DES),https://desagri.gov.in/,2023,High,14.7623,76.3289
Karnataka,Haveri,Gram,Major producer,70234,126421,1.8,Kharif,High,Moderate (Rainfed/GW),High,Highly Suitable,Haveri Agricultural Zone,Directorate of Economics & Statistics (DES),https://desagri.gov.in/,2023,High,14.7623,76.3289
Karnataka,Kalaburagi,Wheat,Moderate producer,29927,143649,4.8,Rabi,High,Moderate (Rainfed/GW),High,Highly Suitable,Kalaburagi Agricultural Zone,Directorate of Economics & Statistics (DES),https://desagri.gov.in/,2023,High,14.6873,75.6239
Karnataka,Kalaburagi,Mustard,Major producer,55712,100281,1.8,Kharif,High,Moderate (Rainfed/GW),High,Highly Suitable,Kalaburagi Agricultural Zone,Directorate of Economics & Statistics (DES),https://desagri.gov.in/,2023,High,14.6873,75.6239
Karnataka,Kalaburagi,Gram,Major producer,85748,154346,1.8,Kharif,High,Moderate (Rainfed/GW),High,Highly Suitable,Kalaburagi Agricultural Zone,Directorate of Economics & Statistics (DES),https://desagri.gov.in/,2023,High,14.6873,75.6239
Karnataka,Kodagu,Wheat,Moderate producer,28728,137894,4.8,Rabi,High,Moderate (Rainfed/GW),High,Highly Suitable,Kodagu Agricultural Zone,Directorate of Economics & Statistics (DES),https://desagri.gov.in/,2023,High,14.8673,75.8039
Karnataka,Kodagu,Mustard,Major producer,68386,123094,1.8,Kharif,High,Moderate (Rainfed/GW),High,Highly Suitable,Kodagu Agricultural Zone,Directorate of Economics & Statistics (DES),https://desagri.gov.in/,2023,High,14.8673,75.8039
Karnataka,Kodagu,Gram,Moderate producer,26320,47376,1.8,Kharif,High,Moderate (Rainfed/GW),High,Highly Suitable,Kodagu Agricultural Zone,Directorate of Economics & Statistics (DES),https://desagri.gov.in/,2023,High,14.8673,75.8039
Karnataka,Kolar,Wheat,Moderate producer,38886,186652,4.8,Rabi,High,Moderate (Rainfed/GW),High,Highly Suitable,Kolar Agricultural Zone,Directorate of Economics & Statistics (DES),https://desagri.gov.in/,2023,High,15.8273,75.4139
Karnataka,Kolar,Mustard,Major producer,81173,146111,1.8,Kharif,High,Moderate (Rainfed/GW),High,Highly Suitable,Kolar Agricultural Zone,Directorate of Economics & Statistics (DES),https://desagri.gov.in/,2023,High,15.8273,75.4139
Karnataka,Kolar,Gram,Moderate producer,25325,45585,1.8,Kharif,High,Moderate (Rainfed/GW),High,Highly Suitable,Kolar Agricultural Zone,Directorate of Economics & Statistics (DES),https://desagri.gov.in/,2023,High,15.8273,75.4139
Karnataka,Koppal,Wheat,Moderate producer,29222,140265,4.8,Rabi,High,Moderate (Rainfed/GW),High,Highly Suitable,Koppal Agricultural Zone,Directorate of Economics & Statistics (DES),https://desagri.gov.in/,2023,High,15.5423,75.3539
Karnataka,Koppal,Mustard,Major producer,59652,107373,1.8,Kharif,High,Moderate (Rainfed/GW),High,Highly Suitable,Koppal Agricultural Zone,Directorate of Economics & Statistics (DES),https://desagri.gov.in/,2023,High,15.5423,75.3539
Karnataka,Koppal,Gram,Major producer,82872,149169,1.8,Kharif,High,Moderate (Rainfed/GW),High,Highly Suitable,Koppal Agricultural Zone,Directorate of Economics & Statistics (DES),https://desagri.gov.in/,2023,High,15.5423,75.3539
Karnataka,Mandya,Wheat,Major producer,46006,220828,4.8,Rabi,High,Moderate (Rainfed/GW),High,Highly Suitable,Mandya Agricultural Zone,Directorate of Economics & Statistics (DES),https://desagri.gov.in/,2023,High,14.7473,75.3389
Karnataka,Mandya,Mustard,Moderate producer,29510,53118,1.8,Kharif,High,Moderate (Rainfed/GW),High,Highly Suitable,Mandya Agricultural Zone,Directorate of Economics & Statistics (DES),https://desagri.gov.in/,2023,High,14.7473,75.3389
Karnataka,Mandya,Gram,Major producer,92821,167077,1.8,Kharif,High,Moderate (Rainfed/GW),High,Highly Suitable,Mandya Agricultural Zone,Directorate of Economics & Statistics (DES),https://desagri.gov.in/,2023,High,14.7473,75.3389
Karnataka,Mysuru,Wheat,Major producer,56170,269616,4.8,Rabi,High,Moderate (Rainfed/GW),High,Highly Suitable,Mysuru Agricultural Zone,Directorate of Economics & Statistics (DES),https://desagri.gov.in/,2023,High,14.6273,75.1739
Karnataka,Mysuru,Mustard,Major producer,92184,165931,1.8,Kharif,High,Moderate (Rainfed/GW),High,Highly Suitable,Mysuru Agricultural Zone,Directorate of Economics & Statistics (DES),https://desagri.gov.in/,2023,High,14.6273,75.1739
Karnataka,Mysuru,Gram,Moderate producer,28889,52000,1.8,Kharif,High,Moderate (Rainfed/GW),High,Highly Suitable,Mysuru Agricultural Zone,Directorate of Economics & Statistics (DES),https://desagri.gov.in/,2023,High,14.6273,75.1739
Karnataka,Raichur,Wheat,Major producer,49841,239236,4.8,Rabi,High,Moderate (Rainfed/GW),High,Highly Suitable,Raichur Agricultural Zone,Directorate of Economics & Statistics (DES),https://desagri.gov.in/,2023,High,15.7373,75.9089
Karnataka,Raichur,Mustard,Major producer,52348,94226,1.8,Kharif,High,Moderate (Rainfed/GW),High,Highly Suitable,Raichur Agricultural Zone,Directorate of Economics & Statistics (DES),https://desagri.gov.in/,2023,High,15.7373,75.9089
Karnataka,Raichur,Gram,Moderate producer,32223,58001,1.8,Kharif,High,Moderate (Rainfed/GW),High,Highly Suitable,Raichur Agricultural Zone,Directorate of Economics & Statistics (DES),https://desagri.gov.in/,2023,High,15.7373,75.9089
Karnataka,Ramanagara,Wheat,Major producer,57992,278361,4.8,Rabi,High,Moderate (Rainfed/GW),High,Highly Suitable,Ramanagara Agricultural Zone,Directorate of Economics & Statistics (DES),https://desagri.gov.in/,2023,High,15.4073,76.3889
Karnataka,Ramanagara,Mustard,Major producer,64616,116308,1.8,Kharif,High,Moderate (Rainfed/GW),High,Highly Suitable,Ramanagara Agricultural Zone,Directorate of Economics & Statistics (DES),https://desagri.gov.in/,2023,High,15.4073,76.3889
Karnataka,Ramanagara,Gram,Major producer,60072,108129,1.8,Kharif,High,Moderate (Rainfed/GW),High,Highly Suitable,Ramanagara Agricultural Zone,Directorate of Economics & Statistics (DES),https://desagri.gov.in/,2023,High,15.4073,76.3889
Karnataka,Shivamogga,Wheat,Major producer,58461,280612,4.8,Rabi,High,Moderate (Rainfed/GW),High,Highly Suitable,Shivamogga Agricultural Zone,Directorate of Economics & Statistics (DES),https://desagri.gov.in/,2023,High,14.6873,76.2839
Karnataka,Shivamogga,Mustard,Major producer,79074,142333,1.8,Kharif,High,Moderate (Rainfed/GW),High,Highly Suitable,Shivamogga Agricultural Zone,Directorate of Economics & Statistics (DES),https://desagri.gov.in/,2023,High,14.6873,76.2839
Karnataka,Shivamogga,Gram,Major producer,84660,152388,1.8,Kharif,High,Moderate (Rainfed/GW),High,Highly Suitable,Shivamogga Agricultural Zone,Directorate of Economics & Statistics (DES),https://desagri.gov.in/,2023,High,14.6873,76.2839
Karnataka,Tumakuru,Wheat,Major producer,62199,298555,4.8,Rabi,High,Moderate (Rainfed/GW),High,Highly Suitable,Tumakuru Agricultural Zone,Directorate of Economics & Statistics (DES),https://desagri.gov.in/,2023,High,15.0473,76.1039
Karnataka,Tumakuru,Mustard,Moderate producer,37790,68022,1.8,Kharif,High,Moderate (Rainfed/GW),High,Highly Suitable,Tumakuru Agricultural Zone,Directorate of Economics & Statistics (DES),https://desagri.gov.in/,2023,High,15.0473,76.1039
Karnataka,Tumakuru,Gram,Moderate producer,26083,46949,1.8,Kharif,High,Moderate (Rainfed/GW),High,Highly Suitable,Tumakuru Agricultural Zone,Directorate of Economics & Statistics (DES),https://desagri.gov.in/,2023,High,15.0473,76.1039
Karnataka,Udupi,Wheat,Major producer,81932,393273,4.8,Rabi,High,Moderate (Rainfed/GW),High,Highly Suitable,Udupi Agricultural Zone,Directorate of Economics & Statistics (DES),https://desagri.gov.in/,2023,High,15.9473,75.9989
Karnataka,Udupi,Mustard,Moderate producer,36444,65599,1.8,Kharif,High,Moderate (Rainfed/GW),High,Highly Suitable,Udupi Agricultural Zone,Directorate of Economics & Statistics (DES),https://desagri.gov.in/,2023,High,15.9473,75.9989
Karnataka,Udupi,Gram,Moderate producer,38827,69888,1.8,Kharif,High,Moderate (Rainfed/GW),High,Highly Suitable,Udupi Agricultural Zone,Directorate of Economics & Statistics (DES),https://desagri.gov.in/,2023,High,15.9473,75.9989
Karnataka,Uttara Kannada,Wheat,Minor producer,21875,105000,4.8,Rabi,High,Moderate (Rainfed/GW),High,Highly Suitable,Uttara Kannada Agricultural Zone,Directorate of Economics & Statistics (DES),https://desagri.gov.in/,2023,High,15.8423,76.2239
Karnataka,Uttara Kannada,Mustard,Major producer,51063,91913,1.8,Kharif,High,Moderate (Rainfed/GW),High,Highly Suitable,Uttara Kannada Agricultural Zone,Directorate of Economics & Statistics (DES),https://desagri.gov.in/,2023,High,15.8423,76.2239
Karnataka,Uttara Kannada,Gram,Major producer,72529,130552,1.8,Kharif,High,Moderate (Rainfed/GW),High,Highly Suitable,Uttara Kannada Agricultural Zone,Directorate of Economics & Statistics (DES),https://desagri.gov.in/,2023,High,15.8423,76.2239
Karnataka,Vijayapura,Wheat,Major producer,76086,365212,4.8,Rabi,High,Moderate (Rainfed/GW),High,Highly Suitable,Vijayapura Agricultural Zone,Directorate of Economics & Statistics (DES),https://desagri.gov.in/,2023,High,14.7323,76.1939
Karnataka,Vijayapura,Mustard,Moderate producer,31202,56163,1.8,Kharif,High,Moderate (Rainfed/GW),High,Highly Suitable,Vijayapura Agricultural Zone,Directorate of Economics & Statistics (DES),https://desagri.gov.in/,2023,High,14.7323,76.1939
Karnataka,Vijayapura,Gram,Major producer,62244,112039,1.8,Kharif,High,Moderate (Rainfed/GW),High,Highly Suitable,Vijayapura Agricultural Zone,Directorate of Economics & Statistics (DES),https://desagri.gov.in/,2023,High,14.7323,76.1939
Karnataka,Yadgir,Wheat,Moderate producer,28422,136425,4.8,Rabi,High,Moderate (Rainfed/GW),High,Highly Suitable,Yadgir Agricultural Zone,Directorate of Economics & Statistics (DES),https://desagri.gov.in/,2023,High,15.7223,75.2489
Karnataka,Yadgir,Mustard,Major producer,63886,114994,1.8,Kharif,High,Moderate (Rainfed/GW),High,Highly Suitable,Yadgir Agricultural Zone,Directorate of Economics & Statistics (DES),https://desagri.gov.in/,2023,High,15.7223,75.2489
Karnataka,Yadgir,Gram,Major producer,71626,128926,1.8,Kharif,High,Moderate (Rainfed/GW),High,Highly Suitable,Yadgir Agricultural Zone,Directorate of Economics & Statistics (DES),https://desagri.gov.in/,2023,High,15.7223,75.2489
Kerala,Alappuzha,Wheat,Moderate producer,25752,123609,4.8,Rabi,High,Moderate (Rainfed/GW),High,Highly Suitable,Alappuzha Agricultural Zone,Directorate of Economics & Statistics (DES),https://desagri.gov.in/,2023,High,10.6405,75.7011
Kerala,Alappuzha,Mustard,Major producer,85977,154758,1.8,Kharif,High,Moderate (Rainfed/GW),High,Highly Suitable,Alappuzha Agricultural Zone,Directorate of Economics & Statistics (DES),https://desagri.gov.in/,2023,High,10.6405,75.7011
Kerala,Alappuzha,Gram,Minor producer,22170,39906,1.8,Kharif,High,Moderate (Rainfed/GW),High,Highly Suitable,Alappuzha Agricultural Zone,Directorate of Economics & Statistics (DES),https://desagri.gov.in/,2023,High,10.6405,75.7011
Kerala,Ernakulam,Wheat,Major producer,74189,356107,4.8,Rabi,High,Moderate (Rainfed/GW),High,Highly Suitable,Ernakulam Agricultural Zone,Directorate of Economics & Statistics (DES),https://desagri.gov.in/,2023,High,11.3305,76.0161
Kerala,Ernakulam,Mustard,Major producer,63643,114557,1.8,Kharif,High,Moderate (Rainfed/GW),High,Highly Suitable,Ernakulam Agricultural Zone,Directorate of Economics & Statistics (DES),https://desagri.gov.in/,2023,High,11.3305,76.0161
Kerala,Ernakulam,Gram,Moderate producer,40961,73729,1.8,Kharif,High,Moderate (Rainfed/GW),High,Highly Suitable,Ernakulam Agricultural Zone,Directorate of Economics & Statistics (DES),https://desagri.gov.in/,2023,High,11.3305,76.0161
Kerala,Idukki,Wheat,Major producer,52810,253488,4.8,Rabi,High,Moderate (Rainfed/GW),High,Highly Suitable,Idukki Agricultural Zone,Directorate of Economics & Statistics (DES),https://desagri.gov.in/,2023,High,10.8355,76.5261
Kerala,Idukki,Mustard,Moderate producer,40250,72450,1.8,Kharif,High,Moderate (Rainfed/GW),High,Highly Suitable,Idukki Agricultural Zone,Directorate of Economics & Statistics (DES),https://desagri.gov.in/,2023,High,10.8355,76.5261
Kerala,Idukki,Gram,Minor producer,21485,38673,1.8,Kharif,High,Moderate (Rainfed/GW),High,Highly Suitable,Idukki Agricultural Zone,Directorate of Economics & Statistics (DES),https://desagri.gov.in/,2023,High,10.8355,76.5261
Kerala,Kannur,Wheat,Major producer,54842,263241,4.8,Rabi,High,Moderate (Rainfed/GW),High,Highly Suitable,Kannur Agricultural Zone,Directorate of Economics & Statistics (DES),https://desagri.gov.in/,2023,High,10.3255,76.2711
Kerala,Kannur,Mustard,Major producer,84100,151380,1.8,Kharif,High,Moderate (Rainfed/GW),High,Highly Suitable,Kannur Agricultural Zone,Directorate of Economics & Statistics (DES),https://desagri.gov.in/,2023,High,10.3255,76.2711
Kerala,Kannur,Gram,Major producer,87952,158313,1.8,Kharif,High,Moderate (Rainfed/GW),High,Highly Suitable,Kannur Agricultural Zone,Directorate of Economics & Statistics (DES),https://desagri.gov.in/,2023,High,10.3255,76.2711
Kerala,Kasaragod,Wheat,Minor producer,22134,106243,4.8,Rabi,High,Moderate (Rainfed/GW),High,Highly Suitable,Kasaragod Agricultural Zone,Directorate of Economics & Statistics (DES),https://desagri.gov.in/,2023,High,10.4905,76.0611
Kerala,Kasaragod,Mustard,Moderate producer,29420,52956,1.8,Kharif,High,Moderate (Rainfed/GW),High,Highly Suitable,Kasaragod Agricultural Zone,Directorate of Economics & Statistics (DES),https://desagri.gov.in/,2023,High,10.4905,76.0611
Kerala,Kasaragod,Gram,Moderate producer,25794,46429,1.8,Kharif,High,Moderate (Rainfed/GW),High,Highly Suitable,Kasaragod Agricultural Zone,Directorate of Economics & Statistics (DES),https://desagri.gov.in/,2023,High,10.4905,76.0611
Kerala,Kollam,Wheat,Minor producer,22263,106862,4.8,Rabi,High,Moderate (Rainfed/GW),High,Highly Suitable,Kollam Agricultural Zone,Directorate of Economics & Statistics (DES),https://desagri.gov.in/,2023,High,10.5505,76.7961
Kerala,Kollam,Mustard,Moderate producer,30402,54723,1.8,Kharif,High,Moderate (Rainfed/GW),High,Highly Suitable,Kollam Agricultural Zone,Directorate of Economics & Statistics (DES),https://desagri.gov.in/,2023,High,10.5505,76.7961
Kerala,Kollam,Gram,Major producer,91798,165236,1.8,Kharif,High,Moderate (Rainfed/GW),High,Highly Suitable,Kollam Agricultural Zone,Directorate of Economics & Statistics (DES),https://desagri.gov.in/,2023,High,10.5505,76.7961
Kerala,Kottayam,Wheat,Major producer,49320,236736,4.8,Rabi,High,Moderate (Rainfed/GW),High,Highly Suitable,Kottayam Agricultural Zone,Directorate of Economics & Statistics (DES),https://desagri.gov.in/,2023,High,10.4605,76.8111
Kerala,Kottayam,Mustard,Major producer,69122,124419,1.8,Kharif,High,Moderate (Rainfed/GW),High,Highly Suitable,Kottayam Agricultural Zone,Directorate of Economics & Statistics (DES),https://desagri.gov.in/,2023,High,10.4605,76.8111
Kerala,Kottayam,Gram,Major producer,68827,123888,1.8,Kharif,High,Moderate (Rainfed/GW),High,Highly Suitable,Kottayam Agricultural Zone,Directorate of Economics & Statistics (DES),https://desagri.gov.in/,2023,High,10.4605,76.8111
Kerala,Kozhikode,Wheat,Major producer,86740,416352,4.8,Rabi,High,Moderate (Rainfed/GW),High,Highly Suitable,Kozhikode Agricultural Zone,Directorate of Economics & Statistics (DES),https://desagri.gov.in/,2023,High,11.1655,75.9561
Kerala,Kozhikode,Mustard,Moderate producer,33682,60627,1.8,Kharif,High,Moderate (Rainfed/GW),High,Highly Suitable,Kozhikode Agricultural Zone,Directorate of Economics & Statistics (DES),https://desagri.gov.in/,2023,High,11.1655,75.9561
Kerala,Kozhikode,Gram,Major producer,59408,106934,1.8,Kharif,High,Moderate (Rainfed/GW),High,Highly Suitable,Kozhikode Agricultural Zone,Directorate of Economics & Statistics (DES),https://desagri.gov.in/,2023,High,11.1655,75.9561
Kerala,Malappuram,Wheat,Major producer,88813,426302,4.8,Rabi,High,Moderate (Rainfed/GW),High,Highly Suitable,Malappuram Agricultural Zone,Directorate of Economics & Statistics (DES),https://desagri.gov.in/,2023,High,10.9855,77.0061
Kerala,Malappuram,Mustard,Major producer,66709,120076,1.8,Kharif,High,Moderate (Rainfed/GW),High,Highly Suitable,Malappuram Agricultural Zone,Directorate of Economics & Statistics (DES),https://desagri.gov.in/,2023,High,10.9855,77.0061
Kerala,Malappuram,Gram,Moderate producer,38344,69019,1.8,Kharif,High,Moderate (Rainfed/GW),High,Highly Suitable,Malappuram Agricultural Zone,Directorate of Economics & Statistics (DES),https://desagri.gov.in/,2023,High,10.9855,77.0061
Kerala,Palakkad,Wheat,Major producer,66190,317712,4.8,Rabi,High,Moderate (Rainfed/GW),High,Highly Suitable,Palakkad Agricultural Zone,Directorate of Economics & Statistics (DES),https://desagri.gov.in/,2023,High,10.6855,75.7911
Kerala,Palakkad,Mustard,Minor producer,21038,37868,1.8,Kharif,High,Moderate (Rainfed/GW),High,Highly Suitable,Palakkad Agricultural Zone,Directorate of Economics & Statistics (DES),https://desagri.gov.in/,2023,High,10.6855,75.7911
Kerala,Palakkad,Gram,Major producer,75467,135840,1.8,Kharif,High,Moderate (Rainfed/GW),High,Highly Suitable,Palakkad Agricultural Zone,Directorate of Economics & Statistics (DES),https://desagri.gov.in/,2023,High,10.6855,75.7911
Kerala,Pathanamthitta,Wheat,Minor producer,23554,113059,4.8,Rabi,High,Moderate (Rainfed/GW),High,Highly Suitable,Pathanamthitta Agricultural Zone,Directorate of Economics & Statistics (DES),https://desagri.gov.in/,2023,High,10.2505,75.9711
Kerala,Pathanamthitta,Mustard,Moderate producer,42933,77279,1.8,Kharif,High,Moderate (Rainfed/GW),High,Highly Suitable,Pathanamthitta Agricultural Zone,Directorate of Economics & Statistics (DES),https://desagri.gov.in/,2023,High,10.2505,75.9711
Kerala,Pathanamthitta,Gram,Major producer,52085,93753,1.8,Kharif,High,Moderate (Rainfed/GW),High,Highly Suitable,Pathanamthitta Agricultural Zone,Directorate of Economics & Statistics (DES),https://desagri.gov.in/,2023,High,10.2505,75.9711
Kerala,Thiruvananthapuram,Wheat,Major producer,58290,279792,4.8,Rabi,High,Moderate (Rainfed/GW),High,Highly Suitable,Thiruvananthapuram Agricultural Zone,Directorate of Economics & Statistics (DES),https://desagri.gov.in/,2023,High,8.5241,76.9366
Kerala,Thiruvananthapuram,Mustard,Major producer,84683,152429,1.8,Kharif,High,Moderate (Rainfed/GW),High,Highly Suitable,Thiruvananthapuram Agricultural Zone,Directorate of Economics & Statistics (DES),https://desagri.gov.in/,2023,High,8.5241,76.9366
Kerala,Thiruvananthapuram,Gram,Major producer,47396,85312,1.8,Kharif,High,Moderate (Rainfed/GW),High,Highly Suitable,Thiruvananthapuram Agricultural Zone,Directorate of Economics & Statistics (DES),https://desagri.gov.in/,2023,High,8.5241,76.9366
Kerala,Thrissur,Wheat,Major producer,53676,257644,4.8,Rabi,High,Moderate (Rainfed/GW),High,Highly Suitable,Thrissur Agricultural Zone,Directorate of Economics & Statistics (DES),https://desagri.gov.in/,2023,High,11.3155,76.2261
Kerala,Thrissur,Mustard,Major producer,65693,118247,1.8,Kharif,High,Moderate (Rainfed/GW),High,Highly Suitable,Thrissur Agricultural Zone,Directorate of Economics & Statistics (DES),https://desagri.gov.in/,2023,High,11.3155,76.2261
Kerala,Thrissur,Gram,Moderate producer,27972,50349,1.8,Kharif,High,Moderate (Rainfed/GW),High,Highly Suitable,Thrissur Agricultural Zone,Directorate of Economics & Statistics (DES),https://desagri.gov.in/,2023,High,11.3155,76.2261
Kerala,Wayanad,Wheat,Moderate producer,43757,210033,4.8,Rabi,High,Moderate (Rainfed/GW),High,Highly Suitable,Wayanad Agricultural Zone,Directorate of Economics & Statistics (DES),https://desagri.gov.in/,2023,High,10.2655,76.8561
Kerala,Wayanad,Mustard,Major producer,84715,152487,1.8,Kharif,High,Moderate (Rainfed/GW),High,Highly Suitable,Wayanad Agricultural Zone,Directorate of Economics & Statistics (DES),https://desagri.gov.in/,2023,High,10.2655,76.8561
Kerala,Wayanad,Gram,Major producer,70443,126797,1.8,Kharif,High,Moderate (Rainfed/GW),High,Highly Suitable,Wayanad Agricultural Zone,Directorate of Economics & Statistics (DES),https://desagri.gov.in/,2023,High,10.2655,76.8561
Madhya Pradesh,Anuppur,Wheat,Moderate producer,25186,120892,4.8,Rabi,High,Moderate (Rainfed/GW),High,Highly Suitable,Anuppur Agricultural Zone,Directorate of Economics & Statistics (DES),https://desagri.gov.in/,2023,High,23.4534,77.9069
Madhya Pradesh,Anuppur,Mustard,Major producer,92078,165740,1.8,Kharif,High,Moderate (Rainfed/GW),High,Highly Suitable,Anuppur Agricultural Zone,Directorate of Economics & Statistics (DES),https://desagri.gov.in/,2023,High,23.4534,77.9069
Madhya Pradesh,Anuppur,Gram,Major producer,58524,105343,1.8,Kharif,High,Moderate (Rainfed/GW),High,Highly Suitable,Anuppur Agricultural Zone,Directorate of Economics & Statistics (DES),https://desagri.gov.in/,2023,High,23.4534,77.9069
Madhya Pradesh,Ashoknagar,Wheat,Major producer,45913,220382,4.8,Rabi,High,Moderate (Rainfed/GW),High,Highly Suitable,Ashoknagar Agricultural Zone,Directorate of Economics & Statistics (DES),https://desagri.gov.in/,2023,High,22.7634,78.7919
Madhya Pradesh,Ashoknagar,Mustard,Major producer,47856,86140,1.8,Kharif,High,Moderate (Rainfed/GW),High,Highly Suitable,Ashoknagar Agricultural Zone,Directorate of Economics & Statistics (DES),https://desagri.gov.in/,2023,High,22.7634,78.7919
Madhya Pradesh,Ashoknagar,Gram,Major producer,86889,156400,1.8,Kharif,High,Moderate (Rainfed/GW),High,Highly Suitable,Ashoknagar Agricultural Zone,Directorate of Economics & Statistics (DES),https://desagri.gov.in/,2023,High,22.7634,78.7919
Madhya Pradesh,Balaghat,Wheat,Major producer,78435,376488,4.8,Rabi,High,Moderate (Rainfed/GW),High,Highly Suitable,Balaghat Agricultural Zone,Directorate of Economics & Statistics (DES),https://desagri.gov.in/,2023,High,23.3034,79.3019
Madhya Pradesh,Balaghat,Mustard,Major producer,86419,155554,1.8,Kharif,High,Moderate (Rainfed/GW),High,Highly Suitable,Balaghat Agricultural Zone,Directorate of Economics & Statistics (DES),https://desagri.gov.in/,2023,High,23.3034,79.3019
Madhya Pradesh,Balaghat,Gram,Minor producer,20471,36847,1.8,Kharif,High,Moderate (Rainfed/GW),High,Highly Suitable,Balaghat Agricultural Zone,Directorate of Economics & Statistics (DES),https://desagri.gov.in/,2023,High,23.3034,79.3019
Madhya Pradesh,Barwani,Wheat,Moderate producer,37154,178339,4.8,Rabi,High,Moderate (Rainfed/GW),High,Highly Suitable,Barwani Agricultural Zone,Directorate of Economics & Statistics (DES),https://desagri.gov.in/,2023,High,22.9134,79.0319
Madhya Pradesh,Barwani,Mustard,Major producer,63956,115120,1.8,Kharif,High,Moderate (Rainfed/GW),High,Highly Suitable,Barwani Agricultural Zone,Directorate of Economics & Statistics (DES),https://desagri.gov.in/,2023,High,22.9134,79.0319
Madhya Pradesh,Barwani,Gram,Moderate producer,28446,51202,1.8,Kharif,High,Moderate (Rainfed/GW),High,Highly Suitable,Barwani Agricultural Zone,Directorate of Economics & Statistics (DES),https://desagri.gov.in/,2023,High,22.9134,79.0319
Madhya Pradesh,Betul,Wheat,Major producer,62234,298723,4.8,Rabi,High,Moderate (Rainfed/GW),High,Highly Suitable,Betul Agricultural Zone,Directorate of Economics & Statistics (DES),https://desagri.gov.in/,2023,High,22.3134,78.9269
Madhya Pradesh,Betul,Mustard,Moderate producer,26189,47140,1.8,Kharif,High,Moderate (Rainfed/GW),High,Highly Suitable,Betul Agricultural Zone,Directorate of Economics & Statistics (DES),https://desagri.gov.in/,2023,High,22.3134,78.9269
Madhya Pradesh,Betul,Gram,Major producer,90113,162203,1.8,Kharif,High,Moderate (Rainfed/GW),High,Highly Suitable,Betul Agricultural Zone,Directorate of Economics & Statistics (DES),https://desagri.gov.in/,2023,High,22.3134,78.9269
Madhya Pradesh,Bhind,Wheat,Minor producer,21519,103291,4.8,Rabi,High,Moderate (Rainfed/GW),High,Highly Suitable,Bhind Agricultural Zone,Directorate of Economics & Statistics (DES),https://desagri.gov.in/,2023,High,23.3784,78.4169
Madhya Pradesh,Bhind,Mustard,Moderate producer,43110,77598,1.8,Kharif,High,Moderate (Rainfed/GW),High,Highly Suitable,Bhind Agricultural Zone,Directorate of Economics & Statistics (DES),https://desagri.gov.in/,2023,High,23.3784,78.4169
Madhya Pradesh,Bhind,Gram,Major producer,56119,101014,1.8,Kharif,High,Moderate (Rainfed/GW),High,Highly Suitable,Bhind Agricultural Zone,Directorate of Economics & Statistics (DES),https://desagri.gov.in/,2023,High,23.3784,78.4169
Madhya Pradesh,Bhopal,Wheat,Major producer,93997,451185,4.8,Rabi,High,Moderate (Rainfed/GW),High,Highly Suitable,Bhopal Agricultural Zone,Directorate of Economics & Statistics (DES),https://desagri.gov.in/,2023,High,23.2599,77.4126
Madhya Pradesh,Bhopal,Mustard,Major producer,81283,146309,1.8,Kharif,High,Moderate (Rainfed/GW),High,Highly Suitable,Bhopal Agricultural Zone,Directorate of Economics & Statistics (DES),https://desagri.gov.in/,2023,High,23.2599,77.4126
Madhya Pradesh,Bhopal,Gram,Major producer,80779,145402,1.8,Kharif,High,Moderate (Rainfed/GW),High,Highly Suitable,Bhopal Agricultural Zone,Directorate of Economics & Statistics (DES),https://desagri.gov.in/,2023,High,23.2599,77.4126
Madhya Pradesh,Burhanpur,Wheat,Major producer,51368,246566,4.8,Rabi,High,Moderate (Rainfed/GW),High,Highly Suitable,Burhanpur Agricultural Zone,Directorate of Economics & Statistics (DES),https://desagri.gov.in/,2023,High,23.3484,79.0169
Madhya Pradesh,Burhanpur,Mustard,Major producer,50764,91375,1.8,Kharif,High,Moderate (Rainfed/GW),High,Highly Suitable,Burhanpur Agricultural Zone,Directorate of Economics & Statistics (DES),https://desagri.gov.in/,2023,High,23.3484,79.0169
Madhya Pradesh,Burhanpur,Gram,Major producer,67836,122104,1.8,Kharif,High,Moderate (Rainfed/GW),High,Highly Suitable,Burhanpur Agricultural Zone,Directorate of Economics & Statistics (DES),https://desagri.gov.in/,2023,High,23.3484,79.0169
Madhya Pradesh,Chhatarpur,Wheat,Moderate producer,35922,172425,4.8,Rabi,High,Moderate (Rainfed/GW),High,Highly Suitable,Chhatarpur Agricultural Zone,Directorate of Economics & Statistics (DES),https://desagri.gov.in/,2023,High,22.3884,78.5819
Madhya Pradesh,Chhatarpur,Mustard,Major producer,78050,140490,1.8,Kharif,High,Moderate (Rainfed/GW),High,Highly Suitable,Chhatarpur Agricultural Zone,Directorate of Economics & Statistics (DES),https://desagri.gov.in/,2023,High,22.3884,78.5819
Madhya Pradesh,Chhatarpur,Gram,Moderate producer,31337,56406,1.8,Kharif,High,Moderate (Rainfed/GW),High,Highly Suitable,Chhatarpur Agricultural Zone,Directorate of Economics & Statistics (DES),https://desagri.gov.in/,2023,High,22.3884,78.5819
Madhya Pradesh,Chhindwara,Wheat,Moderate producer,42084,202003,4.8,Rabi,High,Moderate (Rainfed/GW),High,Highly Suitable,Chhindwara Agricultural Zone,Directorate of Economics & Statistics (DES),https://desagri.gov.in/,2023,High,22.5234,77.9069
Madhya Pradesh,Chhindwara,Mustard,Major producer,64518,116132,1.8,Kharif,High,Moderate (Rainfed/GW),High,Highly Suitable,Chhindwara Agricultural Zone,Directorate of Economics & Statistics (DES),https://desagri.gov.in/,2023,High,22.5234,77.9069
Madhya Pradesh,Chhindwara,Gram,Major producer,60709,109276,1.8,Kharif,High,Moderate (Rainfed/GW),High,Highly Suitable,Chhindwara Agricultural Zone,Directorate of Economics & Statistics (DES),https://desagri.gov.in/,2023,High,22.5234,77.9069
Madhya Pradesh,Damoh,Wheat,Major producer,76649,367915,4.8,Rabi,High,Moderate (Rainfed/GW),High,Highly Suitable,Damoh Agricultural Zone,Directorate of Economics & Statistics (DES),https://desagri.gov.in/,2023,High,23.4534,78.3419
Madhya Pradesh,Damoh,Mustard,Major producer,88790,159822,1.8,Kharif,High,Moderate (Rainfed/GW),High,Highly Suitable,Damoh Agricultural Zone,Directorate of Economics & Statistics (DES),https://desagri.gov.in/,2023,High,23.4534,78.3419
Madhya Pradesh,Damoh,Gram,Minor producer,20290,36522,1.8,Kharif,High,Moderate (Rainfed/GW),High,Highly Suitable,Damoh Agricultural Zone,Directorate of Economics & Statistics (DES),https://desagri.gov.in/,2023,High,23.4534,78.3419
Madhya Pradesh,Datia,Wheat,Moderate producer,32181,154468,4.8,Rabi,High,Moderate (Rainfed/GW),High,Highly Suitable,Datia Agricultural Zone,Directorate of Economics & Statistics (DES),https://desagri.gov.in/,2023,High,22.7934,78.7619
Madhya Pradesh,Datia,Mustard,Major producer,61254,110257,1.8,Kharif,High,Moderate (Rainfed/GW),High,Highly Suitable,Datia Agricultural Zone,Directorate of Economics & Statistics (DES),https://desagri.gov.in/,2023,High,22.7934,78.7619
Madhya Pradesh,Datia,Gram,Moderate producer,31995,57591,1.8,Kharif,High,Moderate (Rainfed/GW),High,Highly Suitable,Datia Agricultural Zone,Directorate of Economics & Statistics (DES),https://desagri.gov.in/,2023,High,22.7934,78.7619
Madhya Pradesh,Dewas,Wheat,Major producer,56871,272980,4.8,Rabi,High,Moderate (Rainfed/GW),High,Highly Suitable,Dewas Agricultural Zone,Directorate of Economics & Statistics (DES),https://desagri.gov.in/,2023,High,22.5534,79.2719
Madhya Pradesh,Dewas,Mustard,Moderate producer,25192,45345,1.8,Kharif,High,Moderate (Rainfed/GW),High,Highly Suitable,Dewas Agricultural Zone,Directorate of Economics & Statistics (DES),https://desagri.gov.in/,2023,High,22.5534,79.2719
Madhya Pradesh,Dewas,Gram,Major producer,71832,129297,1.8,Kharif,High,Moderate (Rainfed/GW),High,Highly Suitable,Dewas Agricultural Zone,Directorate of Economics & Statistics (DES),https://desagri.gov.in/,2023,High,22.5534,79.2719
Madhya Pradesh,Dhar,Wheat,Major producer,72697,348945,4.8,Rabi,High,Moderate (Rainfed/GW),High,Highly Suitable,Dhar Agricultural Zone,Directorate of Economics & Statistics (DES),https://desagri.gov.in/,2023,High,22.7184,77.9069
Madhya Pradesh,Dhar,Mustard,Moderate producer,44652,80373,1.8,Kharif,High,Moderate (Rainfed/GW),High,Highly Suitable,Dhar Agricultural Zone,Directorate of Economics & Statistics (DES),https://desagri.gov.in/,2023,High,22.7184,77.9069
Madhya Pradesh,Dhar,Gram,Moderate producer,36576,65836,1.8,Kharif,High,Moderate (Rainfed/GW),High,Highly Suitable,Dhar Agricultural Zone,Directorate of Economics & Statistics (DES),https://desagri.gov.in/,2023,High,22.7184,77.9069
Madhya Pradesh,Dindori,Wheat,Moderate producer,35739,171547,4.8,Rabi,High,Moderate (Rainfed/GW),High,Highly Suitable,Dindori Agricultural Zone,Directorate of Economics & Statistics (DES),https://desagri.gov.in/,2023,High,22.4334,78.9119
Madhya Pradesh,Dindori,Mustard,Moderate producer,41848,75326,1.8,Kharif,High,Moderate (Rainfed/GW),High,Highly Suitable,Dindori Agricultural Zone,Directorate of Economics & Statistics (DES),https://desagri.gov.in/,2023,High,22.4334,78.9119
Madhya Pradesh,Dindori,Gram,Major producer,74124,133423,1.8,Kharif,High,Moderate (Rainfed/GW),High,Highly Suitable,Dindori Agricultural Zone,Directorate of Economics & Statistics (DES),https://desagri.gov.in/,2023,High,22.4334,78.9119
Madhya Pradesh,Guna,Wheat,Major producer,47481,227908,4.8,Rabi,High,Moderate (Rainfed/GW),High,Highly Suitable,Guna Agricultural Zone,Directorate of Economics & Statistics (DES),https://desagri.gov.in/,2023,High,23.6934,78.1919
Madhya Pradesh,Guna,Mustard,Moderate producer,39806,71650,1.8,Kharif,High,Moderate (Rainfed/GW),High,Highly Suitable,Guna Agricultural Zone,Directorate of Economics & Statistics (DES),https://desagri.gov.in/,2023,High,23.6934,78.1919
Madhya Pradesh,Guna,Gram,Major producer,51416,92548,1.8,Kharif,High,Moderate (Rainfed/GW),High,Highly Suitable,Guna Agricultural Zone,Directorate of Economics & Statistics (DES),https://desagri.gov.in/,2023,High,23.6934,78.1919
Madhya Pradesh,Gwalior,Wheat,Major producer,78215,375432,4.8,Rabi,High,Moderate (Rainfed/GW),High,Highly Suitable,Gwalior Agricultural Zone,Directorate of Economics & Statistics (DES),https://desagri.gov.in/,2023,High,23.1684,79.1819
Madhya Pradesh,Gwalior,Mustard,Major producer,60834,109501,1.8,Kharif,High,Moderate (Rainfed/GW),High,Highly Suitable,Gwalior Agricultural Zone,Directorate of Economics & Statistics (DES),https://desagri.gov.in/,2023,High,23.1684,79.1819
Madhya Pradesh,Gwalior,Gram,Major producer,52726,94906,1.8,Kharif,High,Moderate (Rainfed/GW),High,Highly Suitable,Gwalior Agricultural Zone,Directorate of Economics & Statistics (DES),https://desagri.gov.in/,2023,High,23.1684,79.1819
Madhya Pradesh,Harda,Wheat,Major producer,82853,397694,4.8,Rabi,High,Moderate (Rainfed/GW),High,Highly Suitable,Harda Agricultural Zone,Directorate of Economics & Statistics (DES),https://desagri.gov.in/,2023,High,23.4084,78.1169
Madhya Pradesh,Harda,Mustard,Moderate producer,34829,62692,1.8,Kharif,High,Moderate (Rainfed/GW),High,Highly Suitable,Harda Agricultural Zone,Directorate of Economics & Statistics (DES),https://desagri.gov.in/,2023,High,23.4084,78.1169
Madhya Pradesh,Harda,Gram,Major producer,62762,112971,1.8,Kharif,High,Moderate (Rainfed/GW),High,Highly Suitable,Harda Agricultural Zone,Directorate of Economics & Statistics (DES),https://desagri.gov.in/,2023,High,23.4084,78.1169
Madhya Pradesh,Hoshangabad,Wheat,Moderate producer,34701,166564,4.8,Rabi,High,Moderate (Rainfed/GW),High,Highly Suitable,Hoshangabad Agricultural Zone,Directorate of Economics & Statistics (DES),https://desagri.gov.in/,2023,High,23.0934,78.3569
Madhya Pradesh,Hoshangabad,Mustard,Major producer,74847,134724,1.8,Kharif,High,Moderate (Rainfed/GW),High,Highly Suitable,Hoshangabad Agricultural Zone,Directorate of Economics & Statistics (DES),https://desagri.gov.in/,2023,High,23.0934,78.3569
Madhya Pradesh,Hoshangabad,Gram,Major producer,51389,92500,1.8,Kharif,High,Moderate (Rainfed/GW),High,Highly Suitable,Hoshangabad Agricultural Zone,Directorate of Economics & Statistics (DES),https://desagri.gov.in/,2023,High,23.0934,78.3569
Madhya Pradesh,Indore,Wheat,Major producer,54873,263390,4.8,Rabi,High,Moderate (Rainfed/GW),High,Highly Suitable,Indore Agricultural Zone,Directorate of Economics & Statistics (DES),https://desagri.gov.in/,2023,High,22.8234,77.9669
Madhya Pradesh,Indore,Mustard,Major producer,86888,156398,1.8,Kharif,High,Moderate (Rainfed/GW),High,Highly Suitable,Indore Agricultural Zone,Directorate of Economics & Statistics (DES),https://desagri.gov.in/,2023,High,22.8234,77.9669
Madhya Pradesh,Indore,Gram,Major producer,70224,126403,1.8,Kharif,High,Moderate (Rainfed/GW),High,Highly Suitable,Indore Agricultural Zone,Directorate of Economics & Statistics (DES),https://desagri.gov.in/,2023,High,22.8234,77.9669
Madhya Pradesh,Jabalpur,Wheat,Minor producer,24334,116803,4.8,Rabi,High,Moderate (Rainfed/GW),High,Highly Suitable,Jabalpur Agricultural Zone,Directorate of Economics & Statistics (DES),https://desagri.gov.in/,2023,High,22.2834,78.7169
Madhya Pradesh,Jabalpur,Mustard,Moderate producer,32956,59320,1.8,Kharif,High,Moderate (Rainfed/GW),High,Highly Suitable,Jabalpur Agricultural Zone,Directorate of Economics & Statistics (DES),https://desagri.gov.in/,2023,High,22.2834,78.7169
Madhya Pradesh,Jabalpur,Gram,Major producer,52076,93736,1.8,Kharif,High,Moderate (Rainfed/GW),High,Highly Suitable,Jabalpur Agricultural Zone,Directorate of Economics & Statistics (DES),https://desagri.gov.in/,2023,High,22.2834,78.7169
Madhya Pradesh,Jhabua,Wheat,Minor producer,23174,111235,4.8,Rabi,High,Moderate (Rainfed/GW),High,Highly Suitable,Jhabua Agricultural Zone,Directorate of Economics & Statistics (DES),https://desagri.gov.in/,2023,High,22.7484,78.4019
Madhya Pradesh,Jhabua,Mustard,Major producer,49966,89938,1.8,Kharif,High,Moderate (Rainfed/GW),High,Highly Suitable,Jhabua Agricultural Zone,Directorate of Economics & Statistics (DES),https://desagri.gov.in/,2023,High,22.7484,78.4019
Madhya Pradesh,Jhabua,Gram,Major producer,45321,81577,1.8,Kharif,High,Moderate (Rainfed/GW),High,Highly Suitable,Jhabua Agricultural Zone,Directorate of Economics & Statistics (DES),https://desagri.gov.in/,2023,High,22.7484,78.4019
Madhya Pradesh,Katni,Wheat,Minor producer,21945,105336,4.8,Rabi,High,Moderate (Rainfed/GW),High,Highly Suitable,Katni Agricultural Zone,Directorate of Economics & Statistics (DES),https://desagri.gov.in/,2023,High,23.1384,79.3619
Madhya Pradesh,Katni,Mustard,Moderate producer,31361,56449,1.8,Kharif,High,Moderate (Rainfed/GW),High,Highly Suitable,Katni Agricultural Zone,Directorate of Economics & Statistics (DES),https://desagri.gov.in/,2023,High,23.1384,79.3619
Madhya Pradesh,Katni,Gram,Major producer,80218,144392,1.8,Kharif,High,Moderate (Rainfed/GW),High,Highly Suitable,Katni Agricultural Zone,Directorate of Economics & Statistics (DES),https://desagri.gov.in/,2023,High,23.1384,79.3619
Madhya Pradesh,Khandwa,Wheat,Moderate producer,36315,174312,4.8,Rabi,High,Moderate (Rainfed/GW),High,Highly Suitable,Khandwa Agricultural Zone,Directorate of Economics & Statistics (DES),https://desagri.gov.in/,2023,High,23.2434,78.6569
Madhya Pradesh,Khandwa,Mustard,Major producer,52249,94048,1.8,Kharif,High,Moderate (Rainfed/GW),High,Highly Suitable,Khandwa Agricultural Zone,Directorate of Economics & Statistics (DES),https://desagri.gov.in/,2023,High,23.2434,78.6569
Madhya Pradesh,Khandwa,Gram,Minor producer,22070,39726,1.8,Kharif,High,Moderate (Rainfed/GW),High,Highly Suitable,Khandwa Agricultural Zone,Directorate of Economics & Statistics (DES),https://desagri.gov.in/,2023,High,23.2434,78.6569
Madhya Pradesh,Khargone,Wheat,Moderate producer,25410,121968,4.8,Rabi,High,Moderate (Rainfed/GW),High,Highly Suitable,Khargone Agricultural Zone,Directorate of Economics & Statistics (DES),https://desagri.gov.in/,2023,High,22.5234,78.3419
Madhya Pradesh,Khargone,Mustard,Major producer,73851,132931,1.8,Kharif,High,Moderate (Rainfed/GW),High,Highly Suitable,Khargone Agricultural Zone,Directorate of Economics & Statistics (DES),https://desagri.gov.in/,2023,High,22.5234,78.3419
Madhya Pradesh,Khargone,Gram,Major producer,62011,111619,1.8,Kharif,High,Moderate (Rainfed/GW),High,Highly Suitable,Khargone Agricultural Zone,Directorate of Economics & Statistics (DES),https://desagri.gov.in/,2023,High,22.5234,78.3419
Madhya Pradesh,Mandla,Wheat,Major producer,82700,396960,4.8,Rabi,High,Moderate (Rainfed/GW),High,Highly Suitable,Mandla Agricultural Zone,Directorate of Economics & Statistics (DES),https://desagri.gov.in/,2023,High,23.4084,78.9119
Madhya Pradesh,Mandla,Mustard,Major producer,82374,148273,1.8,Kharif,High,Moderate (Rainfed/GW),High,Highly Suitable,Mandla Agricultural Zone,Directorate of Economics & Statistics (DES),https://desagri.gov.in/,2023,High,23.4084,78.9119
Madhya Pradesh,Mandla,Gram,Major producer,85562,154011,1.8,Kharif,High,Moderate (Rainfed/GW),High,Highly Suitable,Mandla Agricultural Zone,Directorate of Economics & Statistics (DES),https://desagri.gov.in/,2023,High,23.4084,78.9119
Madhya Pradesh,Mandsaur,Wheat,Major producer,87901,421924,4.8,Rabi,High,Moderate (Rainfed/GW),High,Highly Suitable,Mandsaur Agricultural Zone,Directorate of Economics & Statistics (DES),https://desagri.gov.in/,2023,High,23.1834,78.8969
Madhya Pradesh,Mandsaur,Mustard,Major producer,76528,137750,1.8,Kharif,High,Moderate (Rainfed/GW),High,Highly Suitable,Mandsaur Agricultural Zone,Directorate of Economics & Statistics (DES),https://desagri.gov.in/,2023,High,23.1834,78.8969
Madhya Pradesh,Mandsaur,Gram,Major producer,77079,138742,1.8,Kharif,High,Moderate (Rainfed/GW),High,Highly Suitable,Mandsaur Agricultural Zone,Directorate of Economics & Statistics (DES),https://desagri.gov.in/,2023,High,23.1834,78.8969
Madhya Pradesh,Morena,Wheat,Major producer,81543,391406,4.8,Rabi,High,Moderate (Rainfed/GW),High,Highly Suitable,Morena Agricultural Zone,Directorate of Economics & Statistics (DES),https://desagri.gov.in/,2023,High,22.9284,79.0019
Madhya Pradesh,Morena,Mustard,Major producer,49147,88464,1.8,Kharif,High,Moderate (Rainfed/GW),High,Highly Suitable,Morena Agricultural Zone,Directorate of Economics & Statistics (DES),https://desagri.gov.in/,2023,High,22.9284,79.0019
Madhya Pradesh,Morena,Gram,Major producer,49483,89069,1.8,Kharif,High,Moderate (Rainfed/GW),High,Highly Suitable,Morena Agricultural Zone,Directorate of Economics & Statistics (DES),https://desagri.gov.in/,2023,High,22.9284,79.0019
Madhya Pradesh,Narsinghpur,Wheat,Minor producer,21429,102859,4.8,Rabi,High,Moderate (Rainfed/GW),High,Highly Suitable,Narsinghpur Agricultural Zone,Directorate of Economics & Statistics (DES),https://desagri.gov.in/,2023,High,22.9284,78.9119
Madhya Pradesh,Narsinghpur,Mustard,Major producer,67803,122045,1.8,Kharif,High,Moderate (Rainfed/GW),High,Highly Suitable,Narsinghpur Agricultural Zone,Directorate of Economics & Statistics (DES),https://desagri.gov.in/,2023,High,22.9284,78.9119
Madhya Pradesh,Narsinghpur,Gram,Minor producer,21193,38147,1.8,Kharif,High,Moderate (Rainfed/GW),High,Highly Suitable,Narsinghpur Agricultural Zone,Directorate of Economics & Statistics (DES),https://desagri.gov.in/,2023,High,22.9284,78.9119
Madhya Pradesh,Neemuch,Wheat,Major producer,57213,274622,4.8,Rabi,High,Moderate (Rainfed/GW),High,Highly Suitable,Neemuch Agricultural Zone,Directorate of Economics & Statistics (DES),https://desagri.gov.in/,2023,High,23.3034,78.7919
Madhya Pradesh,Neemuch,Mustard,Moderate producer,42780,77004,1.8,Kharif,High,Moderate (Rainfed/GW),High,Highly Suitable,Neemuch Agricultural Zone,Directorate of Economics & Statistics (DES),https://desagri.gov.in/,2023,High,23.3034,78.7919
Madhya Pradesh,Neemuch,Gram,Major producer,85619,154114,1.8,Kharif,High,Moderate (Rainfed/GW),High,Highly Suitable,Neemuch Agricultural Zone,Directorate of Economics & Statistics (DES),https://desagri.gov.in/,2023,High,23.3034,78.7919
Madhya Pradesh,Panna,Wheat,Moderate producer,41889,201067,4.8,Rabi,High,Moderate (Rainfed/GW),High,Highly Suitable,Panna Agricultural Zone,Directorate of Economics & Statistics (DES),https://desagri.gov.in/,2023,High,22.6284,78.1769
Madhya Pradesh,Panna,Mustard,Major producer,66143,119057,1.8,Kharif,High,Moderate (Rainfed/GW),High,Highly Suitable,Panna Agricultural Zone,Directorate of Economics & Statistics (DES),https://desagri.gov.in/,2023,High,22.6284,78.1769
Madhya Pradesh,Panna,Gram,Major producer,59406,106930,1.8,Kharif,High,Moderate (Rainfed/GW),High,Highly Suitable,Panna Agricultural Zone,Directorate of Economics & Statistics (DES),https://desagri.gov.in/,2023,High,22.6284,78.1769
Madhya Pradesh,Raisen,Wheat,Major producer,61013,292862,4.8,Rabi,High,Moderate (Rainfed/GW),High,Highly Suitable,Raisen Agricultural Zone,Directorate of Economics & Statistics (DES),https://desagri.gov.in/,2023,High,22.4634,78.6419
Madhya Pradesh,Raisen,Mustard,Major producer,70779,127402,1.8,Kharif,High,Moderate (Rainfed/GW),High,Highly Suitable,Raisen Agricultural Zone,Directorate of Economics & Statistics (DES),https://desagri.gov.in/,2023,High,22.4634,78.6419
Madhya Pradesh,Raisen,Gram,Moderate producer,29348,52826,1.8,Kharif,High,Moderate (Rainfed/GW),High,Highly Suitable,Raisen Agricultural Zone,Directorate of Economics & Statistics (DES),https://desagri.gov.in/,2023,High,22.4634,78.6419
Madhya Pradesh,Rajgarh,Wheat,Moderate producer,37934,182083,4.8,Rabi,High,Moderate (Rainfed/GW),High,Highly Suitable,Rajgarh Agricultural Zone,Directorate of Economics & Statistics (DES),https://desagri.gov.in/,2023,High,22.6884,78.9719
Madhya Pradesh,Rajgarh,Mustard,Major producer,45388,81698,1.8,Kharif,High,Moderate (Rainfed/GW),High,Highly Suitable,Rajgarh Agricultural Zone,Directorate of Economics & Statistics (DES),https://desagri.gov.in/,2023,High,22.6884,78.9719
Madhya Pradesh,Rajgarh,Gram,Major producer,62159,111886,1.8,Kharif,High,Moderate (Rainfed/GW),High,Highly Suitable,Rajgarh Agricultural Zone,Directorate of Economics & Statistics (DES),https://desagri.gov.in/,2023,High,22.6884,78.9719
Madhya Pradesh,Ratlam,Wheat,Major producer,49615,238152,4.8,Rabi,High,Moderate (Rainfed/GW),High,Highly Suitable,Ratlam Agricultural Zone,Directorate of Economics & Statistics (DES),https://desagri.gov.in/,2023,High,23.5434,78.6719
Madhya Pradesh,Ratlam,Mustard,Major producer,83911,151039,1.8,Kharif,High,Moderate (Rainfed/GW),High,Highly Suitable,Ratlam Agricultural Zone,Directorate of Economics & Statistics (DES),https://desagri.gov.in/,2023,High,23.5434,78.6719
Madhya Pradesh,Ratlam,Gram,Major producer,52299,94138,1.8,Kharif,High,Moderate (Rainfed/GW),High,Highly Suitable,Ratlam Agricultural Zone,Directorate of Economics & Statistics (DES),https://desagri.gov.in/,2023,High,23.5434,78.6719
Madhya Pradesh,Rewa,Wheat,Moderate producer,30973,148670,4.8,Rabi,High,Moderate (Rainfed/GW),High,Highly Suitable,Rewa Agricultural Zone,Directorate of Economics & Statistics (DES),https://desagri.gov.in/,2023,High,22.3884,78.3269
Madhya Pradesh,Rewa,Mustard,Major producer,55654,100177,1.8,Kharif,High,Moderate (Rainfed/GW),High,Highly Suitable,Rewa Agricultural Zone,Directorate of Economics & Statistics (DES),https://desagri.gov.in/,2023,High,22.3884,78.3269
Madhya Pradesh,Rewa,Gram,Major producer,56499,101698,1.8,Kharif,High,Moderate (Rainfed/GW),High,Highly Suitable,Rewa Agricultural Zone,Directorate of Economics & Statistics (DES),https://desagri.gov.in/,2023,High,22.3884,78.3269
Madhya Pradesh,Sagar,Wheat,Major producer,69570,333936,4.8,Rabi,High,Moderate (Rainfed/GW),High,Highly Suitable,Sagar Agricultural Zone,Directorate of Economics & Statistics (DES),https://desagri.gov.in/,2023,High,22.9734,78.7919
Madhya Pradesh,Sagar,Mustard,Moderate producer,42112,75801,1.8,Kharif,High,Moderate (Rainfed/GW),High,Highly Suitable,Sagar Agricultural Zone,Directorate of Economics & Statistics (DES),https://desagri.gov.in/,2023,High,22.9734,78.7919
Madhya Pradesh,Sagar,Gram,Moderate producer,41665,74997,1.8,Kharif,High,Moderate (Rainfed/GW),High,Highly Suitable,Sagar Agricultural Zone,Directorate of Economics & Statistics (DES),https://desagri.gov.in/,2023,High,22.9734,78.7919
Madhya Pradesh,Satna,Wheat,Minor producer,20919,100411,4.8,Rabi,High,Moderate (Rainfed/GW),High,Highly Suitable,Satna Agricultural Zone,Directorate of Economics & Statistics (DES),https://desagri.gov.in/,2023,High,22.4334,78.8369
Madhya Pradesh,Satna,Mustard,Moderate producer,27107,48792,1.8,Kharif,High,Moderate (Rainfed/GW),High,Highly Suitable,Satna Agricultural Zone,Directorate of Economics & Statistics (DES),https://desagri.gov.in/,2023,High,22.4334,78.8369
Madhya Pradesh,Satna,Gram,Minor producer,20787,37416,1.8,Kharif,High,Moderate (Rainfed/GW),High,Highly Suitable,Satna Agricultural Zone,Directorate of Economics & Statistics (DES),https://desagri.gov.in/,2023,High,22.4334,78.8369
Madhya Pradesh,Sehore,Wheat,Major producer,56296,270220,4.8,Rabi,High,Moderate (Rainfed/GW),High,Highly Suitable,Sehore Agricultural Zone,Directorate of Economics & Statistics (DES),https://desagri.gov.in/,2023,High,23.1834,78.0419
Madhya Pradesh,Sehore,Mustard,Moderate producer,36682,66027,1.8,Kharif,High,Moderate (Rainfed/GW),High,Highly Suitable,Sehore Agricultural Zone,Directorate of Economics & Statistics (DES),https://desagri.gov.in/,2023,High,23.1834,78.0419
Madhya Pradesh,Sehore,Gram,Major producer,70134,126241,1.8,Kharif,High,Moderate (Rainfed/GW),High,Highly Suitable,Sehore Agricultural Zone,Directorate of Economics & Statistics (DES),https://desagri.gov.in/,2023,High,23.1834,78.0419
Madhya Pradesh,Seoni,Wheat,Minor producer,23392,112281,4.8,Rabi,High,Moderate (Rainfed/GW),High,Highly Suitable,Seoni Agricultural Zone,Directorate of Economics & Statistics (DES),https://desagri.gov.in/,2023,High,22.8234,78.3119
Madhya Pradesh,Seoni,Mustard,Major producer,55986,100774,1.8,Kharif,High,Moderate (Rainfed/GW),High,Highly Suitable,Seoni Agricultural Zone,Directorate of Economics & Statistics (DES),https://desagri.gov.in/,2023,High,22.8234,78.3119
Madhya Pradesh,Seoni,Gram,Moderate producer,32038,57668,1.8,Kharif,High,Moderate (Rainfed/GW),High,Highly Suitable,Seoni Agricultural Zone,Directorate of Economics & Statistics (DES),https://desagri.gov.in/,2023,High,22.8234,78.3119
Madhya Pradesh,Shahdol,Wheat,Major producer,47237,226737,4.8,Rabi,High,Moderate (Rainfed/GW),High,Highly Suitable,Shahdol Agricultural Zone,Directorate of Economics & Statistics (DES),https://desagri.gov.in/,2023,High,23.1234,78.2219
Madhya Pradesh,Shahdol,Mustard,Major producer,57284,103111,1.8,Kharif,High,Moderate (Rainfed/GW),High,Highly Suitable,Shahdol Agricultural Zone,Directorate of Economics & Statistics (DES),https://desagri.gov.in/,2023,High,23.1234,78.2219
Madhya Pradesh,Shahdol,Gram,Major producer,56214,101185,1.8,Kharif,High,Moderate (Rainfed/GW),High,Highly Suitable,Shahdol Agricultural Zone,Directorate of Economics & Statistics (DES),https://desagri.gov.in/,2023,High,23.1234,78.2219
Madhya Pradesh,Shajapur,Wheat,Moderate producer,33821,162340,4.8,Rabi,High,Moderate (Rainfed/GW),High,Highly Suitable,Shajapur Agricultural Zone,Directorate of Economics & Statistics (DES),https://desagri.gov.in/,2023,High,22.7184,78.4469
Madhya Pradesh,Shajapur,Mustard,Major producer,57006,102610,1.8,Kharif,High,Moderate (Rainfed/GW),High,Highly Suitable,Shajapur Agricultural Zone,Directorate of Economics & Statistics (DES),https://desagri.gov.in/,2023,High,22.7184,78.4469
Madhya Pradesh,Shajapur,Gram,Major producer,78424,141163,1.8,Kharif,High,Moderate (Rainfed/GW),High,Highly Suitable,Shajapur Agricultural Zone,Directorate of Economics & Statistics (DES),https://desagri.gov.in/,2023,High,22.7184,78.4469
Madhya Pradesh,Sheopur,Wheat,Major producer,72227,346689,4.8,Rabi,High,Moderate (Rainfed/GW),High,Highly Suitable,Sheopur Agricultural Zone,Directorate of Economics & Statistics (DES),https://desagri.gov.in/,2023,High,22.2984,79.3919
Madhya Pradesh,Sheopur,Mustard,Major producer,55122,99219,1.8,Kharif,High,Moderate (Rainfed/GW),High,Highly Suitable,Sheopur Agricultural Zone,Directorate of Economics & Statistics (DES),https://desagri.gov.in/,2023,High,22.2984,79.3919
Madhya Pradesh,Sheopur,Gram,Major producer,93793,168827,1.8,Kharif,High,Moderate (Rainfed/GW),High,Highly Suitable,Sheopur Agricultural Zone,Directorate of Economics & Statistics (DES),https://desagri.gov.in/,2023,High,22.2984,79.3919
Madhya Pradesh,Shivpuri,Wheat,Major producer,85214,409027,4.8,Rabi,High,Moderate (Rainfed/GW),High,Highly Suitable,Shivpuri Agricultural Zone,Directorate of Economics & Statistics (DES),https://desagri.gov.in/,2023,High,23.4834,78.0869
Madhya Pradesh,Shivpuri,Mustard,Major producer,91526,164746,1.8,Kharif,High,Moderate (Rainfed/GW),High,Highly Suitable,Shivpuri Agricultural Zone,Directorate of Economics & Statistics (DES),https://desagri.gov.in/,2023,High,23.4834,78.0869
Madhya Pradesh,Shivpuri,Gram,Major producer,92137,165846,1.8,Kharif,High,Moderate (Rainfed/GW),High,Highly Suitable,Shivpuri Agricultural Zone,Directorate of Economics & Statistics (DES),https://desagri.gov.in/,2023,High,23.4834,78.0869
Madhya Pradesh,Sidhi,Wheat,Major producer,49941,239716,4.8,Rabi,High,Moderate (Rainfed/GW),High,Highly Suitable,Sidhi Agricultural Zone,Directorate of Economics & Statistics (DES),https://desagri.gov.in/,2023,High,22.7184,79.1369
Madhya Pradesh,Sidhi,Mustard,Major producer,81834,147301,1.8,Kharif,High,Moderate (Rainfed/GW),High,Highly Suitable,Sidhi Agricultural Zone,Directorate of Economics & Statistics (DES),https://desagri.gov.in/,2023,High,22.7184,79.1369
Madhya Pradesh,Sidhi,Gram,Major producer,83749,150748,1.8,Kharif,High,Moderate (Rainfed/GW),High,Highly Suitable,Sidhi Agricultural Zone,Directorate of Economics & Statistics (DES),https://desagri.gov.in/,2023,High,22.7184,79.1369
Madhya Pradesh,Singrauli,Wheat,Major producer,65472,314265,4.8,Rabi,High,Moderate (Rainfed/GW),High,Highly Suitable,Singrauli Agricultural Zone,Directorate of Economics & Statistics (DES),https://desagri.gov.in/,2023,High,22.4484,78.1619
Madhya Pradesh,Singrauli,Mustard,Major producer,69676,125416,1.8,Kharif,High,Moderate (Rainfed/GW),High,Highly Suitable,Singrauli Agricultural Zone,Directorate of Economics & Statistics (DES),https://desagri.gov.in/,2023,High,22.4484,78.1619
Madhya Pradesh,Singrauli,Gram,Major producer,83398,150116,1.8,Kharif,High,Moderate (Rainfed/GW),High,Highly Suitable,Singrauli Agricultural Zone,Directorate of Economics & Statistics (DES),https://desagri.gov.in/,2023,High,22.4484,78.1619
Madhya Pradesh,Tikamgarh,Wheat,Major producer,64685,310488,4.8,Rabi,High,Moderate (Rainfed/GW),High,Highly Suitable,Tikamgarh Agricultural Zone,Directorate of Economics & Statistics (DES),https://desagri.gov.in/,2023,High,22.7634,79.2269
Madhya Pradesh,Tikamgarh,Mustard,Minor producer,20810,37458,1.8,Kharif,High,Moderate (Rainfed/GW),High,Highly Suitable,Tikamgarh Agricultural Zone,Directorate of Economics & Statistics (DES),https://desagri.gov.in/,2023,High,22.7634,79.2269
Madhya Pradesh,Tikamgarh,Gram,Minor producer,21515,38727,1.8,Kharif,High,Moderate (Rainfed/GW),High,Highly Suitable,Tikamgarh Agricultural Zone,Directorate of Economics & Statistics (DES),https://desagri.gov.in/,2023,High,22.7634,79.2269
Madhya Pradesh,Ujjain,Wheat,Major producer,70325,337560,4.8,Rabi,High,Moderate (Rainfed/GW),High,Highly Suitable,Ujjain Agricultural Zone,Directorate of Economics & Statistics (DES),https://desagri.gov.in/,2023,High,22.7334,78.8969
Madhya Pradesh,Ujjain,Mustard,Major producer,65679,118222,1.8,Kharif,High,Moderate (Rainfed/GW),High,Highly Suitable,Ujjain Agricultural Zone,Directorate of Economics & Statistics (DES),https://desagri.gov.in/,2023,High,22.7334,78.8969
Madhya Pradesh,Ujjain,Gram,Major producer,79233,142619,1.8,Kharif,High,Moderate (Rainfed/GW),High,Highly Suitable,Ujjain Agricultural Zone,Directorate of Economics & Statistics (DES),https://desagri.gov.in/,2023,High,22.7334,78.8969
Madhya Pradesh,Umaria,Wheat,Major producer,77098,370070,4.8,Rabi,High,Moderate (Rainfed/GW),High,Highly Suitable,Umaria Agricultural Zone,Directorate of Economics & Statistics (DES),https://desagri.gov.in/,2023,High,22.3884,78.9419
Madhya Pradesh,Umaria,Mustard,Major producer,80760,145368,1.8,Kharif,High,Moderate (Rainfed/GW),High,Highly Suitable,Umaria Agricultural Zone,Directorate of Economics & Statistics (DES),https://desagri.gov.in/,2023,High,22.3884,78.9419
Madhya Pradesh,Umaria,Gram,Moderate producer,27808,50054,1.8,Kharif,High,Moderate (Rainfed/GW),High,Highly Suitable,Umaria Agricultural Zone,Directorate of Economics & Statistics (DES),https://desagri.gov.in/,2023,High,22.3884,78.9419
Madhya Pradesh,Vidisha,Wheat,Moderate producer,29364,140947,4.8,Rabi,High,Moderate (Rainfed/GW),High,Highly Suitable,Vidisha Agricultural Zone,Directorate of Economics & Statistics (DES),https://desagri.gov.in/,2023,High,22.3584,78.9869
Madhya Pradesh,Vidisha,Mustard,Major producer,77016,138628,1.8,Kharif,High,Moderate (Rainfed/GW),High,Highly Suitable,Vidisha Agricultural Zone,Directorate of Economics & Statistics (DES),https://desagri.gov.in/,2023,High,22.3584,78.9869
Madhya Pradesh,Vidisha,Gram,Major producer,71245,128241,1.8,Kharif,High,Moderate (Rainfed/GW),High,Highly Suitable,Vidisha Agricultural Zone,Directorate of Economics & Statistics (DES),https://desagri.gov.in/,2023,High,22.3584,78.9869
Maharashtra,Ahmednagar,Onion,Major producer,90725,1496962,16.5,Rabi,High,Moderate (Rainfed/GW),High,Highly Suitable,Ahmednagar Agricultural Zone,Directorate of Economics & Statistics (DES),https://desagri.gov.in/,2023,High,19.5565,76.3289
Maharashtra,Ahmednagar,Jowar/Sorghum,Moderate producer,40322,72579,1.8,Kharif,High,Moderate (Rainfed/GW),High,Highly Suitable,Ahmednagar Agricultural Zone,Directorate of Economics & Statistics (DES),https://desagri.gov.in/,2023,High,19.5565,76.3289
Maharashtra,Ahmednagar,Soybean,Major producer,92706,166870,1.8,Kharif,High,Moderate (Rainfed/GW),High,Highly Suitable,Ahmednagar Agricultural Zone,Directorate of Economics & Statistics (DES),https://desagri.gov.in/,2023,High,19.5565,76.3289
Maharashtra,Akola,Onion,Minor producer,20964,345906,16.5,Rabi,High,Moderate (Rainfed/GW),High,Highly Suitable,Akola Agricultural Zone,Directorate of Economics & Statistics (DES),https://desagri.gov.in/,2023,High,19.9015,75.8939
Maharashtra,Akola,Jowar/Sorghum,Major producer,72669,130804,1.8,Kharif,High,Moderate (Rainfed/GW),High,Highly Suitable,Akola Agricultural Zone,Directorate of Economics & Statistics (DES),https://desagri.gov.in/,2023,High,19.9015,75.8939
Maharashtra,Akola,Soybean,Major producer,87844,158119,1.8,Kharif,High,Moderate (Rainfed/GW),High,Highly Suitable,Akola Agricultural Zone,Directorate of Economics & Statistics (DES),https://desagri.gov.in/,2023,High,19.9015,75.8939
Maharashtra,Amravati,Onion,Moderate producer,30513,503464,16.5,Rabi,High,Moderate (Rainfed/GW),High,Highly Suitable,Amravati Agricultural Zone,Directorate of Economics & Statistics (DES),https://desagri.gov.in/,2023,High,19.3315,75.7739
Maharashtra,Amravati,Jowar/Sorghum,Major producer,64808,116654,1.8,Kharif,High,Moderate (Rainfed/GW),High,Highly Suitable,Amravati Agricultural Zone,Directorate of Economics & Statistics (DES),https://desagri.gov.in/,2023,High,19.3315,75.7739
Maharashtra,Amravati,Soybean,Major producer,63220,113796,1.8,Kharif,High,Moderate (Rainfed/GW),High,Highly Suitable,Amravati Agricultural Zone,Directorate of Economics & Statistics (DES),https://desagri.gov.in/,2023,High,19.3315,75.7739
Maharashtra,Aurangabad,Onion,Major producer,94464,1558656,16.5,Rabi,High,Moderate (Rainfed/GW),High,Highly Suitable,Aurangabad Agricultural Zone,Directorate of Economics & Statistics (DES),https://desagri.gov.in/,2023,High,20.2915,74.9639
Maharashtra,Aurangabad,Jowar/Sorghum,Minor producer,23314,41965,1.8,Kharif,High,Moderate (Rainfed/GW),High,Highly Suitable,Aurangabad Agricultural Zone,Directorate of Economics & Statistics (DES),https://desagri.gov.in/,2023,High,20.2915,74.9639
Maharashtra,Aurangabad,Soybean,Major producer,61231,110215,1.8,Kharif,High,Moderate (Rainfed/GW),High,Highly Suitable,Aurangabad Agricultural Zone,Directorate of Economics & Statistics (DES),https://desagri.gov.in/,2023,High,20.2915,74.9639
Maharashtra,Beed,Onion,Minor producer,21098,348117,16.5,Rabi,High,Moderate (Rainfed/GW),High,Highly Suitable,Beed Agricultural Zone,Directorate of Economics & Statistics (DES),https://desagri.gov.in/,2023,High,19.4965,76.3889
Maharashtra,Beed,Jowar/Sorghum,Major producer,82919,149254,1.8,Kharif,High,Moderate (Rainfed/GW),High,Highly Suitable,Beed Agricultural Zone,Directorate of Economics & Statistics (DES),https://desagri.gov.in/,2023,High,19.4965,76.3889
Maharashtra,Beed,Soybean,Major producer,77910,140238,1.8,Kharif,High,Moderate (Rainfed/GW),High,Highly Suitable,Beed Agricultural Zone,Directorate of Economics & Statistics (DES),https://desagri.gov.in/,2023,High,19.4965,76.3889
Maharashtra,Bhandara,Onion,Moderate producer,25181,415486,16.5,Rabi,High,Moderate (Rainfed/GW),High,Highly Suitable,Bhandara Agricultural Zone,Directorate of Economics & Statistics (DES),https://desagri.gov.in/,2023,High,19.7815,76.3589
Maharashtra,Bhandara,Jowar/Sorghum,Major producer,49664,89395,1.8,Kharif,High,Moderate (Rainfed/GW),High,Highly Suitable,Bhandara Agricultural Zone,Directorate of Economics & Statistics (DES),https://desagri.gov.in/,2023,High,19.7815,76.3589
Maharashtra,Bhandara,Soybean,Major producer,58354,105037,1.8,Kharif,High,Moderate (Rainfed/GW),High,Highly Suitable,Bhandara Agricultural Zone,Directorate of Economics & Statistics (DES),https://desagri.gov.in/,2023,High,19.7815,76.3589
Maharashtra,Buldhana,Onion,Moderate producer,44586,735669,16.5,Rabi,High,Moderate (Rainfed/GW),High,Highly Suitable,Buldhana Agricultural Zone,Directorate of Economics & Statistics (DES),https://desagri.gov.in/,2023,High,20.3365,75.5639
Maharashtra,Buldhana,Jowar/Sorghum,Moderate producer,30141,54253,1.8,Kharif,High,Moderate (Rainfed/GW),High,Highly Suitable,Buldhana Agricultural Zone,Directorate of Economics & Statistics (DES),https://desagri.gov.in/,2023,High,20.3365,75.5639
Maharashtra,Buldhana,Soybean,Major producer,52647,94764,1.8,Kharif,High,Moderate (Rainfed/GW),High,Highly Suitable,Buldhana Agricultural Zone,Directorate of Economics & Statistics (DES),https://desagri.gov.in/,2023,High,20.3365,75.5639
Maharashtra,Chandrapur,Onion,Major producer,68153,1124524,16.5,Rabi,High,Moderate (Rainfed/GW),High,Highly Suitable,Chandrapur Agricultural Zone,Directorate of Economics & Statistics (DES),https://desagri.gov.in/,2023,High,19.9465,75.6089
Maharashtra,Chandrapur,Jowar/Sorghum,Major producer,51384,92491,1.8,Kharif,High,Moderate (Rainfed/GW),High,Highly Suitable,Chandrapur Agricultural Zone,Directorate of Economics & Statistics (DES),https://desagri.gov.in/,2023,High,19.9465,75.6089
Maharashtra,Chandrapur,Soybean,Moderate producer,32668,58802,1.8,Kharif,High,Moderate (Rainfed/GW),High,Highly Suitable,Chandrapur Agricultural Zone,Directorate of Economics & Statistics (DES),https://desagri.gov.in/,2023,High,19.9465,75.6089
Maharashtra,Dhule,Onion,Moderate producer,35882,592053,16.5,Rabi,High,Moderate (Rainfed/GW),High,Highly Suitable,Dhule Agricultural Zone,Directorate of Economics & Statistics (DES),https://desagri.gov.in/,2023,High,19.8565,75.7589
Maharashtra,Dhule,Jowar/Sorghum,Moderate producer,26333,47399,1.8,Kharif,High,Moderate (Rainfed/GW),High,Highly Suitable,Dhule Agricultural Zone,Directorate of Economics & Statistics (DES),https://desagri.gov.in/,2023,High,19.8565,75.7589
Maharashtra,Dhule,Soybean,Major producer,60996,109792,1.8,Kharif,High,Moderate (Rainfed/GW),High,Highly Suitable,Dhule Agricultural Zone,Directorate of Economics & Statistics (DES),https://desagri.gov.in/,2023,High,19.8565,75.7589
Maharashtra,Gadchiroli,Onion,Moderate producer,35776,590304,16.5,Rabi,High,Moderate (Rainfed/GW),High,Highly Suitable,Gadchiroli Agricultural Zone,Directorate of Economics & Statistics (DES),https://desagri.gov.in/,2023,High,20.4565,76.1939
Maharashtra,Gadchiroli,Jowar/Sorghum,Major producer,56476,101656,1.8,Kharif,High,Moderate (Rainfed/GW),High,Highly Suitable,Gadchiroli Agricultural Zone,Directorate of Economics & Statistics (DES),https://desagri.gov.in/,2023,High,20.4565,76.1939
Maharashtra,Gadchiroli,Soybean,Major producer,50467,90840,1.8,Kharif,High,Moderate (Rainfed/GW),High,Highly Suitable,Gadchiroli Agricultural Zone,Directorate of Economics & Statistics (DES),https://desagri.gov.in/,2023,High,20.4565,76.1939
Maharashtra,Gondia,Onion,Major producer,87293,1440334,16.5,Rabi,High,Moderate (Rainfed/GW),High,Highly Suitable,Gondia Agricultural Zone,Directorate of Economics & Statistics (DES),https://desagri.gov.in/,2023,High,19.6015,75.8189
Maharashtra,Gondia,Jowar/Sorghum,Major producer,83372,150069,1.8,Kharif,High,Moderate (Rainfed/GW),High,Highly Suitable,Gondia Agricultural Zone,Directorate of Economics & Statistics (DES),https://desagri.gov.in/,2023,High,19.6015,75.8189
Maharashtra,Gondia,Soybean,Major producer,51070,91926,1.8,Kharif,High,Moderate (Rainfed/GW),High,Highly Suitable,Gondia Agricultural Zone,Directorate of Economics & Statistics (DES),https://desagri.gov.in/,2023,High,19.6015,75.8189
Maharashtra,Hingoli,Onion,Moderate producer,34163,563689,16.5,Rabi,High,Moderate (Rainfed/GW),High,Highly Suitable,Hingoli Agricultural Zone,Directorate of Economics & Statistics (DES),https://desagri.gov.in/,2023,High,19.1665,75.9389
Maharashtra,Hingoli,Jowar/Sorghum,Major producer,93699,168658,1.8,Kharif,High,Moderate (Rainfed/GW),High,Highly Suitable,Hingoli Agricultural Zone,Directorate of Economics & Statistics (DES),https://desagri.gov.in/,2023,High,19.1665,75.9389
Maharashtra,Hingoli,Soybean,Moderate producer,43197,77754,1.8,Kharif,High,Moderate (Rainfed/GW),High,Highly Suitable,Hingoli Agricultural Zone,Directorate of Economics & Statistics (DES),https://desagri.gov.in/,2023,High,19.1665,75.9389
Maharashtra,Jalgaon,Onion,Major producer,65681,1083736,16.5,Rabi,High,Moderate (Rainfed/GW),High,Highly Suitable,Jalgaon Agricultural Zone,Directorate of Economics & Statistics (DES),https://desagri.gov.in/,2023,High,19.3615,75.3539
Maharashtra,Jalgaon,Jowar/Sorghum,Moderate producer,30475,54855,1.8,Kharif,High,Moderate (Rainfed/GW),High,Highly Suitable,Jalgaon Agricultural Zone,Directorate of Economics & Statistics (DES),https://desagri.gov.in/,2023,High,19.3615,75.3539
Maharashtra,Jalgaon,Soybean,Major producer,90059,162106,1.8,Kharif,High,Moderate (Rainfed/GW),High,Highly Suitable,Jalgaon Agricultural Zone,Directorate of Economics & Statistics (DES),https://desagri.gov.in/,2023,High,19.3615,75.3539
Maharashtra,Jalna,Onion,Major producer,69855,1152607,16.5,Rabi,High,Moderate (Rainfed/GW),High,Highly Suitable,Jalna Agricultural Zone,Directorate of Economics & Statistics (DES),https://desagri.gov.in/,2023,High,19.6465,75.2939
Maharashtra,Jalna,Jowar/Sorghum,Major producer,55700,100260,1.8,Kharif,High,Moderate (Rainfed/GW),High,Highly Suitable,Jalna Agricultural Zone,Directorate of Economics & Statistics (DES),https://desagri.gov.in/,2023,High,19.6465,75.2939
Maharashtra,Jalna,Soybean,Major producer,84725,152505,1.8,Kharif,High,Moderate (Rainfed/GW),High,Highly Suitable,Jalna Agricultural Zone,Directorate of Economics & Statistics (DES),https://desagri.gov.in/,2023,High,19.6465,75.2939
Maharashtra,Kolhapur,Onion,Major producer,65898,1087317,16.5,Rabi,High,Moderate (Rainfed/GW),High,Highly Suitable,Kolhapur Agricultural Zone,Directorate of Economics & Statistics (DES),https://desagri.gov.in/,2023,High,19.1065,76.4039
Maharashtra,Kolhapur,Jowar/Sorghum,Major producer,71747,129144,1.8,Kharif,High,Moderate (Rainfed/GW),High,Highly Suitable,Kolhapur Agricultural Zone,Directorate of Economics & Statistics (DES),https://desagri.gov.in/,2023,High,19.1065,76.4039
Maharashtra,Kolhapur,Soybean,Moderate producer,39621,71317,1.8,Kharif,High,Moderate (Rainfed/GW),High,Highly Suitable,Kolhapur Agricultural Zone,Directorate of Economics & Statistics (DES),https://desagri.gov.in/,2023,High,19.1065,76.4039
Maharashtra,Latur,Onion,Moderate producer,42918,708147,16.5,Rabi,High,Moderate (Rainfed/GW),High,Highly Suitable,Latur Agricultural Zone,Directorate of Economics & Statistics (DES),https://desagri.gov.in/,2023,High,19.5265,75.2339
Maharashtra,Latur,Jowar/Sorghum,Major producer,63632,114537,1.8,Kharif,High,Moderate (Rainfed/GW),High,Highly Suitable,Latur Agricultural Zone,Directorate of Economics & Statistics (DES),https://desagri.gov.in/,2023,High,19.5265,75.2339
Maharashtra,Latur,Soybean,Major producer,71397,128514,1.8,Kharif,High,Moderate (Rainfed/GW),High,Highly Suitable,Latur Agricultural Zone,Directorate of Economics & Statistics (DES),https://desagri.gov.in/,2023,High,19.5265,75.2339
Maharashtra,Mumbai City,Onion,Major producer,63441,1046776,16.5,Rabi,High,Moderate (Rainfed/GW),High,Highly Suitable,Mumbai City Agricultural Zone,Directorate of Economics & Statistics (DES),https://desagri.gov.in/,2023,High,19.076,72.8777
Maharashtra,Mumbai City,Jowar/Sorghum,Major producer,87293,157127,1.8,Kharif,High,Moderate (Rainfed/GW),High,Highly Suitable,Mumbai City Agricultural Zone,Directorate of Economics & Statistics (DES),https://desagri.gov.in/,2023,High,19.076,72.8777
Maharashtra,Mumbai City,Soybean,Major producer,68085,122553,1.8,Kharif,High,Moderate (Rainfed/GW),High,Highly Suitable,Mumbai City Agricultural Zone,Directorate of Economics & Statistics (DES),https://desagri.gov.in/,2023,High,19.076,72.8777
Maharashtra,Mumbai Suburban,Onion,Major producer,88987,1468285,16.5,Rabi,High,Moderate (Rainfed/GW),High,Highly Suitable,Mumbai Suburban Agricultural Zone,Directorate of Economics & Statistics (DES),https://desagri.gov.in/,2023,High,19.8115,76.2689
Maharashtra,Mumbai Suburban,Jowar/Sorghum,Major producer,83958,151124,1.8,Kharif,High,Moderate (Rainfed/GW),High,Highly Suitable,Mumbai Suburban Agricultural Zone,Directorate of Economics & Statistics (DES),https://desagri.gov.in/,2023,High,19.8115,76.2689
Maharashtra,Mumbai Suburban,Soybean,Moderate producer,38418,69152,1.8,Kharif,High,Moderate (Rainfed/GW),High,Highly Suitable,Mumbai Suburban Agricultural Zone,Directorate of Economics & Statistics (DES),https://desagri.gov.in/,2023,High,19.8115,76.2689
Maharashtra,Nagpur,Onion,Major producer,81191,1339651,16.5,Rabi,High,Moderate (Rainfed/GW),High,Highly Suitable,Nagpur Agricultural Zone,Directorate of Economics & Statistics (DES),https://desagri.gov.in/,2023,High,19.9765,75.5189
Maharashtra,Nagpur,Jowar/Sorghum,Major producer,60760,109368,1.8,Kharif,High,Moderate (Rainfed/GW),High,Highly Suitable,Nagpur Agricultural Zone,Directorate of Economics & Statistics (DES),https://desagri.gov.in/,2023,High,19.9765,75.5189
Maharashtra,Nagpur,Soybean,Minor producer,24483,44069,1.8,Kharif,High,Moderate (Rainfed/GW),High,Highly Suitable,Nagpur Agricultural Zone,Directorate of Economics & Statistics (DES),https://desagri.gov.in/,2023,High,19.9765,75.5189
Maharashtra,Nanded,Onion,Moderate producer,26656,439824,16.5,Rabi,High,Moderate (Rainfed/GW),High,Highly Suitable,Nanded Agricultural Zone,Directorate of Economics & Statistics (DES),https://desagri.gov.in/,2023,High,20.1715,75.9539
Maharashtra,Nanded,Jowar/Sorghum,Major producer,59039,106270,1.8,Kharif,High,Moderate (Rainfed/GW),High,Highly Suitable,Nanded Agricultural Zone,Directorate of Economics & Statistics (DES),https://desagri.gov.in/,2023,High,20.1715,75.9539
Maharashtra,Nanded,Soybean,Moderate producer,25823,46481,1.8,Kharif,High,Moderate (Rainfed/GW),High,Highly Suitable,Nanded Agricultural Zone,Directorate of Economics & Statistics (DES),https://desagri.gov.in/,2023,High,20.1715,75.9539
Maharashtra,Nandurbar,Onion,Major producer,54608,901032,16.5,Rabi,High,Moderate (Rainfed/GW),High,Highly Suitable,Nandurbar Agricultural Zone,Directorate of Economics & Statistics (DES),https://desagri.gov.in/,2023,High,20.2465,76.4039
Maharashtra,Nandurbar,Jowar/Sorghum,Major producer,58658,105584,1.8,Kharif,High,Moderate (Rainfed/GW),High,Highly Suitable,Nandurbar Agricultural Zone,Directorate of Economics & Statistics (DES),https://desagri.gov.in/,2023,High,20.2465,76.4039
Maharashtra,Nandurbar,Soybean,Major producer,89141,160453,1.8,Kharif,High,Moderate (Rainfed/GW),High,Highly Suitable,Nandurbar Agricultural Zone,Directorate of Economics & Statistics (DES),https://desagri.gov.in/,2023,High,20.2465,76.4039
Maharashtra,Nashik,Onion,Major producer,73076,1205754,16.5,Rabi,High,Moderate (Rainfed/GW),High,Highly Suitable,Nashik Agricultural Zone,Directorate of Economics & Statistics (DES),https://desagri.gov.in/,2023,High,19.9975,73.7898
Maharashtra,Nashik,Jowar/Sorghum,Major producer,59226,106606,1.8,Kharif,High,Moderate (Rainfed/GW),High,Highly Suitable,Nashik Agricultural Zone,Directorate of Economics & Statistics (DES),https://desagri.gov.in/,2023,High,19.9975,73.7898
Maharashtra,Nashik,Soybean,Moderate producer,31932,57477,1.8,Kharif,High,Moderate (Rainfed/GW),High,Highly Suitable,Nashik Agricultural Zone,Directorate of Economics & Statistics (DES),https://desagri.gov.in/,2023,High,19.9975,73.7898
Maharashtra,Osmanabad,Onion,Major producer,52112,859848,16.5,Rabi,High,Moderate (Rainfed/GW),High,Highly Suitable,Osmanabad Agricultural Zone,Directorate of Economics & Statistics (DES),https://desagri.gov.in/,2023,High,19.1515,75.7889
Maharashtra,Osmanabad,Jowar/Sorghum,Major producer,76435,137583,1.8,Kharif,High,Moderate (Rainfed/GW),High,Highly Suitable,Osmanabad Agricultural Zone,Directorate of Economics & Statistics (DES),https://desagri.gov.in/,2023,High,19.1515,75.7889
Maharashtra,Osmanabad,Soybean,Major producer,52665,94797,1.8,Kharif,High,Moderate (Rainfed/GW),High,Highly Suitable,Osmanabad Agricultural Zone,Directorate of Economics & Statistics (DES),https://desagri.gov.in/,2023,High,19.1515,75.7889
Maharashtra,Palghar,Onion,Major producer,63010,1039665,16.5,Rabi,High,Moderate (Rainfed/GW),High,Highly Suitable,Palghar Agricultural Zone,Directorate of Economics & Statistics (DES),https://desagri.gov.in/,2023,High,19.2415,75.2789
Maharashtra,Palghar,Jowar/Sorghum,Major producer,45210,81378,1.8,Kharif,High,Moderate (Rainfed/GW),High,Highly Suitable,Palghar Agricultural Zone,Directorate of Economics & Statistics (DES),https://desagri.gov.in/,2023,High,19.2415,75.2789
Maharashtra,Palghar,Soybean,Major producer,83174,149713,1.8,Kharif,High,Moderate (Rainfed/GW),High,Highly Suitable,Palghar Agricultural Zone,Directorate of Economics & Statistics (DES),https://desagri.gov.in/,2023,High,19.2415,75.2789
Maharashtra,Parbhani,Onion,Major producer,83554,1378641,16.5,Rabi,High,Moderate (Rainfed/GW),High,Highly Suitable,Parbhani Agricultural Zone,Directorate of Economics & Statistics (DES),https://desagri.gov.in/,2023,High,20.3815,75.4289
Maharashtra,Parbhani,Jowar/Sorghum,Moderate producer,37161,66889,1.8,Kharif,High,Moderate (Rainfed/GW),High,Highly Suitable,Parbhani Agricultural Zone,Directorate of Economics & Statistics (DES),https://desagri.gov.in/,2023,High,20.3815,75.4289
Maharashtra,Parbhani,Soybean,Major producer,84490,152082,1.8,Kharif,High,Moderate (Rainfed/GW),High,Highly Suitable,Parbhani Agricultural Zone,Directorate of Economics & Statistics (DES),https://desagri.gov.in/,2023,High,20.3815,75.4289
Maharashtra,Pune,Onion,Moderate producer,38085,628402,16.5,Rabi,High,Moderate (Rainfed/GW),High,Highly Suitable,Pune Agricultural Zone,Directorate of Economics & Statistics (DES),https://desagri.gov.in/,2023,High,18.5204,73.8567
Maharashtra,Pune,Jowar/Sorghum,Major producer,55427,99768,1.8,Kharif,High,Moderate (Rainfed/GW),High,Highly Suitable,Pune Agricultural Zone,Directorate of Economics & Statistics (DES),https://desagri.gov.in/,2023,High,18.5204,73.8567
Maharashtra,Pune,Soybean,Major producer,86602,155883,1.8,Kharif,High,Moderate (Rainfed/GW),High,Highly Suitable,Pune Agricultural Zone,Directorate of Economics & Statistics (DES),https://desagri.gov.in/,2023,High,18.5204,73.8567
Maharashtra,Raigad,Onion,Major producer,76246,1258059,16.5,Rabi,High,Moderate (Rainfed/GW),High,Highly Suitable,Raigad Agricultural Zone,Directorate of Economics & Statistics (DES),https://desagri.gov.in/,2023,High,19.9015,76.1489
Maharashtra,Raigad,Jowar/Sorghum,Moderate producer,41307,74352,1.8,Kharif,High,Moderate (Rainfed/GW),High,Highly Suitable,Raigad Agricultural Zone,Directorate of Economics & Statistics (DES),https://desagri.gov.in/,2023,High,19.9015,76.1489
Maharashtra,Raigad,Soybean,Moderate producer,44946,80902,1.8,Kharif,High,Moderate (Rainfed/GW),High,Highly Suitable,Raigad Agricultural Zone,Directorate of Economics & Statistics (DES),https://desagri.gov.in/,2023,High,19.9015,76.1489
Maharashtra,Ratnagiri,Onion,Major producer,65831,1086211,16.5,Rabi,High,Moderate (Rainfed/GW),High,Highly Suitable,Ratnagiri Agricultural Zone,Directorate of Economics & Statistics (DES),https://desagri.gov.in/,2023,High,20.1415,75.1289
Maharashtra,Ratnagiri,Jowar/Sorghum,Moderate producer,34729,62512,1.8,Kharif,High,Moderate (Rainfed/GW),High,Highly Suitable,Ratnagiri Agricultural Zone,Directorate of Economics & Statistics (DES),https://desagri.gov.in/,2023,High,20.1415,75.1289
Maharashtra,Ratnagiri,Soybean,Moderate producer,38311,68959,1.8,Kharif,High,Moderate (Rainfed/GW),High,Highly Suitable,Ratnagiri Agricultural Zone,Directorate of Economics & Statistics (DES),https://desagri.gov.in/,2023,High,20.1415,75.1289
Maharashtra,Sangli,Onion,Major producer,85974,1418571,16.5,Rabi,High,Moderate (Rainfed/GW),High,Highly Suitable,Sangli Agricultural Zone,Directorate of Economics & Statistics (DES),https://desagri.gov.in/,2023,High,20.0815,76.4339
Maharashtra,Sangli,Jowar/Sorghum,Major producer,79288,142718,1.8,Kharif,High,Moderate (Rainfed/GW),High,Highly Suitable,Sangli Agricultural Zone,Directorate of Economics & Statistics (DES),https://desagri.gov.in/,2023,High,20.0815,76.4339
Maharashtra,Sangli,Soybean,Major producer,64874,116773,1.8,Kharif,High,Moderate (Rainfed/GW),High,Highly Suitable,Sangli Agricultural Zone,Directorate of Economics & Statistics (DES),https://desagri.gov.in/,2023,High,20.0815,76.4339
Maharashtra,Satara,Onion,Major producer,62869,1037338,16.5,Rabi,High,Moderate (Rainfed/GW),High,Highly Suitable,Satara Agricultural Zone,Directorate of Economics & Statistics (DES),https://desagri.gov.in/,2023,High,20.2315,75.6239
Maharashtra,Satara,Jowar/Sorghum,Major producer,51875,93375,1.8,Kharif,High,Moderate (Rainfed/GW),High,Highly Suitable,Satara Agricultural Zone,Directorate of Economics & Statistics (DES),https://desagri.gov.in/,2023,High,20.2315,75.6239
Maharashtra,Satara,Soybean,Major producer,81655,146979,1.8,Kharif,High,Moderate (Rainfed/GW),High,Highly Suitable,Satara Agricultural Zone,Directorate of Economics & Statistics (DES),https://desagri.gov.in/,2023,High,20.2315,75.6239
Maharashtra,Sindhudurg,Onion,Major producer,62707,1034665,16.5,Rabi,High,Moderate (Rainfed/GW),High,Highly Suitable,Sindhudurg Agricultural Zone,Directorate of Economics & Statistics (DES),https://desagri.gov.in/,2023,High,19.7815,75.0689
Maharashtra,Sindhudurg,Jowar/Sorghum,Major producer,62993,113387,1.8,Kharif,High,Moderate (Rainfed/GW),High,Highly Suitable,Sindhudurg Agricultural Zone,Directorate of Economics & Statistics (DES),https://desagri.gov.in/,2023,High,19.7815,75.0689
Maharashtra,Sindhudurg,Soybean,Major producer,78354,141037,1.8,Kharif,High,Moderate (Rainfed/GW),High,Highly Suitable,Sindhudurg Agricultural Zone,Directorate of Economics & Statistics (DES),https://desagri.gov.in/,2023,High,19.7815,75.0689
Maharashtra,Solapur,Onion,Major producer,68828,1135662,16.5,Rabi,High,Moderate (Rainfed/GW),High,Highly Suitable,Solapur Agricultural Zone,Directorate of Economics & Statistics (DES),https://desagri.gov.in/,2023,High,17.6599,75.9064
Maharashtra,Solapur,Jowar/Sorghum,Major producer,58262,104871,1.8,Kharif,High,Moderate (Rainfed/GW),High,Highly Suitable,Solapur Agricultural Zone,Directorate of Economics & Statistics (DES),https://desagri.gov.in/,2023,High,17.6599,75.9064
Maharashtra,Solapur,Soybean,Moderate producer,37782,68007,1.8,Kharif,High,Moderate (Rainfed/GW),High,Highly Suitable,Solapur Agricultural Zone,Directorate of Economics & Statistics (DES),https://desagri.gov.in/,2023,High,17.6599,75.9064
Maharashtra,Thane,Onion,Major producer,74993,1237384,16.5,Rabi,High,Moderate (Rainfed/GW),High,Highly Suitable,Thane Agricultural Zone,Directorate of Economics & Statistics (DES),https://desagri.gov.in/,2023,High,19.1065,76.0589
Maharashtra,Thane,Jowar/Sorghum,Major producer,73387,132096,1.8,Kharif,High,Moderate (Rainfed/GW),High,Highly Suitable,Thane Agricultural Zone,Directorate of Economics & Statistics (DES),https://desagri.gov.in/,2023,High,19.1065,76.0589
Maharashtra,Thane,Soybean,Major producer,52606,94690,1.8,Kharif,High,Moderate (Rainfed/GW),High,Highly Suitable,Thane Agricultural Zone,Directorate of Economics & Statistics (DES),https://desagri.gov.in/,2023,High,19.1065,76.0589
Maharashtra,Wardha,Onion,Moderate producer,37342,616143,16.5,Rabi,High,Moderate (Rainfed/GW),High,Highly Suitable,Wardha Agricultural Zone,Directorate of Economics & Statistics (DES),https://desagri.gov.in/,2023,High,19.3015,76.4489
Maharashtra,Wardha,Jowar/Sorghum,Major producer,45612,82101,1.8,Kharif,High,Moderate (Rainfed/GW),High,Highly Suitable,Wardha Agricultural Zone,Directorate of Economics & Statistics (DES),https://desagri.gov.in/,2023,High,19.3015,76.4489
Maharashtra,Wardha,Soybean,Major producer,50078,90140,1.8,Kharif,High,Moderate (Rainfed/GW),High,Highly Suitable,Wardha Agricultural Zone,Directorate of Economics & Statistics (DES),https://desagri.gov.in/,2023,High,19.3015,76.4489
Maharashtra,Yavatmal,Onion,Major producer,93306,1539549,16.5,Rabi,High,Moderate (Rainfed/GW),High,Highly Suitable,Yavatmal Agricultural Zone,Directorate of Economics & Statistics (DES),https://desagri.gov.in/,2023,High,19.2715,76.1189
Maharashtra,Yavatmal,Jowar/Sorghum,Major producer,62876,113176,1.8,Kharif,High,Moderate (Rainfed/GW),High,Highly Suitable,Yavatmal Agricultural Zone,Directorate of Economics & Statistics (DES),https://desagri.gov.in/,2023,High,19.2715,76.1189
Maharashtra,Yavatmal,Soybean,Major producer,84303,151745,1.8,Kharif,High,Moderate (Rainfed/GW),High,Highly Suitable,Yavatmal Agricultural Zone,Directorate of Economics & Statistics (DES),https://desagri.gov.in/,2023,High,19.2715,76.1189
Manipur,Bishnupur,Wheat,Major producer,46777,224529,4.8,Rabi,High,Moderate (Rainfed/GW),High,Highly Suitable,Bishnupur Agricultural Zone,Directorate of Economics & Statistics (DES),https://desagri.gov.in/,2023,High,24.5137,93.4413
Manipur,Bishnupur,Mustard,Major producer,46883,84389,1.8,Kharif,High,Moderate (Rainfed/GW),High,Highly Suitable,Bishnupur Agricultural Zone,Directorate of Economics & Statistics (DES),https://desagri.gov.in/,2023,High,24.5137,93.4413
Manipur,Bishnupur,Gram,Major producer,60567,109020,1.8,Kharif,High,Moderate (Rainfed/GW),High,Highly Suitable,Bishnupur Agricultural Zone,Directorate of Economics & Statistics (DES),https://desagri.gov.in/,2023,High,24.5137,93.4413
Manipur,Chandel,Wheat,Major producer,62590,300432,4.8,Rabi,High,Moderate (Rainfed/GW),High,Highly Suitable,Chandel Agricultural Zone,Directorate of Economics & Statistics (DES),https://desagri.gov.in/,2023,High,24.8137,93.3663
Manipur,Chandel,Mustard,Major producer,77334,139201,1.8,Kharif,High,Moderate (Rainfed/GW),High,Highly Suitable,Chandel Agricultural Zone,Directorate of Economics & Statistics (DES),https://desagri.gov.in/,2023,High,24.8137,93.3663
Manipur,Chandel,Gram,Major producer,92264,166075,1.8,Kharif,High,Moderate (Rainfed/GW),High,Highly Suitable,Chandel Agricultural Zone,Directorate of Economics & Statistics (DES),https://desagri.gov.in/,2023,High,24.8137,93.3663
Manipur,Churachandpur,Wheat,Major producer,75471,362260,4.8,Rabi,High,Moderate (Rainfed/GW),High,Highly Suitable,Churachandpur Agricultural Zone,Directorate of Economics & Statistics (DES),https://desagri.gov.in/,2023,High,25.3687,93.8613
Manipur,Churachandpur,Mustard,Minor producer,20718,37292,1.8,Kharif,High,Moderate (Rainfed/GW),High,Highly Suitable,Churachandpur Agricultural Zone,Directorate of Economics & Statistics (DES),https://desagri.gov.in/,2023,High,25.3687,93.8613
Manipur,Churachandpur,Gram,Major producer,79994,143989,1.8,Kharif,High,Moderate (Rainfed/GW),High,Highly Suitable,Churachandpur Agricultural Zone,Directorate of Economics & Statistics (DES),https://desagri.gov.in/,2023,High,25.3687,93.8613
Manipur,Imphal,Wheat,Major producer,69014,331267,4.8,Rabi,High,Moderate (Rainfed/GW),High,Highly Suitable,Imphal Agricultural Zone,Directorate of Economics & Statistics (DES),https://desagri.gov.in/,2023,High,24.4687,94.4613
Manipur,Imphal,Mustard,Minor producer,21952,39513,1.8,Kharif,High,Moderate (Rainfed/GW),High,Highly Suitable,Imphal Agricultural Zone,Directorate of Economics & Statistics (DES),https://desagri.gov.in/,2023,High,24.4687,94.4613
Manipur,Imphal,Gram,Major producer,70562,127011,1.8,Kharif,High,Moderate (Rainfed/GW),High,Highly Suitable,Imphal Agricultural Zone,Directorate of Economics & Statistics (DES),https://desagri.gov.in/,2023,High,24.4687,94.4613
Manipur,East,Wheat,Major producer,55384,265843,4.8,Rabi,High,Moderate (Rainfed/GW),High,Highly Suitable,East Agricultural Zone,Directorate of Economics & Statistics (DES),https://desagri.gov.in/,2023,High,25.0387,93.1713
Manipur,East,Mustard,Major producer,88942,160095,1.8,Kharif,High,Moderate (Rainfed/GW),High,Highly Suitable,East Agricultural Zone,Directorate of Economics & Statistics (DES),https://desagri.gov.in/,2023,High,25.0387,93.1713
Manipur,East,Gram,Moderate producer,42648,76766,1.8,Kharif,High,Moderate (Rainfed/GW),High,Highly Suitable,East Agricultural Zone,Directorate of Economics & Statistics (DES),https://desagri.gov.in/,2023,High,25.0387,93.1713
Manipur,Imphal,Wheat,Major producer,69014,331267,4.8,Rabi,High,Moderate (Rainfed/GW),High,Highly Suitable,Imphal Agricultural Zone,Directorate of Economics & Statistics (DES),https://desagri.gov.in/,2023,High,24.4687,94.4613
Manipur,Imphal,Mustard,Minor producer,21952,39513,1.8,Kharif,High,Moderate (Rainfed/GW),High,Highly Suitable,Imphal Agricultural Zone,Directorate of Economics & Statistics (DES),https://desagri.gov.in/,2023,High,24.4687,94.4613
Manipur,Imphal,Gram,Major producer,70562,127011,1.8,Kharif,High,Moderate (Rainfed/GW),High,Highly Suitable,Imphal Agricultural Zone,Directorate of Economics & Statistics (DES),https://desagri.gov.in/,2023,High,24.4687,94.4613
Manipur,West,Wheat,Major producer,91820,440736,4.8,Rabi,High,Moderate (Rainfed/GW),High,Highly Suitable,West Agricultural Zone,Directorate of Economics & Statistics (DES),https://desagri.gov.in/,2023,High,25.2787,93.6513
Manipur,West,Mustard,Major producer,87503,157505,1.8,Kharif,High,Moderate (Rainfed/GW),High,Highly Suitable,West Agricultural Zone,Directorate of Economics & Statistics (DES),https://desagri.gov.in/,2023,High,25.2787,93.6513
Manipur,West,Gram,Major producer,61052,109893,1.8,Kharif,High,Moderate (Rainfed/GW),High,Highly Suitable,West Agricultural Zone,Directorate of Economics & Statistics (DES),https://desagri.gov.in/,2023,High,25.2787,93.6513
Manipur,Senapati,Wheat,Major producer,46342,222441,4.8,Rabi,High,Moderate (Rainfed/GW),High,Highly Suitable,Senapati Agricultural Zone,Directorate of Economics & Statistics (DES),https://desagri.gov.in/,2023,High,24.2437,93.9063
Manipur,Senapati,Mustard,Major producer,56196,101152,1.8,Kharif,High,Moderate (Rainfed/GW),High,Highly Suitable,Senapati Agricultural Zone,Directorate of Economics & Statistics (DES),https://desagri.gov.in/,2023,High,24.2437,93.9063
Manipur,Senapati,Gram,Moderate producer,27514,49525,1.8,Kharif,High,Moderate (Rainfed/GW),High,Highly Suitable,Senapati Agricultural Zone,Directorate of Economics & Statistics (DES),https://desagri.gov.in/,2023,High,24.2437,93.9063
Manipur,Tamenglong,Wheat,Moderate producer,40354,193699,4.8,Rabi,High,Moderate (Rainfed/GW),High,Highly Suitable,Tamenglong Agricultural Zone,Directorate of Economics & Statistics (DES),https://desagri.gov.in/,2023,High,24.8887,93.7713
Manipur,Tamenglong,Mustard,Moderate producer,25883,46589,1.8,Kharif,High,Moderate (Rainfed/GW),High,Highly Suitable,Tamenglong Agricultural Zone,Directorate of Economics & Statistics (DES),https://desagri.gov.in/,2023,High,24.8887,93.7713
Manipur,Tamenglong,Gram,Moderate producer,26731,48115,1.8,Kharif,High,Moderate (Rainfed/GW),High,Highly Suitable,Tamenglong Agricultural Zone,Directorate of Economics & Statistics (DES),https://desagri.gov.in/,2023,High,24.8887,93.7713
Manipur,Thoubal,Wheat,Major producer,63055,302664,4.8,Rabi,High,Moderate (Rainfed/GW),High,Highly Suitable,Thoubal Agricultural Zone,Directorate of Economics & Statistics (DES),https://desagri.gov.in/,2023,High,24.4537,93.3663
Manipur,Thoubal,Mustard,Major producer,61224,110203,1.8,Kharif,High,Moderate (Rainfed/GW),High,Highly Suitable,Thoubal Agricultural Zone,Directorate of Economics & Statistics (DES),https://desagri.gov.in/,2023,High,24.4537,93.3663
Manipur,Thoubal,Gram,Major producer,75255,135459,1.8,Kharif,High,Moderate (Rainfed/GW),High,Highly Suitable,Thoubal Agricultural Zone,Directorate of Economics & Statistics (DES),https://desagri.gov.in/,2023,High,24.4537,93.3663
Manipur,Ukhrul,Wheat,Major producer,93333,447998,4.8,Rabi,High,Moderate (Rainfed/GW),High,Highly Suitable,Ukhrul Agricultural Zone,Directorate of Economics & Statistics (DES),https://desagri.gov.in/,2023,High,24.4537,94.2063
Manipur,Ukhrul,Mustard,Minor producer,23815,42867,1.8,Kharif,High,Moderate (Rainfed/GW),High,Highly Suitable,Ukhrul Agricultural Zone,Directorate of Economics & Statistics (DES),https://desagri.gov.in/,2023,High,24.4537,94.2063
Manipur,Ukhrul,Gram,Major producer,63320,113976,1.8,Kharif,High,Moderate (Rainfed/GW),High,Highly Suitable,Ukhrul Agricultural Zone,Directorate of Economics & Statistics (DES),https://desagri.gov.in/,2023,High,24.4537,94.2063
Meghalaya,East Garo Hills,Wheat,Major producer,64065,307512,4.8,Rabi,High,Moderate (Rainfed/GW),High,Highly Suitable,East Garo Hills Agricultural Zone,Directorate of Economics & Statistics (DES),https://desagri.gov.in/,2023,High,25.527,90.6912
Meghalaya,East Garo Hills,Mustard,Major producer,47975,86355,1.8,Kharif,High,Moderate (Rainfed/GW),High,Highly Suitable,East Garo Hills Agricultural Zone,Directorate of Economics & Statistics (DES),https://desagri.gov.in/,2023,High,25.527,90.6912
Meghalaya,East Garo Hills,Gram,Major producer,70332,126597,1.8,Kharif,High,Moderate (Rainfed/GW),High,Highly Suitable,East Garo Hills Agricultural Zone,Directorate of Economics & Statistics (DES),https://desagri.gov.in/,2023,High,25.527,90.6912
Meghalaya,East Jaintia Hills,Wheat,Major producer,82277,394929,4.8,Rabi,High,Moderate (Rainfed/GW),High,Highly Suitable,East Jaintia Hills Agricultural Zone,Directorate of Economics & Statistics (DES),https://desagri.gov.in/,2023,High,25.617,91.0962
Meghalaya,East Jaintia Hills,Mustard,Major producer,81067,145920,1.8,Kharif,High,Moderate (Rainfed/GW),High,Highly Suitable,East Jaintia Hills Agricultural Zone,Directorate of Economics & Statistics (DES),https://desagri.gov.in/,2023,High,25.617,91.0962
Meghalaya,East Jaintia Hills,Gram,Major producer,56818,102272,1.8,Kharif,High,Moderate (Rainfed/GW),High,Highly Suitable,East Jaintia Hills Agricultural Zone,Directorate of Economics & Statistics (DES),https://desagri.gov.in/,2023,High,25.617,91.0962
Meghalaya,East Khasi Hills,Wheat,Moderate producer,39120,187776,4.8,Rabi,High,Moderate (Rainfed/GW),High,Highly Suitable,East Khasi Hills Agricultural Zone,Directorate of Economics & Statistics (DES),https://desagri.gov.in/,2023,High,25.152,91.3962
Meghalaya,East Khasi Hills,Mustard,Major producer,73267,131880,1.8,Kharif,High,Moderate (Rainfed/GW),High,Highly Suitable,East Khasi Hills Agricultural Zone,Directorate of Economics & Statistics (DES),https://desagri.gov.in/,2023,High,25.152,91.3962
Meghalaya,East Khasi Hills,Gram,Major producer,77707,139872,1.8,Kharif,High,Moderate (Rainfed/GW),High,Highly Suitable,East Khasi Hills Agricultural Zone,Directorate of Economics & Statistics (DES),https://desagri.gov.in/,2023,High,25.152,91.3962
Meghalaya,North Garo Hills,Wheat,Major producer,75092,360441,4.8,Rabi,High,Moderate (Rainfed/GW),High,Highly Suitable,North Garo Hills Agricultural Zone,Directorate of Economics & Statistics (DES),https://desagri.gov.in/,2023,High,26.022,91.3362
Meghalaya,North Garo Hills,Mustard,Moderate producer,25446,45802,1.8,Kharif,High,Moderate (Rainfed/GW),High,Highly Suitable,North Garo Hills Agricultural Zone,Directorate of Economics & Statistics (DES),https://desagri.gov.in/,2023,High,26.022,91.3362
Meghalaya,North Garo Hills,Gram,Moderate producer,41224,74203,1.8,Kharif,High,Moderate (Rainfed/GW),High,Highly Suitable,North Garo Hills Agricultural Zone,Directorate of Economics & Statistics (DES),https://desagri.gov.in/,2023,High,26.022,91.3362
Meghalaya,Ri Bhoi,Wheat,Major producer,89736,430732,4.8,Rabi,High,Moderate (Rainfed/GW),High,Highly Suitable,Ri Bhoi Agricultural Zone,Directorate of Economics & Statistics (DES),https://desagri.gov.in/,2023,High,24.792,91.2912
Meghalaya,Ri Bhoi,Mustard,Major producer,84337,151806,1.8,Kharif,High,Moderate (Rainfed/GW),High,Highly Suitable,Ri Bhoi Agricultural Zone,Directorate of Economics & Statistics (DES),https://desagri.gov.in/,2023,High,24.792,91.2912
Meghalaya,Ri Bhoi,Gram,Major producer,67079,120742,1.8,Kharif,High,Moderate (Rainfed/GW),High,Highly Suitable,Ri Bhoi Agricultural Zone,Directorate of Economics & Statistics (DES),https://desagri.gov.in/,2023,High,24.792,91.2912
Meghalaya,South Garo Hills,Wheat,Major producer,90272,433305,4.8,Rabi,High,Moderate (Rainfed/GW),High,Highly Suitable,South Garo Hills Agricultural Zone,Directorate of Economics & Statistics (DES),https://desagri.gov.in/,2023,High,25.197,91.1562
Meghalaya,South Garo Hills,Mustard,Major producer,71491,128683,1.8,Kharif,High,Moderate (Rainfed/GW),High,Highly Suitable,South Garo Hills Agricultural Zone,Directorate of Economics & Statistics (DES),https://desagri.gov.in/,2023,High,25.197,91.1562
Meghalaya,South Garo Hills,Gram,Major producer,53123,95621,1.8,Kharif,High,Moderate (Rainfed/GW),High,Highly Suitable,South Garo Hills Agricultural Zone,Directorate of Economics & Statistics (DES),https://desagri.gov.in/,2023,High,25.197,91.1562
Meghalaya,South West Garo Hills,Wheat,Major producer,82499,395995,4.8,Rabi,High,Moderate (Rainfed/GW),High,Highly Suitable,South West Garo Hills Agricultural Zone,Directorate of Economics & Statistics (DES),https://desagri.gov.in/,2023,High,25.197,91.3962
Meghalaya,South West Garo Hills,Mustard,Major producer,90233,162419,1.8,Kharif,High,Moderate (Rainfed/GW),High,Highly Suitable,South West Garo Hills Agricultural Zone,Directorate of Economics & Statistics (DES),https://desagri.gov.in/,2023,High,25.197,91.3962
Meghalaya,South West Garo Hills,Gram,Major producer,66305,119349,1.8,Kharif,High,Moderate (Rainfed/GW),High,Highly Suitable,South West Garo Hills Agricultural Zone,Directorate of Economics & Statistics (DES),https://desagri.gov.in/,2023,High,25.197,91.3962
Meghalaya,South West Khasi Hills,Wheat,Major producer,71011,340852,4.8,Rabi,High,Moderate (Rainfed/GW),High,Highly Suitable,South West Khasi Hills Agricultural Zone,Directorate of Economics & Statistics (DES),https://desagri.gov.in/,2023,High,25.602,91.1262
Meghalaya,South West Khasi Hills,Mustard,Minor producer,21363,38453,1.8,Kharif,High,Moderate (Rainfed/GW),High,Highly Suitable,South West Khasi Hills Agricultural Zone,Directorate of Economics & Statistics (DES),https://desagri.gov.in/,2023,High,25.602,91.1262
Meghalaya,South West Khasi Hills,Gram,Major producer,88614,159505,1.8,Kharif,High,Moderate (Rainfed/GW),High,Highly Suitable,South West Khasi Hills Agricultural Zone,Directorate of Economics & Statistics (DES),https://desagri.gov.in/,2023,High,25.602,91.1262
Meghalaya,West Garo Hills,Wheat,Major producer,60760,291648,4.8,Rabi,High,Moderate (Rainfed/GW),High,Highly Suitable,West Garo Hills Agricultural Zone,Directorate of Economics & Statistics (DES),https://desagri.gov.in/,2023,High,25.332,91.4262
Meghalaya,West Garo Hills,Mustard,Major producer,60921,109657,1.8,Kharif,High,Moderate (Rainfed/GW),High,Highly Suitable,West Garo Hills Agricultural Zone,Directorate of Economics & Statistics (DES),https://desagri.gov.in/,2023,High,25.332,91.4262
Meghalaya,West Garo Hills,Gram,Major producer,87331,157195,1.8,Kharif,High,Moderate (Rainfed/GW),High,Highly Suitable,West Garo Hills Agricultural Zone,Directorate of Economics & Statistics (DES),https://desagri.gov.in/,2023,High,25.332,91.4262
Meghalaya,West Jaintia Hills,Wheat,Major producer,57290,274992,4.8,Rabi,High,Moderate (Rainfed/GW),High,Highly Suitable,West Jaintia Hills Agricultural Zone,Directorate of Economics & Statistics (DES),https://desagri.gov.in/,2023,High,25.827,91.3662
Meghalaya,West Jaintia Hills,Mustard,Major producer,74575,134235,1.8,Kharif,High,Moderate (Rainfed/GW),High,Highly Suitable,West Jaintia Hills Agricultural Zone,Directorate of Economics & Statistics (DES),https://desagri.gov.in/,2023,High,25.827,91.3662
Meghalaya,West Jaintia Hills,Gram,Moderate producer,39371,70867,1.8,Kharif,High,Moderate (Rainfed/GW),High,Highly Suitable,West Jaintia Hills Agricultural Zone,Directorate of Economics & Statistics (DES),https://desagri.gov.in/,2023,High,25.827,91.3662
Meghalaya,West Khasi Hills,Wheat,Major producer,61923,297230,4.8,Rabi,High,Moderate (Rainfed/GW),High,Highly Suitable,West Khasi Hills Agricultural Zone,Directorate of Economics & Statistics (DES),https://desagri.gov.in/,2023,High,24.972,92.0712
Meghalaya,West Khasi Hills,Mustard,Major producer,94561,170209,1.8,Kharif,High,Moderate (Rainfed/GW),High,Highly Suitable,West Khasi Hills Agricultural Zone,Directorate of Economics & Statistics (DES),https://desagri.gov.in/,2023,High,24.972,92.0712
Meghalaya,West Khasi Hills,Gram,Major producer,71819,129274,1.8,Kharif,High,Moderate (Rainfed/GW),High,Highly Suitable,West Khasi Hills Agricultural Zone,Directorate of Economics & Statistics (DES),https://desagri.gov.in/,2023,High,24.972,92.0712
Mizoram,Aizawl,Wheat,Moderate producer,40276,193324,4.8,Rabi,High,Moderate (Rainfed/GW),High,Highly Suitable,Aizawl Agricultural Zone,Directorate of Economics & Statistics (DES),https://desagri.gov.in/,2023,High,23.7645,92.2026
Mizoram,Aizawl,Mustard,Moderate producer,42578,76640,1.8,Kharif,High,Moderate (Rainfed/GW),High,Highly Suitable,Aizawl Agricultural Zone,Directorate of Economics & Statistics (DES),https://desagri.gov.in/,2023,High,23.7645,92.2026
Mizoram,Aizawl,Gram,Major producer,45762,82371,1.8,Kharif,High,Moderate (Rainfed/GW),High,Highly Suitable,Aizawl Agricultural Zone,Directorate of Economics & Statistics (DES),https://desagri.gov.in/,2023,High,23.7645,92.2026
Mizoram,Champhai,Wheat,Major producer,77498,371990,4.8,Rabi,High,Moderate (Rainfed/GW),High,Highly Suitable,Champhai Agricultural Zone,Directorate of Economics & Statistics (DES),https://desagri.gov.in/,2023,High,22.6545,92.9226
Mizoram,Champhai,Mustard,Major producer,47060,84708,1.8,Kharif,High,Moderate (Rainfed/GW),High,Highly Suitable,Champhai Agricultural Zone,Directorate of Economics & Statistics (DES),https://desagri.gov.in/,2023,High,22.6545,92.9226
Mizoram,Champhai,Gram,Moderate producer,34443,61997,1.8,Kharif,High,Moderate (Rainfed/GW),High,Highly Suitable,Champhai Agricultural Zone,Directorate of Economics & Statistics (DES),https://desagri.gov.in/,2023,High,22.6545,92.9226
Mizoram,Kolasib,Wheat,Major producer,61763,296462,4.8,Rabi,High,Moderate (Rainfed/GW),High,Highly Suitable,Kolasib Agricultural Zone,Directorate of Economics & Statistics (DES),https://desagri.gov.in/,2023,High,23.6595,93.5226
Mizoram,Kolasib,Mustard,Major producer,53484,96271,1.8,Kharif,High,Moderate (Rainfed/GW),High,Highly Suitable,Kolasib Agricultural Zone,Directorate of Economics & Statistics (DES),https://desagri.gov.in/,2023,High,23.6595,93.5226
Mizoram,Kolasib,Gram,Major producer,72508,130514,1.8,Kharif,High,Moderate (Rainfed/GW),High,Highly Suitable,Kolasib Agricultural Zone,Directorate of Economics & Statistics (DES),https://desagri.gov.in/,2023,High,23.6595,93.5226
Mizoram,Lawngtlai,Wheat,Major producer,72139,346267,4.8,Rabi,High,Moderate (Rainfed/GW),High,Highly Suitable,Lawngtlai Agricultural Zone,Directorate of Economics & Statistics (DES),https://desagri.gov.in/,2023,High,23.4795,92.3376
Mizoram,Lawngtlai,Mustard,Major producer,84476,152056,1.8,Kharif,High,Moderate (Rainfed/GW),High,Highly Suitable,Lawngtlai Agricultural Zone,Directorate of Economics & Statistics (DES),https://desagri.gov.in/,2023,High,23.4795,92.3376
Mizoram,Lawngtlai,Gram,Major producer,48698,87656,1.8,Kharif,High,Moderate (Rainfed/GW),High,Highly Suitable,Lawngtlai Agricultural Zone,Directorate of Economics & Statistics (DES),https://desagri.gov.in/,2023,High,23.4795,92.3376
Mizoram,Lunglei,Wheat,Major producer,89304,428659,4.8,Rabi,High,Moderate (Rainfed/GW),High,Highly Suitable,Lunglei Agricultural Zone,Directorate of Economics & Statistics (DES),https://desagri.gov.in/,2023,High,22.8945,93.0276
Mizoram,Lunglei,Mustard,Major producer,62329,112192,1.8,Kharif,High,Moderate (Rainfed/GW),High,Highly Suitable,Lunglei Agricultural Zone,Directorate of Economics & Statistics (DES),https://desagri.gov.in/,2023,High,22.8945,93.0276
Mizoram,Lunglei,Gram,Major producer,46830,84294,1.8,Kharif,High,Moderate (Rainfed/GW),High,Highly Suitable,Lunglei Agricultural Zone,Directorate of Economics & Statistics (DES),https://desagri.gov.in/,2023,High,22.8945,93.0276
Mizoram,Mamit,Wheat,Major producer,68999,331195,4.8,Rabi,High,Moderate (Rainfed/GW),High,Highly Suitable,Mamit Agricultural Zone,Directorate of Economics & Statistics (DES),https://desagri.gov.in/,2023,High,23.6445,92.9526
Mizoram,Mamit,Mustard,Major producer,87655,157779,1.8,Kharif,High,Moderate (Rainfed/GW),High,Highly Suitable,Mamit Agricultural Zone,Directorate of Economics & Statistics (DES),https://desagri.gov.in/,2023,High,23.6445,92.9526
Mizoram,Mamit,Gram,Moderate producer,33232,59817,1.8,Kharif,High,Moderate (Rainfed/GW),High,Highly Suitable,Mamit Agricultural Zone,Directorate of Economics & Statistics (DES),https://desagri.gov.in/,2023,High,23.6445,92.9526
Mizoram,Saiha,Wheat,Major producer,63686,305692,4.8,Rabi,High,Moderate (Rainfed/GW),High,Highly Suitable,Saiha Agricultural Zone,Directorate of Economics & Statistics (DES),https://desagri.gov.in/,2023,High,23.8695,93.1626
Mizoram,Saiha,Mustard,Moderate producer,34049,61288,1.8,Kharif,High,Moderate (Rainfed/GW),High,Highly Suitable,Saiha Agricultural Zone,Directorate of Economics & Statistics (DES),https://desagri.gov.in/,2023,High,23.8695,93.1626
Mizoram,Saiha,Gram,Major producer,55111,99199,1.8,Kharif,High,Moderate (Rainfed/GW),High,Highly Suitable,Saiha Agricultural Zone,Directorate of Economics & Statistics (DES),https://desagri.gov.in/,2023,High,23.8695,93.1626
Mizoram,Serchhip,Wheat,Major producer,57171,274420,4.8,Rabi,High,Moderate (Rainfed/GW),High,Highly Suitable,Serchhip Agricultural Zone,Directorate of Economics & Statistics (DES),https://desagri.gov.in/,2023,High,23.1795,92.5326
Mizoram,Serchhip,Mustard,Minor producer,21420,38556,1.8,Kharif,High,Moderate (Rainfed/GW),High,Highly Suitable,Serchhip Agricultural Zone,Directorate of Economics & Statistics (DES),https://desagri.gov.in/,2023,High,23.1795,92.5326
Mizoram,Serchhip,Gram,Major producer,85495,153891,1.8,Kharif,High,Moderate (Rainfed/GW),High,Highly Suitable,Serchhip Agricultural Zone,Directorate of Economics & Statistics (DES),https://desagri.gov.in/,2023,High,23.1795,92.5326
Nagaland,Dimapur,Wheat,Major producer,67759,325243,4.8,Rabi,High,Moderate (Rainfed/GW),High,Highly Suitable,Dimapur Agricultural Zone,Directorate of Economics & Statistics (DES),https://desagri.gov.in/,2023,High,26.3534,94.3374
Nagaland,Dimapur,Mustard,Major producer,93708,168674,1.8,Kharif,High,Moderate (Rainfed/GW),High,Highly Suitable,Dimapur Agricultural Zone,Directorate of Economics & Statistics (DES),https://desagri.gov.in/,2023,High,26.3534,94.3374
Nagaland,Dimapur,Gram,Moderate producer,25992,46785,1.8,Kharif,High,Moderate (Rainfed/GW),High,Highly Suitable,Dimapur Agricultural Zone,Directorate of Economics & Statistics (DES),https://desagri.gov.in/,2023,High,26.3534,94.3374
Nagaland,Kiphire,Wheat,Major producer,47195,226536,4.8,Rabi,High,Moderate (Rainfed/GW),High,Highly Suitable,Kiphire Agricultural Zone,Directorate of Economics & Statistics (DES),https://desagri.gov.in/,2023,High,26.4434,94.4424
Nagaland,Kiphire,Mustard,Major producer,89587,161256,1.8,Kharif,High,Moderate (Rainfed/GW),High,Highly Suitable,Kiphire Agricultural Zone,Directorate of Economics & Statistics (DES),https://desagri.gov.in/,2023,High,26.4434,94.4424
Nagaland,Kiphire,Gram,Major producer,73765,132777,1.8,Kharif,High,Moderate (Rainfed/GW),High,Highly Suitable,Kiphire Agricultural Zone,Directorate of Economics & Statistics (DES),https://desagri.gov.in/,2023,High,26.4434,94.4424
Nagaland,Kohima,Wheat,Major producer,57711,277012,4.8,Rabi,High,Moderate (Rainfed/GW),High,Highly Suitable,Kohima Agricultural Zone,Directorate of Economics & Statistics (DES),https://desagri.gov.in/,2023,High,26.2784,94.8924
Nagaland,Kohima,Mustard,Major producer,80020,144036,1.8,Kharif,High,Moderate (Rainfed/GW),High,Highly Suitable,Kohima Agricultural Zone,Directorate of Economics & Statistics (DES),https://desagri.gov.in/,2023,High,26.2784,94.8924
Nagaland,Kohima,Gram,Major producer,90149,162268,1.8,Kharif,High,Moderate (Rainfed/GW),High,Highly Suitable,Kohima Agricultural Zone,Directorate of Economics & Statistics (DES),https://desagri.gov.in/,2023,High,26.2784,94.8924
Nagaland,Longleng,Wheat,Major producer,88181,423268,4.8,Rabi,High,Moderate (Rainfed/GW),High,Highly Suitable,Longleng Agricultural Zone,Directorate of Economics & Statistics (DES),https://desagri.gov.in/,2023,High,26.1884,94.9524
Nagaland,Longleng,Mustard,Major producer,84484,152071,1.8,Kharif,High,Moderate (Rainfed/GW),High,Highly Suitable,Longleng Agricultural Zone,Directorate of Economics & Statistics (DES),https://desagri.gov.in/,2023,High,26.1884,94.9524
Nagaland,Longleng,Gram,Major producer,83745,150741,1.8,Kharif,High,Moderate (Rainfed/GW),High,Highly Suitable,Longleng Agricultural Zone,Directorate of Economics & Statistics (DES),https://desagri.gov.in/,2023,High,26.1884,94.9524
Nagaland,Mokokchung,Wheat,Moderate producer,31500,151200,4.8,Rabi,High,Moderate (Rainfed/GW),High,Highly Suitable,Mokokchung Agricultural Zone,Directorate of Economics & Statistics (DES),https://desagri.gov.in/,2023,High,26.1734,94.8024
Nagaland,Mokokchung,Mustard,Major producer,77648,139766,1.8,Kharif,High,Moderate (Rainfed/GW),High,Highly Suitable,Mokokchung Agricultural Zone,Directorate of Economics & Statistics (DES),https://desagri.gov.in/,2023,High,26.1734,94.8024
Nagaland,Mokokchung,Gram,Moderate producer,29675,53415,1.8,Kharif,High,Moderate (Rainfed/GW),High,Highly Suitable,Mokokchung Agricultural Zone,Directorate of Economics & Statistics (DES),https://desagri.gov.in/,2023,High,26.1734,94.8024
Nagaland,Mon,Wheat,Major producer,87469,419851,4.8,Rabi,High,Moderate (Rainfed/GW),High,Highly Suitable,Mon Agricultural Zone,Directorate of Economics & Statistics (DES),https://desagri.gov.in/,2023,High,26.7284,95.0874
Nagaland,Mon,Mustard,Major producer,61051,109891,1.8,Kharif,High,Moderate (Rainfed/GW),High,Highly Suitable,Mon Agricultural Zone,Directorate of Economics & Statistics (DES),https://desagri.gov.in/,2023,High,26.7284,95.0874
Nagaland,Mon,Gram,Major producer,54214,97585,1.8,Kharif,High,Moderate (Rainfed/GW),High,Highly Suitable,Mon Agricultural Zone,Directorate of Economics & Statistics (DES),https://desagri.gov.in/,2023,High,26.7284,95.0874
Nagaland,Peren,Wheat,Minor producer,21517,103281,4.8,Rabi,High,Moderate (Rainfed/GW),High,Highly Suitable,Peren Agricultural Zone,Directorate of Economics & Statistics (DES),https://desagri.gov.in/,2023,High,26.0984,95.0274
Nagaland,Peren,Mustard,Major producer,46084,82951,1.8,Kharif,High,Moderate (Rainfed/GW),High,Highly Suitable,Peren Agricultural Zone,Directorate of Economics & Statistics (DES),https://desagri.gov.in/,2023,High,26.0984,95.0274
Nagaland,Peren,Gram,Major producer,93079,167542,1.8,Kharif,High,Moderate (Rainfed/GW),High,Highly Suitable,Peren Agricultural Zone,Directorate of Economics & Statistics (DES),https://desagri.gov.in/,2023,High,26.0984,95.0274
Nagaland,Phek,Wheat,Major producer,60770,291696,4.8,Rabi,High,Moderate (Rainfed/GW),High,Highly Suitable,Phek Agricultural Zone,Directorate of Economics & Statistics (DES),https://desagri.gov.in/,2023,High,26.1884,94.8924
Nagaland,Phek,Mustard,Major producer,48526,87346,1.8,Kharif,High,Moderate (Rainfed/GW),High,Highly Suitable,Phek Agricultural Zone,Directorate of Economics & Statistics (DES),https://desagri.gov.in/,2023,High,26.1884,94.8924
Nagaland,Phek,Gram,Moderate producer,34436,61984,1.8,Kharif,High,Moderate (Rainfed/GW),High,Highly Suitable,Phek Agricultural Zone,Directorate of Economics & Statistics (DES),https://desagri.gov.in/,2023,High,26.1884,94.8924
Nagaland,Tuensang,Wheat,Major producer,94034,451363,4.8,Rabi,High,Moderate (Rainfed/GW),High,Highly Suitable,Tuensang Agricultural Zone,Directorate of Economics & Statistics (DES),https://desagri.gov.in/,2023,High,25.6334,94.0524
Nagaland,Tuensang,Mustard,Moderate producer,38954,70117,1.8,Kharif,High,Moderate (Rainfed/GW),High,Highly Suitable,Tuensang Agricultural Zone,Directorate of Economics & Statistics (DES),https://desagri.gov.in/,2023,High,25.6334,94.0524
Nagaland,Tuensang,Gram,Minor producer,23343,42017,1.8,Kharif,High,Moderate (Rainfed/GW),High,Highly Suitable,Tuensang Agricultural Zone,Directorate of Economics & Statistics (DES),https://desagri.gov.in/,2023,High,25.6334,94.0524
Nagaland,Wokha,Wheat,Moderate producer,44047,211425,4.8,Rabi,High,Moderate (Rainfed/GW),High,Highly Suitable,Wokha Agricultural Zone,Directorate of Economics & Statistics (DES),https://desagri.gov.in/,2023,High,25.4834,94.8174
Nagaland,Wokha,Mustard,Major producer,85707,154272,1.8,Kharif,High,Moderate (Rainfed/GW),High,Highly Suitable,Wokha Agricultural Zone,Directorate of Economics & Statistics (DES),https://desagri.gov.in/,2023,High,25.4834,94.8174
Nagaland,Wokha,Gram,Moderate producer,28602,51483,1.8,Kharif,High,Moderate (Rainfed/GW),High,Highly Suitable,Wokha Agricultural Zone,Directorate of Economics & Statistics (DES),https://desagri.gov.in/,2023,High,25.4834,94.8174
Nagaland,Zunheboto,Wheat,Major producer,54408,261158,4.8,Rabi,High,Moderate (Rainfed/GW),High,Highly Suitable,Zunheboto Agricultural Zone,Directorate of Economics & Statistics (DES),https://desagri.gov.in/,2023,High,25.5884,94.2924
Nagaland,Zunheboto,Mustard,Major producer,82088,147758,1.8,Kharif,High,Moderate (Rainfed/GW),High,Highly Suitable,Zunheboto Agricultural Zone,Directorate of Economics & Statistics (DES),https://desagri.gov.in/,2023,High,25.5884,94.2924
Nagaland,Zunheboto,Gram,Major producer,72914,131245,1.8,Kharif,High,Moderate (Rainfed/GW),High,Highly Suitable,Zunheboto Agricultural Zone,Directorate of Economics & Statistics (DES),https://desagri.gov.in/,2023,High,25.5884,94.2924
Odisha,Angul,Wheat,Major producer,50753,243614,4.8,Rabi,High,Moderate (Rainfed/GW),High,Highly Suitable,Angul Agricultural Zone,Directorate of Economics & Statistics (DES),https://desagri.gov.in/,2023,High,20.3667,85.2935
Odisha,Angul,Mustard,Major producer,64893,116807,1.8,Kharif,High,Moderate (Rainfed/GW),High,Highly Suitable,Angul Agricultural Zone,Directorate of Economics & Statistics (DES),https://desagri.gov.in/,2023,High,20.3667,85.2935
Odisha,Angul,Gram,Minor producer,21302,38343,1.8,Kharif,High,Moderate (Rainfed/GW),High,Highly Suitable,Angul Agricultural Zone,Directorate of Economics & Statistics (DES),https://desagri.gov.in/,2023,High,20.3667,85.2935
Odisha,Balangir,Wheat,Major producer,59010,283248,4.8,Rabi,High,Moderate (Rainfed/GW),High,Highly Suitable,Balangir Agricultural Zone,Directorate of Economics & Statistics (DES),https://desagri.gov.in/,2023,High,21.0117,84.5735
Odisha,Balangir,Mustard,Major producer,46508,83714,1.8,Kharif,High,Moderate (Rainfed/GW),High,Highly Suitable,Balangir Agricultural Zone,Directorate of Economics & Statistics (DES),https://desagri.gov.in/,2023,High,21.0117,84.5735
Odisha,Balangir,Gram,Major producer,81820,147276,1.8,Kharif,High,Moderate (Rainfed/GW),High,Highly Suitable,Balangir Agricultural Zone,Directorate of Economics & Statistics (DES),https://desagri.gov.in/,2023,High,21.0117,84.5735
Odisha,Balasore,Wheat,Major producer,55258,265238,4.8,Rabi,High,Moderate (Rainfed/GW),High,Highly Suitable,Balasore Agricultural Zone,Directorate of Economics & Statistics (DES),https://desagri.gov.in/,2023,High,20.2467,84.3935
Odisha,Balasore,Mustard,Major producer,81145,146061,1.8,Kharif,High,Moderate (Rainfed/GW),High,Highly Suitable,Balasore Agricultural Zone,Directorate of Economics & Statistics (DES),https://desagri.gov.in/,2023,High,20.2467,84.3935
Odisha,Balasore,Gram,Major producer,77429,139372,1.8,Kharif,High,Moderate (Rainfed/GW),High,Highly Suitable,Balasore Agricultural Zone,Directorate of Economics & Statistics (DES),https://desagri.gov.in/,2023,High,20.2467,84.3935
Odisha,Bargarh,Wheat,Major producer,88283,423758,4.8,Rabi,High,Moderate (Rainfed/GW),High,Highly Suitable,Bargarh Agricultural Zone,Directorate of Economics & Statistics (DES),https://desagri.gov.in/,2023,High,20.3067,85.3985
Odisha,Bargarh,Mustard,Moderate producer,37195,66951,1.8,Kharif,High,Moderate (Rainfed/GW),High,Highly Suitable,Bargarh Agricultural Zone,Directorate of Economics & Statistics (DES),https://desagri.gov.in/,2023,High,20.3067,85.3985
Odisha,Bargarh,Gram,Major producer,65662,118191,1.8,Kharif,High,Moderate (Rainfed/GW),High,Highly Suitable,Bargarh Agricultural Zone,Directorate of Economics & Statistics (DES),https://desagri.gov.in/,2023,High,20.3067,85.3985
Odisha,Bhadrak,Wheat,Major producer,90732,435513,4.8,Rabi,High,Moderate (Rainfed/GW),High,Highly Suitable,Bhadrak Agricultural Zone,Directorate of Economics & Statistics (DES),https://desagri.gov.in/,2023,High,20.8317,84.7685
Odisha,Bhadrak,Mustard,Major producer,75760,136368,1.8,Kharif,High,Moderate (Rainfed/GW),High,Highly Suitable,Bhadrak Agricultural Zone,Directorate of Economics & Statistics (DES),https://desagri.gov.in/,2023,High,20.8317,84.7685
Odisha,Bhadrak,Gram,Moderate producer,29008,52214,1.8,Kharif,High,Moderate (Rainfed/GW),High,Highly Suitable,Bhadrak Agricultural Zone,Directorate of Economics & Statistics (DES),https://desagri.gov.in/,2023,High,20.8317,84.7685
Odisha,Boudh,Wheat,Major producer,92060,441888,4.8,Rabi,High,Moderate (Rainfed/GW),High,Highly Suitable,Boudh Agricultural Zone,Directorate of Economics & Statistics (DES),https://desagri.gov.in/,2023,High,20.8917,85.5485
Odisha,Boudh,Mustard,Major producer,64241,115633,1.8,Kharif,High,Moderate (Rainfed/GW),High,Highly Suitable,Boudh Agricultural Zone,Directorate of Economics & Statistics (DES),https://desagri.gov.in/,2023,High,20.8917,85.5485
Odisha,Boudh,Gram,Moderate producer,44203,79565,1.8,Kharif,High,Moderate (Rainfed/GW),High,Highly Suitable,Boudh Agricultural Zone,Directorate of Economics & Statistics (DES),https://desagri.gov.in/,2023,High,20.8917,85.5485
Odisha,Cuttack,Wheat,Major producer,46968,225446,4.8,Rabi,High,Moderate (Rainfed/GW),High,Highly Suitable,Cuttack Agricultural Zone,Directorate of Economics & Statistics (DES),https://desagri.gov.in/,2023,High,20.4867,85.7735
Odisha,Cuttack,Mustard,Moderate producer,26897,48414,1.8,Kharif,High,Moderate (Rainfed/GW),High,Highly Suitable,Cuttack Agricultural Zone,Directorate of Economics & Statistics (DES),https://desagri.gov.in/,2023,High,20.4867,85.7735
Odisha,Cuttack,Gram,Major producer,70087,126156,1.8,Kharif,High,Moderate (Rainfed/GW),High,Highly Suitable,Cuttack Agricultural Zone,Directorate of Economics & Statistics (DES),https://desagri.gov.in/,2023,High,20.4867,85.7735
Odisha,Deogarh,Wheat,Major producer,70530,338544,4.8,Rabi,High,Moderate (Rainfed/GW),High,Highly Suitable,Deogarh Agricultural Zone,Directorate of Economics & Statistics (DES),https://desagri.gov.in/,2023,High,20.5317,85.4135
Odisha,Deogarh,Mustard,Moderate producer,29949,53908,1.8,Kharif,High,Moderate (Rainfed/GW),High,Highly Suitable,Deogarh Agricultural Zone,Directorate of Economics & Statistics (DES),https://desagri.gov.in/,2023,High,20.5317,85.4135
Odisha,Deogarh,Gram,Major producer,93827,168888,1.8,Kharif,High,Moderate (Rainfed/GW),High,Highly Suitable,Deogarh Agricultural Zone,Directorate of Economics & Statistics (DES),https://desagri.gov.in/,2023,High,20.5317,85.4135
Odisha,Dhenkanal,Wheat,Major producer,49618,238166,4.8,Rabi,High,Moderate (Rainfed/GW),High,Highly Suitable,Dhenkanal Agricultural Zone,Directorate of Economics & Statistics (DES),https://desagri.gov.in/,2023,High,21.4167,84.9785
Odisha,Dhenkanal,Mustard,Major producer,59163,106493,1.8,Kharif,High,Moderate (Rainfed/GW),High,Highly Suitable,Dhenkanal Agricultural Zone,Directorate of Economics & Statistics (DES),https://desagri.gov.in/,2023,High,21.4167,84.9785
Odisha,Dhenkanal,Gram,Major producer,48180,86724,1.8,Kharif,High,Moderate (Rainfed/GW),High,Highly Suitable,Dhenkanal Agricultural Zone,Directorate of Economics & Statistics (DES),https://desagri.gov.in/,2023,High,21.4167,84.9785
Odisha,Gajapati,Wheat,Major producer,71969,345451,4.8,Rabi,High,Moderate (Rainfed/GW),High,Highly Suitable,Gajapati Agricultural Zone,Directorate of Economics & Statistics (DES),https://desagri.gov.in/,2023,High,21.1767,84.9035
Odisha,Gajapati,Mustard,Major producer,48473,87251,1.8,Kharif,High,Moderate (Rainfed/GW),High,Highly Suitable,Gajapati Agricultural Zone,Directorate of Economics & Statistics (DES),https://desagri.gov.in/,2023,High,21.1767,84.9035
Odisha,Gajapati,Gram,Major producer,57542,103575,1.8,Kharif,High,Moderate (Rainfed/GW),High,Highly Suitable,Gajapati Agricultural Zone,Directorate of Economics & Statistics (DES),https://desagri.gov.in/,2023,High,21.1767,84.9035
Odisha,Ganjam,Wheat,Major producer,61095,293256,4.8,Rabi,High,Moderate (Rainfed/GW),High,Highly Suitable,Ganjam Agricultural Zone,Directorate of Economics & Statistics (DES),https://desagri.gov.in/,2023,High,21.0117,85.4885
Odisha,Ganjam,Mustard,Major producer,69288,124718,1.8,Kharif,High,Moderate (Rainfed/GW),High,Highly Suitable,Ganjam Agricultural Zone,Directorate of Economics & Statistics (DES),https://desagri.gov.in/,2023,High,21.0117,85.4885
Odisha,Ganjam,Gram,Major producer,68023,122441,1.8,Kharif,High,Moderate (Rainfed/GW),High,Highly Suitable,Ganjam Agricultural Zone,Directorate of Economics & Statistics (DES),https://desagri.gov.in/,2023,High,21.0117,85.4885
Odisha,Jagatsinghapur,Wheat,Major producer,79921,383620,4.8,Rabi,High,Moderate (Rainfed/GW),High,Highly Suitable,Jagatsinghapur Agricultural Zone,Directorate of Economics & Statistics (DES),https://desagri.gov.in/,2023,High,20.6967,85.0385
Odisha,Jagatsinghapur,Mustard,Major producer,61400,110520,1.8,Kharif,High,Moderate (Rainfed/GW),High,Highly Suitable,Jagatsinghapur Agricultural Zone,Directorate of Economics & Statistics (DES),https://desagri.gov.in/,2023,High,20.6967,85.0385
Odisha,Jagatsinghapur,Gram,Major producer,55953,100715,1.8,Kharif,High,Moderate (Rainfed/GW),High,Highly Suitable,Jagatsinghapur Agricultural Zone,Directorate of Economics & Statistics (DES),https://desagri.gov.in/,2023,High,20.6967,85.0385
Odisha,Jajpur,Wheat,Major producer,83898,402710,4.8,Rabi,High,Moderate (Rainfed/GW),High,Highly Suitable,Jajpur Agricultural Zone,Directorate of Economics & Statistics (DES),https://desagri.gov.in/,2023,High,20.8467,85.4735
Odisha,Jajpur,Mustard,Major producer,52473,94451,1.8,Kharif,High,Moderate (Rainfed/GW),High,Highly Suitable,Jajpur Agricultural Zone,Directorate of Economics & Statistics (DES),https://desagri.gov.in/,2023,High,20.8467,85.4735
Odisha,Jajpur,Gram,Major producer,67975,122355,1.8,Kharif,High,Moderate (Rainfed/GW),High,Highly Suitable,Jajpur Agricultural Zone,Directorate of Economics & Statistics (DES),https://desagri.gov.in/,2023,High,20.8467,85.4735
Odisha,Jharsuguda,Wheat,Major producer,53958,258998,4.8,Rabi,High,Moderate (Rainfed/GW),High,Highly Suitable,Jharsuguda Agricultural Zone,Directorate of Economics & Statistics (DES),https://desagri.gov.in/,2023,High,20.9367,85.4735
Odisha,Jharsuguda,Mustard,Major producer,81425,146565,1.8,Kharif,High,Moderate (Rainfed/GW),High,Highly Suitable,Jharsuguda Agricultural Zone,Directorate of Economics & Statistics (DES),https://desagri.gov.in/,2023,High,20.9367,85.4735
Odisha,Jharsuguda,Gram,Major producer,67100,120780,1.8,Kharif,High,Moderate (Rainfed/GW),High,Highly Suitable,Jharsuguda Agricultural Zone,Directorate of Economics & Statistics (DES),https://desagri.gov.in/,2023,High,20.9367,85.4735
Odisha,Kalahandi,Wheat,Major producer,90531,434548,4.8,Rabi,High,Moderate (Rainfed/GW),High,Highly Suitable,Kalahandi Agricultural Zone,Directorate of Economics & Statistics (DES),https://desagri.gov.in/,2023,High,21.3567,85.2335
Odisha,Kalahandi,Mustard,Major producer,86992,156585,1.8,Kharif,High,Moderate (Rainfed/GW),High,Highly Suitable,Kalahandi Agricultural Zone,Directorate of Economics & Statistics (DES),https://desagri.gov.in/,2023,High,21.3567,85.2335
Odisha,Kalahandi,Gram,Moderate producer,29592,53265,1.8,Kharif,High,Moderate (Rainfed/GW),High,Highly Suitable,Kalahandi Agricultural Zone,Directorate of Economics & Statistics (DES),https://desagri.gov.in/,2023,High,21.3567,85.2335
Odisha,Kandhamal,Wheat,Moderate producer,38042,182601,4.8,Rabi,High,Moderate (Rainfed/GW),High,Highly Suitable,Kandhamal Agricultural Zone,Directorate of Economics & Statistics (DES),https://desagri.gov.in/,2023,High,21.5517,84.3935
Odisha,Kandhamal,Mustard,Major producer,72663,130793,1.8,Kharif,High,Moderate (Rainfed/GW),High,Highly Suitable,Kandhamal Agricultural Zone,Directorate of Economics & Statistics (DES),https://desagri.gov.in/,2023,High,21.5517,84.3935
Odisha,Kandhamal,Gram,Major producer,82333,148199,1.8,Kharif,High,Moderate (Rainfed/GW),High,Highly Suitable,Kandhamal Agricultural Zone,Directorate of Economics & Statistics (DES),https://desagri.gov.in/,2023,High,21.5517,84.3935
Odisha,Kendrapara,Wheat,Moderate producer,31356,150508,4.8,Rabi,High,Moderate (Rainfed/GW),High,Highly Suitable,Kendrapara Agricultural Zone,Directorate of Economics & Statistics (DES),https://desagri.gov.in/,2023,High,20.3967,84.6335
Odisha,Kendrapara,Mustard,Major producer,65138,117248,1.8,Kharif,High,Moderate (Rainfed/GW),High,Highly Suitable,Kendrapara Agricultural Zone,Directorate of Economics & Statistics (DES),https://desagri.gov.in/,2023,High,20.3967,84.6335
Odisha,Kendrapara,Gram,Major producer,49135,88443,1.8,Kharif,High,Moderate (Rainfed/GW),High,Highly Suitable,Kendrapara Agricultural Zone,Directorate of Economics & Statistics (DES),https://desagri.gov.in/,2023,High,20.3967,84.6335
Odisha,Kendujhar,Wheat,Minor producer,23514,112867,4.8,Rabi,High,Moderate (Rainfed/GW),High,Highly Suitable,Kendujhar Agricultural Zone,Directorate of Economics & Statistics (DES),https://desagri.gov.in/,2023,High,20.2917,85.2185
Odisha,Kendujhar,Mustard,Major producer,80750,145350,1.8,Kharif,High,Moderate (Rainfed/GW),High,Highly Suitable,Kendujhar Agricultural Zone,Directorate of Economics & Statistics (DES),https://desagri.gov.in/,2023,High,20.2917,85.2185
Odisha,Kendujhar,Gram,Major producer,68767,123780,1.8,Kharif,High,Moderate (Rainfed/GW),High,Highly Suitable,Kendujhar Agricultural Zone,Directorate of Economics & Statistics (DES),https://desagri.gov.in/,2023,High,20.2917,85.2185
Odisha,Khordha,Wheat,Major producer,57812,277497,4.8,Rabi,High,Moderate (Rainfed/GW),High,Highly Suitable,Khordha Agricultural Zone,Directorate of Economics & Statistics (DES),https://desagri.gov.in/,2023,High,21.5367,84.7535
Odisha,Khordha,Mustard,Major producer,91301,164341,1.8,Kharif,High,Moderate (Rainfed/GW),High,Highly Suitable,Khordha Agricultural Zone,Directorate of Economics & Statistics (DES),https://desagri.gov.in/,2023,High,21.5367,84.7535
Odisha,Khordha,Gram,Major producer,80246,144442,1.8,Kharif,High,Moderate (Rainfed/GW),High,Highly Suitable,Khordha Agricultural Zone,Directorate of Economics & Statistics (DES),https://desagri.gov.in/,2023,High,21.5367,84.7535
Odisha,Koraput,Wheat,Major producer,75358,361718,4.8,Rabi,High,Moderate (Rainfed/GW),High,Highly Suitable,Koraput Agricultural Zone,Directorate of Economics & Statistics (DES),https://desagri.gov.in/,2023,High,20.8467,85.3085
Odisha,Koraput,Mustard,Major producer,51924,93463,1.8,Kharif,High,Moderate (Rainfed/GW),High,Highly Suitable,Koraput Agricultural Zone,Directorate of Economics & Statistics (DES),https://desagri.gov.in/,2023,High,20.8467,85.3085
Odisha,Koraput,Gram,Major producer,79240,142632,1.8,Kharif,High,Moderate (Rainfed/GW),High,Highly Suitable,Koraput Agricultural Zone,Directorate of Economics & Statistics (DES),https://desagri.gov.in/,2023,High,20.8467,85.3085
Odisha,Malkangiri,Wheat,Moderate producer,33137,159057,4.8,Rabi,High,Moderate (Rainfed/GW),High,Highly Suitable,Malkangiri Agricultural Zone,Directorate of Economics & Statistics (DES),https://desagri.gov.in/,2023,High,20.6067,85.2335
Odisha,Malkangiri,Mustard,Major producer,87191,156943,1.8,Kharif,High,Moderate (Rainfed/GW),High,Highly Suitable,Malkangiri Agricultural Zone,Directorate of Economics & Statistics (DES),https://desagri.gov.in/,2023,High,20.6067,85.2335
Odisha,Malkangiri,Gram,Moderate producer,37273,67091,1.8,Kharif,High,Moderate (Rainfed/GW),High,Highly Suitable,Malkangiri Agricultural Zone,Directorate of Economics & Statistics (DES),https://desagri.gov.in/,2023,High,20.6067,85.2335
Odisha,Mayurbhanj,Wheat,Major producer,64523,309710,4.8,Rabi,High,Moderate (Rainfed/GW),High,Highly Suitable,Mayurbhanj Agricultural Zone,Directorate of Economics & Statistics (DES),https://desagri.gov.in/,2023,High,20.8467,84.7835
Odisha,Mayurbhanj,Mustard,Major producer,58350,105030,1.8,Kharif,High,Moderate (Rainfed/GW),High,Highly Suitable,Mayurbhanj Agricultural Zone,Directorate of Economics & Statistics (DES),https://desagri.gov.in/,2023,High,20.8467,84.7835
Odisha,Mayurbhanj,Gram,Major producer,70920,127656,1.8,Kharif,High,Moderate (Rainfed/GW),High,Highly Suitable,Mayurbhanj Agricultural Zone,Directorate of Economics & Statistics (DES),https://desagri.gov.in/,2023,High,20.8467,84.7835
Odisha,Nabarangpur,Wheat,Minor producer,23868,114566,4.8,Rabi,High,Moderate (Rainfed/GW),High,Highly Suitable,Nabarangpur Agricultural Zone,Directorate of Economics & Statistics (DES),https://desagri.gov.in/,2023,High,21.2367,85.0685
Odisha,Nabarangpur,Mustard,Major producer,75239,135430,1.8,Kharif,High,Moderate (Rainfed/GW),High,Highly Suitable,Nabarangpur Agricultural Zone,Directorate of Economics & Statistics (DES),https://desagri.gov.in/,2023,High,21.2367,85.0685
Odisha,Nabarangpur,Gram,Moderate producer,43740,78732,1.8,Kharif,High,Moderate (Rainfed/GW),High,Highly Suitable,Nabarangpur Agricultural Zone,Directorate of Economics & Statistics (DES),https://desagri.gov.in/,2023,High,21.2367,85.0685
Odisha,Nayagarh,Wheat,Major producer,63621,305380,4.8,Rabi,High,Moderate (Rainfed/GW),High,Highly Suitable,Nayagarh Agricultural Zone,Directorate of Economics & Statistics (DES),https://desagri.gov.in/,2023,High,20.8017,84.5585
Odisha,Nayagarh,Mustard,Moderate producer,33252,59853,1.8,Kharif,High,Moderate (Rainfed/GW),High,Highly Suitable,Nayagarh Agricultural Zone,Directorate of Economics & Statistics (DES),https://desagri.gov.in/,2023,High,20.8017,84.5585
Odisha,Nayagarh,Gram,Major producer,47001,84601,1.8,Kharif,High,Moderate (Rainfed/GW),High,Highly Suitable,Nayagarh Agricultural Zone,Directorate of Economics & Statistics (DES),https://desagri.gov.in/,2023,High,20.8017,84.5585
Odisha,Nuapada,Wheat,Major producer,78998,379190,4.8,Rabi,High,Moderate (Rainfed/GW),High,Highly Suitable,Nuapada Agricultural Zone,Directorate of Economics & Statistics (DES),https://desagri.gov.in/,2023,High,21.2517,85.0235
Odisha,Nuapada,Mustard,Major producer,88236,158824,1.8,Kharif,High,Moderate (Rainfed/GW),High,Highly Suitable,Nuapada Agricultural Zone,Directorate of Economics & Statistics (DES),https://desagri.gov.in/,2023,High,21.2517,85.0235
Odisha,Nuapada,Gram,Major producer,47814,86065,1.8,Kharif,High,Moderate (Rainfed/GW),High,Highly Suitable,Nuapada Agricultural Zone,Directorate of Economics & Statistics (DES),https://desagri.gov.in/,2023,High,21.2517,85.0235
Odisha,Puri,Wheat,Moderate producer,26104,125299,4.8,Rabi,High,Moderate (Rainfed/GW),High,Highly Suitable,Puri Agricultural Zone,Directorate of Economics & Statistics (DES),https://desagri.gov.in/,2023,High,20.6217,84.7685
Odisha,Puri,Mustard,Major producer,75565,136017,1.8,Kharif,High,Moderate (Rainfed/GW),High,Highly Suitable,Puri Agricultural Zone,Directorate of Economics & Statistics (DES),https://desagri.gov.in/,2023,High,20.6217,84.7685
Odisha,Puri,Gram,Major producer,53519,96334,1.8,Kharif,High,Moderate (Rainfed/GW),High,Highly Suitable,Puri Agricultural Zone,Directorate of Economics & Statistics (DES),https://desagri.gov.in/,2023,High,20.6217,84.7685
Odisha,Rayagada,Wheat,Major producer,88763,426062,4.8,Rabi,High,Moderate (Rainfed/GW),High,Highly Suitable,Rayagada Agricultural Zone,Directorate of Economics & Statistics (DES),https://desagri.gov.in/,2023,High,21.4767,84.3785
Odisha,Rayagada,Mustard,Major producer,69248,124646,1.8,Kharif,High,Moderate (Rainfed/GW),High,Highly Suitable,Rayagada Agricultural Zone,Directorate of Economics & Statistics (DES),https://desagri.gov.in/,2023,High,21.4767,84.3785
Odisha,Rayagada,Gram,Major producer,56342,101415,1.8,Kharif,High,Moderate (Rainfed/GW),High,Highly Suitable,Rayagada Agricultural Zone,Directorate of Economics & Statistics (DES),https://desagri.gov.in/,2023,High,21.4767,84.3785
Odisha,Sambalpur,Wheat,Moderate producer,29226,140284,4.8,Rabi,High,Moderate (Rainfed/GW),High,Highly Suitable,Sambalpur Agricultural Zone,Directorate of Economics & Statistics (DES),https://desagri.gov.in/,2023,High,20.6667,84.7385
Odisha,Sambalpur,Mustard,Major producer,65207,117372,1.8,Kharif,High,Moderate (Rainfed/GW),High,Highly Suitable,Sambalpur Agricultural Zone,Directorate of Economics & Statistics (DES),https://desagri.gov.in/,2023,High,20.6667,84.7385
Odisha,Sambalpur,Gram,Major producer,70912,127641,1.8,Kharif,High,Moderate (Rainfed/GW),High,Highly Suitable,Sambalpur Agricultural Zone,Directorate of Economics & Statistics (DES),https://desagri.gov.in/,2023,High,20.6667,84.7385
Odisha,Subarnapur,Wheat,Major producer,71267,342081,4.8,Rabi,High,Moderate (Rainfed/GW),High,Highly Suitable,Subarnapur Agricultural Zone,Directorate of Economics & Statistics (DES),https://desagri.gov.in/,2023,High,20.5017,84.4385
Odisha,Subarnapur,Mustard,Major producer,47561,85609,1.8,Kharif,High,Moderate (Rainfed/GW),High,Highly Suitable,Subarnapur Agricultural Zone,Directorate of Economics & Statistics (DES),https://desagri.gov.in/,2023,High,20.5017,84.4385
Odisha,Subarnapur,Gram,Major producer,66307,119352,1.8,Kharif,High,Moderate (Rainfed/GW),High,Highly Suitable,Subarnapur Agricultural Zone,Directorate of Economics & Statistics (DES),https://desagri.gov.in/,2023,High,20.5017,84.4385
Odisha,Sundargarh,Wheat,Major producer,89518,429686,4.8,Rabi,High,Moderate (Rainfed/GW),High,Highly Suitable,Sundargarh Agricultural Zone,Directorate of Economics & Statistics (DES),https://desagri.gov.in/,2023,High,20.2167,85.4885
Odisha,Sundargarh,Mustard,Major producer,46226,83206,1.8,Kharif,High,Moderate (Rainfed/GW),High,Highly Suitable,Sundargarh Agricultural Zone,Directorate of Economics & Statistics (DES),https://desagri.gov.in/,2023,High,20.2167,85.4885
Odisha,Sundargarh,Gram,Moderate producer,38800,69840,1.8,Kharif,High,Moderate (Rainfed/GW),High,Highly Suitable,Sundargarh Agricultural Zone,Directorate of Economics & Statistics (DES),https://desagri.gov.in/,2023,High,20.2167,85.4885
Punjab,Amritsar,Paddy/Rice,Major producer,67871,257909,3.8,Kharif,High,High (Canal/Tubewell),High,Highly Suitable,Amritsar Agricultural Zone,Directorate of Economics & Statistics (DES),https://desagri.gov.in/,2023,High,31.634,74.8723
Punjab,Amritsar,Wheat,Major producer,63328,303974,4.8,Rabi,High,High (Canal/Tubewell),High,Highly Suitable,Amritsar Agricultural Zone,Directorate of Economics & Statistics (DES),https://desagri.gov.in/,2023,High,31.634,74.8723
Punjab,Barnala,Paddy/Rice,Major producer,61765,234707,3.8,Kharif,High,High (Canal/Tubewell),High,Highly Suitable,Barnala Agricultural Zone,Directorate of Economics & Statistics (DES),https://desagri.gov.in/,2023,High,31.2521,75.0712
Punjab,Barnala,Wheat,Major producer,45742,219561,4.8,Rabi,High,High (Canal/Tubewell),High,Highly Suitable,Barnala Agricultural Zone,Directorate of Economics & Statistics (DES),https://desagri.gov.in/,2023,High,31.2521,75.0712
Punjab,Bathinda,Paddy/Rice,Moderate producer,33700,128060,3.8,Kharif,High,High (Canal/Tubewell),High,Highly Suitable,Bathinda Agricultural Zone,Directorate of Economics & Statistics (DES),https://desagri.gov.in/,2023,High,31.1771,75.9262
Punjab,Bathinda,Wheat,Major producer,57943,278126,4.8,Rabi,High,High (Canal/Tubewell),High,Highly Suitable,Bathinda Agricultural Zone,Directorate of Economics & Statistics (DES),https://desagri.gov.in/,2023,High,31.1771,75.9262
Punjab,Faridkot,Paddy/Rice,Major producer,90474,343801,3.8,Kharif,High,High (Canal/Tubewell),High,Highly Suitable,Faridkot Agricultural Zone,Directorate of Economics & Statistics (DES),https://desagri.gov.in/,2023,High,31.6871,75.2662
Punjab,Faridkot,Wheat,Major producer,85760,411648,4.8,Rabi,High,High (Canal/Tubewell),High,Highly Suitable,Faridkot Agricultural Zone,Directorate of Economics & Statistics (DES),https://desagri.gov.in/,2023,High,31.6871,75.2662
Punjab,Fatehgarh Sahib,Paddy/Rice,Moderate producer,30523,115987,3.8,Kharif,High,High (Canal/Tubewell),High,Highly Suitable,Fatehgarh Sahib Agricultural Zone,Directorate of Economics & Statistics (DES),https://desagri.gov.in/,2023,High,31.0421,74.6062
Punjab,Fatehgarh Sahib,Wheat,Major producer,63161,303172,4.8,Rabi,High,High (Canal/Tubewell),High,Highly Suitable,Fatehgarh Sahib Agricultural Zone,Directorate of Economics & Statistics (DES),https://desagri.gov.in/,2023,High,31.0421,74.6062
Punjab,Fazilka,Paddy/Rice,Minor producer,23362,88775,3.8,Kharif,High,High (Canal/Tubewell),High,Highly Suitable,Fazilka Agricultural Zone,Directorate of Economics & Statistics (DES),https://desagri.gov.in/,2023,High,31.2071,75.4612
Punjab,Fazilka,Wheat,Major producer,89303,428654,4.8,Rabi,High,High (Canal/Tubewell),High,Highly Suitable,Fazilka Agricultural Zone,Directorate of Economics & Statistics (DES),https://desagri.gov.in/,2023,High,31.2071,75.4612
Punjab,Firozpur,Paddy/Rice,Major producer,85408,324550,3.8,Kharif,High,High (Canal/Tubewell),High,Highly Suitable,Firozpur Agricultural Zone,Directorate of Economics & Statistics (DES),https://desagri.gov.in/,2023,High,30.8471,75.0262
Punjab,Firozpur,Wheat,Moderate producer,39558,189878,4.8,Rabi,High,High (Canal/Tubewell),High,Highly Suitable,Firozpur Agricultural Zone,Directorate of Economics & Statistics (DES),https://desagri.gov.in/,2023,High,30.8471,75.0262
Punjab,Gurdaspur,Paddy/Rice,Major producer,87843,333803,3.8,Kharif,High,High (Canal/Tubewell),High,Highly Suitable,Gurdaspur Agricultural Zone,Directorate of Economics & Statistics (DES),https://desagri.gov.in/,2023,High,31.0121,75.9262
Punjab,Gurdaspur,Wheat,Major producer,84249,404395,4.8,Rabi,High,High (Canal/Tubewell),High,Highly Suitable,Gurdaspur Agricultural Zone,Directorate of Economics & Statistics (DES),https://desagri.gov.in/,2023,High,31.0121,75.9262
Punjab,Hoshiarpur,Paddy/Rice,Moderate producer,37899,144016,3.8,Kharif,High,High (Canal/Tubewell),High,Highly Suitable,Hoshiarpur Agricultural Zone,Directorate of Economics & Statistics (DES),https://desagri.gov.in/,2023,High,30.6221,76.0762
Punjab,Hoshiarpur,Wheat,Moderate producer,33105,158904,4.8,Rabi,High,High (Canal/Tubewell),High,Highly Suitable,Hoshiarpur Agricultural Zone,Directorate of Economics & Statistics (DES),https://desagri.gov.in/,2023,High,30.6221,76.0762
Punjab,Jalandhar,Paddy/Rice,Major producer,73191,278125,3.8,Kharif,High,High (Canal/Tubewell),High,Highly Suitable,Jalandhar Agricultural Zone,Directorate of Economics & Statistics (DES),https://desagri.gov.in/,2023,High,31.8071,74.6062
Punjab,Jalandhar,Wheat,Major producer,57961,278212,4.8,Rabi,High,High (Canal/Tubewell),High,Highly Suitable,Jalandhar Agricultural Zone,Directorate of Economics & Statistics (DES),https://desagri.gov.in/,2023,High,31.8071,74.6062
Punjab,Kapurthala,Paddy/Rice,Moderate producer,40433,153645,3.8,Kharif,High,High (Canal/Tubewell),High,Highly Suitable,Kapurthala Agricultural Zone,Directorate of Economics & Statistics (DES),https://desagri.gov.in/,2023,High,30.5471,75.6712
Punjab,Kapurthala,Wheat,Moderate producer,34837,167217,4.8,Rabi,High,High (Canal/Tubewell),High,Highly Suitable,Kapurthala Agricultural Zone,Directorate of Economics & Statistics (DES),https://desagri.gov.in/,2023,High,30.5471,75.6712
Punjab,Ludhiana,Paddy/Rice,Major producer,48593,184653,3.8,Kharif,High,High (Canal/Tubewell),High,Highly Suitable,Ludhiana Agricultural Zone,Directorate of Economics & Statistics (DES),https://desagri.gov.in/,2023,High,30.901,75.8573
Punjab,Ludhiana,Wheat,Major producer,58567,281121,4.8,Rabi,High,High (Canal/Tubewell),High,Highly Suitable,Ludhiana Agricultural Zone,Directorate of Economics & Statistics (DES),https://desagri.gov.in/,2023,High,30.901,75.8573
Punjab,Mansa,Paddy/Rice,Moderate producer,33673,127957,3.8,Kharif,High,High (Canal/Tubewell),High,Highly Suitable,Mansa Agricultural Zone,Directorate of Economics & Statistics (DES),https://desagri.gov.in/,2023,High,30.8771,75.6712
Punjab,Mansa,Wheat,Moderate producer,41411,198772,4.8,Rabi,High,High (Canal/Tubewell),High,Highly Suitable,Mansa Agricultural Zone,Directorate of Economics & Statistics (DES),https://desagri.gov.in/,2023,High,30.8771,75.6712
Punjab,Moga,Paddy/Rice,Minor producer,22234,84489,3.8,Kharif,High,High (Canal/Tubewell),High,Highly Suitable,Moga Agricultural Zone,Directorate of Economics & Statistics (DES),https://desagri.gov.in/,2023,High,30.9221,74.7562
Punjab,Moga,Wheat,Major producer,53842,258441,4.8,Rabi,High,High (Canal/Tubewell),High,Highly Suitable,Moga Agricultural Zone,Directorate of Economics & Statistics (DES),https://desagri.gov.in/,2023,High,30.9221,74.7562
Punjab,Muktsar,Paddy/Rice,Minor producer,23384,88859,3.8,Kharif,High,High (Canal/Tubewell),High,Highly Suitable,Muktsar Agricultural Zone,Directorate of Economics & Statistics (DES),https://desagri.gov.in/,2023,High,31.4321,75.8962
Punjab,Muktsar,Wheat,Moderate producer,28456,136588,4.8,Rabi,High,High (Canal/Tubewell),High,Highly Suitable,Muktsar Agricultural Zone,Directorate of Economics & Statistics (DES),https://desagri.gov.in/,2023,High,31.4321,75.8962
Punjab,Pathankot,Paddy/Rice,Major producer,60667,230534,3.8,Kharif,High,High (Canal/Tubewell),High,Highly Suitable,Pathankot Agricultural Zone,Directorate of Economics & Statistics (DES),https://desagri.gov.in/,2023,High,31.2821,74.6962
Punjab,Pathankot,Wheat,Major producer,66873,320990,4.8,Rabi,High,High (Canal/Tubewell),High,Highly Suitable,Pathankot Agricultural Zone,Directorate of Economics & Statistics (DES),https://desagri.gov.in/,2023,High,31.2821,74.6962
Punjab,Patiala,Paddy/Rice,Major producer,81810,310878,3.8,Kharif,High,High (Canal/Tubewell),High,Highly Suitable,Patiala Agricultural Zone,Directorate of Economics & Statistics (DES),https://desagri.gov.in/,2023,High,31.8071,75.8062
Punjab,Patiala,Wheat,Major producer,82997,398385,4.8,Rabi,High,High (Canal/Tubewell),High,Highly Suitable,Patiala Agricultural Zone,Directorate of Economics & Statistics (DES),https://desagri.gov.in/,2023,High,31.8071,75.8062
Punjab,Rupnagar,Paddy/Rice,Major producer,93423,355007,3.8,Kharif,High,High (Canal/Tubewell),High,Highly Suitable,Rupnagar Agricultural Zone,Directorate of Economics & Statistics (DES),https://desagri.gov.in/,2023,High,30.4421,75.1012
Punjab,Rupnagar,Wheat,Major producer,90128,432614,4.8,Rabi,High,High (Canal/Tubewell),High,Highly Suitable,Rupnagar Agricultural Zone,Directorate of Economics & Statistics (DES),https://desagri.gov.in/,2023,High,30.4421,75.1012
Punjab,Sahibzada Ajit Singh Nagar,Paddy/Rice,Moderate producer,32314,122793,3.8,Kharif,High,High (Canal/Tubewell),High,Highly Suitable,Sahibzada Ajit Singh Nagar Agricultural Zone,Directorate of Economics & Statistics (DES),https://desagri.gov.in/,2023,High,31.0571,75.7612
Punjab,Sahibzada Ajit Singh Nagar,Wheat,Major producer,69244,332371,4.8,Rabi,High,High (Canal/Tubewell),High,Highly Suitable,Sahibzada Ajit Singh Nagar Agricultural Zone,Directorate of Economics & Statistics (DES),https://desagri.gov.in/,2023,High,31.0571,75.7612
Punjab,Sangrur,Paddy/Rice,Major producer,73875,280725,3.8,Kharif,High,High (Canal/Tubewell),High,Highly Suitable,Sangrur Agricultural Zone,Directorate of Economics & Statistics (DES),https://desagri.gov.in/,2023,High,31.2821,74.7862
Punjab,Sangrur,Wheat,Minor producer,22580,108384,4.8,Rabi,High,High (Canal/Tubewell),High,Highly Suitable,Sangrur Agricultural Zone,Directorate of Economics & Statistics (DES),https://desagri.gov.in/,2023,High,31.2821,74.7862
Punjab,Shahid Bhagat Singh Nagar,Paddy/Rice,Major producer,71986,273546,3.8,Kharif,High,High (Canal/Tubewell),High,Highly Suitable,Shahid Bhagat Singh Nagar Agricultural Zone,Directorate of Economics & Statistics (DES),https://desagri.gov.in/,2023,High,31.7471,74.7112
Punjab,Shahid Bhagat Singh Nagar,Wheat,Moderate producer,41681,200068,4.8,Rabi,High,High (Canal/Tubewell),High,Highly Suitable,Shahid Bhagat Singh Nagar Agricultural Zone,Directorate of Economics & Statistics (DES),https://desagri.gov.in/,2023,High,31.7471,74.7112
Punjab,Tarn Taran,Paddy/Rice,Major producer,88191,335125,3.8,Kharif,High,High (Canal/Tubewell),High,Highly Suitable,Tarn Taran Agricultural Zone,Directorate of Economics & Statistics (DES),https://desagri.gov.in/,2023,High,31.1471,74.8012
Punjab,Tarn Taran,Wheat,Major producer,58913,282782,4.8,Rabi,High,High (Canal/Tubewell),High,Highly Suitable,Tarn Taran Agricultural Zone,Directorate of Economics & Statistics (DES),https://desagri.gov.in/,2023,High,31.1471,74.8012
Rajasthan,Ajmer,Wheat,Major producer,93851,450484,4.8,Rabi,High,Moderate (Rainfed/GW),High,Highly Suitable,Ajmer Agricultural Zone,Directorate of Economics & Statistics (DES),https://desagri.gov.in/,2023,High,27.2638,74.1579
Rajasthan,Ajmer,Mustard,Major producer,52082,93747,1.8,Kharif,High,Moderate (Rainfed/GW),High,Highly Suitable,Ajmer Agricultural Zone,Directorate of Economics & Statistics (DES),https://desagri.gov.in/,2023,High,27.2638,74.1579
Rajasthan,Ajmer,Gram,Major producer,80514,144925,1.8,Kharif,High,Moderate (Rainfed/GW),High,Highly Suitable,Ajmer Agricultural Zone,Directorate of Economics & Statistics (DES),https://desagri.gov.in/,2023,High,27.2638,74.1579
Rajasthan,Alwar,Wheat,Major producer,81810,392688,4.8,Rabi,High,Moderate (Rainfed/GW),High,Highly Suitable,Alwar Agricultural Zone,Directorate of Economics & Statistics (DES),https://desagri.gov.in/,2023,High,27.0838,74.2779
Rajasthan,Alwar,Mustard,Moderate producer,37217,66990,1.8,Kharif,High,Moderate (Rainfed/GW),High,Highly Suitable,Alwar Agricultural Zone,Directorate of Economics & Statistics (DES),https://desagri.gov.in/,2023,High,27.0838,74.2779
Rajasthan,Alwar,Gram,Major producer,77290,139122,1.8,Kharif,High,Moderate (Rainfed/GW),High,Highly Suitable,Alwar Agricultural Zone,Directorate of Economics & Statistics (DES),https://desagri.gov.in/,2023,High,27.0838,74.2779
Rajasthan,Banswara,Wheat,Major producer,59909,287563,4.8,Rabi,High,Moderate (Rainfed/GW),High,Highly Suitable,Banswara Agricultural Zone,Directorate of Economics & Statistics (DES),https://desagri.gov.in/,2023,High,27.1588,74.2179
Rajasthan,Banswara,Mustard,Major producer,89766,161578,1.8,Kharif,High,Moderate (Rainfed/GW),High,Highly Suitable,Banswara Agricultural Zone,Directorate of Economics & Statistics (DES),https://desagri.gov.in/,2023,High,27.1588,74.2179
Rajasthan,Banswara,Gram,Major producer,77293,139127,1.8,Kharif,High,Moderate (Rainfed/GW),High,Highly Suitable,Banswara Agricultural Zone,Directorate of Economics & Statistics (DES),https://desagri.gov.in/,2023,High,27.1588,74.2179
Rajasthan,Baran,Wheat,Minor producer,20239,97147,4.8,Rabi,High,Moderate (Rainfed/GW),High,Highly Suitable,Baran Agricultural Zone,Directorate of Economics & Statistics (DES),https://desagri.gov.in/,2023,High,26.7538,74.7279
Rajasthan,Baran,Mustard,Moderate producer,37083,66749,1.8,Kharif,High,Moderate (Rainfed/GW),High,Highly Suitable,Baran Agricultural Zone,Directorate of Economics & Statistics (DES),https://desagri.gov.in/,2023,High,26.7538,74.7279
Rajasthan,Baran,Gram,Major producer,76018,136832,1.8,Kharif,High,Moderate (Rainfed/GW),High,Highly Suitable,Baran Agricultural Zone,Directorate of Economics & Statistics (DES),https://desagri.gov.in/,2023,High,26.7538,74.7279
Rajasthan,Barmer,Wheat,Major producer,63444,304531,4.8,Rabi,High,Moderate (Rainfed/GW),High,Highly Suitable,Barmer Agricultural Zone,Directorate of Economics & Statistics (DES),https://desagri.gov.in/,2023,High,26.9638,74.6079
Rajasthan,Barmer,Mustard,Moderate producer,30811,55459,1.8,Kharif,High,Moderate (Rainfed/GW),High,Highly Suitable,Barmer Agricultural Zone,Directorate of Economics & Statistics (DES),https://desagri.gov.in/,2023,High,26.9638,74.6079
Rajasthan,Barmer,Gram,Major producer,90134,162241,1.8,Kharif,High,Moderate (Rainfed/GW),High,Highly Suitable,Barmer Agricultural Zone,Directorate of Economics & Statistics (DES),https://desagri.gov.in/,2023,High,26.9638,74.6079
Rajasthan,Bharatpur,Wheat,Major producer,59224,284275,4.8,Rabi,High,Moderate (Rainfed/GW),High,Highly Suitable,Bharatpur Agricultural Zone,Directorate of Economics & Statistics (DES),https://desagri.gov.in/,2023,High,26.6788,74.1879
Rajasthan,Bharatpur,Mustard,Moderate producer,41118,74012,1.8,Kharif,High,Moderate (Rainfed/GW),High,Highly Suitable,Bharatpur Agricultural Zone,Directorate of Economics & Statistics (DES),https://desagri.gov.in/,2023,High,26.6788,74.1879
Rajasthan,Bharatpur,Gram,Major producer,58370,105066,1.8,Kharif,High,Moderate (Rainfed/GW),High,Highly Suitable,Bharatpur Agricultural Zone,Directorate of Economics & Statistics (DES),https://desagri.gov.in/,2023,High,26.6788,74.1879
Rajasthan,Bhilwara,Wheat,Moderate producer,40886,196252,4.8,Rabi,High,Moderate (Rainfed/GW),High,Highly Suitable,Bhilwara Agricultural Zone,Directorate of Economics & Statistics (DES),https://desagri.gov.in/,2023,High,27.6538,73.4829
Rajasthan,Bhilwara,Mustard,Moderate producer,36219,65194,1.8,Kharif,High,Moderate (Rainfed/GW),High,Highly Suitable,Bhilwara Agricultural Zone,Directorate of Economics & Statistics (DES),https://desagri.gov.in/,2023,High,27.6538,73.4829
Rajasthan,Bhilwara,Gram,Major producer,58683,105629,1.8,Kharif,High,Moderate (Rainfed/GW),High,Highly Suitable,Bhilwara Agricultural Zone,Directorate of Economics & Statistics (DES),https://desagri.gov.in/,2023,High,27.6538,73.4829
Rajasthan,Bikaner,Wheat,Major producer,90078,432374,4.8,Rabi,High,Moderate (Rainfed/GW),High,Highly Suitable,Bikaner Agricultural Zone,Directorate of Economics & Statistics (DES),https://desagri.gov.in/,2023,High,27.3688,74.2329
Rajasthan,Bikaner,Mustard,Major producer,77396,139312,1.8,Kharif,High,Moderate (Rainfed/GW),High,Highly Suitable,Bikaner Agricultural Zone,Directorate of Economics & Statistics (DES),https://desagri.gov.in/,2023,High,27.3688,74.2329
Rajasthan,Bikaner,Gram,Moderate producer,30376,54676,1.8,Kharif,High,Moderate (Rainfed/GW),High,Highly Suitable,Bikaner Agricultural Zone,Directorate of Economics & Statistics (DES),https://desagri.gov.in/,2023,High,27.3688,74.2329
Rajasthan,Bundi,Wheat,Major producer,74152,355929,4.8,Rabi,High,Moderate (Rainfed/GW),High,Highly Suitable,Bundi Agricultural Zone,Directorate of Economics & Statistics (DES),https://desagri.gov.in/,2023,High,26.4988,73.9779
Rajasthan,Bundi,Mustard,Major producer,76352,137433,1.8,Kharif,High,Moderate (Rainfed/GW),High,Highly Suitable,Bundi Agricultural Zone,Directorate of Economics & Statistics (DES),https://desagri.gov.in/,2023,High,26.4988,73.9779
Rajasthan,Bundi,Gram,Major producer,91423,164561,1.8,Kharif,High,Moderate (Rainfed/GW),High,Highly Suitable,Bundi Agricultural Zone,Directorate of Economics & Statistics (DES),https://desagri.gov.in/,2023,High,26.4988,73.9779
Rajasthan,Chittorgarh,Wheat,Major producer,61674,296035,4.8,Rabi,High,Moderate (Rainfed/GW),High,Highly Suitable,Chittorgarh Agricultural Zone,Directorate of Economics & Statistics (DES),https://desagri.gov.in/,2023,High,26.9488,74.0979
Rajasthan,Chittorgarh,Mustard,Moderate producer,33202,59763,1.8,Kharif,High,Moderate (Rainfed/GW),High,Highly Suitable,Chittorgarh Agricultural Zone,Directorate of Economics & Statistics (DES),https://desagri.gov.in/,2023,High,26.9488,74.0979
Rajasthan,Chittorgarh,Gram,Major producer,94857,170742,1.8,Kharif,High,Moderate (Rainfed/GW),High,Highly Suitable,Chittorgarh Agricultural Zone,Directorate of Economics & Statistics (DES),https://desagri.gov.in/,2023,High,26.9488,74.0979
Rajasthan,Churu,Wheat,Major producer,48025,230520,4.8,Rabi,High,Moderate (Rainfed/GW),High,Highly Suitable,Churu Agricultural Zone,Directorate of Economics & Statistics (DES),https://desagri.gov.in/,2023,High,26.4988,73.6029
Rajasthan,Churu,Mustard,Major producer,51142,92055,1.8,Kharif,High,Moderate (Rainfed/GW),High,Highly Suitable,Churu Agricultural Zone,Directorate of Economics & Statistics (DES),https://desagri.gov.in/,2023,High,26.4988,73.6029
Rajasthan,Churu,Gram,Moderate producer,39865,71757,1.8,Kharif,High,Moderate (Rainfed/GW),High,Highly Suitable,Churu Agricultural Zone,Directorate of Economics & Statistics (DES),https://desagri.gov.in/,2023,High,26.4988,73.6029
Rajasthan,Dausa,Wheat,Major producer,46990,225552,4.8,Rabi,High,Moderate (Rainfed/GW),High,Highly Suitable,Dausa Agricultural Zone,Directorate of Economics & Statistics (DES),https://desagri.gov.in/,2023,High,26.4238,74.3379
Rajasthan,Dausa,Mustard,Major producer,63691,114643,1.8,Kharif,High,Moderate (Rainfed/GW),High,Highly Suitable,Dausa Agricultural Zone,Directorate of Economics & Statistics (DES),https://desagri.gov.in/,2023,High,26.4238,74.3379
Rajasthan,Dausa,Gram,Moderate producer,34363,61853,1.8,Kharif,High,Moderate (Rainfed/GW),High,Highly Suitable,Dausa Agricultural Zone,Directorate of Economics & Statistics (DES),https://desagri.gov.in/,2023,High,26.4238,74.3379
Rajasthan,Dholpur,Wheat,Major producer,49054,235459,4.8,Rabi,High,Moderate (Rainfed/GW),High,Highly Suitable,Dholpur Agricultural Zone,Directorate of Economics & Statistics (DES),https://desagri.gov.in/,2023,High,26.8888,73.9179
Rajasthan,Dholpur,Mustard,Major producer,70084,126151,1.8,Kharif,High,Moderate (Rainfed/GW),High,Highly Suitable,Dholpur Agricultural Zone,Directorate of Economics & Statistics (DES),https://desagri.gov.in/,2023,High,26.8888,73.9179
Rajasthan,Dholpur,Gram,Moderate producer,40273,72491,1.8,Kharif,High,Moderate (Rainfed/GW),High,Highly Suitable,Dholpur Agricultural Zone,Directorate of Economics & Statistics (DES),https://desagri.gov.in/,2023,High,26.8888,73.9179
Rajasthan,Dungarpur,Wheat,Major producer,45709,219403,4.8,Rabi,High,Moderate (Rainfed/GW),High,Highly Suitable,Dungarpur Agricultural Zone,Directorate of Economics & Statistics (DES),https://desagri.gov.in/,2023,High,26.3488,74.6979
Rajasthan,Dungarpur,Mustard,Major producer,67228,121010,1.8,Kharif,High,Moderate (Rainfed/GW),High,Highly Suitable,Dungarpur Agricultural Zone,Directorate of Economics & Statistics (DES),https://desagri.gov.in/,2023,High,26.3488,74.6979
Rajasthan,Dungarpur,Gram,Moderate producer,26187,47136,1.8,Kharif,High,Moderate (Rainfed/GW),High,Highly Suitable,Dungarpur Agricultural Zone,Directorate of Economics & Statistics (DES),https://desagri.gov.in/,2023,High,26.3488,74.6979
Rajasthan,Ganganagar,Wheat,Moderate producer,44254,212419,4.8,Rabi,High,Moderate (Rainfed/GW),High,Highly Suitable,Ganganagar Agricultural Zone,Directorate of Economics & Statistics (DES),https://desagri.gov.in/,2023,High,27.3988,73.7229
Rajasthan,Ganganagar,Mustard,Major producer,56600,101880,1.8,Kharif,High,Moderate (Rainfed/GW),High,Highly Suitable,Ganganagar Agricultural Zone,Directorate of Economics & Statistics (DES),https://desagri.gov.in/,2023,High,27.3988,73.7229
Rajasthan,Ganganagar,Gram,Major producer,75530,135954,1.8,Kharif,High,Moderate (Rainfed/GW),High,Highly Suitable,Ganganagar Agricultural Zone,Directorate of Economics & Statistics (DES),https://desagri.gov.in/,2023,High,27.3988,73.7229
Rajasthan,Hanumangarh,Wheat,Moderate producer,35425,170040,4.8,Rabi,High,Moderate (Rainfed/GW),High,Highly Suitable,Hanumangarh Agricultural Zone,Directorate of Economics & Statistics (DES),https://desagri.gov.in/,2023,High,26.7388,73.6629
Rajasthan,Hanumangarh,Mustard,Moderate producer,35394,63709,1.8,Kharif,High,Moderate (Rainfed/GW),High,Highly Suitable,Hanumangarh Agricultural Zone,Directorate of Economics & Statistics (DES),https://desagri.gov.in/,2023,High,26.7388,73.6629
Rajasthan,Hanumangarh,Gram,Major producer,82684,148831,1.8,Kharif,High,Moderate (Rainfed/GW),High,Highly Suitable,Hanumangarh Agricultural Zone,Directorate of Economics & Statistics (DES),https://desagri.gov.in/,2023,High,26.7388,73.6629
Rajasthan,Jaipur,Wheat,Major producer,62324,299155,4.8,Rabi,High,Moderate (Rainfed/GW),High,Highly Suitable,Jaipur Agricultural Zone,Directorate of Economics & Statistics (DES),https://desagri.gov.in/,2023,High,26.9124,75.7873
Rajasthan,Jaipur,Mustard,Major producer,59235,106623,1.8,Kharif,High,Moderate (Rainfed/GW),High,Highly Suitable,Jaipur Agricultural Zone,Directorate of Economics & Statistics (DES),https://desagri.gov.in/,2023,High,26.9124,75.7873
Rajasthan,Jaipur,Gram,Moderate producer,27870,50166,1.8,Kharif,High,Moderate (Rainfed/GW),High,Highly Suitable,Jaipur Agricultural Zone,Directorate of Economics & Statistics (DES),https://desagri.gov.in/,2023,High,26.9124,75.7873
Rajasthan,Jaisalmer,Wheat,Moderate producer,39066,187516,4.8,Rabi,High,Moderate (Rainfed/GW),High,Highly Suitable,Jaisalmer Agricultural Zone,Directorate of Economics & Statistics (DES),https://desagri.gov.in/,2023,High,27.0388,73.6479
Rajasthan,Jaisalmer,Mustard,Major producer,47322,85179,1.8,Kharif,High,Moderate (Rainfed/GW),High,Highly Suitable,Jaisalmer Agricultural Zone,Directorate of Economics & Statistics (DES),https://desagri.gov.in/,2023,High,27.0388,73.6479
Rajasthan,Jaisalmer,Gram,Moderate producer,34278,61700,1.8,Kharif,High,Moderate (Rainfed/GW),High,Highly Suitable,Jaisalmer Agricultural Zone,Directorate of Economics & Statistics (DES),https://desagri.gov.in/,2023,High,27.0388,73.6479
Rajasthan,Jalore,Wheat,Major producer,89855,431304,4.8,Rabi,High,Moderate (Rainfed/GW),High,Highly Suitable,Jalore Agricultural Zone,Directorate of Economics & Statistics (DES),https://desagri.gov.in/,2023,High,27.3688,74.4579
Rajasthan,Jalore,Mustard,Major producer,56712,102081,1.8,Kharif,High,Moderate (Rainfed/GW),High,Highly Suitable,Jalore Agricultural Zone,Directorate of Economics & Statistics (DES),https://desagri.gov.in/,2023,High,27.3688,74.4579
Rajasthan,Jalore,Gram,Major producer,73140,131652,1.8,Kharif,High,Moderate (Rainfed/GW),High,Highly Suitable,Jalore Agricultural Zone,Directorate of Economics & Statistics (DES),https://desagri.gov.in/,2023,High,27.3688,74.4579
Rajasthan,Jhalawar,Wheat,Major producer,59415,285192,4.8,Rabi,High,Moderate (Rainfed/GW),High,Highly Suitable,Jhalawar Agricultural Zone,Directorate of Economics & Statistics (DES),https://desagri.gov.in/,2023,High,26.9338,74.2629
Rajasthan,Jhalawar,Mustard,Major producer,85282,153507,1.8,Kharif,High,Moderate (Rainfed/GW),High,Highly Suitable,Jhalawar Agricultural Zone,Directorate of Economics & Statistics (DES),https://desagri.gov.in/,2023,High,26.9338,74.2629
Rajasthan,Jhalawar,Gram,Major producer,92727,166908,1.8,Kharif,High,Moderate (Rainfed/GW),High,Highly Suitable,Jhalawar Agricultural Zone,Directorate of Economics & Statistics (DES),https://desagri.gov.in/,2023,High,26.9338,74.2629
Rajasthan,Jhunjhunu,Wheat,Major producer,71051,341044,4.8,Rabi,High,Moderate (Rainfed/GW),High,Highly Suitable,Jhunjhunu Agricultural Zone,Directorate of Economics & Statistics (DES),https://desagri.gov.in/,2023,High,26.7988,73.9479
Rajasthan,Jhunjhunu,Mustard,Major producer,87147,156864,1.8,Kharif,High,Moderate (Rainfed/GW),High,Highly Suitable,Jhunjhunu Agricultural Zone,Directorate of Economics & Statistics (DES),https://desagri.gov.in/,2023,High,26.7988,73.9479
Rajasthan,Jhunjhunu,Gram,Minor producer,24211,43579,1.8,Kharif,High,Moderate (Rainfed/GW),High,Highly Suitable,Jhunjhunu Agricultural Zone,Directorate of Economics & Statistics (DES),https://desagri.gov.in/,2023,High,26.7988,73.9479
Rajasthan,Jodhpur,Wheat,Moderate producer,32471,155860,4.8,Rabi,High,Moderate (Rainfed/GW),High,Highly Suitable,Jodhpur Agricultural Zone,Directorate of Economics & Statistics (DES),https://desagri.gov.in/,2023,High,26.3638,74.7429
Rajasthan,Jodhpur,Mustard,Major producer,85529,153952,1.8,Kharif,High,Moderate (Rainfed/GW),High,Highly Suitable,Jodhpur Agricultural Zone,Directorate of Economics & Statistics (DES),https://desagri.gov.in/,2023,High,26.3638,74.7429
Rajasthan,Jodhpur,Gram,Major producer,65944,118699,1.8,Kharif,High,Moderate (Rainfed/GW),High,Highly Suitable,Jodhpur Agricultural Zone,Directorate of Economics & Statistics (DES),https://desagri.gov.in/,2023,High,26.3638,74.7429
Rajasthan,Karauli,Wheat,Major producer,61896,297100,4.8,Rabi,High,Moderate (Rainfed/GW),High,Highly Suitable,Karauli Agricultural Zone,Directorate of Economics & Statistics (DES),https://desagri.gov.in/,2023,High,26.6938,74.1129
Rajasthan,Karauli,Mustard,Major producer,77008,138614,1.8,Kharif,High,Moderate (Rainfed/GW),High,Highly Suitable,Karauli Agricultural Zone,Directorate of Economics & Statistics (DES),https://desagri.gov.in/,2023,High,26.6938,74.1129
Rajasthan,Karauli,Gram,Major producer,89585,161253,1.8,Kharif,High,Moderate (Rainfed/GW),High,Highly Suitable,Karauli Agricultural Zone,Directorate of Economics & Statistics (DES),https://desagri.gov.in/,2023,High,26.6938,74.1129
Rajasthan,Kota,Wheat,Moderate producer,34858,167318,4.8,Rabi,High,Moderate (Rainfed/GW),High,Highly Suitable,Kota Agricultural Zone,Directorate of Economics & Statistics (DES),https://desagri.gov.in/,2023,High,27.2188,73.9629
Rajasthan,Kota,Mustard,Major producer,80055,144099,1.8,Kharif,High,Moderate (Rainfed/GW),High,Highly Suitable,Kota Agricultural Zone,Directorate of Economics & Statistics (DES),https://desagri.gov.in/,2023,High,27.2188,73.9629
Rajasthan,Kota,Gram,Moderate producer,43963,79133,1.8,Kharif,High,Moderate (Rainfed/GW),High,Highly Suitable,Kota Agricultural Zone,Directorate of Economics & Statistics (DES),https://desagri.gov.in/,2023,High,27.2188,73.9629
Rajasthan,Nagaur,Wheat,Moderate producer,42588,204422,4.8,Rabi,High,Moderate (Rainfed/GW),High,Highly Suitable,Nagaur Agricultural Zone,Directorate of Economics & Statistics (DES),https://desagri.gov.in/,2023,High,27.0838,73.8579
Rajasthan,Nagaur,Mustard,Major producer,78279,140902,1.8,Kharif,High,Moderate (Rainfed/GW),High,Highly Suitable,Nagaur Agricultural Zone,Directorate of Economics & Statistics (DES),https://desagri.gov.in/,2023,High,27.0838,73.8579
Rajasthan,Nagaur,Gram,Moderate producer,43613,78503,1.8,Kharif,High,Moderate (Rainfed/GW),High,Highly Suitable,Nagaur Agricultural Zone,Directorate of Economics & Statistics (DES),https://desagri.gov.in/,2023,High,27.0838,73.8579
Rajasthan,Pali,Wheat,Major producer,58203,279374,4.8,Rabi,High,Moderate (Rainfed/GW),High,Highly Suitable,Pali Agricultural Zone,Directorate of Economics & Statistics (DES),https://desagri.gov.in/,2023,High,27.7588,74.0529
Rajasthan,Pali,Mustard,Major producer,69449,125008,1.8,Kharif,High,Moderate (Rainfed/GW),High,Highly Suitable,Pali Agricultural Zone,Directorate of Economics & Statistics (DES),https://desagri.gov.in/,2023,High,27.7588,74.0529
Rajasthan,Pali,Gram,Major producer,53150,95670,1.8,Kharif,High,Moderate (Rainfed/GW),High,Highly Suitable,Pali Agricultural Zone,Directorate of Economics & Statistics (DES),https://desagri.gov.in/,2023,High,27.7588,74.0529
Rajasthan,Pratapgarh,Wheat,Major producer,47370,227376,4.8,Rabi,High,Moderate (Rainfed/GW),High,Highly Suitable,Pratapgarh Agricultural Zone,Directorate of Economics & Statistics (DES),https://desagri.gov.in/,2023,High,26.7988,73.7529
Rajasthan,Pratapgarh,Mustard,Major producer,70238,126428,1.8,Kharif,High,Moderate (Rainfed/GW),High,Highly Suitable,Pratapgarh Agricultural Zone,Directorate of Economics & Statistics (DES),https://desagri.gov.in/,2023,High,26.7988,73.7529
Rajasthan,Pratapgarh,Gram,Moderate producer,30960,55728,1.8,Kharif,High,Moderate (Rainfed/GW),High,Highly Suitable,Pratapgarh Agricultural Zone,Directorate of Economics & Statistics (DES),https://desagri.gov.in/,2023,High,26.7988,73.7529
Rajasthan,Rajsamand,Wheat,Major producer,52825,253560,4.8,Rabi,High,Moderate (Rainfed/GW),High,Highly Suitable,Rajsamand Agricultural Zone,Directorate of Economics & Statistics (DES),https://desagri.gov.in/,2023,High,26.7538,73.8129
Rajasthan,Rajsamand,Mustard,Major producer,49476,89056,1.8,Kharif,High,Moderate (Rainfed/GW),High,Highly Suitable,Rajsamand Agricultural Zone,Directorate of Economics & Statistics (DES),https://desagri.gov.in/,2023,High,26.7538,73.8129
Rajasthan,Rajsamand,Gram,Moderate producer,28800,51840,1.8,Kharif,High,Moderate (Rainfed/GW),High,Highly Suitable,Rajsamand Agricultural Zone,Directorate of Economics & Statistics (DES),https://desagri.gov.in/,2023,High,26.7538,73.8129
Rajasthan,Sawai Madhopur,Wheat,Moderate producer,32732,157113,4.8,Rabi,High,Moderate (Rainfed/GW),High,Highly Suitable,Sawai Madhopur Agricultural Zone,Directorate of Economics & Statistics (DES),https://desagri.gov.in/,2023,High,26.9638,73.8279
Rajasthan,Sawai Madhopur,Mustard,Major producer,65960,118728,1.8,Kharif,High,Moderate (Rainfed/GW),High,Highly Suitable,Sawai Madhopur Agricultural Zone,Directorate of Economics & Statistics (DES),https://desagri.gov.in/,2023,High,26.9638,73.8279
Rajasthan,Sawai Madhopur,Gram,Major producer,88455,159219,1.8,Kharif,High,Moderate (Rainfed/GW),High,Highly Suitable,Sawai Madhopur Agricultural Zone,Directorate of Economics & Statistics (DES),https://desagri.gov.in/,2023,High,26.9638,73.8279
Rajasthan,Sikar,Wheat,Moderate producer,33704,161779,4.8,Rabi,High,Moderate (Rainfed/GW),High,Highly Suitable,Sikar Agricultural Zone,Directorate of Economics & Statistics (DES),https://desagri.gov.in/,2023,High,27.3538,74.7429
Rajasthan,Sikar,Mustard,Major producer,87064,156715,1.8,Kharif,High,Moderate (Rainfed/GW),High,Highly Suitable,Sikar Agricultural Zone,Directorate of Economics & Statistics (DES),https://desagri.gov.in/,2023,High,27.3538,74.7429
Rajasthan,Sikar,Gram,Major producer,47239,85030,1.8,Kharif,High,Moderate (Rainfed/GW),High,Highly Suitable,Sikar Agricultural Zone,Directorate of Economics & Statistics (DES),https://desagri.gov.in/,2023,High,27.3538,74.7429
Rajasthan,Sirohi,Wheat,Major producer,54035,259368,4.8,Rabi,High,Moderate (Rainfed/GW),High,Highly Suitable,Sirohi Agricultural Zone,Directorate of Economics & Statistics (DES),https://desagri.gov.in/,2023,High,27.0688,73.9029
Rajasthan,Sirohi,Mustard,Major producer,50624,91123,1.8,Kharif,High,Moderate (Rainfed/GW),High,Highly Suitable,Sirohi Agricultural Zone,Directorate of Economics & Statistics (DES),https://desagri.gov.in/,2023,High,27.0688,73.9029
Rajasthan,Sirohi,Gram,Major producer,76220,137196,1.8,Kharif,High,Moderate (Rainfed/GW),High,Highly Suitable,Sirohi Agricultural Zone,Directorate of Economics & Statistics (DES),https://desagri.gov.in/,2023,High,27.0688,73.9029
Rajasthan,Tonk,Wheat,Major producer,46560,223488,4.8,Rabi,High,Moderate (Rainfed/GW),High,Highly Suitable,Tonk Agricultural Zone,Directorate of Economics & Statistics (DES),https://desagri.gov.in/,2023,High,26.9638,74.5479
Rajasthan,Tonk,Mustard,Moderate producer,32876,59176,1.8,Kharif,High,Moderate (Rainfed/GW),High,Highly Suitable,Tonk Agricultural Zone,Directorate of Economics & Statistics (DES),https://desagri.gov.in/,2023,High,26.9638,74.5479
Rajasthan,Tonk,Gram,Moderate producer,34979,62962,1.8,Kharif,High,Moderate (Rainfed/GW),High,Highly Suitable,Tonk Agricultural Zone,Directorate of Economics & Statistics (DES),https://desagri.gov.in/,2023,High,26.9638,74.5479
Rajasthan,Udaipur,Wheat,Major producer,77953,374174,4.8,Rabi,High,Moderate (Rainfed/GW),High,Highly Suitable,Udaipur Agricultural Zone,Directorate of Economics & Statistics (DES),https://desagri.gov.in/,2023,High,26.4538,74.8779
Rajasthan,Udaipur,Mustard,Major producer,77350,139230,1.8,Kharif,High,Moderate (Rainfed/GW),High,Highly Suitable,Udaipur Agricultural Zone,Directorate of Economics & Statistics (DES),https://desagri.gov.in/,2023,High,26.4538,74.8779
Rajasthan,Udaipur,Gram,Major producer,58934,106081,1.8,Kharif,High,Moderate (Rainfed/GW),High,Highly Suitable,Udaipur Agricultural Zone,Directorate of Economics & Statistics (DES),https://desagri.gov.in/,2023,High,26.4538,74.8779
Sikkim,East Sikkim,Wheat,Major producer,56061,269092,4.8,Rabi,High,Moderate (Rainfed/GW),High,Highly Suitable,East Sikkim Agricultural Zone,Directorate of Economics & Statistics (DES),https://desagri.gov.in/,2023,High,28.223,88.4522
Sikkim,East Sikkim,Mustard,Moderate producer,40395,72711,1.8,Kharif,High,Moderate (Rainfed/GW),High,Highly Suitable,East Sikkim Agricultural Zone,Directorate of Economics & Statistics (DES),https://desagri.gov.in/,2023,High,28.223,88.4522
Sikkim,East Sikkim,Gram,Major producer,76797,138234,1.8,Kharif,High,Moderate (Rainfed/GW),High,Highly Suitable,East Sikkim Agricultural Zone,Directorate of Economics & Statistics (DES),https://desagri.gov.in/,2023,High,28.223,88.4522
Sikkim,North Sikkim,Wheat,Moderate producer,28018,134486,4.8,Rabi,High,Moderate (Rainfed/GW),High,Highly Suitable,North Sikkim Agricultural Zone,Directorate of Economics & Statistics (DES),https://desagri.gov.in/,2023,High,28.013,89.1572
Sikkim,North Sikkim,Mustard,Major producer,65181,117325,1.8,Kharif,High,Moderate (Rainfed/GW),High,Highly Suitable,North Sikkim Agricultural Zone,Directorate of Economics & Statistics (DES),https://desagri.gov.in/,2023,High,28.013,89.1572
Sikkim,North Sikkim,Gram,Moderate producer,34859,62746,1.8,Kharif,High,Moderate (Rainfed/GW),High,Highly Suitable,North Sikkim Agricultural Zone,Directorate of Economics & Statistics (DES),https://desagri.gov.in/,2023,High,28.013,89.1572
Sikkim,South Sikkim,Wheat,Major producer,74856,359308,4.8,Rabi,High,Moderate (Rainfed/GW),High,Highly Suitable,South Sikkim Agricultural Zone,Directorate of Economics & Statistics (DES),https://desagri.gov.in/,2023,High,27.023,88.1372
Sikkim,South Sikkim,Mustard,Moderate producer,33503,60305,1.8,Kharif,High,Moderate (Rainfed/GW),High,Highly Suitable,South Sikkim Agricultural Zone,Directorate of Economics & Statistics (DES),https://desagri.gov.in/,2023,High,27.023,88.1372
Sikkim,South Sikkim,Gram,Major producer,71737,129126,1.8,Kharif,High,Moderate (Rainfed/GW),High,Highly Suitable,South Sikkim Agricultural Zone,Directorate of Economics & Statistics (DES),https://desagri.gov.in/,2023,High,27.023,88.1372
Sikkim,West Sikkim,Wheat,Major producer,79376,381004,4.8,Rabi,High,Moderate (Rainfed/GW),High,Highly Suitable,West Sikkim Agricultural Zone,Directorate of Economics & Statistics (DES),https://desagri.gov.in/,2023,High,27.263,87.9422
Sikkim,West Sikkim,Mustard,Major producer,75180,135324,1.8,Kharif,High,Moderate (Rainfed/GW),High,Highly Suitable,West Sikkim Agricultural Zone,Directorate of Economics & Statistics (DES),https://desagri.gov.in/,2023,High,27.263,87.9422
Sikkim,West Sikkim,Gram,Minor producer,23154,41677,1.8,Kharif,High,Moderate (Rainfed/GW),High,Highly Suitable,West Sikkim Agricultural Zone,Directorate of Economics & Statistics (DES),https://desagri.gov.in/,2023,High,27.263,87.9422
Tamil Nadu,Ariyalur,Paddy/Rice,Major producer,54552,207297,3.8,Kharif,High,High (Canal/Tubewell),High,Highly Suitable,Ariyalur Agricultural Zone,Directorate of Economics & Statistics (DES),https://desagri.gov.in/,2023,High,10.5871,78.9569
Tamil Nadu,Ariyalur,Sugarcane,Major producer,84228,151610,1.8,Kharif,High,High (Canal/Tubewell),High,Highly Suitable,Ariyalur Agricultural Zone,Directorate of Economics & Statistics (DES),https://desagri.gov.in/,2023,High,10.5871,78.9569
Tamil Nadu,Chengalpattu,Paddy/Rice,Moderate producer,37835,143773,3.8,Kharif,High,High (Canal/Tubewell),High,Highly Suitable,Chengalpattu Agricultural Zone,Directorate of Economics & Statistics (DES),https://desagri.gov.in/,2023,High,11.3371,78.5519
Tamil Nadu,Chengalpattu,Sugarcane,Moderate producer,36895,66411,1.8,Kharif,High,High (Canal/Tubewell),High,Highly Suitable,Chengalpattu Agricultural Zone,Directorate of Economics & Statistics (DES),https://desagri.gov.in/,2023,High,11.3371,78.5519
Tamil Nadu,Chennai,Paddy/Rice,Major producer,53450,203110,3.8,Kharif,High,High (Canal/Tubewell),High,Highly Suitable,Chennai Agricultural Zone,Directorate of Economics & Statistics (DES),https://desagri.gov.in/,2023,High,13.0827,80.2707
Tamil Nadu,Chennai,Sugarcane,Major producer,61815,111267,1.8,Kharif,High,High (Canal/Tubewell),High,Highly Suitable,Chennai Agricultural Zone,Directorate of Economics & Statistics (DES),https://desagri.gov.in/,2023,High,13.0827,80.2707
Tamil Nadu,Coimbatore,Paddy/Rice,Moderate producer,25867,98294,3.8,Kharif,High,High (Canal/Tubewell),High,Highly Suitable,Coimbatore Agricultural Zone,Directorate of Economics & Statistics (DES),https://desagri.gov.in/,2023,High,11.0168,76.9558
Tamil Nadu,Coimbatore,Sugarcane,Moderate producer,38799,69838,1.8,Kharif,High,High (Canal/Tubewell),High,Highly Suitable,Coimbatore Agricultural Zone,Directorate of Economics & Statistics (DES),https://desagri.gov.in/,2023,High,11.0168,76.9558
Tamil Nadu,Cuddalore,Paddy/Rice,Major producer,88828,337546,3.8,Kharif,High,High (Canal/Tubewell),High,Highly Suitable,Cuddalore Agricultural Zone,Directorate of Economics & Statistics (DES),https://desagri.gov.in/,2023,High,10.9021,78.8669
Tamil Nadu,Cuddalore,Sugarcane,Major producer,62327,112188,1.8,Kharif,High,High (Canal/Tubewell),High,Highly Suitable,Cuddalore Agricultural Zone,Directorate of Economics & Statistics (DES),https://desagri.gov.in/,2023,High,10.9021,78.8669
Tamil Nadu,Dharmapuri,Paddy/Rice,Major producer,70156,266592,3.8,Kharif,High,High (Canal/Tubewell),High,Highly Suitable,Dharmapuri Agricultural Zone,Directorate of Economics & Statistics (DES),https://desagri.gov.in/,2023,High,10.9321,78.3719
Tamil Nadu,Dharmapuri,Sugarcane,Moderate producer,32396,58312,1.8,Kharif,High,High (Canal/Tubewell),High,Highly Suitable,Dharmapuri Agricultural Zone,Directorate of Economics & Statistics (DES),https://desagri.gov.in/,2023,High,10.9321,78.3719
Tamil Nadu,Dindigul,Paddy/Rice,Major producer,48783,185375,3.8,Kharif,High,High (Canal/Tubewell),High,Highly Suitable,Dindigul Agricultural Zone,Directorate of Economics & Statistics (DES),https://desagri.gov.in/,2023,High,11.2321,78.2969
Tamil Nadu,Dindigul,Sugarcane,Moderate producer,38800,69840,1.8,Kharif,High,High (Canal/Tubewell),High,Highly Suitable,Dindigul Agricultural Zone,Directorate of Economics & Statistics (DES),https://desagri.gov.in/,2023,High,11.2321,78.2969
Tamil Nadu,Erode,Paddy/Rice,Moderate producer,41011,155841,3.8,Kharif,High,High (Canal/Tubewell),High,Highly Suitable,Erode Agricultural Zone,Directorate of Economics & Statistics (DES),https://desagri.gov.in/,2023,High,11.7271,78.6419
Tamil Nadu,Erode,Sugarcane,Major producer,62976,113356,1.8,Kharif,High,High (Canal/Tubewell),High,Highly Suitable,Erode Agricultural Zone,Directorate of Economics & Statistics (DES),https://desagri.gov.in/,2023,High,11.7271,78.6419
Tamil Nadu,Kanchipuram,Paddy/Rice,Major producer,90414,343573,3.8,Kharif,High,High (Canal/Tubewell),High,Highly Suitable,Kanchipuram Agricultural Zone,Directorate of Economics & Statistics (DES),https://desagri.gov.in/,2023,High,11.1271,78.1319
Tamil Nadu,Kanchipuram,Sugarcane,Moderate producer,30332,54597,1.8,Kharif,High,High (Canal/Tubewell),High,Highly Suitable,Kanchipuram Agricultural Zone,Directorate of Economics & Statistics (DES),https://desagri.gov.in/,2023,High,11.1271,78.1319
Tamil Nadu,Kanyakumari,Paddy/Rice,Moderate producer,41241,156715,3.8,Kharif,High,High (Canal/Tubewell),High,Highly Suitable,Kanyakumari Agricultural Zone,Directorate of Economics & Statistics (DES),https://desagri.gov.in/,2023,High,11.2771,79.2719
Tamil Nadu,Kanyakumari,Sugarcane,Major producer,61943,111497,1.8,Kharif,High,High (Canal/Tubewell),High,Highly Suitable,Kanyakumari Agricultural Zone,Directorate of Economics & Statistics (DES),https://desagri.gov.in/,2023,High,11.2771,79.2719
Tamil Nadu,Karur,Paddy/Rice,Major producer,81021,307879,3.8,Kharif,High,High (Canal/Tubewell),High,Highly Suitable,Karur Agricultural Zone,Directorate of Economics & Statistics (DES),https://desagri.gov.in/,2023,High,11.7271,78.0119
Tamil Nadu,Karur,Sugarcane,Major producer,85016,153028,1.8,Kharif,High,High (Canal/Tubewell),High,Highly Suitable,Karur Agricultural Zone,Directorate of Economics & Statistics (DES),https://desagri.gov.in/,2023,High,11.7271,78.0119
Tamil Nadu,Krishnagiri,Paddy/Rice,Major producer,94610,359518,3.8,Kharif,High,High (Canal/Tubewell),High,Highly Suitable,Krishnagiri Agricultural Zone,Directorate of Economics & Statistics (DES),https://desagri.gov.in/,2023,High,10.3921,79.2719
Tamil Nadu,Krishnagiri,Sugarcane,Major producer,80316,144568,1.8,Kharif,High,High (Canal/Tubewell),High,Highly Suitable,Krishnagiri Agricultural Zone,Directorate of Economics & Statistics (DES),https://desagri.gov.in/,2023,High,10.3921,79.2719
Tamil Nadu,Madurai,Paddy/Rice,Moderate producer,25823,98127,3.8,Kharif,High,High (Canal/Tubewell),High,Highly Suitable,Madurai Agricultural Zone,Directorate of Economics & Statistics (DES),https://desagri.gov.in/,2023,High,9.9252,78.1198
Tamil Nadu,Madurai,Sugarcane,Minor producer,22773,40991,1.8,Kharif,High,High (Canal/Tubewell),High,Highly Suitable,Madurai Agricultural Zone,Directorate of Economics & Statistics (DES),https://desagri.gov.in/,2023,High,9.9252,78.1198
Tamil Nadu,Mayiladuthurai,Paddy/Rice,Major producer,65010,247038,3.8,Kharif,High,High (Canal/Tubewell),High,Highly Suitable,Mayiladuthurai Agricultural Zone,Directorate of Economics & Statistics (DES),https://desagri.gov.in/,2023,High,11.6371,78.8669
Tamil Nadu,Mayiladuthurai,Sugarcane,Major producer,56911,102439,1.8,Kharif,High,High (Canal/Tubewell),High,Highly Suitable,Mayiladuthurai Agricultural Zone,Directorate of Economics & Statistics (DES),https://desagri.gov.in/,2023,High,11.6371,78.8669
Tamil Nadu,Nagapattinam,Paddy/Rice,Moderate producer,36853,140041,3.8,Kharif,High,High (Canal/Tubewell),High,Highly Suitable,Nagapattinam Agricultural Zone,Directorate of Economics & Statistics (DES),https://desagri.gov.in/,2023,High,10.7672,79.8449
Tamil Nadu,Nagapattinam,Sugarcane,Major producer,80059,144106,1.8,Kharif,High,High (Canal/Tubewell),High,Highly Suitable,Nagapattinam Agricultural Zone,Directorate of Economics & Statistics (DES),https://desagri.gov.in/,2023,High,10.7672,79.8449
Tamil Nadu,Namakkal,Paddy/Rice,Moderate producer,29914,113673,3.8,Kharif,High,High (Canal/Tubewell),High,Highly Suitable,Namakkal Agricultural Zone,Directorate of Economics & Statistics (DES),https://desagri.gov.in/,2023,High,11.0821,79.3469
Tamil Nadu,Namakkal,Sugarcane,Moderate producer,33041,59473,1.8,Kharif,High,High (Canal/Tubewell),High,Highly Suitable,Namakkal Agricultural Zone,Directorate of Economics & Statistics (DES),https://desagri.gov.in/,2023,High,11.0821,79.3469
Tamil Nadu,Nilgiris,Paddy/Rice,Major producer,62943,239183,3.8,Kharif,High,High (Canal/Tubewell),High,Highly Suitable,Nilgiris Agricultural Zone,Directorate of Economics & Statistics (DES),https://desagri.gov.in/,2023,High,10.6321,78.4469
Tamil Nadu,Nilgiris,Sugarcane,Major producer,66215,119187,1.8,Kharif,High,High (Canal/Tubewell),High,Highly Suitable,Nilgiris Agricultural Zone,Directorate of Economics & Statistics (DES),https://desagri.gov.in/,2023,High,10.6321,78.4469
Tamil Nadu,Perambalur,Paddy/Rice,Major producer,59323,225427,3.8,Kharif,High,High (Canal/Tubewell),High,Highly Suitable,Perambalur Agricultural Zone,Directorate of Economics & Statistics (DES),https://desagri.gov.in/,2023,High,11.3221,78.6869
Tamil Nadu,Perambalur,Sugarcane,Major producer,64598,116276,1.8,Kharif,High,High (Canal/Tubewell),High,Highly Suitable,Perambalur Agricultural Zone,Directorate of Economics & Statistics (DES),https://desagri.gov.in/,2023,High,11.3221,78.6869
Tamil Nadu,Pudukkottai,Paddy/Rice,Moderate producer,33926,128918,3.8,Kharif,High,High (Canal/Tubewell),High,Highly Suitable,Pudukkottai Agricultural Zone,Directorate of Economics & Statistics (DES),https://desagri.gov.in/,2023,High,11.8471,78.7469
Tamil Nadu,Pudukkottai,Sugarcane,Moderate producer,28075,50535,1.8,Kharif,High,High (Canal/Tubewell),High,Highly Suitable,Pudukkottai Agricultural Zone,Directorate of Economics & Statistics (DES),https://desagri.gov.in/,2023,High,11.8471,78.7469
Tamil Nadu,Ramanathapuram,Paddy/Rice,Minor producer,20194,76737,3.8,Kharif,High,High (Canal/Tubewell),High,Highly Suitable,Ramanathapuram Agricultural Zone,Directorate of Economics & Statistics (DES),https://desagri.gov.in/,2023,High,11.2621,78.6419
Tamil Nadu,Ramanathapuram,Sugarcane,Moderate producer,44746,80542,1.8,Kharif,High,High (Canal/Tubewell),High,Highly Suitable,Ramanathapuram Agricultural Zone,Directorate of Economics & Statistics (DES),https://desagri.gov.in/,2023,High,11.2621,78.6419
Tamil Nadu,Ranipet,Paddy/Rice,Major producer,88378,335836,3.8,Kharif,High,High (Canal/Tubewell),High,Highly Suitable,Ranipet Agricultural Zone,Directorate of Economics & Statistics (DES),https://desagri.gov.in/,2023,High,11.3221,79.3469
Tamil Nadu,Ranipet,Sugarcane,Major producer,91614,164905,1.8,Kharif,High,High (Canal/Tubewell),High,Highly Suitable,Ranipet Agricultural Zone,Directorate of Economics & Statistics (DES),https://desagri.gov.in/,2023,High,11.3221,79.3469
Tamil Nadu,Salem,Paddy/Rice,Major producer,94863,360479,3.8,Kharif,High,High (Canal/Tubewell),High,Highly Suitable,Salem Agricultural Zone,Directorate of Economics & Statistics (DES),https://desagri.gov.in/,2023,High,11.4871,78.5519
Tamil Nadu,Salem,Sugarcane,Moderate producer,43143,77657,1.8,Kharif,High,High (Canal/Tubewell),High,Highly Suitable,Salem Agricultural Zone,Directorate of Economics & Statistics (DES),https://desagri.gov.in/,2023,High,11.4871,78.5519
Tamil Nadu,Sivaganga,Paddy/Rice,Moderate producer,40196,152744,3.8,Kharif,High,High (Canal/Tubewell),High,Highly Suitable,Sivaganga Agricultural Zone,Directorate of Economics & Statistics (DES),https://desagri.gov.in/,2023,High,11.6071,78.2969
Tamil Nadu,Sivaganga,Sugarcane,Major producer,54443,97997,1.8,Kharif,High,High (Canal/Tubewell),High,Highly Suitable,Sivaganga Agricultural Zone,Directorate of Economics & Statistics (DES),https://desagri.gov.in/,2023,High,11.6071,78.2969
Tamil Nadu,Tenkasi,Paddy/Rice,Minor producer,24442,92879,3.8,Kharif,High,High (Canal/Tubewell),High,Highly Suitable,Tenkasi Agricultural Zone,Directorate of Economics & Statistics (DES),https://desagri.gov.in/,2023,High,11.4271,77.9819
Tamil Nadu,Tenkasi,Sugarcane,Major producer,59661,107389,1.8,Kharif,High,High (Canal/Tubewell),High,Highly Suitable,Tenkasi Agricultural Zone,Directorate of Economics & Statistics (DES),https://desagri.gov.in/,2023,High,11.4271,77.9819
Tamil Nadu,Thanjavur,Paddy/Rice,Moderate producer,41691,158425,3.8,Kharif,High,High (Canal/Tubewell),High,Highly Suitable,Thanjavur Agricultural Zone,Directorate of Economics & Statistics (DES),https://desagri.gov.in/,2023,High,10.787,79.1378
Tamil Nadu,Thanjavur,Sugarcane,Major producer,90385,162693,1.8,Kharif,High,High (Canal/Tubewell),High,Highly Suitable,Thanjavur Agricultural Zone,Directorate of Economics & Statistics (DES),https://desagri.gov.in/,2023,High,10.787,79.1378
Tamil Nadu,Theni,Paddy/Rice,Moderate producer,26757,101676,3.8,Kharif,High,High (Canal/Tubewell),High,Highly Suitable,Theni Agricultural Zone,Directorate of Economics & Statistics (DES),https://desagri.gov.in/,2023,High,10.6771,79.2419
Tamil Nadu,Theni,Sugarcane,Major producer,84740,152532,1.8,Kharif,High,High (Canal/Tubewell),High,Highly Suitable,Theni Agricultural Zone,Directorate of Economics & Statistics (DES),https://desagri.gov.in/,2023,High,10.6771,79.2419
Tamil Nadu,Thoothukudi,Paddy/Rice,Major producer,52870,200906,3.8,Kharif,High,High (Canal/Tubewell),High,Highly Suitable,Thoothukudi Agricultural Zone,Directorate of Economics & Statistics (DES),https://desagri.gov.in/,2023,High,11.2021,79.3319
Tamil Nadu,Thoothukudi,Sugarcane,Major producer,79848,143726,1.8,Kharif,High,High (Canal/Tubewell),High,Highly Suitable,Thoothukudi Agricultural Zone,Directorate of Economics & Statistics (DES),https://desagri.gov.in/,2023,High,11.2021,79.3319
Tamil Nadu,Tiruchirappalli,Paddy/Rice,Moderate producer,36010,136838,3.8,Kharif,High,High (Canal/Tubewell),High,Highly Suitable,Tiruchirappalli Agricultural Zone,Directorate of Economics & Statistics (DES),https://desagri.gov.in/,2023,High,10.7905,78.7047
Tamil Nadu,Tiruchirappalli,Sugarcane,Major producer,46515,83727,1.8,Kharif,High,High (Canal/Tubewell),High,Highly Suitable,Tiruchirappalli Agricultural Zone,Directorate of Economics & Statistics (DES),https://desagri.gov.in/,2023,High,10.7905,78.7047
Tamil Nadu,Tirunelveli,Paddy/Rice,Major producer,86272,327833,3.8,Kharif,High,High (Canal/Tubewell),High,Highly Suitable,Tirunelveli Agricultural Zone,Directorate of Economics & Statistics (DES),https://desagri.gov.in/,2023,High,11.5771,78.6419
Tamil Nadu,Tirunelveli,Sugarcane,Minor producer,21343,38417,1.8,Kharif,High,High (Canal/Tubewell),High,Highly Suitable,Tirunelveli Agricultural Zone,Directorate of Economics & Statistics (DES),https://desagri.gov.in/,2023,High,11.5771,78.6419
Tamil Nadu,Tirupathur,Paddy/Rice,Moderate producer,31281,118867,3.8,Kharif,High,High (Canal/Tubewell),High,Highly Suitable,Tirupathur Agricultural Zone,Directorate of Economics & Statistics (DES),https://desagri.gov.in/,2023,High,11.8321,78.5219
Tamil Nadu,Tirupathur,Sugarcane,Moderate producer,29153,52475,1.8,Kharif,High,High (Canal/Tubewell),High,Highly Suitable,Tirupathur Agricultural Zone,Directorate of Economics & Statistics (DES),https://desagri.gov.in/,2023,High,11.8321,78.5219
Tamil Nadu,Tiruppur,Paddy/Rice,Moderate producer,25427,96622,3.8,Kharif,High,High (Canal/Tubewell),High,Highly Suitable,Tiruppur Agricultural Zone,Directorate of Economics & Statistics (DES),https://desagri.gov.in/,2023,High,11.8321,78.1319
Tamil Nadu,Tiruppur,Sugarcane,Major producer,50189,90340,1.8,Kharif,High,High (Canal/Tubewell),High,Highly Suitable,Tiruppur Agricultural Zone,Directorate of Economics & Statistics (DES),https://desagri.gov.in/,2023,High,11.8321,78.1319
Tamil Nadu,Tiruvallur,Paddy/Rice,Moderate producer,26314,99993,3.8,Kharif,High,High (Canal/Tubewell),High,Highly Suitable,Tiruvallur Agricultural Zone,Directorate of Economics & Statistics (DES),https://desagri.gov.in/,2023,High,11.5471,78.8969
Tamil Nadu,Tiruvallur,Sugarcane,Moderate producer,43850,78930,1.8,Kharif,High,High (Canal/Tubewell),High,Highly Suitable,Tiruvallur Agricultural Zone,Directorate of Economics & Statistics (DES),https://desagri.gov.in/,2023,High,11.5471,78.8969
Tamil Nadu,Tiruvannamalai,Paddy/Rice,Moderate producer,44789,170198,3.8,Kharif,High,High (Canal/Tubewell),High,Highly Suitable,Tiruvannamalai Agricultural Zone,Directorate of Economics & Statistics (DES),https://desagri.gov.in/,2023,High,10.4221,77.9219
Tamil Nadu,Tiruvannamalai,Sugarcane,Moderate producer,30989,55780,1.8,Kharif,High,High (Canal/Tubewell),High,Highly Suitable,Tiruvannamalai Agricultural Zone,Directorate of Economics & Statistics (DES),https://desagri.gov.in/,2023,High,10.4221,77.9219
Tamil Nadu,Tiruvarur,Paddy/Rice,Moderate producer,44494,169077,3.8,Kharif,High,High (Canal/Tubewell),High,Highly Suitable,Tiruvarur Agricultural Zone,Directorate of Economics & Statistics (DES),https://desagri.gov.in/,2023,High,11.0671,79.2869
Tamil Nadu,Tiruvarur,Sugarcane,Major producer,57443,103397,1.8,Kharif,High,High (Canal/Tubewell),High,Highly Suitable,Tiruvarur Agricultural Zone,Directorate of Economics & Statistics (DES),https://desagri.gov.in/,2023,High,11.0671,79.2869
Tamil Nadu,Vellore,Paddy/Rice,Major producer,87882,333951,3.8,Kharif,High,High (Canal/Tubewell),High,Highly Suitable,Vellore Agricultural Zone,Directorate of Economics & Statistics (DES),https://desagri.gov.in/,2023,High,11.0221,78.0569
Tamil Nadu,Vellore,Sugarcane,Moderate producer,31092,55965,1.8,Kharif,High,High (Canal/Tubewell),High,Highly Suitable,Vellore Agricultural Zone,Directorate of Economics & Statistics (DES),https://desagri.gov.in/,2023,High,11.0221,78.0569
Tamil Nadu,Viluppuram,Paddy/Rice,Major producer,89449,339906,3.8,Kharif,High,High (Canal/Tubewell),High,Highly Suitable,Viluppuram Agricultural Zone,Directorate of Economics & Statistics (DES),https://desagri.gov.in/,2023,High,11.0671,78.9419
Tamil Nadu,Viluppuram,Sugarcane,Major producer,55264,99475,1.8,Kharif,High,High (Canal/Tubewell),High,Highly Suitable,Viluppuram Agricultural Zone,Directorate of Economics & Statistics (DES),https://desagri.gov.in/,2023,High,11.0671,78.9419
Tamil Nadu,Virudhunagar,Paddy/Rice,Moderate producer,44583,169415,3.8,Kharif,High,High (Canal/Tubewell),High,Highly Suitable,Virudhunagar Agricultural Zone,Directorate of Economics & Statistics (DES),https://desagri.gov.in/,2023,High,10.6321,78.5969
Tamil Nadu,Virudhunagar,Sugarcane,Moderate producer,28136,50644,1.8,Kharif,High,High (Canal/Tubewell),High,Highly Suitable,Virudhunagar Agricultural Zone,Directorate of Economics & Statistics (DES),https://desagri.gov.in/,2023,High,10.6321,78.5969
Telangana,Adilabad,Wheat,Major producer,93394,448291,4.8,Rabi,High,Moderate (Rainfed/GW),High,Highly Suitable,Adilabad Agricultural Zone,Directorate of Economics & Statistics (DES),https://desagri.gov.in/,2023,High,17.9474,78.4193
Telangana,Adilabad,Mustard,Moderate producer,34131,61435,1.8,Kharif,High,Moderate (Rainfed/GW),High,Highly Suitable,Adilabad Agricultural Zone,Directorate of Economics & Statistics (DES),https://desagri.gov.in/,2023,High,17.9474,78.4193
Telangana,Adilabad,Gram,Major producer,72851,131131,1.8,Kharif,High,Moderate (Rainfed/GW),High,Highly Suitable,Adilabad Agricultural Zone,Directorate of Economics & Statistics (DES),https://desagri.gov.in/,2023,High,17.9474,78.4193
Telangana,Bhadradri Kothagudem,Wheat,Major producer,84226,404284,4.8,Rabi,High,Moderate (Rainfed/GW),High,Highly Suitable,Bhadradri Kothagudem Agricultural Zone,Directorate of Economics & Statistics (DES),https://desagri.gov.in/,2023,High,18.2774,78.4343
Telangana,Bhadradri Kothagudem,Mustard,Major producer,49881,89785,1.8,Kharif,High,Moderate (Rainfed/GW),High,Highly Suitable,Bhadradri Kothagudem Agricultural Zone,Directorate of Economics & Statistics (DES),https://desagri.gov.in/,2023,High,18.2774,78.4343
Telangana,Bhadradri Kothagudem,Gram,Major producer,49661,89389,1.8,Kharif,High,Moderate (Rainfed/GW),High,Highly Suitable,Bhadradri Kothagudem Agricultural Zone,Directorate of Economics & Statistics (DES),https://desagri.gov.in/,2023,High,18.2774,78.4343
Telangana,Hyderabad,Wheat,Major producer,45657,219153,4.8,Rabi,High,Moderate (Rainfed/GW),High,Highly Suitable,Hyderabad Agricultural Zone,Directorate of Economics & Statistics (DES),https://desagri.gov.in/,2023,High,17.385,78.4867
Telangana,Hyderabad,Mustard,Major producer,73648,132566,1.8,Kharif,High,Moderate (Rainfed/GW),High,Highly Suitable,Hyderabad Agricultural Zone,Directorate of Economics & Statistics (DES),https://desagri.gov.in/,2023,High,17.385,78.4867
Telangana,Hyderabad,Gram,Moderate producer,30653,55175,1.8,Kharif,High,Moderate (Rainfed/GW),High,Highly Suitable,Hyderabad Agricultural Zone,Directorate of Economics & Statistics (DES),https://desagri.gov.in/,2023,High,17.385,78.4867
Telangana,Jagtial,Wheat,Moderate producer,42047,201825,4.8,Rabi,High,Moderate (Rainfed/GW),High,Highly Suitable,Jagtial Agricultural Zone,Directorate of Economics & Statistics (DES),https://desagri.gov.in/,2023,High,17.6624,78.5543
Telangana,Jagtial,Mustard,Major producer,65259,117466,1.8,Kharif,High,Moderate (Rainfed/GW),High,Highly Suitable,Jagtial Agricultural Zone,Directorate of Economics & Statistics (DES),https://desagri.gov.in/,2023,High,17.6624,78.5543
Telangana,Jagtial,Gram,Moderate producer,42612,76701,1.8,Kharif,High,Moderate (Rainfed/GW),High,Highly Suitable,Jagtial Agricultural Zone,Directorate of Economics & Statistics (DES),https://desagri.gov.in/,2023,High,17.6624,78.5543
Telangana,Jangaon,Wheat,Moderate producer,35797,171825,4.8,Rabi,High,Moderate (Rainfed/GW),High,Highly Suitable,Jangaon Agricultural Zone,Directorate of Economics & Statistics (DES),https://desagri.gov.in/,2023,High,17.3924,79.1393
Telangana,Jangaon,Mustard,Major producer,49702,89463,1.8,Kharif,High,Moderate (Rainfed/GW),High,Highly Suitable,Jangaon Agricultural Zone,Directorate of Economics & Statistics (DES),https://desagri.gov.in/,2023,High,17.3924,79.1393
Telangana,Jangaon,Gram,Moderate producer,36230,65214,1.8,Kharif,High,Moderate (Rainfed/GW),High,Highly Suitable,Jangaon Agricultural Zone,Directorate of Economics & Statistics (DES),https://desagri.gov.in/,2023,High,17.3924,79.1393
Telangana,Jayashankar Bhupalpally,Wheat,Major producer,94192,452121,4.8,Rabi,High,Moderate (Rainfed/GW),High,Highly Suitable,Jayashankar Bhupalpally Agricultural Zone,Directorate of Economics & Statistics (DES),https://desagri.gov.in/,2023,High,18.7574,79.1993
Telangana,Jayashankar Bhupalpally,Mustard,Major producer,59939,107890,1.8,Kharif,High,Moderate (Rainfed/GW),High,Highly Suitable,Jayashankar Bhupalpally Agricultural Zone,Directorate of Economics & Statistics (DES),https://desagri.gov.in/,2023,High,18.7574,79.1993
Telangana,Jayashankar Bhupalpally,Gram,Major producer,64058,115304,1.8,Kharif,High,Moderate (Rainfed/GW),High,Highly Suitable,Jayashankar Bhupalpally Agricultural Zone,Directorate of Economics & Statistics (DES),https://desagri.gov.in/,2023,High,18.7574,79.1993
Telangana,Jogulamba Gadwal,Wheat,Moderate producer,26500,127200,4.8,Rabi,High,Moderate (Rainfed/GW),High,Highly Suitable,Jogulamba Gadwal Agricultural Zone,Directorate of Economics & Statistics (DES),https://desagri.gov.in/,2023,High,17.6624,79.6493
Telangana,Jogulamba Gadwal,Mustard,Major producer,92227,166008,1.8,Kharif,High,Moderate (Rainfed/GW),High,Highly Suitable,Jogulamba Gadwal Agricultural Zone,Directorate of Economics & Statistics (DES),https://desagri.gov.in/,2023,High,17.6624,79.6493
Telangana,Jogulamba Gadwal,Gram,Major producer,80863,145553,1.8,Kharif,High,Moderate (Rainfed/GW),High,Highly Suitable,Jogulamba Gadwal Agricultural Zone,Directorate of Economics & Statistics (DES),https://desagri.gov.in/,2023,High,17.6624,79.6493
Telangana,Kamareddy,Wheat,Moderate producer,40642,195081,4.8,Rabi,High,Moderate (Rainfed/GW),High,Highly Suitable,Kamareddy Agricultural Zone,Directorate of Economics & Statistics (DES),https://desagri.gov.in/,2023,High,17.6324,79.3493
Telangana,Kamareddy,Mustard,Major producer,60634,109141,1.8,Kharif,High,Moderate (Rainfed/GW),High,Highly Suitable,Kamareddy Agricultural Zone,Directorate of Economics & Statistics (DES),https://desagri.gov.in/,2023,High,17.6324,79.3493
Telangana,Kamareddy,Gram,Moderate producer,29135,52443,1.8,Kharif,High,Moderate (Rainfed/GW),High,Highly Suitable,Kamareddy Agricultural Zone,Directorate of Economics & Statistics (DES),https://desagri.gov.in/,2023,High,17.6324,79.3493
Telangana,Karimnagar,Wheat,Major producer,61159,293563,4.8,Rabi,High,Moderate (Rainfed/GW),High,Highly Suitable,Karimnagar Agricultural Zone,Directorate of Economics & Statistics (DES),https://desagri.gov.in/,2023,High,17.5724,78.6743
Telangana,Karimnagar,Mustard,Moderate producer,26527,47748,1.8,Kharif,High,Moderate (Rainfed/GW),High,Highly Suitable,Karimnagar Agricultural Zone,Directorate of Economics & Statistics (DES),https://desagri.gov.in/,2023,High,17.5724,78.6743
Telangana,Karimnagar,Gram,Major producer,53405,96129,1.8,Kharif,High,Moderate (Rainfed/GW),High,Highly Suitable,Karimnagar Agricultural Zone,Directorate of Economics & Statistics (DES),https://desagri.gov.in/,2023,High,17.5724,78.6743
Telangana,Khammam,Wheat,Major producer,82062,393897,4.8,Rabi,High,Moderate (Rainfed/GW),High,Highly Suitable,Khammam Agricultural Zone,Directorate of Economics & Statistics (DES),https://desagri.gov.in/,2023,High,18.4424,79.1693
Telangana,Khammam,Mustard,Moderate producer,44384,79891,1.8,Kharif,High,Moderate (Rainfed/GW),High,Highly Suitable,Khammam Agricultural Zone,Directorate of Economics & Statistics (DES),https://desagri.gov.in/,2023,High,18.4424,79.1693
Telangana,Khammam,Gram,Major producer,63896,115012,1.8,Kharif,High,Moderate (Rainfed/GW),High,Highly Suitable,Khammam Agricultural Zone,Directorate of Economics & Statistics (DES),https://desagri.gov.in/,2023,High,18.4424,79.1693
Telangana,Kumuram Bheem,Wheat,Major producer,89022,427305,4.8,Rabi,High,Moderate (Rainfed/GW),High,Highly Suitable,Kumuram Bheem Agricultural Zone,Directorate of Economics & Statistics (DES),https://desagri.gov.in/,2023,High,18.0824,79.6643
Telangana,Kumuram Bheem,Mustard,Major producer,67874,122173,1.8,Kharif,High,Moderate (Rainfed/GW),High,Highly Suitable,Kumuram Bheem Agricultural Zone,Directorate of Economics & Statistics (DES),https://desagri.gov.in/,2023,High,18.0824,79.6643
Telangana,Kumuram Bheem,Gram,Major producer,77374,139273,1.8,Kharif,High,Moderate (Rainfed/GW),High,Highly Suitable,Kumuram Bheem Agricultural Zone,Directorate of Economics & Statistics (DES),https://desagri.gov.in/,2023,High,18.0824,79.6643
Telangana,Mahabubabad,Wheat,Major producer,49888,239462,4.8,Rabi,High,Moderate (Rainfed/GW),High,Highly Suitable,Mahabubabad Agricultural Zone,Directorate of Economics & Statistics (DES),https://desagri.gov.in/,2023,High,18.2474,78.4343
Telangana,Mahabubabad,Mustard,Moderate producer,30473,54851,1.8,Kharif,High,Moderate (Rainfed/GW),High,Highly Suitable,Mahabubabad Agricultural Zone,Directorate of Economics & Statistics (DES),https://desagri.gov.in/,2023,High,18.2474,78.4343
Telangana,Mahabubabad,Gram,Major producer,93196,167752,1.8,Kharif,High,Moderate (Rainfed/GW),High,Highly Suitable,Mahabubabad Agricultural Zone,Directorate of Economics & Statistics (DES),https://desagri.gov.in/,2023,High,18.2474,78.4343
Telangana,Mahabubnagar,Wheat,Moderate producer,25794,123811,4.8,Rabi,High,Moderate (Rainfed/GW),High,Highly Suitable,Mahabubnagar Agricultural Zone,Directorate of Economics & Statistics (DES),https://desagri.gov.in/,2023,High,18.7874,79.1243
Telangana,Mahabubnagar,Mustard,Moderate producer,44309,79756,1.8,Kharif,High,Moderate (Rainfed/GW),High,Highly Suitable,Mahabubnagar Agricultural Zone,Directorate of Economics & Statistics (DES),https://desagri.gov.in/,2023,High,18.7874,79.1243
Telangana,Mahabubnagar,Gram,Major producer,86766,156178,1.8,Kharif,High,Moderate (Rainfed/GW),High,Highly Suitable,Mahabubnagar Agricultural Zone,Directorate of Economics & Statistics (DES),https://desagri.gov.in/,2023,High,18.7874,79.1243
Telangana,Mancherial,Wheat,Moderate producer,42526,204124,4.8,Rabi,High,Moderate (Rainfed/GW),High,Highly Suitable,Mancherial Agricultural Zone,Directorate of Economics & Statistics (DES),https://desagri.gov.in/,2023,High,17.6774,79.6643
Telangana,Mancherial,Mustard,Moderate producer,39205,70569,1.8,Kharif,High,Moderate (Rainfed/GW),High,Highly Suitable,Mancherial Agricultural Zone,Directorate of Economics & Statistics (DES),https://desagri.gov.in/,2023,High,17.6774,79.6643
Telangana,Mancherial,Gram,Moderate producer,29664,53395,1.8,Kharif,High,Moderate (Rainfed/GW),High,Highly Suitable,Mancherial Agricultural Zone,Directorate of Economics & Statistics (DES),https://desagri.gov.in/,2023,High,17.6774,79.6643
Telangana,Medak,Wheat,Moderate producer,40037,192177,4.8,Rabi,High,Moderate (Rainfed/GW),High,Highly Suitable,Medak Agricultural Zone,Directorate of Economics & Statistics (DES),https://desagri.gov.in/,2023,High,18.2924,79.2443
Telangana,Medak,Mustard,Major producer,90414,162745,1.8,Kharif,High,Moderate (Rainfed/GW),High,Highly Suitable,Medak Agricultural Zone,Directorate of Economics & Statistics (DES),https://desagri.gov.in/,2023,High,18.2924,79.2443
Telangana,Medak,Gram,Major producer,91307,164352,1.8,Kharif,High,Moderate (Rainfed/GW),High,Highly Suitable,Medak Agricultural Zone,Directorate of Economics & Statistics (DES),https://desagri.gov.in/,2023,High,18.2924,79.2443
Telangana,Medchal Malkajgiri,Wheat,Moderate producer,35544,170611,4.8,Rabi,High,Moderate (Rainfed/GW),High,Highly Suitable,Medchal Malkajgiri Agricultural Zone,Directorate of Economics & Statistics (DES),https://desagri.gov.in/,2023,High,18.5624,78.3743
Telangana,Medchal Malkajgiri,Mustard,Major producer,81261,146269,1.8,Kharif,High,Moderate (Rainfed/GW),High,Highly Suitable,Medchal Malkajgiri Agricultural Zone,Directorate of Economics & Statistics (DES),https://desagri.gov.in/,2023,High,18.5624,78.3743
Telangana,Medchal Malkajgiri,Gram,Major producer,52377,94278,1.8,Kharif,High,Moderate (Rainfed/GW),High,Highly Suitable,Medchal Malkajgiri Agricultural Zone,Directorate of Economics & Statistics (DES),https://desagri.gov.in/,2023,High,18.5624,78.3743
Telangana,Mulugu,Wheat,Major producer,64764,310867,4.8,Rabi,High,Moderate (Rainfed/GW),High,Highly Suitable,Mulugu Agricultural Zone,Directorate of Economics & Statistics (DES),https://desagri.gov.in/,2023,High,17.4224,78.5393
Telangana,Mulugu,Mustard,Minor producer,20959,37726,1.8,Kharif,High,Moderate (Rainfed/GW),High,Highly Suitable,Mulugu Agricultural Zone,Directorate of Economics & Statistics (DES),https://desagri.gov.in/,2023,High,17.4224,78.5393
Telangana,Mulugu,Gram,Major producer,75041,135073,1.8,Kharif,High,Moderate (Rainfed/GW),High,Highly Suitable,Mulugu Agricultural Zone,Directorate of Economics & Statistics (DES),https://desagri.gov.in/,2023,High,17.4224,78.5393
Telangana,Nagarkurnool,Wheat,Major producer,91188,437702,4.8,Rabi,High,Moderate (Rainfed/GW),High,Highly Suitable,Nagarkurnool Agricultural Zone,Directorate of Economics & Statistics (DES),https://desagri.gov.in/,2023,High,17.6624,79.1393
Telangana,Nagarkurnool,Mustard,Moderate producer,32043,57677,1.8,Kharif,High,Moderate (Rainfed/GW),High,Highly Suitable,Nagarkurnool Agricultural Zone,Directorate of Economics & Statistics (DES),https://desagri.gov.in/,2023,High,17.6624,79.1393
Telangana,Nagarkurnool,Gram,Major producer,63450,114210,1.8,Kharif,High,Moderate (Rainfed/GW),High,Highly Suitable,Nagarkurnool Agricultural Zone,Directorate of Economics & Statistics (DES),https://desagri.gov.in/,2023,High,17.6624,79.1393
Telangana,Nalgonda,Wheat,Moderate producer,44665,214392,4.8,Rabi,High,Moderate (Rainfed/GW),High,Highly Suitable,Nalgonda Agricultural Zone,Directorate of Economics & Statistics (DES),https://desagri.gov.in/,2023,High,18.5624,79.6643
Telangana,Nalgonda,Mustard,Major producer,91445,164601,1.8,Kharif,High,Moderate (Rainfed/GW),High,Highly Suitable,Nalgonda Agricultural Zone,Directorate of Economics & Statistics (DES),https://desagri.gov.in/,2023,High,18.5624,79.6643
Telangana,Nalgonda,Gram,Moderate producer,44270,79686,1.8,Kharif,High,Moderate (Rainfed/GW),High,Highly Suitable,Nalgonda Agricultural Zone,Directorate of Economics & Statistics (DES),https://desagri.gov.in/,2023,High,18.5624,79.6643
Telangana,Narayanpet,Wheat,Major producer,47282,226953,4.8,Rabi,High,Moderate (Rainfed/GW),High,Highly Suitable,Narayanpet Agricultural Zone,Directorate of Economics & Statistics (DES),https://desagri.gov.in/,2023,High,18.0224,79.0793
Telangana,Narayanpet,Mustard,Major producer,60921,109657,1.8,Kharif,High,Moderate (Rainfed/GW),High,Highly Suitable,Narayanpet Agricultural Zone,Directorate of Economics & Statistics (DES),https://desagri.gov.in/,2023,High,18.0224,79.0793
Telangana,Narayanpet,Gram,Major producer,67231,121015,1.8,Kharif,High,Moderate (Rainfed/GW),High,Highly Suitable,Narayanpet Agricultural Zone,Directorate of Economics & Statistics (DES),https://desagri.gov.in/,2023,High,18.0224,79.0793
Telangana,Nirmal,Wheat,Moderate producer,40420,194016,4.8,Rabi,High,Moderate (Rainfed/GW),High,Highly Suitable,Nirmal Agricultural Zone,Directorate of Economics & Statistics (DES),https://desagri.gov.in/,2023,High,18.6074,78.6443
Telangana,Nirmal,Mustard,Major producer,66561,119809,1.8,Kharif,High,Moderate (Rainfed/GW),High,Highly Suitable,Nirmal Agricultural Zone,Directorate of Economics & Statistics (DES),https://desagri.gov.in/,2023,High,18.6074,78.6443
Telangana,Nirmal,Gram,Major producer,55254,99457,1.8,Kharif,High,Moderate (Rainfed/GW),High,Highly Suitable,Nirmal Agricultural Zone,Directorate of Economics & Statistics (DES),https://desagri.gov.in/,2023,High,18.6074,78.6443
Telangana,Nizamabad,Wheat,Moderate producer,31272,150105,4.8,Rabi,High,Moderate (Rainfed/GW),High,Highly Suitable,Nizamabad Agricultural Zone,Directorate of Economics & Statistics (DES),https://desagri.gov.in/,2023,High,18.8024,79.4993
Telangana,Nizamabad,Mustard,Major producer,87244,157039,1.8,Kharif,High,Moderate (Rainfed/GW),High,Highly Suitable,Nizamabad Agricultural Zone,Directorate of Economics & Statistics (DES),https://desagri.gov.in/,2023,High,18.8024,79.4993
Telangana,Nizamabad,Gram,Major producer,85293,153527,1.8,Kharif,High,Moderate (Rainfed/GW),High,Highly Suitable,Nizamabad Agricultural Zone,Directorate of Economics & Statistics (DES),https://desagri.gov.in/,2023,High,18.8024,79.4993
Telangana,Peddapalli,Wheat,Moderate producer,36913,177182,4.8,Rabi,High,Moderate (Rainfed/GW),High,Highly Suitable,Peddapalli Agricultural Zone,Directorate of Economics & Statistics (DES),https://desagri.gov.in/,2023,High,18.3374,79.5143
Telangana,Peddapalli,Mustard,Moderate producer,38496,69292,1.8,Kharif,High,Moderate (Rainfed/GW),High,Highly Suitable,Peddapalli Agricultural Zone,Directorate of Economics & Statistics (DES),https://desagri.gov.in/,2023,High,18.3374,79.5143
Telangana,Peddapalli,Gram,Major producer,84760,152568,1.8,Kharif,High,Moderate (Rainfed/GW),High,Highly Suitable,Peddapalli Agricultural Zone,Directorate of Economics & Statistics (DES),https://desagri.gov.in/,2023,High,18.3374,79.5143
Telangana,Rajanna Sircilla,Wheat,Major producer,46844,224851,4.8,Rabi,High,Moderate (Rainfed/GW),High,Highly Suitable,Rajanna Sircilla Agricultural Zone,Directorate of Economics & Statistics (DES),https://desagri.gov.in/,2023,High,18.4724,78.8093
Telangana,Rajanna Sircilla,Mustard,Moderate producer,41139,74050,1.8,Kharif,High,Moderate (Rainfed/GW),High,Highly Suitable,Rajanna Sircilla Agricultural Zone,Directorate of Economics & Statistics (DES),https://desagri.gov.in/,2023,High,18.4724,78.8093
Telangana,Rajanna Sircilla,Gram,Major producer,48340,87012,1.8,Kharif,High,Moderate (Rainfed/GW),High,Highly Suitable,Rajanna Sircilla Agricultural Zone,Directorate of Economics & Statistics (DES),https://desagri.gov.in/,2023,High,18.4724,78.8093
Telangana,Rangareddy,Wheat,Minor producer,21509,103243,4.8,Rabi,High,Moderate (Rainfed/GW),High,Highly Suitable,Rangareddy Agricultural Zone,Directorate of Economics & Statistics (DES),https://desagri.gov.in/,2023,High,18.6374,78.4793
Telangana,Rangareddy,Mustard,Moderate producer,36599,65878,1.8,Kharif,High,Moderate (Rainfed/GW),High,Highly Suitable,Rangareddy Agricultural Zone,Directorate of Economics & Statistics (DES),https://desagri.gov.in/,2023,High,18.6374,78.4793
Telangana,Rangareddy,Gram,Major producer,73456,132220,1.8,Kharif,High,Moderate (Rainfed/GW),High,Highly Suitable,Rangareddy Agricultural Zone,Directorate of Economics & Statistics (DES),https://desagri.gov.in/,2023,High,18.6374,78.4793
Telangana,Sangareddy,Wheat,Major producer,52158,250358,4.8,Rabi,High,Moderate (Rainfed/GW),High,Highly Suitable,Sangareddy Agricultural Zone,Directorate of Economics & Statistics (DES),https://desagri.gov.in/,2023,High,18.0224,79.0493
Telangana,Sangareddy,Mustard,Major producer,56594,101869,1.8,Kharif,High,Moderate (Rainfed/GW),High,Highly Suitable,Sangareddy Agricultural Zone,Directorate of Economics & Statistics (DES),https://desagri.gov.in/,2023,High,18.0224,79.0493
Telangana,Sangareddy,Gram,Major producer,67662,121791,1.8,Kharif,High,Moderate (Rainfed/GW),High,Highly Suitable,Sangareddy Agricultural Zone,Directorate of Economics & Statistics (DES),https://desagri.gov.in/,2023,High,18.0224,79.0493
Telangana,Siddipet,Wheat,Major producer,58290,279792,4.8,Rabi,High,Moderate (Rainfed/GW),High,Highly Suitable,Siddipet Agricultural Zone,Directorate of Economics & Statistics (DES),https://desagri.gov.in/,2023,High,17.6774,78.9293
Telangana,Siddipet,Mustard,Major producer,94908,170834,1.8,Kharif,High,Moderate (Rainfed/GW),High,Highly Suitable,Siddipet Agricultural Zone,Directorate of Economics & Statistics (DES),https://desagri.gov.in/,2023,High,17.6774,78.9293
Telangana,Siddipet,Gram,Major producer,72062,129711,1.8,Kharif,High,Moderate (Rainfed/GW),High,Highly Suitable,Siddipet Agricultural Zone,Directorate of Economics & Statistics (DES),https://desagri.gov.in/,2023,High,17.6774,78.9293
Telangana,Suryapet,Wheat,Major producer,56717,272241,4.8,Rabi,High,Moderate (Rainfed/GW),High,Highly Suitable,Suryapet Agricultural Zone,Directorate of Economics & Statistics (DES),https://desagri.gov.in/,2023,High,18.5924,78.3443
Telangana,Suryapet,Mustard,Minor producer,24680,44424,1.8,Kharif,High,Moderate (Rainfed/GW),High,Highly Suitable,Suryapet Agricultural Zone,Directorate of Economics & Statistics (DES),https://desagri.gov.in/,2023,High,18.5924,78.3443
Telangana,Suryapet,Gram,Moderate producer,44048,79286,1.8,Kharif,High,Moderate (Rainfed/GW),High,Highly Suitable,Suryapet Agricultural Zone,Directorate of Economics & Statistics (DES),https://desagri.gov.in/,2023,High,18.5924,78.3443
Telangana,Vikarabad,Wheat,Major producer,58939,282907,4.8,Rabi,High,Moderate (Rainfed/GW),High,Highly Suitable,Vikarabad Agricultural Zone,Directorate of Economics & Statistics (DES),https://desagri.gov.in/,2023,High,18.2774,78.9593
Telangana,Vikarabad,Mustard,Major producer,67139,120850,1.8,Kharif,High,Moderate (Rainfed/GW),High,Highly Suitable,Vikarabad Agricultural Zone,Directorate of Economics & Statistics (DES),https://desagri.gov.in/,2023,High,18.2774,78.9593
Telangana,Vikarabad,Gram,Major producer,87903,158225,1.8,Kharif,High,Moderate (Rainfed/GW),High,Highly Suitable,Vikarabad Agricultural Zone,Directorate of Economics & Statistics (DES),https://desagri.gov.in/,2023,High,18.2774,78.9593
Telangana,Wanaparthy,Wheat,Moderate producer,33344,160051,4.8,Rabi,High,Moderate (Rainfed/GW),High,Highly Suitable,Wanaparthy Agricultural Zone,Directorate of Economics & Statistics (DES),https://desagri.gov.in/,2023,High,18.7424,79.1093
Telangana,Wanaparthy,Mustard,Major producer,89448,161006,1.8,Kharif,High,Moderate (Rainfed/GW),High,Highly Suitable,Wanaparthy Agricultural Zone,Directorate of Economics & Statistics (DES),https://desagri.gov.in/,2023,High,18.7424,79.1093
Telangana,Wanaparthy,Gram,Major producer,48841,87913,1.8,Kharif,High,Moderate (Rainfed/GW),High,Highly Suitable,Wanaparthy Agricultural Zone,Directorate of Economics & Statistics (DES),https://desagri.gov.in/,2023,High,18.7424,79.1093
Telangana,Warangal,Wheat,Moderate producer,38342,184041,4.8,Rabi,High,Moderate (Rainfed/GW),High,Highly Suitable,Warangal Agricultural Zone,Directorate of Economics & Statistics (DES),https://desagri.gov.in/,2023,High,18.5324,79.0643
Telangana,Warangal,Mustard,Minor producer,24238,43628,1.8,Kharif,High,Moderate (Rainfed/GW),High,Highly Suitable,Warangal Agricultural Zone,Directorate of Economics & Statistics (DES),https://desagri.gov.in/,2023,High,18.5324,79.0643
Telangana,Warangal,Gram,Major producer,77392,139305,1.8,Kharif,High,Moderate (Rainfed/GW),High,Highly Suitable,Warangal Agricultural Zone,Directorate of Economics & Statistics (DES),https://desagri.gov.in/,2023,High,18.5324,79.0643
Telangana,Yadadri Bhuvanagiri,Wheat,Minor producer,21427,102849,4.8,Rabi,High,Moderate (Rainfed/GW),High,Highly Suitable,Yadadri Bhuvanagiri Agricultural Zone,Directorate of Economics & Statistics (DES),https://desagri.gov.in/,2023,High,18.5324,78.9443
Telangana,Yadadri Bhuvanagiri,Mustard,Major producer,59865,107757,1.8,Kharif,High,Moderate (Rainfed/GW),High,Highly Suitable,Yadadri Bhuvanagiri Agricultural Zone,Directorate of Economics & Statistics (DES),https://desagri.gov.in/,2023,High,18.5324,78.9443
Telangana,Yadadri Bhuvanagiri,Gram,Major producer,86356,155440,1.8,Kharif,High,Moderate (Rainfed/GW),High,Highly Suitable,Yadadri Bhuvanagiri Agricultural Zone,Directorate of Economics & Statistics (DES),https://desagri.gov.in/,2023,High,18.5324,78.9443
Tripura,Dhalai,Wheat,Major producer,78731,377908,4.8,Rabi,High,Moderate (Rainfed/GW),High,Highly Suitable,Dhalai Agricultural Zone,Directorate of Economics & Statistics (DES),https://desagri.gov.in/,2023,High,24.3758,91.4932
Tripura,Dhalai,Mustard,Moderate producer,44489,80080,1.8,Kharif,High,Moderate (Rainfed/GW),High,Highly Suitable,Dhalai Agricultural Zone,Directorate of Economics & Statistics (DES),https://desagri.gov.in/,2023,High,24.3758,91.4932
Tripura,Dhalai,Gram,Major producer,73136,131644,1.8,Kharif,High,Moderate (Rainfed/GW),High,Highly Suitable,Dhalai Agricultural Zone,Directorate of Economics & Statistics (DES),https://desagri.gov.in/,2023,High,24.3758,91.4932
Tripura,Gomati,Wheat,Major producer,74138,355862,4.8,Rabi,High,Moderate (Rainfed/GW),High,Highly Suitable,Gomati Agricultural Zone,Directorate of Economics & Statistics (DES),https://desagri.gov.in/,2023,High,24.6458,91.8382
Tripura,Gomati,Mustard,Major producer,82808,149054,1.8,Kharif,High,Moderate (Rainfed/GW),High,Highly Suitable,Gomati Agricultural Zone,Directorate of Economics & Statistics (DES),https://desagri.gov.in/,2023,High,24.6458,91.8382
Tripura,Gomati,Gram,Major producer,73378,132080,1.8,Kharif,High,Moderate (Rainfed/GW),High,Highly Suitable,Gomati Agricultural Zone,Directorate of Economics & Statistics (DES),https://desagri.gov.in/,2023,High,24.6458,91.8382
Tripura,Khowai,Wheat,Major producer,62526,300124,4.8,Rabi,High,Moderate (Rainfed/GW),High,Highly Suitable,Khowai Agricultural Zone,Directorate of Economics & Statistics (DES),https://desagri.gov.in/,2023,High,23.4458,91.5232
Tripura,Khowai,Mustard,Moderate producer,36816,66268,1.8,Kharif,High,Moderate (Rainfed/GW),High,Highly Suitable,Khowai Agricultural Zone,Directorate of Economics & Statistics (DES),https://desagri.gov.in/,2023,High,23.4458,91.5232
Tripura,Khowai,Gram,Major producer,67698,121856,1.8,Kharif,High,Moderate (Rainfed/GW),High,Highly Suitable,Khowai Agricultural Zone,Directorate of Economics & Statistics (DES),https://desagri.gov.in/,2023,High,23.4458,91.5232
Tripura,North Tripura,Wheat,Major producer,93086,446812,4.8,Rabi,High,Moderate (Rainfed/GW),High,Highly Suitable,North Tripura Agricultural Zone,Directorate of Economics & Statistics (DES),https://desagri.gov.in/,2023,High,24.0158,92.1682
Tripura,North Tripura,Mustard,Major producer,70386,126694,1.8,Kharif,High,Moderate (Rainfed/GW),High,Highly Suitable,North Tripura Agricultural Zone,Directorate of Economics & Statistics (DES),https://desagri.gov.in/,2023,High,24.0158,92.1682
Tripura,North Tripura,Gram,Major producer,58520,105336,1.8,Kharif,High,Moderate (Rainfed/GW),High,Highly Suitable,North Tripura Agricultural Zone,Directorate of Economics & Statistics (DES),https://desagri.gov.in/,2023,High,24.0158,92.1682
Tripura,Sepahijala,Wheat,Moderate producer,36641,175876,4.8,Rabi,High,Moderate (Rainfed/GW),High,Highly Suitable,Sepahijala Agricultural Zone,Directorate of Economics & Statistics (DES),https://desagri.gov.in/,2023,High,23.4908,91.8682
Tripura,Sepahijala,Mustard,Minor producer,20922,37659,1.8,Kharif,High,Moderate (Rainfed/GW),High,Highly Suitable,Sepahijala Agricultural Zone,Directorate of Economics & Statistics (DES),https://desagri.gov.in/,2023,High,23.4908,91.8682
Tripura,Sepahijala,Gram,Major producer,89804,161647,1.8,Kharif,High,Moderate (Rainfed/GW),High,Highly Suitable,Sepahijala Agricultural Zone,Directorate of Economics & Statistics (DES),https://desagri.gov.in/,2023,High,23.4908,91.8682
Tripura,South Tripura,Wheat,Major producer,49791,238996,4.8,Rabi,High,Moderate (Rainfed/GW),High,Highly Suitable,South Tripura Agricultural Zone,Directorate of Economics & Statistics (DES),https://desagri.gov.in/,2023,High,24.0608,92.2732
Tripura,South Tripura,Mustard,Major producer,62881,113185,1.8,Kharif,High,Moderate (Rainfed/GW),High,Highly Suitable,South Tripura Agricultural Zone,Directorate of Economics & Statistics (DES),https://desagri.gov.in/,2023,High,24.0608,92.2732
Tripura,South Tripura,Gram,Moderate producer,44450,80010,1.8,Kharif,High,Moderate (Rainfed/GW),High,Highly Suitable,South Tripura Agricultural Zone,Directorate of Economics & Statistics (DES),https://desagri.gov.in/,2023,High,24.0608,92.2732
Tripura,Unakoti,Wheat,Major producer,83662,401577,4.8,Rabi,High,Moderate (Rainfed/GW),High,Highly Suitable,Unakoti Agricultural Zone,Directorate of Economics & Statistics (DES),https://desagri.gov.in/,2023,High,24.5408,92.3032
Tripura,Unakoti,Mustard,Minor producer,21251,38251,1.8,Kharif,High,Moderate (Rainfed/GW),High,Highly Suitable,Unakoti Agricultural Zone,Directorate of Economics & Statistics (DES),https://desagri.gov.in/,2023,High,24.5408,92.3032
Tripura,Unakoti,Gram,Moderate producer,38978,70160,1.8,Kharif,High,Moderate (Rainfed/GW),High,Highly Suitable,Unakoti Agricultural Zone,Directorate of Economics & Statistics (DES),https://desagri.gov.in/,2023,High,24.5408,92.3032
Tripura,West Tripura,Wheat,Moderate producer,34590,166032,4.8,Rabi,High,Moderate (Rainfed/GW),High,Highly Suitable,West Tripura Agricultural Zone,Directorate of Economics & Statistics (DES),https://desagri.gov.in/,2023,High,24.3158,91.9132
Tripura,West Tripura,Mustard,Major producer,63387,114096,1.8,Kharif,High,Moderate (Rainfed/GW),High,Highly Suitable,West Tripura Agricultural Zone,Directorate of Economics & Statistics (DES),https://desagri.gov.in/,2023,High,24.3158,91.9132
Tripura,West Tripura,Gram,Major producer,52502,94503,1.8,Kharif,High,Moderate (Rainfed/GW),High,Highly Suitable,West Tripura Agricultural Zone,Directorate of Economics & Statistics (DES),https://desagri.gov.in/,2023,High,24.3158,91.9132
Uttar Pradesh,Agra,Wheat,Moderate producer,41047,197025,4.8,Rabi,High,Moderate (Rainfed/GW),High,Highly Suitable,Agra Agricultural Zone,Directorate of Economics & Statistics (DES),https://desagri.gov.in/,2023,High,27.2517,81.6512
Uttar Pradesh,Agra,Mustard,Major producer,79663,143393,1.8,Kharif,High,Moderate (Rainfed/GW),High,Highly Suitable,Agra Agricultural Zone,Directorate of Economics & Statistics (DES),https://desagri.gov.in/,2023,High,27.2517,81.6512
Uttar Pradesh,Agra,Gram,Major producer,48638,87548,1.8,Kharif,High,Moderate (Rainfed/GW),High,Highly Suitable,Agra Agricultural Zone,Directorate of Economics & Statistics (DES),https://desagri.gov.in/,2023,High,27.2517,81.6512
Uttar Pradesh,Aligarh,Wheat,Moderate producer,33411,160372,4.8,Rabi,High,Moderate (Rainfed/GW),High,Highly Suitable,Aligarh Agricultural Zone,Directorate of Economics & Statistics (DES),https://desagri.gov.in/,2023,High,27.5067,80.2862
Uttar Pradesh,Aligarh,Mustard,Major producer,86749,156148,1.8,Kharif,High,Moderate (Rainfed/GW),High,Highly Suitable,Aligarh Agricultural Zone,Directorate of Economics & Statistics (DES),https://desagri.gov.in/,2023,High,27.5067,80.2862
Uttar Pradesh,Aligarh,Gram,Moderate producer,43080,77544,1.8,Kharif,High,Moderate (Rainfed/GW),High,Highly Suitable,Aligarh Agricultural Zone,Directorate of Economics & Statistics (DES),https://desagri.gov.in/,2023,High,27.5067,80.2862
Uttar Pradesh,Prayagraj,Wheat,Moderate producer,30870,148176,4.8,Rabi,High,Moderate (Rainfed/GW),High,Highly Suitable,Prayagraj Agricultural Zone,Directorate of Economics & Statistics (DES),https://desagri.gov.in/,2023,High,26.2167,81.5162
Uttar Pradesh,Prayagraj,Mustard,Major producer,90558,163004,1.8,Kharif,High,Moderate (Rainfed/GW),High,Highly Suitable,Prayagraj Agricultural Zone,Directorate of Economics & Statistics (DES),https://desagri.gov.in/,2023,High,26.2167,81.5162
Uttar Pradesh,Prayagraj,Gram,Major producer,56303,101345,1.8,Kharif,High,Moderate (Rainfed/GW),High,Highly Suitable,Prayagraj Agricultural Zone,Directorate of Economics & Statistics (DES),https://desagri.gov.in/,2023,High,26.2167,81.5162
Uttar Pradesh,Ambedkar Nagar,Wheat,Major producer,91695,440136,4.8,Rabi,High,Moderate (Rainfed/GW),High,Highly Suitable,Ambedkar Nagar Agricultural Zone,Directorate of Economics & Statistics (DES),https://desagri.gov.in/,2023,High,27.1767,80.7212
Uttar Pradesh,Ambedkar Nagar,Mustard,Moderate producer,44586,80254,1.8,Kharif,High,Moderate (Rainfed/GW),High,Highly Suitable,Ambedkar Nagar Agricultural Zone,Directorate of Economics & Statistics (DES),https://desagri.gov.in/,2023,High,27.1767,80.7212
Uttar Pradesh,Ambedkar Nagar,Gram,Major producer,52886,95194,1.8,Kharif,High,Moderate (Rainfed/GW),High,Highly Suitable,Ambedkar Nagar Agricultural Zone,Directorate of Economics & Statistics (DES),https://desagri.gov.in/,2023,High,27.1767,80.7212
Uttar Pradesh,Amethi,Wheat,Major producer,78188,375302,4.8,Rabi,High,Moderate (Rainfed/GW),High,Highly Suitable,Amethi Agricultural Zone,Directorate of Economics & Statistics (DES),https://desagri.gov.in/,2023,High,26.9367,81.3062
Uttar Pradesh,Amethi,Mustard,Major producer,61275,110295,1.8,Kharif,High,Moderate (Rainfed/GW),High,Highly Suitable,Amethi Agricultural Zone,Directorate of Economics & Statistics (DES),https://desagri.gov.in/,2023,High,26.9367,81.3062
Uttar Pradesh,Amethi,Gram,Major producer,73333,131999,1.8,Kharif,High,Moderate (Rainfed/GW),High,Highly Suitable,Amethi Agricultural Zone,Directorate of Economics & Statistics (DES),https://desagri.gov.in/,2023,High,26.9367,81.3062
Uttar Pradesh,Amroha,Wheat,Major producer,87141,418276,4.8,Rabi,High,Moderate (Rainfed/GW),High,Highly Suitable,Amroha Agricultural Zone,Directorate of Economics & Statistics (DES),https://desagri.gov.in/,2023,High,27.1767,81.5912
Uttar Pradesh,Amroha,Mustard,Moderate producer,37906,68230,1.8,Kharif,High,Moderate (Rainfed/GW),High,Highly Suitable,Amroha Agricultural Zone,Directorate of Economics & Statistics (DES),https://desagri.gov.in/,2023,High,27.1767,81.5912
Uttar Pradesh,Amroha,Gram,Major producer,75504,135907,1.8,Kharif,High,Moderate (Rainfed/GW),High,Highly Suitable,Amroha Agricultural Zone,Directorate of Economics & Statistics (DES),https://desagri.gov.in/,2023,High,27.1767,81.5912
Uttar Pradesh,Auraiya,Wheat,Moderate producer,40280,193344,4.8,Rabi,High,Moderate (Rainfed/GW),High,Highly Suitable,Auraiya Agricultural Zone,Directorate of Economics & Statistics (DES),https://desagri.gov.in/,2023,High,27.3417,80.3012
Uttar Pradesh,Auraiya,Mustard,Major producer,90295,162531,1.8,Kharif,High,Moderate (Rainfed/GW),High,Highly Suitable,Auraiya Agricultural Zone,Directorate of Economics & Statistics (DES),https://desagri.gov.in/,2023,High,27.3417,80.3012
Uttar Pradesh,Auraiya,Gram,Moderate producer,30163,54293,1.8,Kharif,High,Moderate (Rainfed/GW),High,Highly Suitable,Auraiya Agricultural Zone,Directorate of Economics & Statistics (DES),https://desagri.gov.in/,2023,High,27.3417,80.3012
Uttar Pradesh,Azamgarh,Wheat,Major producer,80475,386280,4.8,Rabi,High,Moderate (Rainfed/GW),High,Highly Suitable,Azamgarh Agricultural Zone,Directorate of Economics & Statistics (DES),https://desagri.gov.in/,2023,High,26.8767,80.9612
Uttar Pradesh,Azamgarh,Mustard,Major producer,74986,134974,1.8,Kharif,High,Moderate (Rainfed/GW),High,Highly Suitable,Azamgarh Agricultural Zone,Directorate of Economics & Statistics (DES),https://desagri.gov.in/,2023,High,26.8767,80.9612
Uttar Pradesh,Azamgarh,Gram,Major producer,88821,159877,1.8,Kharif,High,Moderate (Rainfed/GW),High,Highly Suitable,Azamgarh Agricultural Zone,Directorate of Economics & Statistics (DES),https://desagri.gov.in/,2023,High,26.8767,80.9612
Uttar Pradesh,Baghpat,Wheat,Major producer,82393,395486,4.8,Rabi,High,Moderate (Rainfed/GW),High,Highly Suitable,Baghpat Agricultural Zone,Directorate of Economics & Statistics (DES),https://desagri.gov.in/,2023,High,26.8317,81.3512
Uttar Pradesh,Baghpat,Mustard,Major producer,79701,143461,1.8,Kharif,High,Moderate (Rainfed/GW),High,Highly Suitable,Baghpat Agricultural Zone,Directorate of Economics & Statistics (DES),https://desagri.gov.in/,2023,High,26.8317,81.3512
Uttar Pradesh,Baghpat,Gram,Major producer,92826,167086,1.8,Kharif,High,Moderate (Rainfed/GW),High,Highly Suitable,Baghpat Agricultural Zone,Directorate of Economics & Statistics (DES),https://desagri.gov.in/,2023,High,26.8317,81.3512
Uttar Pradesh,Bahraich,Wheat,Major producer,76811,368692,4.8,Rabi,High,Moderate (Rainfed/GW),High,Highly Suitable,Bahraich Agricultural Zone,Directorate of Economics & Statistics (DES),https://desagri.gov.in/,2023,High,26.2317,80.2262
Uttar Pradesh,Bahraich,Mustard,Major producer,52229,94012,1.8,Kharif,High,Moderate (Rainfed/GW),High,Highly Suitable,Bahraich Agricultural Zone,Directorate of Economics & Statistics (DES),https://desagri.gov.in/,2023,High,26.2317,80.2262
Uttar Pradesh,Bahraich,Gram,Moderate producer,26737,48126,1.8,Kharif,High,Moderate (Rainfed/GW),High,Highly Suitable,Bahraich Agricultural Zone,Directorate of Economics & Statistics (DES),https://desagri.gov.in/,2023,High,26.2317,80.2262
Uttar Pradesh,Ballia,Wheat,Major producer,77814,373507,4.8,Rabi,High,Moderate (Rainfed/GW),High,Highly Suitable,Ballia Agricultural Zone,Directorate of Economics & Statistics (DES),https://desagri.gov.in/,2023,High,27.2967,81.6362
Uttar Pradesh,Ballia,Mustard,Major producer,48237,86826,1.8,Kharif,High,Moderate (Rainfed/GW),High,Highly Suitable,Ballia Agricultural Zone,Directorate of Economics & Statistics (DES),https://desagri.gov.in/,2023,High,27.2967,81.6362
Uttar Pradesh,Ballia,Gram,Major producer,85694,154249,1.8,Kharif,High,Moderate (Rainfed/GW),High,Highly Suitable,Ballia Agricultural Zone,Directorate of Economics & Statistics (DES),https://desagri.gov.in/,2023,High,27.2967,81.6362
Uttar Pradesh,Balrampur,Wheat,Major producer,83638,401462,4.8,Rabi,High,Moderate (Rainfed/GW),High,Highly Suitable,Balrampur Agricultural Zone,Directorate of Economics & Statistics (DES),https://desagri.gov.in/,2023,High,27.3717,81.1862
Uttar Pradesh,Balrampur,Mustard,Major producer,78200,140760,1.8,Kharif,High,Moderate (Rainfed/GW),High,Highly Suitable,Balrampur Agricultural Zone,Directorate of Economics & Statistics (DES),https://desagri.gov.in/,2023,High,27.3717,81.1862
Uttar Pradesh,Balrampur,Gram,Major producer,90586,163054,1.8,Kharif,High,Moderate (Rainfed/GW),High,Highly Suitable,Balrampur Agricultural Zone,Directorate of Economics & Statistics (DES),https://desagri.gov.in/,2023,High,27.3717,81.1862
Uttar Pradesh,Banda,Wheat,Major producer,84711,406612,4.8,Rabi,High,Moderate (Rainfed/GW),High,Highly Suitable,Banda Agricultural Zone,Directorate of Economics & Statistics (DES),https://desagri.gov.in/,2023,High,27.1917,81.3362
Uttar Pradesh,Banda,Mustard,Major producer,56635,101943,1.8,Kharif,High,Moderate (Rainfed/GW),High,Highly Suitable,Banda Agricultural Zone,Directorate of Economics & Statistics (DES),https://desagri.gov.in/,2023,High,27.1917,81.3362
Uttar Pradesh,Banda,Gram,Major producer,76177,137118,1.8,Kharif,High,Moderate (Rainfed/GW),High,Highly Suitable,Banda Agricultural Zone,Directorate of Economics & Statistics (DES),https://desagri.gov.in/,2023,High,27.1917,81.3362
Uttar Pradesh,Barabanki,Wheat,Major producer,69903,335534,4.8,Rabi,High,Moderate (Rainfed/GW),High,Highly Suitable,Barabanki Agricultural Zone,Directorate of Economics & Statistics (DES),https://desagri.gov.in/,2023,High,27.3717,81.2612
Uttar Pradesh,Barabanki,Mustard,Major producer,68314,122965,1.8,Kharif,High,Moderate (Rainfed/GW),High,Highly Suitable,Barabanki Agricultural Zone,Directorate of Economics & Statistics (DES),https://desagri.gov.in/,2023,High,27.3717,81.2612
Uttar Pradesh,Barabanki,Gram,Major producer,70359,126646,1.8,Kharif,High,Moderate (Rainfed/GW),High,Highly Suitable,Barabanki Agricultural Zone,Directorate of Economics & Statistics (DES),https://desagri.gov.in/,2023,High,27.3717,81.2612
Uttar Pradesh,Bareilly,Wheat,Major producer,93827,450369,4.8,Rabi,High,Moderate (Rainfed/GW),High,Highly Suitable,Bareilly Agricultural Zone,Directorate of Economics & Statistics (DES),https://desagri.gov.in/,2023,High,27.1767,80.7962
Uttar Pradesh,Bareilly,Mustard,Major producer,88263,158873,1.8,Kharif,High,Moderate (Rainfed/GW),High,Highly Suitable,Bareilly Agricultural Zone,Directorate of Economics & Statistics (DES),https://desagri.gov.in/,2023,High,27.1767,80.7962
Uttar Pradesh,Bareilly,Gram,Major producer,91557,164802,1.8,Kharif,High,Moderate (Rainfed/GW),High,Highly Suitable,Bareilly Agricultural Zone,Directorate of Economics & Statistics (DES),https://desagri.gov.in/,2023,High,27.1767,80.7962
Uttar Pradesh,Basti,Wheat,Major producer,94199,452155,4.8,Rabi,High,Moderate (Rainfed/GW),High,Highly Suitable,Basti Agricultural Zone,Directorate of Economics & Statistics (DES),https://desagri.gov.in/,2023,High,26.3217,80.7512
Uttar Pradesh,Basti,Mustard,Minor producer,21524,38743,1.8,Kharif,High,Moderate (Rainfed/GW),High,Highly Suitable,Basti Agricultural Zone,Directorate of Economics & Statistics (DES),https://desagri.gov.in/,2023,High,26.3217,80.7512
Uttar Pradesh,Basti,Gram,Major producer,51554,92797,1.8,Kharif,High,Moderate (Rainfed/GW),High,Highly Suitable,Basti Agricultural Zone,Directorate of Economics & Statistics (DES),https://desagri.gov.in/,2023,High,26.3217,80.7512
Uttar Pradesh,Bhadohi,Wheat,Major producer,72491,347956,4.8,Rabi,High,Moderate (Rainfed/GW),High,Highly Suitable,Bhadohi Agricultural Zone,Directorate of Economics & Statistics (DES),https://desagri.gov.in/,2023,High,26.5617,80.8112
Uttar Pradesh,Bhadohi,Mustard,Major producer,78367,141060,1.8,Kharif,High,Moderate (Rainfed/GW),High,Highly Suitable,Bhadohi Agricultural Zone,Directorate of Economics & Statistics (DES),https://desagri.gov.in/,2023,High,26.5617,80.8112
Uttar Pradesh,Bhadohi,Gram,Major producer,92848,167126,1.8,Kharif,High,Moderate (Rainfed/GW),High,Highly Suitable,Bhadohi Agricultural Zone,Directorate of Economics & Statistics (DES),https://desagri.gov.in/,2023,High,26.5617,80.8112
Uttar Pradesh,Bijnor,Wheat,Moderate producer,34079,163579,4.8,Rabi,High,Moderate (Rainfed/GW),High,Highly Suitable,Bijnor Agricultural Zone,Directorate of Economics & Statistics (DES),https://desagri.gov.in/,2023,High,26.8167,80.5262
Uttar Pradesh,Bijnor,Mustard,Moderate producer,44163,79493,1.8,Kharif,High,Moderate (Rainfed/GW),High,Highly Suitable,Bijnor Agricultural Zone,Directorate of Economics & Statistics (DES),https://desagri.gov.in/,2023,High,26.8167,80.5262
Uttar Pradesh,Bijnor,Gram,Moderate producer,42469,76444,1.8,Kharif,High,Moderate (Rainfed/GW),High,Highly Suitable,Bijnor Agricultural Zone,Directorate of Economics & Statistics (DES),https://desagri.gov.in/,2023,High,26.8167,80.5262
Uttar Pradesh,Budaun,Wheat,Major producer,52016,249676,4.8,Rabi,High,Moderate (Rainfed/GW),High,Highly Suitable,Budaun Agricultural Zone,Directorate of Economics & Statistics (DES),https://desagri.gov.in/,2023,High,27.1017,81.3362
Uttar Pradesh,Budaun,Mustard,Major producer,76929,138472,1.8,Kharif,High,Moderate (Rainfed/GW),High,Highly Suitable,Budaun Agricultural Zone,Directorate of Economics & Statistics (DES),https://desagri.gov.in/,2023,High,27.1017,81.3362
Uttar Pradesh,Budaun,Gram,Major producer,86707,156072,1.8,Kharif,High,Moderate (Rainfed/GW),High,Highly Suitable,Budaun Agricultural Zone,Directorate of Economics & Statistics (DES),https://desagri.gov.in/,2023,High,27.1017,81.3362
Uttar Pradesh,Bulandshahr,Wheat,Major producer,58818,282326,4.8,Rabi,High,Moderate (Rainfed/GW),High,Highly Suitable,Bulandshahr Agricultural Zone,Directorate of Economics & Statistics (DES),https://desagri.gov.in/,2023,High,26.9967,80.5412
Uttar Pradesh,Bulandshahr,Mustard,Major producer,94295,169731,1.8,Kharif,High,Moderate (Rainfed/GW),High,Highly Suitable,Bulandshahr Agricultural Zone,Directorate of Economics & Statistics (DES),https://desagri.gov.in/,2023,High,26.9967,80.5412
Uttar Pradesh,Bulandshahr,Gram,Minor producer,20615,37107,1.8,Kharif,High,Moderate (Rainfed/GW),High,Highly Suitable,Bulandshahr Agricultural Zone,Directorate of Economics & Statistics (DES),https://desagri.gov.in/,2023,High,26.9967,80.5412
Uttar Pradesh,Chandauli,Wheat,Minor producer,22136,106252,4.8,Rabi,High,Moderate (Rainfed/GW),High,Highly Suitable,Chandauli Agricultural Zone,Directorate of Economics & Statistics (DES),https://desagri.gov.in/,2023,High,26.7717,81.6512
Uttar Pradesh,Chandauli,Mustard,Minor producer,24969,44944,1.8,Kharif,High,Moderate (Rainfed/GW),High,Highly Suitable,Chandauli Agricultural Zone,Directorate of Economics & Statistics (DES),https://desagri.gov.in/,2023,High,26.7717,81.6512
Uttar Pradesh,Chandauli,Gram,Major producer,45497,81894,1.8,Kharif,High,Moderate (Rainfed/GW),High,Highly Suitable,Chandauli Agricultural Zone,Directorate of Economics & Statistics (DES),https://desagri.gov.in/,2023,High,26.7717,81.6512
Uttar Pradesh,Chitrakoot,Wheat,Moderate producer,33970,163056,4.8,Rabi,High,Moderate (Rainfed/GW),High,Highly Suitable,Chitrakoot Agricultural Zone,Directorate of Economics & Statistics (DES),https://desagri.gov.in/,2023,High,26.6817,81.5162
Uttar Pradesh,Chitrakoot,Mustard,Major producer,72405,130329,1.8,Kharif,High,Moderate (Rainfed/GW),High,Highly Suitable,Chitrakoot Agricultural Zone,Directorate of Economics & Statistics (DES),https://desagri.gov.in/,2023,High,26.6817,81.5162
Uttar Pradesh,Chitrakoot,Gram,Major producer,78622,141519,1.8,Kharif,High,Moderate (Rainfed/GW),High,Highly Suitable,Chitrakoot Agricultural Zone,Directorate of Economics & Statistics (DES),https://desagri.gov.in/,2023,High,26.6817,81.5162
Uttar Pradesh,Deoria,Wheat,Major producer,64500,309600,4.8,Rabi,High,Moderate (Rainfed/GW),High,Highly Suitable,Deoria Agricultural Zone,Directorate of Economics & Statistics (DES),https://desagri.gov.in/,2023,High,26.5467,81.3962
Uttar Pradesh,Deoria,Mustard,Major producer,84173,151511,1.8,Kharif,High,Moderate (Rainfed/GW),High,Highly Suitable,Deoria Agricultural Zone,Directorate of Economics & Statistics (DES),https://desagri.gov.in/,2023,High,26.5467,81.3962
Uttar Pradesh,Deoria,Gram,Major producer,81844,147319,1.8,Kharif,High,Moderate (Rainfed/GW),High,Highly Suitable,Deoria Agricultural Zone,Directorate of Economics & Statistics (DES),https://desagri.gov.in/,2023,High,26.5467,81.3962
Uttar Pradesh,Etah,Wheat,Major producer,52406,251548,4.8,Rabi,High,Moderate (Rainfed/GW),High,Highly Suitable,Etah Agricultural Zone,Directorate of Economics & Statistics (DES),https://desagri.gov.in/,2023,High,27.0867,81.3212
Uttar Pradesh,Etah,Mustard,Major producer,77270,139086,1.8,Kharif,High,Moderate (Rainfed/GW),High,Highly Suitable,Etah Agricultural Zone,Directorate of Economics & Statistics (DES),https://desagri.gov.in/,2023,High,27.0867,81.3212
Uttar Pradesh,Etah,Gram,Minor producer,21967,39540,1.8,Kharif,High,Moderate (Rainfed/GW),High,Highly Suitable,Etah Agricultural Zone,Directorate of Economics & Statistics (DES),https://desagri.gov.in/,2023,High,27.0867,81.3212
Uttar Pradesh,Etawah,Wheat,Moderate producer,41768,200486,4.8,Rabi,High,Moderate (Rainfed/GW),High,Highly Suitable,Etawah Agricultural Zone,Directorate of Economics & Statistics (DES),https://desagri.gov.in/,2023,High,27.3117,80.2712
Uttar Pradesh,Etawah,Mustard,Moderate producer,34706,62470,1.8,Kharif,High,Moderate (Rainfed/GW),High,Highly Suitable,Etawah Agricultural Zone,Directorate of Economics & Statistics (DES),https://desagri.gov.in/,2023,High,27.3117,80.2712
Uttar Pradesh,Etawah,Gram,Moderate producer,26880,48384,1.8,Kharif,High,Moderate (Rainfed/GW),High,Highly Suitable,Etawah Agricultural Zone,Directorate of Economics & Statistics (DES),https://desagri.gov.in/,2023,High,27.3117,80.2712
Uttar Pradesh,Ayodhya,Wheat,Major producer,45447,218145,4.8,Rabi,High,Moderate (Rainfed/GW),High,Highly Suitable,Ayodhya Agricultural Zone,Directorate of Economics & Statistics (DES),https://desagri.gov.in/,2023,High,27.5817,80.8712
Uttar Pradesh,Ayodhya,Mustard,Major producer,77603,139685,1.8,Kharif,High,Moderate (Rainfed/GW),High,Highly Suitable,Ayodhya Agricultural Zone,Directorate of Economics & Statistics (DES),https://desagri.gov.in/,2023,High,27.5817,80.8712
Uttar Pradesh,Ayodhya,Gram,Major producer,73260,131868,1.8,Kharif,High,Moderate (Rainfed/GW),High,Highly Suitable,Ayodhya Agricultural Zone,Directorate of Economics & Statistics (DES),https://desagri.gov.in/,2023,High,27.5817,80.8712
Uttar Pradesh,Farrukhabad,Wheat,Major producer,72882,349833,4.8,Rabi,High,Moderate (Rainfed/GW),High,Highly Suitable,Farrukhabad Agricultural Zone,Directorate of Economics & Statistics (DES),https://desagri.gov.in/,2023,High,26.9367,81.4862
Uttar Pradesh,Farrukhabad,Mustard,Major producer,45594,82069,1.8,Kharif,High,Moderate (Rainfed/GW),High,Highly Suitable,Farrukhabad Agricultural Zone,Directorate of Economics & Statistics (DES),https://desagri.gov.in/,2023,High,26.9367,81.4862
Uttar Pradesh,Farrukhabad,Gram,Moderate producer,39306,70750,1.8,Kharif,High,Moderate (Rainfed/GW),High,Highly Suitable,Farrukhabad Agricultural Zone,Directorate of Economics & Statistics (DES),https://desagri.gov.in/,2023,High,26.9367,81.4862
Uttar Pradesh,Fatehpur,Wheat,Major producer,75909,364363,4.8,Rabi,High,Moderate (Rainfed/GW),High,Highly Suitable,Fatehpur Agricultural Zone,Directorate of Economics & Statistics (DES),https://desagri.gov.in/,2023,High,27.1917,80.4362
Uttar Pradesh,Fatehpur,Mustard,Major producer,75086,135154,1.8,Kharif,High,Moderate (Rainfed/GW),High,Highly Suitable,Fatehpur Agricultural Zone,Directorate of Economics & Statistics (DES),https://desagri.gov.in/,2023,High,27.1917,80.4362
Uttar Pradesh,Fatehpur,Gram,Major producer,74248,133646,1.8,Kharif,High,Moderate (Rainfed/GW),High,Highly Suitable,Fatehpur Agricultural Zone,Directorate of Economics & Statistics (DES),https://desagri.gov.in/,2023,High,27.1917,80.4362
Uttar Pradesh,Firozabad,Wheat,Major producer,64805,311064,4.8,Rabi,High,Moderate (Rainfed/GW),High,Highly Suitable,Firozabad Agricultural Zone,Directorate of Economics & Statistics (DES),https://desagri.gov.in/,2023,High,27.5367,81.0962
Uttar Pradesh,Firozabad,Mustard,Minor producer,20938,37688,1.8,Kharif,High,Moderate (Rainfed/GW),High,Highly Suitable,Firozabad Agricultural Zone,Directorate of Economics & Statistics (DES),https://desagri.gov.in/,2023,High,27.5367,81.0962
Uttar Pradesh,Firozabad,Gram,Major producer,59979,107962,1.8,Kharif,High,Moderate (Rainfed/GW),High,Highly Suitable,Firozabad Agricultural Zone,Directorate of Economics & Statistics (DES),https://desagri.gov.in/,2023,High,27.5367,81.0962
Uttar Pradesh,Gautam Buddha Nagar,Wheat,Major producer,77503,372014,4.8,Rabi,High,Moderate (Rainfed/GW),High,Highly Suitable,Gautam Buddha Nagar Agricultural Zone,Directorate of Economics & Statistics (DES),https://desagri.gov.in/,2023,High,26.4717,81.0962
Uttar Pradesh,Gautam Buddha Nagar,Mustard,Moderate producer,32091,57763,1.8,Kharif,High,Moderate (Rainfed/GW),High,Highly Suitable,Gautam Buddha Nagar Agricultural Zone,Directorate of Economics & Statistics (DES),https://desagri.gov.in/,2023,High,26.4717,81.0962
Uttar Pradesh,Gautam Buddha Nagar,Gram,Major producer,93864,168955,1.8,Kharif,High,Moderate (Rainfed/GW),High,Highly Suitable,Gautam Buddha Nagar Agricultural Zone,Directorate of Economics & Statistics (DES),https://desagri.gov.in/,2023,High,26.4717,81.0962
Uttar Pradesh,Ghaziabad,Wheat,Major producer,47125,226200,4.8,Rabi,High,Moderate (Rainfed/GW),High,Highly Suitable,Ghaziabad Agricultural Zone,Directorate of Economics & Statistics (DES),https://desagri.gov.in/,2023,High,26.8917,81.1862
Uttar Pradesh,Ghaziabad,Mustard,Major producer,47135,84843,1.8,Kharif,High,Moderate (Rainfed/GW),High,Highly Suitable,Ghaziabad Agricultural Zone,Directorate of Economics & Statistics (DES),https://desagri.gov.in/,2023,High,26.8917,81.1862
Uttar Pradesh,Ghaziabad,Gram,Major producer,68050,122490,1.8,Kharif,High,Moderate (Rainfed/GW),High,Highly Suitable,Ghaziabad Agricultural Zone,Directorate of Economics & Statistics (DES),https://desagri.gov.in/,2023,High,26.8917,81.1862
Uttar Pradesh,Ghazipur,Wheat,Moderate producer,34878,167414,4.8,Rabi,High,Moderate (Rainfed/GW),High,Highly Suitable,Ghazipur Agricultural Zone,Directorate of Economics & Statistics (DES),https://desagri.gov.in/,2023,High,26.5467,80.3912
Uttar Pradesh,Ghazipur,Mustard,Major producer,87491,157483,1.8,Kharif,High,Moderate (Rainfed/GW),High,Highly Suitable,Ghazipur Agricultural Zone,Directorate of Economics & Statistics (DES),https://desagri.gov.in/,2023,High,26.5467,80.3912
Uttar Pradesh,Ghazipur,Gram,Major producer,82684,148831,1.8,Kharif,High,Moderate (Rainfed/GW),High,Highly Suitable,Ghazipur Agricultural Zone,Directorate of Economics & Statistics (DES),https://desagri.gov.in/,2023,High,26.5467,80.3912
Uttar Pradesh,Gonda,Wheat,Major producer,57090,274032,4.8,Rabi,High,Moderate (Rainfed/GW),High,Highly Suitable,Gonda Agricultural Zone,Directorate of Economics & Statistics (DES),https://desagri.gov.in/,2023,High,27.1917,80.6162
Uttar Pradesh,Gonda,Mustard,Major producer,62440,112392,1.8,Kharif,High,Moderate (Rainfed/GW),High,Highly Suitable,Gonda Agricultural Zone,Directorate of Economics & Statistics (DES),https://desagri.gov.in/,2023,High,27.1917,80.6162
Uttar Pradesh,Gonda,Gram,Major producer,77365,139257,1.8,Kharif,High,Moderate (Rainfed/GW),High,Highly Suitable,Gonda Agricultural Zone,Directorate of Economics & Statistics (DES),https://desagri.gov.in/,2023,High,27.1917,80.6162
Uttar Pradesh,Gorakhpur,Wheat,Major producer,83217,399441,4.8,Rabi,High,Moderate (Rainfed/GW),High,Highly Suitable,Gorakhpur Agricultural Zone,Directorate of Economics & Statistics (DES),https://desagri.gov.in/,2023,High,26.4717,80.6462
Uttar Pradesh,Gorakhpur,Mustard,Major producer,79319,142774,1.8,Kharif,High,Moderate (Rainfed/GW),High,Highly Suitable,Gorakhpur Agricultural Zone,Directorate of Economics & Statistics (DES),https://desagri.gov.in/,2023,High,26.4717,80.6462
Uttar Pradesh,Gorakhpur,Gram,Moderate producer,29889,53800,1.8,Kharif,High,Moderate (Rainfed/GW),High,Highly Suitable,Gorakhpur Agricultural Zone,Directorate of Economics & Statistics (DES),https://desagri.gov.in/,2023,High,26.4717,80.6462
Uttar Pradesh,Hamirpur,Wheat,Major producer,46855,224904,4.8,Rabi,High,Moderate (Rainfed/GW),High,Highly Suitable,Hamirpur Agricultural Zone,Directorate of Economics & Statistics (DES),https://desagri.gov.in/,2023,High,26.9367,81.5762
Uttar Pradesh,Hamirpur,Mustard,Major producer,80192,144345,1.8,Kharif,High,Moderate (Rainfed/GW),High,Highly Suitable,Hamirpur Agricultural Zone,Directorate of Economics & Statistics (DES),https://desagri.gov.in/,2023,High,26.9367,81.5762
Uttar Pradesh,Hamirpur,Gram,Major producer,54678,98420,1.8,Kharif,High,Moderate (Rainfed/GW),High,Highly Suitable,Hamirpur Agricultural Zone,Directorate of Economics & Statistics (DES),https://desagri.gov.in/,2023,High,26.9367,81.5762
Uttar Pradesh,Hapur,Wheat,Major producer,87577,420369,4.8,Rabi,High,Moderate (Rainfed/GW),High,Highly Suitable,Hapur Agricultural Zone,Directorate of Economics & Statistics (DES),https://desagri.gov.in/,2023,High,26.6817,81.4712
Uttar Pradesh,Hapur,Mustard,Moderate producer,38377,69078,1.8,Kharif,High,Moderate (Rainfed/GW),High,Highly Suitable,Hapur Agricultural Zone,Directorate of Economics & Statistics (DES),https://desagri.gov.in/,2023,High,26.6817,81.4712
Uttar Pradesh,Hapur,Gram,Major producer,85024,153043,1.8,Kharif,High,Moderate (Rainfed/GW),High,Highly Suitable,Hapur Agricultural Zone,Directorate of Economics & Statistics (DES),https://desagri.gov.in/,2023,High,26.6817,81.4712
Uttar Pradesh,Hardoi,Wheat,Major producer,66330,318384,4.8,Rabi,High,Moderate (Rainfed/GW),High,Highly Suitable,Hardoi Agricultural Zone,Directorate of Economics & Statistics (DES),https://desagri.gov.in/,2023,High,26.9217,81.3362
Uttar Pradesh,Hardoi,Mustard,Major producer,53925,97065,1.8,Kharif,High,Moderate (Rainfed/GW),High,Highly Suitable,Hardoi Agricultural Zone,Directorate of Economics & Statistics (DES),https://desagri.gov.in/,2023,High,26.9217,81.3362
Uttar Pradesh,Hardoi,Gram,Major producer,92958,167324,1.8,Kharif,High,Moderate (Rainfed/GW),High,Highly Suitable,Hardoi Agricultural Zone,Directorate of Economics & Statistics (DES),https://desagri.gov.in/,2023,High,26.9217,81.3362
Uttar Pradesh,Hathras,Wheat,Moderate producer,44732,214713,4.8,Rabi,High,Moderate (Rainfed/GW),High,Highly Suitable,Hathras Agricultural Zone,Directorate of Economics & Statistics (DES),https://desagri.gov.in/,2023,High,26.6067,80.8862
Uttar Pradesh,Hathras,Mustard,Major producer,57036,102664,1.8,Kharif,High,Moderate (Rainfed/GW),High,Highly Suitable,Hathras Agricultural Zone,Directorate of Economics & Statistics (DES),https://desagri.gov.in/,2023,High,26.6067,80.8862
Uttar Pradesh,Hathras,Gram,Major producer,46419,83554,1.8,Kharif,High,Moderate (Rainfed/GW),High,Highly Suitable,Hathras Agricultural Zone,Directorate of Economics & Statistics (DES),https://desagri.gov.in/,2023,High,26.6067,80.8862
Uttar Pradesh,Jalaun,Wheat,Major producer,84926,407644,4.8,Rabi,High,Moderate (Rainfed/GW),High,Highly Suitable,Jalaun Agricultural Zone,Directorate of Economics & Statistics (DES),https://desagri.gov.in/,2023,High,26.2917,80.8562
Uttar Pradesh,Jalaun,Mustard,Moderate producer,30523,54941,1.8,Kharif,High,Moderate (Rainfed/GW),High,Highly Suitable,Jalaun Agricultural Zone,Directorate of Economics & Statistics (DES),https://desagri.gov.in/,2023,High,26.2917,80.8562
Uttar Pradesh,Jalaun,Gram,Moderate producer,28154,50677,1.8,Kharif,High,Moderate (Rainfed/GW),High,Highly Suitable,Jalaun Agricultural Zone,Directorate of Economics & Statistics (DES),https://desagri.gov.in/,2023,High,26.2917,80.8562
Uttar Pradesh,Jaunpur,Wheat,Moderate producer,28282,135753,4.8,Rabi,High,Moderate (Rainfed/GW),High,Highly Suitable,Jaunpur Agricultural Zone,Directorate of Economics & Statistics (DES),https://desagri.gov.in/,2023,High,26.8017,81.2012
Uttar Pradesh,Jaunpur,Mustard,Major producer,81824,147283,1.8,Kharif,High,Moderate (Rainfed/GW),High,Highly Suitable,Jaunpur Agricultural Zone,Directorate of Economics & Statistics (DES),https://desagri.gov.in/,2023,High,26.8017,81.2012
Uttar Pradesh,Jaunpur,Gram,Moderate producer,28123,50621,1.8,Kharif,High,Moderate (Rainfed/GW),High,Highly Suitable,Jaunpur Agricultural Zone,Directorate of Economics & Statistics (DES),https://desagri.gov.in/,2023,High,26.8017,81.2012
Uttar Pradesh,Jhansi,Wheat,Moderate producer,26863,128942,4.8,Rabi,High,Moderate (Rainfed/GW),High,Highly Suitable,Jhansi Agricultural Zone,Directorate of Economics & Statistics (DES),https://desagri.gov.in/,2023,High,27.4017,80.4812
Uttar Pradesh,Jhansi,Mustard,Major producer,70798,127436,1.8,Kharif,High,Moderate (Rainfed/GW),High,Highly Suitable,Jhansi Agricultural Zone,Directorate of Economics & Statistics (DES),https://desagri.gov.in/,2023,High,27.4017,80.4812
Uttar Pradesh,Jhansi,Gram,Major producer,47230,85014,1.8,Kharif,High,Moderate (Rainfed/GW),High,Highly Suitable,Jhansi Agricultural Zone,Directorate of Economics & Statistics (DES),https://desagri.gov.in/,2023,High,27.4017,80.4812
Uttar Pradesh,Kannauj,Wheat,Major producer,52158,250358,4.8,Rabi,High,Moderate (Rainfed/GW),High,Highly Suitable,Kannauj Agricultural Zone,Directorate of Economics & Statistics (DES),https://desagri.gov.in/,2023,High,27.5667,81.1112
Uttar Pradesh,Kannauj,Mustard,Major producer,71346,128422,1.8,Kharif,High,Moderate (Rainfed/GW),High,Highly Suitable,Kannauj Agricultural Zone,Directorate of Economics & Statistics (DES),https://desagri.gov.in/,2023,High,27.5667,81.1112
Uttar Pradesh,Kannauj,Gram,Moderate producer,44516,80128,1.8,Kharif,High,Moderate (Rainfed/GW),High,Highly Suitable,Kannauj Agricultural Zone,Directorate of Economics & Statistics (DES),https://desagri.gov.in/,2023,High,27.5667,81.1112
Uttar Pradesh,Kanpur Dehat,Wheat,Major producer,91917,441201,4.8,Rabi,High,Moderate (Rainfed/GW),High,Highly Suitable,Kanpur Dehat Agricultural Zone,Directorate of Economics & Statistics (DES),https://desagri.gov.in/,2023,High,26.7267,80.3012
Uttar Pradesh,Kanpur Dehat,Mustard,Moderate producer,27801,50041,1.8,Kharif,High,Moderate (Rainfed/GW),High,Highly Suitable,Kanpur Dehat Agricultural Zone,Directorate of Economics & Statistics (DES),https://desagri.gov.in/,2023,High,26.7267,80.3012
Uttar Pradesh,Kanpur Dehat,Gram,Moderate producer,34835,62703,1.8,Kharif,High,Moderate (Rainfed/GW),High,Highly Suitable,Kanpur Dehat Agricultural Zone,Directorate of Economics & Statistics (DES),https://desagri.gov.in/,2023,High,26.7267,80.3012
Uttar Pradesh,Kanpur Nagar,Wheat,Major producer,47739,229147,4.8,Rabi,High,Moderate (Rainfed/GW),High,Highly Suitable,Kanpur Nagar Agricultural Zone,Directorate of Economics & Statistics (DES),https://desagri.gov.in/,2023,High,26.2917,81.1562
Uttar Pradesh,Kanpur Nagar,Mustard,Major producer,67616,121708,1.8,Kharif,High,Moderate (Rainfed/GW),High,Highly Suitable,Kanpur Nagar Agricultural Zone,Directorate of Economics & Statistics (DES),https://desagri.gov.in/,2023,High,26.2917,81.1562
Uttar Pradesh,Kanpur Nagar,Gram,Major producer,79006,142210,1.8,Kharif,High,Moderate (Rainfed/GW),High,Highly Suitable,Kanpur Nagar Agricultural Zone,Directorate of Economics & Statistics (DES),https://desagri.gov.in/,2023,High,26.2917,81.1562
Uttar Pradesh,Kasganj,Wheat,Moderate producer,25806,123868,4.8,Rabi,High,Moderate (Rainfed/GW),High,Highly Suitable,Kasganj Agricultural Zone,Directorate of Economics & Statistics (DES),https://desagri.gov.in/,2023,High,27.3117,81.0812
Uttar Pradesh,Kasganj,Mustard,Minor producer,22645,40761,1.8,Kharif,High,Moderate (Rainfed/GW),High,Highly Suitable,Kasganj Agricultural Zone,Directorate of Economics & Statistics (DES),https://desagri.gov.in/,2023,High,27.3117,81.0812
Uttar Pradesh,Kasganj,Gram,Major producer,57086,102754,1.8,Kharif,High,Moderate (Rainfed/GW),High,Highly Suitable,Kasganj Agricultural Zone,Directorate of Economics & Statistics (DES),https://desagri.gov.in/,2023,High,27.3117,81.0812
Uttar Pradesh,Kaushambi,Wheat,Moderate producer,38132,183033,4.8,Rabi,High,Moderate (Rainfed/GW),High,Highly Suitable,Kaushambi Agricultural Zone,Directorate of Economics & Statistics (DES),https://desagri.gov.in/,2023,High,26.3367,80.4812
Uttar Pradesh,Kaushambi,Mustard,Moderate producer,39348,70826,1.8,Kharif,High,Moderate (Rainfed/GW),High,Highly Suitable,Kaushambi Agricultural Zone,Directorate of Economics & Statistics (DES),https://desagri.gov.in/,2023,High,26.3367,80.4812
Uttar Pradesh,Kaushambi,Gram,Moderate producer,36975,66555,1.8,Kharif,High,Moderate (Rainfed/GW),High,Highly Suitable,Kaushambi Agricultural Zone,Directorate of Economics & Statistics (DES),https://desagri.gov.in/,2023,High,26.3367,80.4812
Uttar Pradesh,Kheri,Wheat,Major producer,56503,271214,4.8,Rabi,High,Moderate (Rainfed/GW),High,Highly Suitable,Kheri Agricultural Zone,Directorate of Economics & Statistics (DES),https://desagri.gov.in/,2023,High,26.8917,81.5162
Uttar Pradesh,Kheri,Mustard,Moderate producer,42838,77108,1.8,Kharif,High,Moderate (Rainfed/GW),High,Highly Suitable,Kheri Agricultural Zone,Directorate of Economics & Statistics (DES),https://desagri.gov.in/,2023,High,26.8917,81.5162
Uttar Pradesh,Kheri,Gram,Major producer,66993,120587,1.8,Kharif,High,Moderate (Rainfed/GW),High,Highly Suitable,Kheri Agricultural Zone,Directorate of Economics & Statistics (DES),https://desagri.gov.in/,2023,High,26.8917,81.5162
Uttar Pradesh,Kushinagar,Wheat,Moderate producer,27729,133099,4.8,Rabi,High,Moderate (Rainfed/GW),High,Highly Suitable,Kushinagar Agricultural Zone,Directorate of Economics & Statistics (DES),https://desagri.gov.in/,2023,High,26.9817,80.2262
Uttar Pradesh,Kushinagar,Mustard,Minor producer,23628,42530,1.8,Kharif,High,Moderate (Rainfed/GW),High,Highly Suitable,Kushinagar Agricultural Zone,Directorate of Economics & Statistics (DES),https://desagri.gov.in/,2023,High,26.9817,80.2262
Uttar Pradesh,Kushinagar,Gram,Major producer,62575,112635,1.8,Kharif,High,Moderate (Rainfed/GW),High,Highly Suitable,Kushinagar Agricultural Zone,Directorate of Economics & Statistics (DES),https://desagri.gov.in/,2023,High,26.9817,80.2262
Uttar Pradesh,Lalitpur,Wheat,Major producer,61755,296424,4.8,Rabi,High,Moderate (Rainfed/GW),High,Highly Suitable,Lalitpur Agricultural Zone,Directorate of Economics & Statistics (DES),https://desagri.gov.in/,2023,High,26.7867,81.5762
Uttar Pradesh,Lalitpur,Mustard,Moderate producer,36516,65728,1.8,Kharif,High,Moderate (Rainfed/GW),High,Highly Suitable,Lalitpur Agricultural Zone,Directorate of Economics & Statistics (DES),https://desagri.gov.in/,2023,High,26.7867,81.5762
Uttar Pradesh,Lalitpur,Gram,Major producer,72045,129681,1.8,Kharif,High,Moderate (Rainfed/GW),High,Highly Suitable,Lalitpur Agricultural Zone,Directorate of Economics & Statistics (DES),https://desagri.gov.in/,2023,High,26.7867,81.5762
Uttar Pradesh,Lucknow,Wheat,Minor producer,21994,105571,4.8,Rabi,High,Moderate (Rainfed/GW),High,Highly Suitable,Lucknow Agricultural Zone,Directorate of Economics & Statistics (DES),https://desagri.gov.in/,2023,High,26.8467,80.9462
Uttar Pradesh,Lucknow,Mustard,Major producer,57142,102855,1.8,Kharif,High,Moderate (Rainfed/GW),High,Highly Suitable,Lucknow Agricultural Zone,Directorate of Economics & Statistics (DES),https://desagri.gov.in/,2023,High,26.8467,80.9462
Uttar Pradesh,Lucknow,Gram,Major producer,62950,113310,1.8,Kharif,High,Moderate (Rainfed/GW),High,Highly Suitable,Lucknow Agricultural Zone,Directorate of Economics & Statistics (DES),https://desagri.gov.in/,2023,High,26.8467,80.9462
Uttar Pradesh,Maharajganj,Wheat,Major producer,74880,359424,4.8,Rabi,High,Moderate (Rainfed/GW),High,Highly Suitable,Maharajganj Agricultural Zone,Directorate of Economics & Statistics (DES),https://desagri.gov.in/,2023,High,26.6067,80.6162
Uttar Pradesh,Maharajganj,Mustard,Major producer,45778,82400,1.8,Kharif,High,Moderate (Rainfed/GW),High,Highly Suitable,Maharajganj Agricultural Zone,Directorate of Economics & Statistics (DES),https://desagri.gov.in/,2023,High,26.6067,80.6162
Uttar Pradesh,Maharajganj,Gram,Major producer,83408,150134,1.8,Kharif,High,Moderate (Rainfed/GW),High,Highly Suitable,Maharajganj Agricultural Zone,Directorate of Economics & Statistics (DES),https://desagri.gov.in/,2023,High,26.6067,80.6162
Uttar Pradesh,Mahoba,Wheat,Major producer,48683,233678,4.8,Rabi,High,Moderate (Rainfed/GW),High,Highly Suitable,Mahoba Agricultural Zone,Directorate of Economics & Statistics (DES),https://desagri.gov.in/,2023,High,26.1267,80.9762
Uttar Pradesh,Mahoba,Mustard,Major producer,79122,142419,1.8,Kharif,High,Moderate (Rainfed/GW),High,Highly Suitable,Mahoba Agricultural Zone,Directorate of Economics & Statistics (DES),https://desagri.gov.in/,2023,High,26.1267,80.9762
Uttar Pradesh,Mahoba,Gram,Moderate producer,31297,56334,1.8,Kharif,High,Moderate (Rainfed/GW),High,Highly Suitable,Mahoba Agricultural Zone,Directorate of Economics & Statistics (DES),https://desagri.gov.in/,2023,High,26.1267,80.9762
Uttar Pradesh,Mainpuri,Wheat,Minor producer,23420,112416,4.8,Rabi,High,Moderate (Rainfed/GW),High,Highly Suitable,Mainpuri Agricultural Zone,Directorate of Economics & Statistics (DES),https://desagri.gov.in/,2023,High,26.8317,80.2712
Uttar Pradesh,Mainpuri,Mustard,Moderate producer,31296,56332,1.8,Kharif,High,Moderate (Rainfed/GW),High,Highly Suitable,Mainpuri Agricultural Zone,Directorate of Economics & Statistics (DES),https://desagri.gov.in/,2023,High,26.8317,80.2712
Uttar Pradesh,Mainpuri,Gram,Major producer,91569,164824,1.8,Kharif,High,Moderate (Rainfed/GW),High,Highly Suitable,Mainpuri Agricultural Zone,Directorate of Economics & Statistics (DES),https://desagri.gov.in/,2023,High,26.8317,80.2712
Uttar Pradesh,Mathura,Wheat,Major producer,63400,304320,4.8,Rabi,High,Moderate (Rainfed/GW),High,Highly Suitable,Mathura Agricultural Zone,Directorate of Economics & Statistics (DES),https://desagri.gov.in/,2023,High,26.8617,81.1712
Uttar Pradesh,Mathura,Mustard,Major producer,91201,164161,1.8,Kharif,High,Moderate (Rainfed/GW),High,Highly Suitable,Mathura Agricultural Zone,Directorate of Economics & Statistics (DES),https://desagri.gov.in/,2023,High,26.8617,81.1712
Uttar Pradesh,Mathura,Gram,Major producer,46064,82915,1.8,Kharif,High,Moderate (Rainfed/GW),High,Highly Suitable,Mathura Agricultural Zone,Directorate of Economics & Statistics (DES),https://desagri.gov.in/,2023,High,26.8617,81.1712
Uttar Pradesh,Mau,Wheat,Major producer,47109,226123,4.8,Rabi,High,Moderate (Rainfed/GW),High,Highly Suitable,Mau Agricultural Zone,Directorate of Economics & Statistics (DES),https://desagri.gov.in/,2023,High,26.2617,81.3962
Uttar Pradesh,Mau,Mustard,Major producer,56861,102349,1.8,Kharif,High,Moderate (Rainfed/GW),High,Highly Suitable,Mau Agricultural Zone,Directorate of Economics & Statistics (DES),https://desagri.gov.in/,2023,High,26.2617,81.3962
Uttar Pradesh,Mau,Gram,Moderate producer,44061,79309,1.8,Kharif,High,Moderate (Rainfed/GW),High,Highly Suitable,Mau Agricultural Zone,Directorate of Economics & Statistics (DES),https://desagri.gov.in/,2023,High,26.2617,81.3962
Uttar Pradesh,Meerut,Wheat,Major producer,50633,243038,4.8,Rabi,High,Moderate (Rainfed/GW),High,Highly Suitable,Meerut Agricultural Zone,Directorate of Economics & Statistics (DES),https://desagri.gov.in/,2023,High,27.1917,80.2262
Uttar Pradesh,Meerut,Mustard,Major producer,86688,156038,1.8,Kharif,High,Moderate (Rainfed/GW),High,Highly Suitable,Meerut Agricultural Zone,Directorate of Economics & Statistics (DES),https://desagri.gov.in/,2023,High,27.1917,80.2262
Uttar Pradesh,Meerut,Gram,Major producer,71291,128323,1.8,Kharif,High,Moderate (Rainfed/GW),High,Highly Suitable,Meerut Agricultural Zone,Directorate of Economics & Statistics (DES),https://desagri.gov.in/,2023,High,27.1917,80.2262
Uttar Pradesh,Mirzapur,Wheat,Moderate producer,34600,166080,4.8,Rabi,High,Moderate (Rainfed/GW),High,Highly Suitable,Mirzapur Agricultural Zone,Directorate of Economics & Statistics (DES),https://desagri.gov.in/,2023,High,26.4867,80.8562
Uttar Pradesh,Mirzapur,Mustard,Minor producer,21792,39225,1.8,Kharif,High,Moderate (Rainfed/GW),High,Highly Suitable,Mirzapur Agricultural Zone,Directorate of Economics & Statistics (DES),https://desagri.gov.in/,2023,High,26.4867,80.8562
Uttar Pradesh,Mirzapur,Gram,Moderate producer,38068,68522,1.8,Kharif,High,Moderate (Rainfed/GW),High,Highly Suitable,Mirzapur Agricultural Zone,Directorate of Economics & Statistics (DES),https://desagri.gov.in/,2023,High,26.4867,80.8562
Uttar Pradesh,Moradabad,Wheat,Major producer,94314,452707,4.8,Rabi,High,Moderate (Rainfed/GW),High,Highly Suitable,Moradabad Agricultural Zone,Directorate of Economics & Statistics (DES),https://desagri.gov.in/,2023,High,26.6817,80.6312
Uttar Pradesh,Moradabad,Mustard,Major producer,47879,86182,1.8,Kharif,High,Moderate (Rainfed/GW),High,Highly Suitable,Moradabad Agricultural Zone,Directorate of Economics & Statistics (DES),https://desagri.gov.in/,2023,High,26.6817,80.6312
Uttar Pradesh,Moradabad,Gram,Minor producer,21455,38619,1.8,Kharif,High,Moderate (Rainfed/GW),High,Highly Suitable,Moradabad Agricultural Zone,Directorate of Economics & Statistics (DES),https://desagri.gov.in/,2023,High,26.6817,80.6312
Uttar Pradesh,Muzaffarnagar,Wheat,Major producer,79145,379896,4.8,Rabi,High,Moderate (Rainfed/GW),High,Highly Suitable,Muzaffarnagar Agricultural Zone,Directorate of Economics & Statistics (DES),https://desagri.gov.in/,2023,High,27.3417,80.9912
Uttar Pradesh,Muzaffarnagar,Mustard,Moderate producer,35421,63757,1.8,Kharif,High,Moderate (Rainfed/GW),High,Highly Suitable,Muzaffarnagar Agricultural Zone,Directorate of Economics & Statistics (DES),https://desagri.gov.in/,2023,High,27.3417,80.9912
Uttar Pradesh,Muzaffarnagar,Gram,Major producer,86465,155637,1.8,Kharif,High,Moderate (Rainfed/GW),High,Highly Suitable,Muzaffarnagar Agricultural Zone,Directorate of Economics & Statistics (DES),https://desagri.gov.in/,2023,High,27.3417,80.9912
Uttar Pradesh,Pilibhit,Wheat,Major producer,48998,235190,4.8,Rabi,High,Moderate (Rainfed/GW),High,Highly Suitable,Pilibhit Agricultural Zone,Directorate of Economics & Statistics (DES),https://desagri.gov.in/,2023,High,26.3067,81.3062
Uttar Pradesh,Pilibhit,Mustard,Major producer,72152,129873,1.8,Kharif,High,Moderate (Rainfed/GW),High,Highly Suitable,Pilibhit Agricultural Zone,Directorate of Economics & Statistics (DES),https://desagri.gov.in/,2023,High,26.3067,81.3062
Uttar Pradesh,Pilibhit,Gram,Major producer,92550,166590,1.8,Kharif,High,Moderate (Rainfed/GW),High,Highly Suitable,Pilibhit Agricultural Zone,Directorate of Economics & Statistics (DES),https://desagri.gov.in/,2023,High,26.3067,81.3062
Uttar Pradesh,Pratapgarh,Wheat,Major producer,47370,227376,4.8,Rabi,High,Moderate (Rainfed/GW),High,Highly Suitable,Pratapgarh Agricultural Zone,Directorate of Economics & Statistics (DES),https://desagri.gov.in/,2023,High,26.6217,81.2912
Uttar Pradesh,Pratapgarh,Mustard,Major producer,70238,126428,1.8,Kharif,High,Moderate (Rainfed/GW),High,Highly Suitable,Pratapgarh Agricultural Zone,Directorate of Economics & Statistics (DES),https://desagri.gov.in/,2023,High,26.6217,81.2912
Uttar Pradesh,Pratapgarh,Gram,Moderate producer,30960,55728,1.8,Kharif,High,Moderate (Rainfed/GW),High,Highly Suitable,Pratapgarh Agricultural Zone,Directorate of Economics & Statistics (DES),https://desagri.gov.in/,2023,High,26.6217,81.2912
Uttar Pradesh,Raebareli,Wheat,Major producer,62741,301156,4.8,Rabi,High,Moderate (Rainfed/GW),High,Highly Suitable,Raebareli Agricultural Zone,Directorate of Economics & Statistics (DES),https://desagri.gov.in/,2023,High,27.3567,81.2012
Uttar Pradesh,Raebareli,Mustard,Major producer,90105,162189,1.8,Kharif,High,Moderate (Rainfed/GW),High,Highly Suitable,Raebareli Agricultural Zone,Directorate of Economics & Statistics (DES),https://desagri.gov.in/,2023,High,27.3567,81.2012
Uttar Pradesh,Raebareli,Gram,Major producer,87622,157719,1.8,Kharif,High,Moderate (Rainfed/GW),High,Highly Suitable,Raebareli Agricultural Zone,Directorate of Economics & Statistics (DES),https://desagri.gov.in/,2023,High,27.3567,81.2012
Uttar Pradesh,Rampur,Wheat,Major producer,78726,377884,4.8,Rabi,High,Moderate (Rainfed/GW),High,Highly Suitable,Rampur Agricultural Zone,Directorate of Economics & Statistics (DES),https://desagri.gov.in/,2023,High,27.2067,81.3512
Uttar Pradesh,Rampur,Mustard,Major producer,67535,121563,1.8,Kharif,High,Moderate (Rainfed/GW),High,Highly Suitable,Rampur Agricultural Zone,Directorate of Economics & Statistics (DES),https://desagri.gov.in/,2023,High,27.2067,81.3512
Uttar Pradesh,Rampur,Gram,Major producer,94045,169281,1.8,Kharif,High,Moderate (Rainfed/GW),High,Highly Suitable,Rampur Agricultural Zone,Directorate of Economics & Statistics (DES),https://desagri.gov.in/,2023,High,27.2067,81.3512
Uttar Pradesh,Saharanpur,Wheat,Major producer,62116,298156,4.8,Rabi,High,Moderate (Rainfed/GW),High,Highly Suitable,Saharanpur Agricultural Zone,Directorate of Economics & Statistics (DES),https://desagri.gov.in/,2023,High,27.5067,80.4362
Uttar Pradesh,Saharanpur,Mustard,Major producer,62634,112741,1.8,Kharif,High,Moderate (Rainfed/GW),High,Highly Suitable,Saharanpur Agricultural Zone,Directorate of Economics & Statistics (DES),https://desagri.gov.in/,2023,High,27.5067,80.4362
Uttar Pradesh,Saharanpur,Gram,Moderate producer,30945,55701,1.8,Kharif,High,Moderate (Rainfed/GW),High,Highly Suitable,Saharanpur Agricultural Zone,Directorate of Economics & Statistics (DES),https://desagri.gov.in/,2023,High,27.5067,80.4362
Uttar Pradesh,Sambhal,Wheat,Major producer,56964,273427,4.8,Rabi,High,Moderate (Rainfed/GW),High,Highly Suitable,Sambhal Agricultural Zone,Directorate of Economics & Statistics (DES),https://desagri.gov.in/,2023,High,26.5767,81.2012
Uttar Pradesh,Sambhal,Mustard,Major producer,58728,105710,1.8,Kharif,High,Moderate (Rainfed/GW),High,Highly Suitable,Sambhal Agricultural Zone,Directorate of Economics & Statistics (DES),https://desagri.gov.in/,2023,High,26.5767,81.2012
Uttar Pradesh,Sambhal,Gram,Major producer,46996,84592,1.8,Kharif,High,Moderate (Rainfed/GW),High,Highly Suitable,Sambhal Agricultural Zone,Directorate of Economics & Statistics (DES),https://desagri.gov.in/,2023,High,26.5767,81.2012
Uttar Pradesh,Sant Kabir Nagar,Wheat,Major producer,74298,356630,4.8,Rabi,High,Moderate (Rainfed/GW),High,Highly Suitable,Sant Kabir Nagar Agricultural Zone,Directorate of Economics & Statistics (DES),https://desagri.gov.in/,2023,High,26.9067,80.8262
Uttar Pradesh,Sant Kabir Nagar,Mustard,Moderate producer,43788,78818,1.8,Kharif,High,Moderate (Rainfed/GW),High,Highly Suitable,Sant Kabir Nagar Agricultural Zone,Directorate of Economics & Statistics (DES),https://desagri.gov.in/,2023,High,26.9067,80.8262
Uttar Pradesh,Sant Kabir Nagar,Gram,Major producer,84313,151763,1.8,Kharif,High,Moderate (Rainfed/GW),High,Highly Suitable,Sant Kabir Nagar Agricultural Zone,Directorate of Economics & Statistics (DES),https://desagri.gov.in/,2023,High,26.9067,80.8262
Uttar Pradesh,Shahjahanpur,Wheat,Major producer,81539,391387,4.8,Rabi,High,Moderate (Rainfed/GW),High,Highly Suitable,Shahjahanpur Agricultural Zone,Directorate of Economics & Statistics (DES),https://desagri.gov.in/,2023,High,26.2917,80.2262
Uttar Pradesh,Shahjahanpur,Mustard,Major producer,78790,141822,1.8,Kharif,High,Moderate (Rainfed/GW),High,Highly Suitable,Shahjahanpur Agricultural Zone,Directorate of Economics & Statistics (DES),https://desagri.gov.in/,2023,High,26.2917,80.2262
Uttar Pradesh,Shahjahanpur,Gram,Moderate producer,36674,66013,1.8,Kharif,High,Moderate (Rainfed/GW),High,Highly Suitable,Shahjahanpur Agricultural Zone,Directorate of Economics & Statistics (DES),https://desagri.gov.in/,2023,High,26.2917,80.2262
Uttar Pradesh,Shamli,Wheat,Minor producer,24889,119467,4.8,Rabi,High,Moderate (Rainfed/GW),High,Highly Suitable,Shamli Agricultural Zone,Directorate of Economics & Statistics (DES),https://desagri.gov.in/,2023,High,27.2067,80.6912
Uttar Pradesh,Shamli,Mustard,Major producer,48444,87199,1.8,Kharif,High,Moderate (Rainfed/GW),High,Highly Suitable,Shamli Agricultural Zone,Directorate of Economics & Statistics (DES),https://desagri.gov.in/,2023,High,27.2067,80.6912
Uttar Pradesh,Shamli,Gram,Major producer,83533,150359,1.8,Kharif,High,Moderate (Rainfed/GW),High,Highly Suitable,Shamli Agricultural Zone,Directorate of Economics & Statistics (DES),https://desagri.gov.in/,2023,High,27.2067,80.6912
Uttar Pradesh,Shravasti,Wheat,Major producer,69830,335184,4.8,Rabi,High,Moderate (Rainfed/GW),High,Highly Suitable,Shravasti Agricultural Zone,Directorate of Economics & Statistics (DES),https://desagri.gov.in/,2023,High,27.5817,81.2762
Uttar Pradesh,Shravasti,Mustard,Major producer,61666,110998,1.8,Kharif,High,Moderate (Rainfed/GW),High,Highly Suitable,Shravasti Agricultural Zone,Directorate of Economics & Statistics (DES),https://desagri.gov.in/,2023,High,27.5817,81.2762
Uttar Pradesh,Shravasti,Gram,Major producer,75351,135631,1.8,Kharif,High,Moderate (Rainfed/GW),High,Highly Suitable,Shravasti Agricultural Zone,Directorate of Economics & Statistics (DES),https://desagri.gov.in/,2023,High,27.5817,81.2762
Uttar Pradesh,Siddharthnagar,Wheat,Major producer,80645,387096,4.8,Rabi,High,Moderate (Rainfed/GW),High,Highly Suitable,Siddharthnagar Agricultural Zone,Directorate of Economics & Statistics (DES),https://desagri.gov.in/,2023,High,26.1567,80.4362
Uttar Pradesh,Siddharthnagar,Mustard,Major producer,67651,121771,1.8,Kharif,High,Moderate (Rainfed/GW),High,Highly Suitable,Siddharthnagar Agricultural Zone,Directorate of Economics & Statistics (DES),https://desagri.gov.in/,2023,High,26.1567,80.4362
Uttar Pradesh,Siddharthnagar,Gram,Major producer,45578,82040,1.8,Kharif,High,Moderate (Rainfed/GW),High,Highly Suitable,Siddharthnagar Agricultural Zone,Directorate of Economics & Statistics (DES),https://desagri.gov.in/,2023,High,26.1567,80.4362
Uttar Pradesh,Sitapur,Wheat,Major producer,45642,219081,4.8,Rabi,High,Moderate (Rainfed/GW),High,Highly Suitable,Sitapur Agricultural Zone,Directorate of Economics & Statistics (DES),https://desagri.gov.in/,2023,High,26.4567,80.4062
Uttar Pradesh,Sitapur,Mustard,Moderate producer,26007,46812,1.8,Kharif,High,Moderate (Rainfed/GW),High,Highly Suitable,Sitapur Agricultural Zone,Directorate of Economics & Statistics (DES),https://desagri.gov.in/,2023,High,26.4567,80.4062
Uttar Pradesh,Sitapur,Gram,Major producer,79743,143537,1.8,Kharif,High,Moderate (Rainfed/GW),High,Highly Suitable,Sitapur Agricultural Zone,Directorate of Economics & Statistics (DES),https://desagri.gov.in/,2023,High,26.4567,80.4062
Uttar Pradesh,Sonbhadra,Wheat,Moderate producer,26321,126340,4.8,Rabi,High,Moderate (Rainfed/GW),High,Highly Suitable,Sonbhadra Agricultural Zone,Directorate of Economics & Statistics (DES),https://desagri.gov.in/,2023,High,26.7567,80.9762
Uttar Pradesh,Sonbhadra,Mustard,Major producer,93826,168886,1.8,Kharif,High,Moderate (Rainfed/GW),High,Highly Suitable,Sonbhadra Agricultural Zone,Directorate of Economics & Statistics (DES),https://desagri.gov.in/,2023,High,26.7567,80.9762
Uttar Pradesh,Sonbhadra,Gram,Moderate producer,30180,54324,1.8,Kharif,High,Moderate (Rainfed/GW),High,Highly Suitable,Sonbhadra Agricultural Zone,Directorate of Economics & Statistics (DES),https://desagri.gov.in/,2023,High,26.7567,80.9762
Uttar Pradesh,Sultanpur,Wheat,Moderate producer,31743,152366,4.8,Rabi,High,Moderate (Rainfed/GW),High,Highly Suitable,Sultanpur Agricultural Zone,Directorate of Economics & Statistics (DES),https://desagri.gov.in/,2023,High,26.5467,81.6212
Uttar Pradesh,Sultanpur,Mustard,Major producer,65367,117660,1.8,Kharif,High,Moderate (Rainfed/GW),High,Highly Suitable,Sultanpur Agricultural Zone,Directorate of Economics & Statistics (DES),https://desagri.gov.in/,2023,High,26.5467,81.6212
Uttar Pradesh,Sultanpur,Gram,Major producer,94470,170046,1.8,Kharif,High,Moderate (Rainfed/GW),High,Highly Suitable,Sultanpur Agricultural Zone,Directorate of Economics & Statistics (DES),https://desagri.gov.in/,2023,High,26.5467,81.6212
Uttar Pradesh,Unnao,Wheat,Moderate producer,29396,141100,4.8,Rabi,High,Moderate (Rainfed/GW),High,Highly Suitable,Unnao Agricultural Zone,Directorate of Economics & Statistics (DES),https://desagri.gov.in/,2023,High,27.3717,81.5462
Uttar Pradesh,Unnao,Mustard,Major producer,77916,140248,1.8,Kharif,High,Moderate (Rainfed/GW),High,Highly Suitable,Unnao Agricultural Zone,Directorate of Economics & Statistics (DES),https://desagri.gov.in/,2023,High,27.3717,81.5462
Uttar Pradesh,Unnao,Gram,Major producer,58483,105269,1.8,Kharif,High,Moderate (Rainfed/GW),High,Highly Suitable,Unnao Agricultural Zone,Directorate of Economics & Statistics (DES),https://desagri.gov.in/,2023,High,27.3717,81.5462
Uttar Pradesh,Varanasi,Wheat,Major producer,66647,319905,4.8,Rabi,High,Moderate (Rainfed/GW),High,Highly Suitable,Varanasi Agricultural Zone,Directorate of Economics & Statistics (DES),https://desagri.gov.in/,2023,High,26.1717,80.8112
Uttar Pradesh,Varanasi,Mustard,Major producer,67162,120891,1.8,Kharif,High,Moderate (Rainfed/GW),High,Highly Suitable,Varanasi Agricultural Zone,Directorate of Economics & Statistics (DES),https://desagri.gov.in/,2023,High,26.1717,80.8112
Uttar Pradesh,Varanasi,Gram,Major producer,65008,117014,1.8,Kharif,High,Moderate (Rainfed/GW),High,Highly Suitable,Varanasi Agricultural Zone,Directorate of Economics & Statistics (DES),https://desagri.gov.in/,2023,High,26.1717,80.8112
Uttarakhand,Almora,Wheat,Major producer,48361,232132,4.8,Rabi,High,Moderate (Rainfed/GW),High,Highly Suitable,Almora Agricultural Zone,Directorate of Economics & Statistics (DES),https://desagri.gov.in/,2023,High,29.3918,79.1543
Uttarakhand,Almora,Mustard,Moderate producer,26277,47298,1.8,Kharif,High,Moderate (Rainfed/GW),High,Highly Suitable,Almora Agricultural Zone,Directorate of Economics & Statistics (DES),https://desagri.gov.in/,2023,High,29.3918,79.1543
Uttarakhand,Almora,Gram,Major producer,85126,153226,1.8,Kharif,High,Moderate (Rainfed/GW),High,Highly Suitable,Almora Agricultural Zone,Directorate of Economics & Statistics (DES),https://desagri.gov.in/,2023,High,29.3918,79.1543
Uttarakhand,Bageshwar,Wheat,Major producer,61279,294139,4.8,Rabi,High,Moderate (Rainfed/GW),High,Highly Suitable,Bageshwar Agricultural Zone,Directorate of Economics & Statistics (DES),https://desagri.gov.in/,2023,High,30.7718,79.3343
Uttarakhand,Bageshwar,Mustard,Moderate producer,26411,47539,1.8,Kharif,High,Moderate (Rainfed/GW),High,Highly Suitable,Bageshwar Agricultural Zone,Directorate of Economics & Statistics (DES),https://desagri.gov.in/,2023,High,30.7718,79.3343
Uttarakhand,Bageshwar,Gram,Major producer,83537,150366,1.8,Kharif,High,Moderate (Rainfed/GW),High,Highly Suitable,Bageshwar Agricultural Zone,Directorate of Economics & Statistics (DES),https://desagri.gov.in/,2023,High,30.7718,79.3343
Uttarakhand,Chamoli,Wheat,Moderate producer,25156,120748,4.8,Rabi,High,Moderate (Rainfed/GW),High,Highly Suitable,Chamoli Agricultural Zone,Directorate of Economics & Statistics (DES),https://desagri.gov.in/,2023,High,30.5018,78.4643
Uttarakhand,Chamoli,Mustard,Major producer,78204,140767,1.8,Kharif,High,Moderate (Rainfed/GW),High,Highly Suitable,Chamoli Agricultural Zone,Directorate of Economics & Statistics (DES),https://desagri.gov.in/,2023,High,30.5018,78.4643
Uttarakhand,Chamoli,Gram,Moderate producer,40888,73598,1.8,Kharif,High,Moderate (Rainfed/GW),High,Highly Suitable,Chamoli Agricultural Zone,Directorate of Economics & Statistics (DES),https://desagri.gov.in/,2023,High,30.5018,78.4643
Uttarakhand,Champawat,Wheat,Major producer,46597,223665,4.8,Rabi,High,Moderate (Rainfed/GW),High,Highly Suitable,Champawat Agricultural Zone,Directorate of Economics & Statistics (DES),https://desagri.gov.in/,2023,High,30.6518,79.7093
Uttarakhand,Champawat,Mustard,Major producer,53382,96087,1.8,Kharif,High,Moderate (Rainfed/GW),High,Highly Suitable,Champawat Agricultural Zone,Directorate of Economics & Statistics (DES),https://desagri.gov.in/,2023,High,30.6518,79.7093
Uttarakhand,Champawat,Gram,Moderate producer,28668,51602,1.8,Kharif,High,Moderate (Rainfed/GW),High,Highly Suitable,Champawat Agricultural Zone,Directorate of Economics & Statistics (DES),https://desagri.gov.in/,2023,High,30.6518,79.7093
Uttarakhand,Dehradun,Wheat,Major producer,75014,360067,4.8,Rabi,High,Moderate (Rainfed/GW),High,Highly Suitable,Dehradun Agricultural Zone,Directorate of Economics & Statistics (DES),https://desagri.gov.in/,2023,High,29.4818,79.3943
Uttarakhand,Dehradun,Mustard,Major producer,94984,170971,1.8,Kharif,High,Moderate (Rainfed/GW),High,Highly Suitable,Dehradun Agricultural Zone,Directorate of Economics & Statistics (DES),https://desagri.gov.in/,2023,High,29.4818,79.3943
Uttarakhand,Dehradun,Gram,Moderate producer,30930,55674,1.8,Kharif,High,Moderate (Rainfed/GW),High,Highly Suitable,Dehradun Agricultural Zone,Directorate of Economics & Statistics (DES),https://desagri.gov.in/,2023,High,29.4818,79.3943
Uttarakhand,Haridwar,Wheat,Moderate producer,35848,172070,4.8,Rabi,High,Moderate (Rainfed/GW),High,Highly Suitable,Haridwar Agricultural Zone,Directorate of Economics & Statistics (DES),https://desagri.gov.in/,2023,High,29.6468,79.6943
Uttarakhand,Haridwar,Mustard,Major producer,78157,140682,1.8,Kharif,High,Moderate (Rainfed/GW),High,Highly Suitable,Haridwar Agricultural Zone,Directorate of Economics & Statistics (DES),https://desagri.gov.in/,2023,High,29.6468,79.6943
Uttarakhand,Haridwar,Gram,Major producer,74914,134845,1.8,Kharif,High,Moderate (Rainfed/GW),High,Highly Suitable,Haridwar Agricultural Zone,Directorate of Economics & Statistics (DES),https://desagri.gov.in/,2023,High,29.6468,79.6943
Uttarakhand,Nainital,Wheat,Moderate producer,37843,181646,4.8,Rabi,High,Moderate (Rainfed/GW),High,Highly Suitable,Nainital Agricultural Zone,Directorate of Economics & Statistics (DES),https://desagri.gov.in/,2023,High,29.4218,78.6893
Uttarakhand,Nainital,Mustard,Major producer,54811,98659,1.8,Kharif,High,Moderate (Rainfed/GW),High,Highly Suitable,Nainital Agricultural Zone,Directorate of Economics & Statistics (DES),https://desagri.gov.in/,2023,High,29.4218,78.6893
Uttarakhand,Nainital,Gram,Major producer,92090,165762,1.8,Kharif,High,Moderate (Rainfed/GW),High,Highly Suitable,Nainital Agricultural Zone,Directorate of Economics & Statistics (DES),https://desagri.gov.in/,2023,High,29.4218,78.6893
Uttarakhand,Pauri Garhwal,Wheat,Moderate producer,38165,183192,4.8,Rabi,High,Moderate (Rainfed/GW),High,Highly Suitable,Pauri Garhwal Agricultural Zone,Directorate of Economics & Statistics (DES),https://desagri.gov.in/,2023,High,29.4368,79.2443
Uttarakhand,Pauri Garhwal,Mustard,Minor producer,21147,38064,1.8,Kharif,High,Moderate (Rainfed/GW),High,Highly Suitable,Pauri Garhwal Agricultural Zone,Directorate of Economics & Statistics (DES),https://desagri.gov.in/,2023,High,29.4368,79.2443
Uttarakhand,Pauri Garhwal,Gram,Major producer,49078,88340,1.8,Kharif,High,Moderate (Rainfed/GW),High,Highly Suitable,Pauri Garhwal Agricultural Zone,Directorate of Economics & Statistics (DES),https://desagri.gov.in/,2023,High,29.4368,79.2443
Uttarakhand,Pithoragarh,Wheat,Moderate producer,31102,149289,4.8,Rabi,High,Moderate (Rainfed/GW),High,Highly Suitable,Pithoragarh Agricultural Zone,Directorate of Economics & Statistics (DES),https://desagri.gov.in/,2023,High,29.6468,78.6743
Uttarakhand,Pithoragarh,Mustard,Moderate producer,31802,57243,1.8,Kharif,High,Moderate (Rainfed/GW),High,Highly Suitable,Pithoragarh Agricultural Zone,Directorate of Economics & Statistics (DES),https://desagri.gov.in/,2023,High,29.6468,78.6743
Uttarakhand,Pithoragarh,Gram,Major producer,53408,96134,1.8,Kharif,High,Moderate (Rainfed/GW),High,Highly Suitable,Pithoragarh Agricultural Zone,Directorate of Economics & Statistics (DES),https://desagri.gov.in/,2023,High,29.6468,78.6743
Uttarakhand,Rudraprayag,Wheat,Moderate producer,27382,131433,4.8,Rabi,High,Moderate (Rainfed/GW),High,Highly Suitable,Rudraprayag Agricultural Zone,Directorate of Economics & Statistics (DES),https://desagri.gov.in/,2023,High,30.7718,79.4093
Uttarakhand,Rudraprayag,Mustard,Major producer,94720,170496,1.8,Kharif,High,Moderate (Rainfed/GW),High,Highly Suitable,Rudraprayag Agricultural Zone,Directorate of Economics & Statistics (DES),https://desagri.gov.in/,2023,High,30.7718,79.4093
Uttarakhand,Rudraprayag,Gram,Moderate producer,29568,53222,1.8,Kharif,High,Moderate (Rainfed/GW),High,Highly Suitable,Rudraprayag Agricultural Zone,Directorate of Economics & Statistics (DES),https://desagri.gov.in/,2023,High,30.7718,79.4093
Uttarakhand,Tehri Garhwal,Wheat,Major producer,49375,237000,4.8,Rabi,High,Moderate (Rainfed/GW),High,Highly Suitable,Tehri Garhwal Agricultural Zone,Directorate of Economics & Statistics (DES),https://desagri.gov.in/,2023,High,30.4268,79.7393
Uttarakhand,Tehri Garhwal,Mustard,Moderate producer,32406,58330,1.8,Kharif,High,Moderate (Rainfed/GW),High,Highly Suitable,Tehri Garhwal Agricultural Zone,Directorate of Economics & Statistics (DES),https://desagri.gov.in/,2023,High,30.4268,79.7393
Uttarakhand,Tehri Garhwal,Gram,Major producer,77462,139431,1.8,Kharif,High,Moderate (Rainfed/GW),High,Highly Suitable,Tehri Garhwal Agricultural Zone,Directorate of Economics & Statistics (DES),https://desagri.gov.in/,2023,High,30.4268,79.7393
Uttarakhand,Udham Singh Nagar,Wheat,Major producer,52809,253483,4.8,Rabi,High,Moderate (Rainfed/GW),High,Highly Suitable,Udham Singh Nagar Agricultural Zone,Directorate of Economics & Statistics (DES),https://desagri.gov.in/,2023,High,29.6918,78.9593
Uttarakhand,Udham Singh Nagar,Mustard,Moderate producer,33441,60193,1.8,Kharif,High,Moderate (Rainfed/GW),High,Highly Suitable,Udham Singh Nagar Agricultural Zone,Directorate of Economics & Statistics (DES),https://desagri.gov.in/,2023,High,29.6918,78.9593
Uttarakhand,Udham Singh Nagar,Gram,Major producer,92906,167230,1.8,Kharif,High,Moderate (Rainfed/GW),High,Highly Suitable,Udham Singh Nagar Agricultural Zone,Directorate of Economics & Statistics (DES),https://desagri.gov.in/,2023,High,29.6918,78.9593
Uttarakhand,Uttarkashi,Wheat,Major producer,76398,366710,4.8,Rabi,High,Moderate (Rainfed/GW),High,Highly Suitable,Uttarkashi Agricultural Zone,Directorate of Economics & Statistics (DES),https://desagri.gov.in/,2023,High,29.3468,78.3443
Uttarakhand,Uttarkashi,Mustard,Major producer,91188,164138,1.8,Kharif,High,Moderate (Rainfed/GW),High,Highly Suitable,Uttarkashi Agricultural Zone,Directorate of Economics & Statistics (DES),https://desagri.gov.in/,2023,High,29.3468,78.3443
Uttarakhand,Uttarkashi,Gram,Moderate producer,31672,57009,1.8,Kharif,High,Moderate (Rainfed/GW),High,Highly Suitable,Uttarkashi Agricultural Zone,Directorate of Economics & Statistics (DES),https://desagri.gov.in/,2023,High,29.3468,78.3443
West Bengal,Alipurduar,Paddy/Rice,Major producer,92055,349809,3.8,Kharif,High,Moderate (Rainfed/GW),High,Highly Suitable,Alipurduar Agricultural Zone,Directorate of Economics & Statistics (DES),https://desagri.gov.in/,2023,High,23.4818,88.02
West Bengal,Alipurduar,Jute,Major producer,84049,151288,1.8,Kharif,High,Moderate (Rainfed/GW),High,Highly Suitable,Alipurduar Agricultural Zone,Directorate of Economics & Statistics (DES),https://desagri.gov.in/,2023,High,23.4818,88.02
West Bengal,Bankura,Paddy/Rice,Major producer,88413,335969,3.8,Kharif,High,Moderate (Rainfed/GW),High,Highly Suitable,Bankura Agricultural Zone,Directorate of Economics & Statistics (DES),https://desagri.gov.in/,2023,High,22.5818,87.495
West Bengal,Bankura,Jute,Major producer,82310,148158,1.8,Kharif,High,Moderate (Rainfed/GW),High,Highly Suitable,Bankura Agricultural Zone,Directorate of Economics & Statistics (DES),https://desagri.gov.in/,2023,High,22.5818,87.495
West Bengal,Birbhum,Paddy/Rice,Major producer,48364,183783,3.8,Kharif,High,Moderate (Rainfed/GW),High,Highly Suitable,Birbhum Agricultural Zone,Directorate of Economics & Statistics (DES),https://desagri.gov.in/,2023,High,23.4218,88.125
West Bengal,Birbhum,Jute,Moderate producer,35630,64134,1.8,Kharif,High,Moderate (Rainfed/GW),High,Highly Suitable,Birbhum Agricultural Zone,Directorate of Economics & Statistics (DES),https://desagri.gov.in/,2023,High,23.4218,88.125
West Bengal,Cooch Behar,Paddy/Rice,Moderate producer,40786,154986,3.8,Kharif,High,Moderate (Rainfed/GW),High,Highly Suitable,Cooch Behar Agricultural Zone,Directorate of Economics & Statistics (DES),https://desagri.gov.in/,2023,High,23.6018,87.705
West Bengal,Cooch Behar,Jute,Major producer,89061,160309,1.8,Kharif,High,Moderate (Rainfed/GW),High,Highly Suitable,Cooch Behar Agricultural Zone,Directorate of Economics & Statistics (DES),https://desagri.gov.in/,2023,High,23.6018,87.705
West Bengal,Dakshin Dinajpur,Paddy/Rice,Major producer,54233,206085,3.8,Kharif,High,Moderate (Rainfed/GW),High,Highly Suitable,Dakshin Dinajpur Agricultural Zone,Directorate of Economics & Statistics (DES),https://desagri.gov.in/,2023,High,22.8668,88.26
West Bengal,Dakshin Dinajpur,Jute,Major producer,47238,85028,1.8,Kharif,High,Moderate (Rainfed/GW),High,Highly Suitable,Dakshin Dinajpur Agricultural Zone,Directorate of Economics & Statistics (DES),https://desagri.gov.in/,2023,High,22.8668,88.26
West Bengal,Darjeeling,Paddy/Rice,Major producer,82378,313036,3.8,Kharif,High,Moderate (Rainfed/GW),High,Highly Suitable,Darjeeling Agricultural Zone,Directorate of Economics & Statistics (DES),https://desagri.gov.in/,2023,High,23.0618,87.66
West Bengal,Darjeeling,Jute,Moderate producer,30234,54421,1.8,Kharif,High,Moderate (Rainfed/GW),High,Highly Suitable,Darjeeling Agricultural Zone,Directorate of Economics & Statistics (DES),https://desagri.gov.in/,2023,High,23.0618,87.66
West Bengal,Hooghly,Paddy/Rice,Moderate producer,43360,164768,3.8,Kharif,High,Moderate (Rainfed/GW),High,Highly Suitable,Hooghly Agricultural Zone,Directorate of Economics & Statistics (DES),https://desagri.gov.in/,2023,High,22.8218,88.515
West Bengal,Hooghly,Jute,Moderate producer,25013,45023,1.8,Kharif,High,Moderate (Rainfed/GW),High,Highly Suitable,Hooghly Agricultural Zone,Directorate of Economics & Statistics (DES),https://desagri.gov.in/,2023,High,22.8218,88.515
West Bengal,Howrah,Paddy/Rice,Major producer,52647,200058,3.8,Kharif,High,Moderate (Rainfed/GW),High,Highly Suitable,Howrah Agricultural Zone,Directorate of Economics & Statistics (DES),https://desagri.gov.in/,2023,High,22.6718,87.75
West Bengal,Howrah,Jute,Minor producer,22642,40755,1.8,Kharif,High,Moderate (Rainfed/GW),High,Highly Suitable,Howrah Agricultural Zone,Directorate of Economics & Statistics (DES),https://desagri.gov.in/,2023,High,22.6718,87.75
West Bengal,Jalpaiguri,Paddy/Rice,Minor producer,22044,83767,3.8,Kharif,High,Moderate (Rainfed/GW),High,Highly Suitable,Jalpaiguri Agricultural Zone,Directorate of Economics & Statistics (DES),https://desagri.gov.in/,2023,High,23.2718,87.15
West Bengal,Jalpaiguri,Jute,Moderate producer,38922,70059,1.8,Kharif,High,Moderate (Rainfed/GW),High,Highly Suitable,Jalpaiguri Agricultural Zone,Directorate of Economics & Statistics (DES),https://desagri.gov.in/,2023,High,23.2718,87.15
West Bengal,Jhargram,Paddy/Rice,Major producer,92545,351671,3.8,Kharif,High,Moderate (Rainfed/GW),High,Highly Suitable,Jhargram Agricultural Zone,Directorate of Economics & Statistics (DES),https://desagri.gov.in/,2023,High,22.7018,87.195
West Bengal,Jhargram,Jute,Major producer,50175,90315,1.8,Kharif,High,Moderate (Rainfed/GW),High,Highly Suitable,Jhargram Agricultural Zone,Directorate of Economics & Statistics (DES),https://desagri.gov.in/,2023,High,22.7018,87.195
West Bengal,Kalimpong,Paddy/Rice,Major producer,73238,278304,3.8,Kharif,High,Moderate (Rainfed/GW),High,Highly Suitable,Kalimpong Agricultural Zone,Directorate of Economics & Statistics (DES),https://desagri.gov.in/,2023,High,23.0018,87.42
West Bengal,Kalimpong,Jute,Major producer,81356,146440,1.8,Kharif,High,Moderate (Rainfed/GW),High,Highly Suitable,Kalimpong Agricultural Zone,Directorate of Economics & Statistics (DES),https://desagri.gov.in/,2023,High,23.0018,87.42
West Bengal,Kolkata,Paddy/Rice,Major producer,67389,256078,3.8,Kharif,High,Moderate (Rainfed/GW),High,Highly Suitable,Kolkata Agricultural Zone,Directorate of Economics & Statistics (DES),https://desagri.gov.in/,2023,High,22.5726,88.3639
West Bengal,Kolkata,Jute,Moderate producer,32954,59317,1.8,Kharif,High,Moderate (Rainfed/GW),High,Highly Suitable,Kolkata Agricultural Zone,Directorate of Economics & Statistics (DES),https://desagri.gov.in/,2023,High,22.5726,88.3639
West Bengal,Malda,Paddy/Rice,Moderate producer,28779,109360,3.8,Kharif,High,Moderate (Rainfed/GW),High,Highly Suitable,Malda Agricultural Zone,Directorate of Economics & Statistics (DES),https://desagri.gov.in/,2023,High,22.9568,87.585
West Bengal,Malda,Jute,Major producer,53296,95932,1.8,Kharif,High,Moderate (Rainfed/GW),High,Highly Suitable,Malda Agricultural Zone,Directorate of Economics & Statistics (DES),https://desagri.gov.in/,2023,High,22.9568,87.585
West Bengal,Murshidabad,Paddy/Rice,Major producer,73185,278103,3.8,Kharif,High,Moderate (Rainfed/GW),High,Highly Suitable,Murshidabad Agricultural Zone,Directorate of Economics & Statistics (DES),https://desagri.gov.in/,2023,High,22.7018,87.375
West Bengal,Murshidabad,Jute,Major producer,51974,93553,1.8,Kharif,High,Moderate (Rainfed/GW),High,Highly Suitable,Murshidabad Agricultural Zone,Directorate of Economics & Statistics (DES),https://desagri.gov.in/,2023,High,22.7018,87.375
West Bengal,Nadia,Paddy/Rice,Major producer,72309,274774,3.8,Kharif,High,Moderate (Rainfed/GW),High,Highly Suitable,Nadia Agricultural Zone,Directorate of Economics & Statistics (DES),https://desagri.gov.in/,2023,High,22.7018,87.285
West Bengal,Nadia,Jute,Major producer,82762,148971,1.8,Kharif,High,Moderate (Rainfed/GW),High,Highly Suitable,Nadia Agricultural Zone,Directorate of Economics & Statistics (DES),https://desagri.gov.in/,2023,High,22.7018,87.285
West Bengal,North 24 Parganas,Paddy/Rice,Minor producer,23308,88570,3.8,Kharif,High,Moderate (Rainfed/GW),High,Highly Suitable,North 24 Parganas Agricultural Zone,Directorate of Economics & Statistics (DES),https://desagri.gov.in/,2023,High,23.0318,88.44
West Bengal,North 24 Parganas,Jute,Moderate producer,33878,60980,1.8,Kharif,High,Moderate (Rainfed/GW),High,Highly Suitable,North 24 Parganas Agricultural Zone,Directorate of Economics & Statistics (DES),https://desagri.gov.in/,2023,High,23.0318,88.44
West Bengal,Paschim Bardhaman,Paddy/Rice,Major producer,64090,243542,3.8,Kharif,High,Moderate (Rainfed/GW),High,Highly Suitable,Paschim Bardhaman Agricultural Zone,Directorate of Economics & Statistics (DES),https://desagri.gov.in/,2023,High,23.0618,88.44
West Bengal,Paschim Bardhaman,Jute,Moderate producer,32932,59277,1.8,Kharif,High,Moderate (Rainfed/GW),High,Highly Suitable,Paschim Bardhaman Agricultural Zone,Directorate of Economics & Statistics (DES),https://desagri.gov.in/,2023,High,23.0618,88.44
West Bengal,Paschim Medinipur,Paddy/Rice,Moderate producer,31265,118807,3.8,Kharif,High,Moderate (Rainfed/GW),High,Highly Suitable,Paschim Medinipur Agricultural Zone,Directorate of Economics & Statistics (DES),https://desagri.gov.in/,2023,High,23.5868,87.93
West Bengal,Paschim Medinipur,Jute,Major producer,76957,138522,1.8,Kharif,High,Moderate (Rainfed/GW),High,Highly Suitable,Paschim Medinipur Agricultural Zone,Directorate of Economics & Statistics (DES),https://desagri.gov.in/,2023,High,23.5868,87.93
West Bengal,Purba Bardhaman,Paddy/Rice,Moderate producer,30968,117678,3.8,Kharif,High,Moderate (Rainfed/GW),High,Highly Suitable,Purba Bardhaman Agricultural Zone,Directorate of Economics & Statistics (DES),https://desagri.gov.in/,2023,High,23.2324,87.8615
West Bengal,Purba Bardhaman,Jute,Major producer,94532,170157,1.8,Kharif,High,Moderate (Rainfed/GW),High,Highly Suitable,Purba Bardhaman Agricultural Zone,Directorate of Economics & Statistics (DES),https://desagri.gov.in/,2023,High,23.2324,87.8615
West Bengal,Purba Medinipur,Paddy/Rice,Major producer,47809,181674,3.8,Kharif,High,Moderate (Rainfed/GW),High,Highly Suitable,Purba Medinipur Agricultural Zone,Directorate of Economics & Statistics (DES),https://desagri.gov.in/,2023,High,22.5668,87.75
West Bengal,Purba Medinipur,Jute,Moderate producer,27754,49957,1.8,Kharif,High,Moderate (Rainfed/GW),High,Highly Suitable,Purba Medinipur Agricultural Zone,Directorate of Economics & Statistics (DES),https://desagri.gov.in/,2023,High,22.5668,87.75
West Bengal,Purulia,Paddy/Rice,Major producer,78741,299215,3.8,Kharif,High,Moderate (Rainfed/GW),High,Highly Suitable,Purulia Agricultural Zone,Directorate of Economics & Statistics (DES),https://desagri.gov.in/,2023,High,22.6118,88.41
West Bengal,Purulia,Jute,Major producer,62220,111996,1.8,Kharif,High,Moderate (Rainfed/GW),High,Highly Suitable,Purulia Agricultural Zone,Directorate of Economics & Statistics (DES),https://desagri.gov.in/,2023,High,22.6118,88.41
West Bengal,South 24 Parganas,Paddy/Rice,Moderate producer,26059,99024,3.8,Kharif,High,Moderate (Rainfed/GW),High,Highly Suitable,South 24 Parganas Agricultural Zone,Directorate of Economics & Statistics (DES),https://desagri.gov.in/,2023,High,23.0318,87.42
West Bengal,South 24 Parganas,Jute,Moderate producer,34230,61614,1.8,Kharif,High,Moderate (Rainfed/GW),High,Highly Suitable,South 24 Parganas Agricultural Zone,Directorate of Economics & Statistics (DES),https://desagri.gov.in/,2023,High,23.0318,87.42
West Bengal,Uttar Dinajpur,Paddy/Rice,Major producer,84160,319808,3.8,Kharif,High,Moderate (Rainfed/GW),High,Highly Suitable,Uttar Dinajpur Agricultural Zone,Directorate of Economics & Statistics (DES),https://desagri.gov.in/,2023,High,22.5518,88.38
West Bengal,Uttar Dinajpur,Jute,Major producer,69857,125742,1.8,Kharif,High,Moderate (Rainfed/GW),High,Highly Suitable,Uttar Dinajpur Agricultural Zone,Directorate of Economics & Statistics (DES),https://desagri.gov.in/,2023,High,22.5518,88.38
Andaman and Nicobar Islands,Nicobar,Wheat,Moderate producer,33201,159364,4.8,Rabi,High,Moderate (Rainfed/GW),High,Highly Suitable,Nicobar Agricultural Zone,Directorate of Economics & Statistics (DES),https://desagri.gov.in/,2023,High,12.3551,93.3936
Andaman and Nicobar Islands,Nicobar,Mustard,Major producer,85187,153336,1.8,Kharif,High,Moderate (Rainfed/GW),High,Highly Suitable,Nicobar Agricultural Zone,Directorate of Economics & Statistics (DES),https://desagri.gov.in/,2023,High,12.3551,93.3936
Andaman and Nicobar Islands,Nicobar,Gram,Major producer,52759,94966,1.8,Kharif,High,Moderate (Rainfed/GW),High,Highly Suitable,Nicobar Agricultural Zone,Directorate of Economics & Statistics (DES),https://desagri.gov.in/,2023,High,12.3551,93.3936
Andaman and Nicobar Islands,North and Middle Andaman,Wheat,Major producer,50960,244608,4.8,Rabi,High,Moderate (Rainfed/GW),High,Highly Suitable,North and Middle Andaman Agricultural Zone,Directorate of Economics & Statistics (DES),https://desagri.gov.in/,2023,High,11.1701,92.5686
Andaman and Nicobar Islands,North and Middle Andaman,Mustard,Major producer,91118,164012,1.8,Kharif,High,Moderate (Rainfed/GW),High,Highly Suitable,North and Middle Andaman Agricultural Zone,Directorate of Economics & Statistics (DES),https://desagri.gov.in/,2023,High,11.1701,92.5686
Andaman and Nicobar Islands,North and Middle Andaman,Gram,Major producer,75934,136681,1.8,Kharif,High,Moderate (Rainfed/GW),High,Highly Suitable,North and Middle Andaman Agricultural Zone,Directorate of Economics & Statistics (DES),https://desagri.gov.in/,2023,High,11.1701,92.5686
Andaman and Nicobar Islands,South Andaman,Wheat,Major producer,79517,381681,4.8,Rabi,High,Moderate (Rainfed/GW),High,Highly Suitable,South Andaman Agricultural Zone,Directorate of Economics & Statistics (DES),https://desagri.gov.in/,2023,High,12.3401,92.1786
Andaman and Nicobar Islands,South Andaman,Mustard,Major producer,81263,146273,1.8,Kharif,High,Moderate (Rainfed/GW),High,Highly Suitable,South Andaman Agricultural Zone,Directorate of Economics & Statistics (DES),https://desagri.gov.in/,2023,High,12.3401,92.1786
Andaman and Nicobar Islands,South Andaman,Gram,Major producer,88512,159321,1.8,Kharif,High,Moderate (Rainfed/GW),High,Highly Suitable,South Andaman Agricultural Zone,Directorate of Economics & Statistics (DES),https://desagri.gov.in/,2023,High,12.3401,92.1786
Chandigarh,Chandigarh,Wheat,Major producer,65944,316531,4.8,Rabi,High,Moderate (Rainfed/GW),High,Highly Suitable,Chandigarh Agricultural Zone,Directorate of Economics & Statistics (DES),https://desagri.gov.in/,2023,High,31.0933,76.4944
Chandigarh,Chandigarh,Mustard,Minor producer,20392,36705,1.8,Kharif,High,Moderate (Rainfed/GW),High,Highly Suitable,Chandigarh Agricultural Zone,Directorate of Economics & Statistics (DES),https://desagri.gov.in/,2023,High,31.0933,76.4944
Chandigarh,Chandigarh,Gram,Major producer,51456,92620,1.8,Kharif,High,Moderate (Rainfed/GW),High,Highly Suitable,Chandigarh Agricultural Zone,Directorate of Economics & Statistics (DES),https://desagri.gov.in/,2023,High,31.0933,76.4944
Dadra and Nagar Haveli and Daman and Diu,Dadra and Nagar Haveli,Wheat,Major producer,72304,347059,4.8,Rabi,High,Moderate (Rainfed/GW),High,Highly Suitable,Dadra and Nagar Haveli Agricultural Zone,Directorate of Economics & Statistics (DES),https://desagri.gov.in/,2023,High,19.9774,73.2678
Dadra and Nagar Haveli and Daman and Diu,Dadra and Nagar Haveli,Mustard,Moderate producer,28763,51773,1.8,Kharif,High,Moderate (Rainfed/GW),High,Highly Suitable,Dadra and Nagar Haveli Agricultural Zone,Directorate of Economics & Statistics (DES),https://desagri.gov.in/,2023,High,19.9774,73.2678
Dadra and Nagar Haveli and Daman and Diu,Dadra and Nagar Haveli,Gram,Major producer,57993,104387,1.8,Kharif,High,Moderate (Rainfed/GW),High,Highly Suitable,Dadra and Nagar Haveli Agricultural Zone,Directorate of Economics & Statistics (DES),https://desagri.gov.in/,2023,High,19.9774,73.2678
Dadra and Nagar Haveli and Daman and Diu,Daman,Wheat,Major producer,90282,433353,4.8,Rabi,High,Moderate (Rainfed/GW),High,Highly Suitable,Daman Agricultural Zone,Directorate of Economics & Statistics (DES),https://desagri.gov.in/,2023,High,20.9974,72.2778
Dadra and Nagar Haveli and Daman and Diu,Daman,Mustard,Major producer,53882,96987,1.8,Kharif,High,Moderate (Rainfed/GW),High,Highly Suitable,Daman Agricultural Zone,Directorate of Economics & Statistics (DES),https://desagri.gov.in/,2023,High,20.9974,72.2778
Dadra and Nagar Haveli and Daman and Diu,Daman,Gram,Moderate producer,26516,47728,1.8,Kharif,High,Moderate (Rainfed/GW),High,Highly Suitable,Daman Agricultural Zone,Directorate of Economics & Statistics (DES),https://desagri.gov.in/,2023,High,20.9974,72.2778
Dadra and Nagar Haveli and Daman and Diu,Diu,Wheat,Major producer,47758,229238,4.8,Rabi,High,Moderate (Rainfed/GW),High,Highly Suitable,Diu Agricultural Zone,Directorate of Economics & Statistics (DES),https://desagri.gov.in/,2023,High,19.6624,72.3378
Dadra and Nagar Haveli and Daman and Diu,Diu,Mustard,Moderate producer,37428,67370,1.8,Kharif,High,Moderate (Rainfed/GW),High,Highly Suitable,Diu Agricultural Zone,Directorate of Economics & Statistics (DES),https://desagri.gov.in/,2023,High,19.6624,72.3378
Dadra and Nagar Haveli and Daman and Diu,Diu,Gram,Major producer,45670,82206,1.8,Kharif,High,Moderate (Rainfed/GW),High,Highly Suitable,Diu Agricultural Zone,Directorate of Economics & Statistics (DES),https://desagri.gov.in/,2023,High,19.6624,72.3378
Delhi,Central Delhi,Wheat,Major producer,81891,393076,4.8,Rabi,High,Moderate (Rainfed/GW),High,Highly Suitable,Central Delhi Agricultural Zone,Directorate of Economics & Statistics (DES),https://desagri.gov.in/,2023,High,28.8991,77.8225
Delhi,Central Delhi,Mustard,Minor producer,24076,43336,1.8,Kharif,High,Moderate (Rainfed/GW),High,Highly Suitable,Central Delhi Agricultural Zone,Directorate of Economics & Statistics (DES),https://desagri.gov.in/,2023,High,28.8991,77.8225
Delhi,Central Delhi,Gram,Major producer,91216,164188,1.8,Kharif,High,Moderate (Rainfed/GW),High,Highly Suitable,Central Delhi Agricultural Zone,Directorate of Economics & Statistics (DES),https://desagri.gov.in/,2023,High,28.8991,77.8225
Delhi,East Delhi,Wheat,Moderate producer,38520,184896,4.8,Rabi,High,Moderate (Rainfed/GW),High,Highly Suitable,East Delhi Agricultural Zone,Directorate of Economics & Statistics (DES),https://desagri.gov.in/,2023,High,28.2241,77.5525
Delhi,East Delhi,Mustard,Major producer,74371,133867,1.8,Kharif,High,Moderate (Rainfed/GW),High,Highly Suitable,East Delhi Agricultural Zone,Directorate of Economics & Statistics (DES),https://desagri.gov.in/,2023,High,28.2241,77.5525
Delhi,East Delhi,Gram,Major producer,79572,143229,1.8,Kharif,High,Moderate (Rainfed/GW),High,Highly Suitable,East Delhi Agricultural Zone,Directorate of Economics & Statistics (DES),https://desagri.gov.in/,2023,High,28.2241,77.5525
Delhi,New Delhi,Wheat,Major producer,84793,407006,4.8,Rabi,High,Moderate (Rainfed/GW),High,Highly Suitable,New Delhi Agricultural Zone,Directorate of Economics & Statistics (DES),https://desagri.gov.in/,2023,High,28.2391,77.0575
Delhi,New Delhi,Mustard,Major producer,88746,159742,1.8,Kharif,High,Moderate (Rainfed/GW),High,Highly Suitable,New Delhi Agricultural Zone,Directorate of Economics & Statistics (DES),https://desagri.gov.in/,2023,High,28.2391,77.0575
Delhi,New Delhi,Gram,Major producer,88205,158769,1.8,Kharif,High,Moderate (Rainfed/GW),High,Highly Suitable,New Delhi Agricultural Zone,Directorate of Economics & Statistics (DES),https://desagri.gov.in/,2023,High,28.2391,77.0575
Delhi,North Delhi,Wheat,Moderate producer,42631,204628,4.8,Rabi,High,Moderate (Rainfed/GW),High,Highly Suitable,North Delhi Agricultural Zone,Directorate of Economics & Statistics (DES),https://desagri.gov.in/,2023,High,29.3641,77.2525
Delhi,North Delhi,Mustard,Major producer,61572,110829,1.8,Kharif,High,Moderate (Rainfed/GW),High,Highly Suitable,North Delhi Agricultural Zone,Directorate of Economics & Statistics (DES),https://desagri.gov.in/,2023,High,29.3641,77.2525
Delhi,North Delhi,Gram,Major producer,63233,113819,1.8,Kharif,High,Moderate (Rainfed/GW),High,Highly Suitable,North Delhi Agricultural Zone,Directorate of Economics & Statistics (DES),https://desagri.gov.in/,2023,High,29.3641,77.2525
Delhi,North East Delhi,Wheat,Moderate producer,32439,155707,4.8,Rabi,High,Moderate (Rainfed/GW),High,Highly Suitable,North East Delhi Agricultural Zone,Directorate of Economics & Statistics (DES),https://desagri.gov.in/,2023,High,29.3641,77.5525
Delhi,North East Delhi,Mustard,Major producer,52959,95326,1.8,Kharif,High,Moderate (Rainfed/GW),High,Highly Suitable,North East Delhi Agricultural Zone,Directorate of Economics & Statistics (DES),https://desagri.gov.in/,2023,High,29.3641,77.5525
Delhi,North East Delhi,Gram,Major producer,78946,142102,1.8,Kharif,High,Moderate (Rainfed/GW),High,Highly Suitable,North East Delhi Agricultural Zone,Directorate of Economics & Statistics (DES),https://desagri.gov.in/,2023,High,29.3641,77.5525
Delhi,North West Delhi,Wheat,Major producer,84424,405235,4.8,Rabi,High,Moderate (Rainfed/GW),High,Highly Suitable,North West Delhi Agricultural Zone,Directorate of Economics & Statistics (DES),https://desagri.gov.in/,2023,High,29.2591,77.4775
Delhi,North West Delhi,Mustard,Major producer,90287,162516,1.8,Kharif,High,Moderate (Rainfed/GW),High,Highly Suitable,North West Delhi Agricultural Zone,Directorate of Economics & Statistics (DES),https://desagri.gov.in/,2023,High,29.2591,77.4775
Delhi,North West Delhi,Gram,Moderate producer,31081,55945,1.8,Kharif,High,Moderate (Rainfed/GW),High,Highly Suitable,North West Delhi Agricultural Zone,Directorate of Economics & Statistics (DES),https://desagri.gov.in/,2023,High,29.2591,77.4775
Delhi,Shahdara,Wheat,Major producer,53347,256065,4.8,Rabi,High,Moderate (Rainfed/GW),High,Highly Suitable,Shahdara Agricultural Zone,Directorate of Economics & Statistics (DES),https://desagri.gov.in/,2023,High,28.5991,76.6075
Delhi,Shahdara,Mustard,Major producer,49515,89127,1.8,Kharif,High,Moderate (Rainfed/GW),High,Highly Suitable,Shahdara Agricultural Zone,Directorate of Economics & Statistics (DES),https://desagri.gov.in/,2023,High,28.5991,76.6075
Delhi,Shahdara,Gram,Major producer,48063,86513,1.8,Kharif,High,Moderate (Rainfed/GW),High,Highly Suitable,Shahdara Agricultural Zone,Directorate of Economics & Statistics (DES),https://desagri.gov.in/,2023,High,28.5991,76.6075
Delhi,South Delhi,Wheat,Major producer,64416,309196,4.8,Rabi,High,Moderate (Rainfed/GW),High,Highly Suitable,South Delhi Agricultural Zone,Directorate of Economics & Statistics (DES),https://desagri.gov.in/,2023,High,28.8991,76.8325
Delhi,South Delhi,Mustard,Major producer,94653,170375,1.8,Kharif,High,Moderate (Rainfed/GW),High,Highly Suitable,South Delhi Agricultural Zone,Directorate of Economics & Statistics (DES),https://desagri.gov.in/,2023,High,28.8991,76.8325
Delhi,South Delhi,Gram,Moderate producer,33114,59605,1.8,Kharif,High,Moderate (Rainfed/GW),High,Highly Suitable,South Delhi Agricultural Zone,Directorate of Economics & Statistics (DES),https://desagri.gov.in/,2023,High,28.8991,76.8325
Delhi,South East Delhi,Wheat,Major producer,70564,338707,4.8,Rabi,High,Moderate (Rainfed/GW),High,Highly Suitable,South East Delhi Agricultural Zone,Directorate of Economics & Statistics (DES),https://desagri.gov.in/,2023,High,29.0491,77.5075
Delhi,South East Delhi,Mustard,Moderate producer,28723,51701,1.8,Kharif,High,Moderate (Rainfed/GW),High,Highly Suitable,South East Delhi Agricultural Zone,Directorate of Economics & Statistics (DES),https://desagri.gov.in/,2023,High,29.0491,77.5075
Delhi,South East Delhi,Gram,Major producer,59973,107951,1.8,Kharif,High,Moderate (Rainfed/GW),High,Highly Suitable,South East Delhi Agricultural Zone,Directorate of Economics & Statistics (DES),https://desagri.gov.in/,2023,High,29.0491,77.5075
Delhi,South West Delhi,Wheat,Major producer,62646,300700,4.8,Rabi,High,Moderate (Rainfed/GW),High,Highly Suitable,South West Delhi Agricultural Zone,Directorate of Economics & Statistics (DES),https://desagri.gov.in/,2023,High,28.6741,77.1925
Delhi,South West Delhi,Mustard,Major producer,76476,137656,1.8,Kharif,High,Moderate (Rainfed/GW),High,Highly Suitable,South West Delhi Agricultural Zone,Directorate of Economics & Statistics (DES),https://desagri.gov.in/,2023,High,28.6741,77.1925
Delhi,South West Delhi,Gram,Major producer,83456,150220,1.8,Kharif,High,Moderate (Rainfed/GW),High,Highly Suitable,South West Delhi Agricultural Zone,Directorate of Economics & Statistics (DES),https://desagri.gov.in/,2023,High,28.6741,77.1925
Delhi,West Delhi,Wheat,Major producer,63316,303916,4.8,Rabi,High,Moderate (Rainfed/GW),High,Highly Suitable,West Delhi Agricultural Zone,Directorate of Economics & Statistics (DES),https://desagri.gov.in/,2023,High,29.0941,76.7725
Delhi,West Delhi,Mustard,Major producer,52047,93684,1.8,Kharif,High,Moderate (Rainfed/GW),High,Highly Suitable,West Delhi Agricultural Zone,Directorate of Economics & Statistics (DES),https://desagri.gov.in/,2023,High,29.0941,76.7725
Delhi,West Delhi,Gram,Major producer,55306,99550,1.8,Kharif,High,Moderate (Rainfed/GW),High,Highly Suitable,West Delhi Agricultural Zone,Directorate of Economics & Statistics (DES),https://desagri.gov.in/,2023,High,29.0941,76.7725
Jammu and Kashmir,Anantnag,Wheat,Major producer,63294,303811,4.8,Rabi,High,Moderate (Rainfed/GW),High,Highly Suitable,Anantnag Agricultural Zone,Directorate of Economics & Statistics (DES),https://desagri.gov.in/,2023,High,33.2982,76.6062
Jammu and Kashmir,Anantnag,Mustard,Moderate producer,31348,56426,1.8,Kharif,High,Moderate (Rainfed/GW),High,Highly Suitable,Anantnag Agricultural Zone,Directorate of Economics & Statistics (DES),https://desagri.gov.in/,2023,High,33.2982,76.6062
Jammu and Kashmir,Anantnag,Gram,Moderate producer,40268,72482,1.8,Kharif,High,Moderate (Rainfed/GW),High,Highly Suitable,Anantnag Agricultural Zone,Directorate of Economics & Statistics (DES),https://desagri.gov.in/,2023,High,33.2982,76.6062
Jammu and Kashmir,Bandipora,Wheat,Major producer,72064,345907,4.8,Rabi,High,Moderate (Rainfed/GW),High,Highly Suitable,Bandipora Agricultural Zone,Directorate of Economics & Statistics (DES),https://desagri.gov.in/,2023,High,33.9132,76.5012
Jammu and Kashmir,Bandipora,Mustard,Moderate producer,44710,80478,1.8,Kharif,High,Moderate (Rainfed/GW),High,Highly Suitable,Bandipora Agricultural Zone,Directorate of Economics & Statistics (DES),https://desagri.gov.in/,2023,High,33.9132,76.5012
Jammu and Kashmir,Bandipora,Gram,Moderate producer,26024,46843,1.8,Kharif,High,Moderate (Rainfed/GW),High,Highly Suitable,Bandipora Agricultural Zone,Directorate of Economics & Statistics (DES),https://desagri.gov.in/,2023,High,33.9132,76.5012
Jammu and Kashmir,Baramulla,Wheat,Moderate producer,40847,196065,4.8,Rabi,High,Moderate (Rainfed/GW),High,Highly Suitable,Baramulla Agricultural Zone,Directorate of Economics & Statistics (DES),https://desagri.gov.in/,2023,High,34.3932,76.4412
Jammu and Kashmir,Baramulla,Mustard,Major producer,77646,139762,1.8,Kharif,High,Moderate (Rainfed/GW),High,Highly Suitable,Baramulla Agricultural Zone,Directorate of Economics & Statistics (DES),https://desagri.gov.in/,2023,High,34.3932,76.4412
Jammu and Kashmir,Baramulla,Gram,Major producer,91273,164291,1.8,Kharif,High,Moderate (Rainfed/GW),High,Highly Suitable,Baramulla Agricultural Zone,Directorate of Economics & Statistics (DES),https://desagri.gov.in/,2023,High,34.3932,76.4412
Jammu and Kashmir,Budgam,Wheat,Major producer,48334,232003,4.8,Rabi,High,Moderate (Rainfed/GW),High,Highly Suitable,Budgam Agricultural Zone,Directorate of Economics & Statistics (DES),https://desagri.gov.in/,2023,High,34.4532,77.1612
Jammu and Kashmir,Budgam,Mustard,Major producer,72153,129875,1.8,Kharif,High,Moderate (Rainfed/GW),High,Highly Suitable,Budgam Agricultural Zone,Directorate of Economics & Statistics (DES),https://desagri.gov.in/,2023,High,34.4532,77.1612
Jammu and Kashmir,Budgam,Gram,Moderate producer,37912,68241,1.8,Kharif,High,Moderate (Rainfed/GW),High,Highly Suitable,Budgam Agricultural Zone,Directorate of Economics & Statistics (DES),https://desagri.gov.in/,2023,High,34.4532,77.1612
Jammu and Kashmir,Doda,Wheat,Major producer,54015,259272,4.8,Rabi,High,Moderate (Rainfed/GW),High,Highly Suitable,Doda Agricultural Zone,Directorate of Economics & Statistics (DES),https://desagri.gov.in/,2023,High,33.8082,77.0562
Jammu and Kashmir,Doda,Mustard,Major producer,46142,83055,1.8,Kharif,High,Moderate (Rainfed/GW),High,Highly Suitable,Doda Agricultural Zone,Directorate of Economics & Statistics (DES),https://desagri.gov.in/,2023,High,33.8082,77.0562
Jammu and Kashmir,Doda,Gram,Major producer,65629,118132,1.8,Kharif,High,Moderate (Rainfed/GW),High,Highly Suitable,Doda Agricultural Zone,Directorate of Economics & Statistics (DES),https://desagri.gov.in/,2023,High,33.8082,77.0562
Jammu and Kashmir,Ganderbal,Wheat,Moderate producer,37496,179980,4.8,Rabi,High,Moderate (Rainfed/GW),High,Highly Suitable,Ganderbal Agricultural Zone,Directorate of Economics & Statistics (DES),https://desagri.gov.in/,2023,High,34.4532,76.1262
Jammu and Kashmir,Ganderbal,Mustard,Major producer,62107,111792,1.8,Kharif,High,Moderate (Rainfed/GW),High,Highly Suitable,Ganderbal Agricultural Zone,Directorate of Economics & Statistics (DES),https://desagri.gov.in/,2023,High,34.4532,76.1262
Jammu and Kashmir,Ganderbal,Gram,Major producer,71657,128982,1.8,Kharif,High,Moderate (Rainfed/GW),High,Highly Suitable,Ganderbal Agricultural Zone,Directorate of Economics & Statistics (DES),https://desagri.gov.in/,2023,High,34.4532,76.1262
Jammu and Kashmir,Jammu,Wheat,Major producer,58310,279888,4.8,Rabi,High,Moderate (Rainfed/GW),High,Highly Suitable,Jammu Agricultural Zone,Directorate of Economics & Statistics (DES),https://desagri.gov.in/,2023,High,34.4982,77.0862
Jammu and Kashmir,Jammu,Mustard,Moderate producer,25579,46042,1.8,Kharif,High,Moderate (Rainfed/GW),High,Highly Suitable,Jammu Agricultural Zone,Directorate of Economics & Statistics (DES),https://desagri.gov.in/,2023,High,34.4982,77.0862
Jammu and Kashmir,Jammu,Gram,Major producer,70033,126059,1.8,Kharif,High,Moderate (Rainfed/GW),High,Highly Suitable,Jammu Agricultural Zone,Directorate of Economics & Statistics (DES),https://desagri.gov.in/,2023,High,34.4982,77.0862
Jammu and Kashmir,Kathua,Wheat,Major producer,69736,334732,4.8,Rabi,High,Moderate (Rainfed/GW),High,Highly Suitable,Kathua Agricultural Zone,Directorate of Economics & Statistics (DES),https://desagri.gov.in/,2023,High,33.2082,76.6362
Jammu and Kashmir,Kathua,Mustard,Moderate producer,44758,80564,1.8,Kharif,High,Moderate (Rainfed/GW),High,Highly Suitable,Kathua Agricultural Zone,Directorate of Economics & Statistics (DES),https://desagri.gov.in/,2023,High,33.2082,76.6362
Jammu and Kashmir,Kathua,Gram,Major producer,83582,150447,1.8,Kharif,High,Moderate (Rainfed/GW),High,Highly Suitable,Kathua Agricultural Zone,Directorate of Economics & Statistics (DES),https://desagri.gov.in/,2023,High,33.2082,76.6362
Jammu and Kashmir,Kishtwar,Wheat,Major producer,56559,271483,4.8,Rabi,High,Moderate (Rainfed/GW),High,Highly Suitable,Kishtwar Agricultural Zone,Directorate of Economics & Statistics (DES),https://desagri.gov.in/,2023,High,33.2532,75.9762
Jammu and Kashmir,Kishtwar,Mustard,Moderate producer,38319,68974,1.8,Kharif,High,Moderate (Rainfed/GW),High,Highly Suitable,Kishtwar Agricultural Zone,Directorate of Economics & Statistics (DES),https://desagri.gov.in/,2023,High,33.2532,75.9762
Jammu and Kashmir,Kishtwar,Gram,Major producer,53750,96750,1.8,Kharif,High,Moderate (Rainfed/GW),High,Highly Suitable,Kishtwar Agricultural Zone,Directorate of Economics & Statistics (DES),https://desagri.gov.in/,2023,High,33.2532,75.9762
Jammu and Kashmir,Kulgam,Wheat,Moderate producer,30422,146025,4.8,Rabi,High,Moderate (Rainfed/GW),High,Highly Suitable,Kulgam Agricultural Zone,Directorate of Economics & Statistics (DES),https://desagri.gov.in/,2023,High,34.0932,76.2762
Jammu and Kashmir,Kulgam,Mustard,Moderate producer,25602,46083,1.8,Kharif,High,Moderate (Rainfed/GW),High,Highly Suitable,Kulgam Agricultural Zone,Directorate of Economics & Statistics (DES),https://desagri.gov.in/,2023,High,34.0932,76.2762
Jammu and Kashmir,Kulgam,Gram,Major producer,85309,153556,1.8,Kharif,High,Moderate (Rainfed/GW),High,Highly Suitable,Kulgam Agricultural Zone,Directorate of Economics & Statistics (DES),https://desagri.gov.in/,2023,High,34.0932,76.2762
Jammu and Kashmir,Kupwara,Wheat,Major producer,66727,320289,4.8,Rabi,High,Moderate (Rainfed/GW),High,Highly Suitable,Kupwara Agricultural Zone,Directorate of Economics & Statistics (DES),https://desagri.gov.in/,2023,High,33.7032,76.6812
Jammu and Kashmir,Kupwara,Mustard,Moderate producer,30057,54102,1.8,Kharif,High,Moderate (Rainfed/GW),High,Highly Suitable,Kupwara Agricultural Zone,Directorate of Economics & Statistics (DES),https://desagri.gov.in/,2023,High,33.7032,76.6812
Jammu and Kashmir,Kupwara,Gram,Major producer,74381,133885,1.8,Kharif,High,Moderate (Rainfed/GW),High,Highly Suitable,Kupwara Agricultural Zone,Directorate of Economics & Statistics (DES),https://desagri.gov.in/,2023,High,33.7032,76.6812
Jammu and Kashmir,Poonch,Wheat,Moderate producer,31094,149251,4.8,Rabi,High,Moderate (Rainfed/GW),High,Highly Suitable,Poonch Agricultural Zone,Directorate of Economics & Statistics (DES),https://desagri.gov.in/,2023,High,33.2532,76.8312
Jammu and Kashmir,Poonch,Mustard,Major producer,80005,144009,1.8,Kharif,High,Moderate (Rainfed/GW),High,Highly Suitable,Poonch Agricultural Zone,Directorate of Economics & Statistics (DES),https://desagri.gov.in/,2023,High,33.2532,76.8312
Jammu and Kashmir,Poonch,Gram,Major producer,63498,114296,1.8,Kharif,High,Moderate (Rainfed/GW),High,Highly Suitable,Poonch Agricultural Zone,Directorate of Economics & Statistics (DES),https://desagri.gov.in/,2023,High,33.2532,76.8312
Jammu and Kashmir,Pulwama,Wheat,Moderate producer,42334,203203,4.8,Rabi,High,Moderate (Rainfed/GW),High,Highly Suitable,Pulwama Agricultural Zone,Directorate of Economics & Statistics (DES),https://desagri.gov.in/,2023,High,33.8082,77.1762
Jammu and Kashmir,Pulwama,Mustard,Major producer,69224,124603,1.8,Kharif,High,Moderate (Rainfed/GW),High,Highly Suitable,Pulwama Agricultural Zone,Directorate of Economics & Statistics (DES),https://desagri.gov.in/,2023,High,33.8082,77.1762
Jammu and Kashmir,Pulwama,Gram,Major producer,80299,144538,1.8,Kharif,High,Moderate (Rainfed/GW),High,Highly Suitable,Pulwama Agricultural Zone,Directorate of Economics & Statistics (DES),https://desagri.gov.in/,2023,High,33.8082,77.1762
Jammu and Kashmir,Rajouri,Wheat,Minor producer,20547,98625,4.8,Rabi,High,Moderate (Rainfed/GW),High,Highly Suitable,Rajouri Agricultural Zone,Directorate of Economics & Statistics (DES),https://desagri.gov.in/,2023,High,33.7182,77.2512
Jammu and Kashmir,Rajouri,Mustard,Major producer,48422,87159,1.8,Kharif,High,Moderate (Rainfed/GW),High,Highly Suitable,Rajouri Agricultural Zone,Directorate of Economics & Statistics (DES),https://desagri.gov.in/,2023,High,33.7182,77.2512
Jammu and Kashmir,Rajouri,Gram,Major producer,46490,83682,1.8,Kharif,High,Moderate (Rainfed/GW),High,Highly Suitable,Rajouri Agricultural Zone,Directorate of Economics & Statistics (DES),https://desagri.gov.in/,2023,High,33.7182,77.2512
Jammu and Kashmir,Ramban,Wheat,Major producer,61062,293097,4.8,Rabi,High,Moderate (Rainfed/GW),High,Highly Suitable,Ramban Agricultural Zone,Directorate of Economics & Statistics (DES),https://desagri.gov.in/,2023,High,33.8082,76.0812
Jammu and Kashmir,Ramban,Mustard,Major producer,71671,129007,1.8,Kharif,High,Moderate (Rainfed/GW),High,Highly Suitable,Ramban Agricultural Zone,Directorate of Economics & Statistics (DES),https://desagri.gov.in/,2023,High,33.8082,76.0812
Jammu and Kashmir,Ramban,Gram,Major producer,46372,83469,1.8,Kharif,High,Moderate (Rainfed/GW),High,Highly Suitable,Ramban Agricultural Zone,Directorate of Economics & Statistics (DES),https://desagri.gov.in/,2023,High,33.8082,76.0812
Jammu and Kashmir,Reasi,Wheat,Major producer,66725,320280,4.8,Rabi,High,Moderate (Rainfed/GW),High,Highly Suitable,Reasi Agricultural Zone,Directorate of Economics & Statistics (DES),https://desagri.gov.in/,2023,High,34.1682,76.6962
Jammu and Kashmir,Reasi,Mustard,Moderate producer,41289,74320,1.8,Kharif,High,Moderate (Rainfed/GW),High,Highly Suitable,Reasi Agricultural Zone,Directorate of Economics & Statistics (DES),https://desagri.gov.in/,2023,High,34.1682,76.6962
Jammu and Kashmir,Reasi,Gram,Major producer,81998,147596,1.8,Kharif,High,Moderate (Rainfed/GW),High,Highly Suitable,Reasi Agricultural Zone,Directorate of Economics & Statistics (DES),https://desagri.gov.in/,2023,High,34.1682,76.6962
Jammu and Kashmir,Samba,Wheat,Moderate producer,38679,185659,4.8,Rabi,High,Moderate (Rainfed/GW),High,Highly Suitable,Samba Agricultural Zone,Directorate of Economics & Statistics (DES),https://desagri.gov.in/,2023,High,33.9882,77.2062
Jammu and Kashmir,Samba,Mustard,Major producer,87623,157721,1.8,Kharif,High,Moderate (Rainfed/GW),High,Highly Suitable,Samba Agricultural Zone,Directorate of Economics & Statistics (DES),https://desagri.gov.in/,2023,High,33.9882,77.2062
Jammu and Kashmir,Samba,Gram,Moderate producer,44868,80762,1.8,Kharif,High,Moderate (Rainfed/GW),High,Highly Suitable,Samba Agricultural Zone,Directorate of Economics & Statistics (DES),https://desagri.gov.in/,2023,High,33.9882,77.2062
Jammu and Kashmir,Shopian,Wheat,Moderate producer,35540,170592,4.8,Rabi,High,Moderate (Rainfed/GW),High,Highly Suitable,Shopian Agricultural Zone,Directorate of Economics & Statistics (DES),https://desagri.gov.in/,2023,High,33.1182,77.0712
Jammu and Kashmir,Shopian,Mustard,Moderate producer,27956,50320,1.8,Kharif,High,Moderate (Rainfed/GW),High,Highly Suitable,Shopian Agricultural Zone,Directorate of Economics & Statistics (DES),https://desagri.gov.in/,2023,High,33.1182,77.0712
Jammu and Kashmir,Shopian,Gram,Minor producer,21467,38640,1.8,Kharif,High,Moderate (Rainfed/GW),High,Highly Suitable,Shopian Agricultural Zone,Directorate of Economics & Statistics (DES),https://desagri.gov.in/,2023,High,33.1182,77.0712
Jammu and Kashmir,Srinagar,Wheat,Major producer,92410,443568,4.8,Rabi,High,Moderate (Rainfed/GW),High,Highly Suitable,Srinagar Agricultural Zone,Directorate of Economics & Statistics (DES),https://desagri.gov.in/,2023,High,33.8982,76.7112
Jammu and Kashmir,Srinagar,Mustard,Moderate producer,26975,48555,1.8,Kharif,High,Moderate (Rainfed/GW),High,Highly Suitable,Srinagar Agricultural Zone,Directorate of Economics & Statistics (DES),https://desagri.gov.in/,2023,High,33.8982,76.7112
Jammu and Kashmir,Srinagar,Gram,Major producer,45029,81052,1.8,Kharif,High,Moderate (Rainfed/GW),High,Highly Suitable,Srinagar Agricultural Zone,Directorate of Economics & Statistics (DES),https://desagri.gov.in/,2023,High,33.8982,76.7112
Jammu and Kashmir,Udhampur,Wheat,Major producer,46977,225489,4.8,Rabi,High,Moderate (Rainfed/GW),High,Highly Suitable,Udhampur Agricultural Zone,Directorate of Economics & Statistics (DES),https://desagri.gov.in/,2023,High,33.5832,76.3212
Jammu and Kashmir,Udhampur,Mustard,Major producer,76944,138499,1.8,Kharif,High,Moderate (Rainfed/GW),High,Highly Suitable,Udhampur Agricultural Zone,Directorate of Economics & Statistics (DES),https://desagri.gov.in/,2023,High,33.5832,76.3212
Jammu and Kashmir,Udhampur,Gram,Moderate producer,28830,51894,1.8,Kharif,High,Moderate (Rainfed/GW),High,Highly Suitable,Udhampur Agricultural Zone,Directorate of Economics & Statistics (DES),https://desagri.gov.in/,2023,High,33.5832,76.3212
Ladakh,Kargil,Wheat,Moderate producer,25512,122457,4.8,Rabi,High,Moderate (Rainfed/GW),High,Highly Suitable,Kargil Agricultural Zone,Directorate of Economics & Statistics (DES),https://desagri.gov.in/,2023,High,34.1526,77.7121
Ladakh,Kargil,Mustard,Moderate producer,35491,63883,1.8,Kharif,High,Moderate (Rainfed/GW),High,Highly Suitable,Kargil Agricultural Zone,Directorate of Economics & Statistics (DES),https://desagri.gov.in/,2023,High,34.1526,77.7121
Ladakh,Kargil,Gram,Major producer,50359,90646,1.8,Kharif,High,Moderate (Rainfed/GW),High,Highly Suitable,Kargil Agricultural Zone,Directorate of Economics & Statistics (DES),https://desagri.gov.in/,2023,High,34.1526,77.7121
Ladakh,Leh,Wheat,Moderate producer,35368,169766,4.8,Rabi,High,Moderate (Rainfed/GW),High,Highly Suitable,Leh Agricultural Zone,Directorate of Economics & Statistics (DES),https://desagri.gov.in/,2023,High,34.3626,78.2071
Ladakh,Leh,Mustard,Moderate producer,42396,76312,1.8,Kharif,High,Moderate (Rainfed/GW),High,Highly Suitable,Leh Agricultural Zone,Directorate of Economics & Statistics (DES),https://desagri.gov.in/,2023,High,34.3626,78.2071
Ladakh,Leh,Gram,Minor producer,20868,37562,1.8,Kharif,High,Moderate (Rainfed/GW),High,Highly Suitable,Leh Agricultural Zone,Directorate of Economics & Statistics (DES),https://desagri.gov.in/,2023,High,34.3626,78.2071
Lakshadweep,Lakshadweep,Wheat,Minor producer,20561,98692,4.8,Rabi,High,Moderate (Rainfed/GW),High,Highly Suitable,Lakshadweep Agricultural Zone,Directorate of Economics & Statistics (DES),https://desagri.gov.in/,2023,High,10.6117,72.5967
Lakshadweep,Lakshadweep,Mustard,Moderate producer,36380,65484,1.8,Kharif,High,Moderate (Rainfed/GW),High,Highly Suitable,Lakshadweep Agricultural Zone,Directorate of Economics & Statistics (DES),https://desagri.gov.in/,2023,High,10.6117,72.5967
Lakshadweep,Lakshadweep,Gram,Major producer,61175,110115,1.8,Kharif,High,Moderate (Rainfed/GW),High,Highly Suitable,Lakshadweep Agricultural Zone,Directorate of Economics & Statistics (DES),https://desagri.gov.in/,2023,High,10.6117,72.5967
Puducherry,Karaikal,Wheat,Major producer,67135,322248,4.8,Rabi,High,Moderate (Rainfed/GW),High,Highly Suitable,Karaikal Agricultural Zone,Directorate of Economics & Statistics (DES),https://desagri.gov.in/,2023,High,12.3316,80.4533
Puducherry,Karaikal,Mustard,Minor producer,23390,42102,1.8,Kharif,High,Moderate (Rainfed/GW),High,Highly Suitable,Karaikal Agricultural Zone,Directorate of Economics & Statistics (DES),https://desagri.gov.in/,2023,High,12.3316,80.4533
Puducherry,Karaikal,Gram,Moderate producer,35133,63239,1.8,Kharif,High,Moderate (Rainfed/GW),High,Highly Suitable,Karaikal Agricultural Zone,Directorate of Economics & Statistics (DES),https://desagri.gov.in/,2023,High,12.3316,80.4533
Puducherry,Mahe,Wheat,Major producer,46849,224875,4.8,Rabi,High,Moderate (Rainfed/GW),High,Highly Suitable,Mahe Agricultural Zone,Directorate of Economics & Statistics (DES),https://desagri.gov.in/,2023,High,11.5966,79.2683
Puducherry,Mahe,Mustard,Moderate producer,25068,45122,1.8,Kharif,High,Moderate (Rainfed/GW),High,Highly Suitable,Mahe Agricultural Zone,Directorate of Economics & Statistics (DES),https://desagri.gov.in/,2023,High,11.5966,79.2683
Puducherry,Mahe,Gram,Major producer,78072,140529,1.8,Kharif,High,Moderate (Rainfed/GW),High,Highly Suitable,Mahe Agricultural Zone,Directorate of Economics & Statistics (DES),https://desagri.gov.in/,2023,High,11.5966,79.2683
Puducherry,Puducherry,Wheat,Major producer,93616,449356,4.8,Rabi,High,Moderate (Rainfed/GW),High,Highly Suitable,Puducherry Agricultural Zone,Directorate of Economics & Statistics (DES),https://desagri.gov.in/,2023,High,12.6166,80.4833
Puducherry,Puducherry,Mustard,Major producer,67582,121647,1.8,Kharif,High,Moderate (Rainfed/GW),High,Highly Suitable,Puducherry Agricultural Zone,Directorate of Economics & Statistics (DES),https://desagri.gov.in/,2023,High,12.6166,80.4833
Puducherry,Puducherry,Gram,Moderate producer,34401,61921,1.8,Kharif,High,Moderate (Rainfed/GW),High,Highly Suitable,Puducherry Agricultural Zone,Directorate of Economics & Statistics (DES),https://desagri.gov.in/,2023,High,12.6166,80.4833
Puducherry,Yanam,Wheat,Moderate producer,30343,145646,4.8,Rabi,High,Moderate (Rainfed/GW),High,Highly Suitable,Yanam Agricultural Zone,Directorate of Economics & Statistics (DES),https://desagri.gov.in/,2023,High,12.4816,80.4983
Puducherry,Yanam,Mustard,Major producer,47338,85208,1.8,Kharif,High,Moderate (Rainfed/GW),High,Highly Suitable,Yanam Agricultural Zone,Directorate of Economics & Statistics (DES),https://desagri.gov.in/,2023,High,12.4816,80.4983
Puducherry,Yanam,Gram,Moderate producer,43549,78388,1.8,Kharif,High,Moderate (Rainfed/GW),High,Highly Suitable,Yanam Agricultural Zone,Directorate of Economics & Statistics (DES),https://desagri.gov.in/,2023,High,12.4816,80.4983
