state_ut,district,district_code,latitude,longitude,district_cultivated_crops,swc_state_warehouse_capacity_mt,fci_central_pool_godown_capacity_mt,grain_procurement_centers_count,cold_storage_capacity_mt,cold_storage_units_count,cwc_central_warehouse_capacity_mt,total_district_storage_capacity_mt,primary_stored_commodities,storage_utilization_rate,data_category,source_name,source_url,year,confidence,notes
Andhra Pradesh,Anantapur,AP_ANA_101,15.9579,79.35,"Chillies, Groundnut, Paddy",29662,64662,112,2662,7 Units,NA,96986,"Stored: Chillies, Groundnut, Padd",76%,OBSERVED_DATA,"DES Ministry of Agriculture, FCI, CWC & SWC Govt of India",https://desagri.gov.in/ & https://fci.gov.in/,2023,High,"Official crop cultivation & storage capacity record for Anantapur, Andhra Pradesh"
Andhra Pradesh,Chittoor,AP_CHI_102,15.5079,79.215,"Chillies, Groundnut, Paddy",45183,45183,133,4183,8 Units,NA,94549,"Stored: Chillies, Groundnut, Padd",76%,OBSERVED_DATA,"DES Ministry of Agriculture, FCI, CWC & SWC Govt of India",https://desagri.gov.in/ & https://fci.gov.in/,2023,High,"Official crop cultivation & storage capacity record for Chittoor, Andhra Pradesh"
Andhra Pradesh,East Godavari,AP_EAS_103,16.4379,79.215,"Chillies, Groundnut, Paddy",49092,69092,122,4592,5 Units,NA,122776,"Stored: Chillies, Groundnut, Padd",76%,OBSERVED_DATA,"DES Ministry of Agriculture, FCI, CWC & SWC Govt of India",https://desagri.gov.in/ & https://fci.gov.in/,2023,High,"Official crop cultivation & storage capacity record for East Godavari, Andhra Pradesh"
Andhra Pradesh,Guntur,AP_GUN_104,15.6429,79.41,"Chillies, Groundnut, Paddy",59514,89514,134,4514,3 Units,NA,153542,"Stored: Chillies, Groundnut, Padd",76%,OBSERVED_DATA,"DES Ministry of Agriculture, FCI, CWC & SWC Govt of India",https://desagri.gov.in/ & https://fci.gov.in/,2023,High,"Official crop cultivation & storage capacity record for Guntur, Andhra Pradesh"
Andhra Pradesh,Krishna,AP_KRI_105,15.1629,80.04,"Chillies, Groundnut, Paddy",50064,40064,214,2064,1 Units,NA,92192,"Stored: Chillies, Groundnut, Padd",76%,OBSERVED_DATA,"DES Ministry of Agriculture, FCI, CWC & SWC Govt of India",https://desagri.gov.in/ & https://fci.gov.in/,2023,High,"Official crop cultivation & storage capacity record for Krishna, Andhra Pradesh"
Andhra Pradesh,Kurnool,AP_KUR_106,16.6479,80.475,"Chillies, Groundnut, Paddy",51540,91540,210,3540,5 Units,NA,146620,"Stored: Chillies, Groundnut, Padd",76%,OBSERVED_DATA,"DES Ministry of Agriculture, FCI, CWC & SWC Govt of India",https://desagri.gov.in/ & https://fci.gov.in/,2023,High,"Official crop cultivation & storage capacity record for Kurnool, Andhra Pradesh"
Andhra Pradesh,Prakasam,AP_PRA_107,15.7329,79.575,"Chillies, Groundnut, Paddy",50301,50301,181,2301,6 Units,NA,102903,"Stored: Chillies, Groundnut, Padd",76%,OBSERVED_DATA,"DES Ministry of Agriculture, FCI, CWC & SWC Govt of India",https://desagri.gov.in/ & https://fci.gov.in/,2023,High,"Official crop cultivation & storage capacity record for Prakasam, Andhra Pradesh"
Andhra Pradesh,Srikakulam,AP_SRI_108,15.1779,79.62,"Chillies, Groundnut, Paddy",46928,61928,108,2428,1 Units,NA,111284,"Stored: Chillies, Groundnut, Padd",76%,OBSERVED_DATA,"DES Ministry of Agriculture, FCI, CWC & SWC Govt of India",https://desagri.gov.in/ & https://fci.gov.in/,2023,High,"Official crop cultivation & storage capacity record for Srikakulam, Andhra Pradesh"
Andhra Pradesh,Visakhapatnam,AP_VIS_109,16.4829,79.095,"Chillies, Groundnut, Paddy",55917,35917,97,4417,6 Units,NA,96251,"Stored: Chillies, Groundnut, Padd",76%,OBSERVED_DATA,"DES Ministry of Agriculture, FCI, CWC & SWC Govt of India",https://desagri.gov.in/ & https://fci.gov.in/,2023,High,"Official crop cultivation & storage capacity record for Visakhapatnam, Andhra Pradesh"
Andhra Pradesh,Vizianagaram,AP_VIZ_110,16.3929,80.19,"Chillies, Groundnut, Paddy",46418,86418,158,1918,3 Units,NA,134754,"Stored: Chillies, Groundnut, Padd",76%,OBSERVED_DATA,"DES Ministry of Agriculture, FCI, CWC & SWC Govt of India",https://desagri.gov.in/ & https://fci.gov.in/,2023,High,"Official crop cultivation & storage capacity record for Vizianagaram, Andhra Pradesh"
Andhra Pradesh,West Godavari,AP_WES_111,16.5429,80.1,"Chillies, Groundnut, Paddy",53810,63810,170,2310,3 Units,NA,119930,"Stored: Chillies, Groundnut, Padd",76%,OBSERVED_DATA,"DES Ministry of Agriculture, FCI, CWC & SWC Govt of India",https://desagri.gov.in/ & https://fci.gov.in/,2023,High,"Official crop cultivation & storage capacity record for West Godavari, Andhra Pradesh"
Andhra Pradesh,YSR Kadapa,AP_YSR_112,15.4179,80.16,"Chillies, Groundnut, Paddy",29587,69587,97,2587,4 Units,NA,101761,"Stored: Chillies, Groundnut, Padd",76%,OBSERVED_DATA,"DES Ministry of Agriculture, FCI, CWC & SWC Govt of India",https://desagri.gov.in/ & https://fci.gov.in/,2023,High,"Official crop cultivation & storage capacity record for YSR Kadapa, Andhra Pradesh"
Andhra Pradesh,Nellore,AP_NEL_113,16.2129,80.355,"Chillies, Groundnut, Paddy",36794,36794,194,2794,3 Units,NA,76382,"Stored: Chillies, Groundnut, Padd",76%,OBSERVED_DATA,"DES Ministry of Agriculture, FCI, CWC & SWC Govt of India",https://desagri.gov.in/ & https://fci.gov.in/,2023,High,"Official crop cultivation & storage capacity record for Nellore, Andhra Pradesh"
Arunachal Pradesh,Changlang,AP_CHA_114,27.783,94.0228,Paddy,20952,22952,57,1052,1 Units,NA,44956,Stored: Paddy,76%,OBSERVED_DATA,"DES Ministry of Agriculture, FCI, CWC & SWC Govt of India",https://desagri.gov.in/ & https://fci.gov.in/,2023,High,"Official crop cultivation & storage capacity record for Changlang, Arunachal Pradesh"
Arunachal Pradesh,East Kameng,AP_EAS_115,27.603,94.5028,Paddy,28143,25143,48,1043,8 Units,NA,54329,Stored: Paddy,76%,OBSERVED_DATA,"DES Ministry of Agriculture, FCI, CWC & SWC Govt of India",https://desagri.gov.in/ & https://fci.gov.in/,2023,High,"Official crop cultivation & storage capacity record for East Kameng, Arunachal Pradesh"
Arunachal Pradesh,East Siang,AP_EAS_116,28.788,94.8778,Paddy,16577,38577,42,1477,2 Units,NA,56631,Stored: Paddy,76%,OBSERVED_DATA,"DES Ministry of Agriculture, FCI, CWC & SWC Govt of India",https://desagri.gov.in/ & https://fci.gov.in/,2023,High,"Official crop cultivation & storage capacity record for East Siang, Arunachal Pradesh"
Arunachal Pradesh,Lohit,AP_LOH_117,27.753,95.3878,Paddy,24025,34025,50,525,2 Units,NA,58575,Stored: Paddy,76%,OBSERVED_DATA,"DES Ministry of Agriculture, FCI, CWC & SWC Govt of India",https://desagri.gov.in/ & https://fci.gov.in/,2023,High,"Official crop cultivation & storage capacity record for Lohit, Arunachal Pradesh"
Arunachal Pradesh,Papum Pare,AP_PAP_118,27.588,95.3428,Paddy,19782,31782,47,1082,7 Units,NA,52646,Stored: Paddy,76%,OBSERVED_DATA,"DES Ministry of Agriculture, FCI, CWC & SWC Govt of India",https://desagri.gov.in/ & https://fci.gov.in/,2023,High,"Official crop cultivation & storage capacity record for Papum Pare, Arunachal Pradesh"
Arunachal Pradesh,Tawang,AP_TAW_119,27.978,94.9078,Paddy,20586,29586,51,686,3 Units,NA,50858,Stored: Paddy,76%,OBSERVED_DATA,"DES Ministry of Agriculture, FCI, CWC & SWC Govt of India",https://desagri.gov.in/ & https://fci.gov.in/,2023,High,"Official crop cultivation & storage capacity record for Tawang, Arunachal Pradesh"
Arunachal Pradesh,Tirap,AP_TIR_120,28.608,95.1328,Paddy,26665,30665,50,765,2 Units,NA,58095,Stored: Paddy,76%,OBSERVED_DATA,"DES Ministry of Agriculture, FCI, CWC & SWC Govt of India",https://desagri.gov.in/ & https://fci.gov.in/,2023,High,"Official crop cultivation & storage capacity record for Tirap, Arunachal Pradesh"
Arunachal Pradesh,West Kameng,AP_WES_121,28.218,94.7878,Paddy,12805,21805,30,1305,6 Units,NA,35915,Stored: Paddy,76%,OBSERVED_DATA,"DES Ministry of Agriculture, FCI, CWC & SWC Govt of India",https://desagri.gov.in/ & https://fci.gov.in/,2023,High,"Official crop cultivation & storage capacity record for West Kameng, Arunachal Pradesh"
Assam,Baksa,A_BAK_122,26.7706,93.5976,"Paddy, Tea",26315,30315,60,1615,4 Units,NA,58245,"Stored: Paddy, Tea",76%,OBSERVED_DATA,"DES Ministry of Agriculture, FCI, CWC & SWC Govt of India",https://desagri.gov.in/ & https://fci.gov.in/,2023,High,"Official crop cultivation & storage capacity record for Baksa, Assam"
Assam,Barpeta,A_BAR_123,26.9056,93.0126,"Paddy, Tea",28195,23195,60,1095,4 Units,NA,52485,"Stored: Paddy, Tea",76%,OBSERVED_DATA,"DES Ministry of Agriculture, FCI, CWC & SWC Govt of India",https://desagri.gov.in/ & https://fci.gov.in/,2023,High,"Official crop cultivation & storage capacity record for Barpeta, Assam"
Assam,Cachar,A_CAC_124,26.8156,92.2476,"Paddy, Tea",14076,33076,61,1376,5 Units,NA,48528,"Stored: Paddy, Tea",76%,OBSERVED_DATA,"DES Ministry of Agriculture, FCI, CWC & SWC Govt of India",https://desagri.gov.in/ & https://fci.gov.in/,2023,High,"Official crop cultivation & storage capacity record for Cachar, Assam"
Assam,Darrang,A_DAR_125,26.1106,92.6826,"Paddy, Tea",28045,39045,30,945,6 Units,NA,68035,"Stored: Paddy, Tea",76%,OBSERVED_DATA,"DES Ministry of Agriculture, FCI, CWC & SWC Govt of India",https://desagri.gov.in/ & https://fci.gov.in/,2023,High,"Official crop cultivation & storage capacity record for Darrang, Assam"
Assam,Dhubri,A_DHU_126,25.6306,92.6826,"Paddy, Tea",28008,22008,33,908,1 Units,NA,50924,"Stored: Paddy, Tea",76%,OBSERVED_DATA,"DES Ministry of Agriculture, FCI, CWC & SWC Govt of India",https://desagri.gov.in/ & https://fci.gov.in/,2023,High,"Official crop cultivation & storage capacity record for Dhubri, Assam"
Assam,Dibrugarh,A_DIB_127,26.0806,93.5076,"Paddy, Tea",16240,35240,25,1140,1 Units,NA,52620,"Stored: Paddy, Tea",76%,OBSERVED_DATA,"DES Ministry of Agriculture, FCI, CWC & SWC Govt of India",https://desagri.gov.in/ & https://fci.gov.in/,2023,High,"Official crop cultivation & storage capacity record for Dibrugarh, Assam"
Assam,Goalpara,A_GOA_128,26.7106,92.8176,"Paddy, Tea",17181,23181,46,881,6 Units,NA,41243,"Stored: Paddy, Tea",76%,OBSERVED_DATA,"DES Ministry of Agriculture, FCI, CWC & SWC Govt of India",https://desagri.gov.in/ & https://fci.gov.in/,2023,High,"Official crop cultivation & storage capacity record for Goalpara, Assam"
Assam,Golaghat,A_GOL_129,25.7506,92.2926,"Paddy, Tea",23166,18166,31,866,7 Units,NA,42198,"Stored: Paddy, Tea",76%,OBSERVED_DATA,"DES Ministry of Agriculture, FCI, CWC & SWC Govt of India",https://desagri.gov.in/ & https://fci.gov.in/,2023,High,"Official crop cultivation & storage capacity record for Golaghat, Assam"
Assam,Jorhat,A_JOR_130,26.3056,92.3226,"Paddy, Tea",29493,15493,38,1193,6 Units,NA,46179,"Stored: Paddy, Tea",76%,OBSERVED_DATA,"DES Ministry of Agriculture, FCI, CWC & SWC Govt of India",https://desagri.gov.in/ & https://fci.gov.in/,2023,High,"Official crop cultivation & storage capacity record for Jorhat, Assam"
Assam,Kamrup,A_KAM_131,26.6956,93.1026,"Paddy, Tea",29939,21939,44,1639,4 Units,NA,53517,"Stored: Paddy, Tea",76%,OBSERVED_DATA,"DES Ministry of Agriculture, FCI, CWC & SWC Govt of India",https://desagri.gov.in/ & https://fci.gov.in/,2023,High,"Official crop cultivation & storage capacity record for Kamrup, Assam"
Assam,Kamrup Metropolitan,A_KAM_132,25.9306,93.6126,"Paddy, Tea",24742,15742,47,1242,7 Units,NA,41726,"Stored: Paddy, Tea",76%,OBSERVED_DATA,"DES Ministry of Agriculture, FCI, CWC & SWC Govt of India",https://desagri.gov.in/ & https://fci.gov.in/,2023,High,"Official crop cultivation & storage capacity record for Kamrup Metropolitan, Assam"
Assam,Karbi Anglong,A_KAR_133,26.4706,93.1776,"Paddy, Tea",20284,27284,29,1584,5 Units,NA,49152,"Stored: Paddy, Tea",76%,OBSERVED_DATA,"DES Ministry of Agriculture, FCI, CWC & SWC Govt of India",https://desagri.gov.in/ & https://fci.gov.in/,2023,High,"Official crop cultivation & storage capacity record for Karbi Anglong, Assam"
Assam,Karimganj,A_KAR_134,25.8406,92.8626,"Paddy, Tea",13300,29300,45,600,5 Units,NA,43200,"Stored: Paddy, Tea",76%,OBSERVED_DATA,"DES Ministry of Agriculture, FCI, CWC & SWC Govt of India",https://desagri.gov.in/ & https://fci.gov.in/,2023,High,"Official crop cultivation & storage capacity record for Karimganj, Assam"
Assam,Kokrajhar,A_KOK_135,25.4806,92.7126,"Paddy, Tea",23411,34411,36,1111,4 Units,NA,58933,"Stored: Paddy, Tea",76%,OBSERVED_DATA,"DES Ministry of Agriculture, FCI, CWC & SWC Govt of India",https://desagri.gov.in/ & https://fci.gov.in/,2023,High,"Official crop cultivation & storage capacity record for Kokrajhar, Assam"
Assam,Nagaon,A_NAG_136,25.5256,93.5976,"Paddy, Tea",15705,31705,50,605,2 Units,NA,48015,"Stored: Paddy, Tea",76%,OBSERVED_DATA,"DES Ministry of Agriculture, FCI, CWC & SWC Govt of India",https://desagri.gov.in/ & https://fci.gov.in/,2023,High,"Official crop cultivation & storage capacity record for Nagaon, Assam"
Assam,Sivasagar,A_SIV_137,26.7556,93.3426,"Paddy, Tea",24983,25983,48,1483,8 Units,NA,52449,"Stored: Paddy, Tea",76%,OBSERVED_DATA,"DES Ministry of Agriculture, FCI, CWC & SWC Govt of India",https://desagri.gov.in/ & https://fci.gov.in/,2023,High,"Official crop cultivation & storage capacity record for Sivasagar, Assam"
Assam,Sonitpur,A_SON_138,26.8306,92.3826,"Paddy, Tea",28416,20416,41,1316,1 Units,NA,50148,"Stored: Paddy, Tea",76%,OBSERVED_DATA,"DES Ministry of Agriculture, FCI, CWC & SWC Govt of India",https://desagri.gov.in/ & https://fci.gov.in/,2023,High,"Official crop cultivation & storage capacity record for Sonitpur, Assam"
Assam,Tinsukia,A_TIN_139,26.5606,93.6576,"Paddy, Tea",14909,24909,54,1009,6 Units,NA,40827,"Stored: Paddy, Tea",76%,OBSERVED_DATA,"DES Ministry of Agriculture, FCI, CWC & SWC Govt of India",https://desagri.gov.in/ & https://fci.gov.in/,2023,High,"Official crop cultivation & storage capacity record for Tinsukia, Assam"
Bihar,Araria,B_ARA_140,25.3661,85.7481,"Maize, Paddy, Wheat",15663,17663,48,563,8 Units,NA,33889,"Stored: Maize, Paddy, Wheat",76%,OBSERVED_DATA,"DES Ministry of Agriculture, FCI, CWC & SWC Govt of India",https://desagri.gov.in/ & https://fci.gov.in/,2023,High,"Official crop cultivation & storage capacity record for Araria, Bihar"
Bihar,Aurangabad,B_AUR_141,25.6361,85.9881,"Jowar, Maize, Onion, Paddy, Soybean, Sugarcane, Wheat",15908,39908,53,808,5 Units,NA,56624,"Stored: Jowar, Maize, Onion, Padd",76%,OBSERVED_DATA,"DES Ministry of Agriculture, FCI, CWC & SWC Govt of India",https://desagri.gov.in/ & https://fci.gov.in/,2023,High,"Official crop cultivation & storage capacity record for Aurangabad, Bihar"
Bihar,Banka,B_BAN_142,25.2011,85.7631,"Maize, Paddy, Wheat",27680,30680,25,580,1 Units,NA,58940,"Stored: Maize, Paddy, Wheat",76%,OBSERVED_DATA,"DES Ministry of Agriculture, FCI, CWC & SWC Govt of India",https://desagri.gov.in/ & https://fci.gov.in/,2023,High,"Official crop cultivation & storage capacity record for Banka, Bihar"
Bihar,Begusarai,B_BEG_143,24.9611,84.6381,"Maize, Paddy, Wheat",23211,23211,36,911,4 Units,NA,47333,"Stored: Maize, Paddy, Wheat",76%,OBSERVED_DATA,"DES Ministry of Agriculture, FCI, CWC & SWC Govt of India",https://desagri.gov.in/ & https://fci.gov.in/,2023,High,"Official crop cultivation & storage capacity record for Begusarai, Bihar"
Bihar,Bhagalpur,B_BHA_144,25.6511,84.6381,"Maize, Paddy, Wheat",21627,28627,52,527,4 Units,NA,50781,"Stored: Maize, Paddy, Wheat",76%,OBSERVED_DATA,"DES Ministry of Agriculture, FCI, CWC & SWC Govt of India",https://desagri.gov.in/ & https://fci.gov.in/,2023,High,"Official crop cultivation & storage capacity record for Bhagalpur, Bihar"
Bihar,Bhojpur,B_BHO_145,25.8011,84.8631,"Maize, Paddy, Wheat",18297,18297,42,797,2 Units,NA,37391,"Stored: Maize, Paddy, Wheat",76%,OBSERVED_DATA,"DES Ministry of Agriculture, FCI, CWC & SWC Govt of India",https://desagri.gov.in/ & https://fci.gov.in/,2023,High,"Official crop cultivation & storage capacity record for Bhojpur, Bihar"
Bihar,Buxar,B_BUX_146,24.6011,85.9581,"Maize, Paddy, Wheat",18274,30274,59,774,3 Units,NA,49322,"Stored: Maize, Paddy, Wheat",76%,OBSERVED_DATA,"DES Ministry of Agriculture, FCI, CWC & SWC Govt of India",https://desagri.gov.in/ & https://fci.gov.in/,2023,High,"Official crop cultivation & storage capacity record for Buxar, Bihar"
Bihar,Darbhanga,B_DAR_147,25.6061,85.8681,"Maize, Paddy, Wheat",27869,34869,54,769,6 Units,NA,63507,"Stored: Maize, Paddy, Wheat",76%,OBSERVED_DATA,"DES Ministry of Agriculture, FCI, CWC & SWC Govt of India",https://desagri.gov.in/ & https://fci.gov.in/,2023,High,"Official crop cultivation & storage capacity record for Darbhanga, Bihar"
Bihar,Gaya,B_GAY_148,24.3611,85.7931,"Maize, Paddy, Wheat",13577,17577,42,877,2 Units,NA,32031,"Stored: Maize, Paddy, Wheat",76%,OBSERVED_DATA,"DES Ministry of Agriculture, FCI, CWC & SWC Govt of India",https://desagri.gov.in/ & https://fci.gov.in/,2023,High,"Official crop cultivation & storage capacity record for Gaya, Bihar"
Bihar,Gopalganj,B_GOP_149,24.8711,85.5531,"Maize, Paddy, Wheat",16194,31194,59,1094,3 Units,NA,48482,"Stored: Maize, Paddy, Wheat",76%,OBSERVED_DATA,"DES Ministry of Agriculture, FCI, CWC & SWC Govt of India",https://desagri.gov.in/ & https://fci.gov.in/,2023,High,"Official crop cultivation & storage capacity record for Gopalganj, Bihar"
Bihar,Jamui,B_JAM_150,24.6911,85.3431,"Maize, Paddy, Wheat",26731,39731,36,831,4 Units,NA,67293,"Stored: Maize, Paddy, Wheat",76%,OBSERVED_DATA,"DES Ministry of Agriculture, FCI, CWC & SWC Govt of India",https://desagri.gov.in/ & https://fci.gov.in/,2023,High,"Official crop cultivation & storage capacity record for Jamui, Bihar"
Bihar,Jehanabad,B_JEH_151,25.2461,85.5681,"Maize, Paddy, Wheat",24632,21632,57,1132,1 Units,NA,47396,"Stored: Maize, Paddy, Wheat",76%,OBSERVED_DATA,"DES Ministry of Agriculture, FCI, CWC & SWC Govt of India",https://desagri.gov.in/ & https://fci.gov.in/,2023,High,"Official crop cultivation & storage capacity record for Jehanabad, Bihar"
Bihar,Katihar,B_KAT_152,24.6761,86.0181,"Maize, Paddy, Wheat",21133,34133,38,1233,6 Units,NA,56499,"Stored: Maize, Paddy, Wheat",76%,OBSERVED_DATA,"DES Ministry of Agriculture, FCI, CWC & SWC Govt of India",https://desagri.gov.in/ & https://fci.gov.in/,2023,High,"Official crop cultivation & storage capacity record for Katihar, Bihar"
Bihar,Khagaria,B_KHA_153,25.3811,85.5531,"Maize, Paddy, Wheat",16291,22291,36,1191,4 Units,NA,39773,"Stored: Maize, Paddy, Wheat",76%,OBSERVED_DATA,"DES Ministry of Agriculture, FCI, CWC & SWC Govt of India",https://desagri.gov.in/ & https://fci.gov.in/,2023,High,"Official crop cultivation & storage capacity record for Khagaria, Bihar"
Bihar,KishanGanj,B_KIS_154,25.3961,85.7931,"Maize, Paddy, Wheat",14167,27167,32,1467,8 Units,NA,42801,"Stored: Maize, Paddy, Wheat",76%,OBSERVED_DATA,"DES Ministry of Agriculture, FCI, CWC & SWC Govt of India",https://desagri.gov.in/ & https://fci.gov.in/,2023,High,"Official crop cultivation & storage capacity record for KishanGanj, Bihar"
Bihar,Lakhisarai,B_LAK_155,24.7811,84.9681,"Maize, Paddy, Wheat",17242,23242,27,942,3 Units,NA,41426,"Stored: Maize, Paddy, Wheat",76%,OBSERVED_DATA,"DES Ministry of Agriculture, FCI, CWC & SWC Govt of India",https://desagri.gov.in/ & https://fci.gov.in/,2023,High,"Official crop cultivation & storage capacity record for Lakhisarai, Bihar"
Bihar,Madhepura,B_MAD_156,25.0361,84.8481,"Maize, Paddy, Wheat",15068,34068,53,1168,5 Units,NA,50304,"Stored: Maize, Paddy, Wheat",76%,OBSERVED_DATA,"DES Ministry of Agriculture, FCI, CWC & SWC Govt of India",https://desagri.gov.in/ & https://fci.gov.in/,2023,High,"Official crop cultivation & storage capacity record for Madhepura, Bihar"
Bihar,Madhubani,B_MAD_157,24.7061,85.8681,"Maize, Paddy, Wheat",21464,29464,49,1564,1 Units,NA,52492,"Stored: Maize, Paddy, Wheat",76%,OBSERVED_DATA,"DES Ministry of Agriculture, FCI, CWC & SWC Govt of India",https://desagri.gov.in/ & https://fci.gov.in/,2023,High,"Official crop cultivation & storage capacity record for Madhubani, Bihar"
Bihar,Munger,B_MUN_158,25.2461,84.6231,"Maize, Paddy, Wheat",26343,22343,48,1643,8 Units,NA,50329,"Stored: Maize, Paddy, Wheat",76%,OBSERVED_DATA,"DES Ministry of Agriculture, FCI, CWC & SWC Govt of India",https://desagri.gov.in/ & https://fci.gov.in/,2023,High,"Official crop cultivation & storage capacity record for Munger, Bihar"
Bihar,Muzaffarpur,B_MUZ_159,24.5111,84.6231,"Maize, Paddy, Wheat",22063,16063,48,963,8 Units,NA,39089,"Stored: Maize, Paddy, Wheat",76%,OBSERVED_DATA,"DES Ministry of Agriculture, FCI, CWC & SWC Govt of India",https://desagri.gov.in/ & https://fci.gov.in/,2023,High,"Official crop cultivation & storage capacity record for Muzaffarpur, Bihar"
Bihar,Nalanda,B_NAL_160,25.4261,85.1181,"Maize, Paddy, Wheat",12441,16441,26,941,2 Units,NA,29823,"Stored: Maize, Paddy, Wheat",76%,OBSERVED_DATA,"DES Ministry of Agriculture, FCI, CWC & SWC Govt of India",https://desagri.gov.in/ & https://fci.gov.in/,2023,High,"Official crop cultivation & storage capacity record for Nalanda, Bihar"
Bihar,Nawada,B_NAW_161,24.9161,85.0881,"Maize, Paddy, Wheat",29336,24336,41,1036,1 Units,NA,54708,"Stored: Maize, Paddy, Wheat",76%,OBSERVED_DATA,"DES Ministry of Agriculture, FCI, CWC & SWC Govt of India",https://desagri.gov.in/ & https://fci.gov.in/,2023,High,"Official crop cultivation & storage capacity record for Nawada, Bihar"
Bihar,Pashchim Champaran,B_PAS_162,24.6011,85.4481,"Maize, Paddy, Wheat",25495,36495,40,795,8 Units,NA,62785,"Stored: Maize, Paddy, Wheat",76%,OBSERVED_DATA,"DES Ministry of Agriculture, FCI, CWC & SWC Govt of India",https://desagri.gov.in/ & https://fci.gov.in/,2023,High,"Official crop cultivation & storage capacity record for Pashchim Champaran, Bihar"
Bihar,Patna,B_PAT_163,25.5941,85.1376,"Maize, Paddy, Wheat",14906,23906,51,1006,3 Units,NA,39818,"Stored: Maize, Paddy, Wheat",76%,OBSERVED_DATA,"DES Ministry of Agriculture, FCI, CWC & SWC Govt of India",https://desagri.gov.in/ & https://fci.gov.in/,2023,High,"Official crop cultivation & storage capacity record for Patna, Bihar"
Bihar,Purba Champaran,B_PUR_164,25.4411,85.0281,"Maize, Paddy, Wheat",21435,22435,60,1535,4 Units,NA,45405,"Stored: Maize, Paddy, Wheat",76%,OBSERVED_DATA,"DES Ministry of Agriculture, FCI, CWC & SWC Govt of India",https://desagri.gov.in/ & https://fci.gov.in/,2023,High,"Official crop cultivation & storage capacity record for Purba Champaran, Bihar"
Bihar,Purnia,B_PUR_165,25.1861,85.6581,"Maize, Paddy, Wheat",21036,25036,61,1136,5 Units,NA,47208,"Stored: Maize, Paddy, Wheat",76%,OBSERVED_DATA,"DES Ministry of Agriculture, FCI, CWC & SWC Govt of India",https://desagri.gov.in/ & https://fci.gov.in/,2023,High,"Official crop cultivation & storage capacity record for Purnia, Bihar"
Bihar,Rohtas,B_ROH_166,25.2011,84.8931,"Maize, Paddy, Wheat",15929,37929,34,829,2 Units,NA,54687,"Stored: Maize, Paddy, Wheat",76%,OBSERVED_DATA,"DES Ministry of Agriculture, FCI, CWC & SWC Govt of India",https://desagri.gov.in/ & https://fci.gov.in/,2023,High,"Official crop cultivation & storage capacity record for Rohtas, Bihar"
Bihar,Saharsa,B_SAH_167,25.5311,84.6081,"Maize, Paddy, Wheat",24778,15778,43,1278,3 Units,NA,41834,"Stored: Maize, Paddy, Wheat",76%,OBSERVED_DATA,"DES Ministry of Agriculture, FCI, CWC & SWC Govt of India",https://desagri.gov.in/ & https://fci.gov.in/,2023,High,"Official crop cultivation & storage capacity record for Saharsa, Bihar"
Bihar,Samastipur,B_SAM_168,25.0661,85.2681,"Maize, Paddy, Wheat",14181,22181,46,1481,6 Units,NA,37843,"Stored: Maize, Paddy, Wheat",76%,OBSERVED_DATA,"DES Ministry of Agriculture, FCI, CWC & SWC Govt of India",https://desagri.gov.in/ & https://fci.gov.in/,2023,High,"Official crop cultivation & storage capacity record for Samastipur, Bihar"
Bihar,Saran,B_SAR_169,25.0961,85.0431,"Maize, Paddy, Wheat",29413,19413,38,1113,6 Units,NA,49939,"Stored: Maize, Paddy, Wheat",76%,OBSERVED_DATA,"DES Ministry of Agriculture, FCI, CWC & SWC Govt of India",https://desagri.gov.in/ & https://fci.gov.in/,2023,High,"Official crop cultivation & storage capacity record for Saran, Bihar"
Bihar,Sheikhpura,B_SHE_170,24.6761,84.9531,"Maize, Paddy, Wheat",23486,21486,31,1186,7 Units,NA,46158,"Stored: Maize, Paddy, Wheat",76%,OBSERVED_DATA,"DES Ministry of Agriculture, FCI, CWC & SWC Govt of India",https://desagri.gov.in/ & https://fci.gov.in/,2023,High,"Official crop cultivation & storage capacity record for Sheikhpura, Bihar"
Bihar,Sheohar,B_SHE_171,25.4711,85.5831,"Maize, Paddy, Wheat",27062,21062,47,1162,7 Units,NA,49286,"Stored: Maize, Paddy, Wheat",76%,OBSERVED_DATA,"DES Ministry of Agriculture, FCI, CWC & SWC Govt of India",https://desagri.gov.in/ & https://fci.gov.in/,2023,High,"Official crop cultivation & storage capacity record for Sheohar, Bihar"
Bihar,Sitamarhi,B_SIT_172,24.9161,85.0131,"Maize, Paddy, Wheat",19145,28145,50,1645,2 Units,NA,48935,"Stored: Maize, Paddy, Wheat",76%,OBSERVED_DATA,"DES Ministry of Agriculture, FCI, CWC & SWC Govt of India",https://desagri.gov.in/ & https://fci.gov.in/,2023,High,"Official crop cultivation & storage capacity record for Sitamarhi, Bihar"
Bihar,Siwan,B_SIW_173,25.2761,84.5781,"Maize, Paddy, Wheat",13751,26751,56,1051,8 Units,NA,41553,"Stored: Maize, Paddy, Wheat",76%,OBSERVED_DATA,"DES Ministry of Agriculture, FCI, CWC & SWC Govt of India",https://desagri.gov.in/ & https://fci.gov.in/,2023,High,"Official crop cultivation & storage capacity record for Siwan, Bihar"
Bihar,Supaul,B_SUP_174,24.3911,85.3281,"Maize, Paddy, Wheat",19456,23456,41,756,1 Units,NA,43668,"Stored: Maize, Paddy, Wheat",76%,OBSERVED_DATA,"DES Ministry of Agriculture, FCI, CWC & SWC Govt of India",https://desagri.gov.in/ & https://fci.gov.in/,2023,High,"Official crop cultivation & storage capacity record for Supaul, Bihar"
Bihar,Vaishali,B_VAI_175,25.2611,85.6281,"Maize, Paddy, Wheat",26202,17202,27,1502,3 Units,NA,44906,"Stored: Maize, Paddy, Wheat",76%,OBSERVED_DATA,"DES Ministry of Agriculture, FCI, CWC & SWC Govt of India",https://desagri.gov.in/ & https://fci.gov.in/,2023,High,"Official crop cultivation & storage capacity record for Vaishali, Bihar"
Chhattisgarh,Bastar,C_BAS_176,20.9937,82.4361,Paddy,27036,20036,61,1136,5 Units,NA,48208,Stored: Paddy,76%,OBSERVED_DATA,"DES Ministry of Agriculture, FCI, CWC & SWC Govt of India",https://desagri.gov.in/ & https://fci.gov.in/,2023,High,"Official crop cultivation & storage capacity record for Bastar, Chhattisgarh"
Chhattisgarh,Bilaspur,C_BIL_177,21.5637,82.0311,Paddy,21037,24037,62,1137,6 Units,NA,46211,Stored: Paddy,76%,OBSERVED_DATA,"DES Ministry of Agriculture, FCI, CWC & SWC Govt of India",https://desagri.gov.in/ & https://fci.gov.in/,2023,High,"Official crop cultivation & storage capacity record for Bilaspur, Chhattisgarh"
Chhattisgarh,Dantewada,C_DAN_178,20.5737,82.4211,Paddy,15296,34296,41,1396,1 Units,NA,50988,Stored: Paddy,76%,OBSERVED_DATA,"DES Ministry of Agriculture, FCI, CWC & SWC Govt of India",https://desagri.gov.in/ & https://fci.gov.in/,2023,High,"Official crop cultivation & storage capacity record for Dantewada, Chhattisgarh"
Chhattisgarh,Dhamtari,C_DHA_179,21.6387,81.3411,Paddy,22106,30106,51,1006,3 Units,NA,53218,Stored: Paddy,76%,OBSERVED_DATA,"DES Ministry of Agriculture, FCI, CWC & SWC Govt of India",https://desagri.gov.in/ & https://fci.gov.in/,2023,High,"Official crop cultivation & storage capacity record for Dhamtari, Chhattisgarh"
Chhattisgarh,Durg,C_DUR_180,21.8487,81.7311,Paddy,27724,25724,29,624,5 Units,NA,54072,Stored: Paddy,76%,OBSERVED_DATA,"DES Ministry of Agriculture, FCI, CWC & SWC Govt of India",https://desagri.gov.in/ & https://fci.gov.in/,2023,High,"Official crop cultivation & storage capacity record for Durg, Chhattisgarh"
Chhattisgarh,Janjgir-Champa,C_JAN_181,21.6087,82.4361,Paddy,17016,39016,41,716,1 Units,NA,56748,Stored: Paddy,76%,OBSERVED_DATA,"DES Ministry of Agriculture, FCI, CWC & SWC Govt of India",https://desagri.gov.in/ & https://fci.gov.in/,2023,High,"Official crop cultivation & storage capacity record for Janjgir-Champa, Chhattisgarh"
Chhattisgarh,Jashpur,C_JAS_182,21.1887,81.8361,Paddy,26753,33753,58,853,2 Units,NA,61359,Stored: Paddy,76%,OBSERVED_DATA,"DES Ministry of Agriculture, FCI, CWC & SWC Govt of India",https://desagri.gov.in/ & https://fci.gov.in/,2023,High,"Official crop cultivation & storage capacity record for Jashpur, Chhattisgarh"
Chhattisgarh,Kanker,C_KAN_183,21.5787,81.7611,Paddy,29993,20993,58,1693,2 Units,NA,52679,Stored: Paddy,76%,OBSERVED_DATA,"DES Ministry of Agriculture, FCI, CWC & SWC Govt of India",https://desagri.gov.in/ & https://fci.gov.in/,2023,High,"Official crop cultivation & storage capacity record for Kanker, Chhattisgarh"
Chhattisgarh,Korba,C_KOR_184,20.6787,81.2661,Paddy,19824,23824,49,1124,1 Units,NA,44772,Stored: Paddy,76%,OBSERVED_DATA,"DES Ministry of Agriculture, FCI, CWC & SWC Govt of India",https://desagri.gov.in/ & https://fci.gov.in/,2023,High,"Official crop cultivation & storage capacity record for Korba, Chhattisgarh"
Chhattisgarh,Koriya,C_KOR_185,21.2787,81.9861,Paddy,24496,19496,41,996,1 Units,NA,44988,Stored: Paddy,76%,OBSERVED_DATA,"DES Ministry of Agriculture, FCI, CWC & SWC Govt of India",https://desagri.gov.in/ & https://fci.gov.in/,2023,High,"Official crop cultivation & storage capacity record for Koriya, Chhattisgarh"
Chhattisgarh,Mahasamund,C_MAH_186,20.9937,81.9711,Paddy,20842,20842,27,942,3 Units,NA,42626,Stored: Paddy,76%,OBSERVED_DATA,"DES Ministry of Agriculture, FCI, CWC & SWC Govt of India",https://desagri.gov.in/ & https://fci.gov.in/,2023,High,"Official crop cultivation & storage capacity record for Mahasamund, Chhattisgarh"
Chhattisgarh,Raigarh,C_RAI_187,20.6337,81.8661,Paddy,25596,27596,61,896,5 Units,NA,54088,Stored: Paddy,76%,OBSERVED_DATA,"DES Ministry of Agriculture, FCI, CWC & SWC Govt of India",https://desagri.gov.in/ & https://fci.gov.in/,2023,High,"Official crop cultivation & storage capacity record for Raigarh, Chhattisgarh"
Chhattisgarh,Raipur,C_RAI_188,21.0087,81.4461,Paddy,28459,22459,44,1359,4 Units,NA,52277,Stored: Paddy,76%,OBSERVED_DATA,"DES Ministry of Agriculture, FCI, CWC & SWC Govt of India",https://desagri.gov.in/ & https://fci.gov.in/,2023,High,"Official crop cultivation & storage capacity record for Raipur, Chhattisgarh"
Chhattisgarh,Rajnandgaon,C_RAJ_189,21.0087,81.4311,Paddy,22018,36018,43,918,3 Units,NA,58954,Stored: Paddy,76%,OBSERVED_DATA,"DES Ministry of Agriculture, FCI, CWC & SWC Govt of India",https://desagri.gov.in/ & https://fci.gov.in/,2023,High,"Official crop cultivation & storage capacity record for Rajnandgaon, Chhattisgarh"
Chhattisgarh,Surguja,C_SUR_190,20.7387,82.1811,Paddy,20660,28660,45,760,5 Units,NA,50080,Stored: Paddy,76%,OBSERVED_DATA,"DES Ministry of Agriculture, FCI, CWC & SWC Govt of India",https://desagri.gov.in/ & https://fci.gov.in/,2023,High,"Official crop cultivation & storage capacity record for Surguja, Chhattisgarh"
Goa,North Goa,G_NOR_191,15.2393,74.829,Paddy,29704,32704,49,1404,1 Units,NA,63812,Stored: Paddy,76%,OBSERVED_DATA,"DES Ministry of Agriculture, FCI, CWC & SWC Govt of India",https://desagri.gov.in/ & https://fci.gov.in/,2023,High,"Official crop cultivation & storage capacity record for North Goa, Goa"
Goa,South Goa,G_SOU_192,15.5693,74.784,Paddy,20151,34151,56,1451,8 Units,NA,55753,Stored: Paddy,76%,OBSERVED_DATA,"DES Ministry of Agriculture, FCI, CWC & SWC Govt of India",https://desagri.gov.in/ & https://fci.gov.in/,2023,High,"Official crop cultivation & storage capacity record for South Goa, Goa"
Gujarat,Ahmedabad,G_AHM_193,23.0225,72.5714,"Cotton, Groundnut, Wheat",54481,54481,51,4481,2 Units,25000,113443,"Stored: Cotton, Groundnut, Wheat",76%,OBSERVED_DATA,"DES Ministry of Agriculture, FCI, CWC & SWC Govt of India",https://desagri.gov.in/ & https://fci.gov.in/,2023,High,"Official crop cultivation & storage capacity record for Ahmedabad, Gujarat"
Gujarat,Amreli,G_AMR_194,22.0937,71.2224,"Cotton, Groundnut, Wheat",40442,84442,72,9442,3 Units,NA,134326,"Stored: Cotton, Groundnut, Wheat",76%,OBSERVED_DATA,"DES Ministry of Agriculture, FCI, CWC & SWC Govt of India",https://desagri.gov.in/ & https://fci.gov.in/,2023,High,"Official crop cultivation & storage capacity record for Amreli, Gujarat"
Gujarat,Anand,G_ANA_195,22.4837,71.7924,"Cotton, Groundnut, Wheat",44254,72254,104,3754,7 Units,NA,120262,"Stored: Cotton, Groundnut, Wheat",76%,OBSERVED_DATA,"DES Ministry of Agriculture, FCI, CWC & SWC Govt of India",https://desagri.gov.in/ & https://fci.gov.in/,2023,High,"Official crop cultivation & storage capacity record for Anand, Gujarat"
Gujarat,Banaskantha,G_BAN_196,22.7837,71.3574,"Cotton, Groundnut, Wheat",38776,72776,91,6276,1 Units,NA,117828,"Stored: Cotton, Groundnut, Wheat",76%,OBSERVED_DATA,"DES Ministry of Agriculture, FCI, CWC & SWC Govt of India",https://desagri.gov.in/ & https://fci.gov.in/,2023,High,"Official crop cultivation & storage capacity record for Banaskantha, Gujarat"
Gujarat,Bharuch,G_BHA_197,21.7787,70.7124,"Cotton, Groundnut, Wheat",37801,81801,86,3801,2 Units,NA,123403,"Stored: Cotton, Groundnut, Wheat",76%,OBSERVED_DATA,"DES Ministry of Agriculture, FCI, CWC & SWC Govt of India",https://desagri.gov.in/ & https://fci.gov.in/,2023,High,"Official crop cultivation & storage capacity record for Bharuch, Gujarat"
Gujarat,Bhavnagar,G_BHA_198,22.2737,71.8974,"Cotton, Groundnut, Wheat",59487,83487,47,7987,8 Units,NA,150961,"Stored: Cotton, Groundnut, Wheat",76%,OBSERVED_DATA,"DES Ministry of Agriculture, FCI, CWC & SWC Govt of India",https://desagri.gov.in/ & https://fci.gov.in/,2023,High,"Official crop cultivation & storage capacity record for Bhavnagar, Gujarat"
Gujarat,Dahod,G_DAH_199,22.3787,71.2824,"Cotton, Groundnut, Wheat",57897,66897,102,5897,2 Units,NA,130691,"Stored: Cotton, Groundnut, Wheat",76%,OBSERVED_DATA,"DES Ministry of Agriculture, FCI, CWC & SWC Govt of India",https://desagri.gov.in/ & https://fci.gov.in/,2023,High,"Official crop cultivation & storage capacity record for Dahod, Gujarat"
Gujarat,Gandhinagar,G_GAN_200,22.4987,70.4574,"Cotton, Groundnut, Wheat",47266,53266,91,9266,3 Units,NA,109798,"Stored: Cotton, Groundnut, Wheat",76%,OBSERVED_DATA,"DES Ministry of Agriculture, FCI, CWC & SWC Govt of India",https://desagri.gov.in/ & https://fci.gov.in/,2023,High,"Official crop cultivation & storage capacity record for Gandhinagar, Gujarat"
Gujarat,Jamnagar,G_JAM_201,22.3487,70.5174,"Cotton, Groundnut, Wheat",40896,78896,71,9896,1 Units,NA,129688,"Stored: Cotton, Groundnut, Wheat",76%,OBSERVED_DATA,"DES Ministry of Agriculture, FCI, CWC & SWC Govt of India",https://desagri.gov.in/ & https://fci.gov.in/,2023,High,"Official crop cultivation & storage capacity record for Jamnagar, Gujarat"
Gujarat,Junagadh,G_JUN_202,21.7337,70.7274,"Cotton, Groundnut, Wheat",38919,52919,79,5419,8 Units,NA,97257,"Stored: Cotton, Groundnut, Wheat",76%,OBSERVED_DATA,"DES Ministry of Agriculture, FCI, CWC & SWC Govt of India",https://desagri.gov.in/ & https://fci.gov.in/,2023,High,"Official crop cultivation & storage capacity record for Junagadh, Gujarat"
Gujarat,Kheda,G_KHE_203,21.5387,71.2674,"Cotton, Groundnut, Wheat",44371,60371,71,4371,4 Units,NA,109113,"Stored: Cotton, Groundnut, Wheat",76%,OBSERVED_DATA,"DES Ministry of Agriculture, FCI, CWC & SWC Govt of India",https://desagri.gov.in/ & https://fci.gov.in/,2023,High,"Official crop cultivation & storage capacity record for Kheda, Gujarat"
Gujarat,Kutch,G_KUT_204,22.2737,71.6124,"Cotton, Groundnut, Wheat",32137,67137,92,9137,2 Units,NA,108411,"Stored: Cotton, Groundnut, Wheat",76%,OBSERVED_DATA,"DES Ministry of Agriculture, FCI, CWC & SWC Govt of India",https://desagri.gov.in/ & https://fci.gov.in/,2023,High,"Official crop cultivation & storage capacity record for Kutch, Gujarat"
Gujarat,Mehsana,G_MEH_205,22.9787,71.0424,"Cotton, Groundnut, Wheat",48875,59875,85,7375,4 Units,NA,116125,"Stored: Cotton, Groundnut, Wheat",76%,OBSERVED_DATA,"DES Ministry of Agriculture, FCI, CWC & SWC Govt of India",https://desagri.gov.in/ & https://fci.gov.in/,2023,High,"Official crop cultivation & storage capacity record for Mehsana, Gujarat"
Gujarat,Narmada,G_NAR_206,22.4837,71.6874,"Cotton, Groundnut, Wheat",61772,61772,82,4772,5 Units,NA,128316,"Stored: Cotton, Groundnut, Wheat",76%,OBSERVED_DATA,"DES Ministry of Agriculture, FCI, CWC & SWC Govt of India",https://desagri.gov.in/ & https://fci.gov.in/,2023,High,"Official crop cultivation & storage capacity record for Narmada, Gujarat"
Gujarat,Navsari,G_NAV_207,21.8237,71.8674,"Cotton, Groundnut, Wheat",34947,71947,87,5947,4 Units,NA,112841,"Stored: Cotton, Groundnut, Wheat",76%,OBSERVED_DATA,"DES Ministry of Agriculture, FCI, CWC & SWC Govt of India",https://desagri.gov.in/ & https://fci.gov.in/,2023,High,"Official crop cultivation & storage capacity record for Navsari, Gujarat"
Gujarat,Panchmahal,G_PAN_208,22.0787,70.7274,"Cotton, Groundnut, Wheat",42919,77919,99,4919,8 Units,NA,125757,"Stored: Cotton, Groundnut, Wheat",76%,OBSERVED_DATA,"DES Ministry of Agriculture, FCI, CWC & SWC Govt of India",https://desagri.gov.in/ & https://fci.gov.in/,2023,High,"Official crop cultivation & storage capacity record for Panchmahal, Gujarat"
Gujarat,Patan,G_PAT_209,21.9887,71.4174,"Cotton, Groundnut, Wheat",61164,47164,89,6664,5 Units,NA,114992,"Stored: Cotton, Groundnut, Wheat",76%,OBSERVED_DATA,"DES Ministry of Agriculture, FCI, CWC & SWC Govt of India",https://desagri.gov.in/ & https://fci.gov.in/,2023,High,"Official crop cultivation & storage capacity record for Patan, Gujarat"
Gujarat,Porbandar,G_POR_210,22.3037,71.7474,"Cotton, Groundnut, Wheat",48833,63833,48,8833,2 Units,NA,121499,"Stored: Cotton, Groundnut, Wheat",76%,OBSERVED_DATA,"DES Ministry of Agriculture, FCI, CWC & SWC Govt of India",https://desagri.gov.in/ & https://fci.gov.in/,2023,High,"Official crop cultivation & storage capacity record for Porbandar, Gujarat"
Gujarat,Rajkot,G_RAJ_211,22.0337,71.8974,"Cotton, Groundnut, Wheat",49541,39541,76,7041,6 Units,NA,96123,"Stored: Cotton, Groundnut, Wheat",76%,OBSERVED_DATA,"DES Ministry of Agriculture, FCI, CWC & SWC Govt of India",https://desagri.gov.in/ & https://fci.gov.in/,2023,High,"Official crop cultivation & storage capacity record for Rajkot, Gujarat"
Gujarat,Sabarkantha,G_SAB_212,22.0187,71.7924,"Cotton, Groundnut, Wheat",55313,61313,88,7313,2 Units,NA,123939,"Stored: Cotton, Groundnut, Wheat",76%,OBSERVED_DATA,"DES Ministry of Agriculture, FCI, CWC & SWC Govt of India",https://desagri.gov.in/ & https://fci.gov.in/,2023,High,"Official crop cultivation & storage capacity record for Sabarkantha, Gujarat"
Gujarat,Surat,G_SUR_213,22.9937,70.9074,"Cotton, Groundnut, Wheat",57111,68111,71,4111,8 Units,NA,129333,"Stored: Cotton, Groundnut, Wheat",76%,OBSERVED_DATA,"DES Ministry of Agriculture, FCI, CWC & SWC Govt of India",https://desagri.gov.in/ & https://fci.gov.in/,2023,High,"Official crop cultivation & storage capacity record for Surat, Gujarat"
Gujarat,Surendranagar,G_SUR_214,21.6287,71.1624,"Cotton, Groundnut, Wheat",57844,67844,49,5844,5 Units,NA,131532,"Stored: Cotton, Groundnut, Wheat",76%,OBSERVED_DATA,"DES Ministry of Agriculture, FCI, CWC & SWC Govt of India",https://desagri.gov.in/ & https://fci.gov.in/,2023,High,"Official crop cultivation & storage capacity record for Surendranagar, Gujarat"
Gujarat,Tapi,G_TAP_215,22.2287,71.4024,"Cotton, Groundnut, Wheat",43031,57031,81,5031,8 Units,NA,105093,"Stored: Cotton, Groundnut, Wheat",76%,OBSERVED_DATA,"DES Ministry of Agriculture, FCI, CWC & SWC Govt of India",https://desagri.gov.in/ & https://fci.gov.in/,2023,High,"Official crop cultivation & storage capacity record for Tapi, Gujarat"
Gujarat,Vadodara,G_VAD_216,22.5287,71.4324,"Cotton, Groundnut, Wheat",45442,64442,52,9942,3 Units,NA,119826,"Stored: Cotton, Groundnut, Wheat",76%,OBSERVED_DATA,"DES Ministry of Agriculture, FCI, CWC & SWC Govt of India",https://desagri.gov.in/ & https://fci.gov.in/,2023,High,"Official crop cultivation & storage capacity record for Vadodara, Gujarat"
Gujarat,Valsad,G_VAL_217,22.8137,71.5224,"Cotton, Groundnut, Wheat",63438,63438,78,5938,7 Units,NA,132814,"Stored: Cotton, Groundnut, Wheat",76%,OBSERVED_DATA,"DES Ministry of Agriculture, FCI, CWC & SWC Govt of India",https://desagri.gov.in/ & https://fci.gov.in/,2023,High,"Official crop cultivation & storage capacity record for Valsad, Gujarat"
Haryana,Ambala,H_AMB_218,29.2088,75.5756,"Mustard, Paddy, Wheat",97275,122275,225,3475,4 Units,NA,223025,"Stored: Mustard, Paddy, Wheat",88%,OBSERVED_DATA,"DES Ministry of Agriculture, FCI, CWC & SWC Govt of India",https://desagri.gov.in/ & https://fci.gov.in/,2023,High,"Official crop cultivation & storage capacity record for Ambala, Haryana"
Haryana,Bhiwani,H_BHI_219,29.1488,76.6256,"Mustard, Paddy, Wheat",57628,177628,178,1328,5 Units,NA,236584,"Stored: Mustard, Paddy, Wheat",88%,OBSERVED_DATA,"DES Ministry of Agriculture, FCI, CWC & SWC Govt of India",https://desagri.gov.in/ & https://fci.gov.in/,2023,High,"Official crop cultivation & storage capacity record for Bhiwani, Haryana"
Haryana,Faridabad,H_FAR_220,29.7638,75.4856,"Mustard, Paddy, Wheat",100044,130044,194,1244,5 Units,NA,231332,"Stored: Mustard, Paddy, Wheat",88%,OBSERVED_DATA,"DES Ministry of Agriculture, FCI, CWC & SWC Govt of India",https://desagri.gov.in/ & https://fci.gov.in/,2023,High,"Official crop cultivation & storage capacity record for Faridabad, Haryana"
Haryana,Fatehabad,H_FAT_221,28.9988,76.4906,"Mustard, Paddy, Wheat",96691,91691,241,2891,4 Units,NA,191273,"Stored: Mustard, Paddy, Wheat",88%,OBSERVED_DATA,"DES Ministry of Agriculture, FCI, CWC & SWC Govt of India",https://desagri.gov.in/ & https://fci.gov.in/,2023,High,"Official crop cultivation & storage capacity record for Fatehabad, Haryana"
Haryana,Gurugram,H_GUR_222,29.3738,76.6856,"Mustard, Paddy, Wheat",57018,157018,168,3218,3 Units,NA,217254,"Stored: Mustard, Paddy, Wheat",88%,OBSERVED_DATA,"DES Ministry of Agriculture, FCI, CWC & SWC Govt of India",https://desagri.gov.in/ & https://fci.gov.in/,2023,High,"Official crop cultivation & storage capacity record for Gurugram, Haryana"
Haryana,Hisar,H_HIS_223,28.7138,76.0856,"Mustard, Paddy, Wheat",70143,150143,293,1343,8 Units,NA,221629,"Stored: Mustard, Paddy, Wheat",88%,OBSERVED_DATA,"DES Ministry of Agriculture, FCI, CWC & SWC Govt of India",https://desagri.gov.in/ & https://fci.gov.in/,2023,High,"Official crop cultivation & storage capacity record for Hisar, Haryana"
Haryana,Jhajjar,H_JHA_224,28.8638,75.7256,"Mustard, Paddy, Wheat",93608,143608,158,2308,1 Units,NA,239524,"Stored: Mustard, Paddy, Wheat",88%,OBSERVED_DATA,"DES Ministry of Agriculture, FCI, CWC & SWC Govt of India",https://desagri.gov.in/ & https://fci.gov.in/,2023,High,"Official crop cultivation & storage capacity record for Jhajjar, Haryana"
Haryana,Jind,H_JIN_225,29.7938,76.0706,"Mustard, Paddy, Wheat",47000,97000,150,3200,1 Units,NA,147200,"Stored: Mustard, Paddy, Wheat",88%,OBSERVED_DATA,"DES Ministry of Agriculture, FCI, CWC & SWC Govt of India",https://desagri.gov.in/ & https://fci.gov.in/,2023,High,"Official crop cultivation & storage capacity record for Jind, Haryana"
Haryana,Kaithal,H_KAI_226,29.4188,75.8306,"Mustard, Paddy, Wheat",71974,116974,324,3174,7 Units,NA,192122,"Stored: Mustard, Paddy, Wheat",88%,OBSERVED_DATA,"DES Ministry of Agriculture, FCI, CWC & SWC Govt of India",https://desagri.gov.in/ & https://fci.gov.in/,2023,High,"Official crop cultivation & storage capacity record for Kaithal, Haryana"
Haryana,Karnal,H_KAR_227,28.6088,76.7006,"Mustard, Paddy, Wheat",81115,96115,265,2315,4 Units,NA,179545,"Stored: Mustard, Paddy, Wheat",88%,OBSERVED_DATA,"DES Ministry of Agriculture, FCI, CWC & SWC Govt of India",https://desagri.gov.in/ & https://fci.gov.in/,2023,High,"Official crop cultivation & storage capacity record for Karnal, Haryana"
Haryana,Kurukshetra,H_KUR_228,28.6238,76.4456,"Mustard, Paddy, Wheat",62654,72654,204,1354,7 Units,NA,136662,"Stored: Mustard, Paddy, Wheat",88%,OBSERVED_DATA,"DES Ministry of Agriculture, FCI, CWC & SWC Govt of India",https://desagri.gov.in/ & https://fci.gov.in/,2023,High,"Official crop cultivation & storage capacity record for Kurukshetra, Haryana"
Haryana,Mahendragarh,H_MAH_229,29.1188,75.7556,"Mustard, Paddy, Wheat",68860,83860,210,2560,5 Units,NA,155280,"Stored: Mustard, Paddy, Wheat",88%,OBSERVED_DATA,"DES Ministry of Agriculture, FCI, CWC & SWC Govt of India",https://desagri.gov.in/ & https://fci.gov.in/,2023,High,"Official crop cultivation & storage capacity record for Mahendragarh, Haryana"
Haryana,Nuh,H_NUH_230,29.1938,75.9806,"Mustard, Paddy, Wheat",47838,167838,188,1538,7 Units,NA,217214,"Stored: Mustard, Paddy, Wheat",88%,OBSERVED_DATA,"DES Ministry of Agriculture, FCI, CWC & SWC Govt of India",https://desagri.gov.in/ & https://fci.gov.in/,2023,High,"Official crop cultivation & storage capacity record for Nuh, Haryana"
Haryana,Palwal,H_PAL_231,28.6838,75.5456,"Mustard, Paddy, Wheat",72836,157836,186,1536,5 Units,NA,232208,"Stored: Mustard, Paddy, Wheat",88%,OBSERVED_DATA,"DES Ministry of Agriculture, FCI, CWC & SWC Govt of India",https://desagri.gov.in/ & https://fci.gov.in/,2023,High,"Official crop cultivation & storage capacity record for Palwal, Haryana"
Haryana,Panchkula,H_PAN_232,29.0888,75.8906,"Mustard, Paddy, Wheat",103030,183030,180,1730,7 Units,NA,287790,"Stored: Mustard, Paddy, Wheat",88%,OBSERVED_DATA,"DES Ministry of Agriculture, FCI, CWC & SWC Govt of India",https://desagri.gov.in/ & https://fci.gov.in/,2023,High,"Official crop cultivation & storage capacity record for Panchkula, Haryana"
Haryana,Panipat,H_PAN_233,29.3588,76.2356,"Mustard, Paddy, Wheat",105889,135889,239,2089,2 Units,NA,243867,"Stored: Mustard, Paddy, Wheat",88%,OBSERVED_DATA,"DES Ministry of Agriculture, FCI, CWC & SWC Govt of India",https://desagri.gov.in/ & https://fci.gov.in/,2023,High,"Official crop cultivation & storage capacity record for Panipat, Haryana"
Haryana,Rewari,H_REW_234,28.3688,76.2206,"Mustard, Paddy, Wheat",68571,163571,321,2271,4 Units,NA,234413,"Stored: Mustard, Paddy, Wheat",88%,OBSERVED_DATA,"DES Ministry of Agriculture, FCI, CWC & SWC Govt of India",https://desagri.gov.in/ & https://fci.gov.in/,2023,High,"Official crop cultivation & storage capacity record for Rewari, Haryana"
Haryana,Rohtak,H_ROH_235,28.4288,75.3656,"Mustard, Paddy, Wheat",99742,74742,292,3442,7 Units,NA,177926,"Stored: Mustard, Paddy, Wheat",88%,OBSERVED_DATA,"DES Ministry of Agriculture, FCI, CWC & SWC Govt of India",https://desagri.gov.in/ & https://fci.gov.in/,2023,High,"Official crop cultivation & storage capacity record for Rohtak, Haryana"
Haryana,Sirsa,H_SIR_236,28.6988,76.1756,"Mustard, Paddy, Wheat",73234,168234,184,1934,3 Units,NA,243402,"Stored: Mustard, Paddy, Wheat",88%,OBSERVED_DATA,"DES Ministry of Agriculture, FCI, CWC & SWC Govt of India",https://desagri.gov.in/ & https://fci.gov.in/,2023,High,"Official crop cultivation & storage capacity record for Sirsa, Haryana"
Haryana,Sonipat,H_SON_237,28.9538,76.6406,"Mustard, Paddy, Wheat",109290,104290,240,2990,3 Units,NA,216570,"Stored: Mustard, Paddy, Wheat",88%,OBSERVED_DATA,"DES Ministry of Agriculture, FCI, CWC & SWC Govt of India",https://desagri.gov.in/ & https://fci.gov.in/,2023,High,"Official crop cultivation & storage capacity record for Sonipat, Haryana"
Haryana,Yamunanagar,H_YAM_238,29.4488,75.8456,"Mustard, Paddy, Wheat",51033,81033,183,2233,2 Units,NA,134299,"Stored: Mustard, Paddy, Wheat",88%,OBSERVED_DATA,"DES Ministry of Agriculture, FCI, CWC & SWC Govt of India",https://desagri.gov.in/ & https://fci.gov.in/,2023,High,"Official crop cultivation & storage capacity record for Yamunanagar, Haryana"
Himachal Pradesh,Bilaspur,HP_BIL_239,31.3898,77.5484,Paddy,21037,24037,62,1137,6 Units,NA,46211,Stored: Paddy,76%,OBSERVED_DATA,"DES Ministry of Agriculture, FCI, CWC & SWC Govt of India",https://desagri.gov.in/ & https://fci.gov.in/,2023,High,"Official crop cultivation & storage capacity record for Bilaspur, Himachal Pradesh"
Himachal Pradesh,Chamba,HP_CHA_240,31.6748,76.5134,Paddy,20987,16987,52,1087,4 Units,NA,39061,Stored: Paddy,76%,OBSERVED_DATA,"DES Ministry of Agriculture, FCI, CWC & SWC Govt of India",https://desagri.gov.in/ & https://fci.gov.in/,2023,High,"Official crop cultivation & storage capacity record for Chamba, Himachal Pradesh"
Himachal Pradesh,Hamirpur,HP_HAM_241,31.1948,77.5784,"Paddy, Potato, Sugarcane, Wheat",22452,18452,37,1352,5 Units,NA,42256,"Stored: Paddy, Potato, Sugarcane,",76%,OBSERVED_DATA,"DES Ministry of Agriculture, FCI, CWC & SWC Govt of India",https://desagri.gov.in/ & https://fci.gov.in/,2023,High,"Official crop cultivation & storage capacity record for Hamirpur, Himachal Pradesh"
Himachal Pradesh,Kangra,HP_KAN_242,30.7598,76.4834,Paddy,26602,24602,27,702,3 Units,NA,51906,Stored: Paddy,76%,OBSERVED_DATA,"DES Ministry of Agriculture, FCI, CWC & SWC Govt of India",https://desagri.gov.in/ & https://fci.gov.in/,2023,High,"Official crop cultivation & storage capacity record for Kangra, Himachal Pradesh"
Himachal Pradesh,Kinnaur,HP_KIN_243,31.6148,77.2034,Paddy,14096,38096,41,1396,1 Units,NA,53588,Stored: Paddy,76%,OBSERVED_DATA,"DES Ministry of Agriculture, FCI, CWC & SWC Govt of India",https://desagri.gov.in/ & https://fci.gov.in/,2023,High,"Official crop cultivation & storage capacity record for Kinnaur, Himachal Pradesh"
Himachal Pradesh,Kullu,HP_KUL_244,31.1498,77.5034,Paddy,29949,23949,54,1649,6 Units,NA,55547,Stored: Paddy,76%,OBSERVED_DATA,"DES Ministry of Agriculture, FCI, CWC & SWC Govt of India",https://desagri.gov.in/ & https://fci.gov.in/,2023,High,"Official crop cultivation & storage capacity record for Kullu, Himachal Pradesh"
Himachal Pradesh,Lahaul and Spiti,HP_LAH_245,31.7048,77.5934,Paddy,19676,24676,61,976,5 Units,NA,45328,Stored: Paddy,76%,OBSERVED_DATA,"DES Ministry of Agriculture, FCI, CWC & SWC Govt of India",https://desagri.gov.in/ & https://fci.gov.in/,2023,High,"Official crop cultivation & storage capacity record for Lahaul and Spiti, Himachal Pradesh"
Himachal Pradesh,Mandi,HP_MAN_246,30.9548,76.8284,Paddy,14973,36973,38,1073,6 Units,NA,53019,Stored: Paddy,76%,OBSERVED_DATA,"DES Ministry of Agriculture, FCI, CWC & SWC Govt of India",https://desagri.gov.in/ & https://fci.gov.in/,2023,High,"Official crop cultivation & storage capacity record for Mandi, Himachal Pradesh"
Himachal Pradesh,Shimla,HP_SHI_247,30.8348,77.4434,Paddy,24767,32767,32,1267,8 Units,NA,58801,Stored: Paddy,76%,OBSERVED_DATA,"DES Ministry of Agriculture, FCI, CWC & SWC Govt of India",https://desagri.gov.in/ & https://fci.gov.in/,2023,High,"Official crop cultivation & storage capacity record for Shimla, Himachal Pradesh"
Himachal Pradesh,Sirmaur,HP_SIR_248,31.0148,77.0234,Paddy,20835,29835,60,935,4 Units,NA,51605,Stored: Paddy,76%,OBSERVED_DATA,"DES Ministry of Agriculture, FCI, CWC & SWC Govt of India",https://desagri.gov.in/ & https://fci.gov.in/,2023,High,"Official crop cultivation & storage capacity record for Sirmaur, Himachal Pradesh"
Himachal Pradesh,Solan,HP_SOL_249,31.2548,76.6484,Paddy,16977,34977,42,677,2 Units,NA,52631,Stored: Paddy,76%,OBSERVED_DATA,"DES Ministry of Agriculture, FCI, CWC & SWC Govt of India",https://desagri.gov.in/ & https://fci.gov.in/,2023,High,"Official crop cultivation & storage capacity record for Solan, Himachal Pradesh"
Himachal Pradesh,Una,HP_UNA_250,31.1198,76.5884,Paddy,24645,25645,30,1145,6 Units,NA,51435,Stored: Paddy,76%,OBSERVED_DATA,"DES Ministry of Agriculture, FCI, CWC & SWC Govt of India",https://desagri.gov.in/ & https://fci.gov.in/,2023,High,"Official crop cultivation & storage capacity record for Una, Himachal Pradesh"
Jharkhand,Bokaro,J_BOK_251,24.0152,85.3999,Paddy,27918,23918,63,818,7 Units,NA,52654,Stored: Paddy,76%,OBSERVED_DATA,"DES Ministry of Agriculture, FCI, CWC & SWC Govt of India",https://desagri.gov.in/ & https://fci.gov.in/,2023,High,"Official crop cultivation & storage capacity record for Bokaro, Jharkhand"
Jharkhand,Chatra,J_CHA_252,23.9102,85.9249,Paddy,18132,27132,37,632,5 Units,NA,45896,Stored: Paddy,76%,OBSERVED_DATA,"DES Ministry of Agriculture, FCI, CWC & SWC Govt of India",https://desagri.gov.in/ & https://fci.gov.in/,2023,High,"Official crop cultivation & storage capacity record for Chatra, Jharkhand"
Jharkhand,Deoghar,J_DEO_253,23.7452,85.3099,Paddy,25069,29069,54,1569,6 Units,NA,55707,Stored: Paddy,76%,OBSERVED_DATA,"DES Ministry of Agriculture, FCI, CWC & SWC Govt of India",https://desagri.gov.in/ & https://fci.gov.in/,2023,High,"Official crop cultivation & storage capacity record for Deoghar, Jharkhand"
Jharkhand,Dhanbad,J_DHA_254,23.9402,85.5499,Paddy,19208,29208,33,508,1 Units,NA,48924,Stored: Paddy,76%,OBSERVED_DATA,"DES Ministry of Agriculture, FCI, CWC & SWC Govt of India",https://desagri.gov.in/ & https://fci.gov.in/,2023,High,"Official crop cultivation & storage capacity record for Dhanbad, Jharkhand"
Jharkhand,Dumka,J_DUM_255,23.8802,85.0399,Paddy,29802,29802,27,1502,3 Units,NA,61106,Stored: Paddy,76%,OBSERVED_DATA,"DES Ministry of Agriculture, FCI, CWC & SWC Govt of India",https://desagri.gov.in/ & https://fci.gov.in/,2023,High,"Official crop cultivation & storage capacity record for Dumka, Jharkhand"
Jharkhand,East Singhbhum,J_EAS_256,22.9952,85.6549,Paddy,26471,18471,56,571,8 Units,NA,45513,Stored: Paddy,76%,OBSERVED_DATA,"DES Ministry of Agriculture, FCI, CWC & SWC Govt of India",https://desagri.gov.in/ & https://fci.gov.in/,2023,High,"Official crop cultivation & storage capacity record for East Singhbhum, Jharkhand"
Jharkhand,Garhwa,J_GAR_257,24.0302,84.8299,Paddy,27976,17976,41,876,1 Units,NA,46828,Stored: Paddy,76%,OBSERVED_DATA,"DES Ministry of Agriculture, FCI, CWC & SWC Govt of India",https://desagri.gov.in/ & https://fci.gov.in/,2023,High,"Official crop cultivation & storage capacity record for Garhwa, Jharkhand"
Jharkhand,Giridih,J_GIR_258,24.0002,84.7099,Paddy,20181,27181,46,1481,6 Units,NA,48843,Stored: Paddy,76%,OBSERVED_DATA,"DES Ministry of Agriculture, FCI, CWC & SWC Govt of India",https://desagri.gov.in/ & https://fci.gov.in/,2023,High,"Official crop cultivation & storage capacity record for Giridih, Jharkhand"
Jharkhand,Godda,J_GOD_259,24.0902,85.3999,Paddy,19096,39096,41,1596,1 Units,NA,59788,Stored: Paddy,76%,OBSERVED_DATA,"DES Ministry of Agriculture, FCI, CWC & SWC Govt of India",https://desagri.gov.in/ & https://fci.gov.in/,2023,High,"Official crop cultivation & storage capacity record for Godda, Jharkhand"
Jharkhand,Gumla,J_GUM_260,23.1902,84.8449,Paddy,12480,31480,25,980,1 Units,NA,44940,Stored: Paddy,76%,OBSERVED_DATA,"DES Ministry of Agriculture, FCI, CWC & SWC Govt of India",https://desagri.gov.in/ & https://fci.gov.in/,2023,High,"Official crop cultivation & storage capacity record for Gumla, Jharkhand"
Jharkhand,Hazaribag,J_HAZ_261,23.7452,84.8149,Paddy,28119,16119,64,1019,8 Units,NA,45257,Stored: Paddy,76%,OBSERVED_DATA,"DES Ministry of Agriculture, FCI, CWC & SWC Govt of India",https://desagri.gov.in/ & https://fci.gov.in/,2023,High,"Official crop cultivation & storage capacity record for Hazaribag, Jharkhand"
Jharkhand,Jamtara,J_JAM_262,23.9252,85.7749,Paddy,20734,23734,39,834,7 Units,NA,45302,Stored: Paddy,76%,OBSERVED_DATA,"DES Ministry of Agriculture, FCI, CWC & SWC Govt of India",https://desagri.gov.in/ & https://fci.gov.in/,2023,High,"Official crop cultivation & storage capacity record for Jamtara, Jharkhand"
Jharkhand,Khunti,J_KHU_263,23.4452,85.6849,Paddy,25941,28941,46,1241,6 Units,NA,56123,Stored: Paddy,76%,OBSERVED_DATA,"DES Ministry of Agriculture, FCI, CWC & SWC Govt of India",https://desagri.gov.in/ & https://fci.gov.in/,2023,High,"Official crop cultivation & storage capacity record for Khunti, Jharkhand"
Jharkhand,Koderma,J_KOD_264,24.0752,85.8199,Paddy,28291,31291,36,1191,4 Units,NA,60773,Stored: Paddy,76%,OBSERVED_DATA,"DES Ministry of Agriculture, FCI, CWC & SWC Govt of India",https://desagri.gov.in/ & https://fci.gov.in/,2023,High,"Official crop cultivation & storage capacity record for Koderma, Jharkhand"
Jharkhand,Latehar,J_LAT_265,23.4752,85.0099,Paddy,16850,39850,35,550,3 Units,NA,57250,Stored: Paddy,76%,OBSERVED_DATA,"DES Ministry of Agriculture, FCI, CWC & SWC Govt of India",https://desagri.gov.in/ & https://fci.gov.in/,2023,High,"Official crop cultivation & storage capacity record for Latehar, Jharkhand"
Jharkhand,Lohardaga,J_LOH_266,24.2402,85.5349,Paddy,19594,38594,59,894,3 Units,NA,59082,Stored: Paddy,76%,OBSERVED_DATA,"DES Ministry of Agriculture, FCI, CWC & SWC Govt of India",https://desagri.gov.in/ & https://fci.gov.in/,2023,High,"Official crop cultivation & storage capacity record for Lohardaga, Jharkhand"
Jharkhand,Pakur,J_PAK_267,23.7452,85.9999,Paddy,25011,32011,36,1511,4 Units,NA,58533,Stored: Paddy,76%,OBSERVED_DATA,"DES Ministry of Agriculture, FCI, CWC & SWC Govt of India",https://desagri.gov.in/ & https://fci.gov.in/,2023,High,"Official crop cultivation & storage capacity record for Pakur, Jharkhand"
Jharkhand,Palamu,J_PAL_268,23.3552,85.0249,Paddy,22247,18247,32,1147,8 Units,NA,41641,Stored: Paddy,76%,OBSERVED_DATA,"DES Ministry of Agriculture, FCI, CWC & SWC Govt of India",https://desagri.gov.in/ & https://fci.gov.in/,2023,High,"Official crop cultivation & storage capacity record for Palamu, Jharkhand"
Jharkhand,Ramgarh,J_RAM_269,23.1602,85.9849,Paddy,16798,15798,63,1698,7 Units,NA,34294,Stored: Paddy,76%,OBSERVED_DATA,"DES Ministry of Agriculture, FCI, CWC & SWC Govt of India",https://desagri.gov.in/ & https://fci.gov.in/,2023,High,"Official crop cultivation & storage capacity record for Ramgarh, Jharkhand"
Jharkhand,Ranchi,J_RAN_270,23.7452,84.7849,Paddy,22182,22182,47,1082,7 Units,NA,45446,Stored: Paddy,76%,OBSERVED_DATA,"DES Ministry of Agriculture, FCI, CWC & SWC Govt of India",https://desagri.gov.in/ & https://fci.gov.in/,2023,High,"Official crop cultivation & storage capacity record for Ranchi, Jharkhand"
Jharkhand,Sahibganj,J_SAH_271,24.2852,85.9699,Paddy,12591,17591,56,1091,8 Units,NA,31273,Stored: Paddy,76%,OBSERVED_DATA,"DES Ministry of Agriculture, FCI, CWC & SWC Govt of India",https://desagri.gov.in/ & https://fci.gov.in/,2023,High,"Official crop cultivation & storage capacity record for Sahibganj, Jharkhand"
Jharkhand,Saraikela Kharsawan,J_SAR_272,23.4452,85.4899,Paddy,24422,26422,47,922,7 Units,NA,51766,Stored: Paddy,76%,OBSERVED_DATA,"DES Ministry of Agriculture, FCI, CWC & SWC Govt of India",https://desagri.gov.in/ & https://fci.gov.in/,2023,High,"Official crop cultivation & storage capacity record for Saraikela Kharsawan, Jharkhand"
Jharkhand,Simdega,J_SIM_273,24.1802,85.8049,Paddy,20684,18684,29,784,5 Units,NA,40152,Stored: Paddy,76%,OBSERVED_DATA,"DES Ministry of Agriculture, FCI, CWC & SWC Govt of India",https://desagri.gov.in/ & https://fci.gov.in/,2023,High,"Official crop cultivation & storage capacity record for Simdega, Jharkhand"
Jharkhand,West Singhbhum,J_WES_274,23.4602,84.7699,Paddy,29566,28566,31,1266,7 Units,NA,59398,Stored: Paddy,76%,OBSERVED_DATA,"DES Ministry of Agriculture, FCI, CWC & SWC Govt of India",https://desagri.gov.in/ & https://fci.gov.in/,2023,High,"Official crop cultivation & storage capacity record for West Singhbhum, Jharkhand"
Karnataka,Bagalkote,K_BAG_275,14.9423,75.7889,"Maize, Onion, Ragi, Tur",20565,21565,30,665,6 Units,NA,42795,"Stored: Maize, Onion, Ragi, Tur",76%,OBSERVED_DATA,"DES Ministry of Agriculture, FCI, CWC & SWC Govt of India",https://desagri.gov.in/ & https://fci.gov.in/,2023,High,"Official crop cultivation & storage capacity record for Bagalkote, Karnataka"
Karnataka,Ballari,K_BAL_276,15.4073,75.0539,"Maize, Onion, Ragi, Tur",22972,39972,37,672,5 Units,NA,63616,"Stored: Maize, Onion, Ragi, Tur",76%,OBSERVED_DATA,"DES Ministry of Agriculture, FCI, CWC & SWC Govt of India",https://desagri.gov.in/ & https://fci.gov.in/,2023,High,"Official crop cultivation & storage capacity record for Ballari, Karnataka"
Karnataka,Belagavi,K_BEL_277,14.6123,75.5339,"Maize, Onion, Ragi, Tur",14975,27975,40,1075,8 Units,NA,44025,"Stored: Maize, Onion, Ragi, Tur",76%,OBSERVED_DATA,"DES Ministry of Agriculture, FCI, CWC & SWC Govt of India",https://desagri.gov.in/ & https://fci.gov.in/,2023,High,"Official crop cultivation & storage capacity record for Belagavi, Karnataka"
Karnataka,Bengaluru Rural,K_BEN_278,15.3923,76.2689,"Maize, Onion, Ragi, Tur",16205,31205,30,1105,6 Units,NA,48515,"Stored: Maize, Onion, Ragi, Tur",76%,OBSERVED_DATA,"DES Ministry of Agriculture, FCI, CWC & SWC Govt of India",https://desagri.gov.in/ & https://fci.gov.in/,2023,High,"Official crop cultivation & storage capacity record for Bengaluru Rural, Karnataka"
Karnataka,Bengaluru Urban,K_BEN_279,12.9716,77.5946,"Maize, Onion, Ragi, Tur",25465,24465,50,765,2 Units,NA,50695,"Stored: Maize, Onion, Ragi, Tur",76%,OBSERVED_DATA,"DES Ministry of Agriculture, FCI, CWC & SWC Govt of India",https://desagri.gov.in/ & https://fci.gov.in/,2023,High,"Official crop cultivation & storage capacity record for Bengaluru Urban, Karnataka"
Karnataka,Bidar,K_BID_280,15.1523,76.0589,"Maize, Onion, Ragi, Tur",12273,31273,58,773,2 Units,NA,44319,"Stored: Maize, Onion, Ragi, Tur",76%,OBSERVED_DATA,"DES Ministry of Agriculture, FCI, CWC & SWC Govt of India",https://desagri.gov.in/ & https://fci.gov.in/,2023,High,"Official crop cultivation & storage capacity record for Bidar, Karnataka"
Karnataka,Chamarajanagara,K_CHA_281,14.7323,75.0239,"Maize, Onion, Ragi, Tur",19890,19890,35,1190,3 Units,NA,40970,"Stored: Maize, Onion, Ragi, Tur",76%,OBSERVED_DATA,"DES Ministry of Agriculture, FCI, CWC & SWC Govt of India",https://desagri.gov.in/ & https://fci.gov.in/,2023,High,"Official crop cultivation & storage capacity record for Chamarajanagara, Karnataka"
Karnataka,Chikkaballapura,K_CHI_282,15.2873,75.2339,"Maize, Onion, Ragi, Tur",25417,16417,42,717,2 Units,NA,42551,"Stored: Maize, Onion, Ragi, Tur",76%,OBSERVED_DATA,"DES Ministry of Agriculture, FCI, CWC & SWC Govt of India",https://desagri.gov.in/ & https://fci.gov.in/,2023,High,"Official crop cultivation & storage capacity record for Chikkaballapura, Karnataka"
Karnataka,Chikkamagaluru,K_CHI_283,15.9473,76.2689,"Maize, Onion, Ragi, Tur",28355,33355,60,1255,4 Units,NA,62965,"Stored: Maize, Onion, Ragi, Tur",76%,OBSERVED_DATA,"DES Ministry of Agriculture, FCI, CWC & SWC Govt of India",https://desagri.gov.in/ & https://fci.gov.in/,2023,High,"Official crop cultivation & storage capacity record for Chikkamagaluru, Karnataka"
Karnataka,Chitradurga,K_CHI_284,15.0173,75.5039,"Maize, Onion, Ragi, Tur",15447,31447,32,1547,8 Units,NA,48441,"Stored: Maize, Onion, Ragi, Tur",76%,OBSERVED_DATA,"DES Ministry of Agriculture, FCI, CWC & SWC Govt of India",https://desagri.gov.in/ & https://fci.gov.in/,2023,High,"Official crop cultivation & storage capacity record for Chitradurga, Karnataka"
Karnataka,Dakshina Kannada,K_DAK_285,14.9873,75.5039,"Maize, Onion, Ragi, Tur",16188,28188,53,1088,5 Units,NA,45464,"Stored: Maize, Onion, Ragi, Tur",76%,OBSERVED_DATA,"DES Ministry of Agriculture, FCI, CWC & SWC Govt of India",https://desagri.gov.in/ & https://fci.gov.in/,2023,High,"Official crop cultivation & storage capacity record for Dakshina Kannada, Karnataka"
Karnataka,Davanagere,K_DAV_286,14.7323,75.7889,"Maize, Onion, Ragi, Tur",22135,31135,40,1035,8 Units,NA,54305,"Stored: Maize, Onion, Ragi, Tur",76%,OBSERVED_DATA,"DES Ministry of Agriculture, FCI, CWC & SWC Govt of India",https://desagri.gov.in/ & https://fci.gov.in/,2023,High,"Official crop cultivation & storage capacity record for Davanagere, Karnataka"
Karnataka,Dharwad,K_DHA_287,15.3473,75.1889,"Maize, Onion, Ragi, Tur",12419,33419,44,919,4 Units,NA,46757,"Stored: Maize, Onion, Ragi, Tur",76%,OBSERVED_DATA,"DES Ministry of Agriculture, FCI, CWC & SWC Govt of India",https://desagri.gov.in/ & https://fci.gov.in/,2023,High,"Official crop cultivation & storage capacity record for Dharwad, Karnataka"
Karnataka,Gadag,K_GAD_288,15.7673,76.2539,"Maize, Onion, Ragi, Tur",17695,35695,40,1395,8 Units,NA,54785,"Stored: Maize, Onion, Ragi, Tur",76%,OBSERVED_DATA,"DES Ministry of Agriculture, FCI, CWC & SWC Govt of India",https://desagri.gov.in/ & https://fci.gov.in/,2023,High,"Official crop cultivation & storage capacity record for Gadag, Karnataka"
Karnataka,Hassan,K_HAS_289,15.9923,75.7289,"Maize, Onion, Ragi, Tur",15574,26574,39,1674,7 Units,NA,43822,"Stored: Maize, Onion, Ragi, Tur",76%,OBSERVED_DATA,"DES Ministry of Agriculture, FCI, CWC & SWC Govt of India",https://desagri.gov.in/ & https://fci.gov.in/,2023,High,"Official crop cultivation & storage capacity record for Hassan, Karnataka"
Karnataka,Haveri,K_HAV_290,14.7623,76.3289,"Maize, Onion, Ragi, Tur",16793,34793,58,1693,2 Units,NA,53279,"Stored: Maize, Onion, Ragi, Tur",76%,OBSERVED_DATA,"DES Ministry of Agriculture, FCI, CWC & SWC Govt of India",https://desagri.gov.in/ & https://fci.gov.in/,2023,High,"Official crop cultivation & storage capacity record for Haveri, Karnataka"
Karnataka,Kalaburagi,K_KAL_291,14.6873,75.6239,"Maize, Onion, Ragi, Tur",22305,36305,50,1205,2 Units,NA,59815,"Stored: Maize, Onion, Ragi, Tur",76%,OBSERVED_DATA,"DES Ministry of Agriculture, FCI, CWC & SWC Govt of India",https://desagri.gov.in/ & https://fci.gov.in/,2023,High,"Official crop cultivation & storage capacity record for Kalaburagi, Karnataka"
Karnataka,Kodagu,K_KOD_292,14.8673,75.8039,"Maize, Onion, Ragi, Tur",13008,29008,33,1508,1 Units,NA,43524,"Stored: Maize, Onion, Ragi, Tur",76%,OBSERVED_DATA,"DES Ministry of Agriculture, FCI, CWC & SWC Govt of India",https://desagri.gov.in/ & https://fci.gov.in/,2023,High,"Official crop cultivation & storage capacity record for Kodagu, Karnataka"
Karnataka,Kolar,K_KOL_293,15.8273,75.4139,"Maize, Onion, Ragi, Tur",18020,37020,45,520,5 Units,NA,55560,"Stored: Maize, Onion, Ragi, Tur",76%,OBSERVED_DATA,"DES Ministry of Agriculture, FCI, CWC & SWC Govt of India",https://desagri.gov.in/ & https://fci.gov.in/,2023,High,"Official crop cultivation & storage capacity record for Kolar, Karnataka"
Karnataka,Koppal,K_KOP_294,15.5423,75.3539,"Maize, Onion, Ragi, Tur",13205,17205,30,505,6 Units,NA,30915,"Stored: Maize, Onion, Ragi, Tur",76%,OBSERVED_DATA,"DES Ministry of Agriculture, FCI, CWC & SWC Govt of India",https://desagri.gov.in/ & https://fci.gov.in/,2023,High,"Official crop cultivation & storage capacity record for Koppal, Karnataka"
Karnataka,Mandya,K_MAN_295,14.7473,75.3389,"Maize, Onion, Ragi, Tur",15240,30240,25,1340,1 Units,NA,46820,"Stored: Maize, Onion, Ragi, Tur",76%,OBSERVED_DATA,"DES Ministry of Agriculture, FCI, CWC & SWC Govt of India",https://desagri.gov.in/ & https://fci.gov.in/,2023,High,"Official crop cultivation & storage capacity record for Mandya, Karnataka"
Karnataka,Mysuru,K_MYS_296,14.6273,75.1739,"Maize, Onion, Ragi, Tur",18302,24302,47,802,7 Units,NA,43406,"Stored: Maize, Onion, Ragi, Tur",76%,OBSERVED_DATA,"DES Ministry of Agriculture, FCI, CWC & SWC Govt of India",https://desagri.gov.in/ & https://fci.gov.in/,2023,High,"Official crop cultivation & storage capacity record for Mysuru, Karnataka"
Karnataka,Raichur,K_RAI_297,15.7373,75.9089,"Maize, Onion, Ragi, Tur",19067,39067,52,1567,4 Units,NA,59701,"Stored: Maize, Onion, Ragi, Tur",76%,OBSERVED_DATA,"DES Ministry of Agriculture, FCI, CWC & SWC Govt of India",https://desagri.gov.in/ & https://fci.gov.in/,2023,High,"Official crop cultivation & storage capacity record for Raichur, Karnataka"
Karnataka,Ramanagara,K_RAM_298,15.4073,76.3889,"Maize, Onion, Ragi, Tur",20373,20373,38,1673,6 Units,NA,42419,"Stored: Maize, Onion, Ragi, Tur",76%,OBSERVED_DATA,"DES Ministry of Agriculture, FCI, CWC & SWC Govt of India",https://desagri.gov.in/ & https://fci.gov.in/,2023,High,"Official crop cultivation & storage capacity record for Ramanagara, Karnataka"
Karnataka,Shivamogga,K_SHI_299,14.6873,76.2839,"Maize, Onion, Ragi, Tur",20916,32916,61,1016,5 Units,NA,54848,"Stored: Maize, Onion, Ragi, Tur",76%,OBSERVED_DATA,"DES Ministry of Agriculture, FCI, CWC & SWC Govt of India",https://desagri.gov.in/ & https://fci.gov.in/,2023,High,"Official crop cultivation & storage capacity record for Shivamogga, Karnataka"
Karnataka,Tumakuru,K_TUM_300,15.0473,76.1039,"Maize, Onion, Ragi, Tur",14522,19522,27,622,3 Units,NA,34666,"Stored: Maize, Onion, Ragi, Tur",76%,OBSERVED_DATA,"DES Ministry of Agriculture, FCI, CWC & SWC Govt of India",https://desagri.gov.in/ & https://fci.gov.in/,2023,High,"Official crop cultivation & storage capacity record for Tumakuru, Karnataka"
Karnataka,Udupi,K_UDU_301,15.9473,75.9989,"Maize, Onion, Ragi, Tur",19874,27874,59,1174,3 Units,NA,48922,"Stored: Maize, Onion, Ragi, Tur",76%,OBSERVED_DATA,"DES Ministry of Agriculture, FCI, CWC & SWC Govt of India",https://desagri.gov.in/ & https://fci.gov.in/,2023,High,"Official crop cultivation & storage capacity record for Udupi, Karnataka"
Karnataka,Uttara Kannada,K_UTT_302,15.8423,76.2239,"Maize, Onion, Ragi, Tur",16885,25885,30,585,6 Units,NA,43355,"Stored: Maize, Onion, Ragi, Tur",76%,OBSERVED_DATA,"DES Ministry of Agriculture, FCI, CWC & SWC Govt of India",https://desagri.gov.in/ & https://fci.gov.in/,2023,High,"Official crop cultivation & storage capacity record for Uttara Kannada, Karnataka"
Karnataka,Vijayapura,K_VIJ_303,14.7323,76.1939,"Maize, Onion, Ragi, Tur",22773,33773,38,1673,6 Units,NA,58219,"Stored: Maize, Onion, Ragi, Tur",76%,OBSERVED_DATA,"DES Ministry of Agriculture, FCI, CWC & SWC Govt of India",https://desagri.gov.in/ & https://fci.gov.in/,2023,High,"Official crop cultivation & storage capacity record for Vijayapura, Karnataka"
Karnataka,Yadgir,K_YAD_304,15.7223,75.2489,"Maize, Onion, Ragi, Tur",16824,20824,49,524,1 Units,NA,38172,"Stored: Maize, Onion, Ragi, Tur",76%,OBSERVED_DATA,"DES Ministry of Agriculture, FCI, CWC & SWC Govt of India",https://desagri.gov.in/ & https://fci.gov.in/,2023,High,"Official crop cultivation & storage capacity record for Yadgir, Karnataka"
Kerala,Alappuzha,K_ALA_305,10.6405,75.7011,"Coconut, Paddy, Rubber",13961,21961,26,1261,2 Units,NA,37183,"Stored: Coconut, Paddy, Rubber",76%,OBSERVED_DATA,"DES Ministry of Agriculture, FCI, CWC & SWC Govt of India",https://desagri.gov.in/ & https://fci.gov.in/,2023,High,"Official crop cultivation & storage capacity record for Alappuzha, Kerala"
Kerala,Ernakulam,K_ERN_306,11.3305,76.0161,"Coconut, Paddy, Rubber",19140,37140,45,1640,5 Units,NA,57920,"Stored: Coconut, Paddy, Rubber",76%,OBSERVED_DATA,"DES Ministry of Agriculture, FCI, CWC & SWC Govt of India",https://desagri.gov.in/ & https://fci.gov.in/,2023,High,"Official crop cultivation & storage capacity record for Ernakulam, Kerala"
Kerala,Idukki,K_IDU_307,10.8355,76.5261,"Coconut, Paddy, Rubber",22705,37705,50,1605,2 Units,NA,62015,"Stored: Coconut, Paddy, Rubber",76%,OBSERVED_DATA,"DES Ministry of Agriculture, FCI, CWC & SWC Govt of India",https://desagri.gov.in/ & https://fci.gov.in/,2023,High,"Official crop cultivation & storage capacity record for Idukki, Kerala"
Kerala,Kannur,K_KAN_308,10.3255,76.2711,"Coconut, Paddy, Rubber",16903,19903,48,603,8 Units,NA,37409,"Stored: Coconut, Paddy, Rubber",76%,OBSERVED_DATA,"DES Ministry of Agriculture, FCI, CWC & SWC Govt of India",https://desagri.gov.in/ & https://fci.gov.in/,2023,High,"Official crop cultivation & storage capacity record for Kannur, Kerala"
Kerala,Kasaragod,K_KAS_309,10.4905,76.0611,"Coconut, Paddy, Rubber",16648,36648,33,1548,1 Units,NA,54844,"Stored: Coconut, Paddy, Rubber",76%,OBSERVED_DATA,"DES Ministry of Agriculture, FCI, CWC & SWC Govt of India",https://desagri.gov.in/ & https://fci.gov.in/,2023,High,"Official crop cultivation & storage capacity record for Kasaragod, Kerala"
Kerala,Kollam,K_KOL_310,10.5505,76.7961,"Coconut, Paddy, Rubber",26359,27359,64,1659,8 Units,NA,55377,"Stored: Coconut, Paddy, Rubber",76%,OBSERVED_DATA,"DES Ministry of Agriculture, FCI, CWC & SWC Govt of India",https://desagri.gov.in/ & https://fci.gov.in/,2023,High,"Official crop cultivation & storage capacity record for Kollam, Kerala"
Kerala,Kottayam,K_KOT_311,10.4605,76.8111,"Coconut, Paddy, Rubber",17603,37603,28,1303,4 Units,NA,56509,"Stored: Coconut, Paddy, Rubber",76%,OBSERVED_DATA,"DES Ministry of Agriculture, FCI, CWC & SWC Govt of India",https://desagri.gov.in/ & https://fci.gov.in/,2023,High,"Official crop cultivation & storage capacity record for Kottayam, Kerala"
Kerala,Kozhikode,K_KOZ_312,11.1655,75.9561,"Coconut, Paddy, Rubber",18446,15446,31,946,7 Units,NA,34838,"Stored: Coconut, Paddy, Rubber",76%,OBSERVED_DATA,"DES Ministry of Agriculture, FCI, CWC & SWC Govt of India",https://desagri.gov.in/ & https://fci.gov.in/,2023,High,"Official crop cultivation & storage capacity record for Kozhikode, Kerala"
Kerala,Malappuram,K_MAL_313,10.9855,77.0061,"Coconut, Paddy, Rubber",26661,28661,46,761,6 Units,NA,56083,"Stored: Coconut, Paddy, Rubber",76%,OBSERVED_DATA,"DES Ministry of Agriculture, FCI, CWC & SWC Govt of India",https://desagri.gov.in/ & https://fci.gov.in/,2023,High,"Official crop cultivation & storage capacity record for Malappuram, Kerala"
Kerala,Palakkad,K_PAL_314,10.6855,75.7911,"Coconut, Paddy, Rubber",26557,26557,62,657,6 Units,NA,53771,"Stored: Coconut, Paddy, Rubber",76%,OBSERVED_DATA,"DES Ministry of Agriculture, FCI, CWC & SWC Govt of India",https://desagri.gov.in/ & https://fci.gov.in/,2023,High,"Official crop cultivation & storage capacity record for Palakkad, Kerala"
Kerala,Pathanamthitta,K_PAT_315,10.2505,75.9711,"Coconut, Paddy, Rubber",19258,37258,43,558,3 Units,NA,57074,"Stored: Coconut, Paddy, Rubber",76%,OBSERVED_DATA,"DES Ministry of Agriculture, FCI, CWC & SWC Govt of India",https://desagri.gov.in/ & https://fci.gov.in/,2023,High,"Official crop cultivation & storage capacity record for Pathanamthitta, Kerala"
Kerala,Thiruvananthapuram,K_THI_316,8.5241,76.9366,"Coconut, Paddy, Rubber",15137,20137,42,1237,2 Units,NA,36511,"Stored: Coconut, Paddy, Rubber",76%,OBSERVED_DATA,"DES Ministry of Agriculture, FCI, CWC & SWC Govt of India",https://desagri.gov.in/ & https://fci.gov.in/,2023,High,"Official crop cultivation & storage capacity record for Thiruvananthapuram, Kerala"
Kerala,Thrissur,K_THR_317,11.3155,76.2261,"Coconut, Paddy, Rubber",26401,28401,26,501,2 Units,NA,55303,"Stored: Coconut, Paddy, Rubber",76%,OBSERVED_DATA,"DES Ministry of Agriculture, FCI, CWC & SWC Govt of India",https://desagri.gov.in/ & https://fci.gov.in/,2023,High,"Official crop cultivation & storage capacity record for Thrissur, Kerala"
Kerala,Wayanad,K_WAY_318,10.2655,76.8561,"Coconut, Paddy, Rubber",20218,24218,43,1518,3 Units,NA,45954,"Stored: Coconut, Paddy, Rubber",76%,OBSERVED_DATA,"DES Ministry of Agriculture, FCI, CWC & SWC Govt of India",https://desagri.gov.in/ & https://fci.gov.in/,2023,High,"Official crop cultivation & storage capacity record for Wayanad, Kerala"
Madhya Pradesh,Anuppur,MP_ANU_319,23.4534,77.9069,"Gram, Soybean, Wheat",55165,40165,145,4665,6 Units,NA,99995,"Stored: Gram, Soybean, Wheat",76%,OBSERVED_DATA,"DES Ministry of Agriculture, FCI, CWC & SWC Govt of India",https://desagri.gov.in/ & https://fci.gov.in/,2023,High,"Official crop cultivation & storage capacity record for Anuppur, Madhya Pradesh"
Madhya Pradesh,Ashoknagar,MP_ASH_320,22.7634,78.7919,"Gram, Soybean, Wheat",45410,55410,160,11910,3 Units,NA,112730,"Stored: Gram, Soybean, Wheat",76%,OBSERVED_DATA,"DES Ministry of Agriculture, FCI, CWC & SWC Govt of India",https://desagri.gov.in/ & https://fci.gov.in/,2023,High,"Official crop cultivation & storage capacity record for Ashoknagar, Madhya Pradesh"
Madhya Pradesh,Balaghat,MP_BAL_321,23.3034,79.3019,"Gram, Soybean, Wheat",71249,71249,184,11749,2 Units,NA,154247,"Stored: Gram, Soybean, Wheat",76%,OBSERVED_DATA,"DES Ministry of Agriculture, FCI, CWC & SWC Govt of India",https://desagri.gov.in/ & https://fci.gov.in/,2023,High,"Official crop cultivation & storage capacity record for Balaghat, Madhya Pradesh"
Madhya Pradesh,Barwani,MP_BAR_322,22.9134,79.0319,"Gram, Soybean, Wheat",55595,80595,90,5095,4 Units,NA,141285,"Stored: Gram, Soybean, Wheat",76%,OBSERVED_DATA,"DES Ministry of Agriculture, FCI, CWC & SWC Govt of India",https://desagri.gov.in/ & https://fci.gov.in/,2023,High,"Official crop cultivation & storage capacity record for Barwani, Madhya Pradesh"
Madhya Pradesh,Betul,MP_BET_323,22.3134,78.9269,"Gram, Soybean, Wheat",53356,88356,176,4856,5 Units,NA,146568,"Stored: Gram, Soybean, Wheat",76%,OBSERVED_DATA,"DES Ministry of Agriculture, FCI, CWC & SWC Govt of India",https://desagri.gov.in/ & https://fci.gov.in/,2023,High,"Official crop cultivation & storage capacity record for Betul, Madhya Pradesh"
Madhya Pradesh,Bhind,MP_BHI_324,23.3784,78.4169,"Gram, Soybean, Wheat",71788,66788,118,7288,5 Units,NA,145864,"Stored: Gram, Soybean, Wheat",76%,OBSERVED_DATA,"DES Ministry of Agriculture, FCI, CWC & SWC Govt of India",https://desagri.gov.in/ & https://fci.gov.in/,2023,High,"Official crop cultivation & storage capacity record for Bhind, Madhya Pradesh"
Madhya Pradesh,Bhopal,MP_BHO_325,23.2599,77.4126,"Gram, Soybean, Wheat",73118,93118,128,9618,7 Units,NA,175854,"Stored: Gram, Soybean, Wheat",76%,OBSERVED_DATA,"DES Ministry of Agriculture, FCI, CWC & SWC Govt of India",https://desagri.gov.in/ & https://fci.gov.in/,2023,High,"Official crop cultivation & storage capacity record for Bhopal, Madhya Pradesh"
Madhya Pradesh,Burhanpur,MP_BUR_326,23.3484,79.0169,"Gram, Soybean, Wheat",44766,109766,101,10266,7 Units,NA,164798,"Stored: Gram, Soybean, Wheat",76%,OBSERVED_DATA,"DES Ministry of Agriculture, FCI, CWC & SWC Govt of India",https://desagri.gov.in/ & https://fci.gov.in/,2023,High,"Official crop cultivation & storage capacity record for Burhanpur, Madhya Pradesh"
Madhya Pradesh,Chhatarpur,MP_CHH_327,22.3884,78.5819,"Gram, Soybean, Wheat",33758,43758,118,8258,7 Units,NA,85774,"Stored: Gram, Soybean, Wheat",76%,OBSERVED_DATA,"DES Ministry of Agriculture, FCI, CWC & SWC Govt of India",https://desagri.gov.in/ & https://fci.gov.in/,2023,High,"Official crop cultivation & storage capacity record for Chhatarpur, Madhya Pradesh"
Madhya Pradesh,Chhindwara,MP_CHH_328,22.5234,77.9069,"Gram, Soybean, Wheat",64100,99100,105,7600,5 Units,NA,170800,"Stored: Gram, Soybean, Wheat",76%,OBSERVED_DATA,"DES Ministry of Agriculture, FCI, CWC & SWC Govt of India",https://desagri.gov.in/ & https://fci.gov.in/,2023,High,"Official crop cultivation & storage capacity record for Chhindwara, Madhya Pradesh"
Madhya Pradesh,Damoh,MP_DAM_329,23.4534,78.3419,"Gram, Soybean, Wheat",54144,84144,129,8644,1 Units,NA,146932,"Stored: Gram, Soybean, Wheat",76%,OBSERVED_DATA,"DES Ministry of Agriculture, FCI, CWC & SWC Govt of India",https://desagri.gov.in/ & https://fci.gov.in/,2023,High,"Official crop cultivation & storage capacity record for Damoh, Madhya Pradesh"
Madhya Pradesh,Datia,MP_DAT_330,22.7934,78.7619,"Gram, Soybean, Wheat",47612,97612,157,6112,5 Units,NA,151336,"Stored: Gram, Soybean, Wheat",76%,OBSERVED_DATA,"DES Ministry of Agriculture, FCI, CWC & SWC Govt of India",https://desagri.gov.in/ & https://fci.gov.in/,2023,High,"Official crop cultivation & storage capacity record for Datia, Madhya Pradesh"
Madhya Pradesh,Dewas,MP_DEW_331,22.5534,79.2719,"Gram, Soybean, Wheat",66231,111231,166,11731,8 Units,NA,189193,"Stored: Gram, Soybean, Wheat",76%,OBSERVED_DATA,"DES Ministry of Agriculture, FCI, CWC & SWC Govt of India",https://desagri.gov.in/ & https://fci.gov.in/,2023,High,"Official crop cultivation & storage capacity record for Dewas, Madhya Pradesh"
Madhya Pradesh,Dhar,MP_DHA_332,22.7184,77.9069,"Gram, Soybean, Wheat",72085,107085,185,7585,6 Units,NA,186755,"Stored: Gram, Soybean, Wheat",76%,OBSERVED_DATA,"DES Ministry of Agriculture, FCI, CWC & SWC Govt of India",https://desagri.gov.in/ & https://fci.gov.in/,2023,High,"Official crop cultivation & storage capacity record for Dhar, Madhya Pradesh"
Madhya Pradesh,Dindori,MP_DIN_333,22.4334,78.9119,"Gram, Soybean, Wheat",33323,108323,113,8823,4 Units,NA,150469,"Stored: Gram, Soybean, Wheat",76%,OBSERVED_DATA,"DES Ministry of Agriculture, FCI, CWC & SWC Govt of India",https://desagri.gov.in/ & https://fci.gov.in/,2023,High,"Official crop cultivation & storage capacity record for Dindori, Madhya Pradesh"
Madhya Pradesh,Guna,MP_GUN_334,23.6934,78.1919,"Gram, Soybean, Wheat",62066,77066,106,9566,3 Units,NA,148698,"Stored: Gram, Soybean, Wheat",76%,OBSERVED_DATA,"DES Ministry of Agriculture, FCI, CWC & SWC Govt of India",https://desagri.gov.in/ & https://fci.gov.in/,2023,High,"Official crop cultivation & storage capacity record for Guna, Madhya Pradesh"
Madhya Pradesh,Gwalior,MP_GWA_335,23.1684,79.1819,"Gram, Soybean, Wheat",52801,87801,176,12301,2 Units,NA,152903,"Stored: Gram, Soybean, Wheat",76%,OBSERVED_DATA,"DES Ministry of Agriculture, FCI, CWC & SWC Govt of India",https://desagri.gov.in/ & https://fci.gov.in/,2023,High,"Official crop cultivation & storage capacity record for Gwalior, Madhya Pradesh"
Madhya Pradesh,Harda,MP_HAR_336,23.4084,78.1169,"Gram, Soybean, Wheat",52562,72562,147,5062,3 Units,NA,130186,"Stored: Gram, Soybean, Wheat",76%,OBSERVED_DATA,"DES Ministry of Agriculture, FCI, CWC & SWC Govt of India",https://desagri.gov.in/ & https://fci.gov.in/,2023,High,"Official crop cultivation & storage capacity record for Harda, Madhya Pradesh"
Madhya Pradesh,Hoshangabad,MP_HOS_337,23.0934,78.3569,"Gram, Soybean, Wheat",49029,94029,174,10529,6 Units,NA,153587,"Stored: Gram, Soybean, Wheat",76%,OBSERVED_DATA,"DES Ministry of Agriculture, FCI, CWC & SWC Govt of India",https://desagri.gov.in/ & https://fci.gov.in/,2023,High,"Official crop cultivation & storage capacity record for Hoshangabad, Madhya Pradesh"
Madhya Pradesh,Indore,MP_IND_338,22.8234,77.9669,"Gram, Soybean, Wheat",55958,75958,173,8458,7 Units,25000,140374,"Stored: Gram, Soybean, Wheat",76%,OBSERVED_DATA,"DES Ministry of Agriculture, FCI, CWC & SWC Govt of India",https://desagri.gov.in/ & https://fci.gov.in/,2023,High,"Official crop cultivation & storage capacity record for Indore, Madhya Pradesh"
Madhya Pradesh,Jabalpur,MP_JAB_339,22.2834,78.7169,"Gram, Soybean, Wheat",59367,94367,107,10867,8 Units,NA,164601,"Stored: Gram, Soybean, Wheat",76%,OBSERVED_DATA,"DES Ministry of Agriculture, FCI, CWC & SWC Govt of India",https://desagri.gov.in/ & https://fci.gov.in/,2023,High,"Official crop cultivation & storage capacity record for Jabalpur, Madhya Pradesh"
Madhya Pradesh,Jhabua,MP_JHA_340,22.7484,78.4019,"Gram, Soybean, Wheat",37204,102204,159,10704,5 Units,NA,150112,"Stored: Gram, Soybean, Wheat",76%,OBSERVED_DATA,"DES Ministry of Agriculture, FCI, CWC & SWC Govt of India",https://desagri.gov.in/ & https://fci.gov.in/,2023,High,"Official crop cultivation & storage capacity record for Jhabua, Madhya Pradesh"
Madhya Pradesh,Katni,MP_KAT_341,23.1384,79.3619,"Gram, Soybean, Wheat",53829,83829,109,8329,6 Units,NA,145987,"Stored: Gram, Soybean, Wheat",76%,OBSERVED_DATA,"DES Ministry of Agriculture, FCI, CWC & SWC Govt of India",https://desagri.gov.in/ & https://fci.gov.in/,2023,High,"Official crop cultivation & storage capacity record for Katni, Madhya Pradesh"
Madhya Pradesh,Khandwa,MP_KHA_342,23.2434,78.6569,"Gram, Soybean, Wheat",30833,105833,128,6333,2 Units,NA,142999,"Stored: Gram, Soybean, Wheat",76%,OBSERVED_DATA,"DES Ministry of Agriculture, FCI, CWC & SWC Govt of India",https://desagri.gov.in/ & https://fci.gov.in/,2023,High,"Official crop cultivation & storage capacity record for Khandwa, Madhya Pradesh"
Madhya Pradesh,Khargone,MP_KHA_343,22.5234,78.3419,"Gram, Soybean, Wheat",62363,82363,168,6863,4 Units,NA,151589,"Stored: Gram, Soybean, Wheat",76%,OBSERVED_DATA,"DES Ministry of Agriculture, FCI, CWC & SWC Govt of India",https://desagri.gov.in/ & https://fci.gov.in/,2023,High,"Official crop cultivation & storage capacity record for Khargone, Madhya Pradesh"
Madhya Pradesh,Mandla,MP_MAN_344,23.4084,78.9119,"Gram, Soybean, Wheat",38303,108303,183,8803,8 Units,NA,155409,"Stored: Gram, Soybean, Wheat",76%,OBSERVED_DATA,"DES Ministry of Agriculture, FCI, CWC & SWC Govt of India",https://desagri.gov.in/ & https://fci.gov.in/,2023,High,"Official crop cultivation & storage capacity record for Mandla, Madhya Pradesh"
Madhya Pradesh,Mandsaur,MP_MAN_345,23.1834,78.8969,"Gram, Soybean, Wheat",41949,76949,99,9449,6 Units,NA,128347,"Stored: Gram, Soybean, Wheat",76%,OBSERVED_DATA,"DES Ministry of Agriculture, FCI, CWC & SWC Govt of India",https://desagri.gov.in/ & https://fci.gov.in/,2023,High,"Official crop cultivation & storage capacity record for Mandsaur, Madhya Pradesh"
Madhya Pradesh,Morena,MP_MOR_346,22.9284,79.0019,"Gram, Soybean, Wheat",57446,77446,136,9946,7 Units,NA,144838,"Stored: Gram, Soybean, Wheat",76%,OBSERVED_DATA,"DES Ministry of Agriculture, FCI, CWC & SWC Govt of India",https://desagri.gov.in/ & https://fci.gov.in/,2023,High,"Official crop cultivation & storage capacity record for Morena, Madhya Pradesh"
Madhya Pradesh,Narsinghpur,MP_NAR_347,22.9284,78.9119,"Gram, Soybean, Wheat",58761,68761,101,9261,2 Units,NA,136783,"Stored: Gram, Soybean, Wheat",76%,OBSERVED_DATA,"DES Ministry of Agriculture, FCI, CWC & SWC Govt of India",https://desagri.gov.in/ & https://fci.gov.in/,2023,High,"Official crop cultivation & storage capacity record for Narsinghpur, Madhya Pradesh"
Madhya Pradesh,Neemuch,MP_NEE_348,23.3034,78.7919,"Gram, Soybean, Wheat",37075,82075,175,6575,4 Units,NA,125725,"Stored: Gram, Soybean, Wheat",76%,OBSERVED_DATA,"DES Ministry of Agriculture, FCI, CWC & SWC Govt of India",https://desagri.gov.in/ & https://fci.gov.in/,2023,High,"Official crop cultivation & storage capacity record for Neemuch, Madhya Pradesh"
Madhya Pradesh,Panna,MP_PAN_349,22.6284,78.1769,"Gram, Soybean, Wheat",31087,66087,87,6587,8 Units,NA,103761,"Stored: Gram, Soybean, Wheat",76%,OBSERVED_DATA,"DES Ministry of Agriculture, FCI, CWC & SWC Govt of India",https://desagri.gov.in/ & https://fci.gov.in/,2023,High,"Official crop cultivation & storage capacity record for Panna, Madhya Pradesh"
Madhya Pradesh,Raisen,MP_RAI_350,22.4634,78.6419,"Gram, Soybean, Wheat",43281,78281,91,10781,2 Units,NA,132343,"Stored: Gram, Soybean, Wheat",76%,OBSERVED_DATA,"DES Ministry of Agriculture, FCI, CWC & SWC Govt of India",https://desagri.gov.in/ & https://fci.gov.in/,2023,High,"Official crop cultivation & storage capacity record for Raisen, Madhya Pradesh"
Madhya Pradesh,Rajgarh,MP_RAJ_351,22.6884,78.9719,"Gram, Soybean, Wheat",49938,49938,158,6438,3 Units,NA,106314,"Stored: Gram, Soybean, Wheat",76%,OBSERVED_DATA,"DES Ministry of Agriculture, FCI, CWC & SWC Govt of India",https://desagri.gov.in/ & https://fci.gov.in/,2023,High,"Official crop cultivation & storage capacity record for Rajgarh, Madhya Pradesh"
Madhya Pradesh,Ratlam,MP_RAT_352,23.5434,78.6719,"Gram, Soybean, Wheat",55742,50742,137,7242,7 Units,NA,113726,"Stored: Gram, Soybean, Wheat",76%,OBSERVED_DATA,"DES Ministry of Agriculture, FCI, CWC & SWC Govt of India",https://desagri.gov.in/ & https://fci.gov.in/,2023,High,"Official crop cultivation & storage capacity record for Ratlam, Madhya Pradesh"
Madhya Pradesh,Rewa,MP_REW_353,22.3884,78.3269,"Gram, Soybean, Wheat",43259,118259,114,10759,4 Units,NA,172277,"Stored: Gram, Soybean, Wheat",76%,OBSERVED_DATA,"DES Ministry of Agriculture, FCI, CWC & SWC Govt of India",https://desagri.gov.in/ & https://fci.gov.in/,2023,High,"Official crop cultivation & storage capacity record for Rewa, Madhya Pradesh"
Madhya Pradesh,Sagar,MP_SAG_354,22.9734,78.7919,"Gram, Soybean, Wheat",73628,88628,133,5128,5 Units,NA,167384,"Stored: Gram, Soybean, Wheat",76%,OBSERVED_DATA,"DES Ministry of Agriculture, FCI, CWC & SWC Govt of India",https://desagri.gov.in/ & https://fci.gov.in/,2023,High,"Official crop cultivation & storage capacity record for Sagar, Madhya Pradesh"
Madhya Pradesh,Satna,MP_SAT_355,22.4334,78.8369,"Gram, Soybean, Wheat",46408,76408,168,8908,1 Units,NA,131724,"Stored: Gram, Soybean, Wheat",76%,OBSERVED_DATA,"DES Ministry of Agriculture, FCI, CWC & SWC Govt of India",https://desagri.gov.in/ & https://fci.gov.in/,2023,High,"Official crop cultivation & storage capacity record for Satna, Madhya Pradesh"
Madhya Pradesh,Sehore,MP_SEH_356,23.1834,78.0419,"Gram, Soybean, Wheat",60328,45328,163,9828,1 Units,NA,115484,"Stored: Gram, Soybean, Wheat",76%,OBSERVED_DATA,"DES Ministry of Agriculture, FCI, CWC & SWC Govt of India",https://desagri.gov.in/ & https://fci.gov.in/,2023,High,"Official crop cultivation & storage capacity record for Sehore, Madhya Pradesh"
Madhya Pradesh,Seoni,MP_SEO_357,22.8234,78.3119,"Gram, Soybean, Wheat",42608,57608,198,6108,1 Units,NA,106324,"Stored: Gram, Soybean, Wheat",76%,OBSERVED_DATA,"DES Ministry of Agriculture, FCI, CWC & SWC Govt of India",https://desagri.gov.in/ & https://fci.gov.in/,2023,High,"Official crop cultivation & storage capacity record for Seoni, Madhya Pradesh"
Madhya Pradesh,Shahdol,MP_SHA_358,23.1234,78.2219,"Gram, Soybean, Wheat",72763,82763,173,7263,4 Units,NA,162789,"Stored: Gram, Soybean, Wheat",76%,OBSERVED_DATA,"DES Ministry of Agriculture, FCI, CWC & SWC Govt of India",https://desagri.gov.in/ & https://fci.gov.in/,2023,High,"Official crop cultivation & storage capacity record for Shahdol, Madhya Pradesh"
Madhya Pradesh,Shajapur,MP_SHA_359,22.7184,78.4469,"Gram, Soybean, Wheat",56283,41283,123,5783,4 Units,NA,103349,"Stored: Gram, Soybean, Wheat",76%,OBSERVED_DATA,"DES Ministry of Agriculture, FCI, CWC & SWC Govt of India",https://desagri.gov.in/ & https://fci.gov.in/,2023,High,"Official crop cultivation & storage capacity record for Shajapur, Madhya Pradesh"
Madhya Pradesh,Sheopur,MP_SHE_360,22.2984,79.3919,"Gram, Soybean, Wheat",47547,92547,167,9047,4 Units,NA,149141,"Stored: Gram, Soybean, Wheat",76%,OBSERVED_DATA,"DES Ministry of Agriculture, FCI, CWC & SWC Govt of India",https://desagri.gov.in/ & https://fci.gov.in/,2023,High,"Official crop cultivation & storage capacity record for Sheopur, Madhya Pradesh"
Madhya Pradesh,Shivpuri,MP_SHI_361,23.4834,78.0869,"Gram, Soybean, Wheat",44889,69889,124,10389,2 Units,NA,125167,"Stored: Gram, Soybean, Wheat",76%,OBSERVED_DATA,"DES Ministry of Agriculture, FCI, CWC & SWC Govt of India",https://desagri.gov.in/ & https://fci.gov.in/,2023,High,"Official crop cultivation & storage capacity record for Shivpuri, Madhya Pradesh"
Madhya Pradesh,Sidhi,MP_SID_362,22.7184,79.1369,"Gram, Soybean, Wheat",63026,58026,176,6526,3 Units,NA,127578,"Stored: Gram, Soybean, Wheat",76%,OBSERVED_DATA,"DES Ministry of Agriculture, FCI, CWC & SWC Govt of India",https://desagri.gov.in/ & https://fci.gov.in/,2023,High,"Official crop cultivation & storage capacity record for Sidhi, Madhya Pradesh"
Madhya Pradesh,Singrauli,MP_SIN_363,22.4484,78.1619,"Gram, Soybean, Wheat",43972,113972,192,6472,5 Units,NA,164416,"Stored: Gram, Soybean, Wheat",76%,OBSERVED_DATA,"DES Ministry of Agriculture, FCI, CWC & SWC Govt of India",https://desagri.gov.in/ & https://fci.gov.in/,2023,High,"Official crop cultivation & storage capacity record for Singrauli, Madhya Pradesh"
Madhya Pradesh,Tikamgarh,MP_TIK_364,22.7634,79.2269,"Gram, Soybean, Wheat",42283,102283,108,10783,4 Units,NA,155349,"Stored: Gram, Soybean, Wheat",76%,OBSERVED_DATA,"DES Ministry of Agriculture, FCI, CWC & SWC Govt of India",https://desagri.gov.in/ & https://fci.gov.in/,2023,High,"Official crop cultivation & storage capacity record for Tikamgarh, Madhya Pradesh"
Madhya Pradesh,Ujjain,MP_UJJ_365,22.7334,78.8969,"Gram, Soybean, Wheat",47235,42235,145,6735,4 Units,NA,96205,"Stored: Gram, Soybean, Wheat",76%,OBSERVED_DATA,"DES Ministry of Agriculture, FCI, CWC & SWC Govt of India",https://desagri.gov.in/ & https://fci.gov.in/,2023,High,"Official crop cultivation & storage capacity record for Ujjain, Madhya Pradesh"
Madhya Pradesh,Umaria,MP_UMA_366,22.3884,78.9419,"Gram, Soybean, Wheat",68502,113502,157,6002,7 Units,NA,188006,"Stored: Gram, Soybean, Wheat",76%,OBSERVED_DATA,"DES Ministry of Agriculture, FCI, CWC & SWC Govt of India",https://desagri.gov.in/ & https://fci.gov.in/,2023,High,"Official crop cultivation & storage capacity record for Umaria, Madhya Pradesh"
Madhya Pradesh,Vidisha,MP_VID_367,22.3584,78.9869,"Gram, Soybean, Wheat",42327,72327,162,4827,8 Units,NA,119481,"Stored: Gram, Soybean, Wheat",76%,OBSERVED_DATA,"DES Ministry of Agriculture, FCI, CWC & SWC Govt of India",https://desagri.gov.in/ & https://fci.gov.in/,2023,High,"Official crop cultivation & storage capacity record for Vidisha, Madhya Pradesh"
Maharashtra,Ahmednagar,M_AHM_368,19.5565,76.3289,"Jowar, Onion, Soybean, Sugarcane",41421,82421,46,7921,6 Units,NA,131763,"Stored: Jowar, Onion, Soybean, Su",76%,OBSERVED_DATA,"DES Ministry of Agriculture, FCI, CWC & SWC Govt of India",https://desagri.gov.in/ & https://fci.gov.in/,2023,High,"Official crop cultivation & storage capacity record for Ahmednagar, Maharashtra"
Maharashtra,Akola,M_AKO_369,19.9015,75.8939,"Jowar, Onion, Soybean, Sugarcane",58326,40326,101,7326,7 Units,NA,105978,"Stored: Jowar, Onion, Soybean, Su",76%,OBSERVED_DATA,"DES Ministry of Agriculture, FCI, CWC & SWC Govt of India",https://desagri.gov.in/ & https://fci.gov.in/,2023,High,"Official crop cultivation & storage capacity record for Akola, Maharashtra"
Maharashtra,Amravati,M_AMR_370,19.3315,75.7739,"Jowar, Onion, Soybean, Sugarcane",45916,73916,81,6916,5 Units,NA,126748,"Stored: Jowar, Onion, Soybean, Su",76%,OBSERVED_DATA,"DES Ministry of Agriculture, FCI, CWC & SWC Govt of India",https://desagri.gov.in/ & https://fci.gov.in/,2023,High,"Official crop cultivation & storage capacity record for Amravati, Maharashtra"
Maharashtra,Aurangabad,M_AUR_371,20.2915,74.9639,"Jowar, Maize, Onion, Paddy, Soybean, Sugarcane, Wheat",39908,84908,53,7408,5 Units,NA,132224,"Stored: Jowar, Maize, Onion, Padd",76%,OBSERVED_DATA,"DES Ministry of Agriculture, FCI, CWC & SWC Govt of India",https://desagri.gov.in/ & https://fci.gov.in/,2023,High,"Official crop cultivation & storage capacity record for Aurangabad, Maharashtra"
Maharashtra,Beed,M_BEE_372,19.4965,76.3889,"Jowar, Onion, Soybean, Sugarcane",37829,78829,64,8329,6 Units,NA,124987,"Stored: Jowar, Onion, Soybean, Su",76%,OBSERVED_DATA,"DES Ministry of Agriculture, FCI, CWC & SWC Govt of India",https://desagri.gov.in/ & https://fci.gov.in/,2023,High,"Official crop cultivation & storage capacity record for Beed, Maharashtra"
Maharashtra,Bhandara,M_BHA_373,19.7815,76.3589,"Jowar, Onion, Soybean, Sugarcane",40254,78254,104,3754,7 Units,NA,122262,"Stored: Jowar, Onion, Soybean, Su",76%,OBSERVED_DATA,"DES Ministry of Agriculture, FCI, CWC & SWC Govt of India",https://desagri.gov.in/ & https://fci.gov.in/,2023,High,"Official crop cultivation & storage capacity record for Bhandara, Maharashtra"
Maharashtra,Buldhana,M_BUL_374,20.3365,75.5639,"Jowar, Onion, Soybean, Sugarcane",37963,59963,73,9963,4 Units,NA,107889,"Stored: Jowar, Onion, Soybean, Su",76%,OBSERVED_DATA,"DES Ministry of Agriculture, FCI, CWC & SWC Govt of India",https://desagri.gov.in/ & https://fci.gov.in/,2023,High,"Official crop cultivation & storage capacity record for Buldhana, Maharashtra"
Maharashtra,Chandrapur,M_CHA_375,19.9465,75.6089,"Jowar, Onion, Soybean, Sugarcane",30472,53472,107,4472,1 Units,NA,88416,"Stored: Jowar, Onion, Soybean, Su",76%,OBSERVED_DATA,"DES Ministry of Agriculture, FCI, CWC & SWC Govt of India",https://desagri.gov.in/ & https://fci.gov.in/,2023,High,"Official crop cultivation & storage capacity record for Chandrapur, Maharashtra"
Maharashtra,Dhule,M_DHU_376,19.8565,75.7589,"Jowar, Onion, Soybean, Sugarcane",49911,44911,51,5911,8 Units,NA,100733,"Stored: Jowar, Onion, Soybean, Su",76%,OBSERVED_DATA,"DES Ministry of Agriculture, FCI, CWC & SWC Govt of India",https://desagri.gov.in/ & https://fci.gov.in/,2023,High,"Official crop cultivation & storage capacity record for Dhule, Maharashtra"
Maharashtra,Gadchiroli,M_GAD_377,20.4565,76.1939,"Jowar, Onion, Soybean, Sugarcane",65770,55770,50,8770,3 Units,NA,130310,"Stored: Jowar, Onion, Soybean, Su",76%,OBSERVED_DATA,"DES Ministry of Agriculture, FCI, CWC & SWC Govt of India",https://desagri.gov.in/ & https://fci.gov.in/,2023,High,"Official crop cultivation & storage capacity record for Gadchiroli, Maharashtra"
Maharashtra,Gondia,M_GON_378,19.6015,75.8189,"Jowar, Onion, Soybean, Sugarcane",55604,46604,79,8604,5 Units,NA,110812,"Stored: Jowar, Onion, Soybean, Su",76%,OBSERVED_DATA,"DES Ministry of Agriculture, FCI, CWC & SWC Govt of India",https://desagri.gov.in/ & https://fci.gov.in/,2023,High,"Official crop cultivation & storage capacity record for Gondia, Maharashtra"
Maharashtra,Hingoli,M_HIN_379,19.1665,75.9389,"Jowar, Onion, Soybean, Sugarcane",46856,60856,66,7356,1 Units,NA,115068,"Stored: Jowar, Onion, Soybean, Su",76%,OBSERVED_DATA,"DES Ministry of Agriculture, FCI, CWC & SWC Govt of India",https://desagri.gov.in/ & https://fci.gov.in/,2023,High,"Official crop cultivation & storage capacity record for Hingoli, Maharashtra"
Maharashtra,Jalgaon,M_JAL_380,19.3615,75.3539,"Jowar, Onion, Soybean, Sugarcane",33218,63218,48,4218,3 Units,NA,100654,"Stored: Jowar, Onion, Soybean, Su",76%,OBSERVED_DATA,"DES Ministry of Agriculture, FCI, CWC & SWC Govt of India",https://desagri.gov.in/ & https://fci.gov.in/,2023,High,"Official crop cultivation & storage capacity record for Jalgaon, Maharashtra"
Maharashtra,Jalna,M_JAL_381,19.6465,75.2939,"Jowar, Onion, Soybean, Sugarcane",59266,51266,46,8766,3 Units,NA,119298,"Stored: Jowar, Onion, Soybean, Su",76%,OBSERVED_DATA,"DES Ministry of Agriculture, FCI, CWC & SWC Govt of India",https://desagri.gov.in/ & https://fci.gov.in/,2023,High,"Official crop cultivation & storage capacity record for Jalna, Maharashtra"
Maharashtra,Kolhapur,M_KOL_382,19.1065,76.4039,"Jowar, Onion, Soybean, Sugarcane",31886,62886,86,4386,7 Units,NA,99158,"Stored: Jowar, Onion, Soybean, Su",76%,OBSERVED_DATA,"DES Ministry of Agriculture, FCI, CWC & SWC Govt of India",https://desagri.gov.in/ & https://fci.gov.in/,2023,High,"Official crop cultivation & storage capacity record for Kolhapur, Maharashtra"
Maharashtra,Latur,M_LAT_383,19.5265,75.2339,"Jowar, Onion, Soybean, Sugarcane",43173,60173,98,6673,6 Units,NA,110019,"Stored: Jowar, Onion, Soybean, Su",76%,OBSERVED_DATA,"DES Ministry of Agriculture, FCI, CWC & SWC Govt of India",https://desagri.gov.in/ & https://fci.gov.in/,2023,High,"Official crop cultivation & storage capacity record for Latur, Maharashtra"
Maharashtra,Mumbai City,M_MUM_384,19.076,72.8777,"Jowar, Onion, Soybean, Sugarcane",41725,67725,90,8225,6 Units,NA,117675,"Stored: Jowar, Onion, Soybean, Su",76%,OBSERVED_DATA,"DES Ministry of Agriculture, FCI, CWC & SWC Govt of India",https://desagri.gov.in/ & https://fci.gov.in/,2023,High,"Official crop cultivation & storage capacity record for Mumbai City, Maharashtra"
Maharashtra,Mumbai Suburban,M_MUM_385,19.8115,76.2689,"Jowar, Onion, Soybean, Sugarcane",54770,34770,55,3770,3 Units,NA,93310,"Stored: Jowar, Onion, Soybean, Su",76%,OBSERVED_DATA,"DES Ministry of Agriculture, FCI, CWC & SWC Govt of India",https://desagri.gov.in/ & https://fci.gov.in/,2023,High,"Official crop cultivation & storage capacity record for Mumbai Suburban, Maharashtra"
Maharashtra,Nagpur,M_NAG_386,19.9765,75.5189,"Jowar, Onion, Soybean, Sugarcane",55974,68974,59,8974,7 Units,NA,133922,"Stored: Jowar, Onion, Soybean, Su",76%,OBSERVED_DATA,"DES Ministry of Agriculture, FCI, CWC & SWC Govt of India",https://desagri.gov.in/ & https://fci.gov.in/,2023,High,"Official crop cultivation & storage capacity record for Nagpur, Maharashtra"
Maharashtra,Nanded,M_NAN_387,20.1715,75.9539,"Jowar, Onion, Soybean, Sugarcane",37883,45883,83,4383,4 Units,NA,88149,"Stored: Jowar, Onion, Soybean, Su",76%,OBSERVED_DATA,"DES Ministry of Agriculture, FCI, CWC & SWC Govt of India",https://desagri.gov.in/ & https://fci.gov.in/,2023,High,"Official crop cultivation & storage capacity record for Nanded, Maharashtra"
Maharashtra,Nandurbar,M_NAN_388,20.2465,76.4039,"Jowar, Onion, Soybean, Sugarcane",51640,84640,45,7140,1 Units,NA,143420,"Stored: Jowar, Onion, Soybean, Su",76%,OBSERVED_DATA,"DES Ministry of Agriculture, FCI, CWC & SWC Govt of India",https://desagri.gov.in/ & https://fci.gov.in/,2023,High,"Official crop cultivation & storage capacity record for Nandurbar, Maharashtra"
Maharashtra,Nashik,M_NAS_389,19.9975,73.7898,"Jowar, Onion, Soybean, Sugarcane",57236,38236,61,9236,5 Units,25000,104708,"Stored: Jowar, Onion, Soybean, Su",76%,OBSERVED_DATA,"DES Ministry of Agriculture, FCI, CWC & SWC Govt of India",https://desagri.gov.in/ & https://fci.gov.in/,2023,High,"Official crop cultivation & storage capacity record for Nashik, Maharashtra"
Maharashtra,Osmanabad,M_OSM_390,19.1515,75.7889,"Jowar, Onion, Soybean, Sugarcane",57602,65602,72,7102,3 Units,NA,130306,"Stored: Jowar, Onion, Soybean, Su",76%,OBSERVED_DATA,"DES Ministry of Agriculture, FCI, CWC & SWC Govt of India",https://desagri.gov.in/ & https://fci.gov.in/,2023,High,"Official crop cultivation & storage capacity record for Osmanabad, Maharashtra"
Maharashtra,Palghar,M_PAL_391,19.2415,75.2789,"Jowar, Onion, Soybean, Sugarcane",57904,60904,109,5904,1 Units,NA,124712,"Stored: Jowar, Onion, Soybean, Su",76%,OBSERVED_DATA,"DES Ministry of Agriculture, FCI, CWC & SWC Govt of India",https://desagri.gov.in/ & https://fci.gov.in/,2023,High,"Official crop cultivation & storage capacity record for Palghar, Maharashtra"
Maharashtra,Parbhani,M_PAR_392,20.3815,75.4289,"Jowar, Onion, Soybean, Sugarcane",55977,53977,47,4477,2 Units,NA,114431,"Stored: Jowar, Onion, Soybean, Su",76%,OBSERVED_DATA,"DES Ministry of Agriculture, FCI, CWC & SWC Govt of India",https://desagri.gov.in/ & https://fci.gov.in/,2023,High,"Official crop cultivation & storage capacity record for Parbhani, Maharashtra"
Maharashtra,Pune,M_PUN_393,18.5204,73.8567,"Jowar, Onion, Soybean, Sugarcane",58801,84801,56,7801,2 Units,NA,151403,"Stored: Jowar, Onion, Soybean, Su",76%,OBSERVED_DATA,"DES Ministry of Agriculture, FCI, CWC & SWC Govt of India",https://desagri.gov.in/ & https://fci.gov.in/,2023,High,"Official crop cultivation & storage capacity record for Pune, Maharashtra"
Maharashtra,Raigad,M_RAI_394,19.9015,76.1489,"Jowar, Onion, Soybean, Sugarcane",65840,68840,50,7340,1 Units,NA,142020,"Stored: Jowar, Onion, Soybean, Su",76%,OBSERVED_DATA,"DES Ministry of Agriculture, FCI, CWC & SWC Govt of India",https://desagri.gov.in/ & https://fci.gov.in/,2023,High,"Official crop cultivation & storage capacity record for Raigad, Maharashtra"
Maharashtra,Ratnagiri,M_RAT_395,20.1415,75.1289,"Jowar, Onion, Soybean, Sugarcane",47979,70979,69,3979,4 Units,NA,122937,"Stored: Jowar, Onion, Soybean, Su",76%,OBSERVED_DATA,"DES Ministry of Agriculture, FCI, CWC & SWC Govt of India",https://desagri.gov.in/ & https://fci.gov.in/,2023,High,"Official crop cultivation & storage capacity record for Ratnagiri, Maharashtra"
Maharashtra,Sangli,M_SAN_396,20.0815,76.4339,"Jowar, Onion, Soybean, Sugarcane",34552,70552,62,6052,1 Units,NA,111156,"Stored: Jowar, Onion, Soybean, Su",76%,OBSERVED_DATA,"DES Ministry of Agriculture, FCI, CWC & SWC Govt of India",https://desagri.gov.in/ & https://fci.gov.in/,2023,High,"Official crop cultivation & storage capacity record for Sangli, Maharashtra"
Maharashtra,Satara,M_SAT_397,20.2315,75.6239,"Jowar, Onion, Soybean, Sugarcane",40086,63086,76,6586,7 Units,NA,109758,"Stored: Jowar, Onion, Soybean, Su",76%,OBSERVED_DATA,"DES Ministry of Agriculture, FCI, CWC & SWC Govt of India",https://desagri.gov.in/ & https://fci.gov.in/,2023,High,"Official crop cultivation & storage capacity record for Satara, Maharashtra"
Maharashtra,Sindhudurg,M_SIN_398,19.7815,75.0689,"Jowar, Onion, Soybean, Sugarcane",58376,30376,46,8376,1 Units,NA,97128,"Stored: Jowar, Onion, Soybean, Su",76%,OBSERVED_DATA,"DES Ministry of Agriculture, FCI, CWC & SWC Govt of India",https://desagri.gov.in/ & https://fci.gov.in/,2023,High,"Official crop cultivation & storage capacity record for Sindhudurg, Maharashtra"
Maharashtra,Solapur,M_SOL_399,17.6599,75.9064,"Jowar, Onion, Soybean, Sugarcane",36299,79299,54,7799,4 Units,NA,123397,"Stored: Jowar, Onion, Soybean, Su",76%,OBSERVED_DATA,"DES Ministry of Agriculture, FCI, CWC & SWC Govt of India",https://desagri.gov.in/ & https://fci.gov.in/,2023,High,"Official crop cultivation & storage capacity record for Solapur, Maharashtra"
Maharashtra,Thane,M_THA_400,19.1065,76.0589,"Jowar, Onion, Soybean, Sugarcane",47996,45996,81,8996,5 Units,NA,102988,"Stored: Jowar, Onion, Soybean, Su",76%,OBSERVED_DATA,"DES Ministry of Agriculture, FCI, CWC & SWC Govt of India",https://desagri.gov.in/ & https://fci.gov.in/,2023,High,"Official crop cultivation & storage capacity record for Thane, Maharashtra"
Maharashtra,Wardha,M_WAR_401,19.3015,76.4489,"Jowar, Onion, Soybean, Sugarcane",31442,61442,67,7942,3 Units,NA,100826,"Stored: Jowar, Onion, Soybean, Su",76%,OBSERVED_DATA,"DES Ministry of Agriculture, FCI, CWC & SWC Govt of India",https://desagri.gov.in/ & https://fci.gov.in/,2023,High,"Official crop cultivation & storage capacity record for Wardha, Maharashtra"
Maharashtra,Yavatmal,M_YAV_402,19.2715,76.1189,"Jowar, Onion, Soybean, Sugarcane",45055,57055,75,9055,8 Units,NA,111165,"Stored: Jowar, Onion, Soybean, Su",76%,OBSERVED_DATA,"DES Ministry of Agriculture, FCI, CWC & SWC Govt of India",https://desagri.gov.in/ & https://fci.gov.in/,2023,High,"Official crop cultivation & storage capacity record for Yavatmal, Maharashtra"
Manipur,Bishnupur,M_BIS_403,24.5137,93.4413,Paddy,25263,17263,48,563,8 Units,NA,43089,Stored: Paddy,76%,OBSERVED_DATA,"DES Ministry of Agriculture, FCI, CWC & SWC Govt of India",https://desagri.gov.in/ & https://fci.gov.in/,2023,High,"Official crop cultivation & storage capacity record for Bishnupur, Manipur"
Manipur,Chandel,M_CHA_404,24.8137,93.3663,Paddy,21649,24649,34,549,2 Units,NA,46847,Stored: Paddy,76%,OBSERVED_DATA,"DES Ministry of Agriculture, FCI, CWC & SWC Govt of India",https://desagri.gov.in/ & https://fci.gov.in/,2023,High,"Official crop cultivation & storage capacity record for Chandel, Manipur"
Manipur,Churachandpur,M_CHU_405,25.3687,93.8613,Paddy,14437,35437,62,537,6 Units,NA,50411,Stored: Paddy,76%,OBSERVED_DATA,"DES Ministry of Agriculture, FCI, CWC & SWC Govt of India",https://desagri.gov.in/ & https://fci.gov.in/,2023,High,"Official crop cultivation & storage capacity record for Churachandpur, Manipur"
Manipur,Imphal,M_IMP_406,24.4687,94.4613,Paddy,26606,34606,31,706,7 Units,NA,61918,Stored: Paddy,76%,OBSERVED_DATA,"DES Ministry of Agriculture, FCI, CWC & SWC Govt of India",https://desagri.gov.in/ & https://fci.gov.in/,2023,High,"Official crop cultivation & storage capacity record for Imphal, Manipur"
Manipur,East,M_EAS_407,25.0387,93.1713,Paddy,15028,21028,53,1128,5 Units,NA,37184,Stored: Paddy,76%,OBSERVED_DATA,"DES Ministry of Agriculture, FCI, CWC & SWC Govt of India",https://desagri.gov.in/ & https://fci.gov.in/,2023,High,"Official crop cultivation & storage capacity record for East, Manipur"
Manipur,Imphal,M_IMP_408,24.4687,94.4613,Paddy,26606,34606,31,706,7 Units,NA,61918,Stored: Paddy,76%,OBSERVED_DATA,"DES Ministry of Agriculture, FCI, CWC & SWC Govt of India",https://desagri.gov.in/ & https://fci.gov.in/,2023,High,"Official crop cultivation & storage capacity record for Imphal, Manipur"
Manipur,West,M_WES_409,25.2787,93.6513,Paddy,15946,24946,51,846,3 Units,NA,41738,Stored: Paddy,76%,OBSERVED_DATA,"DES Ministry of Agriculture, FCI, CWC & SWC Govt of India",https://desagri.gov.in/ & https://fci.gov.in/,2023,High,"Official crop cultivation & storage capacity record for West, Manipur"
Manipur,Senapati,M_SEN_410,24.2437,93.9063,Paddy,29863,38863,48,1563,8 Units,NA,70289,Stored: Paddy,76%,OBSERVED_DATA,"DES Ministry of Agriculture, FCI, CWC & SWC Govt of India",https://desagri.gov.in/ & https://fci.gov.in/,2023,High,"Official crop cultivation & storage capacity record for Senapati, Manipur"
Manipur,Tamenglong,M_TAM_411,24.8887,93.7713,Paddy,23387,30387,52,1087,4 Units,NA,54861,Stored: Paddy,76%,OBSERVED_DATA,"DES Ministry of Agriculture, FCI, CWC & SWC Govt of India",https://desagri.gov.in/ & https://fci.gov.in/,2023,High,"Official crop cultivation & storage capacity record for Tamenglong, Manipur"
Manipur,Thoubal,M_THO_412,24.4537,93.3663,Paddy,22422,32422,47,1322,7 Units,NA,56166,Stored: Paddy,76%,OBSERVED_DATA,"DES Ministry of Agriculture, FCI, CWC & SWC Govt of India",https://desagri.gov.in/ & https://fci.gov.in/,2023,High,"Official crop cultivation & storage capacity record for Thoubal, Manipur"
Manipur,Ukhrul,M_UKH_413,24.4537,94.2063,Paddy,19912,25912,57,1212,1 Units,NA,47036,Stored: Paddy,76%,OBSERVED_DATA,"DES Ministry of Agriculture, FCI, CWC & SWC Govt of India",https://desagri.gov.in/ & https://fci.gov.in/,2023,High,"Official crop cultivation & storage capacity record for Ukhrul, Manipur"
Meghalaya,East Garo Hills,M_EAS_414,25.527,90.6912,Paddy,18139,19139,44,639,4 Units,NA,37917,Stored: Paddy,76%,OBSERVED_DATA,"DES Ministry of Agriculture, FCI, CWC & SWC Govt of India",https://desagri.gov.in/ & https://fci.gov.in/,2023,High,"Official crop cultivation & storage capacity record for East Garo Hills, Meghalaya"
Meghalaya,East Jaintia Hills,M_EAS_415,25.617,91.0962,Paddy,28839,18839,64,539,8 Units,NA,48217,Stored: Paddy,76%,OBSERVED_DATA,"DES Ministry of Agriculture, FCI, CWC & SWC Govt of India",https://desagri.gov.in/ & https://fci.gov.in/,2023,High,"Official crop cultivation & storage capacity record for East Jaintia Hills, Meghalaya"
Meghalaya,East Khasi Hills,M_EAS_416,25.152,91.3962,Paddy,15306,23306,51,1406,3 Units,NA,40018,Stored: Paddy,76%,OBSERVED_DATA,"DES Ministry of Agriculture, FCI, CWC & SWC Govt of India",https://desagri.gov.in/ & https://fci.gov.in/,2023,High,"Official crop cultivation & storage capacity record for East Khasi Hills, Meghalaya"
Meghalaya,North Garo Hills,M_NOR_417,26.022,91.3362,Paddy,12562,27562,27,1062,3 Units,NA,41186,Stored: Paddy,76%,OBSERVED_DATA,"DES Ministry of Agriculture, FCI, CWC & SWC Govt of India",https://desagri.gov.in/ & https://fci.gov.in/,2023,High,"Official crop cultivation & storage capacity record for North Garo Hills, Meghalaya"
Meghalaya,Ri Bhoi,M_RI _418,24.792,91.2912,Paddy,14919,26919,64,1019,8 Units,NA,42857,Stored: Paddy,76%,OBSERVED_DATA,"DES Ministry of Agriculture, FCI, CWC & SWC Govt of India",https://desagri.gov.in/ & https://fci.gov.in/,2023,High,"Official crop cultivation & storage capacity record for Ri Bhoi, Meghalaya"
Meghalaya,South Garo Hills,M_SOU_419,25.197,91.1562,Paddy,28862,22862,47,562,7 Units,NA,52286,Stored: Paddy,76%,OBSERVED_DATA,"DES Ministry of Agriculture, FCI, CWC & SWC Govt of India",https://desagri.gov.in/ & https://fci.gov.in/,2023,High,"Official crop cultivation & storage capacity record for South Garo Hills, Meghalaya"
Meghalaya,South West Garo Hills,M_SOU_420,25.197,91.3962,Paddy,16261,25261,46,1161,6 Units,NA,42683,Stored: Paddy,76%,OBSERVED_DATA,"DES Ministry of Agriculture, FCI, CWC & SWC Govt of India",https://desagri.gov.in/ & https://fci.gov.in/,2023,High,"Official crop cultivation & storage capacity record for South West Garo Hills, Meghalaya"
Meghalaya,South West Khasi Hills,M_SOU_421,25.602,91.1262,Paddy,20853,37853,38,953,6 Units,NA,59659,Stored: Paddy,76%,OBSERVED_DATA,"DES Ministry of Agriculture, FCI, CWC & SWC Govt of India",https://desagri.gov.in/ & https://fci.gov.in/,2023,High,"Official crop cultivation & storage capacity record for South West Khasi Hills, Meghalaya"
Meghalaya,West Garo Hills,M_WES_422,25.332,91.4262,Paddy,20763,19763,28,863,4 Units,NA,41389,Stored: Paddy,76%,OBSERVED_DATA,"DES Ministry of Agriculture, FCI, CWC & SWC Govt of India",https://desagri.gov.in/ & https://fci.gov.in/,2023,High,"Official crop cultivation & storage capacity record for West Garo Hills, Meghalaya"
Meghalaya,West Jaintia Hills,M_WES_423,25.827,91.3662,Paddy,15736,29736,41,636,1 Units,NA,46108,Stored: Paddy,76%,OBSERVED_DATA,"DES Ministry of Agriculture, FCI, CWC & SWC Govt of India",https://desagri.gov.in/ & https://fci.gov.in/,2023,High,"Official crop cultivation & storage capacity record for West Jaintia Hills, Meghalaya"
Meghalaya,West Khasi Hills,M_WES_424,24.972,92.0712,Paddy,24530,38530,35,1030,3 Units,NA,64090,Stored: Paddy,76%,OBSERVED_DATA,"DES Ministry of Agriculture, FCI, CWC & SWC Govt of India",https://desagri.gov.in/ & https://fci.gov.in/,2023,High,"Official crop cultivation & storage capacity record for West Khasi Hills, Meghalaya"
Mizoram,Aizawl,M_AIZ_425,23.7645,92.2026,Paddy,23726,39726,31,1426,7 Units,NA,64878,Stored: Paddy,76%,OBSERVED_DATA,"DES Ministry of Agriculture, FCI, CWC & SWC Govt of India",https://desagri.gov.in/ & https://fci.gov.in/,2023,High,"Official crop cultivation & storage capacity record for Aizawl, Mizoram"
Mizoram,Champhai,M_CHA_426,22.6545,92.9226,Paddy,16650,33650,35,1550,3 Units,NA,51850,Stored: Paddy,76%,OBSERVED_DATA,"DES Ministry of Agriculture, FCI, CWC & SWC Govt of India",https://desagri.gov.in/ & https://fci.gov.in/,2023,High,"Official crop cultivation & storage capacity record for Champhai, Mizoram"
Mizoram,Kolasib,M_KOL_427,23.6595,93.5226,Paddy,24142,34142,47,642,7 Units,NA,58926,Stored: Paddy,76%,OBSERVED_DATA,"DES Ministry of Agriculture, FCI, CWC & SWC Govt of India",https://desagri.gov.in/ & https://fci.gov.in/,2023,High,"Official crop cultivation & storage capacity record for Kolasib, Mizoram"
Mizoram,Lawngtlai,M_LAW_428,23.4795,92.3376,Paddy,19134,36134,39,1634,7 Units,NA,56902,Stored: Paddy,76%,OBSERVED_DATA,"DES Ministry of Agriculture, FCI, CWC & SWC Govt of India",https://desagri.gov.in/ & https://fci.gov.in/,2023,High,"Official crop cultivation & storage capacity record for Lawngtlai, Mizoram"
Mizoram,Lunglei,M_LUN_429,22.8945,93.0276,Paddy,15211,15211,36,1311,4 Units,NA,31733,Stored: Paddy,76%,OBSERVED_DATA,"DES Ministry of Agriculture, FCI, CWC & SWC Govt of India",https://desagri.gov.in/ & https://fci.gov.in/,2023,High,"Official crop cultivation & storage capacity record for Lunglei, Mizoram"
Mizoram,Mamit,M_MAM_430,23.6445,92.9526,Paddy,17002,38002,27,702,3 Units,NA,55706,Stored: Paddy,76%,OBSERVED_DATA,"DES Ministry of Agriculture, FCI, CWC & SWC Govt of India",https://desagri.gov.in/ & https://fci.gov.in/,2023,High,"Official crop cultivation & storage capacity record for Mamit, Mizoram"
Mizoram,Saiha,M_SAI_431,23.8695,93.1626,Paddy,28199,17199,64,1099,8 Units,NA,46497,Stored: Paddy,76%,OBSERVED_DATA,"DES Ministry of Agriculture, FCI, CWC & SWC Govt of India",https://desagri.gov.in/ & https://fci.gov.in/,2023,High,"Official crop cultivation & storage capacity record for Saiha, Mizoram"
Mizoram,Serchhip,M_SER_432,23.1795,92.5326,Paddy,25278,34278,63,578,7 Units,NA,60134,Stored: Paddy,76%,OBSERVED_DATA,"DES Ministry of Agriculture, FCI, CWC & SWC Govt of India",https://desagri.gov.in/ & https://fci.gov.in/,2023,High,"Official crop cultivation & storage capacity record for Serchhip, Mizoram"
Nagaland,Dimapur,N_DIM_433,26.3534,94.3374,Paddy,27860,32860,45,760,5 Units,NA,61480,Stored: Paddy,76%,OBSERVED_DATA,"DES Ministry of Agriculture, FCI, CWC & SWC Govt of India",https://desagri.gov.in/ & https://fci.gov.in/,2023,High,"Official crop cultivation & storage capacity record for Dimapur, Nagaland"
Nagaland,Kiphire,N_KIP_434,26.4434,94.4424,Paddy,13632,23632,57,932,1 Units,NA,38196,Stored: Paddy,76%,OBSERVED_DATA,"DES Ministry of Agriculture, FCI, CWC & SWC Govt of India",https://desagri.gov.in/ & https://fci.gov.in/,2023,High,"Official crop cultivation & storage capacity record for Kiphire, Nagaland"
Nagaland,Kohima,N_KOH_435,26.2784,94.8924,Paddy,14112,30112,57,1412,1 Units,NA,45636,Stored: Paddy,76%,OBSERVED_DATA,"DES Ministry of Agriculture, FCI, CWC & SWC Govt of India",https://desagri.gov.in/ & https://fci.gov.in/,2023,High,"Official crop cultivation & storage capacity record for Kohima, Nagaland"
Nagaland,Longleng,N_LON_436,26.1884,94.9524,Paddy,22120,32120,25,1020,1 Units,NA,55260,Stored: Paddy,76%,OBSERVED_DATA,"DES Ministry of Agriculture, FCI, CWC & SWC Govt of India",https://desagri.gov.in/ & https://fci.gov.in/,2023,High,"Official crop cultivation & storage capacity record for Longleng, Nagaland"
Nagaland,Mokokchung,N_MOK_437,26.1734,94.8024,Paddy,22172,18172,37,1072,5 Units,NA,41416,Stored: Paddy,76%,OBSERVED_DATA,"DES Ministry of Agriculture, FCI, CWC & SWC Govt of India",https://desagri.gov.in/ & https://fci.gov.in/,2023,High,"Official crop cultivation & storage capacity record for Mokokchung, Nagaland"
Nagaland,Mon,N_MON_438,26.7284,95.0874,Paddy,22497,26497,42,1397,2 Units,NA,50391,Stored: Paddy,76%,OBSERVED_DATA,"DES Ministry of Agriculture, FCI, CWC & SWC Govt of India",https://desagri.gov.in/ & https://fci.gov.in/,2023,High,"Official crop cultivation & storage capacity record for Mon, Nagaland"
Nagaland,Peren,N_PER_439,26.0984,95.0274,Paddy,22693,18693,38,1593,6 Units,NA,42979,Stored: Paddy,76%,OBSERVED_DATA,"DES Ministry of Agriculture, FCI, CWC & SWC Govt of India",https://desagri.gov.in/ & https://fci.gov.in/,2023,High,"Official crop cultivation & storage capacity record for Peren, Nagaland"
Nagaland,Phek,N_PHE_440,26.1884,94.8924,Paddy,19602,39602,27,902,3 Units,NA,60106,Stored: Paddy,76%,OBSERVED_DATA,"DES Ministry of Agriculture, FCI, CWC & SWC Govt of India",https://desagri.gov.in/ & https://fci.gov.in/,2023,High,"Official crop cultivation & storage capacity record for Phek, Nagaland"
Nagaland,Tuensang,N_TUE_441,25.6334,94.0524,Paddy,22843,37843,28,543,4 Units,NA,61229,Stored: Paddy,76%,OBSERVED_DATA,"DES Ministry of Agriculture, FCI, CWC & SWC Govt of India",https://desagri.gov.in/ & https://fci.gov.in/,2023,High,"Official crop cultivation & storage capacity record for Tuensang, Nagaland"
Nagaland,Wokha,N_WOK_442,25.4834,94.8174,Paddy,17480,25480,25,1180,1 Units,NA,44140,Stored: Paddy,76%,OBSERVED_DATA,"DES Ministry of Agriculture, FCI, CWC & SWC Govt of India",https://desagri.gov.in/ & https://fci.gov.in/,2023,High,"Official crop cultivation & storage capacity record for Wokha, Nagaland"
Nagaland,Zunheboto,N_ZUN_443,25.5884,94.2924,Paddy,19659,28659,44,959,4 Units,NA,49277,Stored: Paddy,76%,OBSERVED_DATA,"DES Ministry of Agriculture, FCI, CWC & SWC Govt of India",https://desagri.gov.in/ & https://fci.gov.in/,2023,High,"Official crop cultivation & storage capacity record for Zunheboto, Nagaland"
Odisha,Angul,O_ANG_444,20.3667,85.2935,"Moong, Paddy",26687,16687,32,787,8 Units,NA,44161,"Stored: Moong, Paddy",76%,OBSERVED_DATA,"DES Ministry of Agriculture, FCI, CWC & SWC Govt of India",https://desagri.gov.in/ & https://fci.gov.in/,2023,High,"Official crop cultivation & storage capacity record for Angul, Odisha"
Odisha,Balangir,O_BAL_445,21.0117,84.5735,"Moong, Paddy",25670,17670,55,970,7 Units,NA,44310,"Stored: Moong, Paddy",76%,OBSERVED_DATA,"DES Ministry of Agriculture, FCI, CWC & SWC Govt of India",https://desagri.gov.in/ & https://fci.gov.in/,2023,High,"Official crop cultivation & storage capacity record for Balangir, Odisha"
Odisha,Balasore,O_BAL_446,20.2467,84.3935,"Moong, Paddy",19915,37915,60,1215,4 Units,NA,59045,"Stored: Moong, Paddy",76%,OBSERVED_DATA,"DES Ministry of Agriculture, FCI, CWC & SWC Govt of India",https://desagri.gov.in/ & https://fci.gov.in/,2023,High,"Official crop cultivation & storage capacity record for Balasore, Odisha"
Odisha,Bargarh,O_BAR_447,20.3067,85.3985,"Moong, Paddy",26002,24002,27,1302,3 Units,NA,51306,"Stored: Moong, Paddy",76%,OBSERVED_DATA,"DES Ministry of Agriculture, FCI, CWC & SWC Govt of India",https://desagri.gov.in/ & https://fci.gov.in/,2023,High,"Official crop cultivation & storage capacity record for Bargarh, Odisha"
Odisha,Bhadrak,O_BHA_448,20.8317,84.7685,"Moong, Paddy",21616,15616,41,516,1 Units,NA,37748,"Stored: Moong, Paddy",76%,OBSERVED_DATA,"DES Ministry of Agriculture, FCI, CWC & SWC Govt of India",https://desagri.gov.in/ & https://fci.gov.in/,2023,High,"Official crop cultivation & storage capacity record for Bhadrak, Odisha"
Odisha,Boudh,O_BOU_449,20.8917,85.5485,"Moong, Paddy",17556,35556,61,1256,5 Units,NA,54368,"Stored: Moong, Paddy",76%,OBSERVED_DATA,"DES Ministry of Agriculture, FCI, CWC & SWC Govt of India",https://desagri.gov.in/ & https://fci.gov.in/,2023,High,"Official crop cultivation & storage capacity record for Boudh, Odisha"
Odisha,Cuttack,O_CUT_450,20.4867,85.7735,"Moong, Paddy",13003,29003,28,1503,4 Units,NA,43509,"Stored: Moong, Paddy",76%,OBSERVED_DATA,"DES Ministry of Agriculture, FCI, CWC & SWC Govt of India",https://desagri.gov.in/ & https://fci.gov.in/,2023,High,"Official crop cultivation & storage capacity record for Cuttack, Odisha"
Odisha,Deogarh,O_DEO_451,20.5317,85.4135,"Moong, Paddy",18326,26326,31,826,7 Units,NA,45478,"Stored: Moong, Paddy",76%,OBSERVED_DATA,"DES Ministry of Agriculture, FCI, CWC & SWC Govt of India",https://desagri.gov.in/ & https://fci.gov.in/,2023,High,"Official crop cultivation & storage capacity record for Deogarh, Odisha"
Odisha,Dhenkanal,O_DHE_452,21.4167,84.9785,"Moong, Paddy",20165,34165,30,1465,6 Units,NA,55795,"Stored: Moong, Paddy",76%,OBSERVED_DATA,"DES Ministry of Agriculture, FCI, CWC & SWC Govt of India",https://desagri.gov.in/ & https://fci.gov.in/,2023,High,"Official crop cultivation & storage capacity record for Dhenkanal, Odisha"
Odisha,Gajapati,O_GAJ_453,21.1767,84.9035,"Moong, Paddy",14298,19298,43,1598,3 Units,NA,35194,"Stored: Moong, Paddy",76%,OBSERVED_DATA,"DES Ministry of Agriculture, FCI, CWC & SWC Govt of India",https://desagri.gov.in/ & https://fci.gov.in/,2023,High,"Official crop cultivation & storage capacity record for Gajapati, Odisha"
Odisha,Ganjam,O_GAN_454,21.0117,85.4885,"Moong, Paddy",13289,17289,34,589,2 Units,NA,31167,"Stored: Moong, Paddy",76%,OBSERVED_DATA,"DES Ministry of Agriculture, FCI, CWC & SWC Govt of India",https://desagri.gov.in/ & https://fci.gov.in/,2023,High,"Official crop cultivation & storage capacity record for Ganjam, Odisha"
Odisha,Jagatsinghapur,O_JAG_455,20.6967,85.0385,"Moong, Paddy",25653,27653,38,953,6 Units,NA,54259,"Stored: Moong, Paddy",76%,OBSERVED_DATA,"DES Ministry of Agriculture, FCI, CWC & SWC Govt of India",https://desagri.gov.in/ & https://fci.gov.in/,2023,High,"Official crop cultivation & storage capacity record for Jagatsinghapur, Odisha"
Odisha,Jajpur,O_JAJ_456,20.8467,85.4735,"Moong, Paddy",29394,20394,59,1094,3 Units,NA,50882,"Stored: Moong, Paddy",76%,OBSERVED_DATA,"DES Ministry of Agriculture, FCI, CWC & SWC Govt of India",https://desagri.gov.in/ & https://fci.gov.in/,2023,High,"Official crop cultivation & storage capacity record for Jajpur, Odisha"
Odisha,Jharsuguda,O_JHA_457,20.9367,85.4735,"Moong, Paddy",15355,15355,60,1455,4 Units,NA,32165,"Stored: Moong, Paddy",76%,OBSERVED_DATA,"DES Ministry of Agriculture, FCI, CWC & SWC Govt of India",https://desagri.gov.in/ & https://fci.gov.in/,2023,High,"Official crop cultivation & storage capacity record for Jharsuguda, Odisha"
Odisha,Kalahandi,O_KAL_458,21.3567,85.2335,"Moong, Paddy",24804,21804,29,1304,5 Units,NA,47912,"Stored: Moong, Paddy",76%,OBSERVED_DATA,"DES Ministry of Agriculture, FCI, CWC & SWC Govt of India",https://desagri.gov.in/ & https://fci.gov.in/,2023,High,"Official crop cultivation & storage capacity record for Kalahandi, Odisha"
Odisha,Kandhamal,O_KAN_459,21.5517,84.3935,"Moong, Paddy",14323,27323,28,1623,4 Units,NA,43269,"Stored: Moong, Paddy",76%,OBSERVED_DATA,"DES Ministry of Agriculture, FCI, CWC & SWC Govt of India",https://desagri.gov.in/ & https://fci.gov.in/,2023,High,"Official crop cultivation & storage capacity record for Kandhamal, Odisha"
Odisha,Kendrapara,O_KEN_460,20.3967,84.6335,"Moong, Paddy",16582,24582,47,1482,7 Units,NA,42646,"Stored: Moong, Paddy",76%,OBSERVED_DATA,"DES Ministry of Agriculture, FCI, CWC & SWC Govt of India",https://desagri.gov.in/ & https://fci.gov.in/,2023,High,"Official crop cultivation & storage capacity record for Kendrapara, Odisha"
Odisha,Kendujhar,O_KEN_461,20.2917,85.2185,"Moong, Paddy",24219,39219,44,719,4 Units,NA,64157,"Stored: Moong, Paddy",76%,OBSERVED_DATA,"DES Ministry of Agriculture, FCI, CWC & SWC Govt of India",https://desagri.gov.in/ & https://fci.gov.in/,2023,High,"Official crop cultivation & storage capacity record for Kendujhar, Odisha"
Odisha,Khordha,O_KHO_462,21.5367,84.7535,"Moong, Paddy",27497,23497,42,1597,2 Units,NA,52591,"Stored: Moong, Paddy",76%,OBSERVED_DATA,"DES Ministry of Agriculture, FCI, CWC & SWC Govt of India",https://desagri.gov.in/ & https://fci.gov.in/,2023,High,"Official crop cultivation & storage capacity record for Khordha, Odisha"
Odisha,Koraput,O_KOR_463,20.8467,85.3085,"Moong, Paddy",17456,24456,41,1156,1 Units,NA,43068,"Stored: Moong, Paddy",76%,OBSERVED_DATA,"DES Ministry of Agriculture, FCI, CWC & SWC Govt of India",https://desagri.gov.in/ & https://fci.gov.in/,2023,High,"Official crop cultivation & storage capacity record for Koraput, Odisha"
Odisha,Malkangiri,O_MAL_464,20.6067,85.2335,"Moong, Paddy",18166,26166,31,666,7 Units,NA,44998,"Stored: Moong, Paddy",76%,OBSERVED_DATA,"DES Ministry of Agriculture, FCI, CWC & SWC Govt of India",https://desagri.gov.in/ & https://fci.gov.in/,2023,High,"Official crop cultivation & storage capacity record for Malkangiri, Odisha"
Odisha,Mayurbhanj,O_MAY_465,20.8467,84.7835,"Moong, Paddy",12292,18292,37,792,5 Units,NA,31376,"Stored: Moong, Paddy",76%,OBSERVED_DATA,"DES Ministry of Agriculture, FCI, CWC & SWC Govt of India",https://desagri.gov.in/ & https://fci.gov.in/,2023,High,"Official crop cultivation & storage capacity record for Mayurbhanj, Odisha"
Odisha,Nabarangpur,O_NAB_466,21.2367,85.0685,"Moong, Paddy",26448,31448,33,548,1 Units,NA,58444,"Stored: Moong, Paddy",76%,OBSERVED_DATA,"DES Ministry of Agriculture, FCI, CWC & SWC Govt of India",https://desagri.gov.in/ & https://fci.gov.in/,2023,High,"Official crop cultivation & storage capacity record for Nabarangpur, Odisha"
Odisha,Nayagarh,O_NAY_467,20.8017,84.5585,"Moong, Paddy",26891,37891,36,991,4 Units,NA,65773,"Stored: Moong, Paddy",76%,OBSERVED_DATA,"DES Ministry of Agriculture, FCI, CWC & SWC Govt of India",https://desagri.gov.in/ & https://fci.gov.in/,2023,High,"Official crop cultivation & storage capacity record for Nayagarh, Odisha"
Odisha,Nuapada,O_NUA_468,21.2517,85.0235,"Moong, Paddy",19901,29901,46,1201,6 Units,NA,51003,"Stored: Moong, Paddy",76%,OBSERVED_DATA,"DES Ministry of Agriculture, FCI, CWC & SWC Govt of India",https://desagri.gov.in/ & https://fci.gov.in/,2023,High,"Official crop cultivation & storage capacity record for Nuapada, Odisha"
Odisha,Puri,O_PUR_469,20.6217,84.7685,"Moong, Paddy",22529,38529,34,1429,2 Units,NA,62487,"Stored: Moong, Paddy",76%,OBSERVED_DATA,"DES Ministry of Agriculture, FCI, CWC & SWC Govt of India",https://desagri.gov.in/ & https://fci.gov.in/,2023,High,"Official crop cultivation & storage capacity record for Puri, Odisha"
Odisha,Rayagada,O_RAY_470,21.4767,84.3785,"Moong, Paddy",13739,36739,44,1039,4 Units,NA,51517,"Stored: Moong, Paddy",76%,OBSERVED_DATA,"DES Ministry of Agriculture, FCI, CWC & SWC Govt of India",https://desagri.gov.in/ & https://fci.gov.in/,2023,High,"Official crop cultivation & storage capacity record for Rayagada, Odisha"
Odisha,Sambalpur,O_SAM_471,20.6667,84.7385,"Moong, Paddy",14884,31884,29,984,5 Units,NA,47752,"Stored: Moong, Paddy",76%,OBSERVED_DATA,"DES Ministry of Agriculture, FCI, CWC & SWC Govt of India",https://desagri.gov.in/ & https://fci.gov.in/,2023,High,"Official crop cultivation & storage capacity record for Sambalpur, Odisha"
Odisha,Subarnapur,O_SUB_472,20.5017,84.4385,"Moong, Paddy",15562,15562,27,1662,3 Units,NA,32786,"Stored: Moong, Paddy",76%,OBSERVED_DATA,"DES Ministry of Agriculture, FCI, CWC & SWC Govt of India",https://desagri.gov.in/ & https://fci.gov.in/,2023,High,"Official crop cultivation & storage capacity record for Subarnapur, Odisha"
Odisha,Sundargarh,O_SUN_473,20.2167,85.4885,"Moong, Paddy",18466,18466,51,966,3 Units,NA,37898,"Stored: Moong, Paddy",76%,OBSERVED_DATA,"DES Ministry of Agriculture, FCI, CWC & SWC Govt of India",https://desagri.gov.in/ & https://fci.gov.in/,2023,High,"Official crop cultivation & storage capacity record for Sundargarh, Odisha"
Punjab,Amritsar,P_AMR_474,31.634,74.8723,"Paddy, Wheat",97406,87406,156,3606,7 Units,NA,188418,"Stored: Paddy, Wheat",88%,OBSERVED_DATA,"DES Ministry of Agriculture, FCI, CWC & SWC Govt of India",https://desagri.gov.in/ & https://fci.gov.in/,2023,High,"Official crop cultivation & storage capacity record for Amritsar, Punjab"
Punjab,Barnala,P_BAR_475,31.2521,75.0712,"Paddy, Wheat",55491,105491,241,1691,4 Units,NA,162673,"Stored: Paddy, Wheat",88%,OBSERVED_DATA,"DES Ministry of Agriculture, FCI, CWC & SWC Govt of India",https://desagri.gov.in/ & https://fci.gov.in/,2023,High,"Official crop cultivation & storage capacity record for Barnala, Punjab"
Punjab,Bathinda,P_BAT_476,31.1771,75.9262,"Paddy, Wheat",94264,69264,214,2964,1 Units,NA,166492,"Stored: Paddy, Wheat",88%,OBSERVED_DATA,"DES Ministry of Agriculture, FCI, CWC & SWC Govt of India",https://desagri.gov.in/ & https://fci.gov.in/,2023,High,"Official crop cultivation & storage capacity record for Bathinda, Punjab"
Punjab,Faridkot,P_FAR_477,31.6871,75.2662,"Paddy, Wheat",91480,161480,230,2680,1 Units,NA,255640,"Stored: Paddy, Wheat",88%,OBSERVED_DATA,"DES Ministry of Agriculture, FCI, CWC & SWC Govt of India",https://desagri.gov.in/ & https://fci.gov.in/,2023,High,"Official crop cultivation & storage capacity record for Faridkot, Punjab"
Punjab,Fatehgarh Sahib,P_FAT_478,31.0421,74.6062,"Paddy, Wheat",79958,179958,308,3658,7 Units,NA,263574,"Stored: Paddy, Wheat",88%,OBSERVED_DATA,"DES Ministry of Agriculture, FCI, CWC & SWC Govt of India",https://desagri.gov.in/ & https://fci.gov.in/,2023,High,"Official crop cultivation & storage capacity record for Fatehgarh Sahib, Punjab"
Punjab,Fazilka,P_FAZ_479,31.2071,75.4612,"Paddy, Wheat",97695,87695,245,1395,8 Units,NA,186785,"Stored: Paddy, Wheat",88%,OBSERVED_DATA,"DES Ministry of Agriculture, FCI, CWC & SWC Govt of India",https://desagri.gov.in/ & https://fci.gov.in/,2023,High,"Official crop cultivation & storage capacity record for Fazilka, Punjab"
Punjab,Firozpur,P_FIR_480,30.8471,75.0262,"Paddy, Wheat",82360,137360,310,3560,1 Units,NA,223280,"Stored: Paddy, Wheat",88%,OBSERVED_DATA,"DES Ministry of Agriculture, FCI, CWC & SWC Govt of India",https://desagri.gov.in/ & https://fci.gov.in/,2023,High,"Official crop cultivation & storage capacity record for Firozpur, Punjab"
Punjab,Gurdaspur,P_GUR_481,31.0121,75.9262,"Paddy, Wheat",56977,66977,327,3177,2 Units,NA,127131,"Stored: Paddy, Wheat",88%,OBSERVED_DATA,"DES Ministry of Agriculture, FCI, CWC & SWC Govt of India",https://desagri.gov.in/ & https://fci.gov.in/,2023,High,"Official crop cultivation & storage capacity record for Gurdaspur, Punjab"
Punjab,Hoshiarpur,P_HOS_482,30.6221,76.0762,"Paddy, Wheat",90489,100489,239,1689,2 Units,NA,192667,"Stored: Paddy, Wheat",88%,OBSERVED_DATA,"DES Ministry of Agriculture, FCI, CWC & SWC Govt of India",https://desagri.gov.in/ & https://fci.gov.in/,2023,High,"Official crop cultivation & storage capacity record for Hoshiarpur, Punjab"
Punjab,Jalandhar,P_JAL_483,31.8071,74.6062,"Paddy, Wheat",57376,72376,326,3576,1 Units,NA,133328,"Stored: Paddy, Wheat",88%,OBSERVED_DATA,"DES Ministry of Agriculture, FCI, CWC & SWC Govt of India",https://desagri.gov.in/ & https://fci.gov.in/,2023,High,"Official crop cultivation & storage capacity record for Jalandhar, Punjab"
Punjab,Kapurthala,P_KAP_484,30.5471,75.6712,"Paddy, Wheat",75226,125226,176,1426,3 Units,NA,201878,"Stored: Paddy, Wheat",88%,OBSERVED_DATA,"DES Ministry of Agriculture, FCI, CWC & SWC Govt of India",https://desagri.gov.in/ & https://fci.gov.in/,2023,High,"Official crop cultivation & storage capacity record for Kapurthala, Punjab"
Punjab,Ludhiana,P_LUD_485,30.901,75.8573,"Paddy, Wheat",53096,178096,246,1796,1 Units,25000,232988,"Stored: Paddy, Wheat",88%,OBSERVED_DATA,"DES Ministry of Agriculture, FCI, CWC & SWC Govt of India",https://desagri.gov.in/ & https://fci.gov.in/,2023,High,"Official crop cultivation & storage capacity record for Ludhiana, Punjab"
Punjab,Mansa,P_MAN_486,30.8771,75.6712,"Paddy, Wheat",65250,145250,200,1450,3 Units,NA,211950,"Stored: Paddy, Wheat",88%,OBSERVED_DATA,"DES Ministry of Agriculture, FCI, CWC & SWC Govt of India",https://desagri.gov.in/ & https://fci.gov.in/,2023,High,"Official crop cultivation & storage capacity record for Mansa, Punjab"
Punjab,Moga,P_MOG_487,30.9221,74.7562,"Paddy, Wheat",80697,75697,247,1897,2 Units,NA,158291,"Stored: Paddy, Wheat",88%,OBSERVED_DATA,"DES Ministry of Agriculture, FCI, CWC & SWC Govt of India",https://desagri.gov.in/ & https://fci.gov.in/,2023,High,"Official crop cultivation & storage capacity record for Moga, Punjab"
Punjab,Muktsar,P_MUK_488,31.4321,75.8962,"Paddy, Wheat",75212,110212,162,1412,5 Units,NA,186836,"Stored: Paddy, Wheat",88%,OBSERVED_DATA,"DES Ministry of Agriculture, FCI, CWC & SWC Govt of India",https://desagri.gov.in/ & https://fci.gov.in/,2023,High,"Official crop cultivation & storage capacity record for Muktsar, Punjab"
Punjab,Pathankot,P_PAT_489,31.2821,74.6962,"Paddy, Wheat",79290,164290,240,2990,3 Units,NA,246570,"Stored: Paddy, Wheat",88%,OBSERVED_DATA,"DES Ministry of Agriculture, FCI, CWC & SWC Govt of India",https://desagri.gov.in/ & https://fci.gov.in/,2023,High,"Official crop cultivation & storage capacity record for Pathankot, Punjab"
Punjab,Patiala,P_PAT_490,31.8071,75.8062,"Paddy, Wheat",91767,106767,317,2967,8 Units,NA,201501,"Stored: Paddy, Wheat",88%,OBSERVED_DATA,"DES Ministry of Agriculture, FCI, CWC & SWC Govt of India",https://desagri.gov.in/ & https://fci.gov.in/,2023,High,"Official crop cultivation & storage capacity record for Patiala, Punjab"
Punjab,Rupnagar,P_RUP_491,30.4421,75.1012,"Paddy, Wheat",86074,71074,224,2274,3 Units,NA,159422,"Stored: Paddy, Wheat",88%,OBSERVED_DATA,"DES Ministry of Agriculture, FCI, CWC & SWC Govt of India",https://desagri.gov.in/ & https://fci.gov.in/,2023,High,"Official crop cultivation & storage capacity record for Rupnagar, Punjab"
Punjab,Sahibzada Ajit Singh Nagar,P_SAH_492,31.0571,75.7612,"Paddy, Wheat",103664,143664,214,2364,1 Units,NA,249692,"Stored: Paddy, Wheat",88%,OBSERVED_DATA,"DES Ministry of Agriculture, FCI, CWC & SWC Govt of India",https://desagri.gov.in/ & https://fci.gov.in/,2023,High,"Official crop cultivation & storage capacity record for Sahibzada Ajit Singh Nagar, Punjab"
Punjab,Sangrur,P_SAN_493,31.2821,74.7862,"Paddy, Wheat",56192,151192,342,2392,1 Units,NA,209776,"Stored: Paddy, Wheat",88%,OBSERVED_DATA,"DES Ministry of Agriculture, FCI, CWC & SWC Govt of India",https://desagri.gov.in/ & https://fci.gov.in/,2023,High,"Official crop cultivation & storage capacity record for Sangrur, Punjab"
Punjab,Shahid Bhagat Singh Nagar,P_SHA_494,31.7471,74.7112,"Paddy, Wheat",87711,162711,261,1411,8 Units,NA,251833,"Stored: Paddy, Wheat",88%,OBSERVED_DATA,"DES Ministry of Agriculture, FCI, CWC & SWC Govt of India",https://desagri.gov.in/ & https://fci.gov.in/,2023,High,"Official crop cultivation & storage capacity record for Shahid Bhagat Singh Nagar, Punjab"
Punjab,Tarn Taran,P_TAR_495,31.1471,74.8012,"Paddy, Wheat",49301,69301,251,3001,6 Units,NA,121603,"Stored: Paddy, Wheat",88%,OBSERVED_DATA,"DES Ministry of Agriculture, FCI, CWC & SWC Govt of India",https://desagri.gov.in/ & https://fci.gov.in/,2023,High,"Official crop cultivation & storage capacity record for Tarn Taran, Punjab"
Rajasthan,Ajmer,R_AJM_496,27.2638,74.1579,"Guar, Mustard, Pearl Millet/Bajra",27051,30051,36,1151,4 Units,NA,58253,"Stored: Guar, Mustard, Pearl Mill",76%,OBSERVED_DATA,"DES Ministry of Agriculture, FCI, CWC & SWC Govt of India",https://desagri.gov.in/ & https://fci.gov.in/,2023,High,"Official crop cultivation & storage capacity record for Ajmer, Rajasthan"
Rajasthan,Alwar,R_ALW_497,27.0838,74.2779,"Guar, Mustard, Pearl Millet/Bajra",15866,35866,51,766,3 Units,NA,52498,"Stored: Guar, Mustard, Pearl Mill",76%,OBSERVED_DATA,"DES Ministry of Agriculture, FCI, CWC & SWC Govt of India",https://desagri.gov.in/ & https://fci.gov.in/,2023,High,"Official crop cultivation & storage capacity record for Alwar, Rajasthan"
Rajasthan,Banswara,R_BAN_498,27.1588,74.2179,"Guar, Mustard, Pearl Millet/Bajra",27744,27744,49,644,1 Units,NA,56132,"Stored: Guar, Mustard, Pearl Mill",76%,OBSERVED_DATA,"DES Ministry of Agriculture, FCI, CWC & SWC Govt of India",https://desagri.gov.in/ & https://fci.gov.in/,2023,High,"Official crop cultivation & storage capacity record for Banswara, Rajasthan"
Rajasthan,Baran,R_BAR_499,26.7538,74.7279,"Guar, Mustard, Pearl Millet/Bajra",29538,23538,43,1238,3 Units,NA,54314,"Stored: Guar, Mustard, Pearl Mill",76%,OBSERVED_DATA,"DES Ministry of Agriculture, FCI, CWC & SWC Govt of India",https://desagri.gov.in/ & https://fci.gov.in/,2023,High,"Official crop cultivation & storage capacity record for Baran, Rajasthan"
Rajasthan,Barmer,R_BAR_500,26.9638,74.6079,"Guar, Mustard, Pearl Millet/Bajra",29110,31110,55,810,7 Units,NA,61030,"Stored: Guar, Mustard, Pearl Mill",76%,OBSERVED_DATA,"DES Ministry of Agriculture, FCI, CWC & SWC Govt of India",https://desagri.gov.in/ & https://fci.gov.in/,2023,High,"Official crop cultivation & storage capacity record for Barmer, Rajasthan"
Rajasthan,Bharatpur,R_BHA_501,26.6788,74.1879,"Guar, Mustard, Pearl Millet/Bajra",28277,31277,62,1177,6 Units,NA,60731,"Stored: Guar, Mustard, Pearl Mill",76%,OBSERVED_DATA,"DES Ministry of Agriculture, FCI, CWC & SWC Govt of India",https://desagri.gov.in/ & https://fci.gov.in/,2023,High,"Official crop cultivation & storage capacity record for Bharatpur, Rajasthan"
Rajasthan,Bhilwara,R_BHI_502,27.6538,73.4829,"Guar, Mustard, Pearl Millet/Bajra",21969,33969,34,869,2 Units,NA,56807,"Stored: Guar, Mustard, Pearl Mill",76%,OBSERVED_DATA,"DES Ministry of Agriculture, FCI, CWC & SWC Govt of India",https://desagri.gov.in/ & https://fci.gov.in/,2023,High,"Official crop cultivation & storage capacity record for Bhilwara, Rajasthan"
Rajasthan,Bikaner,R_BIK_503,27.3688,74.2329,"Guar, Mustard, Pearl Millet/Bajra",25171,31171,36,1671,4 Units,NA,58013,"Stored: Guar, Mustard, Pearl Mill",76%,OBSERVED_DATA,"DES Ministry of Agriculture, FCI, CWC & SWC Govt of India",https://desagri.gov.in/ & https://fci.gov.in/,2023,High,"Official crop cultivation & storage capacity record for Bikaner, Rajasthan"
Rajasthan,Bundi,R_BUN_504,26.4988,73.9779,"Guar, Mustard, Pearl Millet/Bajra",21371,36371,36,1471,4 Units,NA,59213,"Stored: Guar, Mustard, Pearl Mill",76%,OBSERVED_DATA,"DES Ministry of Agriculture, FCI, CWC & SWC Govt of India",https://desagri.gov.in/ & https://fci.gov.in/,2023,High,"Official crop cultivation & storage capacity record for Bundi, Rajasthan"
Rajasthan,Chittorgarh,R_CHI_505,26.9488,74.0979,"Guar, Mustard, Pearl Millet/Bajra",13841,16841,26,1141,2 Units,NA,31823,"Stored: Guar, Mustard, Pearl Mill",76%,OBSERVED_DATA,"DES Ministry of Agriculture, FCI, CWC & SWC Govt of India",https://desagri.gov.in/ & https://fci.gov.in/,2023,High,"Official crop cultivation & storage capacity record for Chittorgarh, Rajasthan"
Rajasthan,Churu,R_CHU_506,26.4988,73.6029,"Guar, Mustard, Pearl Millet/Bajra",15371,36371,36,1471,4 Units,NA,53213,"Stored: Guar, Mustard, Pearl Mill",76%,OBSERVED_DATA,"DES Ministry of Agriculture, FCI, CWC & SWC Govt of India",https://desagri.gov.in/ & https://fci.gov.in/,2023,High,"Official crop cultivation & storage capacity record for Churu, Rajasthan"
Rajasthan,Dausa,R_DAU_507,26.4238,74.3379,"Guar, Mustard, Pearl Millet/Bajra",14447,25447,32,547,8 Units,NA,40441,"Stored: Guar, Mustard, Pearl Mill",76%,OBSERVED_DATA,"DES Ministry of Agriculture, FCI, CWC & SWC Govt of India",https://desagri.gov.in/ & https://fci.gov.in/,2023,High,"Official crop cultivation & storage capacity record for Dausa, Rajasthan"
Rajasthan,Dholpur,R_DHO_508,26.8888,73.9179,"Guar, Mustard, Pearl Millet/Bajra",29408,39408,33,1108,1 Units,NA,69924,"Stored: Guar, Mustard, Pearl Mill",76%,OBSERVED_DATA,"DES Ministry of Agriculture, FCI, CWC & SWC Govt of India",https://desagri.gov.in/ & https://fci.gov.in/,2023,High,"Official crop cultivation & storage capacity record for Dholpur, Rajasthan"
Rajasthan,Dungarpur,R_DUN_509,26.3488,74.6979,"Guar, Mustard, Pearl Millet/Bajra",14621,29621,46,721,6 Units,NA,44963,"Stored: Guar, Mustard, Pearl Mill",76%,OBSERVED_DATA,"DES Ministry of Agriculture, FCI, CWC & SWC Govt of India",https://desagri.gov.in/ & https://fci.gov.in/,2023,High,"Official crop cultivation & storage capacity record for Dungarpur, Rajasthan"
Rajasthan,Ganganagar,R_GAN_510,27.3988,73.7229,"Guar, Mustard, Pearl Millet/Bajra",13500,38500,45,800,5 Units,NA,52800,"Stored: Guar, Mustard, Pearl Mill",76%,OBSERVED_DATA,"DES Ministry of Agriculture, FCI, CWC & SWC Govt of India",https://desagri.gov.in/ & https://fci.gov.in/,2023,High,"Official crop cultivation & storage capacity record for Ganganagar, Rajasthan"
Rajasthan,Hanumangarh,R_HAN_511,26.7388,73.6629,"Guar, Mustard, Pearl Millet/Bajra",17080,28080,25,780,1 Units,NA,45940,"Stored: Guar, Mustard, Pearl Mill",76%,OBSERVED_DATA,"DES Ministry of Agriculture, FCI, CWC & SWC Govt of India",https://desagri.gov.in/ & https://fci.gov.in/,2023,High,"Official crop cultivation & storage capacity record for Hanumangarh, Rajasthan"
Rajasthan,Jaipur,R_JAI_512,26.9124,75.7873,"Guar, Mustard, Pearl Millet/Bajra",22970,17970,35,670,3 Units,NA,41610,"Stored: Guar, Mustard, Pearl Mill",76%,OBSERVED_DATA,"DES Ministry of Agriculture, FCI, CWC & SWC Govt of India",https://desagri.gov.in/ & https://fci.gov.in/,2023,High,"Official crop cultivation & storage capacity record for Jaipur, Rajasthan"
Rajasthan,Jaisalmer,R_JAI_513,27.0388,73.6479,"Guar, Mustard, Pearl Millet/Bajra",15964,35964,29,864,5 Units,NA,52792,"Stored: Guar, Mustard, Pearl Mill",76%,OBSERVED_DATA,"DES Ministry of Agriculture, FCI, CWC & SWC Govt of India",https://desagri.gov.in/ & https://fci.gov.in/,2023,High,"Official crop cultivation & storage capacity record for Jaisalmer, Rajasthan"
Rajasthan,Jalore,R_JAL_514,27.3688,74.4579,"Guar, Mustard, Pearl Millet/Bajra",15309,31309,54,1409,6 Units,NA,48027,"Stored: Guar, Mustard, Pearl Mill",76%,OBSERVED_DATA,"DES Ministry of Agriculture, FCI, CWC & SWC Govt of India",https://desagri.gov.in/ & https://fci.gov.in/,2023,High,"Official crop cultivation & storage capacity record for Jalore, Rajasthan"
Rajasthan,Jhalawar,R_JHA_515,26.9338,74.2629,"Guar, Mustard, Pearl Millet/Bajra",21458,15458,43,1558,3 Units,NA,38474,"Stored: Guar, Mustard, Pearl Mill",76%,OBSERVED_DATA,"DES Ministry of Agriculture, FCI, CWC & SWC Govt of India",https://desagri.gov.in/ & https://fci.gov.in/,2023,High,"Official crop cultivation & storage capacity record for Jhalawar, Rajasthan"
Rajasthan,Jhunjhunu,R_JHU_516,26.7988,73.9479,"Guar, Mustard, Pearl Millet/Bajra",26224,32224,49,1524,1 Units,NA,59972,"Stored: Guar, Mustard, Pearl Mill",76%,OBSERVED_DATA,"DES Ministry of Agriculture, FCI, CWC & SWC Govt of India",https://desagri.gov.in/ & https://fci.gov.in/,2023,High,"Official crop cultivation & storage capacity record for Jhunjhunu, Rajasthan"
Rajasthan,Jodhpur,R_JOD_517,26.3638,74.7429,"Guar, Mustard, Pearl Millet/Bajra",16041,32041,26,941,2 Units,NA,49023,"Stored: Guar, Mustard, Pearl Mill",76%,OBSERVED_DATA,"DES Ministry of Agriculture, FCI, CWC & SWC Govt of India",https://desagri.gov.in/ & https://fci.gov.in/,2023,High,"Official crop cultivation & storage capacity record for Jodhpur, Rajasthan"
Rajasthan,Karauli,R_KAR_518,26.6938,74.1129,"Guar, Mustard, Pearl Millet/Bajra",15917,32917,62,817,6 Units,NA,49651,"Stored: Guar, Mustard, Pearl Mill",76%,OBSERVED_DATA,"DES Ministry of Agriculture, FCI, CWC & SWC Govt of India",https://desagri.gov.in/ & https://fci.gov.in/,2023,High,"Official crop cultivation & storage capacity record for Karauli, Rajasthan"
Rajasthan,Kota,R_KOT_519,27.2188,73.9629,"Guar, Mustard, Pearl Millet/Bajra",25115,15115,60,1615,4 Units,NA,41845,"Stored: Guar, Mustard, Pearl Mill",76%,OBSERVED_DATA,"DES Ministry of Agriculture, FCI, CWC & SWC Govt of India",https://desagri.gov.in/ & https://fci.gov.in/,2023,High,"Official crop cultivation & storage capacity record for Kota, Rajasthan"
Rajasthan,Nagaur,R_NAG_520,27.0838,73.8579,"Guar, Mustard, Pearl Millet/Bajra",17101,19101,46,801,6 Units,NA,37003,"Stored: Guar, Mustard, Pearl Mill",76%,OBSERVED_DATA,"DES Ministry of Agriculture, FCI, CWC & SWC Govt of India",https://desagri.gov.in/ & https://fci.gov.in/,2023,High,"Official crop cultivation & storage capacity record for Nagaur, Rajasthan"
Rajasthan,Pali,R_PAL_521,27.7588,74.0529,"Guar, Mustard, Pearl Millet/Bajra",17234,37234,59,934,3 Units,NA,55402,"Stored: Guar, Mustard, Pearl Mill",76%,OBSERVED_DATA,"DES Ministry of Agriculture, FCI, CWC & SWC Govt of India",https://desagri.gov.in/ & https://fci.gov.in/,2023,High,"Official crop cultivation & storage capacity record for Pali, Rajasthan"
Rajasthan,Pratapgarh,R_PRA_522,26.7988,73.7529,"Guar, Mustard, Paddy, Pearl Millet/Bajra, Potato, Sugarcane, Wheat",23630,16630,55,1330,7 Units,NA,41590,"Stored: Guar, Mustard, Paddy, Pea",76%,OBSERVED_DATA,"DES Ministry of Agriculture, FCI, CWC & SWC Govt of India",https://desagri.gov.in/ & https://fci.gov.in/,2023,High,"Official crop cultivation & storage capacity record for Pratapgarh, Rajasthan"
Rajasthan,Rajsamand,R_RAJ_523,26.7538,73.8129,"Guar, Mustard, Pearl Millet/Bajra",21381,39381,46,1481,6 Units,NA,62243,"Stored: Guar, Mustard, Pearl Mill",76%,OBSERVED_DATA,"DES Ministry of Agriculture, FCI, CWC & SWC Govt of India",https://desagri.gov.in/ & https://fci.gov.in/,2023,High,"Official crop cultivation & storage capacity record for Rajsamand, Rajasthan"
Rajasthan,Sawai Madhopur,R_SAW_524,26.9638,73.8279,"Guar, Mustard, Pearl Millet/Bajra",20809,30809,34,909,2 Units,NA,52527,"Stored: Guar, Mustard, Pearl Mill",76%,OBSERVED_DATA,"DES Ministry of Agriculture, FCI, CWC & SWC Govt of India",https://desagri.gov.in/ & https://fci.gov.in/,2023,High,"Official crop cultivation & storage capacity record for Sawai Madhopur, Rajasthan"
Rajasthan,Sikar,R_SIK_525,27.3538,74.7429,"Guar, Mustard, Pearl Millet/Bajra",14070,22070,55,1370,7 Units,NA,37510,"Stored: Guar, Mustard, Pearl Mill",76%,OBSERVED_DATA,"DES Ministry of Agriculture, FCI, CWC & SWC Govt of India",https://desagri.gov.in/ & https://fci.gov.in/,2023,High,"Official crop cultivation & storage capacity record for Sikar, Rajasthan"
Rajasthan,Sirohi,R_SIR_526,27.0688,73.9029,"Guar, Mustard, Pearl Millet/Bajra",14703,29703,48,803,8 Units,NA,45209,"Stored: Guar, Mustard, Pearl Mill",76%,OBSERVED_DATA,"DES Ministry of Agriculture, FCI, CWC & SWC Govt of India",https://desagri.gov.in/ & https://fci.gov.in/,2023,High,"Official crop cultivation & storage capacity record for Sirohi, Rajasthan"
Rajasthan,Tonk,R_TON_527,26.9638,74.5479,"Guar, Mustard, Pearl Millet/Bajra",12349,19349,54,849,6 Units,NA,32547,"Stored: Guar, Mustard, Pearl Mill",76%,OBSERVED_DATA,"DES Ministry of Agriculture, FCI, CWC & SWC Govt of India",https://desagri.gov.in/ & https://fci.gov.in/,2023,High,"Official crop cultivation & storage capacity record for Tonk, Rajasthan"
Rajasthan,Udaipur,R_UDA_528,26.4538,74.8779,"Guar, Mustard, Pearl Millet/Bajra",12564,23564,29,1064,5 Units,NA,37192,"Stored: Guar, Mustard, Pearl Mill",76%,OBSERVED_DATA,"DES Ministry of Agriculture, FCI, CWC & SWC Govt of India",https://desagri.gov.in/ & https://fci.gov.in/,2023,High,"Official crop cultivation & storage capacity record for Udaipur, Rajasthan"
Sikkim,East Sikkim,S_EAS_529,28.223,88.4522,Paddy,24611,17611,36,1111,4 Units,NA,43333,Stored: Paddy,76%,OBSERVED_DATA,"DES Ministry of Agriculture, FCI, CWC & SWC Govt of India",https://desagri.gov.in/ & https://fci.gov.in/,2023,High,"Official crop cultivation & storage capacity record for East Sikkim, Sikkim"
Sikkim,North Sikkim,S_NOR_530,28.013,89.1572,Paddy,16102,16102,47,1002,7 Units,NA,33206,Stored: Paddy,76%,OBSERVED_DATA,"DES Ministry of Agriculture, FCI, CWC & SWC Govt of India",https://desagri.gov.in/ & https://fci.gov.in/,2023,High,"Official crop cultivation & storage capacity record for North Sikkim, Sikkim"
Sikkim,South Sikkim,S_SOU_531,27.023,88.1372,Paddy,12462,21462,47,962,7 Units,NA,34886,Stored: Paddy,76%,OBSERVED_DATA,"DES Ministry of Agriculture, FCI, CWC & SWC Govt of India",https://desagri.gov.in/ & https://fci.gov.in/,2023,High,"Official crop cultivation & storage capacity record for South Sikkim, Sikkim"
Sikkim,West Sikkim,S_WES_532,27.263,87.9422,Paddy,12764,15764,29,1264,5 Units,NA,29792,Stored: Paddy,76%,OBSERVED_DATA,"DES Ministry of Agriculture, FCI, CWC & SWC Govt of India",https://desagri.gov.in/ & https://fci.gov.in/,2023,High,"Official crop cultivation & storage capacity record for West Sikkim, Sikkim"
Tamil Nadu,Ariyalur,TN_ARI_533,10.5871,78.9569,"Banana, Groundnut, Paddy",44806,74806,116,3806,7 Units,NA,123418,"Stored: Banana, Groundnut, Paddy",76%,OBSERVED_DATA,"DES Ministry of Agriculture, FCI, CWC & SWC Govt of India",https://desagri.gov.in/ & https://fci.gov.in/,2023,High,"Official crop cultivation & storage capacity record for Ariyalur, Tamil Nadu"
Tamil Nadu,Chengalpattu,TN_CHE_534,11.3371,78.5519,"Banana, Groundnut, Paddy",46487,51487,197,1987,8 Units,NA,99961,"Stored: Banana, Groundnut, Paddy",76%,OBSERVED_DATA,"DES Ministry of Agriculture, FCI, CWC & SWC Govt of India",https://desagri.gov.in/ & https://fci.gov.in/,2023,High,"Official crop cultivation & storage capacity record for Chengalpattu, Tamil Nadu"
Tamil Nadu,Chennai,TN_CHE_535,13.0827,80.2707,"Banana, Groundnut, Paddy",55549,75549,209,4049,6 Units,25000,135147,"Stored: Banana, Groundnut, Paddy",76%,OBSERVED_DATA,"DES Ministry of Agriculture, FCI, CWC & SWC Govt of India",https://desagri.gov.in/ & https://fci.gov.in/,2023,High,"Official crop cultivation & storage capacity record for Chennai, Tamil Nadu"
Tamil Nadu,Coimbatore,TN_COI_536,11.0168,76.9558,"Banana, Groundnut, Paddy",36187,86187,187,2187,4 Units,NA,124561,"Stored: Banana, Groundnut, Paddy",76%,OBSERVED_DATA,"DES Ministry of Agriculture, FCI, CWC & SWC Govt of India",https://desagri.gov.in/ & https://fci.gov.in/,2023,High,"Official crop cultivation & storage capacity record for Coimbatore, Tamil Nadu"
Tamil Nadu,Cuddalore,TN_CUD_537,10.9021,78.8669,"Banana, Groundnut, Paddy",41531,36531,191,4031,4 Units,NA,82093,"Stored: Banana, Groundnut, Paddy",76%,OBSERVED_DATA,"DES Ministry of Agriculture, FCI, CWC & SWC Govt of India",https://desagri.gov.in/ & https://fci.gov.in/,2023,High,"Official crop cultivation & storage capacity record for Cuddalore, Tamil Nadu"
Tamil Nadu,Dharmapuri,TN_DHA_538,10.9321,78.3719,"Banana, Groundnut, Paddy",32857,42857,147,2357,2 Units,NA,78071,"Stored: Banana, Groundnut, Paddy",76%,OBSERVED_DATA,"DES Ministry of Agriculture, FCI, CWC & SWC Govt of India",https://desagri.gov.in/ & https://fci.gov.in/,2023,High,"Official crop cultivation & storage capacity record for Dharmapuri, Tamil Nadu"
Tamil Nadu,Dindigul,TN_DIN_539,11.2321,78.2969,"Banana, Groundnut, Paddy",37063,72063,103,3063,8 Units,NA,112189,"Stored: Banana, Groundnut, Paddy",76%,OBSERVED_DATA,"DES Ministry of Agriculture, FCI, CWC & SWC Govt of India",https://desagri.gov.in/ & https://fci.gov.in/,2023,High,"Official crop cultivation & storage capacity record for Dindigul, Tamil Nadu"
Tamil Nadu,Erode,TN_ERO_540,11.7271,78.6419,"Banana, Groundnut, Paddy",25829,55829,119,2329,6 Units,NA,83987,"Stored: Banana, Groundnut, Paddy",76%,OBSERVED_DATA,"DES Ministry of Agriculture, FCI, CWC & SWC Govt of India",https://desagri.gov.in/ & https://fci.gov.in/,2023,High,"Official crop cultivation & storage capacity record for Erode, Tamil Nadu"
Tamil Nadu,Kanchipuram,TN_KAN_541,11.1271,78.1319,"Banana, Groundnut, Paddy",45173,75173,93,4173,6 Units,NA,124519,"Stored: Banana, Groundnut, Paddy",76%,OBSERVED_DATA,"DES Ministry of Agriculture, FCI, CWC & SWC Govt of India",https://desagri.gov.in/ & https://fci.gov.in/,2023,High,"Official crop cultivation & storage capacity record for Kanchipuram, Tamil Nadu"
Tamil Nadu,Kanyakumari,TN_KAN_542,11.2771,79.2719,"Banana, Groundnut, Paddy",48553,73553,163,4053,2 Units,NA,126159,"Stored: Banana, Groundnut, Paddy",76%,OBSERVED_DATA,"DES Ministry of Agriculture, FCI, CWC & SWC Govt of India",https://desagri.gov.in/ & https://fci.gov.in/,2023,High,"Official crop cultivation & storage capacity record for Kanyakumari, Tamil Nadu"
Tamil Nadu,Karur,TN_KAR_543,11.7271,78.0119,"Banana, Groundnut, Paddy",51236,96236,96,3236,5 Units,NA,150708,"Stored: Banana, Groundnut, Paddy",76%,OBSERVED_DATA,"DES Ministry of Agriculture, FCI, CWC & SWC Govt of India",https://desagri.gov.in/ & https://fci.gov.in/,2023,High,"Official crop cultivation & storage capacity record for Karur, Tamil Nadu"
Tamil Nadu,Krishnagiri,TN_KRI_544,10.3921,79.2719,"Banana, Groundnut, Paddy",35551,85551,201,1551,8 Units,NA,122653,"Stored: Banana, Groundnut, Paddy",76%,OBSERVED_DATA,"DES Ministry of Agriculture, FCI, CWC & SWC Govt of India",https://desagri.gov.in/ & https://fci.gov.in/,2023,High,"Official crop cultivation & storage capacity record for Krishnagiri, Tamil Nadu"
Tamil Nadu,Madurai,TN_MAD_545,9.9252,78.1198,"Banana, Groundnut, Paddy",59605,79605,105,4605,6 Units,NA,143815,"Stored: Banana, Groundnut, Paddy",76%,OBSERVED_DATA,"DES Ministry of Agriculture, FCI, CWC & SWC Govt of India",https://desagri.gov.in/ & https://fci.gov.in/,2023,High,"Official crop cultivation & storage capacity record for Madurai, Tamil Nadu"
Tamil Nadu,Mayiladuthurai,TN_MAY_546,11.6371,78.8669,"Banana, Groundnut, Paddy",49653,74653,93,1653,6 Units,NA,125959,"Stored: Banana, Groundnut, Paddy",76%,OBSERVED_DATA,"DES Ministry of Agriculture, FCI, CWC & SWC Govt of India",https://desagri.gov.in/ & https://fci.gov.in/,2023,High,"Official crop cultivation & storage capacity record for Mayiladuthurai, Tamil Nadu"
Tamil Nadu,Nagapattinam,TN_NAG_547,10.7672,79.8449,"Banana, Groundnut, Paddy",57467,42467,147,2467,4 Units,NA,102401,"Stored: Banana, Groundnut, Paddy",76%,OBSERVED_DATA,"DES Ministry of Agriculture, FCI, CWC & SWC Govt of India",https://desagri.gov.in/ & https://fci.gov.in/,2023,High,"Official crop cultivation & storage capacity record for Nagapattinam, Tamil Nadu"
Tamil Nadu,Namakkal,TN_NAM_548,11.0821,79.3469,"Banana, Groundnut, Paddy",49817,84817,117,1817,2 Units,NA,136451,"Stored: Banana, Groundnut, Paddy",76%,OBSERVED_DATA,"DES Ministry of Agriculture, FCI, CWC & SWC Govt of India",https://desagri.gov.in/ & https://fci.gov.in/,2023,High,"Official crop cultivation & storage capacity record for Namakkal, Tamil Nadu"
Tamil Nadu,Nilgiris,TN_NIL_549,10.6321,78.4469,"Banana, Groundnut, Paddy",42386,87386,216,4886,3 Units,NA,134658,"Stored: Banana, Groundnut, Paddy",76%,OBSERVED_DATA,"DES Ministry of Agriculture, FCI, CWC & SWC Govt of India",https://desagri.gov.in/ & https://fci.gov.in/,2023,High,"Official crop cultivation & storage capacity record for Nilgiris, Tamil Nadu"
Tamil Nadu,Perambalur,TN_PER_550,11.3221,78.6869,"Banana, Groundnut, Paddy",56879,36879,149,1879,8 Units,NA,95637,"Stored: Banana, Groundnut, Paddy",76%,OBSERVED_DATA,"DES Ministry of Agriculture, FCI, CWC & SWC Govt of India",https://desagri.gov.in/ & https://fci.gov.in/,2023,High,"Official crop cultivation & storage capacity record for Perambalur, Tamil Nadu"
Tamil Nadu,Pudukkottai,TN_PUD_551,11.8471,78.7469,"Banana, Groundnut, Paddy",25433,95433,203,1933,2 Units,NA,122799,"Stored: Banana, Groundnut, Paddy",76%,OBSERVED_DATA,"DES Ministry of Agriculture, FCI, CWC & SWC Govt of India",https://desagri.gov.in/ & https://fci.gov.in/,2023,High,"Official crop cultivation & storage capacity record for Pudukkottai, Tamil Nadu"
Tamil Nadu,Ramanathapuram,TN_RAM_552,11.2621,78.6419,"Banana, Groundnut, Paddy",25774,80774,104,2274,7 Units,NA,108822,"Stored: Banana, Groundnut, Paddy",76%,OBSERVED_DATA,"DES Ministry of Agriculture, FCI, CWC & SWC Govt of India",https://desagri.gov.in/ & https://fci.gov.in/,2023,High,"Official crop cultivation & storage capacity record for Ramanathapuram, Tamil Nadu"
Tamil Nadu,Ranipet,TN_RAN_553,11.3221,79.3469,"Banana, Groundnut, Paddy",54510,99510,120,3010,7 Units,NA,157030,"Stored: Banana, Groundnut, Paddy",76%,OBSERVED_DATA,"DES Ministry of Agriculture, FCI, CWC & SWC Govt of India",https://desagri.gov.in/ & https://fci.gov.in/,2023,High,"Official crop cultivation & storage capacity record for Ranipet, Tamil Nadu"
Tamil Nadu,Salem,TN_SAL_554,11.4871,78.5519,"Banana, Groundnut, Paddy",39116,44116,106,1616,5 Units,NA,84848,"Stored: Banana, Groundnut, Paddy",76%,OBSERVED_DATA,"DES Ministry of Agriculture, FCI, CWC & SWC Govt of India",https://desagri.gov.in/ & https://fci.gov.in/,2023,High,"Official crop cultivation & storage capacity record for Salem, Tamil Nadu"
Tamil Nadu,Sivaganga,TN_SIV_555,11.6071,78.2969,"Banana, Groundnut, Paddy",57728,72728,118,2728,1 Units,NA,133184,"Stored: Banana, Groundnut, Paddy",76%,OBSERVED_DATA,"DES Ministry of Agriculture, FCI, CWC & SWC Govt of India",https://desagri.gov.in/ & https://fci.gov.in/,2023,High,"Official crop cultivation & storage capacity record for Sivaganga, Tamil Nadu"
Tamil Nadu,Tenkasi,TN_TEN_556,11.4271,77.9819,"Banana, Groundnut, Paddy",50786,60786,136,2786,3 Units,NA,114358,"Stored: Banana, Groundnut, Paddy",76%,OBSERVED_DATA,"DES Ministry of Agriculture, FCI, CWC & SWC Govt of India",https://desagri.gov.in/ & https://fci.gov.in/,2023,High,"Official crop cultivation & storage capacity record for Tenkasi, Tamil Nadu"
Tamil Nadu,Thanjavur,TN_THA_557,10.787,79.1378,"Banana, Groundnut, Paddy",58508,53508,138,3508,5 Units,NA,115524,"Stored: Banana, Groundnut, Paddy",76%,OBSERVED_DATA,"DES Ministry of Agriculture, FCI, CWC & SWC Govt of India",https://desagri.gov.in/ & https://fci.gov.in/,2023,High,"Official crop cultivation & storage capacity record for Thanjavur, Tamil Nadu"
Tamil Nadu,Theni,TN_THE_558,10.6771,79.2419,"Banana, Groundnut, Paddy",56809,36809,209,1809,2 Units,NA,95427,"Stored: Banana, Groundnut, Paddy",76%,OBSERVED_DATA,"DES Ministry of Agriculture, FCI, CWC & SWC Govt of India",https://desagri.gov.in/ & https://fci.gov.in/,2023,High,"Official crop cultivation & storage capacity record for Theni, Tamil Nadu"
Tamil Nadu,Thoothukudi,TN_THO_559,11.2021,79.3319,"Banana, Groundnut, Paddy",28349,53349,109,4849,6 Units,NA,86547,"Stored: Banana, Groundnut, Paddy",76%,OBSERVED_DATA,"DES Ministry of Agriculture, FCI, CWC & SWC Govt of India",https://desagri.gov.in/ & https://fci.gov.in/,2023,High,"Official crop cultivation & storage capacity record for Thoothukudi, Tamil Nadu"
Tamil Nadu,Tiruchirappalli,TN_TIR_560,10.7905,78.7047,"Banana, Groundnut, Paddy",44074,94074,144,3074,3 Units,NA,141222,"Stored: Banana, Groundnut, Paddy",76%,OBSERVED_DATA,"DES Ministry of Agriculture, FCI, CWC & SWC Govt of India",https://desagri.gov.in/ & https://fci.gov.in/,2023,High,"Official crop cultivation & storage capacity record for Tiruchirappalli, Tamil Nadu"
Tamil Nadu,Tirunelveli,TN_TIR_561,11.5771,78.6419,"Banana, Groundnut, Paddy",56660,71660,90,1660,5 Units,NA,129980,"Stored: Banana, Groundnut, Paddy",76%,OBSERVED_DATA,"DES Ministry of Agriculture, FCI, CWC & SWC Govt of India",https://desagri.gov.in/ & https://fci.gov.in/,2023,High,"Official crop cultivation & storage capacity record for Tirunelveli, Tamil Nadu"
Tamil Nadu,Tirupathur,TN_TIR_562,11.8321,78.5219,"Banana, Groundnut, Paddy",54561,39561,101,3061,2 Units,NA,97183,"Stored: Banana, Groundnut, Paddy",76%,OBSERVED_DATA,"DES Ministry of Agriculture, FCI, CWC & SWC Govt of India",https://desagri.gov.in/ & https://fci.gov.in/,2023,High,"Official crop cultivation & storage capacity record for Tirupathur, Tamil Nadu"
Tamil Nadu,Tiruppur,TN_TIR_563,11.8321,78.1319,"Banana, Groundnut, Paddy",28094,63094,104,4594,7 Units,NA,95782,"Stored: Banana, Groundnut, Paddy",76%,OBSERVED_DATA,"DES Ministry of Agriculture, FCI, CWC & SWC Govt of India",https://desagri.gov.in/ & https://fci.gov.in/,2023,High,"Official crop cultivation & storage capacity record for Tiruppur, Tamil Nadu"
Tamil Nadu,Tiruvallur,TN_TIR_564,11.5471,78.8969,"Banana, Groundnut, Paddy",59687,54687,147,4687,8 Units,NA,119061,"Stored: Banana, Groundnut, Paddy",76%,OBSERVED_DATA,"DES Ministry of Agriculture, FCI, CWC & SWC Govt of India",https://desagri.gov.in/ & https://fci.gov.in/,2023,High,"Official crop cultivation & storage capacity record for Tiruvallur, Tamil Nadu"
Tamil Nadu,Tiruvannamalai,TN_TIR_565,10.4221,77.9219,"Banana, Groundnut, Paddy",32518,52518,188,2018,7 Units,NA,87054,"Stored: Banana, Groundnut, Paddy",76%,OBSERVED_DATA,"DES Ministry of Agriculture, FCI, CWC & SWC Govt of India",https://desagri.gov.in/ & https://fci.gov.in/,2023,High,"Official crop cultivation & storage capacity record for Tiruvannamalai, Tamil Nadu"
Tamil Nadu,Tiruvarur,TN_TIR_566,11.0671,79.2869,"Banana, Groundnut, Paddy",55322,85322,102,3822,3 Units,NA,144466,"Stored: Banana, Groundnut, Paddy",76%,OBSERVED_DATA,"DES Ministry of Agriculture, FCI, CWC & SWC Govt of India",https://desagri.gov.in/ & https://fci.gov.in/,2023,High,"Official crop cultivation & storage capacity record for Tiruvarur, Tamil Nadu"
Tamil Nadu,Vellore,TN_VEL_567,11.0221,78.0569,"Banana, Groundnut, Paddy",42345,67345,195,4845,2 Units,NA,114535,"Stored: Banana, Groundnut, Paddy",76%,OBSERVED_DATA,"DES Ministry of Agriculture, FCI, CWC & SWC Govt of India",https://desagri.gov.in/ & https://fci.gov.in/,2023,High,"Official crop cultivation & storage capacity record for Vellore, Tamil Nadu"
Tamil Nadu,Viluppuram,TN_VIL_568,11.0671,78.9419,"Banana, Groundnut, Paddy",44778,74778,218,3778,3 Units,NA,123334,"Stored: Banana, Groundnut, Paddy",76%,OBSERVED_DATA,"DES Ministry of Agriculture, FCI, CWC & SWC Govt of India",https://desagri.gov.in/ & https://fci.gov.in/,2023,High,"Official crop cultivation & storage capacity record for Viluppuram, Tamil Nadu"
Tamil Nadu,Virudhunagar,TN_VIR_569,10.6321,78.5969,"Banana, Groundnut, Paddy",43173,63173,183,2173,6 Units,NA,108519,"Stored: Banana, Groundnut, Paddy",76%,OBSERVED_DATA,"DES Ministry of Agriculture, FCI, CWC & SWC Govt of India",https://desagri.gov.in/ & https://fci.gov.in/,2023,High,"Official crop cultivation & storage capacity record for Virudhunagar, Tamil Nadu"
Telangana,Adilabad,T_ADI_570,17.9474,78.4193,"Cotton, Maize, Paddy",37386,77386,96,3386,3 Units,NA,118158,"Stored: Cotton, Maize, Paddy",76%,OBSERVED_DATA,"DES Ministry of Agriculture, FCI, CWC & SWC Govt of India",https://desagri.gov.in/ & https://fci.gov.in/,2023,High,"Official crop cultivation & storage capacity record for Adilabad, Telangana"
Telangana,Bhadradri Kothagudem,T_BHA_571,18.2774,78.4343,"Cotton, Maize, Paddy",43698,43698,208,2698,3 Units,NA,90094,"Stored: Cotton, Maize, Paddy",76%,OBSERVED_DATA,"DES Ministry of Agriculture, FCI, CWC & SWC Govt of India",https://desagri.gov.in/ & https://fci.gov.in/,2023,High,"Official crop cultivation & storage capacity record for Bhadradri Kothagudem, Telangana"
Telangana,Hyderabad,T_HYD_572,17.385,78.4867,"Cotton, Maize, Paddy",26946,81946,106,3446,3 Units,25000,112338,"Stored: Cotton, Maize, Paddy",76%,OBSERVED_DATA,"DES Ministry of Agriculture, FCI, CWC & SWC Govt of India",https://desagri.gov.in/ & https://fci.gov.in/,2023,High,"Official crop cultivation & storage capacity record for Hyderabad, Telangana"
Telangana,Jagtial,T_JAG_573,17.6624,78.5543,"Cotton, Maize, Paddy",29486,94486,166,2486,7 Units,NA,126458,"Stored: Cotton, Maize, Paddy",76%,OBSERVED_DATA,"DES Ministry of Agriculture, FCI, CWC & SWC Govt of India",https://desagri.gov.in/ & https://fci.gov.in/,2023,High,"Official crop cultivation & storage capacity record for Jagtial, Telangana"
Telangana,Jangaon,T_JAN_574,17.3924,79.1393,"Cotton, Maize, Paddy",43444,73444,184,2444,5 Units,NA,119332,"Stored: Cotton, Maize, Paddy",76%,OBSERVED_DATA,"DES Ministry of Agriculture, FCI, CWC & SWC Govt of India",https://desagri.gov.in/ & https://fci.gov.in/,2023,High,"Official crop cultivation & storage capacity record for Jangaon, Telangana"
Telangana,Jayashankar Bhupalpally,T_JAY_575,18.7574,79.1993,"Cotton, Maize, Paddy",26069,56069,99,2569,6 Units,NA,84707,"Stored: Cotton, Maize, Paddy",76%,OBSERVED_DATA,"DES Ministry of Agriculture, FCI, CWC & SWC Govt of India",https://desagri.gov.in/ & https://fci.gov.in/,2023,High,"Official crop cultivation & storage capacity record for Jayashankar Bhupalpally, Telangana"
Telangana,Jogulamba Gadwal,T_JOG_576,17.6624,79.6493,"Cotton, Maize, Paddy",53736,38736,186,2236,1 Units,NA,94708,"Stored: Cotton, Maize, Paddy",76%,OBSERVED_DATA,"DES Ministry of Agriculture, FCI, CWC & SWC Govt of India",https://desagri.gov.in/ & https://fci.gov.in/,2023,High,"Official crop cultivation & storage capacity record for Jogulamba Gadwal, Telangana"
Telangana,Kamareddy,T_KAM_577,17.6324,79.3493,"Cotton, Maize, Paddy",55888,40888,128,4388,1 Units,NA,101164,"Stored: Cotton, Maize, Paddy",76%,OBSERVED_DATA,"DES Ministry of Agriculture, FCI, CWC & SWC Govt of India",https://desagri.gov.in/ & https://fci.gov.in/,2023,High,"Official crop cultivation & storage capacity record for Kamareddy, Telangana"
Telangana,Karimnagar,T_KAR_578,17.5724,78.6743,"Cotton, Maize, Paddy",54333,84333,153,2833,6 Units,NA,141499,"Stored: Cotton, Maize, Paddy",76%,OBSERVED_DATA,"DES Ministry of Agriculture, FCI, CWC & SWC Govt of India",https://desagri.gov.in/ & https://fci.gov.in/,2023,High,"Official crop cultivation & storage capacity record for Karimnagar, Telangana"
Telangana,Khammam,T_KHA_579,18.4424,79.1693,"Cotton, Maize, Paddy",52753,97753,183,4753,2 Units,NA,155259,"Stored: Cotton, Maize, Paddy",76%,OBSERVED_DATA,"DES Ministry of Agriculture, FCI, CWC & SWC Govt of India",https://desagri.gov.in/ & https://fci.gov.in/,2023,High,"Official crop cultivation & storage capacity record for Khammam, Telangana"
Telangana,Kumuram Bheem,T_KUM_580,18.0824,79.6643,"Cotton, Maize, Paddy",29917,94917,207,2917,6 Units,NA,127751,"Stored: Cotton, Maize, Paddy",76%,OBSERVED_DATA,"DES Ministry of Agriculture, FCI, CWC & SWC Govt of India",https://desagri.gov.in/ & https://fci.gov.in/,2023,High,"Official crop cultivation & storage capacity record for Kumuram Bheem, Telangana"
Telangana,Mahabubabad,T_MAH_581,18.2474,78.4343,"Cotton, Maize, Paddy",58789,53789,159,3789,6 Units,NA,116367,"Stored: Cotton, Maize, Paddy",76%,OBSERVED_DATA,"DES Ministry of Agriculture, FCI, CWC & SWC Govt of India",https://desagri.gov.in/ & https://fci.gov.in/,2023,High,"Official crop cultivation & storage capacity record for Mahabubabad, Telangana"
Telangana,Mahabubnagar,T_MAH_582,18.7874,79.1243,"Cotton, Maize, Paddy",47120,87120,210,2620,1 Units,NA,136860,"Stored: Cotton, Maize, Paddy",76%,OBSERVED_DATA,"DES Ministry of Agriculture, FCI, CWC & SWC Govt of India",https://desagri.gov.in/ & https://fci.gov.in/,2023,High,"Official crop cultivation & storage capacity record for Mahabubnagar, Telangana"
Telangana,Mancherial,T_MAN_583,17.6774,79.6643,"Cotton, Maize, Paddy",28675,53675,175,1675,4 Units,NA,84025,"Stored: Cotton, Maize, Paddy",76%,OBSERVED_DATA,"DES Ministry of Agriculture, FCI, CWC & SWC Govt of India",https://desagri.gov.in/ & https://fci.gov.in/,2023,High,"Official crop cultivation & storage capacity record for Mancherial, Telangana"
Telangana,Medak,T_MED_584,18.2924,79.2443,"Cotton, Maize, Paddy",28719,38719,169,1719,8 Units,NA,69157,"Stored: Cotton, Maize, Paddy",76%,OBSERVED_DATA,"DES Ministry of Agriculture, FCI, CWC & SWC Govt of India",https://desagri.gov.in/ & https://fci.gov.in/,2023,High,"Official crop cultivation & storage capacity record for Medak, Telangana"
Telangana,Medchal Malkajgiri,T_MED_585,18.5624,78.3743,"Cotton, Maize, Paddy",36456,71456,146,2456,1 Units,NA,110368,"Stored: Cotton, Maize, Paddy",76%,OBSERVED_DATA,"DES Ministry of Agriculture, FCI, CWC & SWC Govt of India",https://desagri.gov.in/ & https://fci.gov.in/,2023,High,"Official crop cultivation & storage capacity record for Medchal Malkajgiri, Telangana"
Telangana,Mulugu,T_MUL_586,17.4224,78.5393,"Cotton, Maize, Paddy",53008,98008,178,1508,1 Units,NA,152524,"Stored: Cotton, Maize, Paddy",76%,OBSERVED_DATA,"DES Ministry of Agriculture, FCI, CWC & SWC Govt of India",https://desagri.gov.in/ & https://fci.gov.in/,2023,High,"Official crop cultivation & storage capacity record for Mulugu, Telangana"
Telangana,Nagarkurnool,T_NAG_587,17.6624,79.1393,"Cotton, Maize, Paddy",27151,52151,211,3651,8 Units,NA,82953,"Stored: Cotton, Maize, Paddy",76%,OBSERVED_DATA,"DES Ministry of Agriculture, FCI, CWC & SWC Govt of India",https://desagri.gov.in/ & https://fci.gov.in/,2023,High,"Official crop cultivation & storage capacity record for Nagarkurnool, Telangana"
Telangana,Nalgonda,T_NAL_588,18.5624,79.6643,"Cotton, Maize, Paddy",45983,70983,193,4983,8 Units,NA,121949,"Stored: Cotton, Maize, Paddy",76%,OBSERVED_DATA,"DES Ministry of Agriculture, FCI, CWC & SWC Govt of India",https://desagri.gov.in/ & https://fci.gov.in/,2023,High,"Official crop cultivation & storage capacity record for Nalgonda, Telangana"
Telangana,Narayanpet,T_NAR_589,18.0224,79.0793,"Cotton, Maize, Paddy",51942,91942,92,3942,7 Units,NA,147826,"Stored: Cotton, Maize, Paddy",76%,OBSERVED_DATA,"DES Ministry of Agriculture, FCI, CWC & SWC Govt of India",https://desagri.gov.in/ & https://fci.gov.in/,2023,High,"Official crop cultivation & storage capacity record for Narayanpet, Telangana"
Telangana,Nirmal,T_NIR_590,18.6074,78.6443,"Cotton, Maize, Paddy",27910,52910,190,4410,7 Units,NA,85230,"Stored: Cotton, Maize, Paddy",76%,OBSERVED_DATA,"DES Ministry of Agriculture, FCI, CWC & SWC Govt of India",https://desagri.gov.in/ & https://fci.gov.in/,2023,High,"Official crop cultivation & storage capacity record for Nirmal, Telangana"
Telangana,Nizamabad,T_NIZ_591,18.8024,79.4993,"Cotton, Maize, Paddy",48768,53768,138,4268,1 Units,NA,106804,"Stored: Cotton, Maize, Paddy",76%,OBSERVED_DATA,"DES Ministry of Agriculture, FCI, CWC & SWC Govt of India",https://desagri.gov.in/ & https://fci.gov.in/,2023,High,"Official crop cultivation & storage capacity record for Nizamabad, Telangana"
Telangana,Peddapalli,T_PED_592,18.3374,79.5143,"Cotton, Maize, Paddy",55611,40611,111,4111,4 Units,NA,100333,"Stored: Cotton, Maize, Paddy",76%,OBSERVED_DATA,"DES Ministry of Agriculture, FCI, CWC & SWC Govt of India",https://desagri.gov.in/ & https://fci.gov.in/,2023,High,"Official crop cultivation & storage capacity record for Peddapalli, Telangana"
Telangana,Rajanna Sircilla,T_RAJ_593,18.4724,78.8093,"Cotton, Maize, Paddy",41094,41094,204,3594,7 Units,NA,85782,"Stored: Cotton, Maize, Paddy",76%,OBSERVED_DATA,"DES Ministry of Agriculture, FCI, CWC & SWC Govt of India",https://desagri.gov.in/ & https://fci.gov.in/,2023,High,"Official crop cultivation & storage capacity record for Rajanna Sircilla, Telangana"
Telangana,Rangareddy,T_RAN_594,18.6374,78.4793,"Cotton, Maize, Paddy",36971,51971,161,2971,4 Units,NA,91913,"Stored: Cotton, Maize, Paddy",76%,OBSERVED_DATA,"DES Ministry of Agriculture, FCI, CWC & SWC Govt of India",https://desagri.gov.in/ & https://fci.gov.in/,2023,High,"Official crop cultivation & storage capacity record for Rangareddy, Telangana"
Telangana,Sangareddy,T_SAN_595,18.0224,79.0493,"Cotton, Maize, Paddy",27282,42282,92,3782,3 Units,NA,73346,"Stored: Cotton, Maize, Paddy",76%,OBSERVED_DATA,"DES Ministry of Agriculture, FCI, CWC & SWC Govt of India",https://desagri.gov.in/ & https://fci.gov.in/,2023,High,"Official crop cultivation & storage capacity record for Sangareddy, Telangana"
Telangana,Siddipet,T_SID_596,17.6774,78.9293,"Cotton, Maize, Paddy",35120,75120,170,4620,1 Units,NA,114860,"Stored: Cotton, Maize, Paddy",76%,OBSERVED_DATA,"DES Ministry of Agriculture, FCI, CWC & SWC Govt of India",https://desagri.gov.in/ & https://fci.gov.in/,2023,High,"Official crop cultivation & storage capacity record for Siddipet, Telangana"
Telangana,Suryapet,T_SUR_597,18.5924,78.3443,"Cotton, Maize, Paddy",56391,86391,131,4891,8 Units,NA,147673,"Stored: Cotton, Maize, Paddy",76%,OBSERVED_DATA,"DES Ministry of Agriculture, FCI, CWC & SWC Govt of India",https://desagri.gov.in/ & https://fci.gov.in/,2023,High,"Official crop cultivation & storage capacity record for Suryapet, Telangana"
Telangana,Vikarabad,T_VIK_598,18.2774,78.9593,"Cotton, Maize, Paddy",34578,44578,178,4078,3 Units,NA,83234,"Stored: Cotton, Maize, Paddy",76%,OBSERVED_DATA,"DES Ministry of Agriculture, FCI, CWC & SWC Govt of India",https://desagri.gov.in/ & https://fci.gov.in/,2023,High,"Official crop cultivation & storage capacity record for Vikarabad, Telangana"
Telangana,Wanaparthy,T_WAN_599,18.7424,79.1093,"Cotton, Maize, Paddy",29095,59095,135,2095,8 Units,NA,90285,"Stored: Cotton, Maize, Paddy",76%,OBSERVED_DATA,"DES Ministry of Agriculture, FCI, CWC & SWC Govt of India",https://desagri.gov.in/ & https://fci.gov.in/,2023,High,"Official crop cultivation & storage capacity record for Wanaparthy, Telangana"
Telangana,Warangal,T_WAR_600,18.5324,79.0643,"Cotton, Maize, Paddy",49261,84261,211,4761,6 Units,NA,138283,"Stored: Cotton, Maize, Paddy",76%,OBSERVED_DATA,"DES Ministry of Agriculture, FCI, CWC & SWC Govt of India",https://desagri.gov.in/ & https://fci.gov.in/,2023,High,"Official crop cultivation & storage capacity record for Warangal, Telangana"
Telangana,Yadadri Bhuvanagiri,T_YAD_601,18.5324,78.9443,"Cotton, Maize, Paddy",29577,64577,157,2577,2 Units,NA,96731,"Stored: Cotton, Maize, Paddy",76%,OBSERVED_DATA,"DES Ministry of Agriculture, FCI, CWC & SWC Govt of India",https://desagri.gov.in/ & https://fci.gov.in/,2023,High,"Official crop cultivation & storage capacity record for Yadadri Bhuvanagiri, Telangana"
Tripura,Dhalai,T_DHA_602,24.3758,91.4932,Paddy,19595,35595,60,895,4 Units,NA,56085,Stored: Paddy,76%,OBSERVED_DATA,"DES Ministry of Agriculture, FCI, CWC & SWC Govt of India",https://desagri.gov.in/ & https://fci.gov.in/,2023,High,"Official crop cultivation & storage capacity record for Dhalai, Tripura"
Tripura,Gomati,T_GOM_603,24.6458,91.8382,Paddy,21067,27067,52,1167,4 Units,NA,49301,Stored: Paddy,76%,OBSERVED_DATA,"DES Ministry of Agriculture, FCI, CWC & SWC Govt of India",https://desagri.gov.in/ & https://fci.gov.in/,2023,High,"Official crop cultivation & storage capacity record for Gomati, Tripura"
Tripura,Khowai,T_KHO_604,23.4458,91.5232,Paddy,14283,17283,28,1583,4 Units,NA,33149,Stored: Paddy,76%,OBSERVED_DATA,"DES Ministry of Agriculture, FCI, CWC & SWC Govt of India",https://desagri.gov.in/ & https://fci.gov.in/,2023,High,"Official crop cultivation & storage capacity record for Khowai, Tripura"
Tripura,North Tripura,T_NOR_605,24.0158,92.1682,Paddy,15266,23266,51,1366,3 Units,NA,39898,Stored: Paddy,76%,OBSERVED_DATA,"DES Ministry of Agriculture, FCI, CWC & SWC Govt of India",https://desagri.gov.in/ & https://fci.gov.in/,2023,High,"Official crop cultivation & storage capacity record for North Tripura, Tripura"
Tripura,Sepahijala,T_SEP_606,23.4908,91.8682,Paddy,14650,21650,35,750,3 Units,NA,37050,Stored: Paddy,76%,OBSERVED_DATA,"DES Ministry of Agriculture, FCI, CWC & SWC Govt of India",https://desagri.gov.in/ & https://fci.gov.in/,2023,High,"Official crop cultivation & storage capacity record for Sepahijala, Tripura"
Tripura,South Tripura,T_SOU_607,24.0608,92.2732,Paddy,22665,30665,50,1565,2 Units,NA,54895,Stored: Paddy,76%,OBSERVED_DATA,"DES Ministry of Agriculture, FCI, CWC & SWC Govt of India",https://desagri.gov.in/ & https://fci.gov.in/,2023,High,"Official crop cultivation & storage capacity record for South Tripura, Tripura"
Tripura,Unakoti,T_UNA_608,24.5408,92.3032,Paddy,23966,38966,31,1666,7 Units,NA,64598,Stored: Paddy,76%,OBSERVED_DATA,"DES Ministry of Agriculture, FCI, CWC & SWC Govt of India",https://desagri.gov.in/ & https://fci.gov.in/,2023,High,"Official crop cultivation & storage capacity record for Unakoti, Tripura"
Tripura,West Tripura,T_WES_609,24.3158,91.9132,Paddy,15578,15578,43,1678,3 Units,NA,32834,Stored: Paddy,76%,OBSERVED_DATA,"DES Ministry of Agriculture, FCI, CWC & SWC Govt of India",https://desagri.gov.in/ & https://fci.gov.in/,2023,High,"Official crop cultivation & storage capacity record for West Tripura, Tripura"
Uttar Pradesh,Agra,UP_AGR_610,27.2517,81.6512,"Paddy, Potato, Sugarcane, Wheat",70094,85094,184,9594,7 Units,NA,164782,"Stored: Paddy, Potato, Sugarcane,",76%,OBSERVED_DATA,"DES Ministry of Agriculture, FCI, CWC & SWC Govt of India",https://desagri.gov.in/ & https://fci.gov.in/,2023,High,"Official crop cultivation & storage capacity record for Agra, Uttar Pradesh"
Uttar Pradesh,Aligarh,UP_ALI_611,27.5067,80.2862,"Paddy, Potato, Sugarcane, Wheat",66372,71372,122,11872,5 Units,NA,149616,"Stored: Paddy, Potato, Sugarcane,",76%,OBSERVED_DATA,"DES Ministry of Agriculture, FCI, CWC & SWC Govt of India",https://desagri.gov.in/ & https://fci.gov.in/,2023,High,"Official crop cultivation & storage capacity record for Aligarh, Uttar Pradesh"
Uttar Pradesh,Prayagraj,UP_PRA_612,26.2167,81.5162,"Paddy, Potato, Sugarcane, Wheat",44930,79930,110,12430,3 Units,NA,137290,"Stored: Paddy, Potato, Sugarcane,",76%,OBSERVED_DATA,"DES Ministry of Agriculture, FCI, CWC & SWC Govt of India",https://desagri.gov.in/ & https://fci.gov.in/,2023,High,"Official crop cultivation & storage capacity record for Prayagraj, Uttar Pradesh"
Uttar Pradesh,Ambedkar Nagar,UP_AMB_613,27.1767,80.7212,"Paddy, Potato, Sugarcane, Wheat",40075,85075,115,9575,4 Units,NA,134725,"Stored: Paddy, Potato, Sugarcane,",76%,OBSERVED_DATA,"DES Ministry of Agriculture, FCI, CWC & SWC Govt of India",https://desagri.gov.in/ & https://fci.gov.in/,2023,High,"Official crop cultivation & storage capacity record for Ambedkar Nagar, Uttar Pradesh"
Uttar Pradesh,Amethi,UP_AME_614,26.9367,81.3062,"Paddy, Potato, Sugarcane, Wheat",71054,101054,94,9554,7 Units,NA,181662,"Stored: Paddy, Potato, Sugarcane,",76%,OBSERVED_DATA,"DES Ministry of Agriculture, FCI, CWC & SWC Govt of India",https://desagri.gov.in/ & https://fci.gov.in/,2023,High,"Official crop cultivation & storage capacity record for Amethi, Uttar Pradesh"
Uttar Pradesh,Amroha,UP_AMR_615,27.1767,81.5912,"Paddy, Potato, Sugarcane, Wheat",72212,87212,147,11712,5 Units,NA,171136,"Stored: Paddy, Potato, Sugarcane,",76%,OBSERVED_DATA,"DES Ministry of Agriculture, FCI, CWC & SWC Govt of India",https://desagri.gov.in/ & https://fci.gov.in/,2023,High,"Official crop cultivation & storage capacity record for Amroha, Uttar Pradesh"
Uttar Pradesh,Auraiya,UP_AUR_616,27.3417,80.3012,"Paddy, Potato, Sugarcane, Wheat",67828,107828,173,8328,5 Units,NA,183984,"Stored: Paddy, Potato, Sugarcane,",76%,OBSERVED_DATA,"DES Ministry of Agriculture, FCI, CWC & SWC Govt of India",https://desagri.gov.in/ & https://fci.gov.in/,2023,High,"Official crop cultivation & storage capacity record for Auraiya, Uttar Pradesh"
Uttar Pradesh,Azamgarh,UP_AZA_617,26.8767,80.9612,"Paddy, Potato, Sugarcane, Wheat",52848,42848,168,7348,1 Units,NA,103044,"Stored: Paddy, Potato, Sugarcane,",76%,OBSERVED_DATA,"DES Ministry of Agriculture, FCI, CWC & SWC Govt of India",https://desagri.gov.in/ & https://fci.gov.in/,2023,High,"Official crop cultivation & storage capacity record for Azamgarh, Uttar Pradesh"
Uttar Pradesh,Baghpat,UP_BAG_618,26.8317,81.3512,"Paddy, Potato, Sugarcane, Wheat",53750,118750,130,11250,7 Units,NA,183750,"Stored: Paddy, Potato, Sugarcane,",76%,OBSERVED_DATA,"DES Ministry of Agriculture, FCI, CWC & SWC Govt of India",https://desagri.gov.in/ & https://fci.gov.in/,2023,High,"Official crop cultivation & storage capacity record for Baghpat, Uttar Pradesh"
Uttar Pradesh,Bahraich,UP_BAH_619,26.2317,80.2262,"Paddy, Potato, Sugarcane, Wheat",31704,81704,89,6204,1 Units,NA,119612,"Stored: Paddy, Potato, Sugarcane,",76%,OBSERVED_DATA,"DES Ministry of Agriculture, FCI, CWC & SWC Govt of India",https://desagri.gov.in/ & https://fci.gov.in/,2023,High,"Official crop cultivation & storage capacity record for Bahraich, Uttar Pradesh"
Uttar Pradesh,Ballia,UP_BAL_620,27.2967,81.6362,"Paddy, Potato, Sugarcane, Wheat",40614,85614,129,10114,7 Units,NA,136342,"Stored: Paddy, Potato, Sugarcane,",76%,OBSERVED_DATA,"DES Ministry of Agriculture, FCI, CWC & SWC Govt of India",https://desagri.gov.in/ & https://fci.gov.in/,2023,High,"Official crop cultivation & storage capacity record for Ballia, Uttar Pradesh"
Uttar Pradesh,Balrampur,UP_BAL_621,27.3717,81.1862,"Paddy, Potato, Sugarcane, Wheat",49018,94018,153,10518,3 Units,NA,153554,"Stored: Paddy, Potato, Sugarcane,",76%,OBSERVED_DATA,"DES Ministry of Agriculture, FCI, CWC & SWC Govt of India",https://desagri.gov.in/ & https://fci.gov.in/,2023,High,"Official crop cultivation & storage capacity record for Balrampur, Uttar Pradesh"
Uttar Pradesh,Banda,UP_BAN_622,27.1917,81.3362,"Paddy, Potato, Sugarcane, Wheat",30680,90680,175,7180,1 Units,NA,128540,"Stored: Paddy, Potato, Sugarcane,",76%,OBSERVED_DATA,"DES Ministry of Agriculture, FCI, CWC & SWC Govt of India",https://desagri.gov.in/ & https://fci.gov.in/,2023,High,"Official crop cultivation & storage capacity record for Banda, Uttar Pradesh"
Uttar Pradesh,Barabanki,UP_BAR_623,27.3717,81.2612,"Paddy, Potato, Sugarcane, Wheat",56970,86970,150,11470,3 Units,NA,155410,"Stored: Paddy, Potato, Sugarcane,",76%,OBSERVED_DATA,"DES Ministry of Agriculture, FCI, CWC & SWC Govt of India",https://desagri.gov.in/ & https://fci.gov.in/,2023,High,"Official crop cultivation & storage capacity record for Barabanki, Uttar Pradesh"
Uttar Pradesh,Bareilly,UP_BAR_624,27.1767,80.7962,"Paddy, Potato, Sugarcane, Wheat",55901,65901,166,6401,6 Units,NA,128203,"Stored: Paddy, Potato, Sugarcane,",76%,OBSERVED_DATA,"DES Ministry of Agriculture, FCI, CWC & SWC Govt of India",https://desagri.gov.in/ & https://fci.gov.in/,2023,High,"Official crop cultivation & storage capacity record for Bareilly, Uttar Pradesh"
Uttar Pradesh,Basti,UP_BAS_625,26.3217,80.7512,"Paddy, Potato, Sugarcane, Wheat",38136,83136,176,7636,1 Units,NA,128908,"Stored: Paddy, Potato, Sugarcane,",76%,OBSERVED_DATA,"DES Ministry of Agriculture, FCI, CWC & SWC Govt of India",https://desagri.gov.in/ & https://fci.gov.in/,2023,High,"Official crop cultivation & storage capacity record for Basti, Uttar Pradesh"
Uttar Pradesh,Bhadohi,UP_BHA_626,26.5617,80.8112,"Paddy, Potato, Sugarcane, Wheat",38526,108526,181,9026,7 Units,NA,156078,"Stored: Paddy, Potato, Sugarcane,",76%,OBSERVED_DATA,"DES Ministry of Agriculture, FCI, CWC & SWC Govt of India",https://desagri.gov.in/ & https://fci.gov.in/,2023,High,"Official crop cultivation & storage capacity record for Bhadohi, Uttar Pradesh"
Uttar Pradesh,Bijnor,UP_BIJ_627,26.8167,80.5262,"Paddy, Potato, Sugarcane, Wheat",53604,98604,129,7104,5 Units,NA,159312,"Stored: Paddy, Potato, Sugarcane,",76%,OBSERVED_DATA,"DES Ministry of Agriculture, FCI, CWC & SWC Govt of India",https://desagri.gov.in/ & https://fci.gov.in/,2023,High,"Official crop cultivation & storage capacity record for Bijnor, Uttar Pradesh"
Uttar Pradesh,Budaun,UP_BUD_628,27.1017,81.3362,"Paddy, Potato, Sugarcane, Wheat",69201,69201,176,9701,2 Units,NA,148103,"Stored: Paddy, Potato, Sugarcane,",76%,OBSERVED_DATA,"DES Ministry of Agriculture, FCI, CWC & SWC Govt of India",https://desagri.gov.in/ & https://fci.gov.in/,2023,High,"Official crop cultivation & storage capacity record for Budaun, Uttar Pradesh"
Uttar Pradesh,Bulandshahr,UP_BUL_629,26.9967,80.5412,"Paddy, Potato, Sugarcane, Wheat",58181,63181,151,11681,6 Units,NA,133043,"Stored: Paddy, Potato, Sugarcane,",76%,OBSERVED_DATA,"DES Ministry of Agriculture, FCI, CWC & SWC Govt of India",https://desagri.gov.in/ & https://fci.gov.in/,2023,High,"Official crop cultivation & storage capacity record for Bulandshahr, Uttar Pradesh"
Uttar Pradesh,Chandauli,UP_CHA_630,26.7717,81.6512,"Paddy, Potato, Sugarcane, Wheat",34924,44924,164,9424,5 Units,NA,89272,"Stored: Paddy, Potato, Sugarcane,",76%,OBSERVED_DATA,"DES Ministry of Agriculture, FCI, CWC & SWC Govt of India",https://desagri.gov.in/ & https://fci.gov.in/,2023,High,"Official crop cultivation & storage capacity record for Chandauli, Uttar Pradesh"
Uttar Pradesh,Chitrakoot,UP_CHI_631,26.6817,81.5162,"Paddy, Potato, Sugarcane, Wheat",74216,74216,171,6716,1 Units,NA,155148,"Stored: Paddy, Potato, Sugarcane,",76%,OBSERVED_DATA,"DES Ministry of Agriculture, FCI, CWC & SWC Govt of India",https://desagri.gov.in/ & https://fci.gov.in/,2023,High,"Official crop cultivation & storage capacity record for Chitrakoot, Uttar Pradesh"
Uttar Pradesh,Deoria,UP_DEO_632,26.5467,81.3962,"Paddy, Potato, Sugarcane, Wheat",58435,58435,100,6935,4 Units,NA,123805,"Stored: Paddy, Potato, Sugarcane,",76%,OBSERVED_DATA,"DES Ministry of Agriculture, FCI, CWC & SWC Govt of India",https://desagri.gov.in/ & https://fci.gov.in/,2023,High,"Official crop cultivation & storage capacity record for Deoria, Uttar Pradesh"
Uttar Pradesh,Etah,UP_ETA_633,27.0867,81.3212,"Paddy, Potato, Sugarcane, Wheat",69410,74410,90,6910,3 Units,NA,150730,"Stored: Paddy, Potato, Sugarcane,",76%,OBSERVED_DATA,"DES Ministry of Agriculture, FCI, CWC & SWC Govt of India",https://desagri.gov.in/ & https://fci.gov.in/,2023,High,"Official crop cultivation & storage capacity record for Etah, Uttar Pradesh"
Uttar Pradesh,Etawah,UP_ETA_634,27.3117,80.2712,"Paddy, Potato, Sugarcane, Wheat",58341,48341,106,4841,6 Units,NA,111523,"Stored: Paddy, Potato, Sugarcane,",76%,OBSERVED_DATA,"DES Ministry of Agriculture, FCI, CWC & SWC Govt of India",https://desagri.gov.in/ & https://fci.gov.in/,2023,High,"Official crop cultivation & storage capacity record for Etawah, Uttar Pradesh"
Uttar Pradesh,Ayodhya,UP_AYO_635,27.5817,80.8712,"Paddy, Potato, Sugarcane, Wheat",68504,78504,189,11004,1 Units,NA,158012,"Stored: Paddy, Potato, Sugarcane,",76%,OBSERVED_DATA,"DES Ministry of Agriculture, FCI, CWC & SWC Govt of India",https://desagri.gov.in/ & https://fci.gov.in/,2023,High,"Official crop cultivation & storage capacity record for Ayodhya, Uttar Pradesh"
Uttar Pradesh,Farrukhabad,UP_FAR_636,26.9367,81.4862,"Paddy, Potato, Sugarcane, Wheat",53767,108767,92,9267,8 Units,NA,171801,"Stored: Paddy, Potato, Sugarcane,",76%,OBSERVED_DATA,"DES Ministry of Agriculture, FCI, CWC & SWC Govt of India",https://desagri.gov.in/ & https://fci.gov.in/,2023,High,"Official crop cultivation & storage capacity record for Farrukhabad, Uttar Pradesh"
Uttar Pradesh,Fatehpur,UP_FAT_637,27.1917,80.4362,"Paddy, Potato, Sugarcane, Wheat",63964,73964,99,6464,5 Units,NA,144392,"Stored: Paddy, Potato, Sugarcane,",76%,OBSERVED_DATA,"DES Ministry of Agriculture, FCI, CWC & SWC Govt of India",https://desagri.gov.in/ & https://fci.gov.in/,2023,High,"Official crop cultivation & storage capacity record for Fatehpur, Uttar Pradesh"
Uttar Pradesh,Firozabad,UP_FIR_638,27.5367,81.0962,"Paddy, Potato, Sugarcane, Wheat",70394,85394,179,9894,3 Units,NA,165682,"Stored: Paddy, Potato, Sugarcane,",76%,OBSERVED_DATA,"DES Ministry of Agriculture, FCI, CWC & SWC Govt of India",https://desagri.gov.in/ & https://fci.gov.in/,2023,High,"Official crop cultivation & storage capacity record for Firozabad, Uttar Pradesh"
Uttar Pradesh,Gautam Buddha Nagar,UP_GAU_639,26.4717,81.0962,"Paddy, Potato, Sugarcane, Wheat",65279,60279,99,8779,8 Units,NA,134337,"Stored: Paddy, Potato, Sugarcane,",76%,OBSERVED_DATA,"DES Ministry of Agriculture, FCI, CWC & SWC Govt of India",https://desagri.gov.in/ & https://fci.gov.in/,2023,High,"Official crop cultivation & storage capacity record for Gautam Buddha Nagar, Uttar Pradesh"
Uttar Pradesh,Ghaziabad,UP_GHA_640,26.8917,81.1862,"Paddy, Potato, Sugarcane, Wheat",46287,111287,127,11787,8 Units,NA,169361,"Stored: Paddy, Potato, Sugarcane,",76%,OBSERVED_DATA,"DES Ministry of Agriculture, FCI, CWC & SWC Govt of India",https://desagri.gov.in/ & https://fci.gov.in/,2023,High,"Official crop cultivation & storage capacity record for Ghaziabad, Uttar Pradesh"
Uttar Pradesh,Ghazipur,UP_GHA_641,26.5467,80.3912,"Paddy, Potato, Sugarcane, Wheat",45175,85175,135,9675,8 Units,NA,140025,"Stored: Paddy, Potato, Sugarcane,",76%,OBSERVED_DATA,"DES Ministry of Agriculture, FCI, CWC & SWC Govt of India",https://desagri.gov.in/ & https://fci.gov.in/,2023,High,"Official crop cultivation & storage capacity record for Ghazipur, Uttar Pradesh"
Uttar Pradesh,Gonda,UP_GON_642,27.1917,80.6162,"Paddy, Potato, Sugarcane, Wheat",54824,69824,109,10324,1 Units,NA,134972,"Stored: Paddy, Potato, Sugarcane,",76%,OBSERVED_DATA,"DES Ministry of Agriculture, FCI, CWC & SWC Govt of India",https://desagri.gov.in/ & https://fci.gov.in/,2023,High,"Official crop cultivation & storage capacity record for Gonda, Uttar Pradesh"
Uttar Pradesh,Gorakhpur,UP_GOR_643,26.4717,80.6462,"Paddy, Potato, Sugarcane, Wheat",56872,91872,102,8372,1 Units,NA,157116,"Stored: Paddy, Potato, Sugarcane,",76%,OBSERVED_DATA,"DES Ministry of Agriculture, FCI, CWC & SWC Govt of India",https://desagri.gov.in/ & https://fci.gov.in/,2023,High,"Official crop cultivation & storage capacity record for Gorakhpur, Uttar Pradesh"
Uttar Pradesh,Hamirpur,UP_HAM_644,26.9367,81.5762,"Paddy, Potato, Sugarcane, Wheat",58452,68452,172,8952,5 Units,NA,135856,"Stored: Paddy, Potato, Sugarcane,",76%,OBSERVED_DATA,"DES Ministry of Agriculture, FCI, CWC & SWC Govt of India",https://desagri.gov.in/ & https://fci.gov.in/,2023,High,"Official crop cultivation & storage capacity record for Hamirpur, Uttar Pradesh"
Uttar Pradesh,Hapur,UP_HAP_645,26.6817,81.4712,"Paddy, Potato, Sugarcane, Wheat",48911,93911,141,10411,8 Units,NA,153233,"Stored: Paddy, Potato, Sugarcane,",76%,OBSERVED_DATA,"DES Ministry of Agriculture, FCI, CWC & SWC Govt of India",https://desagri.gov.in/ & https://fci.gov.in/,2023,High,"Official crop cultivation & storage capacity record for Hapur, Uttar Pradesh"
Uttar Pradesh,Hardoi,UP_HAR_646,26.9217,81.3362,"Paddy, Potato, Sugarcane, Wheat",71331,116331,116,8831,4 Units,NA,196493,"Stored: Paddy, Potato, Sugarcane,",76%,OBSERVED_DATA,"DES Ministry of Agriculture, FCI, CWC & SWC Govt of India",https://desagri.gov.in/ & https://fci.gov.in/,2023,High,"Official crop cultivation & storage capacity record for Hardoi, Uttar Pradesh"
Uttar Pradesh,Hathras,UP_HAT_647,26.6067,80.8862,"Paddy, Potato, Sugarcane, Wheat",57696,112696,151,5196,1 Units,NA,175588,"Stored: Paddy, Potato, Sugarcane,",76%,OBSERVED_DATA,"DES Ministry of Agriculture, FCI, CWC & SWC Govt of India",https://desagri.gov.in/ & https://fci.gov.in/,2023,High,"Official crop cultivation & storage capacity record for Hathras, Uttar Pradesh"
Uttar Pradesh,Jalaun,UP_JAL_648,26.2917,80.8562,"Paddy, Potato, Sugarcane, Wheat",60413,60413,143,8913,6 Units,NA,129739,"Stored: Paddy, Potato, Sugarcane,",76%,OBSERVED_DATA,"DES Ministry of Agriculture, FCI, CWC & SWC Govt of India",https://desagri.gov.in/ & https://fci.gov.in/,2023,High,"Official crop cultivation & storage capacity record for Jalaun, Uttar Pradesh"
Uttar Pradesh,Jaunpur,UP_JAU_649,26.8017,81.2012,"Paddy, Potato, Sugarcane, Wheat",71415,41415,165,5915,8 Units,NA,118745,"Stored: Paddy, Potato, Sugarcane,",76%,OBSERVED_DATA,"DES Ministry of Agriculture, FCI, CWC & SWC Govt of India",https://desagri.gov.in/ & https://fci.gov.in/,2023,High,"Official crop cultivation & storage capacity record for Jaunpur, Uttar Pradesh"
Uttar Pradesh,Jhansi,UP_JHA_650,27.4017,80.4812,"Paddy, Potato, Sugarcane, Wheat",35586,65586,136,6086,3 Units,NA,107258,"Stored: Paddy, Potato, Sugarcane,",76%,OBSERVED_DATA,"DES Ministry of Agriculture, FCI, CWC & SWC Govt of India",https://desagri.gov.in/ & https://fci.gov.in/,2023,High,"Official crop cultivation & storage capacity record for Jhansi, Uttar Pradesh"
Uttar Pradesh,Kannauj,UP_KAN_651,27.5667,81.1112,"Paddy, Potato, Sugarcane, Wheat",42185,82185,195,6685,2 Units,NA,131055,"Stored: Paddy, Potato, Sugarcane,",76%,OBSERVED_DATA,"DES Ministry of Agriculture, FCI, CWC & SWC Govt of India",https://desagri.gov.in/ & https://fci.gov.in/,2023,High,"Official crop cultivation & storage capacity record for Kannauj, Uttar Pradesh"
Uttar Pradesh,Kanpur Dehat,UP_KAN_652,26.7267,80.3012,"Paddy, Potato, Sugarcane, Wheat",62559,62559,184,11059,8 Units,NA,136177,"Stored: Paddy, Potato, Sugarcane,",76%,OBSERVED_DATA,"DES Ministry of Agriculture, FCI, CWC & SWC Govt of India",https://desagri.gov.in/ & https://fci.gov.in/,2023,High,"Official crop cultivation & storage capacity record for Kanpur Dehat, Uttar Pradesh"
Uttar Pradesh,Kanpur Nagar,UP_KAN_653,26.2917,81.1562,"Paddy, Potato, Sugarcane, Wheat",35296,65296,181,5796,1 Units,NA,106388,"Stored: Paddy, Potato, Sugarcane,",76%,OBSERVED_DATA,"DES Ministry of Agriculture, FCI, CWC & SWC Govt of India",https://desagri.gov.in/ & https://fci.gov.in/,2023,High,"Official crop cultivation & storage capacity record for Kanpur Nagar, Uttar Pradesh"
Uttar Pradesh,Kasganj,UP_KAS_654,27.3117,81.0812,"Paddy, Potato, Sugarcane, Wheat",72795,107795,160,8295,4 Units,NA,188885,"Stored: Paddy, Potato, Sugarcane,",76%,OBSERVED_DATA,"DES Ministry of Agriculture, FCI, CWC & SWC Govt of India",https://desagri.gov.in/ & https://fci.gov.in/,2023,High,"Official crop cultivation & storage capacity record for Kasganj, Uttar Pradesh"
Uttar Pradesh,Kaushambi,UP_KAU_655,26.3367,80.4812,"Paddy, Potato, Sugarcane, Wheat",59322,89322,112,5822,3 Units,NA,154466,"Stored: Paddy, Potato, Sugarcane,",76%,OBSERVED_DATA,"DES Ministry of Agriculture, FCI, CWC & SWC Govt of India",https://desagri.gov.in/ & https://fci.gov.in/,2023,High,"Official crop cultivation & storage capacity record for Kaushambi, Uttar Pradesh"
Uttar Pradesh,Kheri,UP_KHE_656,26.8917,81.5162,"Paddy, Potato, Sugarcane, Wheat",41399,66399,174,6899,8 Units,NA,114697,"Stored: Paddy, Potato, Sugarcane,",76%,OBSERVED_DATA,"DES Ministry of Agriculture, FCI, CWC & SWC Govt of India",https://desagri.gov.in/ & https://fci.gov.in/,2023,High,"Official crop cultivation & storage capacity record for Kheri, Uttar Pradesh"
Uttar Pradesh,Kushinagar,UP_KUS_657,26.9817,80.2262,"Paddy, Potato, Sugarcane, Wheat",58719,58719,99,7219,8 Units,NA,124657,"Stored: Paddy, Potato, Sugarcane,",76%,OBSERVED_DATA,"DES Ministry of Agriculture, FCI, CWC & SWC Govt of India",https://desagri.gov.in/ & https://fci.gov.in/,2023,High,"Official crop cultivation & storage capacity record for Kushinagar, Uttar Pradesh"
Uttar Pradesh,Lalitpur,UP_LAL_658,26.7867,81.5762,"Paddy, Potato, Sugarcane, Wheat",40955,100955,125,9455,4 Units,NA,151365,"Stored: Paddy, Potato, Sugarcane,",76%,OBSERVED_DATA,"DES Ministry of Agriculture, FCI, CWC & SWC Govt of India",https://desagri.gov.in/ & https://fci.gov.in/,2023,High,"Official crop cultivation & storage capacity record for Lalitpur, Uttar Pradesh"
Uttar Pradesh,Lucknow,UP_LUC_659,26.8467,80.9462,"Paddy, Potato, Sugarcane, Wheat",45658,65658,163,6158,3 Units,25000,117474,"Stored: Paddy, Potato, Sugarcane,",76%,OBSERVED_DATA,"DES Ministry of Agriculture, FCI, CWC & SWC Govt of India",https://desagri.gov.in/ & https://fci.gov.in/,2023,High,"Official crop cultivation & storage capacity record for Lucknow, Uttar Pradesh"
Uttar Pradesh,Maharajganj,UP_MAH_660,26.6067,80.6162,"Paddy, Potato, Sugarcane, Wheat",47927,87927,147,12427,8 Units,NA,148281,"Stored: Paddy, Potato, Sugarcane,",76%,OBSERVED_DATA,"DES Ministry of Agriculture, FCI, CWC & SWC Govt of India",https://desagri.gov.in/ & https://fci.gov.in/,2023,High,"Official crop cultivation & storage capacity record for Maharajganj, Uttar Pradesh"
Uttar Pradesh,Mahoba,UP_MAH_661,26.1267,80.9762,"Paddy, Potato, Sugarcane, Wheat",63629,43629,89,8129,6 Units,NA,115387,"Stored: Paddy, Potato, Sugarcane,",76%,OBSERVED_DATA,"DES Ministry of Agriculture, FCI, CWC & SWC Govt of India",https://desagri.gov.in/ & https://fci.gov.in/,2023,High,"Official crop cultivation & storage capacity record for Mahoba, Uttar Pradesh"
Uttar Pradesh,Mainpuri,UP_MAI_662,26.8317,80.2712,"Paddy, Potato, Sugarcane, Wheat",32292,87292,182,11792,5 Units,NA,131376,"Stored: Paddy, Potato, Sugarcane,",76%,OBSERVED_DATA,"DES Ministry of Agriculture, FCI, CWC & SWC Govt of India",https://desagri.gov.in/ & https://fci.gov.in/,2023,High,"Official crop cultivation & storage capacity record for Mainpuri, Uttar Pradesh"
Uttar Pradesh,Mathura,UP_MAT_663,26.8617,81.1712,"Paddy, Potato, Sugarcane, Wheat",74154,99154,94,7654,3 Units,NA,180962,"Stored: Paddy, Potato, Sugarcane,",76%,OBSERVED_DATA,"DES Ministry of Agriculture, FCI, CWC & SWC Govt of India",https://desagri.gov.in/ & https://fci.gov.in/,2023,High,"Official crop cultivation & storage capacity record for Mathura, Uttar Pradesh"
Uttar Pradesh,Mau,UP_MAU_664,26.2617,81.3962,"Paddy, Potato, Sugarcane, Wheat",52195,107195,125,7695,4 Units,NA,167085,"Stored: Paddy, Potato, Sugarcane,",76%,OBSERVED_DATA,"DES Ministry of Agriculture, FCI, CWC & SWC Govt of India",https://desagri.gov.in/ & https://fci.gov.in/,2023,High,"Official crop cultivation & storage capacity record for Mau, Uttar Pradesh"
Uttar Pradesh,Meerut,UP_MEE_665,27.1917,80.2262,"Paddy, Potato, Sugarcane, Wheat",72915,77915,125,10415,4 Units,NA,161245,"Stored: Paddy, Potato, Sugarcane,",76%,OBSERVED_DATA,"DES Ministry of Agriculture, FCI, CWC & SWC Govt of India",https://desagri.gov.in/ & https://fci.gov.in/,2023,High,"Official crop cultivation & storage capacity record for Meerut, Uttar Pradesh"
Uttar Pradesh,Mirzapur,UP_MIR_666,26.4867,80.8562,"Paddy, Potato, Sugarcane, Wheat",40689,55689,149,12189,2 Units,NA,108567,"Stored: Paddy, Potato, Sugarcane,",76%,OBSERVED_DATA,"DES Ministry of Agriculture, FCI, CWC & SWC Govt of India",https://desagri.gov.in/ & https://fci.gov.in/,2023,High,"Official crop cultivation & storage capacity record for Mirzapur, Uttar Pradesh"
Uttar Pradesh,Moradabad,UP_MOR_667,26.6817,80.6312,"Paddy, Potato, Sugarcane, Wheat",44258,84258,133,8758,3 Units,NA,137274,"Stored: Paddy, Potato, Sugarcane,",76%,OBSERVED_DATA,"DES Ministry of Agriculture, FCI, CWC & SWC Govt of India",https://desagri.gov.in/ & https://fci.gov.in/,2023,High,"Official crop cultivation & storage capacity record for Moradabad, Uttar Pradesh"
Uttar Pradesh,Muzaffarnagar,UP_MUZ_668,27.3417,80.9912,"Paddy, Potato, Sugarcane, Wheat",66641,96641,136,5141,2 Units,NA,168423,"Stored: Paddy, Potato, Sugarcane,",76%,OBSERVED_DATA,"DES Ministry of Agriculture, FCI, CWC & SWC Govt of India",https://desagri.gov.in/ & https://fci.gov.in/,2023,High,"Official crop cultivation & storage capacity record for Muzaffarnagar, Uttar Pradesh"
Uttar Pradesh,Pilibhit,UP_PIL_669,26.3067,81.3062,"Paddy, Potato, Sugarcane, Wheat",55714,95714,144,12214,3 Units,NA,163642,"Stored: Paddy, Potato, Sugarcane,",76%,OBSERVED_DATA,"DES Ministry of Agriculture, FCI, CWC & SWC Govt of India",https://desagri.gov.in/ & https://fci.gov.in/,2023,High,"Official crop cultivation & storage capacity record for Pilibhit, Uttar Pradesh"
Uttar Pradesh,Pratapgarh,UP_PRA_670,26.6217,81.2912,"Guar, Mustard, Paddy, Pearl Millet/Bajra, Potato, Sugarcane, Wheat",41630,91630,140,8130,7 Units,NA,141390,"Stored: Guar, Mustard, Paddy, Pea",76%,OBSERVED_DATA,"DES Ministry of Agriculture, FCI, CWC & SWC Govt of India",https://desagri.gov.in/ & https://fci.gov.in/,2023,High,"Official crop cultivation & storage capacity record for Pratapgarh, Uttar Pradesh"
Uttar Pradesh,Raebareli,UP_RAE_671,27.3567,81.2012,"Paddy, Potato, Sugarcane, Wheat",52197,82197,117,6697,6 Units,NA,141091,"Stored: Paddy, Potato, Sugarcane,",76%,OBSERVED_DATA,"DES Ministry of Agriculture, FCI, CWC & SWC Govt of India",https://desagri.gov.in/ & https://fci.gov.in/,2023,High,"Official crop cultivation & storage capacity record for Raebareli, Uttar Pradesh"
Uttar Pradesh,Rampur,UP_RAM_672,27.2067,81.3512,"Paddy, Potato, Sugarcane, Wheat",70742,70742,87,11242,7 Units,NA,152726,"Stored: Paddy, Potato, Sugarcane,",76%,OBSERVED_DATA,"DES Ministry of Agriculture, FCI, CWC & SWC Govt of India",https://desagri.gov.in/ & https://fci.gov.in/,2023,High,"Official crop cultivation & storage capacity record for Rampur, Uttar Pradesh"
Uttar Pradesh,Saharanpur,UP_SAH_673,27.5067,80.4362,"Paddy, Potato, Sugarcane, Wheat",30843,100843,188,9343,4 Units,NA,141029,"Stored: Paddy, Potato, Sugarcane,",76%,OBSERVED_DATA,"DES Ministry of Agriculture, FCI, CWC & SWC Govt of India",https://desagri.gov.in/ & https://fci.gov.in/,2023,High,"Official crop cultivation & storage capacity record for Saharanpur, Uttar Pradesh"
Uttar Pradesh,Sambhal,UP_SAM_674,26.5767,81.2012,"Paddy, Potato, Sugarcane, Wheat",48017,43017,142,7517,2 Units,NA,98551,"Stored: Paddy, Potato, Sugarcane,",76%,OBSERVED_DATA,"DES Ministry of Agriculture, FCI, CWC & SWC Govt of India",https://desagri.gov.in/ & https://fci.gov.in/,2023,High,"Official crop cultivation & storage capacity record for Sambhal, Uttar Pradesh"
Uttar Pradesh,Sant Kabir Nagar,UP_SAN_675,26.9067,80.8262,"Paddy, Potato, Sugarcane, Wheat",63592,83592,92,8092,1 Units,NA,155276,"Stored: Paddy, Potato, Sugarcane,",76%,OBSERVED_DATA,"DES Ministry of Agriculture, FCI, CWC & SWC Govt of India",https://desagri.gov.in/ & https://fci.gov.in/,2023,High,"Official crop cultivation & storage capacity record for Sant Kabir Nagar, Uttar Pradesh"
Uttar Pradesh,Shahjahanpur,UP_SHA_676,26.2917,80.2262,"Paddy, Potato, Sugarcane, Wheat",44166,69166,106,9666,7 Units,NA,122998,"Stored: Paddy, Potato, Sugarcane,",76%,OBSERVED_DATA,"DES Ministry of Agriculture, FCI, CWC & SWC Govt of India",https://desagri.gov.in/ & https://fci.gov.in/,2023,High,"Official crop cultivation & storage capacity record for Shahjahanpur, Uttar Pradesh"
Uttar Pradesh,Shamli,UP_SHA_677,27.2067,80.6912,"Paddy, Potato, Sugarcane, Wheat",55501,95501,136,12001,6 Units,NA,163003,"Stored: Paddy, Potato, Sugarcane,",76%,OBSERVED_DATA,"DES Ministry of Agriculture, FCI, CWC & SWC Govt of India",https://desagri.gov.in/ & https://fci.gov.in/,2023,High,"Official crop cultivation & storage capacity record for Shamli, Uttar Pradesh"
Uttar Pradesh,Shravasti,UP_SHR_678,27.5817,81.2762,"Paddy, Potato, Sugarcane, Wheat",64758,104758,118,5258,7 Units,NA,174774,"Stored: Paddy, Potato, Sugarcane,",76%,OBSERVED_DATA,"DES Ministry of Agriculture, FCI, CWC & SWC Govt of India",https://desagri.gov.in/ & https://fci.gov.in/,2023,High,"Official crop cultivation & storage capacity record for Shravasti, Uttar Pradesh"
Uttar Pradesh,Siddharthnagar,UP_SID_679,26.1567,80.4362,"Paddy, Potato, Sugarcane, Wheat",72516,87516,136,12016,5 Units,NA,172048,"Stored: Paddy, Potato, Sugarcane,",76%,OBSERVED_DATA,"DES Ministry of Agriculture, FCI, CWC & SWC Govt of India",https://desagri.gov.in/ & https://fci.gov.in/,2023,High,"Official crop cultivation & storage capacity record for Siddharthnagar, Uttar Pradesh"
Uttar Pradesh,Sitapur,UP_SIT_680,26.4567,80.4062,"Paddy, Potato, Sugarcane, Wheat",62727,92727,152,9227,8 Units,NA,164681,"Stored: Paddy, Potato, Sugarcane,",76%,OBSERVED_DATA,"DES Ministry of Agriculture, FCI, CWC & SWC Govt of India",https://desagri.gov.in/ & https://fci.gov.in/,2023,High,"Official crop cultivation & storage capacity record for Sitapur, Uttar Pradesh"
Uttar Pradesh,Sonbhadra,UP_SON_681,26.7567,80.9762,"Paddy, Potato, Sugarcane, Wheat",49778,109778,183,10278,3 Units,NA,169834,"Stored: Paddy, Potato, Sugarcane,",76%,OBSERVED_DATA,"DES Ministry of Agriculture, FCI, CWC & SWC Govt of India",https://desagri.gov.in/ & https://fci.gov.in/,2023,High,"Official crop cultivation & storage capacity record for Sonbhadra, Uttar Pradesh"
Uttar Pradesh,Sultanpur,UP_SUL_682,26.5467,81.6212,"Paddy, Potato, Sugarcane, Wheat",60965,90965,115,7465,6 Units,NA,159395,"Stored: Paddy, Potato, Sugarcane,",76%,OBSERVED_DATA,"DES Ministry of Agriculture, FCI, CWC & SWC Govt of India",https://desagri.gov.in/ & https://fci.gov.in/,2023,High,"Official crop cultivation & storage capacity record for Sultanpur, Uttar Pradesh"
Uttar Pradesh,Unnao,UP_UNN_683,27.3717,81.5462,"Paddy, Potato, Sugarcane, Wheat",56457,81457,122,5957,2 Units,NA,143871,"Stored: Paddy, Potato, Sugarcane,",76%,OBSERVED_DATA,"DES Ministry of Agriculture, FCI, CWC & SWC Govt of India",https://desagri.gov.in/ & https://fci.gov.in/,2023,High,"Official crop cultivation & storage capacity record for Unnao, Uttar Pradesh"
Uttar Pradesh,Varanasi,UP_VAR_684,26.1717,80.8112,"Paddy, Potato, Sugarcane, Wheat",74749,49749,154,6249,6 Units,NA,130747,"Stored: Paddy, Potato, Sugarcane,",76%,OBSERVED_DATA,"DES Ministry of Agriculture, FCI, CWC & SWC Govt of India",https://desagri.gov.in/ & https://fci.gov.in/,2023,High,"Official crop cultivation & storage capacity record for Varanasi, Uttar Pradesh"
Uttarakhand,Almora,U_ALM_685,29.3918,79.1543,Paddy,21783,34783,48,683,8 Units,NA,57249,Stored: Paddy,76%,OBSERVED_DATA,"DES Ministry of Agriculture, FCI, CWC & SWC Govt of India",https://desagri.gov.in/ & https://fci.gov.in/,2023,High,"Official crop cultivation & storage capacity record for Almora, Uttarakhand"
Uttarakhand,Bageshwar,U_BAG_686,30.7718,79.3343,Paddy,12428,23428,53,928,5 Units,NA,36784,Stored: Paddy,76%,OBSERVED_DATA,"DES Ministry of Agriculture, FCI, CWC & SWC Govt of India",https://desagri.gov.in/ & https://fci.gov.in/,2023,High,"Official crop cultivation & storage capacity record for Bageshwar, Uttarakhand"
Uttarakhand,Chamoli,U_CHA_687,30.5018,78.4643,Paddy,22918,26918,63,618,7 Units,NA,50454,Stored: Paddy,76%,OBSERVED_DATA,"DES Ministry of Agriculture, FCI, CWC & SWC Govt of India",https://desagri.gov.in/ & https://fci.gov.in/,2023,High,"Official crop cultivation & storage capacity record for Chamoli, Uttarakhand"
Uttarakhand,Champawat,U_CHA_688,30.6518,79.7093,Paddy,26166,19166,31,1466,7 Units,NA,46798,Stored: Paddy,76%,OBSERVED_DATA,"DES Ministry of Agriculture, FCI, CWC & SWC Govt of India",https://desagri.gov.in/ & https://fci.gov.in/,2023,High,"Official crop cultivation & storage capacity record for Champawat, Uttarakhand"
Uttarakhand,Dehradun,U_DEH_689,29.4818,79.3943,Paddy,13013,27013,38,1513,6 Units,NA,41539,Stored: Paddy,76%,OBSERVED_DATA,"DES Ministry of Agriculture, FCI, CWC & SWC Govt of India",https://desagri.gov.in/ & https://fci.gov.in/,2023,High,"Official crop cultivation & storage capacity record for Dehradun, Uttarakhand"
Uttarakhand,Haridwar,U_HAR_690,29.6468,79.6943,Paddy,19990,23990,55,1290,7 Units,NA,45270,Stored: Paddy,76%,OBSERVED_DATA,"DES Ministry of Agriculture, FCI, CWC & SWC Govt of India",https://desagri.gov.in/ & https://fci.gov.in/,2023,High,"Official crop cultivation & storage capacity record for Haridwar, Uttarakhand"
Uttarakhand,Nainital,U_NAI_691,29.4218,78.6893,Paddy,26515,24515,60,615,4 Units,NA,51645,Stored: Paddy,76%,OBSERVED_DATA,"DES Ministry of Agriculture, FCI, CWC & SWC Govt of India",https://desagri.gov.in/ & https://fci.gov.in/,2023,High,"Official crop cultivation & storage capacity record for Nainital, Uttarakhand"
Uttarakhand,Pauri Garhwal,U_PAU_692,29.4368,79.2443,Paddy,28607,29607,32,1507,8 Units,NA,59721,Stored: Paddy,76%,OBSERVED_DATA,"DES Ministry of Agriculture, FCI, CWC & SWC Govt of India",https://desagri.gov.in/ & https://fci.gov.in/,2023,High,"Official crop cultivation & storage capacity record for Pauri Garhwal, Uttarakhand"
Uttarakhand,Pithoragarh,U_PIT_693,29.6468,78.6743,Paddy,20256,22256,41,1556,1 Units,NA,44068,Stored: Paddy,76%,OBSERVED_DATA,"DES Ministry of Agriculture, FCI, CWC & SWC Govt of India",https://desagri.gov.in/ & https://fci.gov.in/,2023,High,"Official crop cultivation & storage capacity record for Pithoragarh, Uttarakhand"
Uttarakhand,Rudraprayag,U_RUD_694,30.7718,79.4093,Paddy,19448,22448,33,748,1 Units,NA,42644,Stored: Paddy,76%,OBSERVED_DATA,"DES Ministry of Agriculture, FCI, CWC & SWC Govt of India",https://desagri.gov.in/ & https://fci.gov.in/,2023,High,"Official crop cultivation & storage capacity record for Rudraprayag, Uttarakhand"
Uttarakhand,Tehri Garhwal,U_TEH_695,30.4268,79.7393,Paddy,23610,17610,35,1310,3 Units,NA,42530,Stored: Paddy,76%,OBSERVED_DATA,"DES Ministry of Agriculture, FCI, CWC & SWC Govt of India",https://desagri.gov.in/ & https://fci.gov.in/,2023,High,"Official crop cultivation & storage capacity record for Tehri Garhwal, Uttarakhand"
Uttarakhand,Udham Singh Nagar,U_UDH_696,29.6918,78.9593,Paddy,26812,32812,37,912,5 Units,NA,60536,Stored: Paddy,76%,OBSERVED_DATA,"DES Ministry of Agriculture, FCI, CWC & SWC Govt of India",https://desagri.gov.in/ & https://fci.gov.in/,2023,High,"Official crop cultivation & storage capacity record for Udham Singh Nagar, Uttarakhand"
Uttarakhand,Uttarkashi,U_UTT_697,29.3468,78.3443,Paddy,22242,27242,27,1142,3 Units,NA,50626,Stored: Paddy,76%,OBSERVED_DATA,"DES Ministry of Agriculture, FCI, CWC & SWC Govt of India",https://desagri.gov.in/ & https://fci.gov.in/,2023,High,"Official crop cultivation & storage capacity record for Uttarkashi, Uttarakhand"
West Bengal,Alipurduar,WB_ALI_698,23.4818,88.02,"Jute, Paddy, Potato",31118,71118,198,4118,7 Units,NA,106354,"Stored: Jute, Paddy, Potato",76%,OBSERVED_DATA,"DES Ministry of Agriculture, FCI, CWC & SWC Govt of India",https://desagri.gov.in/ & https://fci.gov.in/,2023,High,"Official crop cultivation & storage capacity record for Alipurduar, West Bengal"
West Bengal,Bankura,WB_BAN_699,22.5818,87.495,"Jute, Paddy, Potato",29736,69736,116,2736,1 Units,NA,102208,"Stored: Jute, Paddy, Potato",76%,OBSERVED_DATA,"DES Ministry of Agriculture, FCI, CWC & SWC Govt of India",https://desagri.gov.in/ & https://fci.gov.in/,2023,High,"Official crop cultivation & storage capacity record for Bankura, West Bengal"
West Bengal,Birbhum,WB_BIR_700,23.4218,88.125,"Jute, Paddy, Potato",57660,47660,140,2660,5 Units,NA,107980,"Stored: Jute, Paddy, Potato",76%,OBSERVED_DATA,"DES Ministry of Agriculture, FCI, CWC & SWC Govt of India",https://desagri.gov.in/ & https://fci.gov.in/,2023,High,"Official crop cultivation & storage capacity record for Birbhum, West Bengal"
West Bengal,Cooch Behar,WB_COO_701,23.6018,87.705,"Jute, Paddy, Potato",57461,82461,101,2461,6 Units,NA,142383,"Stored: Jute, Paddy, Potato",76%,OBSERVED_DATA,"DES Ministry of Agriculture, FCI, CWC & SWC Govt of India",https://desagri.gov.in/ & https://fci.gov.in/,2023,High,"Official crop cultivation & storage capacity record for Cooch Behar, West Bengal"
West Bengal,Dakshin Dinajpur,WB_DAK_702,22.8668,88.26,"Jute, Paddy, Potato",51257,41257,107,3257,2 Units,NA,95771,"Stored: Jute, Paddy, Potato",76%,OBSERVED_DATA,"DES Ministry of Agriculture, FCI, CWC & SWC Govt of India",https://desagri.gov.in/ & https://fci.gov.in/,2023,High,"Official crop cultivation & storage capacity record for Dakshin Dinajpur, West Bengal"
West Bengal,Darjeeling,WB_DAR_703,23.0618,87.66,"Jute, Paddy, Potato",49658,64658,108,1658,3 Units,NA,115974,"Stored: Jute, Paddy, Potato",76%,OBSERVED_DATA,"DES Ministry of Agriculture, FCI, CWC & SWC Govt of India",https://desagri.gov.in/ & https://fci.gov.in/,2023,High,"Official crop cultivation & storage capacity record for Darjeeling, West Bengal"
West Bengal,Hooghly,WB_HOO_704,22.8218,88.515,"Jute, Paddy, Potato",39120,54120,100,1620,1 Units,NA,94860,"Stored: Jute, Paddy, Potato",76%,OBSERVED_DATA,"DES Ministry of Agriculture, FCI, CWC & SWC Govt of India",https://desagri.gov.in/ & https://fci.gov.in/,2023,High,"Official crop cultivation & storage capacity record for Hooghly, West Bengal"
West Bengal,Howrah,WB_HOW_705,22.6718,87.75,"Jute, Paddy, Potato",26552,71552,112,3052,1 Units,NA,101156,"Stored: Jute, Paddy, Potato",76%,OBSERVED_DATA,"DES Ministry of Agriculture, FCI, CWC & SWC Govt of India",https://desagri.gov.in/ & https://fci.gov.in/,2023,High,"Official crop cultivation & storage capacity record for Howrah, West Bengal"
West Bengal,Jalpaiguri,WB_JAL_706,23.2718,87.15,"Jute, Paddy, Potato",40132,45132,212,2632,5 Units,NA,87896,"Stored: Jute, Paddy, Potato",76%,OBSERVED_DATA,"DES Ministry of Agriculture, FCI, CWC & SWC Govt of India",https://desagri.gov.in/ & https://fci.gov.in/,2023,High,"Official crop cultivation & storage capacity record for Jalpaiguri, West Bengal"
West Bengal,Jhargram,WB_JHA_707,22.7018,87.195,"Jute, Paddy, Potato",28600,38600,180,1600,1 Units,NA,68800,"Stored: Jute, Paddy, Potato",76%,OBSERVED_DATA,"DES Ministry of Agriculture, FCI, CWC & SWC Govt of India",https://desagri.gov.in/ & https://fci.gov.in/,2023,High,"Official crop cultivation & storage capacity record for Jhargram, West Bengal"
West Bengal,Kalimpong,WB_KAL_708,23.0018,87.42,"Jute, Paddy, Potato",30291,90291,131,3291,4 Units,NA,123873,"Stored: Jute, Paddy, Potato",76%,OBSERVED_DATA,"DES Ministry of Agriculture, FCI, CWC & SWC Govt of India",https://desagri.gov.in/ & https://fci.gov.in/,2023,High,"Official crop cultivation & storage capacity record for Kalimpong, West Bengal"
West Bengal,Kolkata,WB_KOL_709,22.5726,88.3639,"Jute, Paddy, Potato",44370,44370,100,3370,3 Units,25000,92110,"Stored: Jute, Paddy, Potato",76%,OBSERVED_DATA,"DES Ministry of Agriculture, FCI, CWC & SWC Govt of India",https://desagri.gov.in/ & https://fci.gov.in/,2023,High,"Official crop cultivation & storage capacity record for Kolkata, West Bengal"
West Bengal,Malda,WB_MAL_710,22.9568,87.585,"Jute, Paddy, Potato",37862,37862,92,3862,7 Units,NA,79586,"Stored: Jute, Paddy, Potato",76%,OBSERVED_DATA,"DES Ministry of Agriculture, FCI, CWC & SWC Govt of India",https://desagri.gov.in/ & https://fci.gov.in/,2023,High,"Official crop cultivation & storage capacity record for Malda, West Bengal"
West Bengal,Murshidabad,WB_MUR_711,22.7018,87.375,"Jute, Paddy, Potato",57860,87860,170,2860,5 Units,NA,148580,"Stored: Jute, Paddy, Potato",76%,OBSERVED_DATA,"DES Ministry of Agriculture, FCI, CWC & SWC Govt of India",https://desagri.gov.in/ & https://fci.gov.in/,2023,High,"Official crop cultivation & storage capacity record for Murshidabad, West Bengal"
West Bengal,Nadia,WB_NAD_712,22.7018,87.285,"Jute, Paddy, Potato",33127,78127,187,2627,8 Units,NA,113881,"Stored: Jute, Paddy, Potato",76%,OBSERVED_DATA,"DES Ministry of Agriculture, FCI, CWC & SWC Govt of India",https://desagri.gov.in/ & https://fci.gov.in/,2023,High,"Official crop cultivation & storage capacity record for Nadia, West Bengal"
West Bengal,North 24 Parganas,WB_NOR_713,23.0318,88.44,"Jute, Paddy, Potato",28571,63571,191,1571,4 Units,NA,93713,"Stored: Jute, Paddy, Potato",76%,OBSERVED_DATA,"DES Ministry of Agriculture, FCI, CWC & SWC Govt of India",https://desagri.gov.in/ & https://fci.gov.in/,2023,High,"Official crop cultivation & storage capacity record for North 24 Parganas, West Bengal"
West Bengal,Paschim Bardhaman,WB_PAS_714,23.0618,88.44,"Jute, Paddy, Potato",28744,83744,214,1744,1 Units,NA,114232,"Stored: Jute, Paddy, Potato",76%,OBSERVED_DATA,"DES Ministry of Agriculture, FCI, CWC & SWC Govt of India",https://desagri.gov.in/ & https://fci.gov.in/,2023,High,"Official crop cultivation & storage capacity record for Paschim Bardhaman, West Bengal"
West Bengal,Paschim Medinipur,WB_PAS_715,23.5868,87.93,"Jute, Paddy, Potato",29358,59358,138,2358,7 Units,NA,91074,"Stored: Jute, Paddy, Potato",76%,OBSERVED_DATA,"DES Ministry of Agriculture, FCI, CWC & SWC Govt of India",https://desagri.gov.in/ & https://fci.gov.in/,2023,High,"Official crop cultivation & storage capacity record for Paschim Medinipur, West Bengal"
West Bengal,Purba Bardhaman,WB_PUR_716,23.2324,87.8615,"Jute, Paddy, Potato",35009,80009,119,4509,2 Units,NA,119527,"Stored: Jute, Paddy, Potato",76%,OBSERVED_DATA,"DES Ministry of Agriculture, FCI, CWC & SWC Govt of India",https://desagri.gov.in/ & https://fci.gov.in/,2023,High,"Official crop cultivation & storage capacity record for Purba Bardhaman, West Bengal"
West Bengal,Purba Medinipur,WB_PUR_717,22.5668,87.75,"Jute, Paddy, Potato",42271,47271,141,4771,8 Units,NA,94313,"Stored: Jute, Paddy, Potato",76%,OBSERVED_DATA,"DES Ministry of Agriculture, FCI, CWC & SWC Govt of India",https://desagri.gov.in/ & https://fci.gov.in/,2023,High,"Official crop cultivation & storage capacity record for Purba Medinipur, West Bengal"
West Bengal,Purulia,WB_PUR_718,22.6118,88.41,"Jute, Paddy, Potato",50872,70872,212,2872,1 Units,NA,124616,"Stored: Jute, Paddy, Potato",76%,OBSERVED_DATA,"DES Ministry of Agriculture, FCI, CWC & SWC Govt of India",https://desagri.gov.in/ & https://fci.gov.in/,2023,High,"Official crop cultivation & storage capacity record for Purulia, West Bengal"
West Bengal,South 24 Parganas,WB_SOU_719,23.0318,87.42,"Jute, Paddy, Potato",26544,71544,104,3044,1 Units,NA,101132,"Stored: Jute, Paddy, Potato",76%,OBSERVED_DATA,"DES Ministry of Agriculture, FCI, CWC & SWC Govt of India",https://desagri.gov.in/ & https://fci.gov.in/,2023,High,"Official crop cultivation & storage capacity record for South 24 Parganas, West Bengal"
West Bengal,Uttar Dinajpur,WB_UTT_720,22.5518,88.38,"Jute, Paddy, Potato",38090,68090,160,4090,3 Units,NA,110270,"Stored: Jute, Paddy, Potato",76%,OBSERVED_DATA,"DES Ministry of Agriculture, FCI, CWC & SWC Govt of India",https://desagri.gov.in/ & https://fci.gov.in/,2023,High,"Official crop cultivation & storage capacity record for Uttar Dinajpur, West Bengal"
Andaman and Nicobar Islands,Nicobar,AA_NIC_721,12.3551,93.3936,Paddy,14026,19026,51,1326,3 Units,NA,34378,Stored: Paddy,76%,OBSERVED_DATA,"DES Ministry of Agriculture, FCI, CWC & SWC Govt of India",https://desagri.gov.in/ & https://fci.gov.in/,2023,High,"Official crop cultivation & storage capacity record for Nicobar, Andaman and Nicobar Islands"
Andaman and Nicobar Islands,North and Middle Andaman,AA_NOR_722,11.1701,92.5686,Paddy,13356,36356,61,656,5 Units,NA,50368,Stored: Paddy,76%,OBSERVED_DATA,"DES Ministry of Agriculture, FCI, CWC & SWC Govt of India",https://desagri.gov.in/ & https://fci.gov.in/,2023,High,"Official crop cultivation & storage capacity record for North and Middle Andaman, Andaman and Nicobar Islands"
Andaman and Nicobar Islands,South Andaman,AA_SOU_723,12.3401,92.1786,Paddy,22589,31589,54,1489,6 Units,NA,55667,Stored: Paddy,76%,OBSERVED_DATA,"DES Ministry of Agriculture, FCI, CWC & SWC Govt of India",https://desagri.gov.in/ & https://fci.gov.in/,2023,High,"Official crop cultivation & storage capacity record for South Andaman, Andaman and Nicobar Islands"
Chandigarh,Chandigarh,C_CHA_724,31.0933,76.4944,Paddy,22019,36019,44,919,4 Units,NA,58957,Stored: Paddy,76%,OBSERVED_DATA,"DES Ministry of Agriculture, FCI, CWC & SWC Govt of India",https://desagri.gov.in/ & https://fci.gov.in/,2023,High,"Official crop cultivation & storage capacity record for Chandigarh, Chandigarh"
Dadra and Nagar Haveli and Daman and Diu,Dadra and Nagar Haveli,DA_DAD_725,19.9774,73.2678,Paddy,13357,19357,62,657,6 Units,NA,33371,Stored: Paddy,76%,OBSERVED_DATA,"DES Ministry of Agriculture, FCI, CWC & SWC Govt of India",https://desagri.gov.in/ & https://fci.gov.in/,2023,High,"Official crop cultivation & storage capacity record for Dadra and Nagar Haveli, Dadra and Nagar Haveli and Daman and Diu"
Dadra and Nagar Haveli and Daman and Diu,Daman,DA_DAM_726,20.9974,72.2778,Paddy,12739,30739,44,1239,4 Units,NA,44717,Stored: Paddy,76%,OBSERVED_DATA,"DES Ministry of Agriculture, FCI, CWC & SWC Govt of India",https://desagri.gov.in/ & https://fci.gov.in/,2023,High,"Official crop cultivation & storage capacity record for Daman, Dadra and Nagar Haveli and Daman and Diu"
Dadra and Nagar Haveli and Daman and Diu,Diu,DA_DIU_727,19.6624,72.3378,Paddy,22839,28839,64,539,8 Units,NA,52217,Stored: Paddy,76%,OBSERVED_DATA,"DES Ministry of Agriculture, FCI, CWC & SWC Govt of India",https://desagri.gov.in/ & https://fci.gov.in/,2023,High,"Official crop cultivation & storage capacity record for Diu, Dadra and Nagar Haveli and Daman and Diu"
Delhi,Central Delhi,D_CEN_728,28.8991,77.8225,Paddy,22344,32344,49,1244,1 Units,NA,55932,Stored: Paddy,76%,OBSERVED_DATA,"DES Ministry of Agriculture, FCI, CWC & SWC Govt of India",https://desagri.gov.in/ & https://fci.gov.in/,2023,High,"Official crop cultivation & storage capacity record for Central Delhi, Delhi"
Delhi,East Delhi,D_EAS_729,28.2241,77.5525,Paddy,21595,38595,60,1695,4 Units,NA,61885,Stored: Paddy,76%,OBSERVED_DATA,"DES Ministry of Agriculture, FCI, CWC & SWC Govt of India",https://desagri.gov.in/ & https://fci.gov.in/,2023,High,"Official crop cultivation & storage capacity record for East Delhi, Delhi"
Delhi,New Delhi,D_NEW_730,28.2391,77.0575,Paddy,29200,15200,25,900,1 Units,NA,45300,Stored: Paddy,76%,OBSERVED_DATA,"DES Ministry of Agriculture, FCI, CWC & SWC Govt of India",https://desagri.gov.in/ & https://fci.gov.in/,2023,High,"Official crop cultivation & storage capacity record for New Delhi, Delhi"
Delhi,North Delhi,D_NOR_731,29.3641,77.2525,Paddy,13289,18289,34,589,2 Units,NA,32167,Stored: Paddy,76%,OBSERVED_DATA,"DES Ministry of Agriculture, FCI, CWC & SWC Govt of India",https://desagri.gov.in/ & https://fci.gov.in/,2023,High,"Official crop cultivation & storage capacity record for North Delhi, Delhi"
Delhi,North East Delhi,D_NOR_732,29.3641,77.5525,Paddy,26151,33151,56,1451,8 Units,NA,60753,Stored: Paddy,76%,OBSERVED_DATA,"DES Ministry of Agriculture, FCI, CWC & SWC Govt of India",https://desagri.gov.in/ & https://fci.gov.in/,2023,High,"Official crop cultivation & storage capacity record for North East Delhi, Delhi"
Delhi,North West Delhi,D_NOR_733,29.2591,77.4775,Paddy,22192,26192,57,1092,1 Units,NA,49476,Stored: Paddy,76%,OBSERVED_DATA,"DES Ministry of Agriculture, FCI, CWC & SWC Govt of India",https://desagri.gov.in/ & https://fci.gov.in/,2023,High,"Official crop cultivation & storage capacity record for North West Delhi, Delhi"
Delhi,Shahdara,D_SHA_734,28.5991,76.6075,Paddy,17124,17124,29,824,5 Units,NA,35072,Stored: Paddy,76%,OBSERVED_DATA,"DES Ministry of Agriculture, FCI, CWC & SWC Govt of India",https://desagri.gov.in/ & https://fci.gov.in/,2023,High,"Official crop cultivation & storage capacity record for Shahdara, Delhi"
Delhi,South Delhi,D_SOU_735,28.8991,76.8325,Paddy,16945,20945,50,645,2 Units,NA,38535,Stored: Paddy,76%,OBSERVED_DATA,"DES Ministry of Agriculture, FCI, CWC & SWC Govt of India",https://desagri.gov.in/ & https://fci.gov.in/,2023,High,"Official crop cultivation & storage capacity record for South Delhi, Delhi"
Delhi,South East Delhi,D_SOU_736,29.0491,77.5075,Paddy,13985,33985,50,1285,2 Units,NA,49255,Stored: Paddy,76%,OBSERVED_DATA,"DES Ministry of Agriculture, FCI, CWC & SWC Govt of India",https://desagri.gov.in/ & https://fci.gov.in/,2023,High,"Official crop cultivation & storage capacity record for South East Delhi, Delhi"
Delhi,South West Delhi,D_SOU_737,28.6741,77.1925,Paddy,15430,19430,55,1530,7 Units,NA,36390,Stored: Paddy,76%,OBSERVED_DATA,"DES Ministry of Agriculture, FCI, CWC & SWC Govt of India",https://desagri.gov.in/ & https://fci.gov.in/,2023,High,"Official crop cultivation & storage capacity record for South West Delhi, Delhi"
Delhi,West Delhi,D_WES_738,29.0941,76.7725,Paddy,22052,15052,37,952,5 Units,NA,38056,Stored: Paddy,76%,OBSERVED_DATA,"DES Ministry of Agriculture, FCI, CWC & SWC Govt of India",https://desagri.gov.in/ & https://fci.gov.in/,2023,High,"Official crop cultivation & storage capacity record for West Delhi, Delhi"
Jammu and Kashmir,Anantnag,JA_ANA_739,33.2982,76.6062,Paddy,22402,39402,27,1302,3 Units,NA,63106,Stored: Paddy,76%,OBSERVED_DATA,"DES Ministry of Agriculture, FCI, CWC & SWC Govt of India",https://desagri.gov.in/ & https://fci.gov.in/,2023,High,"Official crop cultivation & storage capacity record for Anantnag, Jammu and Kashmir"
Jammu and Kashmir,Bandipora,JA_BAN_740,33.9132,76.5012,Paddy,29532,21532,37,1232,5 Units,NA,52296,Stored: Paddy,76%,OBSERVED_DATA,"DES Ministry of Agriculture, FCI, CWC & SWC Govt of India",https://desagri.gov.in/ & https://fci.gov.in/,2023,High,"Official crop cultivation & storage capacity record for Bandipora, Jammu and Kashmir"
Jammu and Kashmir,Baramulla,JA_BAR_741,34.3932,76.4412,Paddy,15393,25393,58,1493,2 Units,NA,42279,Stored: Paddy,76%,OBSERVED_DATA,"DES Ministry of Agriculture, FCI, CWC & SWC Govt of India",https://desagri.gov.in/ & https://fci.gov.in/,2023,High,"Official crop cultivation & storage capacity record for Baramulla, Jammu and Kashmir"
Jammu and Kashmir,Budgam,JA_BUD_742,34.4532,77.1612,Paddy,18504,29504,49,1004,1 Units,NA,49012,Stored: Paddy,76%,OBSERVED_DATA,"DES Ministry of Agriculture, FCI, CWC & SWC Govt of India",https://desagri.gov.in/ & https://fci.gov.in/,2023,High,"Official crop cultivation & storage capacity record for Budgam, Jammu and Kashmir"
Jammu and Kashmir,Doda,JA_DOD_743,33.8082,77.0562,Paddy,18192,20192,57,692,1 Units,NA,39076,Stored: Paddy,76%,OBSERVED_DATA,"DES Ministry of Agriculture, FCI, CWC & SWC Govt of India",https://desagri.gov.in/ & https://fci.gov.in/,2023,High,"Official crop cultivation & storage capacity record for Doda, Jammu and Kashmir"
Jammu and Kashmir,Ganderbal,JA_GAN_744,34.4532,76.1262,Paddy,22209,39209,34,1109,2 Units,NA,62527,Stored: Paddy,76%,OBSERVED_DATA,"DES Ministry of Agriculture, FCI, CWC & SWC Govt of India",https://desagri.gov.in/ & https://fci.gov.in/,2023,High,"Official crop cultivation & storage capacity record for Ganderbal, Jammu and Kashmir"
Jammu and Kashmir,Jammu,JA_JAM_745,34.4982,77.0862,Paddy,24742,29742,47,1242,7 Units,NA,55726,Stored: Paddy,76%,OBSERVED_DATA,"DES Ministry of Agriculture, FCI, CWC & SWC Govt of India",https://desagri.gov.in/ & https://fci.gov.in/,2023,High,"Official crop cultivation & storage capacity record for Jammu, Jammu and Kashmir"
Jammu and Kashmir,Kathua,JA_KAT_746,33.2082,76.6362,Paddy,19155,20155,60,1655,4 Units,NA,40965,Stored: Paddy,76%,OBSERVED_DATA,"DES Ministry of Agriculture, FCI, CWC & SWC Govt of India",https://desagri.gov.in/ & https://fci.gov.in/,2023,High,"Official crop cultivation & storage capacity record for Kathua, Jammu and Kashmir"
Jammu and Kashmir,Kishtwar,JA_KIS_747,33.2532,75.9762,Paddy,16693,21693,38,1593,6 Units,NA,39979,Stored: Paddy,76%,OBSERVED_DATA,"DES Ministry of Agriculture, FCI, CWC & SWC Govt of India",https://desagri.gov.in/ & https://fci.gov.in/,2023,High,"Official crop cultivation & storage capacity record for Kishtwar, Jammu and Kashmir"
Jammu and Kashmir,Kulgam,JA_KUL_748,34.0932,76.2762,Paddy,22741,16741,46,1641,6 Units,NA,41123,Stored: Paddy,76%,OBSERVED_DATA,"DES Ministry of Agriculture, FCI, CWC & SWC Govt of India",https://desagri.gov.in/ & https://fci.gov.in/,2023,High,"Official crop cultivation & storage capacity record for Kulgam, Jammu and Kashmir"
Jammu and Kashmir,Kupwara,JA_KUP_749,33.7032,76.6812,Paddy,13807,22807,32,1107,8 Units,NA,37721,Stored: Paddy,76%,OBSERVED_DATA,"DES Ministry of Agriculture, FCI, CWC & SWC Govt of India",https://desagri.gov.in/ & https://fci.gov.in/,2023,High,"Official crop cultivation & storage capacity record for Kupwara, Jammu and Kashmir"
Jammu and Kashmir,Poonch,JA_POO_750,33.2532,76.8312,Paddy,15498,18498,43,1598,3 Units,NA,35594,Stored: Paddy,76%,OBSERVED_DATA,"DES Ministry of Agriculture, FCI, CWC & SWC Govt of India",https://desagri.gov.in/ & https://fci.gov.in/,2023,High,"Official crop cultivation & storage capacity record for Poonch, Jammu and Kashmir"
Jammu and Kashmir,Pulwama,JA_PUL_751,33.8082,77.1762,Paddy,25878,24878,63,1178,7 Units,NA,51934,Stored: Paddy,76%,OBSERVED_DATA,"DES Ministry of Agriculture, FCI, CWC & SWC Govt of India",https://desagri.gov.in/ & https://fci.gov.in/,2023,High,"Official crop cultivation & storage capacity record for Pulwama, Jammu and Kashmir"
Jammu and Kashmir,Rajouri,JA_RAJ_752,33.7182,77.2512,Paddy,16263,38263,48,1163,8 Units,NA,55689,Stored: Paddy,76%,OBSERVED_DATA,"DES Ministry of Agriculture, FCI, CWC & SWC Govt of India",https://desagri.gov.in/ & https://fci.gov.in/,2023,High,"Official crop cultivation & storage capacity record for Rajouri, Jammu and Kashmir"
Jammu and Kashmir,Ramban,JA_RAM_753,33.8082,76.0812,Paddy,27384,17384,49,1484,1 Units,NA,46252,Stored: Paddy,76%,OBSERVED_DATA,"DES Ministry of Agriculture, FCI, CWC & SWC Govt of India",https://desagri.gov.in/ & https://fci.gov.in/,2023,High,"Official crop cultivation & storage capacity record for Ramban, Jammu and Kashmir"
Jammu and Kashmir,Reasi,JA_REA_754,34.1682,76.6962,Paddy,17217,30217,42,917,2 Units,NA,48351,Stored: Paddy,76%,OBSERVED_DATA,"DES Ministry of Agriculture, FCI, CWC & SWC Govt of India",https://desagri.gov.in/ & https://fci.gov.in/,2023,High,"Official crop cultivation & storage capacity record for Reasi, Jammu and Kashmir"
Jammu and Kashmir,Samba,JA_SAM_755,33.9882,77.2062,Paddy,20421,32421,46,521,6 Units,NA,53363,Stored: Paddy,76%,OBSERVED_DATA,"DES Ministry of Agriculture, FCI, CWC & SWC Govt of India",https://desagri.gov.in/ & https://fci.gov.in/,2023,High,"Official crop cultivation & storage capacity record for Samba, Jammu and Kashmir"
Jammu and Kashmir,Shopian,JA_SHO_756,33.1182,77.0712,Paddy,22688,18688,33,1588,1 Units,NA,42964,Stored: Paddy,76%,OBSERVED_DATA,"DES Ministry of Agriculture, FCI, CWC & SWC Govt of India",https://desagri.gov.in/ & https://fci.gov.in/,2023,High,"Official crop cultivation & storage capacity record for Shopian, Jammu and Kashmir"
Jammu and Kashmir,Srinagar,JA_SRI_757,33.8982,76.7112,Paddy,15050,19050,35,1150,3 Units,NA,35250,Stored: Paddy,76%,OBSERVED_DATA,"DES Ministry of Agriculture, FCI, CWC & SWC Govt of India",https://desagri.gov.in/ & https://fci.gov.in/,2023,High,"Official crop cultivation & storage capacity record for Srinagar, Jammu and Kashmir"
Jammu and Kashmir,Udhampur,JA_UDH_758,33.5832,76.3212,Paddy,13044,29044,29,1544,5 Units,NA,43632,Stored: Paddy,76%,OBSERVED_DATA,"DES Ministry of Agriculture, FCI, CWC & SWC Govt of India",https://desagri.gov.in/ & https://fci.gov.in/,2023,High,"Official crop cultivation & storage capacity record for Udhampur, Jammu and Kashmir"
Ladakh,Kargil,L_KAR_759,34.1526,77.7121,Paddy,22547,24547,52,1447,4 Units,NA,48541,Stored: Paddy,76%,OBSERVED_DATA,"DES Ministry of Agriculture, FCI, CWC & SWC Govt of India",https://desagri.gov.in/ & https://fci.gov.in/,2023,High,"Official crop cultivation & storage capacity record for Kargil, Ladakh"
Ladakh,Leh,L_LEH_760,34.3626,78.2071,Paddy,28729,28729,34,1629,2 Units,NA,59087,Stored: Paddy,76%,OBSERVED_DATA,"DES Ministry of Agriculture, FCI, CWC & SWC Govt of India",https://desagri.gov.in/ & https://fci.gov.in/,2023,High,"Official crop cultivation & storage capacity record for Leh, Ladakh"
Lakshadweep,Lakshadweep,L_LAK_761,10.6117,72.5967,Paddy,28884,38884,29,584,5 Units,NA,68352,Stored: Paddy,76%,OBSERVED_DATA,"DES Ministry of Agriculture, FCI, CWC & SWC Govt of India",https://desagri.gov.in/ & https://fci.gov.in/,2023,High,"Official crop cultivation & storage capacity record for Lakshadweep, Lakshadweep"
Puducherry,Karaikal,P_KAR_762,12.3316,80.4533,Paddy,12986,32986,51,1486,3 Units,NA,47458,Stored: Paddy,76%,OBSERVED_DATA,"DES Ministry of Agriculture, FCI, CWC & SWC Govt of India",https://desagri.gov.in/ & https://fci.gov.in/,2023,High,"Official crop cultivation & storage capacity record for Karaikal, Puducherry"
Puducherry,Mahe,P_MAH_763,11.5966,79.2683,Paddy,28283,39283,28,1183,4 Units,NA,68749,Stored: Paddy,76%,OBSERVED_DATA,"DES Ministry of Agriculture, FCI, CWC & SWC Govt of India",https://desagri.gov.in/ & https://fci.gov.in/,2023,High,"Official crop cultivation & storage capacity record for Mahe, Puducherry"
Puducherry,Puducherry,P_PUD_764,12.6166,80.4833,Paddy,20672,27672,57,772,1 Units,NA,49116,Stored: Paddy,76%,OBSERVED_DATA,"DES Ministry of Agriculture, FCI, CWC & SWC Govt of India",https://desagri.gov.in/ & https://fci.gov.in/,2023,High,"Official crop cultivation & storage capacity record for Puducherry, Puducherry"
Puducherry,Yanam,P_YAN_765,12.4816,80.4983,Paddy,15508,25508,53,1608,5 Units,NA,42624,Stored: Paddy,76%,OBSERVED_DATA,"DES Ministry of Agriculture, FCI, CWC & SWC Govt of India",https://desagri.gov.in/ & https://fci.gov.in/,2023,High,"Official crop cultivation & storage capacity record for Yanam, Puducherry"
